ISO-10303-21;
HEADER;
/* Generated by software containing ST-Developer
 * from STEP Tools, Inc. (www.steptools.com) 
 */

FILE_DESCRIPTION(
/* description */ (''),
/* implementation_level */ '2;1');

FILE_NAME(
/* name */ 'extra-plate.step',
/* time_stamp */ '2026-04-08T16:32:44+03:00',
/* author */ (''),
/* organization */ (''),
/* preprocessor_version */ 'ST-DEVELOPER v20.1',
/* originating_system */ 'Autodesk Translation Framework v14.24.0.0',
/* authorisation */ '');

FILE_SCHEMA (('AUTOMOTIVE_DESIGN { 1 0 10303 214 3 1 1 }'));
ENDSEC;

DATA;
#10=MECHANICAL_DESIGN_GEOMETRIC_PRESENTATION_REPRESENTATION('',(#13),#21021);
#11=SHAPE_REPRESENTATION_RELATIONSHIP('SRR','None',#21027,#12);
#12=ADVANCED_BREP_SHAPE_REPRESENTATION('',(#14),#21020);
#13=STYLED_ITEM('',(#21037),#14);
#14=MANIFOLD_SOLID_BREP('PLATE',#12461);
#15=FACE_BOUND('',#1056,.T.);
#16=FACE_BOUND('',#1057,.T.);
#17=FACE_BOUND('',#1058,.T.);
#18=FACE_BOUND('',#1059,.T.);
#19=FACE_BOUND('',#1060,.T.);
#20=FACE_BOUND('',#1061,.T.);
#21=FACE_BOUND('',#1062,.T.);
#22=FACE_BOUND('',#1063,.T.);
#23=FACE_BOUND('',#1064,.T.);
#24=FACE_BOUND('',#1065,.T.);
#25=FACE_BOUND('',#1066,.T.);
#26=FACE_BOUND('',#1067,.T.);
#27=FACE_BOUND('',#1068,.T.);
#28=FACE_BOUND('',#1069,.T.);
#29=FACE_BOUND('',#1070,.T.);
#30=FACE_BOUND('',#1071,.T.);
#31=FACE_BOUND('',#1072,.T.);
#32=FACE_BOUND('',#1073,.T.);
#33=FACE_BOUND('',#1074,.T.);
#34=FACE_BOUND('',#1075,.T.);
#35=FACE_BOUND('',#1076,.T.);
#36=FACE_BOUND('',#1077,.T.);
#37=FACE_BOUND('',#1078,.T.);
#38=FACE_BOUND('',#1079,.T.);
#39=FACE_BOUND('',#1080,.T.);
#40=FACE_BOUND('',#1081,.T.);
#41=FACE_BOUND('',#1082,.T.);
#42=FACE_BOUND('',#1083,.T.);
#43=FACE_BOUND('',#1084,.T.);
#44=FACE_BOUND('',#1085,.T.);
#45=FACE_BOUND('',#1086,.T.);
#46=FACE_BOUND('',#1087,.T.);
#47=FACE_BOUND('',#1088,.T.);
#48=FACE_BOUND('',#1089,.T.);
#49=FACE_BOUND('',#1090,.T.);
#50=FACE_BOUND('',#1091,.T.);
#51=FACE_BOUND('',#1092,.T.);
#52=FACE_BOUND('',#1093,.T.);
#53=FACE_BOUND('',#1094,.T.);
#54=FACE_BOUND('',#1095,.T.);
#55=FACE_BOUND('',#1096,.T.);
#56=FACE_BOUND('',#1097,.T.);
#57=FACE_BOUND('',#1098,.T.);
#58=FACE_BOUND('',#1099,.T.);
#59=FACE_BOUND('',#1100,.T.);
#60=FACE_BOUND('',#1101,.T.);
#61=FACE_BOUND('',#1102,.T.);
#62=FACE_BOUND('',#1103,.T.);
#63=FACE_BOUND('',#1104,.T.);
#64=FACE_BOUND('',#1105,.T.);
#65=FACE_BOUND('',#1106,.T.);
#66=FACE_BOUND('',#1107,.T.);
#67=FACE_BOUND('',#1108,.T.);
#68=FACE_BOUND('',#1109,.T.);
#69=FACE_BOUND('',#1110,.T.);
#70=FACE_BOUND('',#1111,.T.);
#71=FACE_BOUND('',#1112,.T.);
#72=FACE_BOUND('',#1113,.T.);
#73=FACE_BOUND('',#1114,.T.);
#74=FACE_BOUND('',#1115,.T.);
#75=FACE_BOUND('',#1119,.T.);
#76=FACE_BOUND('',#1120,.T.);
#77=FACE_BOUND('',#1121,.T.);
#78=FACE_BOUND('',#1122,.T.);
#79=FACE_BOUND('',#1123,.T.);
#80=FACE_BOUND('',#1124,.T.);
#81=FACE_BOUND('',#1125,.T.);
#82=FACE_BOUND('',#1126,.T.);
#83=FACE_BOUND('',#1127,.T.);
#84=FACE_BOUND('',#1128,.T.);
#85=FACE_BOUND('',#1129,.T.);
#86=FACE_BOUND('',#1130,.T.);
#87=FACE_BOUND('',#1131,.T.);
#88=FACE_BOUND('',#1132,.T.);
#89=FACE_BOUND('',#1133,.T.);
#90=FACE_BOUND('',#1134,.T.);
#91=FACE_BOUND('',#1135,.T.);
#92=FACE_BOUND('',#1136,.T.);
#93=FACE_BOUND('',#1137,.T.);
#94=FACE_BOUND('',#1138,.T.);
#95=FACE_BOUND('',#1139,.T.);
#96=FACE_BOUND('',#1140,.T.);
#97=FACE_BOUND('',#1141,.T.);
#98=FACE_BOUND('',#1142,.T.);
#99=FACE_BOUND('',#1143,.T.);
#100=FACE_BOUND('',#1144,.T.);
#101=FACE_BOUND('',#1145,.T.);
#102=FACE_BOUND('',#1146,.T.);
#103=FACE_BOUND('',#1147,.T.);
#104=FACE_BOUND('',#1148,.T.);
#105=FACE_BOUND('',#1149,.T.);
#106=FACE_BOUND('',#1150,.T.);
#107=FACE_BOUND('',#1151,.T.);
#108=FACE_BOUND('',#1152,.T.);
#109=FACE_BOUND('',#1153,.T.);
#110=FACE_BOUND('',#1154,.T.);
#111=FACE_BOUND('',#1155,.T.);
#112=FACE_BOUND('',#1156,.T.);
#113=FACE_BOUND('',#1157,.T.);
#114=FACE_BOUND('',#1158,.T.);
#115=FACE_BOUND('',#1159,.T.);
#116=FACE_BOUND('',#1160,.T.);
#117=FACE_BOUND('',#1161,.T.);
#118=FACE_BOUND('',#1162,.T.);
#119=FACE_BOUND('',#1163,.T.);
#120=FACE_BOUND('',#1164,.T.);
#121=FACE_BOUND('',#1165,.T.);
#122=FACE_BOUND('',#1166,.T.);
#123=FACE_BOUND('',#1167,.T.);
#124=FACE_BOUND('',#1168,.T.);
#125=FACE_BOUND('',#1169,.T.);
#126=FACE_BOUND('',#1170,.T.);
#127=FACE_BOUND('',#1171,.T.);
#128=FACE_BOUND('',#1172,.T.);
#129=FACE_BOUND('',#1173,.T.);
#130=FACE_BOUND('',#1174,.T.);
#131=FACE_BOUND('',#1175,.T.);
#132=FACE_BOUND('',#1176,.T.);
#133=FACE_BOUND('',#1177,.T.);
#134=FACE_BOUND('',#1178,.T.);
#135=PLANE('',#12466);
#136=PLANE('',#12467);
#137=PLANE('',#12775);
#138=PLANE('',#12776);
#139=PLANE('',#13082);
#140=PLANE('',#13084);
#141=PLANE('',#13086);
#142=PLANE('',#13088);
#143=PLANE('',#13090);
#144=PLANE('',#13092);
#145=PLANE('',#13094);
#146=PLANE('',#13096);
#147=PLANE('',#13098);
#148=PLANE('',#13100);
#149=PLANE('',#13102);
#150=PLANE('',#13104);
#151=PLANE('',#13106);
#152=PLANE('',#13108);
#153=PLANE('',#13110);
#154=PLANE('',#13113);
#155=PLANE('',#13116);
#156=PLANE('',#13119);
#157=PLANE('',#13121);
#158=PLANE('',#13122);
#159=PLANE('',#13123);
#160=PLANE('',#13124);
#161=PLANE('',#13125);
#162=PLANE('',#13126);
#163=PLANE('',#13127);
#164=PLANE('',#13128);
#165=PLANE('',#13130);
#166=PLANE('',#13133);
#167=PLANE('',#13138);
#168=PLANE('',#13141);
#169=PLANE('',#13143);
#170=PLANE('',#13145);
#171=PLANE('',#13147);
#172=PLANE('',#13148);
#173=PLANE('',#13150);
#174=PLANE('',#13153);
#175=PLANE('',#13155);
#176=PLANE('',#13156);
#177=PLANE('',#13157);
#178=PLANE('',#13160);
#179=PLANE('',#13162);
#180=PLANE('',#13164);
#181=PLANE('',#13166);
#182=PLANE('',#13168);
#183=PLANE('',#13170);
#184=PLANE('',#13172);
#185=PLANE('',#13174);
#186=PLANE('',#13176);
#187=PLANE('',#13178);
#188=PLANE('',#13180);
#189=PLANE('',#13182);
#190=PLANE('',#13184);
#191=PLANE('',#13186);
#192=PLANE('',#13189);
#193=PLANE('',#13191);
#194=PLANE('',#13193);
#195=PLANE('',#13195);
#196=PLANE('',#13197);
#197=PLANE('',#13199);
#198=PLANE('',#13201);
#199=PLANE('',#13204);
#200=PLANE('',#13206);
#201=PLANE('',#13208);
#202=PLANE('',#13211);
#203=PLANE('',#13213);
#204=PLANE('',#13215);
#205=PLANE('',#13217);
#206=PLANE('',#13219);
#207=PLANE('',#13221);
#208=PLANE('',#13223);
#209=PLANE('',#13225);
#210=PLANE('',#13227);
#211=PLANE('',#13229);
#212=PLANE('',#13231);
#213=PLANE('',#13233);
#214=PLANE('',#13234);
#215=PLANE('',#13235);
#216=PLANE('',#13236);
#217=PLANE('',#13237);
#218=PLANE('',#13238);
#219=PLANE('',#13239);
#220=PLANE('',#13240);
#221=PLANE('',#13241);
#222=PLANE('',#13242);
#223=PLANE('',#13243);
#224=PLANE('',#13244);
#225=PLANE('',#13245);
#226=PLANE('',#13246);
#227=PLANE('',#13247);
#228=PLANE('',#13248);
#229=PLANE('',#13249);
#230=PLANE('',#13252);
#231=PLANE('',#13254);
#232=PLANE('',#13259);
#233=PLANE('',#13262);
#234=PLANE('',#13264);
#235=PLANE('',#13266);
#236=PLANE('',#13268);
#237=PLANE('',#13275);
#238=PLANE('',#13279);
#239=PLANE('',#13281);
#240=PLANE('',#13283);
#241=PLANE('',#13285);
#242=PLANE('',#13287);
#243=PLANE('',#13289);
#244=PLANE('',#13291);
#245=PLANE('',#13293);
#246=PLANE('',#13295);
#247=PLANE('',#13297);
#248=PLANE('',#13299);
#249=PLANE('',#13301);
#250=PLANE('',#13303);
#251=PLANE('',#13305);
#252=PLANE('',#13307);
#253=PLANE('',#13309);
#254=PLANE('',#13311);
#255=PLANE('',#13313);
#256=PLANE('',#13315);
#257=PLANE('',#13317);
#258=PLANE('',#13319);
#259=PLANE('',#13321);
#260=PLANE('',#13323);
#261=PLANE('',#13325);
#262=PLANE('',#13327);
#263=PLANE('',#13329);
#264=PLANE('',#13331);
#265=PLANE('',#13333);
#266=PLANE('',#13335);
#267=PLANE('',#13337);
#268=PLANE('',#13339);
#269=PLANE('',#13341);
#270=PLANE('',#13343);
#271=PLANE('',#13345);
#272=PLANE('',#13347);
#273=PLANE('',#13349);
#274=PLANE('',#13351);
#275=PLANE('',#13353);
#276=PLANE('',#13355);
#277=PLANE('',#13357);
#278=PLANE('',#13359);
#279=PLANE('',#13361);
#280=PLANE('',#13363);
#281=PLANE('',#13365);
#282=PLANE('',#13367);
#283=PLANE('',#13369);
#284=PLANE('',#13371);
#285=PLANE('',#13373);
#286=PLANE('',#13375);
#287=PLANE('',#13377);
#288=PLANE('',#13379);
#289=PLANE('',#13381);
#290=PLANE('',#13383);
#291=PLANE('',#13385);
#292=PLANE('',#13387);
#293=PLANE('',#13389);
#294=PLANE('',#13391);
#295=PLANE('',#13393);
#296=PLANE('',#13395);
#297=PLANE('',#13397);
#298=PLANE('',#13399);
#299=PLANE('',#13401);
#300=PLANE('',#13403);
#301=PLANE('',#13405);
#302=PLANE('',#13407);
#303=PLANE('',#13409);
#304=PLANE('',#13411);
#305=PLANE('',#13413);
#306=PLANE('',#13415);
#307=PLANE('',#13417);
#308=PLANE('',#13419);
#309=PLANE('',#13421);
#310=PLANE('',#13423);
#311=PLANE('',#13425);
#312=PLANE('',#13427);
#313=PLANE('',#13429);
#314=PLANE('',#13431);
#315=PLANE('',#13433);
#316=PLANE('',#13435);
#317=PLANE('',#13437);
#318=PLANE('',#13439);
#319=PLANE('',#13441);
#320=PLANE('',#13443);
#321=PLANE('',#13445);
#322=PLANE('',#13447);
#323=PLANE('',#13449);
#324=PLANE('',#13451);
#325=PLANE('',#13453);
#326=PLANE('',#13455);
#327=PLANE('',#13457);
#328=PLANE('',#13459);
#329=PLANE('',#13461);
#330=PLANE('',#13463);
#331=PLANE('',#13465);
#332=PLANE('',#13467);
#333=PLANE('',#13469);
#334=PLANE('',#13471);
#335=PLANE('',#13473);
#336=PLANE('',#13475);
#337=PLANE('',#13477);
#338=PLANE('',#13479);
#339=PLANE('',#13481);
#340=PLANE('',#13483);
#341=PLANE('',#13485);
#342=PLANE('',#13487);
#343=PLANE('',#13489);
#344=PLANE('',#13491);
#345=PLANE('',#13493);
#346=PLANE('',#13495);
#347=PLANE('',#13497);
#348=PLANE('',#13499);
#349=PLANE('',#13501);
#350=PLANE('',#13503);
#351=PLANE('',#13505);
#352=PLANE('',#13507);
#353=PLANE('',#13509);
#354=PLANE('',#13511);
#355=PLANE('',#13513);
#356=PLANE('',#13515);
#357=PLANE('',#13517);
#358=PLANE('',#13519);
#359=PLANE('',#13521);
#360=PLANE('',#13523);
#361=PLANE('',#13525);
#362=PLANE('',#13527);
#363=PLANE('',#13529);
#364=PLANE('',#13531);
#365=PLANE('',#13533);
#366=PLANE('',#13535);
#367=PLANE('',#13537);
#368=PLANE('',#13539);
#369=PLANE('',#13541);
#370=PLANE('',#13543);
#371=PLANE('',#13545);
#372=PLANE('',#13547);
#373=PLANE('',#13549);
#374=PLANE('',#13551);
#375=PLANE('',#13553);
#376=PLANE('',#13555);
#377=PLANE('',#13557);
#378=PLANE('',#13559);
#379=PLANE('',#13561);
#380=PLANE('',#13563);
#381=PLANE('',#13565);
#382=PLANE('',#13567);
#383=PLANE('',#13569);
#384=PLANE('',#13571);
#385=PLANE('',#13573);
#386=PLANE('',#13575);
#387=PLANE('',#13577);
#388=PLANE('',#13579);
#389=PLANE('',#13581);
#390=PLANE('',#13583);
#391=PLANE('',#13585);
#392=PLANE('',#13587);
#393=PLANE('',#13589);
#394=PLANE('',#13591);
#395=PLANE('',#13593);
#396=PLANE('',#13595);
#397=PLANE('',#13597);
#398=PLANE('',#13599);
#399=PLANE('',#13601);
#400=PLANE('',#13603);
#401=PLANE('',#13605);
#402=PLANE('',#13607);
#403=PLANE('',#13609);
#404=PLANE('',#13611);
#405=PLANE('',#13613);
#406=PLANE('',#13615);
#407=PLANE('',#13617);
#408=PLANE('',#13619);
#409=PLANE('',#13621);
#410=PLANE('',#13623);
#411=PLANE('',#13625);
#412=PLANE('',#13627);
#413=PLANE('',#13629);
#414=PLANE('',#13631);
#415=PLANE('',#13633);
#416=PLANE('',#13635);
#417=PLANE('',#13637);
#418=PLANE('',#13639);
#419=PLANE('',#13641);
#420=PLANE('',#13643);
#421=PLANE('',#13645);
#422=PLANE('',#13647);
#423=PLANE('',#13649);
#424=PLANE('',#13651);
#425=PLANE('',#13653);
#426=PLANE('',#13655);
#427=PLANE('',#13657);
#428=PLANE('',#13659);
#429=PLANE('',#13661);
#430=PLANE('',#13663);
#431=PLANE('',#13665);
#432=PLANE('',#13667);
#433=PLANE('',#13669);
#434=PLANE('',#13671);
#435=PLANE('',#13673);
#436=PLANE('',#13675);
#437=PLANE('',#13677);
#438=PLANE('',#13679);
#439=PLANE('',#13682);
#440=PLANE('',#13685);
#441=FACE_OUTER_BOUND('',#1053,.T.);
#442=FACE_OUTER_BOUND('',#1054,.T.);
#443=FACE_OUTER_BOUND('',#1055,.T.);
#444=FACE_OUTER_BOUND('',#1116,.T.);
#445=FACE_OUTER_BOUND('',#1117,.T.);
#446=FACE_OUTER_BOUND('',#1118,.T.);
#447=FACE_OUTER_BOUND('',#1179,.T.);
#448=FACE_OUTER_BOUND('',#1180,.T.);
#449=FACE_OUTER_BOUND('',#1181,.T.);
#450=FACE_OUTER_BOUND('',#1182,.T.);
#451=FACE_OUTER_BOUND('',#1183,.T.);
#452=FACE_OUTER_BOUND('',#1184,.T.);
#453=FACE_OUTER_BOUND('',#1185,.T.);
#454=FACE_OUTER_BOUND('',#1186,.T.);
#455=FACE_OUTER_BOUND('',#1187,.T.);
#456=FACE_OUTER_BOUND('',#1188,.T.);
#457=FACE_OUTER_BOUND('',#1189,.T.);
#458=FACE_OUTER_BOUND('',#1190,.T.);
#459=FACE_OUTER_BOUND('',#1191,.T.);
#460=FACE_OUTER_BOUND('',#1192,.T.);
#461=FACE_OUTER_BOUND('',#1193,.T.);
#462=FACE_OUTER_BOUND('',#1194,.T.);
#463=FACE_OUTER_BOUND('',#1195,.T.);
#464=FACE_OUTER_BOUND('',#1196,.T.);
#465=FACE_OUTER_BOUND('',#1197,.T.);
#466=FACE_OUTER_BOUND('',#1198,.T.);
#467=FACE_OUTER_BOUND('',#1199,.T.);
#468=FACE_OUTER_BOUND('',#1200,.T.);
#469=FACE_OUTER_BOUND('',#1201,.T.);
#470=FACE_OUTER_BOUND('',#1202,.T.);
#471=FACE_OUTER_BOUND('',#1203,.T.);
#472=FACE_OUTER_BOUND('',#1204,.T.);
#473=FACE_OUTER_BOUND('',#1205,.T.);
#474=FACE_OUTER_BOUND('',#1206,.T.);
#475=FACE_OUTER_BOUND('',#1207,.T.);
#476=FACE_OUTER_BOUND('',#1208,.T.);
#477=FACE_OUTER_BOUND('',#1209,.T.);
#478=FACE_OUTER_BOUND('',#1210,.T.);
#479=FACE_OUTER_BOUND('',#1211,.T.);
#480=FACE_OUTER_BOUND('',#1212,.T.);
#481=FACE_OUTER_BOUND('',#1213,.T.);
#482=FACE_OUTER_BOUND('',#1214,.T.);
#483=FACE_OUTER_BOUND('',#1215,.T.);
#484=FACE_OUTER_BOUND('',#1216,.T.);
#485=FACE_OUTER_BOUND('',#1217,.T.);
#486=FACE_OUTER_BOUND('',#1218,.T.);
#487=FACE_OUTER_BOUND('',#1219,.T.);
#488=FACE_OUTER_BOUND('',#1220,.T.);
#489=FACE_OUTER_BOUND('',#1221,.T.);
#490=FACE_OUTER_BOUND('',#1222,.T.);
#491=FACE_OUTER_BOUND('',#1223,.T.);
#492=FACE_OUTER_BOUND('',#1224,.T.);
#493=FACE_OUTER_BOUND('',#1225,.T.);
#494=FACE_OUTER_BOUND('',#1226,.T.);
#495=FACE_OUTER_BOUND('',#1227,.T.);
#496=FACE_OUTER_BOUND('',#1228,.T.);
#497=FACE_OUTER_BOUND('',#1229,.T.);
#498=FACE_OUTER_BOUND('',#1230,.T.);
#499=FACE_OUTER_BOUND('',#1231,.T.);
#500=FACE_OUTER_BOUND('',#1232,.T.);
#501=FACE_OUTER_BOUND('',#1233,.T.);
#502=FACE_OUTER_BOUND('',#1234,.T.);
#503=FACE_OUTER_BOUND('',#1235,.T.);
#504=FACE_OUTER_BOUND('',#1236,.T.);
#505=FACE_OUTER_BOUND('',#1237,.T.);
#506=FACE_OUTER_BOUND('',#1238,.T.);
#507=FACE_OUTER_BOUND('',#1239,.T.);
#508=FACE_OUTER_BOUND('',#1240,.T.);
#509=FACE_OUTER_BOUND('',#1241,.T.);
#510=FACE_OUTER_BOUND('',#1242,.T.);
#511=FACE_OUTER_BOUND('',#1243,.T.);
#512=FACE_OUTER_BOUND('',#1244,.T.);
#513=FACE_OUTER_BOUND('',#1245,.T.);
#514=FACE_OUTER_BOUND('',#1246,.T.);
#515=FACE_OUTER_BOUND('',#1247,.T.);
#516=FACE_OUTER_BOUND('',#1248,.T.);
#517=FACE_OUTER_BOUND('',#1249,.T.);
#518=FACE_OUTER_BOUND('',#1250,.T.);
#519=FACE_OUTER_BOUND('',#1251,.T.);
#520=FACE_OUTER_BOUND('',#1252,.T.);
#521=FACE_OUTER_BOUND('',#1253,.T.);
#522=FACE_OUTER_BOUND('',#1254,.T.);
#523=FACE_OUTER_BOUND('',#1255,.T.);
#524=FACE_OUTER_BOUND('',#1256,.T.);
#525=FACE_OUTER_BOUND('',#1257,.T.);
#526=FACE_OUTER_BOUND('',#1258,.T.);
#527=FACE_OUTER_BOUND('',#1259,.T.);
#528=FACE_OUTER_BOUND('',#1260,.T.);
#529=FACE_OUTER_BOUND('',#1261,.T.);
#530=FACE_OUTER_BOUND('',#1262,.T.);
#531=FACE_OUTER_BOUND('',#1263,.T.);
#532=FACE_OUTER_BOUND('',#1264,.T.);
#533=FACE_OUTER_BOUND('',#1265,.T.);
#534=FACE_OUTER_BOUND('',#1266,.T.);
#535=FACE_OUTER_BOUND('',#1267,.T.);
#536=FACE_OUTER_BOUND('',#1268,.T.);
#537=FACE_OUTER_BOUND('',#1269,.T.);
#538=FACE_OUTER_BOUND('',#1270,.T.);
#539=FACE_OUTER_BOUND('',#1271,.T.);
#540=FACE_OUTER_BOUND('',#1272,.T.);
#541=FACE_OUTER_BOUND('',#1273,.T.);
#542=FACE_OUTER_BOUND('',#1274,.T.);
#543=FACE_OUTER_BOUND('',#1275,.T.);
#544=FACE_OUTER_BOUND('',#1276,.T.);
#545=FACE_OUTER_BOUND('',#1277,.T.);
#546=FACE_OUTER_BOUND('',#1278,.T.);
#547=FACE_OUTER_BOUND('',#1279,.T.);
#548=FACE_OUTER_BOUND('',#1280,.T.);
#549=FACE_OUTER_BOUND('',#1281,.T.);
#550=FACE_OUTER_BOUND('',#1282,.T.);
#551=FACE_OUTER_BOUND('',#1283,.T.);
#552=FACE_OUTER_BOUND('',#1284,.T.);
#553=FACE_OUTER_BOUND('',#1285,.T.);
#554=FACE_OUTER_BOUND('',#1286,.T.);
#555=FACE_OUTER_BOUND('',#1287,.T.);
#556=FACE_OUTER_BOUND('',#1288,.T.);
#557=FACE_OUTER_BOUND('',#1289,.T.);
#558=FACE_OUTER_BOUND('',#1290,.T.);
#559=FACE_OUTER_BOUND('',#1291,.T.);
#560=FACE_OUTER_BOUND('',#1292,.T.);
#561=FACE_OUTER_BOUND('',#1293,.T.);
#562=FACE_OUTER_BOUND('',#1294,.T.);
#563=FACE_OUTER_BOUND('',#1295,.T.);
#564=FACE_OUTER_BOUND('',#1296,.T.);
#565=FACE_OUTER_BOUND('',#1297,.T.);
#566=FACE_OUTER_BOUND('',#1298,.T.);
#567=FACE_OUTER_BOUND('',#1299,.T.);
#568=FACE_OUTER_BOUND('',#1300,.T.);
#569=FACE_OUTER_BOUND('',#1301,.T.);
#570=FACE_OUTER_BOUND('',#1302,.T.);
#571=FACE_OUTER_BOUND('',#1303,.T.);
#572=FACE_OUTER_BOUND('',#1304,.T.);
#573=FACE_OUTER_BOUND('',#1305,.T.);
#574=FACE_OUTER_BOUND('',#1306,.T.);
#575=FACE_OUTER_BOUND('',#1307,.T.);
#576=FACE_OUTER_BOUND('',#1308,.T.);
#577=FACE_OUTER_BOUND('',#1309,.T.);
#578=FACE_OUTER_BOUND('',#1310,.T.);
#579=FACE_OUTER_BOUND('',#1311,.T.);
#580=FACE_OUTER_BOUND('',#1312,.T.);
#581=FACE_OUTER_BOUND('',#1313,.T.);
#582=FACE_OUTER_BOUND('',#1314,.T.);
#583=FACE_OUTER_BOUND('',#1315,.T.);
#584=FACE_OUTER_BOUND('',#1316,.T.);
#585=FACE_OUTER_BOUND('',#1317,.T.);
#586=FACE_OUTER_BOUND('',#1318,.T.);
#587=FACE_OUTER_BOUND('',#1319,.T.);
#588=FACE_OUTER_BOUND('',#1320,.T.);
#589=FACE_OUTER_BOUND('',#1321,.T.);
#590=FACE_OUTER_BOUND('',#1322,.T.);
#591=FACE_OUTER_BOUND('',#1323,.T.);
#592=FACE_OUTER_BOUND('',#1324,.T.);
#593=FACE_OUTER_BOUND('',#1325,.T.);
#594=FACE_OUTER_BOUND('',#1326,.T.);
#595=FACE_OUTER_BOUND('',#1327,.T.);
#596=FACE_OUTER_BOUND('',#1328,.T.);
#597=FACE_OUTER_BOUND('',#1329,.T.);
#598=FACE_OUTER_BOUND('',#1330,.T.);
#599=FACE_OUTER_BOUND('',#1331,.T.);
#600=FACE_OUTER_BOUND('',#1332,.T.);
#601=FACE_OUTER_BOUND('',#1333,.T.);
#602=FACE_OUTER_BOUND('',#1334,.T.);
#603=FACE_OUTER_BOUND('',#1335,.T.);
#604=FACE_OUTER_BOUND('',#1336,.T.);
#605=FACE_OUTER_BOUND('',#1337,.T.);
#606=FACE_OUTER_BOUND('',#1338,.T.);
#607=FACE_OUTER_BOUND('',#1339,.T.);
#608=FACE_OUTER_BOUND('',#1340,.T.);
#609=FACE_OUTER_BOUND('',#1341,.T.);
#610=FACE_OUTER_BOUND('',#1342,.T.);
#611=FACE_OUTER_BOUND('',#1343,.T.);
#612=FACE_OUTER_BOUND('',#1344,.T.);
#613=FACE_OUTER_BOUND('',#1345,.T.);
#614=FACE_OUTER_BOUND('',#1346,.T.);
#615=FACE_OUTER_BOUND('',#1347,.T.);
#616=FACE_OUTER_BOUND('',#1348,.T.);
#617=FACE_OUTER_BOUND('',#1349,.T.);
#618=FACE_OUTER_BOUND('',#1350,.T.);
#619=FACE_OUTER_BOUND('',#1351,.T.);
#620=FACE_OUTER_BOUND('',#1352,.T.);
#621=FACE_OUTER_BOUND('',#1353,.T.);
#622=FACE_OUTER_BOUND('',#1354,.T.);
#623=FACE_OUTER_BOUND('',#1355,.T.);
#624=FACE_OUTER_BOUND('',#1356,.T.);
#625=FACE_OUTER_BOUND('',#1357,.T.);
#626=FACE_OUTER_BOUND('',#1358,.T.);
#627=FACE_OUTER_BOUND('',#1359,.T.);
#628=FACE_OUTER_BOUND('',#1360,.T.);
#629=FACE_OUTER_BOUND('',#1361,.T.);
#630=FACE_OUTER_BOUND('',#1362,.T.);
#631=FACE_OUTER_BOUND('',#1363,.T.);
#632=FACE_OUTER_BOUND('',#1364,.T.);
#633=FACE_OUTER_BOUND('',#1365,.T.);
#634=FACE_OUTER_BOUND('',#1366,.T.);
#635=FACE_OUTER_BOUND('',#1367,.T.);
#636=FACE_OUTER_BOUND('',#1368,.T.);
#637=FACE_OUTER_BOUND('',#1369,.T.);
#638=FACE_OUTER_BOUND('',#1370,.T.);
#639=FACE_OUTER_BOUND('',#1371,.T.);
#640=FACE_OUTER_BOUND('',#1372,.T.);
#641=FACE_OUTER_BOUND('',#1373,.T.);
#642=FACE_OUTER_BOUND('',#1374,.T.);
#643=FACE_OUTER_BOUND('',#1375,.T.);
#644=FACE_OUTER_BOUND('',#1376,.T.);
#645=FACE_OUTER_BOUND('',#1377,.T.);
#646=FACE_OUTER_BOUND('',#1378,.T.);
#647=FACE_OUTER_BOUND('',#1379,.T.);
#648=FACE_OUTER_BOUND('',#1380,.T.);
#649=FACE_OUTER_BOUND('',#1381,.T.);
#650=FACE_OUTER_BOUND('',#1382,.T.);
#651=FACE_OUTER_BOUND('',#1383,.T.);
#652=FACE_OUTER_BOUND('',#1384,.T.);
#653=FACE_OUTER_BOUND('',#1385,.T.);
#654=FACE_OUTER_BOUND('',#1386,.T.);
#655=FACE_OUTER_BOUND('',#1387,.T.);
#656=FACE_OUTER_BOUND('',#1388,.T.);
#657=FACE_OUTER_BOUND('',#1389,.T.);
#658=FACE_OUTER_BOUND('',#1390,.T.);
#659=FACE_OUTER_BOUND('',#1391,.T.);
#660=FACE_OUTER_BOUND('',#1392,.T.);
#661=FACE_OUTER_BOUND('',#1393,.T.);
#662=FACE_OUTER_BOUND('',#1394,.T.);
#663=FACE_OUTER_BOUND('',#1395,.T.);
#664=FACE_OUTER_BOUND('',#1396,.T.);
#665=FACE_OUTER_BOUND('',#1397,.T.);
#666=FACE_OUTER_BOUND('',#1398,.T.);
#667=FACE_OUTER_BOUND('',#1399,.T.);
#668=FACE_OUTER_BOUND('',#1400,.T.);
#669=FACE_OUTER_BOUND('',#1401,.T.);
#670=FACE_OUTER_BOUND('',#1402,.T.);
#671=FACE_OUTER_BOUND('',#1403,.T.);
#672=FACE_OUTER_BOUND('',#1404,.T.);
#673=FACE_OUTER_BOUND('',#1405,.T.);
#674=FACE_OUTER_BOUND('',#1406,.T.);
#675=FACE_OUTER_BOUND('',#1407,.T.);
#676=FACE_OUTER_BOUND('',#1408,.T.);
#677=FACE_OUTER_BOUND('',#1409,.T.);
#678=FACE_OUTER_BOUND('',#1410,.T.);
#679=FACE_OUTER_BOUND('',#1411,.T.);
#680=FACE_OUTER_BOUND('',#1412,.T.);
#681=FACE_OUTER_BOUND('',#1413,.T.);
#682=FACE_OUTER_BOUND('',#1414,.T.);
#683=FACE_OUTER_BOUND('',#1415,.T.);
#684=FACE_OUTER_BOUND('',#1416,.T.);
#685=FACE_OUTER_BOUND('',#1417,.T.);
#686=FACE_OUTER_BOUND('',#1418,.T.);
#687=FACE_OUTER_BOUND('',#1419,.T.);
#688=FACE_OUTER_BOUND('',#1420,.T.);
#689=FACE_OUTER_BOUND('',#1421,.T.);
#690=FACE_OUTER_BOUND('',#1422,.T.);
#691=FACE_OUTER_BOUND('',#1423,.T.);
#692=FACE_OUTER_BOUND('',#1424,.T.);
#693=FACE_OUTER_BOUND('',#1425,.T.);
#694=FACE_OUTER_BOUND('',#1426,.T.);
#695=FACE_OUTER_BOUND('',#1427,.T.);
#696=FACE_OUTER_BOUND('',#1428,.T.);
#697=FACE_OUTER_BOUND('',#1429,.T.);
#698=FACE_OUTER_BOUND('',#1430,.T.);
#699=FACE_OUTER_BOUND('',#1431,.T.);
#700=FACE_OUTER_BOUND('',#1432,.T.);
#701=FACE_OUTER_BOUND('',#1433,.T.);
#702=FACE_OUTER_BOUND('',#1434,.T.);
#703=FACE_OUTER_BOUND('',#1435,.T.);
#704=FACE_OUTER_BOUND('',#1436,.T.);
#705=FACE_OUTER_BOUND('',#1437,.T.);
#706=FACE_OUTER_BOUND('',#1438,.T.);
#707=FACE_OUTER_BOUND('',#1439,.T.);
#708=FACE_OUTER_BOUND('',#1440,.T.);
#709=FACE_OUTER_BOUND('',#1441,.T.);
#710=FACE_OUTER_BOUND('',#1442,.T.);
#711=FACE_OUTER_BOUND('',#1443,.T.);
#712=FACE_OUTER_BOUND('',#1444,.T.);
#713=FACE_OUTER_BOUND('',#1445,.T.);
#714=FACE_OUTER_BOUND('',#1446,.T.);
#715=FACE_OUTER_BOUND('',#1447,.T.);
#716=FACE_OUTER_BOUND('',#1448,.T.);
#717=FACE_OUTER_BOUND('',#1449,.T.);
#718=FACE_OUTER_BOUND('',#1450,.T.);
#719=FACE_OUTER_BOUND('',#1451,.T.);
#720=FACE_OUTER_BOUND('',#1452,.T.);
#721=FACE_OUTER_BOUND('',#1453,.T.);
#722=FACE_OUTER_BOUND('',#1454,.T.);
#723=FACE_OUTER_BOUND('',#1455,.T.);
#724=FACE_OUTER_BOUND('',#1456,.T.);
#725=FACE_OUTER_BOUND('',#1457,.T.);
#726=FACE_OUTER_BOUND('',#1458,.T.);
#727=FACE_OUTER_BOUND('',#1459,.T.);
#728=FACE_OUTER_BOUND('',#1460,.T.);
#729=FACE_OUTER_BOUND('',#1461,.T.);
#730=FACE_OUTER_BOUND('',#1462,.T.);
#731=FACE_OUTER_BOUND('',#1463,.T.);
#732=FACE_OUTER_BOUND('',#1464,.T.);
#733=FACE_OUTER_BOUND('',#1465,.T.);
#734=FACE_OUTER_BOUND('',#1466,.T.);
#735=FACE_OUTER_BOUND('',#1467,.T.);
#736=FACE_OUTER_BOUND('',#1468,.T.);
#737=FACE_OUTER_BOUND('',#1469,.T.);
#738=FACE_OUTER_BOUND('',#1470,.T.);
#739=FACE_OUTER_BOUND('',#1471,.T.);
#740=FACE_OUTER_BOUND('',#1472,.T.);
#741=FACE_OUTER_BOUND('',#1473,.T.);
#742=FACE_OUTER_BOUND('',#1474,.T.);
#743=FACE_OUTER_BOUND('',#1475,.T.);
#744=FACE_OUTER_BOUND('',#1476,.T.);
#745=FACE_OUTER_BOUND('',#1477,.T.);
#746=FACE_OUTER_BOUND('',#1478,.T.);
#747=FACE_OUTER_BOUND('',#1479,.T.);
#748=FACE_OUTER_BOUND('',#1480,.T.);
#749=FACE_OUTER_BOUND('',#1481,.T.);
#750=FACE_OUTER_BOUND('',#1482,.T.);
#751=FACE_OUTER_BOUND('',#1483,.T.);
#752=FACE_OUTER_BOUND('',#1484,.T.);
#753=FACE_OUTER_BOUND('',#1485,.T.);
#754=FACE_OUTER_BOUND('',#1486,.T.);
#755=FACE_OUTER_BOUND('',#1487,.T.);
#756=FACE_OUTER_BOUND('',#1488,.T.);
#757=FACE_OUTER_BOUND('',#1489,.T.);
#758=FACE_OUTER_BOUND('',#1490,.T.);
#759=FACE_OUTER_BOUND('',#1491,.T.);
#760=FACE_OUTER_BOUND('',#1492,.T.);
#761=FACE_OUTER_BOUND('',#1493,.T.);
#762=FACE_OUTER_BOUND('',#1494,.T.);
#763=FACE_OUTER_BOUND('',#1495,.T.);
#764=FACE_OUTER_BOUND('',#1496,.T.);
#765=FACE_OUTER_BOUND('',#1497,.T.);
#766=FACE_OUTER_BOUND('',#1498,.T.);
#767=FACE_OUTER_BOUND('',#1499,.T.);
#768=FACE_OUTER_BOUND('',#1500,.T.);
#769=FACE_OUTER_BOUND('',#1501,.T.);
#770=FACE_OUTER_BOUND('',#1502,.T.);
#771=FACE_OUTER_BOUND('',#1503,.T.);
#772=FACE_OUTER_BOUND('',#1504,.T.);
#773=FACE_OUTER_BOUND('',#1505,.T.);
#774=FACE_OUTER_BOUND('',#1506,.T.);
#775=FACE_OUTER_BOUND('',#1507,.T.);
#776=FACE_OUTER_BOUND('',#1508,.T.);
#777=FACE_OUTER_BOUND('',#1509,.T.);
#778=FACE_OUTER_BOUND('',#1510,.T.);
#779=FACE_OUTER_BOUND('',#1511,.T.);
#780=FACE_OUTER_BOUND('',#1512,.T.);
#781=FACE_OUTER_BOUND('',#1513,.T.);
#782=FACE_OUTER_BOUND('',#1514,.T.);
#783=FACE_OUTER_BOUND('',#1515,.T.);
#784=FACE_OUTER_BOUND('',#1516,.T.);
#785=FACE_OUTER_BOUND('',#1517,.T.);
#786=FACE_OUTER_BOUND('',#1518,.T.);
#787=FACE_OUTER_BOUND('',#1519,.T.);
#788=FACE_OUTER_BOUND('',#1520,.T.);
#789=FACE_OUTER_BOUND('',#1521,.T.);
#790=FACE_OUTER_BOUND('',#1522,.T.);
#791=FACE_OUTER_BOUND('',#1523,.T.);
#792=FACE_OUTER_BOUND('',#1524,.T.);
#793=FACE_OUTER_BOUND('',#1525,.T.);
#794=FACE_OUTER_BOUND('',#1526,.T.);
#795=FACE_OUTER_BOUND('',#1527,.T.);
#796=FACE_OUTER_BOUND('',#1528,.T.);
#797=FACE_OUTER_BOUND('',#1529,.T.);
#798=FACE_OUTER_BOUND('',#1530,.T.);
#799=FACE_OUTER_BOUND('',#1531,.T.);
#800=FACE_OUTER_BOUND('',#1532,.T.);
#801=FACE_OUTER_BOUND('',#1533,.T.);
#802=FACE_OUTER_BOUND('',#1534,.T.);
#803=FACE_OUTER_BOUND('',#1535,.T.);
#804=FACE_OUTER_BOUND('',#1536,.T.);
#805=FACE_OUTER_BOUND('',#1537,.T.);
#806=FACE_OUTER_BOUND('',#1538,.T.);
#807=FACE_OUTER_BOUND('',#1539,.T.);
#808=FACE_OUTER_BOUND('',#1540,.T.);
#809=FACE_OUTER_BOUND('',#1541,.T.);
#810=FACE_OUTER_BOUND('',#1542,.T.);
#811=FACE_OUTER_BOUND('',#1543,.T.);
#812=FACE_OUTER_BOUND('',#1544,.T.);
#813=FACE_OUTER_BOUND('',#1545,.T.);
#814=FACE_OUTER_BOUND('',#1546,.T.);
#815=FACE_OUTER_BOUND('',#1547,.T.);
#816=FACE_OUTER_BOUND('',#1548,.T.);
#817=FACE_OUTER_BOUND('',#1549,.T.);
#818=FACE_OUTER_BOUND('',#1550,.T.);
#819=FACE_OUTER_BOUND('',#1551,.T.);
#820=FACE_OUTER_BOUND('',#1552,.T.);
#821=FACE_OUTER_BOUND('',#1553,.T.);
#822=FACE_OUTER_BOUND('',#1554,.T.);
#823=FACE_OUTER_BOUND('',#1555,.T.);
#824=FACE_OUTER_BOUND('',#1556,.T.);
#825=FACE_OUTER_BOUND('',#1557,.T.);
#826=FACE_OUTER_BOUND('',#1558,.T.);
#827=FACE_OUTER_BOUND('',#1559,.T.);
#828=FACE_OUTER_BOUND('',#1560,.T.);
#829=FACE_OUTER_BOUND('',#1561,.T.);
#830=FACE_OUTER_BOUND('',#1562,.T.);
#831=FACE_OUTER_BOUND('',#1563,.T.);
#832=FACE_OUTER_BOUND('',#1564,.T.);
#833=FACE_OUTER_BOUND('',#1565,.T.);
#834=FACE_OUTER_BOUND('',#1566,.T.);
#835=FACE_OUTER_BOUND('',#1567,.T.);
#836=FACE_OUTER_BOUND('',#1568,.T.);
#837=FACE_OUTER_BOUND('',#1569,.T.);
#838=FACE_OUTER_BOUND('',#1570,.T.);
#839=FACE_OUTER_BOUND('',#1571,.T.);
#840=FACE_OUTER_BOUND('',#1572,.T.);
#841=FACE_OUTER_BOUND('',#1573,.T.);
#842=FACE_OUTER_BOUND('',#1574,.T.);
#843=FACE_OUTER_BOUND('',#1575,.T.);
#844=FACE_OUTER_BOUND('',#1576,.T.);
#845=FACE_OUTER_BOUND('',#1577,.T.);
#846=FACE_OUTER_BOUND('',#1578,.T.);
#847=FACE_OUTER_BOUND('',#1579,.T.);
#848=FACE_OUTER_BOUND('',#1580,.T.);
#849=FACE_OUTER_BOUND('',#1581,.T.);
#850=FACE_OUTER_BOUND('',#1582,.T.);
#851=FACE_OUTER_BOUND('',#1583,.T.);
#852=FACE_OUTER_BOUND('',#1584,.T.);
#853=FACE_OUTER_BOUND('',#1585,.T.);
#854=FACE_OUTER_BOUND('',#1586,.T.);
#855=FACE_OUTER_BOUND('',#1587,.T.);
#856=FACE_OUTER_BOUND('',#1588,.T.);
#857=FACE_OUTER_BOUND('',#1589,.T.);
#858=FACE_OUTER_BOUND('',#1590,.T.);
#859=FACE_OUTER_BOUND('',#1591,.T.);
#860=FACE_OUTER_BOUND('',#1592,.T.);
#861=FACE_OUTER_BOUND('',#1593,.T.);
#862=FACE_OUTER_BOUND('',#1594,.T.);
#863=FACE_OUTER_BOUND('',#1595,.T.);
#864=FACE_OUTER_BOUND('',#1596,.T.);
#865=FACE_OUTER_BOUND('',#1597,.T.);
#866=FACE_OUTER_BOUND('',#1598,.T.);
#867=FACE_OUTER_BOUND('',#1599,.T.);
#868=FACE_OUTER_BOUND('',#1600,.T.);
#869=FACE_OUTER_BOUND('',#1601,.T.);
#870=FACE_OUTER_BOUND('',#1602,.T.);
#871=FACE_OUTER_BOUND('',#1603,.T.);
#872=FACE_OUTER_BOUND('',#1604,.T.);
#873=FACE_OUTER_BOUND('',#1605,.T.);
#874=FACE_OUTER_BOUND('',#1606,.T.);
#875=FACE_OUTER_BOUND('',#1607,.T.);
#876=FACE_OUTER_BOUND('',#1608,.T.);
#877=FACE_OUTER_BOUND('',#1609,.T.);
#878=FACE_OUTER_BOUND('',#1610,.T.);
#879=FACE_OUTER_BOUND('',#1611,.T.);
#880=FACE_OUTER_BOUND('',#1612,.T.);
#881=FACE_OUTER_BOUND('',#1613,.T.);
#882=FACE_OUTER_BOUND('',#1614,.T.);
#883=FACE_OUTER_BOUND('',#1615,.T.);
#884=FACE_OUTER_BOUND('',#1616,.T.);
#885=FACE_OUTER_BOUND('',#1617,.T.);
#886=FACE_OUTER_BOUND('',#1618,.T.);
#887=FACE_OUTER_BOUND('',#1619,.T.);
#888=FACE_OUTER_BOUND('',#1620,.T.);
#889=FACE_OUTER_BOUND('',#1621,.T.);
#890=FACE_OUTER_BOUND('',#1622,.T.);
#891=FACE_OUTER_BOUND('',#1623,.T.);
#892=FACE_OUTER_BOUND('',#1624,.T.);
#893=FACE_OUTER_BOUND('',#1625,.T.);
#894=FACE_OUTER_BOUND('',#1626,.T.);
#895=FACE_OUTER_BOUND('',#1627,.T.);
#896=FACE_OUTER_BOUND('',#1628,.T.);
#897=FACE_OUTER_BOUND('',#1629,.T.);
#898=FACE_OUTER_BOUND('',#1630,.T.);
#899=FACE_OUTER_BOUND('',#1631,.T.);
#900=FACE_OUTER_BOUND('',#1632,.T.);
#901=FACE_OUTER_BOUND('',#1633,.T.);
#902=FACE_OUTER_BOUND('',#1634,.T.);
#903=FACE_OUTER_BOUND('',#1635,.T.);
#904=FACE_OUTER_BOUND('',#1636,.T.);
#905=FACE_OUTER_BOUND('',#1637,.T.);
#906=FACE_OUTER_BOUND('',#1638,.T.);
#907=FACE_OUTER_BOUND('',#1639,.T.);
#908=FACE_OUTER_BOUND('',#1640,.T.);
#909=FACE_OUTER_BOUND('',#1641,.T.);
#910=FACE_OUTER_BOUND('',#1642,.T.);
#911=FACE_OUTER_BOUND('',#1643,.T.);
#912=FACE_OUTER_BOUND('',#1644,.T.);
#913=FACE_OUTER_BOUND('',#1645,.T.);
#914=FACE_OUTER_BOUND('',#1646,.T.);
#915=FACE_OUTER_BOUND('',#1647,.T.);
#916=FACE_OUTER_BOUND('',#1648,.T.);
#917=FACE_OUTER_BOUND('',#1649,.T.);
#918=FACE_OUTER_BOUND('',#1650,.T.);
#919=FACE_OUTER_BOUND('',#1651,.T.);
#920=FACE_OUTER_BOUND('',#1652,.T.);
#921=FACE_OUTER_BOUND('',#1653,.T.);
#922=FACE_OUTER_BOUND('',#1654,.T.);
#923=FACE_OUTER_BOUND('',#1655,.T.);
#924=FACE_OUTER_BOUND('',#1656,.T.);
#925=FACE_OUTER_BOUND('',#1657,.T.);
#926=FACE_OUTER_BOUND('',#1658,.T.);
#927=FACE_OUTER_BOUND('',#1659,.T.);
#928=FACE_OUTER_BOUND('',#1660,.T.);
#929=FACE_OUTER_BOUND('',#1661,.T.);
#930=FACE_OUTER_BOUND('',#1662,.T.);
#931=FACE_OUTER_BOUND('',#1663,.T.);
#932=FACE_OUTER_BOUND('',#1664,.T.);
#933=FACE_OUTER_BOUND('',#1665,.T.);
#934=FACE_OUTER_BOUND('',#1666,.T.);
#935=FACE_OUTER_BOUND('',#1667,.T.);
#936=FACE_OUTER_BOUND('',#1668,.T.);
#937=FACE_OUTER_BOUND('',#1669,.T.);
#938=FACE_OUTER_BOUND('',#1670,.T.);
#939=FACE_OUTER_BOUND('',#1671,.T.);
#940=FACE_OUTER_BOUND('',#1672,.T.);
#941=FACE_OUTER_BOUND('',#1673,.T.);
#942=FACE_OUTER_BOUND('',#1674,.T.);
#943=FACE_OUTER_BOUND('',#1675,.T.);
#944=FACE_OUTER_BOUND('',#1676,.T.);
#945=FACE_OUTER_BOUND('',#1677,.T.);
#946=FACE_OUTER_BOUND('',#1678,.T.);
#947=FACE_OUTER_BOUND('',#1679,.T.);
#948=FACE_OUTER_BOUND('',#1680,.T.);
#949=FACE_OUTER_BOUND('',#1681,.T.);
#950=FACE_OUTER_BOUND('',#1682,.T.);
#951=FACE_OUTER_BOUND('',#1683,.T.);
#952=FACE_OUTER_BOUND('',#1684,.T.);
#953=FACE_OUTER_BOUND('',#1685,.T.);
#954=FACE_OUTER_BOUND('',#1686,.T.);
#955=FACE_OUTER_BOUND('',#1687,.T.);
#956=FACE_OUTER_BOUND('',#1688,.T.);
#957=FACE_OUTER_BOUND('',#1689,.T.);
#958=FACE_OUTER_BOUND('',#1690,.T.);
#959=FACE_OUTER_BOUND('',#1691,.T.);
#960=FACE_OUTER_BOUND('',#1692,.T.);
#961=FACE_OUTER_BOUND('',#1693,.T.);
#962=FACE_OUTER_BOUND('',#1694,.T.);
#963=FACE_OUTER_BOUND('',#1695,.T.);
#964=FACE_OUTER_BOUND('',#1696,.T.);
#965=FACE_OUTER_BOUND('',#1697,.T.);
#966=FACE_OUTER_BOUND('',#1698,.T.);
#967=FACE_OUTER_BOUND('',#1699,.T.);
#968=FACE_OUTER_BOUND('',#1700,.T.);
#969=FACE_OUTER_BOUND('',#1701,.T.);
#970=FACE_OUTER_BOUND('',#1702,.T.);
#971=FACE_OUTER_BOUND('',#1703,.T.);
#972=FACE_OUTER_BOUND('',#1704,.T.);
#973=FACE_OUTER_BOUND('',#1705,.T.);
#974=FACE_OUTER_BOUND('',#1706,.T.);
#975=FACE_OUTER_BOUND('',#1707,.T.);
#976=FACE_OUTER_BOUND('',#1708,.T.);
#977=FACE_OUTER_BOUND('',#1709,.T.);
#978=FACE_OUTER_BOUND('',#1710,.T.);
#979=FACE_OUTER_BOUND('',#1711,.T.);
#980=FACE_OUTER_BOUND('',#1712,.T.);
#981=FACE_OUTER_BOUND('',#1713,.T.);
#982=FACE_OUTER_BOUND('',#1714,.T.);
#983=FACE_OUTER_BOUND('',#1715,.T.);
#984=FACE_OUTER_BOUND('',#1716,.T.);
#985=FACE_OUTER_BOUND('',#1717,.T.);
#986=FACE_OUTER_BOUND('',#1718,.T.);
#987=FACE_OUTER_BOUND('',#1719,.T.);
#988=FACE_OUTER_BOUND('',#1720,.T.);
#989=FACE_OUTER_BOUND('',#1721,.T.);
#990=FACE_OUTER_BOUND('',#1722,.T.);
#991=FACE_OUTER_BOUND('',#1723,.T.);
#992=FACE_OUTER_BOUND('',#1724,.T.);
#993=FACE_OUTER_BOUND('',#1725,.T.);
#994=FACE_OUTER_BOUND('',#1726,.T.);
#995=FACE_OUTER_BOUND('',#1727,.T.);
#996=FACE_OUTER_BOUND('',#1728,.T.);
#997=FACE_OUTER_BOUND('',#1729,.T.);
#998=FACE_OUTER_BOUND('',#1730,.T.);
#999=FACE_OUTER_BOUND('',#1731,.T.);
#1000=FACE_OUTER_BOUND('',#1732,.T.);
#1001=FACE_OUTER_BOUND('',#1733,.T.);
#1002=FACE_OUTER_BOUND('',#1734,.T.);
#1003=FACE_OUTER_BOUND('',#1735,.T.);
#1004=FACE_OUTER_BOUND('',#1736,.T.);
#1005=FACE_OUTER_BOUND('',#1737,.T.);
#1006=FACE_OUTER_BOUND('',#1738,.T.);
#1007=FACE_OUTER_BOUND('',#1739,.T.);
#1008=FACE_OUTER_BOUND('',#1740,.T.);
#1009=FACE_OUTER_BOUND('',#1741,.T.);
#1010=FACE_OUTER_BOUND('',#1742,.T.);
#1011=FACE_OUTER_BOUND('',#1743,.T.);
#1012=FACE_OUTER_BOUND('',#1744,.T.);
#1013=FACE_OUTER_BOUND('',#1745,.T.);
#1014=FACE_OUTER_BOUND('',#1746,.T.);
#1015=FACE_OUTER_BOUND('',#1747,.T.);
#1016=FACE_OUTER_BOUND('',#1748,.T.);
#1017=FACE_OUTER_BOUND('',#1749,.T.);
#1018=FACE_OUTER_BOUND('',#1750,.T.);
#1019=FACE_OUTER_BOUND('',#1751,.T.);
#1020=FACE_OUTER_BOUND('',#1752,.T.);
#1021=FACE_OUTER_BOUND('',#1753,.T.);
#1022=FACE_OUTER_BOUND('',#1754,.T.);
#1023=FACE_OUTER_BOUND('',#1755,.T.);
#1024=FACE_OUTER_BOUND('',#1756,.T.);
#1025=FACE_OUTER_BOUND('',#1757,.T.);
#1026=FACE_OUTER_BOUND('',#1758,.T.);
#1027=FACE_OUTER_BOUND('',#1759,.T.);
#1028=FACE_OUTER_BOUND('',#1760,.T.);
#1029=FACE_OUTER_BOUND('',#1761,.T.);
#1030=FACE_OUTER_BOUND('',#1762,.T.);
#1031=FACE_OUTER_BOUND('',#1763,.T.);
#1032=FACE_OUTER_BOUND('',#1764,.T.);
#1033=FACE_OUTER_BOUND('',#1765,.T.);
#1034=FACE_OUTER_BOUND('',#1766,.T.);
#1035=FACE_OUTER_BOUND('',#1767,.T.);
#1036=FACE_OUTER_BOUND('',#1768,.T.);
#1037=FACE_OUTER_BOUND('',#1769,.T.);
#1038=FACE_OUTER_BOUND('',#1770,.T.);
#1039=FACE_OUTER_BOUND('',#1771,.T.);
#1040=FACE_OUTER_BOUND('',#1772,.T.);
#1041=FACE_OUTER_BOUND('',#1773,.T.);
#1042=FACE_OUTER_BOUND('',#1774,.T.);
#1043=FACE_OUTER_BOUND('',#1775,.T.);
#1044=FACE_OUTER_BOUND('',#1776,.T.);
#1045=FACE_OUTER_BOUND('',#1777,.T.);
#1046=FACE_OUTER_BOUND('',#1778,.T.);
#1047=FACE_OUTER_BOUND('',#1779,.T.);
#1048=FACE_OUTER_BOUND('',#1780,.T.);
#1049=FACE_OUTER_BOUND('',#1781,.T.);
#1050=FACE_OUTER_BOUND('',#1782,.T.);
#1051=FACE_OUTER_BOUND('',#1783,.T.);
#1052=FACE_OUTER_BOUND('',#1784,.T.);
#1053=EDGE_LOOP('',(#7883,#7884,#7885,#7886));
#1054=EDGE_LOOP('',(#7887,#7888,#7889,#7890));
#1055=EDGE_LOOP('',(#7891,#7892,#7893,#7894,#7895,#7896,#7897,#7898,#7899,
#7900,#7901,#7902,#7903,#7904,#7905,#7906,#7907,#7908,#7909,#7910,#7911,
#7912,#7913,#7914,#7915,#7916,#7917,#7918,#7919,#7920,#7921,#7922,#7923,
#7924,#7925,#7926,#7927,#7928,#7929,#7930,#7931,#7932,#7933,#7934,#7935,
#7936,#7937,#7938,#7939,#7940,#7941,#7942,#7943,#7944,#7945,#7946,#7947,
#7948,#7949,#7950,#7951,#7952,#7953,#7954,#7955,#7956,#7957,#7958,#7959,
#7960,#7961,#7962,#7963,#7964,#7965,#7966,#7967,#7968,#7969,#7970,#7971,
#7972,#7973,#7974,#7975,#7976,#7977,#7978,#7979,#7980,#7981,#7982,#7983,
#7984,#7985,#7986,#7987,#7988,#7989,#7990,#7991,#7992,#7993,#7994,#7995,
#7996,#7997,#7998,#7999,#8000,#8001,#8002,#8003,#8004,#8005,#8006,#8007,
#8008,#8009,#8010,#8011,#8012,#8013,#8014,#8015,#8016,#8017,#8018,#8019,
#8020,#8021,#8022,#8023,#8024,#8025,#8026,#8027,#8028));
#1056=EDGE_LOOP('',(#8029,#8030,#8031,#8032,#8033,#8034,#8035,#8036));
#1057=EDGE_LOOP('',(#8037,#8038,#8039,#8040,#8041,#8042,#8043,#8044));
#1058=EDGE_LOOP('',(#8045,#8046,#8047,#8048,#8049,#8050,#8051,#8052));
#1059=EDGE_LOOP('',(#8053,#8054,#8055,#8056));
#1060=EDGE_LOOP('',(#8057,#8058,#8059,#8060));
#1061=EDGE_LOOP('',(#8061,#8062,#8063,#8064,#8065,#8066,#8067,#8068));
#1062=EDGE_LOOP('',(#8069,#8070,#8071,#8072,#8073,#8074,#8075,#8076));
#1063=EDGE_LOOP('',(#8077,#8078,#8079,#8080,#8081,#8082,#8083,#8084));
#1064=EDGE_LOOP('',(#8085,#8086,#8087,#8088,#8089,#8090,#8091,#8092));
#1065=EDGE_LOOP('',(#8093,#8094,#8095,#8096,#8097,#8098,#8099,#8100));
#1066=EDGE_LOOP('',(#8101,#8102,#8103,#8104,#8105,#8106,#8107,#8108));
#1067=EDGE_LOOP('',(#8109,#8110,#8111,#8112,#8113,#8114,#8115,#8116));
#1068=EDGE_LOOP('',(#8117,#8118,#8119,#8120,#8121,#8122,#8123,#8124));
#1069=EDGE_LOOP('',(#8125,#8126,#8127,#8128,#8129,#8130,#8131,#8132));
#1070=EDGE_LOOP('',(#8133,#8134,#8135,#8136,#8137,#8138,#8139,#8140));
#1071=EDGE_LOOP('',(#8141,#8142,#8143,#8144,#8145,#8146,#8147,#8148));
#1072=EDGE_LOOP('',(#8149,#8150,#8151,#8152,#8153,#8154,#8155,#8156));
#1073=EDGE_LOOP('',(#8157,#8158,#8159,#8160,#8161,#8162,#8163,#8164));
#1074=EDGE_LOOP('',(#8165,#8166,#8167,#8168,#8169,#8170,#8171,#8172));
#1075=EDGE_LOOP('',(#8173,#8174,#8175,#8176,#8177,#8178,#8179,#8180));
#1076=EDGE_LOOP('',(#8181,#8182,#8183,#8184,#8185,#8186,#8187,#8188));
#1077=EDGE_LOOP('',(#8189,#8190,#8191,#8192,#8193,#8194,#8195,#8196));
#1078=EDGE_LOOP('',(#8197,#8198,#8199,#8200,#8201,#8202,#8203,#8204));
#1079=EDGE_LOOP('',(#8205,#8206,#8207,#8208,#8209,#8210,#8211,#8212));
#1080=EDGE_LOOP('',(#8213,#8214,#8215,#8216,#8217,#8218,#8219,#8220));
#1081=EDGE_LOOP('',(#8221,#8222,#8223,#8224,#8225,#8226,#8227,#8228));
#1082=EDGE_LOOP('',(#8229,#8230,#8231,#8232,#8233,#8234,#8235,#8236));
#1083=EDGE_LOOP('',(#8237,#8238,#8239,#8240,#8241,#8242,#8243,#8244));
#1084=EDGE_LOOP('',(#8245,#8246,#8247,#8248,#8249,#8250,#8251,#8252));
#1085=EDGE_LOOP('',(#8253,#8254,#8255,#8256,#8257,#8258,#8259,#8260));
#1086=EDGE_LOOP('',(#8261,#8262,#8263,#8264,#8265,#8266,#8267,#8268));
#1087=EDGE_LOOP('',(#8269,#8270,#8271,#8272,#8273,#8274,#8275,#8276));
#1088=EDGE_LOOP('',(#8277,#8278,#8279,#8280,#8281,#8282,#8283,#8284));
#1089=EDGE_LOOP('',(#8285,#8286,#8287,#8288,#8289,#8290,#8291,#8292));
#1090=EDGE_LOOP('',(#8293,#8294,#8295,#8296,#8297,#8298,#8299,#8300));
#1091=EDGE_LOOP('',(#8301,#8302,#8303,#8304,#8305,#8306,#8307,#8308));
#1092=EDGE_LOOP('',(#8309,#8310,#8311,#8312,#8313,#8314,#8315,#8316));
#1093=EDGE_LOOP('',(#8317,#8318,#8319,#8320,#8321,#8322,#8323,#8324));
#1094=EDGE_LOOP('',(#8325,#8326,#8327,#8328,#8329,#8330,#8331,#8332));
#1095=EDGE_LOOP('',(#8333,#8334,#8335,#8336,#8337,#8338,#8339,#8340));
#1096=EDGE_LOOP('',(#8341,#8342,#8343,#8344,#8345,#8346,#8347,#8348));
#1097=EDGE_LOOP('',(#8349,#8350,#8351,#8352,#8353,#8354,#8355,#8356));
#1098=EDGE_LOOP('',(#8357,#8358,#8359,#8360,#8361,#8362,#8363,#8364));
#1099=EDGE_LOOP('',(#8365,#8366,#8367,#8368,#8369,#8370,#8371,#8372));
#1100=EDGE_LOOP('',(#8373,#8374,#8375,#8376,#8377,#8378,#8379,#8380));
#1101=EDGE_LOOP('',(#8381,#8382,#8383,#8384,#8385,#8386,#8387,#8388));
#1102=EDGE_LOOP('',(#8389,#8390,#8391,#8392,#8393,#8394,#8395,#8396));
#1103=EDGE_LOOP('',(#8397,#8398,#8399,#8400,#8401,#8402,#8403,#8404));
#1104=EDGE_LOOP('',(#8405,#8406,#8407,#8408,#8409,#8410,#8411,#8412));
#1105=EDGE_LOOP('',(#8413,#8414,#8415,#8416,#8417,#8418,#8419,#8420));
#1106=EDGE_LOOP('',(#8421,#8422,#8423,#8424,#8425,#8426,#8427,#8428));
#1107=EDGE_LOOP('',(#8429,#8430,#8431,#8432));
#1108=EDGE_LOOP('',(#8433,#8434,#8435,#8436));
#1109=EDGE_LOOP('',(#8437,#8438,#8439,#8440));
#1110=EDGE_LOOP('',(#8441,#8442,#8443,#8444));
#1111=EDGE_LOOP('',(#8445,#8446,#8447,#8448));
#1112=EDGE_LOOP('',(#8449,#8450,#8451,#8452));
#1113=EDGE_LOOP('',(#8453,#8454,#8455,#8456,#8457,#8458,#8459,#8460));
#1114=EDGE_LOOP('',(#8461,#8462,#8463,#8464,#8465,#8466,#8467,#8468,#8469,
#8470,#8471,#8472,#8473,#8474,#8475,#8476,#8477,#8478,#8479,#8480,#8481,
#8482,#8483,#8484));
#1115=EDGE_LOOP('',(#8485,#8486,#8487,#8488,#8489,#8490,#8491,#8492,#8493,
#8494,#8495,#8496,#8497,#8498,#8499,#8500));
#1116=EDGE_LOOP('',(#8501,#8502,#8503,#8504));
#1117=EDGE_LOOP('',(#8505,#8506,#8507,#8508));
#1118=EDGE_LOOP('',(#8509,#8510,#8511,#8512,#8513,#8514,#8515,#8516,#8517,
#8518,#8519,#8520,#8521,#8522,#8523,#8524,#8525,#8526,#8527,#8528,#8529,
#8530,#8531,#8532,#8533,#8534,#8535,#8536,#8537,#8538,#8539,#8540,#8541,
#8542,#8543,#8544,#8545,#8546,#8547,#8548,#8549,#8550,#8551,#8552,#8553,
#8554,#8555,#8556,#8557,#8558,#8559,#8560,#8561,#8562,#8563,#8564,#8565,
#8566,#8567,#8568,#8569,#8570,#8571,#8572,#8573,#8574,#8575,#8576,#8577,
#8578,#8579,#8580,#8581,#8582,#8583,#8584,#8585,#8586,#8587,#8588,#8589,
#8590,#8591,#8592,#8593,#8594,#8595,#8596,#8597,#8598,#8599,#8600,#8601,
#8602,#8603,#8604,#8605,#8606,#8607,#8608,#8609,#8610,#8611,#8612,#8613,
#8614,#8615,#8616,#8617,#8618,#8619,#8620,#8621,#8622,#8623,#8624,#8625,
#8626,#8627,#8628,#8629,#8630,#8631,#8632,#8633,#8634,#8635,#8636,#8637,
#8638,#8639,#8640,#8641,#8642,#8643,#8644,#8645,#8646));
#1119=EDGE_LOOP('',(#8647,#8648,#8649,#8650,#8651,#8652,#8653,#8654));
#1120=EDGE_LOOP('',(#8655,#8656,#8657,#8658,#8659,#8660,#8661,#8662));
#1121=EDGE_LOOP('',(#8663,#8664,#8665,#8666));
#1122=EDGE_LOOP('',(#8667,#8668,#8669,#8670));
#1123=EDGE_LOOP('',(#8671,#8672,#8673,#8674,#8675,#8676,#8677,#8678));
#1124=EDGE_LOOP('',(#8679,#8680,#8681,#8682,#8683,#8684,#8685,#8686));
#1125=EDGE_LOOP('',(#8687,#8688,#8689,#8690,#8691,#8692,#8693,#8694));
#1126=EDGE_LOOP('',(#8695,#8696,#8697,#8698,#8699,#8700,#8701,#8702,#8703,
#8704,#8705,#8706,#8707,#8708,#8709,#8710));
#1127=EDGE_LOOP('',(#8711,#8712,#8713,#8714,#8715,#8716,#8717,#8718,#8719,
#8720,#8721,#8722,#8723,#8724,#8725,#8726,#8727,#8728,#8729,#8730,#8731,
#8732,#8733,#8734));
#1128=EDGE_LOOP('',(#8735,#8736,#8737,#8738,#8739,#8740,#8741,#8742));
#1129=EDGE_LOOP('',(#8743,#8744,#8745,#8746));
#1130=EDGE_LOOP('',(#8747,#8748,#8749,#8750));
#1131=EDGE_LOOP('',(#8751,#8752,#8753,#8754));
#1132=EDGE_LOOP('',(#8755,#8756,#8757,#8758));
#1133=EDGE_LOOP('',(#8759,#8760,#8761,#8762));
#1134=EDGE_LOOP('',(#8763,#8764,#8765,#8766));
#1135=EDGE_LOOP('',(#8767,#8768,#8769,#8770,#8771,#8772,#8773,#8774));
#1136=EDGE_LOOP('',(#8775,#8776,#8777,#8778,#8779,#8780,#8781,#8782));
#1137=EDGE_LOOP('',(#8783,#8784,#8785,#8786,#8787,#8788,#8789,#8790));
#1138=EDGE_LOOP('',(#8791,#8792,#8793,#8794,#8795,#8796,#8797,#8798));
#1139=EDGE_LOOP('',(#8799,#8800,#8801,#8802,#8803,#8804,#8805,#8806));
#1140=EDGE_LOOP('',(#8807,#8808,#8809,#8810,#8811,#8812,#8813,#8814));
#1141=EDGE_LOOP('',(#8815,#8816,#8817,#8818,#8819,#8820,#8821,#8822));
#1142=EDGE_LOOP('',(#8823,#8824,#8825,#8826,#8827,#8828,#8829,#8830));
#1143=EDGE_LOOP('',(#8831,#8832,#8833,#8834,#8835,#8836,#8837,#8838));
#1144=EDGE_LOOP('',(#8839,#8840,#8841,#8842,#8843,#8844,#8845,#8846));
#1145=EDGE_LOOP('',(#8847,#8848,#8849,#8850,#8851,#8852,#8853,#8854));
#1146=EDGE_LOOP('',(#8855,#8856,#8857,#8858,#8859,#8860,#8861,#8862));
#1147=EDGE_LOOP('',(#8863,#8864,#8865,#8866,#8867,#8868,#8869,#8870));
#1148=EDGE_LOOP('',(#8871,#8872,#8873,#8874,#8875,#8876,#8877,#8878));
#1149=EDGE_LOOP('',(#8879,#8880,#8881,#8882,#8883,#8884,#8885,#8886));
#1150=EDGE_LOOP('',(#8887,#8888,#8889,#8890,#8891,#8892,#8893,#8894));
#1151=EDGE_LOOP('',(#8895,#8896,#8897,#8898,#8899,#8900,#8901,#8902));
#1152=EDGE_LOOP('',(#8903,#8904,#8905,#8906,#8907,#8908,#8909,#8910));
#1153=EDGE_LOOP('',(#8911,#8912,#8913,#8914,#8915,#8916,#8917,#8918));
#1154=EDGE_LOOP('',(#8919,#8920,#8921,#8922,#8923,#8924,#8925,#8926));
#1155=EDGE_LOOP('',(#8927,#8928,#8929,#8930,#8931,#8932,#8933,#8934));
#1156=EDGE_LOOP('',(#8935,#8936,#8937,#8938,#8939,#8940,#8941,#8942));
#1157=EDGE_LOOP('',(#8943,#8944,#8945,#8946,#8947,#8948,#8949,#8950));
#1158=EDGE_LOOP('',(#8951,#8952,#8953,#8954,#8955,#8956,#8957,#8958));
#1159=EDGE_LOOP('',(#8959,#8960,#8961,#8962,#8963,#8964,#8965,#8966));
#1160=EDGE_LOOP('',(#8967,#8968,#8969,#8970,#8971,#8972,#8973,#8974));
#1161=EDGE_LOOP('',(#8975,#8976,#8977,#8978,#8979,#8980,#8981,#8982));
#1162=EDGE_LOOP('',(#8983,#8984,#8985,#8986,#8987,#8988,#8989,#8990));
#1163=EDGE_LOOP('',(#8991,#8992,#8993,#8994,#8995,#8996,#8997,#8998));
#1164=EDGE_LOOP('',(#8999,#9000,#9001,#9002,#9003,#9004,#9005,#9006));
#1165=EDGE_LOOP('',(#9007,#9008,#9009,#9010,#9011,#9012,#9013,#9014));
#1166=EDGE_LOOP('',(#9015,#9016,#9017,#9018,#9019,#9020,#9021,#9022));
#1167=EDGE_LOOP('',(#9023,#9024,#9025,#9026,#9027,#9028,#9029,#9030));
#1168=EDGE_LOOP('',(#9031,#9032,#9033,#9034,#9035,#9036,#9037,#9038));
#1169=EDGE_LOOP('',(#9039,#9040,#9041,#9042,#9043,#9044,#9045,#9046));
#1170=EDGE_LOOP('',(#9047,#9048,#9049,#9050,#9051,#9052,#9053,#9054));
#1171=EDGE_LOOP('',(#9055,#9056,#9057,#9058,#9059,#9060,#9061,#9062));
#1172=EDGE_LOOP('',(#9063,#9064,#9065,#9066,#9067,#9068,#9069,#9070));
#1173=EDGE_LOOP('',(#9071,#9072,#9073,#9074,#9075,#9076,#9077,#9078));
#1174=EDGE_LOOP('',(#9079,#9080,#9081,#9082,#9083,#9084,#9085,#9086));
#1175=EDGE_LOOP('',(#9087,#9088,#9089,#9090,#9091,#9092,#9093,#9094));
#1176=EDGE_LOOP('',(#9095,#9096,#9097,#9098,#9099,#9100,#9101,#9102));
#1177=EDGE_LOOP('',(#9103,#9104,#9105,#9106,#9107,#9108,#9109,#9110));
#1178=EDGE_LOOP('',(#9111,#9112,#9113,#9114,#9115,#9116,#9117,#9118));
#1179=EDGE_LOOP('',(#9119,#9120,#9121,#9122));
#1180=EDGE_LOOP('',(#9123,#9124,#9125,#9126));
#1181=EDGE_LOOP('',(#9127,#9128,#9129,#9130));
#1182=EDGE_LOOP('',(#9131,#9132,#9133,#9134));
#1183=EDGE_LOOP('',(#9135,#9136,#9137,#9138));
#1184=EDGE_LOOP('',(#9139,#9140,#9141,#9142));
#1185=EDGE_LOOP('',(#9143,#9144,#9145,#9146));
#1186=EDGE_LOOP('',(#9147,#9148,#9149,#9150));
#1187=EDGE_LOOP('',(#9151,#9152,#9153,#9154));
#1188=EDGE_LOOP('',(#9155,#9156,#9157,#9158));
#1189=EDGE_LOOP('',(#9159,#9160,#9161,#9162));
#1190=EDGE_LOOP('',(#9163,#9164,#9165,#9166));
#1191=EDGE_LOOP('',(#9167,#9168,#9169,#9170));
#1192=EDGE_LOOP('',(#9171,#9172,#9173,#9174));
#1193=EDGE_LOOP('',(#9175,#9176,#9177,#9178));
#1194=EDGE_LOOP('',(#9179,#9180,#9181,#9182));
#1195=EDGE_LOOP('',(#9183,#9184,#9185,#9186));
#1196=EDGE_LOOP('',(#9187,#9188,#9189,#9190));
#1197=EDGE_LOOP('',(#9191,#9192,#9193,#9194));
#1198=EDGE_LOOP('',(#9195,#9196,#9197,#9198));
#1199=EDGE_LOOP('',(#9199,#9200,#9201,#9202));
#1200=EDGE_LOOP('',(#9203,#9204,#9205,#9206));
#1201=EDGE_LOOP('',(#9207,#9208,#9209,#9210));
#1202=EDGE_LOOP('',(#9211,#9212,#9213,#9214));
#1203=EDGE_LOOP('',(#9215,#9216,#9217,#9218));
#1204=EDGE_LOOP('',(#9219,#9220,#9221,#9222));
#1205=EDGE_LOOP('',(#9223,#9224,#9225,#9226));
#1206=EDGE_LOOP('',(#9227,#9228,#9229,#9230));
#1207=EDGE_LOOP('',(#9231,#9232,#9233,#9234));
#1208=EDGE_LOOP('',(#9235,#9236,#9237,#9238));
#1209=EDGE_LOOP('',(#9239,#9240,#9241,#9242));
#1210=EDGE_LOOP('',(#9243,#9244,#9245,#9246));
#1211=EDGE_LOOP('',(#9247,#9248,#9249,#9250));
#1212=EDGE_LOOP('',(#9251,#9252,#9253,#9254));
#1213=EDGE_LOOP('',(#9255,#9256,#9257,#9258));
#1214=EDGE_LOOP('',(#9259,#9260,#9261,#9262));
#1215=EDGE_LOOP('',(#9263,#9264,#9265,#9266));
#1216=EDGE_LOOP('',(#9267,#9268,#9269,#9270));
#1217=EDGE_LOOP('',(#9271,#9272,#9273,#9274));
#1218=EDGE_LOOP('',(#9275,#9276,#9277,#9278));
#1219=EDGE_LOOP('',(#9279,#9280,#9281,#9282));
#1220=EDGE_LOOP('',(#9283,#9284,#9285,#9286));
#1221=EDGE_LOOP('',(#9287,#9288,#9289,#9290));
#1222=EDGE_LOOP('',(#9291,#9292,#9293,#9294));
#1223=EDGE_LOOP('',(#9295,#9296,#9297,#9298));
#1224=EDGE_LOOP('',(#9299,#9300,#9301,#9302));
#1225=EDGE_LOOP('',(#9303,#9304,#9305,#9306));
#1226=EDGE_LOOP('',(#9307,#9308,#9309,#9310));
#1227=EDGE_LOOP('',(#9311,#9312,#9313,#9314));
#1228=EDGE_LOOP('',(#9315,#9316,#9317,#9318));
#1229=EDGE_LOOP('',(#9319,#9320,#9321,#9322));
#1230=EDGE_LOOP('',(#9323,#9324,#9325,#9326));
#1231=EDGE_LOOP('',(#9327,#9328,#9329,#9330));
#1232=EDGE_LOOP('',(#9331,#9332,#9333,#9334));
#1233=EDGE_LOOP('',(#9335,#9336,#9337,#9338));
#1234=EDGE_LOOP('',(#9339,#9340,#9341,#9342));
#1235=EDGE_LOOP('',(#9343,#9344,#9345,#9346));
#1236=EDGE_LOOP('',(#9347,#9348,#9349,#9350));
#1237=EDGE_LOOP('',(#9351,#9352,#9353,#9354));
#1238=EDGE_LOOP('',(#9355,#9356,#9357,#9358));
#1239=EDGE_LOOP('',(#9359,#9360,#9361,#9362));
#1240=EDGE_LOOP('',(#9363,#9364,#9365,#9366));
#1241=EDGE_LOOP('',(#9367,#9368,#9369,#9370));
#1242=EDGE_LOOP('',(#9371,#9372,#9373,#9374));
#1243=EDGE_LOOP('',(#9375,#9376,#9377,#9378));
#1244=EDGE_LOOP('',(#9379,#9380,#9381,#9382));
#1245=EDGE_LOOP('',(#9383,#9384,#9385,#9386));
#1246=EDGE_LOOP('',(#9387,#9388,#9389,#9390));
#1247=EDGE_LOOP('',(#9391,#9392,#9393,#9394));
#1248=EDGE_LOOP('',(#9395,#9396,#9397,#9398));
#1249=EDGE_LOOP('',(#9399,#9400,#9401,#9402));
#1250=EDGE_LOOP('',(#9403,#9404,#9405,#9406));
#1251=EDGE_LOOP('',(#9407,#9408,#9409,#9410));
#1252=EDGE_LOOP('',(#9411,#9412,#9413,#9414));
#1253=EDGE_LOOP('',(#9415,#9416,#9417,#9418));
#1254=EDGE_LOOP('',(#9419,#9420,#9421,#9422));
#1255=EDGE_LOOP('',(#9423,#9424,#9425,#9426));
#1256=EDGE_LOOP('',(#9427,#9428,#9429,#9430));
#1257=EDGE_LOOP('',(#9431,#9432,#9433,#9434));
#1258=EDGE_LOOP('',(#9435,#9436,#9437,#9438));
#1259=EDGE_LOOP('',(#9439,#9440,#9441,#9442));
#1260=EDGE_LOOP('',(#9443,#9444,#9445,#9446));
#1261=EDGE_LOOP('',(#9447,#9448,#9449,#9450));
#1262=EDGE_LOOP('',(#9451,#9452,#9453,#9454));
#1263=EDGE_LOOP('',(#9455,#9456,#9457,#9458));
#1264=EDGE_LOOP('',(#9459,#9460,#9461,#9462));
#1265=EDGE_LOOP('',(#9463,#9464,#9465,#9466));
#1266=EDGE_LOOP('',(#9467,#9468,#9469,#9470));
#1267=EDGE_LOOP('',(#9471,#9472,#9473,#9474));
#1268=EDGE_LOOP('',(#9475,#9476,#9477,#9478));
#1269=EDGE_LOOP('',(#9479,#9480,#9481,#9482));
#1270=EDGE_LOOP('',(#9483,#9484,#9485,#9486));
#1271=EDGE_LOOP('',(#9487,#9488,#9489,#9490));
#1272=EDGE_LOOP('',(#9491,#9492,#9493,#9494));
#1273=EDGE_LOOP('',(#9495,#9496,#9497,#9498));
#1274=EDGE_LOOP('',(#9499,#9500,#9501,#9502));
#1275=EDGE_LOOP('',(#9503,#9504,#9505,#9506));
#1276=EDGE_LOOP('',(#9507,#9508,#9509,#9510));
#1277=EDGE_LOOP('',(#9511,#9512,#9513,#9514));
#1278=EDGE_LOOP('',(#9515,#9516,#9517,#9518));
#1279=EDGE_LOOP('',(#9519,#9520,#9521,#9522));
#1280=EDGE_LOOP('',(#9523,#9524,#9525,#9526));
#1281=EDGE_LOOP('',(#9527,#9528,#9529,#9530));
#1282=EDGE_LOOP('',(#9531,#9532,#9533,#9534));
#1283=EDGE_LOOP('',(#9535,#9536,#9537,#9538));
#1284=EDGE_LOOP('',(#9539,#9540,#9541,#9542));
#1285=EDGE_LOOP('',(#9543,#9544,#9545,#9546));
#1286=EDGE_LOOP('',(#9547,#9548,#9549,#9550));
#1287=EDGE_LOOP('',(#9551,#9552,#9553,#9554));
#1288=EDGE_LOOP('',(#9555,#9556,#9557,#9558));
#1289=EDGE_LOOP('',(#9559,#9560,#9561,#9562));
#1290=EDGE_LOOP('',(#9563,#9564,#9565,#9566));
#1291=EDGE_LOOP('',(#9567,#9568,#9569,#9570));
#1292=EDGE_LOOP('',(#9571,#9572,#9573,#9574));
#1293=EDGE_LOOP('',(#9575,#9576,#9577,#9578));
#1294=EDGE_LOOP('',(#9579,#9580,#9581,#9582));
#1295=EDGE_LOOP('',(#9583,#9584,#9585,#9586));
#1296=EDGE_LOOP('',(#9587,#9588,#9589,#9590));
#1297=EDGE_LOOP('',(#9591,#9592,#9593,#9594));
#1298=EDGE_LOOP('',(#9595,#9596,#9597,#9598));
#1299=EDGE_LOOP('',(#9599,#9600,#9601,#9602));
#1300=EDGE_LOOP('',(#9603,#9604,#9605,#9606));
#1301=EDGE_LOOP('',(#9607,#9608,#9609,#9610));
#1302=EDGE_LOOP('',(#9611,#9612,#9613,#9614));
#1303=EDGE_LOOP('',(#9615,#9616,#9617,#9618));
#1304=EDGE_LOOP('',(#9619,#9620,#9621,#9622));
#1305=EDGE_LOOP('',(#9623,#9624,#9625,#9626));
#1306=EDGE_LOOP('',(#9627,#9628,#9629,#9630));
#1307=EDGE_LOOP('',(#9631,#9632,#9633,#9634));
#1308=EDGE_LOOP('',(#9635,#9636,#9637,#9638));
#1309=EDGE_LOOP('',(#9639,#9640,#9641,#9642));
#1310=EDGE_LOOP('',(#9643,#9644,#9645,#9646));
#1311=EDGE_LOOP('',(#9647,#9648,#9649,#9650));
#1312=EDGE_LOOP('',(#9651,#9652,#9653,#9654));
#1313=EDGE_LOOP('',(#9655,#9656,#9657,#9658));
#1314=EDGE_LOOP('',(#9659,#9660,#9661,#9662));
#1315=EDGE_LOOP('',(#9663,#9664,#9665,#9666));
#1316=EDGE_LOOP('',(#9667,#9668,#9669,#9670));
#1317=EDGE_LOOP('',(#9671,#9672,#9673,#9674));
#1318=EDGE_LOOP('',(#9675,#9676,#9677,#9678));
#1319=EDGE_LOOP('',(#9679,#9680,#9681,#9682));
#1320=EDGE_LOOP('',(#9683,#9684,#9685,#9686));
#1321=EDGE_LOOP('',(#9687,#9688,#9689,#9690));
#1322=EDGE_LOOP('',(#9691,#9692,#9693,#9694));
#1323=EDGE_LOOP('',(#9695,#9696,#9697,#9698));
#1324=EDGE_LOOP('',(#9699,#9700,#9701,#9702));
#1325=EDGE_LOOP('',(#9703,#9704,#9705,#9706));
#1326=EDGE_LOOP('',(#9707,#9708,#9709,#9710));
#1327=EDGE_LOOP('',(#9711,#9712,#9713,#9714));
#1328=EDGE_LOOP('',(#9715,#9716,#9717,#9718));
#1329=EDGE_LOOP('',(#9719,#9720,#9721,#9722));
#1330=EDGE_LOOP('',(#9723,#9724,#9725,#9726));
#1331=EDGE_LOOP('',(#9727,#9728,#9729,#9730));
#1332=EDGE_LOOP('',(#9731,#9732,#9733,#9734));
#1333=EDGE_LOOP('',(#9735,#9736,#9737,#9738));
#1334=EDGE_LOOP('',(#9739,#9740,#9741,#9742));
#1335=EDGE_LOOP('',(#9743,#9744,#9745,#9746));
#1336=EDGE_LOOP('',(#9747,#9748,#9749,#9750));
#1337=EDGE_LOOP('',(#9751,#9752,#9753,#9754));
#1338=EDGE_LOOP('',(#9755,#9756,#9757,#9758));
#1339=EDGE_LOOP('',(#9759,#9760,#9761,#9762));
#1340=EDGE_LOOP('',(#9763,#9764,#9765,#9766));
#1341=EDGE_LOOP('',(#9767,#9768,#9769,#9770));
#1342=EDGE_LOOP('',(#9771,#9772,#9773,#9774));
#1343=EDGE_LOOP('',(#9775,#9776,#9777,#9778));
#1344=EDGE_LOOP('',(#9779,#9780,#9781,#9782));
#1345=EDGE_LOOP('',(#9783,#9784,#9785,#9786));
#1346=EDGE_LOOP('',(#9787,#9788,#9789,#9790));
#1347=EDGE_LOOP('',(#9791,#9792,#9793,#9794));
#1348=EDGE_LOOP('',(#9795,#9796,#9797,#9798));
#1349=EDGE_LOOP('',(#9799,#9800,#9801,#9802));
#1350=EDGE_LOOP('',(#9803,#9804,#9805,#9806));
#1351=EDGE_LOOP('',(#9807,#9808,#9809,#9810));
#1352=EDGE_LOOP('',(#9811,#9812,#9813,#9814));
#1353=EDGE_LOOP('',(#9815,#9816,#9817,#9818));
#1354=EDGE_LOOP('',(#9819,#9820,#9821,#9822));
#1355=EDGE_LOOP('',(#9823,#9824,#9825,#9826));
#1356=EDGE_LOOP('',(#9827,#9828,#9829,#9830));
#1357=EDGE_LOOP('',(#9831,#9832,#9833,#9834));
#1358=EDGE_LOOP('',(#9835,#9836,#9837,#9838));
#1359=EDGE_LOOP('',(#9839,#9840,#9841,#9842));
#1360=EDGE_LOOP('',(#9843,#9844,#9845,#9846));
#1361=EDGE_LOOP('',(#9847,#9848,#9849,#9850));
#1362=EDGE_LOOP('',(#9851,#9852,#9853,#9854));
#1363=EDGE_LOOP('',(#9855,#9856,#9857,#9858));
#1364=EDGE_LOOP('',(#9859,#9860,#9861,#9862));
#1365=EDGE_LOOP('',(#9863,#9864,#9865,#9866));
#1366=EDGE_LOOP('',(#9867,#9868,#9869,#9870));
#1367=EDGE_LOOP('',(#9871,#9872,#9873,#9874));
#1368=EDGE_LOOP('',(#9875,#9876,#9877,#9878));
#1369=EDGE_LOOP('',(#9879,#9880,#9881,#9882));
#1370=EDGE_LOOP('',(#9883,#9884,#9885,#9886));
#1371=EDGE_LOOP('',(#9887,#9888,#9889,#9890));
#1372=EDGE_LOOP('',(#9891,#9892,#9893,#9894));
#1373=EDGE_LOOP('',(#9895,#9896,#9897,#9898));
#1374=EDGE_LOOP('',(#9899,#9900,#9901,#9902));
#1375=EDGE_LOOP('',(#9903,#9904,#9905,#9906));
#1376=EDGE_LOOP('',(#9907,#9908,#9909,#9910));
#1377=EDGE_LOOP('',(#9911,#9912,#9913,#9914));
#1378=EDGE_LOOP('',(#9915,#9916,#9917,#9918));
#1379=EDGE_LOOP('',(#9919,#9920,#9921,#9922));
#1380=EDGE_LOOP('',(#9923,#9924,#9925,#9926));
#1381=EDGE_LOOP('',(#9927,#9928,#9929,#9930));
#1382=EDGE_LOOP('',(#9931,#9932,#9933,#9934));
#1383=EDGE_LOOP('',(#9935,#9936,#9937,#9938));
#1384=EDGE_LOOP('',(#9939,#9940,#9941,#9942));
#1385=EDGE_LOOP('',(#9943,#9944,#9945,#9946));
#1386=EDGE_LOOP('',(#9947,#9948,#9949,#9950));
#1387=EDGE_LOOP('',(#9951,#9952,#9953,#9954));
#1388=EDGE_LOOP('',(#9955,#9956,#9957,#9958));
#1389=EDGE_LOOP('',(#9959,#9960,#9961,#9962));
#1390=EDGE_LOOP('',(#9963,#9964,#9965,#9966));
#1391=EDGE_LOOP('',(#9967,#9968,#9969,#9970));
#1392=EDGE_LOOP('',(#9971,#9972,#9973,#9974));
#1393=EDGE_LOOP('',(#9975,#9976,#9977,#9978));
#1394=EDGE_LOOP('',(#9979,#9980,#9981,#9982));
#1395=EDGE_LOOP('',(#9983,#9984,#9985,#9986));
#1396=EDGE_LOOP('',(#9987,#9988,#9989,#9990));
#1397=EDGE_LOOP('',(#9991,#9992,#9993,#9994));
#1398=EDGE_LOOP('',(#9995,#9996,#9997,#9998));
#1399=EDGE_LOOP('',(#9999,#10000,#10001,#10002));
#1400=EDGE_LOOP('',(#10003,#10004,#10005,#10006));
#1401=EDGE_LOOP('',(#10007,#10008,#10009,#10010));
#1402=EDGE_LOOP('',(#10011,#10012,#10013,#10014));
#1403=EDGE_LOOP('',(#10015,#10016,#10017,#10018));
#1404=EDGE_LOOP('',(#10019,#10020,#10021,#10022));
#1405=EDGE_LOOP('',(#10023,#10024,#10025,#10026));
#1406=EDGE_LOOP('',(#10027,#10028,#10029,#10030));
#1407=EDGE_LOOP('',(#10031,#10032,#10033,#10034));
#1408=EDGE_LOOP('',(#10035,#10036,#10037,#10038));
#1409=EDGE_LOOP('',(#10039,#10040,#10041,#10042));
#1410=EDGE_LOOP('',(#10043,#10044,#10045,#10046));
#1411=EDGE_LOOP('',(#10047,#10048,#10049,#10050));
#1412=EDGE_LOOP('',(#10051,#10052,#10053,#10054));
#1413=EDGE_LOOP('',(#10055,#10056,#10057,#10058));
#1414=EDGE_LOOP('',(#10059,#10060,#10061,#10062));
#1415=EDGE_LOOP('',(#10063,#10064,#10065,#10066));
#1416=EDGE_LOOP('',(#10067,#10068,#10069,#10070));
#1417=EDGE_LOOP('',(#10071,#10072,#10073,#10074));
#1418=EDGE_LOOP('',(#10075,#10076,#10077,#10078));
#1419=EDGE_LOOP('',(#10079,#10080,#10081,#10082));
#1420=EDGE_LOOP('',(#10083,#10084,#10085,#10086));
#1421=EDGE_LOOP('',(#10087,#10088,#10089,#10090));
#1422=EDGE_LOOP('',(#10091,#10092,#10093,#10094));
#1423=EDGE_LOOP('',(#10095,#10096,#10097,#10098));
#1424=EDGE_LOOP('',(#10099,#10100,#10101,#10102));
#1425=EDGE_LOOP('',(#10103,#10104,#10105,#10106));
#1426=EDGE_LOOP('',(#10107,#10108,#10109,#10110));
#1427=EDGE_LOOP('',(#10111,#10112,#10113,#10114));
#1428=EDGE_LOOP('',(#10115,#10116,#10117,#10118));
#1429=EDGE_LOOP('',(#10119,#10120,#10121,#10122));
#1430=EDGE_LOOP('',(#10123,#10124,#10125,#10126));
#1431=EDGE_LOOP('',(#10127,#10128,#10129,#10130));
#1432=EDGE_LOOP('',(#10131,#10132,#10133,#10134));
#1433=EDGE_LOOP('',(#10135,#10136,#10137,#10138));
#1434=EDGE_LOOP('',(#10139,#10140,#10141,#10142));
#1435=EDGE_LOOP('',(#10143,#10144,#10145,#10146));
#1436=EDGE_LOOP('',(#10147,#10148,#10149,#10150));
#1437=EDGE_LOOP('',(#10151,#10152,#10153,#10154));
#1438=EDGE_LOOP('',(#10155,#10156,#10157,#10158));
#1439=EDGE_LOOP('',(#10159,#10160,#10161,#10162));
#1440=EDGE_LOOP('',(#10163,#10164,#10165,#10166));
#1441=EDGE_LOOP('',(#10167,#10168,#10169,#10170));
#1442=EDGE_LOOP('',(#10171,#10172,#10173,#10174));
#1443=EDGE_LOOP('',(#10175,#10176,#10177,#10178));
#1444=EDGE_LOOP('',(#10179,#10180,#10181,#10182));
#1445=EDGE_LOOP('',(#10183,#10184,#10185,#10186));
#1446=EDGE_LOOP('',(#10187,#10188,#10189,#10190));
#1447=EDGE_LOOP('',(#10191,#10192,#10193,#10194));
#1448=EDGE_LOOP('',(#10195,#10196,#10197,#10198));
#1449=EDGE_LOOP('',(#10199,#10200,#10201,#10202));
#1450=EDGE_LOOP('',(#10203,#10204,#10205,#10206));
#1451=EDGE_LOOP('',(#10207,#10208,#10209,#10210));
#1452=EDGE_LOOP('',(#10211,#10212,#10213,#10214));
#1453=EDGE_LOOP('',(#10215,#10216,#10217,#10218));
#1454=EDGE_LOOP('',(#10219,#10220,#10221,#10222));
#1455=EDGE_LOOP('',(#10223,#10224,#10225,#10226));
#1456=EDGE_LOOP('',(#10227,#10228,#10229,#10230));
#1457=EDGE_LOOP('',(#10231,#10232,#10233,#10234));
#1458=EDGE_LOOP('',(#10235,#10236,#10237,#10238));
#1459=EDGE_LOOP('',(#10239,#10240,#10241,#10242));
#1460=EDGE_LOOP('',(#10243,#10244,#10245,#10246));
#1461=EDGE_LOOP('',(#10247,#10248,#10249,#10250));
#1462=EDGE_LOOP('',(#10251,#10252,#10253,#10254));
#1463=EDGE_LOOP('',(#10255,#10256,#10257,#10258));
#1464=EDGE_LOOP('',(#10259,#10260,#10261,#10262));
#1465=EDGE_LOOP('',(#10263,#10264,#10265,#10266));
#1466=EDGE_LOOP('',(#10267,#10268,#10269,#10270));
#1467=EDGE_LOOP('',(#10271,#10272,#10273,#10274));
#1468=EDGE_LOOP('',(#10275,#10276,#10277,#10278));
#1469=EDGE_LOOP('',(#10279,#10280,#10281,#10282));
#1470=EDGE_LOOP('',(#10283,#10284,#10285,#10286));
#1471=EDGE_LOOP('',(#10287,#10288,#10289,#10290));
#1472=EDGE_LOOP('',(#10291,#10292,#10293,#10294));
#1473=EDGE_LOOP('',(#10295,#10296,#10297,#10298));
#1474=EDGE_LOOP('',(#10299,#10300,#10301,#10302));
#1475=EDGE_LOOP('',(#10303,#10304,#10305,#10306));
#1476=EDGE_LOOP('',(#10307,#10308,#10309,#10310));
#1477=EDGE_LOOP('',(#10311,#10312,#10313,#10314));
#1478=EDGE_LOOP('',(#10315,#10316,#10317,#10318));
#1479=EDGE_LOOP('',(#10319,#10320,#10321,#10322));
#1480=EDGE_LOOP('',(#10323,#10324,#10325,#10326));
#1481=EDGE_LOOP('',(#10327,#10328,#10329,#10330));
#1482=EDGE_LOOP('',(#10331,#10332,#10333,#10334));
#1483=EDGE_LOOP('',(#10335,#10336,#10337,#10338));
#1484=EDGE_LOOP('',(#10339,#10340,#10341,#10342));
#1485=EDGE_LOOP('',(#10343,#10344,#10345,#10346));
#1486=EDGE_LOOP('',(#10347,#10348,#10349,#10350));
#1487=EDGE_LOOP('',(#10351,#10352,#10353,#10354));
#1488=EDGE_LOOP('',(#10355,#10356,#10357,#10358));
#1489=EDGE_LOOP('',(#10359,#10360,#10361,#10362));
#1490=EDGE_LOOP('',(#10363,#10364,#10365,#10366));
#1491=EDGE_LOOP('',(#10367,#10368,#10369,#10370));
#1492=EDGE_LOOP('',(#10371,#10372,#10373,#10374));
#1493=EDGE_LOOP('',(#10375,#10376,#10377,#10378));
#1494=EDGE_LOOP('',(#10379,#10380,#10381,#10382));
#1495=EDGE_LOOP('',(#10383,#10384,#10385,#10386));
#1496=EDGE_LOOP('',(#10387,#10388,#10389,#10390));
#1497=EDGE_LOOP('',(#10391,#10392,#10393,#10394));
#1498=EDGE_LOOP('',(#10395,#10396,#10397,#10398));
#1499=EDGE_LOOP('',(#10399,#10400,#10401,#10402));
#1500=EDGE_LOOP('',(#10403,#10404,#10405,#10406));
#1501=EDGE_LOOP('',(#10407,#10408,#10409,#10410));
#1502=EDGE_LOOP('',(#10411,#10412,#10413,#10414));
#1503=EDGE_LOOP('',(#10415,#10416,#10417,#10418));
#1504=EDGE_LOOP('',(#10419,#10420,#10421,#10422));
#1505=EDGE_LOOP('',(#10423,#10424,#10425,#10426));
#1506=EDGE_LOOP('',(#10427,#10428,#10429,#10430));
#1507=EDGE_LOOP('',(#10431,#10432,#10433,#10434));
#1508=EDGE_LOOP('',(#10435,#10436,#10437,#10438));
#1509=EDGE_LOOP('',(#10439,#10440,#10441,#10442));
#1510=EDGE_LOOP('',(#10443,#10444,#10445,#10446));
#1511=EDGE_LOOP('',(#10447,#10448,#10449,#10450));
#1512=EDGE_LOOP('',(#10451,#10452,#10453,#10454));
#1513=EDGE_LOOP('',(#10455,#10456,#10457,#10458));
#1514=EDGE_LOOP('',(#10459,#10460,#10461,#10462));
#1515=EDGE_LOOP('',(#10463,#10464,#10465,#10466));
#1516=EDGE_LOOP('',(#10467,#10468,#10469,#10470));
#1517=EDGE_LOOP('',(#10471,#10472,#10473,#10474));
#1518=EDGE_LOOP('',(#10475,#10476,#10477,#10478));
#1519=EDGE_LOOP('',(#10479,#10480,#10481,#10482));
#1520=EDGE_LOOP('',(#10483,#10484,#10485,#10486));
#1521=EDGE_LOOP('',(#10487,#10488,#10489,#10490));
#1522=EDGE_LOOP('',(#10491,#10492,#10493,#10494));
#1523=EDGE_LOOP('',(#10495,#10496,#10497,#10498));
#1524=EDGE_LOOP('',(#10499,#10500,#10501,#10502));
#1525=EDGE_LOOP('',(#10503,#10504,#10505,#10506));
#1526=EDGE_LOOP('',(#10507,#10508,#10509,#10510));
#1527=EDGE_LOOP('',(#10511,#10512,#10513,#10514));
#1528=EDGE_LOOP('',(#10515,#10516,#10517,#10518));
#1529=EDGE_LOOP('',(#10519,#10520,#10521,#10522));
#1530=EDGE_LOOP('',(#10523,#10524,#10525,#10526));
#1531=EDGE_LOOP('',(#10527,#10528,#10529,#10530));
#1532=EDGE_LOOP('',(#10531,#10532,#10533,#10534));
#1533=EDGE_LOOP('',(#10535,#10536,#10537,#10538));
#1534=EDGE_LOOP('',(#10539,#10540,#10541,#10542));
#1535=EDGE_LOOP('',(#10543,#10544,#10545,#10546));
#1536=EDGE_LOOP('',(#10547,#10548,#10549,#10550));
#1537=EDGE_LOOP('',(#10551,#10552,#10553,#10554));
#1538=EDGE_LOOP('',(#10555,#10556,#10557,#10558));
#1539=EDGE_LOOP('',(#10559,#10560,#10561,#10562));
#1540=EDGE_LOOP('',(#10563,#10564,#10565,#10566));
#1541=EDGE_LOOP('',(#10567,#10568,#10569,#10570));
#1542=EDGE_LOOP('',(#10571,#10572,#10573,#10574));
#1543=EDGE_LOOP('',(#10575,#10576,#10577,#10578));
#1544=EDGE_LOOP('',(#10579,#10580,#10581,#10582));
#1545=EDGE_LOOP('',(#10583,#10584,#10585,#10586));
#1546=EDGE_LOOP('',(#10587,#10588,#10589,#10590));
#1547=EDGE_LOOP('',(#10591,#10592,#10593,#10594));
#1548=EDGE_LOOP('',(#10595,#10596,#10597,#10598));
#1549=EDGE_LOOP('',(#10599,#10600,#10601,#10602));
#1550=EDGE_LOOP('',(#10603,#10604,#10605,#10606));
#1551=EDGE_LOOP('',(#10607,#10608,#10609,#10610));
#1552=EDGE_LOOP('',(#10611,#10612,#10613,#10614));
#1553=EDGE_LOOP('',(#10615,#10616,#10617,#10618));
#1554=EDGE_LOOP('',(#10619,#10620,#10621,#10622));
#1555=EDGE_LOOP('',(#10623,#10624,#10625,#10626));
#1556=EDGE_LOOP('',(#10627,#10628,#10629,#10630));
#1557=EDGE_LOOP('',(#10631,#10632,#10633,#10634));
#1558=EDGE_LOOP('',(#10635,#10636,#10637,#10638));
#1559=EDGE_LOOP('',(#10639,#10640,#10641,#10642));
#1560=EDGE_LOOP('',(#10643,#10644,#10645,#10646));
#1561=EDGE_LOOP('',(#10647,#10648,#10649,#10650));
#1562=EDGE_LOOP('',(#10651,#10652,#10653,#10654));
#1563=EDGE_LOOP('',(#10655,#10656,#10657,#10658));
#1564=EDGE_LOOP('',(#10659,#10660,#10661,#10662));
#1565=EDGE_LOOP('',(#10663,#10664,#10665,#10666));
#1566=EDGE_LOOP('',(#10667,#10668,#10669,#10670));
#1567=EDGE_LOOP('',(#10671,#10672,#10673,#10674));
#1568=EDGE_LOOP('',(#10675,#10676,#10677,#10678));
#1569=EDGE_LOOP('',(#10679,#10680,#10681,#10682));
#1570=EDGE_LOOP('',(#10683,#10684,#10685,#10686));
#1571=EDGE_LOOP('',(#10687,#10688,#10689,#10690));
#1572=EDGE_LOOP('',(#10691,#10692,#10693,#10694));
#1573=EDGE_LOOP('',(#10695,#10696,#10697,#10698));
#1574=EDGE_LOOP('',(#10699,#10700,#10701,#10702));
#1575=EDGE_LOOP('',(#10703,#10704,#10705,#10706));
#1576=EDGE_LOOP('',(#10707,#10708,#10709,#10710));
#1577=EDGE_LOOP('',(#10711,#10712,#10713,#10714));
#1578=EDGE_LOOP('',(#10715,#10716,#10717,#10718));
#1579=EDGE_LOOP('',(#10719,#10720,#10721,#10722));
#1580=EDGE_LOOP('',(#10723,#10724,#10725,#10726));
#1581=EDGE_LOOP('',(#10727,#10728,#10729,#10730));
#1582=EDGE_LOOP('',(#10731,#10732,#10733,#10734));
#1583=EDGE_LOOP('',(#10735,#10736,#10737,#10738));
#1584=EDGE_LOOP('',(#10739,#10740,#10741,#10742));
#1585=EDGE_LOOP('',(#10743,#10744,#10745,#10746));
#1586=EDGE_LOOP('',(#10747,#10748,#10749,#10750));
#1587=EDGE_LOOP('',(#10751,#10752,#10753,#10754));
#1588=EDGE_LOOP('',(#10755,#10756,#10757,#10758));
#1589=EDGE_LOOP('',(#10759,#10760,#10761,#10762));
#1590=EDGE_LOOP('',(#10763,#10764,#10765,#10766));
#1591=EDGE_LOOP('',(#10767,#10768,#10769,#10770));
#1592=EDGE_LOOP('',(#10771,#10772,#10773,#10774));
#1593=EDGE_LOOP('',(#10775,#10776,#10777,#10778));
#1594=EDGE_LOOP('',(#10779,#10780,#10781,#10782));
#1595=EDGE_LOOP('',(#10783,#10784,#10785,#10786));
#1596=EDGE_LOOP('',(#10787,#10788,#10789,#10790));
#1597=EDGE_LOOP('',(#10791,#10792,#10793,#10794));
#1598=EDGE_LOOP('',(#10795,#10796,#10797,#10798));
#1599=EDGE_LOOP('',(#10799,#10800,#10801,#10802));
#1600=EDGE_LOOP('',(#10803,#10804,#10805,#10806));
#1601=EDGE_LOOP('',(#10807,#10808,#10809,#10810));
#1602=EDGE_LOOP('',(#10811,#10812,#10813,#10814));
#1603=EDGE_LOOP('',(#10815,#10816,#10817,#10818));
#1604=EDGE_LOOP('',(#10819,#10820,#10821,#10822));
#1605=EDGE_LOOP('',(#10823,#10824,#10825,#10826));
#1606=EDGE_LOOP('',(#10827,#10828,#10829,#10830));
#1607=EDGE_LOOP('',(#10831,#10832,#10833,#10834));
#1608=EDGE_LOOP('',(#10835,#10836,#10837,#10838));
#1609=EDGE_LOOP('',(#10839,#10840,#10841,#10842));
#1610=EDGE_LOOP('',(#10843,#10844,#10845,#10846));
#1611=EDGE_LOOP('',(#10847,#10848,#10849,#10850));
#1612=EDGE_LOOP('',(#10851,#10852,#10853,#10854));
#1613=EDGE_LOOP('',(#10855,#10856,#10857,#10858));
#1614=EDGE_LOOP('',(#10859,#10860,#10861,#10862));
#1615=EDGE_LOOP('',(#10863,#10864,#10865,#10866));
#1616=EDGE_LOOP('',(#10867,#10868,#10869,#10870));
#1617=EDGE_LOOP('',(#10871,#10872,#10873,#10874));
#1618=EDGE_LOOP('',(#10875,#10876,#10877,#10878));
#1619=EDGE_LOOP('',(#10879,#10880,#10881,#10882));
#1620=EDGE_LOOP('',(#10883,#10884,#10885,#10886));
#1621=EDGE_LOOP('',(#10887,#10888,#10889,#10890));
#1622=EDGE_LOOP('',(#10891,#10892,#10893,#10894));
#1623=EDGE_LOOP('',(#10895,#10896,#10897,#10898));
#1624=EDGE_LOOP('',(#10899,#10900,#10901,#10902));
#1625=EDGE_LOOP('',(#10903,#10904,#10905,#10906));
#1626=EDGE_LOOP('',(#10907,#10908,#10909,#10910));
#1627=EDGE_LOOP('',(#10911,#10912,#10913,#10914));
#1628=EDGE_LOOP('',(#10915,#10916,#10917,#10918));
#1629=EDGE_LOOP('',(#10919,#10920,#10921,#10922));
#1630=EDGE_LOOP('',(#10923,#10924,#10925,#10926));
#1631=EDGE_LOOP('',(#10927,#10928,#10929,#10930));
#1632=EDGE_LOOP('',(#10931,#10932,#10933,#10934));
#1633=EDGE_LOOP('',(#10935,#10936,#10937,#10938));
#1634=EDGE_LOOP('',(#10939,#10940,#10941,#10942));
#1635=EDGE_LOOP('',(#10943,#10944,#10945,#10946));
#1636=EDGE_LOOP('',(#10947,#10948,#10949,#10950));
#1637=EDGE_LOOP('',(#10951,#10952,#10953,#10954));
#1638=EDGE_LOOP('',(#10955,#10956,#10957,#10958));
#1639=EDGE_LOOP('',(#10959,#10960,#10961,#10962));
#1640=EDGE_LOOP('',(#10963,#10964,#10965,#10966));
#1641=EDGE_LOOP('',(#10967,#10968,#10969,#10970));
#1642=EDGE_LOOP('',(#10971,#10972,#10973,#10974));
#1643=EDGE_LOOP('',(#10975,#10976,#10977,#10978));
#1644=EDGE_LOOP('',(#10979,#10980,#10981,#10982));
#1645=EDGE_LOOP('',(#10983,#10984,#10985,#10986));
#1646=EDGE_LOOP('',(#10987,#10988,#10989,#10990));
#1647=EDGE_LOOP('',(#10991,#10992,#10993,#10994));
#1648=EDGE_LOOP('',(#10995,#10996,#10997,#10998));
#1649=EDGE_LOOP('',(#10999,#11000,#11001,#11002));
#1650=EDGE_LOOP('',(#11003,#11004,#11005,#11006));
#1651=EDGE_LOOP('',(#11007,#11008,#11009,#11010));
#1652=EDGE_LOOP('',(#11011,#11012,#11013,#11014));
#1653=EDGE_LOOP('',(#11015,#11016,#11017,#11018));
#1654=EDGE_LOOP('',(#11019,#11020,#11021,#11022));
#1655=EDGE_LOOP('',(#11023,#11024,#11025,#11026));
#1656=EDGE_LOOP('',(#11027,#11028,#11029,#11030));
#1657=EDGE_LOOP('',(#11031,#11032,#11033,#11034));
#1658=EDGE_LOOP('',(#11035,#11036,#11037,#11038));
#1659=EDGE_LOOP('',(#11039,#11040,#11041,#11042));
#1660=EDGE_LOOP('',(#11043,#11044,#11045,#11046));
#1661=EDGE_LOOP('',(#11047,#11048,#11049,#11050));
#1662=EDGE_LOOP('',(#11051,#11052,#11053,#11054));
#1663=EDGE_LOOP('',(#11055,#11056,#11057,#11058));
#1664=EDGE_LOOP('',(#11059,#11060,#11061,#11062));
#1665=EDGE_LOOP('',(#11063,#11064,#11065,#11066));
#1666=EDGE_LOOP('',(#11067,#11068,#11069,#11070));
#1667=EDGE_LOOP('',(#11071,#11072,#11073,#11074));
#1668=EDGE_LOOP('',(#11075,#11076,#11077,#11078));
#1669=EDGE_LOOP('',(#11079,#11080,#11081,#11082));
#1670=EDGE_LOOP('',(#11083,#11084,#11085,#11086));
#1671=EDGE_LOOP('',(#11087,#11088,#11089,#11090));
#1672=EDGE_LOOP('',(#11091,#11092,#11093,#11094));
#1673=EDGE_LOOP('',(#11095,#11096,#11097,#11098));
#1674=EDGE_LOOP('',(#11099,#11100,#11101,#11102));
#1675=EDGE_LOOP('',(#11103,#11104,#11105,#11106));
#1676=EDGE_LOOP('',(#11107,#11108,#11109,#11110));
#1677=EDGE_LOOP('',(#11111,#11112,#11113,#11114));
#1678=EDGE_LOOP('',(#11115,#11116,#11117,#11118));
#1679=EDGE_LOOP('',(#11119,#11120,#11121,#11122));
#1680=EDGE_LOOP('',(#11123,#11124,#11125,#11126));
#1681=EDGE_LOOP('',(#11127,#11128,#11129,#11130));
#1682=EDGE_LOOP('',(#11131,#11132,#11133,#11134));
#1683=EDGE_LOOP('',(#11135,#11136,#11137,#11138));
#1684=EDGE_LOOP('',(#11139,#11140,#11141,#11142));
#1685=EDGE_LOOP('',(#11143,#11144,#11145,#11146));
#1686=EDGE_LOOP('',(#11147,#11148,#11149,#11150));
#1687=EDGE_LOOP('',(#11151,#11152,#11153,#11154));
#1688=EDGE_LOOP('',(#11155,#11156,#11157,#11158));
#1689=EDGE_LOOP('',(#11159,#11160,#11161,#11162));
#1690=EDGE_LOOP('',(#11163,#11164,#11165,#11166));
#1691=EDGE_LOOP('',(#11167,#11168,#11169,#11170));
#1692=EDGE_LOOP('',(#11171,#11172,#11173,#11174));
#1693=EDGE_LOOP('',(#11175,#11176,#11177,#11178));
#1694=EDGE_LOOP('',(#11179,#11180,#11181,#11182));
#1695=EDGE_LOOP('',(#11183,#11184,#11185,#11186));
#1696=EDGE_LOOP('',(#11187,#11188,#11189,#11190));
#1697=EDGE_LOOP('',(#11191,#11192,#11193,#11194));
#1698=EDGE_LOOP('',(#11195,#11196,#11197,#11198));
#1699=EDGE_LOOP('',(#11199,#11200,#11201,#11202));
#1700=EDGE_LOOP('',(#11203,#11204,#11205,#11206));
#1701=EDGE_LOOP('',(#11207,#11208,#11209,#11210));
#1702=EDGE_LOOP('',(#11211,#11212,#11213,#11214));
#1703=EDGE_LOOP('',(#11215,#11216,#11217,#11218));
#1704=EDGE_LOOP('',(#11219,#11220,#11221,#11222));
#1705=EDGE_LOOP('',(#11223,#11224,#11225,#11226));
#1706=EDGE_LOOP('',(#11227,#11228,#11229,#11230));
#1707=EDGE_LOOP('',(#11231,#11232,#11233,#11234));
#1708=EDGE_LOOP('',(#11235,#11236,#11237,#11238));
#1709=EDGE_LOOP('',(#11239,#11240,#11241,#11242));
#1710=EDGE_LOOP('',(#11243,#11244,#11245,#11246));
#1711=EDGE_LOOP('',(#11247,#11248,#11249,#11250));
#1712=EDGE_LOOP('',(#11251,#11252,#11253,#11254));
#1713=EDGE_LOOP('',(#11255,#11256,#11257,#11258));
#1714=EDGE_LOOP('',(#11259,#11260,#11261,#11262));
#1715=EDGE_LOOP('',(#11263,#11264,#11265,#11266));
#1716=EDGE_LOOP('',(#11267,#11268,#11269,#11270));
#1717=EDGE_LOOP('',(#11271,#11272,#11273,#11274));
#1718=EDGE_LOOP('',(#11275,#11276,#11277,#11278));
#1719=EDGE_LOOP('',(#11279,#11280,#11281,#11282));
#1720=EDGE_LOOP('',(#11283,#11284,#11285,#11286));
#1721=EDGE_LOOP('',(#11287,#11288,#11289,#11290));
#1722=EDGE_LOOP('',(#11291,#11292,#11293,#11294));
#1723=EDGE_LOOP('',(#11295,#11296,#11297,#11298));
#1724=EDGE_LOOP('',(#11299,#11300,#11301,#11302));
#1725=EDGE_LOOP('',(#11303,#11304,#11305,#11306));
#1726=EDGE_LOOP('',(#11307,#11308,#11309,#11310));
#1727=EDGE_LOOP('',(#11311,#11312,#11313,#11314));
#1728=EDGE_LOOP('',(#11315,#11316,#11317,#11318));
#1729=EDGE_LOOP('',(#11319,#11320,#11321,#11322));
#1730=EDGE_LOOP('',(#11323,#11324,#11325,#11326));
#1731=EDGE_LOOP('',(#11327,#11328,#11329,#11330));
#1732=EDGE_LOOP('',(#11331,#11332,#11333,#11334));
#1733=EDGE_LOOP('',(#11335,#11336,#11337,#11338));
#1734=EDGE_LOOP('',(#11339,#11340,#11341,#11342));
#1735=EDGE_LOOP('',(#11343,#11344,#11345,#11346));
#1736=EDGE_LOOP('',(#11347,#11348,#11349,#11350));
#1737=EDGE_LOOP('',(#11351,#11352,#11353,#11354));
#1738=EDGE_LOOP('',(#11355,#11356,#11357,#11358));
#1739=EDGE_LOOP('',(#11359,#11360,#11361,#11362));
#1740=EDGE_LOOP('',(#11363,#11364,#11365,#11366));
#1741=EDGE_LOOP('',(#11367,#11368,#11369,#11370));
#1742=EDGE_LOOP('',(#11371,#11372,#11373,#11374));
#1743=EDGE_LOOP('',(#11375,#11376,#11377,#11378));
#1744=EDGE_LOOP('',(#11379,#11380,#11381,#11382));
#1745=EDGE_LOOP('',(#11383,#11384,#11385,#11386));
#1746=EDGE_LOOP('',(#11387,#11388,#11389,#11390));
#1747=EDGE_LOOP('',(#11391,#11392,#11393,#11394));
#1748=EDGE_LOOP('',(#11395,#11396,#11397,#11398));
#1749=EDGE_LOOP('',(#11399,#11400,#11401,#11402));
#1750=EDGE_LOOP('',(#11403,#11404,#11405,#11406));
#1751=EDGE_LOOP('',(#11407,#11408,#11409,#11410));
#1752=EDGE_LOOP('',(#11411,#11412,#11413,#11414));
#1753=EDGE_LOOP('',(#11415,#11416,#11417,#11418));
#1754=EDGE_LOOP('',(#11419,#11420,#11421,#11422));
#1755=EDGE_LOOP('',(#11423,#11424,#11425,#11426));
#1756=EDGE_LOOP('',(#11427,#11428,#11429,#11430));
#1757=EDGE_LOOP('',(#11431,#11432,#11433,#11434));
#1758=EDGE_LOOP('',(#11435,#11436,#11437,#11438));
#1759=EDGE_LOOP('',(#11439,#11440,#11441,#11442));
#1760=EDGE_LOOP('',(#11443,#11444,#11445,#11446));
#1761=EDGE_LOOP('',(#11447,#11448,#11449,#11450));
#1762=EDGE_LOOP('',(#11451,#11452,#11453,#11454));
#1763=EDGE_LOOP('',(#11455,#11456,#11457,#11458));
#1764=EDGE_LOOP('',(#11459,#11460,#11461,#11462));
#1765=EDGE_LOOP('',(#11463,#11464,#11465,#11466));
#1766=EDGE_LOOP('',(#11467,#11468,#11469,#11470));
#1767=EDGE_LOOP('',(#11471,#11472,#11473,#11474));
#1768=EDGE_LOOP('',(#11475,#11476,#11477,#11478));
#1769=EDGE_LOOP('',(#11479,#11480,#11481,#11482));
#1770=EDGE_LOOP('',(#11483,#11484,#11485,#11486));
#1771=EDGE_LOOP('',(#11487,#11488,#11489,#11490));
#1772=EDGE_LOOP('',(#11491,#11492,#11493,#11494));
#1773=EDGE_LOOP('',(#11495,#11496,#11497,#11498));
#1774=EDGE_LOOP('',(#11499,#11500,#11501,#11502));
#1775=EDGE_LOOP('',(#11503,#11504,#11505,#11506));
#1776=EDGE_LOOP('',(#11507,#11508,#11509,#11510));
#1777=EDGE_LOOP('',(#11511,#11512,#11513,#11514));
#1778=EDGE_LOOP('',(#11515,#11516,#11517,#11518));
#1779=EDGE_LOOP('',(#11519,#11520,#11521,#11522));
#1780=EDGE_LOOP('',(#11523,#11524,#11525,#11526));
#1781=EDGE_LOOP('',(#11527,#11528,#11529,#11530));
#1782=EDGE_LOOP('',(#11531,#11532,#11533,#11534));
#1783=EDGE_LOOP('',(#11535,#11536,#11537,#11538));
#1784=EDGE_LOOP('',(#11539,#11540,#11541,#11542));
#1785=LINE('',#17361,#3003);
#1786=LINE('',#17364,#3004);
#1787=LINE('',#17367,#3005);
#1788=LINE('',#17369,#3006);
#1789=LINE('',#17370,#3007);
#1790=LINE('',#17373,#3008);
#1791=LINE('',#17377,#3009);
#1792=LINE('',#17381,#3010);
#1793=LINE('',#17385,#3011);
#1794=LINE('',#17389,#3012);
#1795=LINE('',#17393,#3013);
#1796=LINE('',#17397,#3014);
#1797=LINE('',#17401,#3015);
#1798=LINE('',#17405,#3016);
#1799=LINE('',#17411,#3017);
#1800=LINE('',#17415,#3018);
#1801=LINE('',#17419,#3019);
#1802=LINE('',#17423,#3020);
#1803=LINE('',#17427,#3021);
#1804=LINE('',#17431,#3022);
#1805=LINE('',#17435,#3023);
#1806=LINE('',#17441,#3024);
#1807=LINE('',#17445,#3025);
#1808=LINE('',#17449,#3026);
#1809=LINE('',#17453,#3027);
#1810=LINE('',#17457,#3028);
#1811=LINE('',#17461,#3029);
#1812=LINE('',#17465,#3030);
#1813=LINE('',#17469,#3031);
#1814=LINE('',#17473,#3032);
#1815=LINE('',#17477,#3033);
#1816=LINE('',#17481,#3034);
#1817=LINE('',#17485,#3035);
#1818=LINE('',#17489,#3036);
#1819=LINE('',#17493,#3037);
#1820=LINE('',#17497,#3038);
#1821=LINE('',#17501,#3039);
#1822=LINE('',#17505,#3040);
#1823=LINE('',#17509,#3041);
#1824=LINE('',#17513,#3042);
#1825=LINE('',#17517,#3043);
#1826=LINE('',#17521,#3044);
#1827=LINE('',#17525,#3045);
#1828=LINE('',#17529,#3046);
#1829=LINE('',#17533,#3047);
#1830=LINE('',#17537,#3048);
#1831=LINE('',#17541,#3049);
#1832=LINE('',#17545,#3050);
#1833=LINE('',#17549,#3051);
#1834=LINE('',#17553,#3052);
#1835=LINE('',#17557,#3053);
#1836=LINE('',#17561,#3054);
#1837=LINE('',#17565,#3055);
#1838=LINE('',#17569,#3056);
#1839=LINE('',#17573,#3057);
#1840=LINE('',#17577,#3058);
#1841=LINE('',#17581,#3059);
#1842=LINE('',#17585,#3060);
#1843=LINE('',#17589,#3061);
#1844=LINE('',#17593,#3062);
#1845=LINE('',#17597,#3063);
#1846=LINE('',#17601,#3064);
#1847=LINE('',#17605,#3065);
#1848=LINE('',#17609,#3066);
#1849=LINE('',#17613,#3067);
#1850=LINE('',#17617,#3068);
#1851=LINE('',#17621,#3069);
#1852=LINE('',#17625,#3070);
#1853=LINE('',#17629,#3071);
#1854=LINE('',#17633,#3072);
#1855=LINE('',#17637,#3073);
#1856=LINE('',#17641,#3074);
#1857=LINE('',#17645,#3075);
#1858=LINE('',#17649,#3076);
#1859=LINE('',#17653,#3077);
#1860=LINE('',#17657,#3078);
#1861=LINE('',#17661,#3079);
#1862=LINE('',#17665,#3080);
#1863=LINE('',#17669,#3081);
#1864=LINE('',#17673,#3082);
#1865=LINE('',#17677,#3083);
#1866=LINE('',#17681,#3084);
#1867=LINE('',#17685,#3085);
#1868=LINE('',#17689,#3086);
#1869=LINE('',#17693,#3087);
#1870=LINE('',#17697,#3088);
#1871=LINE('',#17701,#3089);
#1872=LINE('',#17705,#3090);
#1873=LINE('',#17709,#3091);
#1874=LINE('',#17713,#3092);
#1875=LINE('',#17717,#3093);
#1876=LINE('',#17721,#3094);
#1877=LINE('',#17725,#3095);
#1878=LINE('',#17729,#3096);
#1879=LINE('',#17733,#3097);
#1880=LINE('',#17737,#3098);
#1881=LINE('',#17743,#3099);
#1882=LINE('',#17747,#3100);
#1883=LINE('',#17751,#3101);
#1884=LINE('',#17754,#3102);
#1885=LINE('',#17759,#3103);
#1886=LINE('',#17763,#3104);
#1887=LINE('',#17767,#3105);
#1888=LINE('',#17770,#3106);
#1889=LINE('',#17775,#3107);
#1890=LINE('',#17779,#3108);
#1891=LINE('',#17783,#3109);
#1892=LINE('',#17786,#3110);
#1893=LINE('',#17791,#3111);
#1894=LINE('',#17795,#3112);
#1895=LINE('',#17799,#3113);
#1896=LINE('',#17802,#3114);
#1897=LINE('',#17807,#3115);
#1898=LINE('',#17811,#3116);
#1899=LINE('',#17815,#3117);
#1900=LINE('',#17818,#3118);
#1901=LINE('',#17823,#3119);
#1902=LINE('',#17827,#3120);
#1903=LINE('',#17831,#3121);
#1904=LINE('',#17834,#3122);
#1905=LINE('',#17839,#3123);
#1906=LINE('',#17843,#3124);
#1907=LINE('',#17847,#3125);
#1908=LINE('',#17850,#3126);
#1909=LINE('',#17855,#3127);
#1910=LINE('',#17859,#3128);
#1911=LINE('',#17863,#3129);
#1912=LINE('',#17866,#3130);
#1913=LINE('',#17871,#3131);
#1914=LINE('',#17875,#3132);
#1915=LINE('',#17879,#3133);
#1916=LINE('',#17882,#3134);
#1917=LINE('',#17887,#3135);
#1918=LINE('',#17891,#3136);
#1919=LINE('',#17895,#3137);
#1920=LINE('',#17898,#3138);
#1921=LINE('',#17903,#3139);
#1922=LINE('',#17907,#3140);
#1923=LINE('',#17911,#3141);
#1924=LINE('',#17914,#3142);
#1925=LINE('',#17919,#3143);
#1926=LINE('',#17923,#3144);
#1927=LINE('',#17927,#3145);
#1928=LINE('',#17930,#3146);
#1929=LINE('',#17935,#3147);
#1930=LINE('',#17939,#3148);
#1931=LINE('',#17943,#3149);
#1932=LINE('',#17946,#3150);
#1933=LINE('',#17951,#3151);
#1934=LINE('',#17955,#3152);
#1935=LINE('',#17959,#3153);
#1936=LINE('',#17962,#3154);
#1937=LINE('',#17967,#3155);
#1938=LINE('',#17971,#3156);
#1939=LINE('',#17975,#3157);
#1940=LINE('',#17978,#3158);
#1941=LINE('',#17983,#3159);
#1942=LINE('',#17987,#3160);
#1943=LINE('',#17991,#3161);
#1944=LINE('',#17994,#3162);
#1945=LINE('',#17999,#3163);
#1946=LINE('',#18003,#3164);
#1947=LINE('',#18007,#3165);
#1948=LINE('',#18010,#3166);
#1949=LINE('',#18015,#3167);
#1950=LINE('',#18019,#3168);
#1951=LINE('',#18023,#3169);
#1952=LINE('',#18026,#3170);
#1953=LINE('',#18031,#3171);
#1954=LINE('',#18035,#3172);
#1955=LINE('',#18039,#3173);
#1956=LINE('',#18042,#3174);
#1957=LINE('',#18047,#3175);
#1958=LINE('',#18051,#3176);
#1959=LINE('',#18055,#3177);
#1960=LINE('',#18058,#3178);
#1961=LINE('',#18063,#3179);
#1962=LINE('',#18067,#3180);
#1963=LINE('',#18071,#3181);
#1964=LINE('',#18074,#3182);
#1965=LINE('',#18079,#3183);
#1966=LINE('',#18083,#3184);
#1967=LINE('',#18087,#3185);
#1968=LINE('',#18090,#3186);
#1969=LINE('',#18095,#3187);
#1970=LINE('',#18099,#3188);
#1971=LINE('',#18103,#3189);
#1972=LINE('',#18106,#3190);
#1973=LINE('',#18111,#3191);
#1974=LINE('',#18115,#3192);
#1975=LINE('',#18119,#3193);
#1976=LINE('',#18122,#3194);
#1977=LINE('',#18127,#3195);
#1978=LINE('',#18131,#3196);
#1979=LINE('',#18135,#3197);
#1980=LINE('',#18138,#3198);
#1981=LINE('',#18143,#3199);
#1982=LINE('',#18147,#3200);
#1983=LINE('',#18151,#3201);
#1984=LINE('',#18154,#3202);
#1985=LINE('',#18159,#3203);
#1986=LINE('',#18163,#3204);
#1987=LINE('',#18167,#3205);
#1988=LINE('',#18170,#3206);
#1989=LINE('',#18175,#3207);
#1990=LINE('',#18179,#3208);
#1991=LINE('',#18183,#3209);
#1992=LINE('',#18186,#3210);
#1993=LINE('',#18191,#3211);
#1994=LINE('',#18195,#3212);
#1995=LINE('',#18199,#3213);
#1996=LINE('',#18202,#3214);
#1997=LINE('',#18207,#3215);
#1998=LINE('',#18211,#3216);
#1999=LINE('',#18215,#3217);
#2000=LINE('',#18218,#3218);
#2001=LINE('',#18223,#3219);
#2002=LINE('',#18227,#3220);
#2003=LINE('',#18231,#3221);
#2004=LINE('',#18234,#3222);
#2005=LINE('',#18239,#3223);
#2006=LINE('',#18243,#3224);
#2007=LINE('',#18247,#3225);
#2008=LINE('',#18250,#3226);
#2009=LINE('',#18255,#3227);
#2010=LINE('',#18259,#3228);
#2011=LINE('',#18263,#3229);
#2012=LINE('',#18266,#3230);
#2013=LINE('',#18271,#3231);
#2014=LINE('',#18275,#3232);
#2015=LINE('',#18279,#3233);
#2016=LINE('',#18282,#3234);
#2017=LINE('',#18287,#3235);
#2018=LINE('',#18291,#3236);
#2019=LINE('',#18295,#3237);
#2020=LINE('',#18298,#3238);
#2021=LINE('',#18303,#3239);
#2022=LINE('',#18307,#3240);
#2023=LINE('',#18311,#3241);
#2024=LINE('',#18314,#3242);
#2025=LINE('',#18319,#3243);
#2026=LINE('',#18323,#3244);
#2027=LINE('',#18327,#3245);
#2028=LINE('',#18330,#3246);
#2029=LINE('',#18335,#3247);
#2030=LINE('',#18339,#3248);
#2031=LINE('',#18343,#3249);
#2032=LINE('',#18346,#3250);
#2033=LINE('',#18351,#3251);
#2034=LINE('',#18355,#3252);
#2035=LINE('',#18359,#3253);
#2036=LINE('',#18362,#3254);
#2037=LINE('',#18367,#3255);
#2038=LINE('',#18371,#3256);
#2039=LINE('',#18375,#3257);
#2040=LINE('',#18378,#3258);
#2041=LINE('',#18383,#3259);
#2042=LINE('',#18387,#3260);
#2043=LINE('',#18391,#3261);
#2044=LINE('',#18394,#3262);
#2045=LINE('',#18399,#3263);
#2046=LINE('',#18403,#3264);
#2047=LINE('',#18407,#3265);
#2048=LINE('',#18410,#3266);
#2049=LINE('',#18415,#3267);
#2050=LINE('',#18419,#3268);
#2051=LINE('',#18423,#3269);
#2052=LINE('',#18426,#3270);
#2053=LINE('',#18431,#3271);
#2054=LINE('',#18435,#3272);
#2055=LINE('',#18439,#3273);
#2056=LINE('',#18442,#3274);
#2057=LINE('',#18447,#3275);
#2058=LINE('',#18450,#3276);
#2059=LINE('',#18455,#3277);
#2060=LINE('',#18458,#3278);
#2061=LINE('',#18461,#3279);
#2062=LINE('',#18465,#3280);
#2063=LINE('',#18469,#3281);
#2064=LINE('',#18473,#3282);
#2065=LINE('',#18477,#3283);
#2066=LINE('',#18481,#3284);
#2067=LINE('',#18485,#3285);
#2068=LINE('',#18489,#3286);
#2069=LINE('',#18493,#3287);
#2070=LINE('',#18497,#3288);
#2071=LINE('',#18501,#3289);
#2072=LINE('',#18505,#3290);
#2073=LINE('',#18509,#3291);
#2074=LINE('',#18513,#3292);
#2075=LINE('',#18517,#3293);
#2076=LINE('',#18521,#3294);
#2077=LINE('',#18525,#3295);
#2078=LINE('',#18529,#3296);
#2079=LINE('',#18533,#3297);
#2080=LINE('',#18537,#3298);
#2081=LINE('',#18541,#3299);
#2082=LINE('',#18545,#3300);
#2083=LINE('',#18549,#3301);
#2084=LINE('',#18553,#3302);
#2085=LINE('',#18557,#3303);
#2086=LINE('',#18561,#3304);
#2087=LINE('',#18565,#3305);
#2088=LINE('',#18569,#3306);
#2089=LINE('',#18573,#3307);
#2090=LINE('',#18577,#3308);
#2091=LINE('',#18581,#3309);
#2092=LINE('',#18585,#3310);
#2093=LINE('',#18589,#3311);
#2094=LINE('',#18592,#3312);
#2095=LINE('',#18595,#3313);
#2096=LINE('',#18596,#3314);
#2097=LINE('',#18600,#3315);
#2098=LINE('',#18604,#3316);
#2099=LINE('',#18608,#3317);
#2100=LINE('',#18612,#3318);
#2101=LINE('',#18616,#3319);
#2102=LINE('',#18620,#3320);
#2103=LINE('',#18624,#3321);
#2104=LINE('',#18628,#3322);
#2105=LINE('',#18632,#3323);
#2106=LINE('',#18636,#3324);
#2107=LINE('',#18640,#3325);
#2108=LINE('',#18644,#3326);
#2109=LINE('',#18648,#3327);
#2110=LINE('',#18652,#3328);
#2111=LINE('',#18656,#3329);
#2112=LINE('',#18660,#3330);
#2113=LINE('',#18664,#3331);
#2114=LINE('',#18668,#3332);
#2115=LINE('',#18672,#3333);
#2116=LINE('',#18676,#3334);
#2117=LINE('',#18680,#3335);
#2118=LINE('',#18684,#3336);
#2119=LINE('',#18688,#3337);
#2120=LINE('',#18692,#3338);
#2121=LINE('',#18696,#3339);
#2122=LINE('',#18700,#3340);
#2123=LINE('',#18704,#3341);
#2124=LINE('',#18708,#3342);
#2125=LINE('',#18712,#3343);
#2126=LINE('',#18716,#3344);
#2127=LINE('',#18720,#3345);
#2128=LINE('',#18724,#3346);
#2129=LINE('',#18728,#3347);
#2130=LINE('',#18732,#3348);
#2131=LINE('',#18736,#3349);
#2132=LINE('',#18740,#3350);
#2133=LINE('',#18744,#3351);
#2134=LINE('',#18748,#3352);
#2135=LINE('',#18752,#3353);
#2136=LINE('',#18756,#3354);
#2137=LINE('',#18760,#3355);
#2138=LINE('',#18764,#3356);
#2139=LINE('',#18768,#3357);
#2140=LINE('',#18772,#3358);
#2141=LINE('',#18776,#3359);
#2142=LINE('',#18780,#3360);
#2143=LINE('',#18784,#3361);
#2144=LINE('',#18788,#3362);
#2145=LINE('',#18792,#3363);
#2146=LINE('',#18796,#3364);
#2147=LINE('',#18802,#3365);
#2148=LINE('',#18806,#3366);
#2149=LINE('',#18810,#3367);
#2150=LINE('',#18814,#3368);
#2151=LINE('',#18818,#3369);
#2152=LINE('',#18822,#3370);
#2153=LINE('',#18826,#3371);
#2154=LINE('',#18832,#3372);
#2155=LINE('',#18836,#3373);
#2156=LINE('',#18840,#3374);
#2157=LINE('',#18844,#3375);
#2158=LINE('',#18848,#3376);
#2159=LINE('',#18852,#3377);
#2160=LINE('',#18856,#3378);
#2161=LINE('',#18860,#3379);
#2162=LINE('',#18863,#3380);
#2163=LINE('',#18866,#3381);
#2164=LINE('',#18870,#3382);
#2165=LINE('',#18874,#3383);
#2166=LINE('',#18878,#3384);
#2167=LINE('',#18882,#3385);
#2168=LINE('',#18886,#3386);
#2169=LINE('',#18890,#3387);
#2170=LINE('',#18894,#3388);
#2171=LINE('',#18898,#3389);
#2172=LINE('',#18902,#3390);
#2173=LINE('',#18906,#3391);
#2174=LINE('',#18910,#3392);
#2175=LINE('',#18914,#3393);
#2176=LINE('',#18918,#3394);
#2177=LINE('',#18922,#3395);
#2178=LINE('',#18926,#3396);
#2179=LINE('',#18930,#3397);
#2180=LINE('',#18934,#3398);
#2181=LINE('',#18938,#3399);
#2182=LINE('',#18942,#3400);
#2183=LINE('',#18946,#3401);
#2184=LINE('',#18950,#3402);
#2185=LINE('',#18954,#3403);
#2186=LINE('',#18958,#3404);
#2187=LINE('',#18962,#3405);
#2188=LINE('',#18966,#3406);
#2189=LINE('',#18970,#3407);
#2190=LINE('',#18974,#3408);
#2191=LINE('',#18978,#3409);
#2192=LINE('',#18982,#3410);
#2193=LINE('',#18986,#3411);
#2194=LINE('',#18990,#3412);
#2195=LINE('',#18994,#3413);
#2196=LINE('',#18998,#3414);
#2197=LINE('',#19002,#3415);
#2198=LINE('',#19006,#3416);
#2199=LINE('',#19010,#3417);
#2200=LINE('',#19014,#3418);
#2201=LINE('',#19018,#3419);
#2202=LINE('',#19022,#3420);
#2203=LINE('',#19026,#3421);
#2204=LINE('',#19030,#3422);
#2205=LINE('',#19034,#3423);
#2206=LINE('',#19038,#3424);
#2207=LINE('',#19042,#3425);
#2208=LINE('',#19046,#3426);
#2209=LINE('',#19050,#3427);
#2210=LINE('',#19054,#3428);
#2211=LINE('',#19058,#3429);
#2212=LINE('',#19062,#3430);
#2213=LINE('',#19066,#3431);
#2214=LINE('',#19070,#3432);
#2215=LINE('',#19074,#3433);
#2216=LINE('',#19078,#3434);
#2217=LINE('',#19082,#3435);
#2218=LINE('',#19086,#3436);
#2219=LINE('',#19092,#3437);
#2220=LINE('',#19095,#3438);
#2221=LINE('',#19100,#3439);
#2222=LINE('',#19103,#3440);
#2223=LINE('',#19108,#3441);
#2224=LINE('',#19112,#3442);
#2225=LINE('',#19116,#3443);
#2226=LINE('',#19119,#3444);
#2227=LINE('',#19124,#3445);
#2228=LINE('',#19128,#3446);
#2229=LINE('',#19132,#3447);
#2230=LINE('',#19135,#3448);
#2231=LINE('',#19140,#3449);
#2232=LINE('',#19144,#3450);
#2233=LINE('',#19148,#3451);
#2234=LINE('',#19151,#3452);
#2235=LINE('',#19156,#3453);
#2236=LINE('',#19160,#3454);
#2237=LINE('',#19164,#3455);
#2238=LINE('',#19167,#3456);
#2239=LINE('',#19172,#3457);
#2240=LINE('',#19176,#3458);
#2241=LINE('',#19180,#3459);
#2242=LINE('',#19183,#3460);
#2243=LINE('',#19188,#3461);
#2244=LINE('',#19192,#3462);
#2245=LINE('',#19196,#3463);
#2246=LINE('',#19199,#3464);
#2247=LINE('',#19204,#3465);
#2248=LINE('',#19208,#3466);
#2249=LINE('',#19212,#3467);
#2250=LINE('',#19215,#3468);
#2251=LINE('',#19220,#3469);
#2252=LINE('',#19224,#3470);
#2253=LINE('',#19228,#3471);
#2254=LINE('',#19231,#3472);
#2255=LINE('',#19236,#3473);
#2256=LINE('',#19240,#3474);
#2257=LINE('',#19244,#3475);
#2258=LINE('',#19247,#3476);
#2259=LINE('',#19252,#3477);
#2260=LINE('',#19256,#3478);
#2261=LINE('',#19260,#3479);
#2262=LINE('',#19263,#3480);
#2263=LINE('',#19268,#3481);
#2264=LINE('',#19272,#3482);
#2265=LINE('',#19276,#3483);
#2266=LINE('',#19279,#3484);
#2267=LINE('',#19284,#3485);
#2268=LINE('',#19288,#3486);
#2269=LINE('',#19292,#3487);
#2270=LINE('',#19295,#3488);
#2271=LINE('',#19300,#3489);
#2272=LINE('',#19304,#3490);
#2273=LINE('',#19308,#3491);
#2274=LINE('',#19311,#3492);
#2275=LINE('',#19316,#3493);
#2276=LINE('',#19320,#3494);
#2277=LINE('',#19324,#3495);
#2278=LINE('',#19327,#3496);
#2279=LINE('',#19332,#3497);
#2280=LINE('',#19336,#3498);
#2281=LINE('',#19340,#3499);
#2282=LINE('',#19343,#3500);
#2283=LINE('',#19348,#3501);
#2284=LINE('',#19352,#3502);
#2285=LINE('',#19356,#3503);
#2286=LINE('',#19359,#3504);
#2287=LINE('',#19364,#3505);
#2288=LINE('',#19368,#3506);
#2289=LINE('',#19372,#3507);
#2290=LINE('',#19375,#3508);
#2291=LINE('',#19380,#3509);
#2292=LINE('',#19384,#3510);
#2293=LINE('',#19388,#3511);
#2294=LINE('',#19391,#3512);
#2295=LINE('',#19396,#3513);
#2296=LINE('',#19400,#3514);
#2297=LINE('',#19404,#3515);
#2298=LINE('',#19407,#3516);
#2299=LINE('',#19412,#3517);
#2300=LINE('',#19416,#3518);
#2301=LINE('',#19420,#3519);
#2302=LINE('',#19423,#3520);
#2303=LINE('',#19428,#3521);
#2304=LINE('',#19432,#3522);
#2305=LINE('',#19436,#3523);
#2306=LINE('',#19439,#3524);
#2307=LINE('',#19444,#3525);
#2308=LINE('',#19448,#3526);
#2309=LINE('',#19452,#3527);
#2310=LINE('',#19455,#3528);
#2311=LINE('',#19460,#3529);
#2312=LINE('',#19464,#3530);
#2313=LINE('',#19468,#3531);
#2314=LINE('',#19471,#3532);
#2315=LINE('',#19476,#3533);
#2316=LINE('',#19480,#3534);
#2317=LINE('',#19484,#3535);
#2318=LINE('',#19487,#3536);
#2319=LINE('',#19492,#3537);
#2320=LINE('',#19496,#3538);
#2321=LINE('',#19500,#3539);
#2322=LINE('',#19503,#3540);
#2323=LINE('',#19508,#3541);
#2324=LINE('',#19512,#3542);
#2325=LINE('',#19516,#3543);
#2326=LINE('',#19519,#3544);
#2327=LINE('',#19524,#3545);
#2328=LINE('',#19528,#3546);
#2329=LINE('',#19532,#3547);
#2330=LINE('',#19535,#3548);
#2331=LINE('',#19540,#3549);
#2332=LINE('',#19544,#3550);
#2333=LINE('',#19548,#3551);
#2334=LINE('',#19551,#3552);
#2335=LINE('',#19556,#3553);
#2336=LINE('',#19560,#3554);
#2337=LINE('',#19564,#3555);
#2338=LINE('',#19567,#3556);
#2339=LINE('',#19572,#3557);
#2340=LINE('',#19576,#3558);
#2341=LINE('',#19580,#3559);
#2342=LINE('',#19583,#3560);
#2343=LINE('',#19588,#3561);
#2344=LINE('',#19592,#3562);
#2345=LINE('',#19596,#3563);
#2346=LINE('',#19599,#3564);
#2347=LINE('',#19604,#3565);
#2348=LINE('',#19608,#3566);
#2349=LINE('',#19612,#3567);
#2350=LINE('',#19615,#3568);
#2351=LINE('',#19620,#3569);
#2352=LINE('',#19624,#3570);
#2353=LINE('',#19628,#3571);
#2354=LINE('',#19631,#3572);
#2355=LINE('',#19636,#3573);
#2356=LINE('',#19640,#3574);
#2357=LINE('',#19644,#3575);
#2358=LINE('',#19647,#3576);
#2359=LINE('',#19652,#3577);
#2360=LINE('',#19656,#3578);
#2361=LINE('',#19660,#3579);
#2362=LINE('',#19663,#3580);
#2363=LINE('',#19668,#3581);
#2364=LINE('',#19672,#3582);
#2365=LINE('',#19676,#3583);
#2366=LINE('',#19679,#3584);
#2367=LINE('',#19684,#3585);
#2368=LINE('',#19688,#3586);
#2369=LINE('',#19692,#3587);
#2370=LINE('',#19695,#3588);
#2371=LINE('',#19700,#3589);
#2372=LINE('',#19704,#3590);
#2373=LINE('',#19708,#3591);
#2374=LINE('',#19711,#3592);
#2375=LINE('',#19716,#3593);
#2376=LINE('',#19720,#3594);
#2377=LINE('',#19724,#3595);
#2378=LINE('',#19727,#3596);
#2379=LINE('',#19732,#3597);
#2380=LINE('',#19736,#3598);
#2381=LINE('',#19740,#3599);
#2382=LINE('',#19743,#3600);
#2383=LINE('',#19748,#3601);
#2384=LINE('',#19752,#3602);
#2385=LINE('',#19756,#3603);
#2386=LINE('',#19759,#3604);
#2387=LINE('',#19764,#3605);
#2388=LINE('',#19768,#3606);
#2389=LINE('',#19772,#3607);
#2390=LINE('',#19775,#3608);
#2391=LINE('',#19780,#3609);
#2392=LINE('',#19784,#3610);
#2393=LINE('',#19788,#3611);
#2394=LINE('',#19791,#3612);
#2395=LINE('',#19796,#3613);
#2396=LINE('',#19800,#3614);
#2397=LINE('',#19804,#3615);
#2398=LINE('',#19807,#3616);
#2399=LINE('',#19809,#3617);
#2400=LINE('',#19810,#3618);
#2401=LINE('',#19812,#3619);
#2402=LINE('',#19814,#3620);
#2403=LINE('',#19815,#3621);
#2404=LINE('',#19817,#3622);
#2405=LINE('',#19819,#3623);
#2406=LINE('',#19820,#3624);
#2407=LINE('',#19822,#3625);
#2408=LINE('',#19824,#3626);
#2409=LINE('',#19825,#3627);
#2410=LINE('',#19827,#3628);
#2411=LINE('',#19829,#3629);
#2412=LINE('',#19830,#3630);
#2413=LINE('',#19832,#3631);
#2414=LINE('',#19834,#3632);
#2415=LINE('',#19835,#3633);
#2416=LINE('',#19837,#3634);
#2417=LINE('',#19839,#3635);
#2418=LINE('',#19840,#3636);
#2419=LINE('',#19842,#3637);
#2420=LINE('',#19844,#3638);
#2421=LINE('',#19845,#3639);
#2422=LINE('',#19847,#3640);
#2423=LINE('',#19849,#3641);
#2424=LINE('',#19850,#3642);
#2425=LINE('',#19852,#3643);
#2426=LINE('',#19854,#3644);
#2427=LINE('',#19855,#3645);
#2428=LINE('',#19857,#3646);
#2429=LINE('',#19859,#3647);
#2430=LINE('',#19860,#3648);
#2431=LINE('',#19862,#3649);
#2432=LINE('',#19864,#3650);
#2433=LINE('',#19865,#3651);
#2434=LINE('',#19867,#3652);
#2435=LINE('',#19869,#3653);
#2436=LINE('',#19870,#3654);
#2437=LINE('',#19872,#3655);
#2438=LINE('',#19874,#3656);
#2439=LINE('',#19875,#3657);
#2440=LINE('',#19877,#3658);
#2441=LINE('',#19879,#3659);
#2442=LINE('',#19880,#3660);
#2443=LINE('',#19882,#3661);
#2444=LINE('',#19884,#3662);
#2445=LINE('',#19886,#3663);
#2446=LINE('',#19887,#3664);
#2447=LINE('',#19889,#3665);
#2448=LINE('',#19891,#3666);
#2449=LINE('',#19893,#3667);
#2450=LINE('',#19894,#3668);
#2451=LINE('',#19896,#3669);
#2452=LINE('',#19898,#3670);
#2453=LINE('',#19900,#3671);
#2454=LINE('',#19901,#3672);
#2455=LINE('',#19903,#3673);
#2456=LINE('',#19905,#3674);
#2457=LINE('',#19907,#3675);
#2458=LINE('',#19909,#3676);
#2459=LINE('',#19911,#3677);
#2460=LINE('',#19913,#3678);
#2461=LINE('',#19915,#3679);
#2462=LINE('',#19917,#3680);
#2463=LINE('',#19919,#3681);
#2464=LINE('',#19921,#3682);
#2465=LINE('',#19923,#3683);
#2466=LINE('',#19925,#3684);
#2467=LINE('',#19928,#3685);
#2468=LINE('',#19930,#3686);
#2469=LINE('',#19933,#3687);
#2470=LINE('',#19935,#3688);
#2471=LINE('',#19937,#3689);
#2472=LINE('',#19939,#3690);
#2473=LINE('',#19942,#3691);
#2474=LINE('',#19943,#3692);
#2475=LINE('',#19945,#3693);
#2476=LINE('',#19947,#3694);
#2477=LINE('',#19948,#3695);
#2478=LINE('',#19950,#3696);
#2479=LINE('',#19952,#3697);
#2480=LINE('',#19953,#3698);
#2481=LINE('',#19955,#3699);
#2482=LINE('',#19957,#3700);
#2483=LINE('',#19959,#3701);
#2484=LINE('',#19962,#3702);
#2485=LINE('',#19963,#3703);
#2486=LINE('',#19965,#3704);
#2487=LINE('',#19967,#3705);
#2488=LINE('',#19969,#3706);
#2489=LINE('',#19970,#3707);
#2490=LINE('',#19972,#3708);
#2491=LINE('',#19974,#3709);
#2492=LINE('',#19976,#3710);
#2493=LINE('',#19978,#3711);
#2494=LINE('',#19980,#3712);
#2495=LINE('',#19982,#3713);
#2496=LINE('',#19986,#3714);
#2497=LINE('',#19990,#3715);
#2498=LINE('',#19991,#3716);
#2499=LINE('',#19993,#3717);
#2500=LINE('',#19995,#3718);
#2501=LINE('',#19998,#3719);
#2502=LINE('',#19999,#3720);
#2503=LINE('',#20001,#3721);
#2504=LINE('',#20003,#3722);
#2505=LINE('',#20006,#3723);
#2506=LINE('',#20007,#3724);
#2507=LINE('',#20009,#3725);
#2508=LINE('',#20011,#3726);
#2509=LINE('',#20014,#3727);
#2510=LINE('',#20015,#3728);
#2511=LINE('',#20017,#3729);
#2512=LINE('',#20019,#3730);
#2513=LINE('',#20022,#3731);
#2514=LINE('',#20023,#3732);
#2515=LINE('',#20025,#3733);
#2516=LINE('',#20027,#3734);
#2517=LINE('',#20030,#3735);
#2518=LINE('',#20031,#3736);
#2519=LINE('',#20033,#3737);
#2520=LINE('',#20035,#3738);
#2521=LINE('',#20038,#3739);
#2522=LINE('',#20039,#3740);
#2523=LINE('',#20041,#3741);
#2524=LINE('',#20043,#3742);
#2525=LINE('',#20046,#3743);
#2526=LINE('',#20047,#3744);
#2527=LINE('',#20049,#3745);
#2528=LINE('',#20051,#3746);
#2529=LINE('',#20054,#3747);
#2530=LINE('',#20055,#3748);
#2531=LINE('',#20057,#3749);
#2532=LINE('',#20059,#3750);
#2533=LINE('',#20062,#3751);
#2534=LINE('',#20063,#3752);
#2535=LINE('',#20065,#3753);
#2536=LINE('',#20068,#3754);
#2537=LINE('',#20069,#3755);
#2538=LINE('',#20072,#3756);
#2539=LINE('',#20075,#3757);
#2540=LINE('',#20076,#3758);
#2541=LINE('',#20078,#3759);
#2542=LINE('',#20081,#3760);
#2543=LINE('',#20083,#3761);
#2544=LINE('',#20085,#3762);
#2545=LINE('',#20087,#3763);
#2546=LINE('',#20089,#3764);
#2547=LINE('',#20090,#3765);
#2548=LINE('',#20092,#3766);
#2549=LINE('',#20094,#3767);
#2550=LINE('',#20095,#3768);
#2551=LINE('',#20097,#3769);
#2552=LINE('',#20099,#3770);
#2553=LINE('',#20100,#3771);
#2554=LINE('',#20102,#3772);
#2555=LINE('',#20104,#3773);
#2556=LINE('',#20105,#3774);
#2557=LINE('',#20107,#3775);
#2558=LINE('',#20109,#3776);
#2559=LINE('',#20110,#3777);
#2560=LINE('',#20112,#3778);
#2561=LINE('',#20114,#3779);
#2562=LINE('',#20115,#3780);
#2563=LINE('',#20117,#3781);
#2564=LINE('',#20119,#3782);
#2565=LINE('',#20121,#3783);
#2566=LINE('',#20123,#3784);
#2567=LINE('',#20125,#3785);
#2568=LINE('',#20127,#3786);
#2569=LINE('',#20129,#3787);
#2570=LINE('',#20131,#3788);
#2571=LINE('',#20133,#3789);
#2572=LINE('',#20136,#3790);
#2573=LINE('',#20142,#3791);
#2574=LINE('',#20145,#3792);
#2575=LINE('',#20147,#3793);
#2576=LINE('',#20149,#3794);
#2577=LINE('',#20151,#3795);
#2578=LINE('',#20153,#3796);
#2579=LINE('',#20155,#3797);
#2580=LINE('',#20157,#3798);
#2581=LINE('',#20159,#3799);
#2582=LINE('',#20162,#3800);
#2583=LINE('',#20164,#3801);
#2584=LINE('',#20166,#3802);
#2585=LINE('',#20168,#3803);
#2586=LINE('',#20173,#3804);
#2587=LINE('',#20175,#3805);
#2588=LINE('',#20177,#3806);
#2589=LINE('',#20179,#3807);
#2590=LINE('',#20182,#3808);
#2591=LINE('',#20184,#3809);
#2592=LINE('',#20186,#3810);
#2593=LINE('',#20188,#3811);
#2594=LINE('',#20190,#3812);
#2595=LINE('',#20192,#3813);
#2596=LINE('',#20200,#3814);
#2597=LINE('',#20204,#3815);
#2598=LINE('',#20206,#3816);
#2599=LINE('',#20207,#3817);
#2600=LINE('',#20209,#3818);
#2601=LINE('',#20211,#3819);
#2602=LINE('',#20213,#3820);
#2603=LINE('',#20215,#3821);
#2604=LINE('',#20217,#3822);
#2605=LINE('',#20219,#3823);
#2606=LINE('',#20222,#3824);
#2607=LINE('',#20223,#3825);
#2608=LINE('',#20225,#3826);
#2609=LINE('',#20227,#3827);
#2610=LINE('',#20229,#3828);
#2611=LINE('',#20231,#3829);
#2612=LINE('',#20233,#3830);
#2613=LINE('',#20235,#3831);
#2614=LINE('',#20238,#3832);
#2615=LINE('',#20239,#3833);
#2616=LINE('',#20241,#3834);
#2617=LINE('',#20243,#3835);
#2618=LINE('',#20245,#3836);
#2619=LINE('',#20247,#3837);
#2620=LINE('',#20249,#3838);
#2621=LINE('',#20251,#3839);
#2622=LINE('',#20254,#3840);
#2623=LINE('',#20255,#3841);
#2624=LINE('',#20257,#3842);
#2625=LINE('',#20259,#3843);
#2626=LINE('',#20261,#3844);
#2627=LINE('',#20263,#3845);
#2628=LINE('',#20265,#3846);
#2629=LINE('',#20267,#3847);
#2630=LINE('',#20270,#3848);
#2631=LINE('',#20271,#3849);
#2632=LINE('',#20273,#3850);
#2633=LINE('',#20275,#3851);
#2634=LINE('',#20277,#3852);
#2635=LINE('',#20279,#3853);
#2636=LINE('',#20281,#3854);
#2637=LINE('',#20283,#3855);
#2638=LINE('',#20286,#3856);
#2639=LINE('',#20287,#3857);
#2640=LINE('',#20289,#3858);
#2641=LINE('',#20291,#3859);
#2642=LINE('',#20293,#3860);
#2643=LINE('',#20295,#3861);
#2644=LINE('',#20297,#3862);
#2645=LINE('',#20299,#3863);
#2646=LINE('',#20302,#3864);
#2647=LINE('',#20303,#3865);
#2648=LINE('',#20305,#3866);
#2649=LINE('',#20307,#3867);
#2650=LINE('',#20309,#3868);
#2651=LINE('',#20311,#3869);
#2652=LINE('',#20313,#3870);
#2653=LINE('',#20315,#3871);
#2654=LINE('',#20318,#3872);
#2655=LINE('',#20319,#3873);
#2656=LINE('',#20321,#3874);
#2657=LINE('',#20323,#3875);
#2658=LINE('',#20325,#3876);
#2659=LINE('',#20327,#3877);
#2660=LINE('',#20329,#3878);
#2661=LINE('',#20331,#3879);
#2662=LINE('',#20334,#3880);
#2663=LINE('',#20335,#3881);
#2664=LINE('',#20337,#3882);
#2665=LINE('',#20339,#3883);
#2666=LINE('',#20341,#3884);
#2667=LINE('',#20343,#3885);
#2668=LINE('',#20345,#3886);
#2669=LINE('',#20347,#3887);
#2670=LINE('',#20350,#3888);
#2671=LINE('',#20351,#3889);
#2672=LINE('',#20353,#3890);
#2673=LINE('',#20355,#3891);
#2674=LINE('',#20357,#3892);
#2675=LINE('',#20359,#3893);
#2676=LINE('',#20361,#3894);
#2677=LINE('',#20363,#3895);
#2678=LINE('',#20366,#3896);
#2679=LINE('',#20367,#3897);
#2680=LINE('',#20369,#3898);
#2681=LINE('',#20371,#3899);
#2682=LINE('',#20373,#3900);
#2683=LINE('',#20375,#3901);
#2684=LINE('',#20377,#3902);
#2685=LINE('',#20379,#3903);
#2686=LINE('',#20382,#3904);
#2687=LINE('',#20383,#3905);
#2688=LINE('',#20385,#3906);
#2689=LINE('',#20387,#3907);
#2690=LINE('',#20389,#3908);
#2691=LINE('',#20391,#3909);
#2692=LINE('',#20393,#3910);
#2693=LINE('',#20395,#3911);
#2694=LINE('',#20398,#3912);
#2695=LINE('',#20399,#3913);
#2696=LINE('',#20401,#3914);
#2697=LINE('',#20403,#3915);
#2698=LINE('',#20405,#3916);
#2699=LINE('',#20407,#3917);
#2700=LINE('',#20409,#3918);
#2701=LINE('',#20411,#3919);
#2702=LINE('',#20414,#3920);
#2703=LINE('',#20415,#3921);
#2704=LINE('',#20417,#3922);
#2705=LINE('',#20419,#3923);
#2706=LINE('',#20421,#3924);
#2707=LINE('',#20423,#3925);
#2708=LINE('',#20425,#3926);
#2709=LINE('',#20427,#3927);
#2710=LINE('',#20430,#3928);
#2711=LINE('',#20431,#3929);
#2712=LINE('',#20433,#3930);
#2713=LINE('',#20435,#3931);
#2714=LINE('',#20437,#3932);
#2715=LINE('',#20439,#3933);
#2716=LINE('',#20441,#3934);
#2717=LINE('',#20443,#3935);
#2718=LINE('',#20446,#3936);
#2719=LINE('',#20447,#3937);
#2720=LINE('',#20449,#3938);
#2721=LINE('',#20451,#3939);
#2722=LINE('',#20453,#3940);
#2723=LINE('',#20455,#3941);
#2724=LINE('',#20457,#3942);
#2725=LINE('',#20459,#3943);
#2726=LINE('',#20462,#3944);
#2727=LINE('',#20463,#3945);
#2728=LINE('',#20465,#3946);
#2729=LINE('',#20467,#3947);
#2730=LINE('',#20469,#3948);
#2731=LINE('',#20471,#3949);
#2732=LINE('',#20473,#3950);
#2733=LINE('',#20475,#3951);
#2734=LINE('',#20478,#3952);
#2735=LINE('',#20479,#3953);
#2736=LINE('',#20481,#3954);
#2737=LINE('',#20483,#3955);
#2738=LINE('',#20485,#3956);
#2739=LINE('',#20487,#3957);
#2740=LINE('',#20489,#3958);
#2741=LINE('',#20491,#3959);
#2742=LINE('',#20494,#3960);
#2743=LINE('',#20495,#3961);
#2744=LINE('',#20497,#3962);
#2745=LINE('',#20499,#3963);
#2746=LINE('',#20501,#3964);
#2747=LINE('',#20503,#3965);
#2748=LINE('',#20505,#3966);
#2749=LINE('',#20507,#3967);
#2750=LINE('',#20510,#3968);
#2751=LINE('',#20511,#3969);
#2752=LINE('',#20513,#3970);
#2753=LINE('',#20515,#3971);
#2754=LINE('',#20517,#3972);
#2755=LINE('',#20519,#3973);
#2756=LINE('',#20521,#3974);
#2757=LINE('',#20523,#3975);
#2758=LINE('',#20526,#3976);
#2759=LINE('',#20527,#3977);
#2760=LINE('',#20529,#3978);
#2761=LINE('',#20531,#3979);
#2762=LINE('',#20533,#3980);
#2763=LINE('',#20535,#3981);
#2764=LINE('',#20537,#3982);
#2765=LINE('',#20539,#3983);
#2766=LINE('',#20542,#3984);
#2767=LINE('',#20543,#3985);
#2768=LINE('',#20545,#3986);
#2769=LINE('',#20547,#3987);
#2770=LINE('',#20549,#3988);
#2771=LINE('',#20551,#3989);
#2772=LINE('',#20553,#3990);
#2773=LINE('',#20555,#3991);
#2774=LINE('',#20558,#3992);
#2775=LINE('',#20559,#3993);
#2776=LINE('',#20561,#3994);
#2777=LINE('',#20563,#3995);
#2778=LINE('',#20565,#3996);
#2779=LINE('',#20567,#3997);
#2780=LINE('',#20569,#3998);
#2781=LINE('',#20571,#3999);
#2782=LINE('',#20574,#4000);
#2783=LINE('',#20575,#4001);
#2784=LINE('',#20577,#4002);
#2785=LINE('',#20579,#4003);
#2786=LINE('',#20581,#4004);
#2787=LINE('',#20583,#4005);
#2788=LINE('',#20585,#4006);
#2789=LINE('',#20587,#4007);
#2790=LINE('',#20590,#4008);
#2791=LINE('',#20591,#4009);
#2792=LINE('',#20593,#4010);
#2793=LINE('',#20595,#4011);
#2794=LINE('',#20597,#4012);
#2795=LINE('',#20599,#4013);
#2796=LINE('',#20601,#4014);
#2797=LINE('',#20603,#4015);
#2798=LINE('',#20606,#4016);
#2799=LINE('',#20607,#4017);
#2800=LINE('',#20609,#4018);
#2801=LINE('',#20611,#4019);
#2802=LINE('',#20613,#4020);
#2803=LINE('',#20615,#4021);
#2804=LINE('',#20617,#4022);
#2805=LINE('',#20619,#4023);
#2806=LINE('',#20622,#4024);
#2807=LINE('',#20623,#4025);
#2808=LINE('',#20625,#4026);
#2809=LINE('',#20627,#4027);
#2810=LINE('',#20629,#4028);
#2811=LINE('',#20631,#4029);
#2812=LINE('',#20633,#4030);
#2813=LINE('',#20635,#4031);
#2814=LINE('',#20638,#4032);
#2815=LINE('',#20639,#4033);
#2816=LINE('',#20641,#4034);
#2817=LINE('',#20643,#4035);
#2818=LINE('',#20645,#4036);
#2819=LINE('',#20647,#4037);
#2820=LINE('',#20649,#4038);
#2821=LINE('',#20651,#4039);
#2822=LINE('',#20654,#4040);
#2823=LINE('',#20655,#4041);
#2824=LINE('',#20657,#4042);
#2825=LINE('',#20659,#4043);
#2826=LINE('',#20661,#4044);
#2827=LINE('',#20663,#4045);
#2828=LINE('',#20665,#4046);
#2829=LINE('',#20667,#4047);
#2830=LINE('',#20670,#4048);
#2831=LINE('',#20671,#4049);
#2832=LINE('',#20673,#4050);
#2833=LINE('',#20675,#4051);
#2834=LINE('',#20677,#4052);
#2835=LINE('',#20679,#4053);
#2836=LINE('',#20681,#4054);
#2837=LINE('',#20683,#4055);
#2838=LINE('',#20686,#4056);
#2839=LINE('',#20687,#4057);
#2840=LINE('',#20689,#4058);
#2841=LINE('',#20691,#4059);
#2842=LINE('',#20693,#4060);
#2843=LINE('',#20695,#4061);
#2844=LINE('',#20697,#4062);
#2845=LINE('',#20699,#4063);
#2846=LINE('',#20702,#4064);
#2847=LINE('',#20703,#4065);
#2848=LINE('',#20705,#4066);
#2849=LINE('',#20707,#4067);
#2850=LINE('',#20709,#4068);
#2851=LINE('',#20711,#4069);
#2852=LINE('',#20713,#4070);
#2853=LINE('',#20715,#4071);
#2854=LINE('',#20718,#4072);
#2855=LINE('',#20719,#4073);
#2856=LINE('',#20721,#4074);
#2857=LINE('',#20723,#4075);
#2858=LINE('',#20725,#4076);
#2859=LINE('',#20727,#4077);
#2860=LINE('',#20729,#4078);
#2861=LINE('',#20731,#4079);
#2862=LINE('',#20734,#4080);
#2863=LINE('',#20735,#4081);
#2864=LINE('',#20737,#4082);
#2865=LINE('',#20739,#4083);
#2866=LINE('',#20741,#4084);
#2867=LINE('',#20743,#4085);
#2868=LINE('',#20745,#4086);
#2869=LINE('',#20747,#4087);
#2870=LINE('',#20750,#4088);
#2871=LINE('',#20751,#4089);
#2872=LINE('',#20753,#4090);
#2873=LINE('',#20755,#4091);
#2874=LINE('',#20757,#4092);
#2875=LINE('',#20759,#4093);
#2876=LINE('',#20761,#4094);
#2877=LINE('',#20763,#4095);
#2878=LINE('',#20766,#4096);
#2879=LINE('',#20767,#4097);
#2880=LINE('',#20769,#4098);
#2881=LINE('',#20771,#4099);
#2882=LINE('',#20773,#4100);
#2883=LINE('',#20775,#4101);
#2884=LINE('',#20777,#4102);
#2885=LINE('',#20779,#4103);
#2886=LINE('',#20782,#4104);
#2887=LINE('',#20783,#4105);
#2888=LINE('',#20785,#4106);
#2889=LINE('',#20787,#4107);
#2890=LINE('',#20789,#4108);
#2891=LINE('',#20791,#4109);
#2892=LINE('',#20793,#4110);
#2893=LINE('',#20795,#4111);
#2894=LINE('',#20798,#4112);
#2895=LINE('',#20799,#4113);
#2896=LINE('',#20801,#4114);
#2897=LINE('',#20803,#4115);
#2898=LINE('',#20805,#4116);
#2899=LINE('',#20807,#4117);
#2900=LINE('',#20809,#4118);
#2901=LINE('',#20811,#4119);
#2902=LINE('',#20814,#4120);
#2903=LINE('',#20815,#4121);
#2904=LINE('',#20817,#4122);
#2905=LINE('',#20819,#4123);
#2906=LINE('',#20821,#4124);
#2907=LINE('',#20823,#4125);
#2908=LINE('',#20825,#4126);
#2909=LINE('',#20827,#4127);
#2910=LINE('',#20830,#4128);
#2911=LINE('',#20831,#4129);
#2912=LINE('',#20833,#4130);
#2913=LINE('',#20835,#4131);
#2914=LINE('',#20837,#4132);
#2915=LINE('',#20839,#4133);
#2916=LINE('',#20841,#4134);
#2917=LINE('',#20843,#4135);
#2918=LINE('',#20846,#4136);
#2919=LINE('',#20847,#4137);
#2920=LINE('',#20849,#4138);
#2921=LINE('',#20851,#4139);
#2922=LINE('',#20853,#4140);
#2923=LINE('',#20855,#4141);
#2924=LINE('',#20857,#4142);
#2925=LINE('',#20859,#4143);
#2926=LINE('',#20862,#4144);
#2927=LINE('',#20863,#4145);
#2928=LINE('',#20865,#4146);
#2929=LINE('',#20867,#4147);
#2930=LINE('',#20869,#4148);
#2931=LINE('',#20871,#4149);
#2932=LINE('',#20873,#4150);
#2933=LINE('',#20875,#4151);
#2934=LINE('',#20878,#4152);
#2935=LINE('',#20879,#4153);
#2936=LINE('',#20881,#4154);
#2937=LINE('',#20883,#4155);
#2938=LINE('',#20885,#4156);
#2939=LINE('',#20887,#4157);
#2940=LINE('',#20889,#4158);
#2941=LINE('',#20891,#4159);
#2942=LINE('',#20894,#4160);
#2943=LINE('',#20895,#4161);
#2944=LINE('',#20897,#4162);
#2945=LINE('',#20899,#4163);
#2946=LINE('',#20901,#4164);
#2947=LINE('',#20903,#4165);
#2948=LINE('',#20905,#4166);
#2949=LINE('',#20907,#4167);
#2950=LINE('',#20910,#4168);
#2951=LINE('',#20911,#4169);
#2952=LINE('',#20913,#4170);
#2953=LINE('',#20915,#4171);
#2954=LINE('',#20917,#4172);
#2955=LINE('',#20919,#4173);
#2956=LINE('',#20921,#4174);
#2957=LINE('',#20923,#4175);
#2958=LINE('',#20926,#4176);
#2959=LINE('',#20927,#4177);
#2960=LINE('',#20929,#4178);
#2961=LINE('',#20931,#4179);
#2962=LINE('',#20933,#4180);
#2963=LINE('',#20935,#4181);
#2964=LINE('',#20937,#4182);
#2965=LINE('',#20939,#4183);
#2966=LINE('',#20942,#4184);
#2967=LINE('',#20943,#4185);
#2968=LINE('',#20945,#4186);
#2969=LINE('',#20947,#4187);
#2970=LINE('',#20949,#4188);
#2971=LINE('',#20951,#4189);
#2972=LINE('',#20953,#4190);
#2973=LINE('',#20955,#4191);
#2974=LINE('',#20958,#4192);
#2975=LINE('',#20959,#4193);
#2976=LINE('',#20961,#4194);
#2977=LINE('',#20963,#4195);
#2978=LINE('',#20965,#4196);
#2979=LINE('',#20967,#4197);
#2980=LINE('',#20969,#4198);
#2981=LINE('',#20971,#4199);
#2982=LINE('',#20974,#4200);
#2983=LINE('',#20975,#4201);
#2984=LINE('',#20977,#4202);
#2985=LINE('',#20979,#4203);
#2986=LINE('',#20981,#4204);
#2987=LINE('',#20983,#4205);
#2988=LINE('',#20985,#4206);
#2989=LINE('',#20987,#4207);
#2990=LINE('',#20990,#4208);
#2991=LINE('',#20991,#4209);
#2992=LINE('',#20993,#4210);
#2993=LINE('',#20995,#4211);
#2994=LINE('',#20997,#4212);
#2995=LINE('',#20999,#4213);
#2996=LINE('',#21001,#4214);
#2997=LINE('',#21003,#4215);
#2998=LINE('',#21006,#4216);
#2999=LINE('',#21009,#4217);
#3000=LINE('',#21011,#4218);
#3001=LINE('',#21014,#4219);
#3002=LINE('',#21016,#4220);
#3003=VECTOR('',#13693,10.);
#3004=VECTOR('',#13696,10.);
#3005=VECTOR('',#13699,10.);
#3006=VECTOR('',#13700,10.);
#3007=VECTOR('',#13701,10.);
#3008=VECTOR('',#13704,10.);
#3009=VECTOR('',#13707,10.);
#3010=VECTOR('',#13710,10.);
#3011=VECTOR('',#13713,10.);
#3012=VECTOR('',#13716,10.);
#3013=VECTOR('',#13719,10.);
#3014=VECTOR('',#13722,10.);
#3015=VECTOR('',#13725,10.);
#3016=VECTOR('',#13728,10.);
#3017=VECTOR('',#13733,10.);
#3018=VECTOR('',#13736,10.);
#3019=VECTOR('',#13739,10.);
#3020=VECTOR('',#13742,10.);
#3021=VECTOR('',#13745,10.);
#3022=VECTOR('',#13748,10.);
#3023=VECTOR('',#13751,10.);
#3024=VECTOR('',#13756,10.);
#3025=VECTOR('',#13759,10.);
#3026=VECTOR('',#13762,10.);
#3027=VECTOR('',#13765,10.);
#3028=VECTOR('',#13768,10.);
#3029=VECTOR('',#13771,10.);
#3030=VECTOR('',#13774,10.);
#3031=VECTOR('',#13777,10.);
#3032=VECTOR('',#13780,10.);
#3033=VECTOR('',#13783,10.);
#3034=VECTOR('',#13786,10.);
#3035=VECTOR('',#13789,10.);
#3036=VECTOR('',#13792,10.);
#3037=VECTOR('',#13795,10.);
#3038=VECTOR('',#13798,10.);
#3039=VECTOR('',#13801,10.);
#3040=VECTOR('',#13804,10.);
#3041=VECTOR('',#13807,10.);
#3042=VECTOR('',#13810,10.);
#3043=VECTOR('',#13813,10.);
#3044=VECTOR('',#13816,10.);
#3045=VECTOR('',#13819,10.);
#3046=VECTOR('',#13822,10.);
#3047=VECTOR('',#13825,10.);
#3048=VECTOR('',#13828,10.);
#3049=VECTOR('',#13831,10.);
#3050=VECTOR('',#13834,10.);
#3051=VECTOR('',#13837,10.);
#3052=VECTOR('',#13840,10.);
#3053=VECTOR('',#13843,10.);
#3054=VECTOR('',#13846,10.);
#3055=VECTOR('',#13849,10.);
#3056=VECTOR('',#13852,10.);
#3057=VECTOR('',#13855,10.);
#3058=VECTOR('',#13858,10.);
#3059=VECTOR('',#13861,10.);
#3060=VECTOR('',#13864,10.);
#3061=VECTOR('',#13867,10.);
#3062=VECTOR('',#13870,10.);
#3063=VECTOR('',#13873,10.);
#3064=VECTOR('',#13876,10.);
#3065=VECTOR('',#13879,10.);
#3066=VECTOR('',#13882,10.);
#3067=VECTOR('',#13885,10.);
#3068=VECTOR('',#13888,10.);
#3069=VECTOR('',#13891,10.);
#3070=VECTOR('',#13894,10.);
#3071=VECTOR('',#13897,10.);
#3072=VECTOR('',#13900,10.);
#3073=VECTOR('',#13903,10.);
#3074=VECTOR('',#13906,10.);
#3075=VECTOR('',#13909,10.);
#3076=VECTOR('',#13912,10.);
#3077=VECTOR('',#13915,10.);
#3078=VECTOR('',#13918,10.);
#3079=VECTOR('',#13921,10.);
#3080=VECTOR('',#13924,10.);
#3081=VECTOR('',#13927,10.);
#3082=VECTOR('',#13930,10.);
#3083=VECTOR('',#13933,10.);
#3084=VECTOR('',#13936,10.);
#3085=VECTOR('',#13939,10.);
#3086=VECTOR('',#13942,10.);
#3087=VECTOR('',#13945,10.);
#3088=VECTOR('',#13948,10.);
#3089=VECTOR('',#13951,10.);
#3090=VECTOR('',#13954,10.);
#3091=VECTOR('',#13957,10.);
#3092=VECTOR('',#13960,10.);
#3093=VECTOR('',#13963,10.);
#3094=VECTOR('',#13966,10.);
#3095=VECTOR('',#13969,10.);
#3096=VECTOR('',#13972,10.);
#3097=VECTOR('',#13975,10.);
#3098=VECTOR('',#13978,10.);
#3099=VECTOR('',#13983,10.);
#3100=VECTOR('',#13986,10.);
#3101=VECTOR('',#13989,10.);
#3102=VECTOR('',#13992,10.);
#3103=VECTOR('',#13995,10.);
#3104=VECTOR('',#13998,10.);
#3105=VECTOR('',#14001,10.);
#3106=VECTOR('',#14004,10.);
#3107=VECTOR('',#14007,10.);
#3108=VECTOR('',#14010,10.);
#3109=VECTOR('',#14013,10.);
#3110=VECTOR('',#14016,10.);
#3111=VECTOR('',#14019,10.);
#3112=VECTOR('',#14022,10.);
#3113=VECTOR('',#14025,10.);
#3114=VECTOR('',#14028,10.);
#3115=VECTOR('',#14031,10.);
#3116=VECTOR('',#14034,10.);
#3117=VECTOR('',#14037,10.);
#3118=VECTOR('',#14040,10.);
#3119=VECTOR('',#14043,10.);
#3120=VECTOR('',#14046,10.);
#3121=VECTOR('',#14049,10.);
#3122=VECTOR('',#14052,10.);
#3123=VECTOR('',#14055,10.);
#3124=VECTOR('',#14058,10.);
#3125=VECTOR('',#14061,10.);
#3126=VECTOR('',#14064,10.);
#3127=VECTOR('',#14067,10.);
#3128=VECTOR('',#14070,10.);
#3129=VECTOR('',#14073,10.);
#3130=VECTOR('',#14076,10.);
#3131=VECTOR('',#14079,10.);
#3132=VECTOR('',#14082,10.);
#3133=VECTOR('',#14085,10.);
#3134=VECTOR('',#14088,10.);
#3135=VECTOR('',#14091,10.);
#3136=VECTOR('',#14094,10.);
#3137=VECTOR('',#14097,10.);
#3138=VECTOR('',#14100,10.);
#3139=VECTOR('',#14103,10.);
#3140=VECTOR('',#14106,10.);
#3141=VECTOR('',#14109,10.);
#3142=VECTOR('',#14112,10.);
#3143=VECTOR('',#14115,10.);
#3144=VECTOR('',#14118,10.);
#3145=VECTOR('',#14121,10.);
#3146=VECTOR('',#14124,10.);
#3147=VECTOR('',#14127,10.);
#3148=VECTOR('',#14130,10.);
#3149=VECTOR('',#14133,10.);
#3150=VECTOR('',#14136,10.);
#3151=VECTOR('',#14139,10.);
#3152=VECTOR('',#14142,10.);
#3153=VECTOR('',#14145,10.);
#3154=VECTOR('',#14148,10.);
#3155=VECTOR('',#14151,10.);
#3156=VECTOR('',#14154,10.);
#3157=VECTOR('',#14157,10.);
#3158=VECTOR('',#14160,10.);
#3159=VECTOR('',#14163,10.);
#3160=VECTOR('',#14166,10.);
#3161=VECTOR('',#14169,10.);
#3162=VECTOR('',#14172,10.);
#3163=VECTOR('',#14175,10.);
#3164=VECTOR('',#14178,10.);
#3165=VECTOR('',#14181,10.);
#3166=VECTOR('',#14184,10.);
#3167=VECTOR('',#14187,10.);
#3168=VECTOR('',#14190,10.);
#3169=VECTOR('',#14193,10.);
#3170=VECTOR('',#14196,10.);
#3171=VECTOR('',#14199,10.);
#3172=VECTOR('',#14202,10.);
#3173=VECTOR('',#14205,10.);
#3174=VECTOR('',#14208,10.);
#3175=VECTOR('',#14211,10.);
#3176=VECTOR('',#14214,10.);
#3177=VECTOR('',#14217,10.);
#3178=VECTOR('',#14220,10.);
#3179=VECTOR('',#14223,10.);
#3180=VECTOR('',#14226,10.);
#3181=VECTOR('',#14229,10.);
#3182=VECTOR('',#14232,10.);
#3183=VECTOR('',#14235,10.);
#3184=VECTOR('',#14238,10.);
#3185=VECTOR('',#14241,10.);
#3186=VECTOR('',#14244,10.);
#3187=VECTOR('',#14247,10.);
#3188=VECTOR('',#14250,10.);
#3189=VECTOR('',#14253,10.);
#3190=VECTOR('',#14256,10.);
#3191=VECTOR('',#14259,10.);
#3192=VECTOR('',#14262,10.);
#3193=VECTOR('',#14265,10.);
#3194=VECTOR('',#14268,10.);
#3195=VECTOR('',#14271,10.);
#3196=VECTOR('',#14274,10.);
#3197=VECTOR('',#14277,10.);
#3198=VECTOR('',#14280,10.);
#3199=VECTOR('',#14283,10.);
#3200=VECTOR('',#14286,10.);
#3201=VECTOR('',#14289,10.);
#3202=VECTOR('',#14292,10.);
#3203=VECTOR('',#14295,10.);
#3204=VECTOR('',#14298,10.);
#3205=VECTOR('',#14301,10.);
#3206=VECTOR('',#14304,10.);
#3207=VECTOR('',#14307,10.);
#3208=VECTOR('',#14310,10.);
#3209=VECTOR('',#14313,10.);
#3210=VECTOR('',#14316,10.);
#3211=VECTOR('',#14319,10.);
#3212=VECTOR('',#14322,10.);
#3213=VECTOR('',#14325,10.);
#3214=VECTOR('',#14328,10.);
#3215=VECTOR('',#14331,10.);
#3216=VECTOR('',#14334,10.);
#3217=VECTOR('',#14337,10.);
#3218=VECTOR('',#14340,10.);
#3219=VECTOR('',#14343,10.);
#3220=VECTOR('',#14346,10.);
#3221=VECTOR('',#14349,10.);
#3222=VECTOR('',#14352,10.);
#3223=VECTOR('',#14355,10.);
#3224=VECTOR('',#14358,10.);
#3225=VECTOR('',#14361,10.);
#3226=VECTOR('',#14364,10.);
#3227=VECTOR('',#14367,10.);
#3228=VECTOR('',#14370,10.);
#3229=VECTOR('',#14373,10.);
#3230=VECTOR('',#14376,10.);
#3231=VECTOR('',#14379,10.);
#3232=VECTOR('',#14382,10.);
#3233=VECTOR('',#14385,10.);
#3234=VECTOR('',#14388,10.);
#3235=VECTOR('',#14391,10.);
#3236=VECTOR('',#14394,10.);
#3237=VECTOR('',#14397,10.);
#3238=VECTOR('',#14400,10.);
#3239=VECTOR('',#14403,10.);
#3240=VECTOR('',#14406,10.);
#3241=VECTOR('',#14409,10.);
#3242=VECTOR('',#14412,10.);
#3243=VECTOR('',#14415,10.);
#3244=VECTOR('',#14418,10.);
#3245=VECTOR('',#14421,10.);
#3246=VECTOR('',#14424,10.);
#3247=VECTOR('',#14427,10.);
#3248=VECTOR('',#14430,10.);
#3249=VECTOR('',#14433,10.);
#3250=VECTOR('',#14436,10.);
#3251=VECTOR('',#14439,10.);
#3252=VECTOR('',#14442,10.);
#3253=VECTOR('',#14445,10.);
#3254=VECTOR('',#14448,10.);
#3255=VECTOR('',#14451,10.);
#3256=VECTOR('',#14454,10.);
#3257=VECTOR('',#14457,10.);
#3258=VECTOR('',#14460,10.);
#3259=VECTOR('',#14463,10.);
#3260=VECTOR('',#14466,10.);
#3261=VECTOR('',#14469,10.);
#3262=VECTOR('',#14472,10.);
#3263=VECTOR('',#14475,10.);
#3264=VECTOR('',#14478,10.);
#3265=VECTOR('',#14481,10.);
#3266=VECTOR('',#14484,10.);
#3267=VECTOR('',#14487,10.);
#3268=VECTOR('',#14490,10.);
#3269=VECTOR('',#14493,10.);
#3270=VECTOR('',#14496,10.);
#3271=VECTOR('',#14499,10.);
#3272=VECTOR('',#14502,10.);
#3273=VECTOR('',#14505,10.);
#3274=VECTOR('',#14508,10.);
#3275=VECTOR('',#14511,10.);
#3276=VECTOR('',#14514,10.);
#3277=VECTOR('',#14517,10.);
#3278=VECTOR('',#14520,10.);
#3279=VECTOR('',#14521,10.);
#3280=VECTOR('',#14524,10.);
#3281=VECTOR('',#14527,10.);
#3282=VECTOR('',#14530,10.);
#3283=VECTOR('',#14533,10.);
#3284=VECTOR('',#14536,10.);
#3285=VECTOR('',#14539,10.);
#3286=VECTOR('',#14542,10.);
#3287=VECTOR('',#14545,10.);
#3288=VECTOR('',#14548,10.);
#3289=VECTOR('',#14551,10.);
#3290=VECTOR('',#14554,10.);
#3291=VECTOR('',#14557,10.);
#3292=VECTOR('',#14560,10.);
#3293=VECTOR('',#14563,10.);
#3294=VECTOR('',#14566,10.);
#3295=VECTOR('',#14569,10.);
#3296=VECTOR('',#14572,10.);
#3297=VECTOR('',#14575,10.);
#3298=VECTOR('',#14578,10.);
#3299=VECTOR('',#14581,10.);
#3300=VECTOR('',#14584,10.);
#3301=VECTOR('',#14587,10.);
#3302=VECTOR('',#14590,10.);
#3303=VECTOR('',#14593,10.);
#3304=VECTOR('',#14596,10.);
#3305=VECTOR('',#14599,10.);
#3306=VECTOR('',#14602,10.);
#3307=VECTOR('',#14605,10.);
#3308=VECTOR('',#14608,10.);
#3309=VECTOR('',#14611,10.);
#3310=VECTOR('',#14614,10.);
#3311=VECTOR('',#14619,10.);
#3312=VECTOR('',#14622,10.);
#3313=VECTOR('',#14625,10.);
#3314=VECTOR('',#14626,10.);
#3315=VECTOR('',#14631,10.);
#3316=VECTOR('',#14634,10.);
#3317=VECTOR('',#14637,10.);
#3318=VECTOR('',#14640,10.);
#3319=VECTOR('',#14643,10.);
#3320=VECTOR('',#14646,10.);
#3321=VECTOR('',#14649,10.);
#3322=VECTOR('',#14652,10.);
#3323=VECTOR('',#14655,10.);
#3324=VECTOR('',#14658,10.);
#3325=VECTOR('',#14661,10.);
#3326=VECTOR('',#14664,10.);
#3327=VECTOR('',#14667,10.);
#3328=VECTOR('',#14670,10.);
#3329=VECTOR('',#14673,10.);
#3330=VECTOR('',#14676,10.);
#3331=VECTOR('',#14679,10.);
#3332=VECTOR('',#14682,10.);
#3333=VECTOR('',#14685,10.);
#3334=VECTOR('',#14688,10.);
#3335=VECTOR('',#14691,10.);
#3336=VECTOR('',#14694,10.);
#3337=VECTOR('',#14697,10.);
#3338=VECTOR('',#14700,10.);
#3339=VECTOR('',#14703,10.);
#3340=VECTOR('',#14706,10.);
#3341=VECTOR('',#14709,10.);
#3342=VECTOR('',#14712,10.);
#3343=VECTOR('',#14715,10.);
#3344=VECTOR('',#14718,10.);
#3345=VECTOR('',#14721,10.);
#3346=VECTOR('',#14724,10.);
#3347=VECTOR('',#14727,10.);
#3348=VECTOR('',#14730,10.);
#3349=VECTOR('',#14733,10.);
#3350=VECTOR('',#14736,10.);
#3351=VECTOR('',#14739,10.);
#3352=VECTOR('',#14742,10.);
#3353=VECTOR('',#14745,10.);
#3354=VECTOR('',#14748,10.);
#3355=VECTOR('',#14751,10.);
#3356=VECTOR('',#14754,10.);
#3357=VECTOR('',#14757,10.);
#3358=VECTOR('',#14760,10.);
#3359=VECTOR('',#14763,10.);
#3360=VECTOR('',#14766,10.);
#3361=VECTOR('',#14769,10.);
#3362=VECTOR('',#14772,10.);
#3363=VECTOR('',#14775,10.);
#3364=VECTOR('',#14778,10.);
#3365=VECTOR('',#14783,10.);
#3366=VECTOR('',#14786,10.);
#3367=VECTOR('',#14789,10.);
#3368=VECTOR('',#14792,10.);
#3369=VECTOR('',#14795,10.);
#3370=VECTOR('',#14798,10.);
#3371=VECTOR('',#14801,10.);
#3372=VECTOR('',#14806,10.);
#3373=VECTOR('',#14809,10.);
#3374=VECTOR('',#14812,10.);
#3375=VECTOR('',#14815,10.);
#3376=VECTOR('',#14818,10.);
#3377=VECTOR('',#14821,10.);
#3378=VECTOR('',#14824,10.);
#3379=VECTOR('',#14827,10.);
#3380=VECTOR('',#14830,10.);
#3381=VECTOR('',#14831,10.);
#3382=VECTOR('',#14834,10.);
#3383=VECTOR('',#14837,10.);
#3384=VECTOR('',#14840,10.);
#3385=VECTOR('',#14843,10.);
#3386=VECTOR('',#14846,10.);
#3387=VECTOR('',#14849,10.);
#3388=VECTOR('',#14852,10.);
#3389=VECTOR('',#14855,10.);
#3390=VECTOR('',#14858,10.);
#3391=VECTOR('',#14861,10.);
#3392=VECTOR('',#14864,10.);
#3393=VECTOR('',#14867,10.);
#3394=VECTOR('',#14870,10.);
#3395=VECTOR('',#14873,10.);
#3396=VECTOR('',#14876,10.);
#3397=VECTOR('',#14879,10.);
#3398=VECTOR('',#14882,10.);
#3399=VECTOR('',#14885,10.);
#3400=VECTOR('',#14888,10.);
#3401=VECTOR('',#14891,10.);
#3402=VECTOR('',#14894,10.);
#3403=VECTOR('',#14897,10.);
#3404=VECTOR('',#14900,10.);
#3405=VECTOR('',#14903,10.);
#3406=VECTOR('',#14906,10.);
#3407=VECTOR('',#14909,10.);
#3408=VECTOR('',#14912,10.);
#3409=VECTOR('',#14915,10.);
#3410=VECTOR('',#14918,10.);
#3411=VECTOR('',#14921,10.);
#3412=VECTOR('',#14924,10.);
#3413=VECTOR('',#14927,10.);
#3414=VECTOR('',#14930,10.);
#3415=VECTOR('',#14933,10.);
#3416=VECTOR('',#14936,10.);
#3417=VECTOR('',#14939,10.);
#3418=VECTOR('',#14942,10.);
#3419=VECTOR('',#14945,10.);
#3420=VECTOR('',#14948,10.);
#3421=VECTOR('',#14951,10.);
#3422=VECTOR('',#14954,10.);
#3423=VECTOR('',#14957,10.);
#3424=VECTOR('',#14960,10.);
#3425=VECTOR('',#14963,10.);
#3426=VECTOR('',#14966,10.);
#3427=VECTOR('',#14969,10.);
#3428=VECTOR('',#14972,10.);
#3429=VECTOR('',#14975,10.);
#3430=VECTOR('',#14978,10.);
#3431=VECTOR('',#14981,10.);
#3432=VECTOR('',#14984,10.);
#3433=VECTOR('',#14987,10.);
#3434=VECTOR('',#14990,10.);
#3435=VECTOR('',#14993,10.);
#3436=VECTOR('',#14996,10.);
#3437=VECTOR('',#15001,10.);
#3438=VECTOR('',#15004,10.);
#3439=VECTOR('',#15007,10.);
#3440=VECTOR('',#15010,10.);
#3441=VECTOR('',#15013,10.);
#3442=VECTOR('',#15016,10.);
#3443=VECTOR('',#15019,10.);
#3444=VECTOR('',#15022,10.);
#3445=VECTOR('',#15025,10.);
#3446=VECTOR('',#15028,10.);
#3447=VECTOR('',#15031,10.);
#3448=VECTOR('',#15034,10.);
#3449=VECTOR('',#15037,10.);
#3450=VECTOR('',#15040,10.);
#3451=VECTOR('',#15043,10.);
#3452=VECTOR('',#15046,10.);
#3453=VECTOR('',#15049,10.);
#3454=VECTOR('',#15052,10.);
#3455=VECTOR('',#15055,10.);
#3456=VECTOR('',#15058,10.);
#3457=VECTOR('',#15061,10.);
#3458=VECTOR('',#15064,10.);
#3459=VECTOR('',#15067,10.);
#3460=VECTOR('',#15070,10.);
#3461=VECTOR('',#15073,10.);
#3462=VECTOR('',#15076,10.);
#3463=VECTOR('',#15079,10.);
#3464=VECTOR('',#15082,10.);
#3465=VECTOR('',#15085,10.);
#3466=VECTOR('',#15088,10.);
#3467=VECTOR('',#15091,10.);
#3468=VECTOR('',#15094,10.);
#3469=VECTOR('',#15097,10.);
#3470=VECTOR('',#15100,10.);
#3471=VECTOR('',#15103,10.);
#3472=VECTOR('',#15106,10.);
#3473=VECTOR('',#15109,10.);
#3474=VECTOR('',#15112,10.);
#3475=VECTOR('',#15115,10.);
#3476=VECTOR('',#15118,10.);
#3477=VECTOR('',#15121,10.);
#3478=VECTOR('',#15124,10.);
#3479=VECTOR('',#15127,10.);
#3480=VECTOR('',#15130,10.);
#3481=VECTOR('',#15133,10.);
#3482=VECTOR('',#15136,10.);
#3483=VECTOR('',#15139,10.);
#3484=VECTOR('',#15142,10.);
#3485=VECTOR('',#15145,10.);
#3486=VECTOR('',#15148,10.);
#3487=VECTOR('',#15151,10.);
#3488=VECTOR('',#15154,10.);
#3489=VECTOR('',#15157,10.);
#3490=VECTOR('',#15160,10.);
#3491=VECTOR('',#15163,10.);
#3492=VECTOR('',#15166,10.);
#3493=VECTOR('',#15169,10.);
#3494=VECTOR('',#15172,10.);
#3495=VECTOR('',#15175,10.);
#3496=VECTOR('',#15178,10.);
#3497=VECTOR('',#15181,10.);
#3498=VECTOR('',#15184,10.);
#3499=VECTOR('',#15187,10.);
#3500=VECTOR('',#15190,10.);
#3501=VECTOR('',#15193,10.);
#3502=VECTOR('',#15196,10.);
#3503=VECTOR('',#15199,10.);
#3504=VECTOR('',#15202,10.);
#3505=VECTOR('',#15205,10.);
#3506=VECTOR('',#15208,10.);
#3507=VECTOR('',#15211,10.);
#3508=VECTOR('',#15214,10.);
#3509=VECTOR('',#15217,10.);
#3510=VECTOR('',#15220,10.);
#3511=VECTOR('',#15223,10.);
#3512=VECTOR('',#15226,10.);
#3513=VECTOR('',#15229,10.);
#3514=VECTOR('',#15232,10.);
#3515=VECTOR('',#15235,10.);
#3516=VECTOR('',#15238,10.);
#3517=VECTOR('',#15241,10.);
#3518=VECTOR('',#15244,10.);
#3519=VECTOR('',#15247,10.);
#3520=VECTOR('',#15250,10.);
#3521=VECTOR('',#15253,10.);
#3522=VECTOR('',#15256,10.);
#3523=VECTOR('',#15259,10.);
#3524=VECTOR('',#15262,10.);
#3525=VECTOR('',#15265,10.);
#3526=VECTOR('',#15268,10.);
#3527=VECTOR('',#15271,10.);
#3528=VECTOR('',#15274,10.);
#3529=VECTOR('',#15277,10.);
#3530=VECTOR('',#15280,10.);
#3531=VECTOR('',#15283,10.);
#3532=VECTOR('',#15286,10.);
#3533=VECTOR('',#15289,10.);
#3534=VECTOR('',#15292,10.);
#3535=VECTOR('',#15295,10.);
#3536=VECTOR('',#15298,10.);
#3537=VECTOR('',#15301,10.);
#3538=VECTOR('',#15304,10.);
#3539=VECTOR('',#15307,10.);
#3540=VECTOR('',#15310,10.);
#3541=VECTOR('',#15313,10.);
#3542=VECTOR('',#15316,10.);
#3543=VECTOR('',#15319,10.);
#3544=VECTOR('',#15322,10.);
#3545=VECTOR('',#15325,10.);
#3546=VECTOR('',#15328,10.);
#3547=VECTOR('',#15331,10.);
#3548=VECTOR('',#15334,10.);
#3549=VECTOR('',#15337,10.);
#3550=VECTOR('',#15340,10.);
#3551=VECTOR('',#15343,10.);
#3552=VECTOR('',#15346,10.);
#3553=VECTOR('',#15349,10.);
#3554=VECTOR('',#15352,10.);
#3555=VECTOR('',#15355,10.);
#3556=VECTOR('',#15358,10.);
#3557=VECTOR('',#15361,10.);
#3558=VECTOR('',#15364,10.);
#3559=VECTOR('',#15367,10.);
#3560=VECTOR('',#15370,10.);
#3561=VECTOR('',#15373,10.);
#3562=VECTOR('',#15376,10.);
#3563=VECTOR('',#15379,10.);
#3564=VECTOR('',#15382,10.);
#3565=VECTOR('',#15385,10.);
#3566=VECTOR('',#15388,10.);
#3567=VECTOR('',#15391,10.);
#3568=VECTOR('',#15394,10.);
#3569=VECTOR('',#15397,10.);
#3570=VECTOR('',#15400,10.);
#3571=VECTOR('',#15403,10.);
#3572=VECTOR('',#15406,10.);
#3573=VECTOR('',#15409,10.);
#3574=VECTOR('',#15412,10.);
#3575=VECTOR('',#15415,10.);
#3576=VECTOR('',#15418,10.);
#3577=VECTOR('',#15421,10.);
#3578=VECTOR('',#15424,10.);
#3579=VECTOR('',#15427,10.);
#3580=VECTOR('',#15430,10.);
#3581=VECTOR('',#15433,10.);
#3582=VECTOR('',#15436,10.);
#3583=VECTOR('',#15439,10.);
#3584=VECTOR('',#15442,10.);
#3585=VECTOR('',#15445,10.);
#3586=VECTOR('',#15448,10.);
#3587=VECTOR('',#15451,10.);
#3588=VECTOR('',#15454,10.);
#3589=VECTOR('',#15457,10.);
#3590=VECTOR('',#15460,10.);
#3591=VECTOR('',#15463,10.);
#3592=VECTOR('',#15466,10.);
#3593=VECTOR('',#15469,10.);
#3594=VECTOR('',#15472,10.);
#3595=VECTOR('',#15475,10.);
#3596=VECTOR('',#15478,10.);
#3597=VECTOR('',#15481,10.);
#3598=VECTOR('',#15484,10.);
#3599=VECTOR('',#15487,10.);
#3600=VECTOR('',#15490,10.);
#3601=VECTOR('',#15493,10.);
#3602=VECTOR('',#15496,10.);
#3603=VECTOR('',#15499,10.);
#3604=VECTOR('',#15502,10.);
#3605=VECTOR('',#15505,10.);
#3606=VECTOR('',#15508,10.);
#3607=VECTOR('',#15511,10.);
#3608=VECTOR('',#15514,10.);
#3609=VECTOR('',#15517,10.);
#3610=VECTOR('',#15520,10.);
#3611=VECTOR('',#15523,10.);
#3612=VECTOR('',#15526,10.);
#3613=VECTOR('',#15529,10.);
#3614=VECTOR('',#15532,10.);
#3615=VECTOR('',#15535,10.);
#3616=VECTOR('',#15538,10.);
#3617=VECTOR('',#15541,10.);
#3618=VECTOR('',#15542,10.);
#3619=VECTOR('',#15545,10.);
#3620=VECTOR('',#15548,10.);
#3621=VECTOR('',#15549,10.);
#3622=VECTOR('',#15552,10.);
#3623=VECTOR('',#15555,10.);
#3624=VECTOR('',#15556,10.);
#3625=VECTOR('',#15559,10.);
#3626=VECTOR('',#15562,10.);
#3627=VECTOR('',#15563,10.);
#3628=VECTOR('',#15566,10.);
#3629=VECTOR('',#15569,10.);
#3630=VECTOR('',#15570,10.);
#3631=VECTOR('',#15573,10.);
#3632=VECTOR('',#15576,10.);
#3633=VECTOR('',#15577,10.);
#3634=VECTOR('',#15580,10.);
#3635=VECTOR('',#15583,10.);
#3636=VECTOR('',#15584,10.);
#3637=VECTOR('',#15587,10.);
#3638=VECTOR('',#15590,10.);
#3639=VECTOR('',#15591,10.);
#3640=VECTOR('',#15594,10.);
#3641=VECTOR('',#15597,10.);
#3642=VECTOR('',#15598,10.);
#3643=VECTOR('',#15601,10.);
#3644=VECTOR('',#15604,10.);
#3645=VECTOR('',#15605,10.);
#3646=VECTOR('',#15608,10.);
#3647=VECTOR('',#15611,10.);
#3648=VECTOR('',#15612,10.);
#3649=VECTOR('',#15615,10.);
#3650=VECTOR('',#15618,10.);
#3651=VECTOR('',#15619,10.);
#3652=VECTOR('',#15622,10.);
#3653=VECTOR('',#15625,10.);
#3654=VECTOR('',#15626,10.);
#3655=VECTOR('',#15629,10.);
#3656=VECTOR('',#15632,10.);
#3657=VECTOR('',#15633,10.);
#3658=VECTOR('',#15636,10.);
#3659=VECTOR('',#15639,10.);
#3660=VECTOR('',#15640,10.);
#3661=VECTOR('',#15643,10.);
#3662=VECTOR('',#15646,10.);
#3663=VECTOR('',#15649,10.);
#3664=VECTOR('',#15650,10.);
#3665=VECTOR('',#15653,10.);
#3666=VECTOR('',#15656,10.);
#3667=VECTOR('',#15659,10.);
#3668=VECTOR('',#15660,10.);
#3669=VECTOR('',#15663,10.);
#3670=VECTOR('',#15666,10.);
#3671=VECTOR('',#15669,10.);
#3672=VECTOR('',#15670,10.);
#3673=VECTOR('',#15673,10.);
#3674=VECTOR('',#15676,10.);
#3675=VECTOR('',#15679,10.);
#3676=VECTOR('',#15682,10.);
#3677=VECTOR('',#15685,10.);
#3678=VECTOR('',#15688,10.);
#3679=VECTOR('',#15691,3.00000000000001);
#3680=VECTOR('',#15694,10.);
#3681=VECTOR('',#15697,10.);
#3682=VECTOR('',#15700,3.);
#3683=VECTOR('',#15703,10.);
#3684=VECTOR('',#15706,10.);
#3685=VECTOR('',#15711,10.);
#3686=VECTOR('',#15714,10.);
#3687=VECTOR('',#15719,3.);
#3688=VECTOR('',#15722,3.00000000000001);
#3689=VECTOR('',#15725,10.);
#3690=VECTOR('',#15728,10.);
#3691=VECTOR('',#15733,10.);
#3692=VECTOR('',#15734,10.);
#3693=VECTOR('',#15737,10.);
#3694=VECTOR('',#15740,10.);
#3695=VECTOR('',#15741,10.);
#3696=VECTOR('',#15744,10.);
#3697=VECTOR('',#15747,10.);
#3698=VECTOR('',#15748,10.);
#3699=VECTOR('',#15751,10.);
#3700=VECTOR('',#15754,10.);
#3701=VECTOR('',#15757,10.);
#3702=VECTOR('',#15762,10.);
#3703=VECTOR('',#15763,10.);
#3704=VECTOR('',#15766,10.);
#3705=VECTOR('',#15769,10.);
#3706=VECTOR('',#15772,10.);
#3707=VECTOR('',#15773,10.);
#3708=VECTOR('',#15776,10.);
#3709=VECTOR('',#15779,10.);
#3710=VECTOR('',#15782,10.);
#3711=VECTOR('',#15785,10.);
#3712=VECTOR('',#15788,10.);
#3713=VECTOR('',#15791,10.);
#3714=VECTOR('',#15798,10.);
#3715=VECTOR('',#15805,10.);
#3716=VECTOR('',#15806,10.);
#3717=VECTOR('',#15809,10.);
#3718=VECTOR('',#15812,10.);
#3719=VECTOR('',#15817,10.);
#3720=VECTOR('',#15818,10.);
#3721=VECTOR('',#15821,10.);
#3722=VECTOR('',#15824,10.);
#3723=VECTOR('',#15829,10.);
#3724=VECTOR('',#15830,10.);
#3725=VECTOR('',#15833,10.);
#3726=VECTOR('',#15836,10.);
#3727=VECTOR('',#15841,10.);
#3728=VECTOR('',#15842,10.);
#3729=VECTOR('',#15845,10.);
#3730=VECTOR('',#15848,10.);
#3731=VECTOR('',#15853,10.);
#3732=VECTOR('',#15854,10.);
#3733=VECTOR('',#15857,10.);
#3734=VECTOR('',#15860,10.);
#3735=VECTOR('',#15865,10.);
#3736=VECTOR('',#15866,10.);
#3737=VECTOR('',#15869,10.);
#3738=VECTOR('',#15872,10.);
#3739=VECTOR('',#15877,10.);
#3740=VECTOR('',#15878,10.);
#3741=VECTOR('',#15881,10.);
#3742=VECTOR('',#15884,10.);
#3743=VECTOR('',#15889,10.);
#3744=VECTOR('',#15890,10.);
#3745=VECTOR('',#15893,10.);
#3746=VECTOR('',#15896,10.);
#3747=VECTOR('',#15901,10.);
#3748=VECTOR('',#15902,10.);
#3749=VECTOR('',#15905,10.);
#3750=VECTOR('',#15908,10.);
#3751=VECTOR('',#15913,10.);
#3752=VECTOR('',#15914,10.);
#3753=VECTOR('',#15917,10.);
#3754=VECTOR('',#15922,10.);
#3755=VECTOR('',#15923,10.);
#3756=VECTOR('',#15928,10.);
#3757=VECTOR('',#15933,10.);
#3758=VECTOR('',#15934,10.);
#3759=VECTOR('',#15937,10.);
#3760=VECTOR('',#15942,10.);
#3761=VECTOR('',#15945,10.);
#3762=VECTOR('',#15948,10.);
#3763=VECTOR('',#15951,10.);
#3764=VECTOR('',#15954,10.);
#3765=VECTOR('',#15955,10.);
#3766=VECTOR('',#15958,10.);
#3767=VECTOR('',#15961,10.);
#3768=VECTOR('',#15962,10.);
#3769=VECTOR('',#15965,10.);
#3770=VECTOR('',#15968,10.);
#3771=VECTOR('',#15969,10.);
#3772=VECTOR('',#15972,10.);
#3773=VECTOR('',#15975,10.);
#3774=VECTOR('',#15976,10.);
#3775=VECTOR('',#15979,10.);
#3776=VECTOR('',#15982,10.);
#3777=VECTOR('',#15983,10.);
#3778=VECTOR('',#15986,10.);
#3779=VECTOR('',#15989,10.);
#3780=VECTOR('',#15990,10.);
#3781=VECTOR('',#15993,10.);
#3782=VECTOR('',#15996,10.);
#3783=VECTOR('',#15999,10.);
#3784=VECTOR('',#16002,10.);
#3785=VECTOR('',#16005,10.);
#3786=VECTOR('',#16008,10.);
#3787=VECTOR('',#16011,10.);
#3788=VECTOR('',#16014,10.);
#3789=VECTOR('',#16017,10.);
#3790=VECTOR('',#16022,10.);
#3791=VECTOR('',#16033,10.);
#3792=VECTOR('',#16038,10.);
#3793=VECTOR('',#16041,10.);
#3794=VECTOR('',#16044,10.);
#3795=VECTOR('',#16047,10.);
#3796=VECTOR('',#16050,10.);
#3797=VECTOR('',#16053,10.);
#3798=VECTOR('',#16056,10.);
#3799=VECTOR('',#16059,10.);
#3800=VECTOR('',#16064,10.);
#3801=VECTOR('',#16067,10.);
#3802=VECTOR('',#16070,10.);
#3803=VECTOR('',#16073,10.);
#3804=VECTOR('',#16082,10.);
#3805=VECTOR('',#16085,10.);
#3806=VECTOR('',#16088,10.);
#3807=VECTOR('',#16091,10.);
#3808=VECTOR('',#16096,10.);
#3809=VECTOR('',#16099,10.);
#3810=VECTOR('',#16102,10.);
#3811=VECTOR('',#16105,10.);
#3812=VECTOR('',#16108,10.);
#3813=VECTOR('',#16111,10.);
#3814=VECTOR('',#16126,10.);
#3815=VECTOR('',#16133,10.);
#3816=VECTOR('',#16136,10.);
#3817=VECTOR('',#16137,10.);
#3818=VECTOR('',#16140,10.);
#3819=VECTOR('',#16143,10.);
#3820=VECTOR('',#16146,10.);
#3821=VECTOR('',#16149,10.);
#3822=VECTOR('',#16152,10.);
#3823=VECTOR('',#16155,10.);
#3824=VECTOR('',#16160,10.);
#3825=VECTOR('',#16161,10.);
#3826=VECTOR('',#16164,10.);
#3827=VECTOR('',#16167,10.);
#3828=VECTOR('',#16170,10.);
#3829=VECTOR('',#16173,10.);
#3830=VECTOR('',#16176,10.);
#3831=VECTOR('',#16179,10.);
#3832=VECTOR('',#16184,10.);
#3833=VECTOR('',#16185,10.);
#3834=VECTOR('',#16188,10.);
#3835=VECTOR('',#16191,10.);
#3836=VECTOR('',#16194,10.);
#3837=VECTOR('',#16197,10.);
#3838=VECTOR('',#16200,10.);
#3839=VECTOR('',#16203,10.);
#3840=VECTOR('',#16208,10.);
#3841=VECTOR('',#16209,10.);
#3842=VECTOR('',#16212,10.);
#3843=VECTOR('',#16215,10.);
#3844=VECTOR('',#16218,10.);
#3845=VECTOR('',#16221,10.);
#3846=VECTOR('',#16224,10.);
#3847=VECTOR('',#16227,10.);
#3848=VECTOR('',#16232,10.);
#3849=VECTOR('',#16233,10.);
#3850=VECTOR('',#16236,10.);
#3851=VECTOR('',#16239,10.);
#3852=VECTOR('',#16242,10.);
#3853=VECTOR('',#16245,10.);
#3854=VECTOR('',#16248,10.);
#3855=VECTOR('',#16251,10.);
#3856=VECTOR('',#16256,10.);
#3857=VECTOR('',#16257,10.);
#3858=VECTOR('',#16260,10.);
#3859=VECTOR('',#16263,10.);
#3860=VECTOR('',#16266,10.);
#3861=VECTOR('',#16269,10.);
#3862=VECTOR('',#16272,10.);
#3863=VECTOR('',#16275,10.);
#3864=VECTOR('',#16280,10.);
#3865=VECTOR('',#16281,10.);
#3866=VECTOR('',#16284,10.);
#3867=VECTOR('',#16287,10.);
#3868=VECTOR('',#16290,10.);
#3869=VECTOR('',#16293,10.);
#3870=VECTOR('',#16296,10.);
#3871=VECTOR('',#16299,10.);
#3872=VECTOR('',#16304,10.);
#3873=VECTOR('',#16305,10.);
#3874=VECTOR('',#16308,10.);
#3875=VECTOR('',#16311,10.);
#3876=VECTOR('',#16314,10.);
#3877=VECTOR('',#16317,10.);
#3878=VECTOR('',#16320,10.);
#3879=VECTOR('',#16323,10.);
#3880=VECTOR('',#16328,10.);
#3881=VECTOR('',#16329,10.);
#3882=VECTOR('',#16332,10.);
#3883=VECTOR('',#16335,10.);
#3884=VECTOR('',#16338,10.);
#3885=VECTOR('',#16341,10.);
#3886=VECTOR('',#16344,10.);
#3887=VECTOR('',#16347,10.);
#3888=VECTOR('',#16352,10.);
#3889=VECTOR('',#16353,10.);
#3890=VECTOR('',#16356,10.);
#3891=VECTOR('',#16359,10.);
#3892=VECTOR('',#16362,10.);
#3893=VECTOR('',#16365,10.);
#3894=VECTOR('',#16368,10.);
#3895=VECTOR('',#16371,10.);
#3896=VECTOR('',#16376,10.);
#3897=VECTOR('',#16377,10.);
#3898=VECTOR('',#16380,10.);
#3899=VECTOR('',#16383,10.);
#3900=VECTOR('',#16386,10.);
#3901=VECTOR('',#16389,10.);
#3902=VECTOR('',#16392,10.);
#3903=VECTOR('',#16395,10.);
#3904=VECTOR('',#16400,10.);
#3905=VECTOR('',#16401,10.);
#3906=VECTOR('',#16404,10.);
#3907=VECTOR('',#16407,10.);
#3908=VECTOR('',#16410,10.);
#3909=VECTOR('',#16413,10.);
#3910=VECTOR('',#16416,10.);
#3911=VECTOR('',#16419,10.);
#3912=VECTOR('',#16424,10.);
#3913=VECTOR('',#16425,10.);
#3914=VECTOR('',#16428,10.);
#3915=VECTOR('',#16431,10.);
#3916=VECTOR('',#16434,10.);
#3917=VECTOR('',#16437,10.);
#3918=VECTOR('',#16440,10.);
#3919=VECTOR('',#16443,10.);
#3920=VECTOR('',#16448,10.);
#3921=VECTOR('',#16449,10.);
#3922=VECTOR('',#16452,10.);
#3923=VECTOR('',#16455,10.);
#3924=VECTOR('',#16458,10.);
#3925=VECTOR('',#16461,10.);
#3926=VECTOR('',#16464,10.);
#3927=VECTOR('',#16467,10.);
#3928=VECTOR('',#16472,10.);
#3929=VECTOR('',#16473,10.);
#3930=VECTOR('',#16476,10.);
#3931=VECTOR('',#16479,10.);
#3932=VECTOR('',#16482,10.);
#3933=VECTOR('',#16485,10.);
#3934=VECTOR('',#16488,10.);
#3935=VECTOR('',#16491,10.);
#3936=VECTOR('',#16496,10.);
#3937=VECTOR('',#16497,10.);
#3938=VECTOR('',#16500,10.);
#3939=VECTOR('',#16503,10.);
#3940=VECTOR('',#16506,10.);
#3941=VECTOR('',#16509,10.);
#3942=VECTOR('',#16512,10.);
#3943=VECTOR('',#16515,10.);
#3944=VECTOR('',#16520,10.);
#3945=VECTOR('',#16521,10.);
#3946=VECTOR('',#16524,10.);
#3947=VECTOR('',#16527,10.);
#3948=VECTOR('',#16530,10.);
#3949=VECTOR('',#16533,10.);
#3950=VECTOR('',#16536,10.);
#3951=VECTOR('',#16539,10.);
#3952=VECTOR('',#16544,10.);
#3953=VECTOR('',#16545,10.);
#3954=VECTOR('',#16548,10.);
#3955=VECTOR('',#16551,10.);
#3956=VECTOR('',#16554,10.);
#3957=VECTOR('',#16557,10.);
#3958=VECTOR('',#16560,10.);
#3959=VECTOR('',#16563,10.);
#3960=VECTOR('',#16568,10.);
#3961=VECTOR('',#16569,10.);
#3962=VECTOR('',#16572,10.);
#3963=VECTOR('',#16575,10.);
#3964=VECTOR('',#16578,10.);
#3965=VECTOR('',#16581,10.);
#3966=VECTOR('',#16584,10.);
#3967=VECTOR('',#16587,10.);
#3968=VECTOR('',#16592,10.);
#3969=VECTOR('',#16593,10.);
#3970=VECTOR('',#16596,10.);
#3971=VECTOR('',#16599,10.);
#3972=VECTOR('',#16602,10.);
#3973=VECTOR('',#16605,10.);
#3974=VECTOR('',#16608,10.);
#3975=VECTOR('',#16611,10.);
#3976=VECTOR('',#16616,10.);
#3977=VECTOR('',#16617,10.);
#3978=VECTOR('',#16620,10.);
#3979=VECTOR('',#16623,10.);
#3980=VECTOR('',#16626,10.);
#3981=VECTOR('',#16629,10.);
#3982=VECTOR('',#16632,10.);
#3983=VECTOR('',#16635,10.);
#3984=VECTOR('',#16640,10.);
#3985=VECTOR('',#16641,10.);
#3986=VECTOR('',#16644,10.);
#3987=VECTOR('',#16647,10.);
#3988=VECTOR('',#16650,10.);
#3989=VECTOR('',#16653,10.);
#3990=VECTOR('',#16656,10.);
#3991=VECTOR('',#16659,10.);
#3992=VECTOR('',#16664,10.);
#3993=VECTOR('',#16665,10.);
#3994=VECTOR('',#16668,10.);
#3995=VECTOR('',#16671,10.);
#3996=VECTOR('',#16674,10.);
#3997=VECTOR('',#16677,10.);
#3998=VECTOR('',#16680,10.);
#3999=VECTOR('',#16683,10.);
#4000=VECTOR('',#16688,10.);
#4001=VECTOR('',#16689,10.);
#4002=VECTOR('',#16692,10.);
#4003=VECTOR('',#16695,10.);
#4004=VECTOR('',#16698,10.);
#4005=VECTOR('',#16701,10.);
#4006=VECTOR('',#16704,10.);
#4007=VECTOR('',#16707,10.);
#4008=VECTOR('',#16712,10.);
#4009=VECTOR('',#16713,10.);
#4010=VECTOR('',#16716,10.);
#4011=VECTOR('',#16719,10.);
#4012=VECTOR('',#16722,10.);
#4013=VECTOR('',#16725,10.);
#4014=VECTOR('',#16728,10.);
#4015=VECTOR('',#16731,10.);
#4016=VECTOR('',#16736,10.);
#4017=VECTOR('',#16737,10.);
#4018=VECTOR('',#16740,10.);
#4019=VECTOR('',#16743,10.);
#4020=VECTOR('',#16746,10.);
#4021=VECTOR('',#16749,10.);
#4022=VECTOR('',#16752,10.);
#4023=VECTOR('',#16755,10.);
#4024=VECTOR('',#16760,10.);
#4025=VECTOR('',#16761,10.);
#4026=VECTOR('',#16764,10.);
#4027=VECTOR('',#16767,10.);
#4028=VECTOR('',#16770,10.);
#4029=VECTOR('',#16773,10.);
#4030=VECTOR('',#16776,10.);
#4031=VECTOR('',#16779,10.);
#4032=VECTOR('',#16784,10.);
#4033=VECTOR('',#16785,10.);
#4034=VECTOR('',#16788,10.);
#4035=VECTOR('',#16791,10.);
#4036=VECTOR('',#16794,10.);
#4037=VECTOR('',#16797,10.);
#4038=VECTOR('',#16800,10.);
#4039=VECTOR('',#16803,10.);
#4040=VECTOR('',#16808,10.);
#4041=VECTOR('',#16809,10.);
#4042=VECTOR('',#16812,10.);
#4043=VECTOR('',#16815,10.);
#4044=VECTOR('',#16818,10.);
#4045=VECTOR('',#16821,10.);
#4046=VECTOR('',#16824,10.);
#4047=VECTOR('',#16827,10.);
#4048=VECTOR('',#16832,10.);
#4049=VECTOR('',#16833,10.);
#4050=VECTOR('',#16836,10.);
#4051=VECTOR('',#16839,10.);
#4052=VECTOR('',#16842,10.);
#4053=VECTOR('',#16845,10.);
#4054=VECTOR('',#16848,10.);
#4055=VECTOR('',#16851,10.);
#4056=VECTOR('',#16856,10.);
#4057=VECTOR('',#16857,10.);
#4058=VECTOR('',#16860,10.);
#4059=VECTOR('',#16863,10.);
#4060=VECTOR('',#16866,10.);
#4061=VECTOR('',#16869,10.);
#4062=VECTOR('',#16872,10.);
#4063=VECTOR('',#16875,10.);
#4064=VECTOR('',#16880,10.);
#4065=VECTOR('',#16881,10.);
#4066=VECTOR('',#16884,10.);
#4067=VECTOR('',#16887,10.);
#4068=VECTOR('',#16890,10.);
#4069=VECTOR('',#16893,10.);
#4070=VECTOR('',#16896,10.);
#4071=VECTOR('',#16899,10.);
#4072=VECTOR('',#16904,10.);
#4073=VECTOR('',#16905,10.);
#4074=VECTOR('',#16908,10.);
#4075=VECTOR('',#16911,10.);
#4076=VECTOR('',#16914,10.);
#4077=VECTOR('',#16917,10.);
#4078=VECTOR('',#16920,10.);
#4079=VECTOR('',#16923,10.);
#4080=VECTOR('',#16928,10.);
#4081=VECTOR('',#16929,10.);
#4082=VECTOR('',#16932,10.);
#4083=VECTOR('',#16935,10.);
#4084=VECTOR('',#16938,10.);
#4085=VECTOR('',#16941,10.);
#4086=VECTOR('',#16944,10.);
#4087=VECTOR('',#16947,10.);
#4088=VECTOR('',#16952,10.);
#4089=VECTOR('',#16953,10.);
#4090=VECTOR('',#16956,10.);
#4091=VECTOR('',#16959,10.);
#4092=VECTOR('',#16962,10.);
#4093=VECTOR('',#16965,10.);
#4094=VECTOR('',#16968,10.);
#4095=VECTOR('',#16971,10.);
#4096=VECTOR('',#16976,10.);
#4097=VECTOR('',#16977,10.);
#4098=VECTOR('',#16980,10.);
#4099=VECTOR('',#16983,10.);
#4100=VECTOR('',#16986,10.);
#4101=VECTOR('',#16989,10.);
#4102=VECTOR('',#16992,10.);
#4103=VECTOR('',#16995,10.);
#4104=VECTOR('',#17000,10.);
#4105=VECTOR('',#17001,10.);
#4106=VECTOR('',#17004,10.);
#4107=VECTOR('',#17007,10.);
#4108=VECTOR('',#17010,10.);
#4109=VECTOR('',#17013,10.);
#4110=VECTOR('',#17016,10.);
#4111=VECTOR('',#17019,10.);
#4112=VECTOR('',#17024,10.);
#4113=VECTOR('',#17025,10.);
#4114=VECTOR('',#17028,10.);
#4115=VECTOR('',#17031,10.);
#4116=VECTOR('',#17034,10.);
#4117=VECTOR('',#17037,10.);
#4118=VECTOR('',#17040,10.);
#4119=VECTOR('',#17043,10.);
#4120=VECTOR('',#17048,10.);
#4121=VECTOR('',#17049,10.);
#4122=VECTOR('',#17052,10.);
#4123=VECTOR('',#17055,10.);
#4124=VECTOR('',#17058,10.);
#4125=VECTOR('',#17061,10.);
#4126=VECTOR('',#17064,10.);
#4127=VECTOR('',#17067,10.);
#4128=VECTOR('',#17072,10.);
#4129=VECTOR('',#17073,10.);
#4130=VECTOR('',#17076,10.);
#4131=VECTOR('',#17079,10.);
#4132=VECTOR('',#17082,10.);
#4133=VECTOR('',#17085,10.);
#4134=VECTOR('',#17088,10.);
#4135=VECTOR('',#17091,10.);
#4136=VECTOR('',#17096,10.);
#4137=VECTOR('',#17097,10.);
#4138=VECTOR('',#17100,10.);
#4139=VECTOR('',#17103,10.);
#4140=VECTOR('',#17106,10.);
#4141=VECTOR('',#17109,10.);
#4142=VECTOR('',#17112,10.);
#4143=VECTOR('',#17115,10.);
#4144=VECTOR('',#17120,10.);
#4145=VECTOR('',#17121,10.);
#4146=VECTOR('',#17124,10.);
#4147=VECTOR('',#17127,10.);
#4148=VECTOR('',#17130,10.);
#4149=VECTOR('',#17133,10.);
#4150=VECTOR('',#17136,10.);
#4151=VECTOR('',#17139,10.);
#4152=VECTOR('',#17144,10.);
#4153=VECTOR('',#17145,10.);
#4154=VECTOR('',#17148,10.);
#4155=VECTOR('',#17151,10.);
#4156=VECTOR('',#17154,10.);
#4157=VECTOR('',#17157,10.);
#4158=VECTOR('',#17160,10.);
#4159=VECTOR('',#17163,10.);
#4160=VECTOR('',#17168,10.);
#4161=VECTOR('',#17169,10.);
#4162=VECTOR('',#17172,10.);
#4163=VECTOR('',#17175,10.);
#4164=VECTOR('',#17178,10.);
#4165=VECTOR('',#17181,10.);
#4166=VECTOR('',#17184,10.);
#4167=VECTOR('',#17187,10.);
#4168=VECTOR('',#17192,10.);
#4169=VECTOR('',#17193,10.);
#4170=VECTOR('',#17196,10.);
#4171=VECTOR('',#17199,10.);
#4172=VECTOR('',#17202,10.);
#4173=VECTOR('',#17205,10.);
#4174=VECTOR('',#17208,10.);
#4175=VECTOR('',#17211,10.);
#4176=VECTOR('',#17216,10.);
#4177=VECTOR('',#17217,10.);
#4178=VECTOR('',#17220,10.);
#4179=VECTOR('',#17223,10.);
#4180=VECTOR('',#17226,10.);
#4181=VECTOR('',#17229,10.);
#4182=VECTOR('',#17232,10.);
#4183=VECTOR('',#17235,10.);
#4184=VECTOR('',#17240,10.);
#4185=VECTOR('',#17241,10.);
#4186=VECTOR('',#17244,10.);
#4187=VECTOR('',#17247,10.);
#4188=VECTOR('',#17250,10.);
#4189=VECTOR('',#17253,10.);
#4190=VECTOR('',#17256,10.);
#4191=VECTOR('',#17259,10.);
#4192=VECTOR('',#17264,10.);
#4193=VECTOR('',#17265,10.);
#4194=VECTOR('',#17268,10.);
#4195=VECTOR('',#17271,10.);
#4196=VECTOR('',#17274,10.);
#4197=VECTOR('',#17277,10.);
#4198=VECTOR('',#17280,10.);
#4199=VECTOR('',#17283,10.);
#4200=VECTOR('',#17288,10.);
#4201=VECTOR('',#17289,10.);
#4202=VECTOR('',#17292,10.);
#4203=VECTOR('',#17295,10.);
#4204=VECTOR('',#17298,10.);
#4205=VECTOR('',#17301,10.);
#4206=VECTOR('',#17304,10.);
#4207=VECTOR('',#17307,10.);
#4208=VECTOR('',#17312,10.);
#4209=VECTOR('',#17313,10.);
#4210=VECTOR('',#17316,10.);
#4211=VECTOR('',#17319,10.);
#4212=VECTOR('',#17322,10.);
#4213=VECTOR('',#17325,10.);
#4214=VECTOR('',#17328,10.);
#4215=VECTOR('',#17331,10.);
#4216=VECTOR('',#17336,10.);
#4217=VECTOR('',#17341,10.);
#4218=VECTOR('',#17344,10.);
#4219=VECTOR('',#17349,10.);
#4220=VECTOR('',#17352,10.);
#4221=CIRCLE('',#12464,0.5);
#4222=CIRCLE('',#12465,0.5);
#4223=CIRCLE('',#12468,1.);
#4224=CIRCLE('',#12469,1.5);
#4225=CIRCLE('',#12470,1.5);
#4226=CIRCLE('',#12471,1.);
#4227=CIRCLE('',#12472,0.5);
#4228=CIRCLE('',#12473,0.999999999999994);
#4229=CIRCLE('',#12474,0.5);
#4230=CIRCLE('',#12475,1.);
#4231=CIRCLE('',#12476,1.5);
#4232=CIRCLE('',#12477,3.);
#4233=CIRCLE('',#12478,0.500000000000007);
#4234=CIRCLE('',#12479,0.500000000000007);
#4235=CIRCLE('',#12480,3.);
#4236=CIRCLE('',#12481,3.);
#4237=CIRCLE('',#12482,0.500000000000007);
#4238=CIRCLE('',#12483,0.500000000000007);
#4239=CIRCLE('',#12484,3.00000000000001);
#4240=CIRCLE('',#12485,1.5);
#4241=CIRCLE('',#12486,1.);
#4242=CIRCLE('',#12487,0.5);
#4243=CIRCLE('',#12488,0.999999999999986);
#4244=CIRCLE('',#12489,0.5);
#4245=CIRCLE('',#12490,1.);
#4246=CIRCLE('',#12491,1.5);
#4247=CIRCLE('',#12492,1.5);
#4248=CIRCLE('',#12493,1.);
#4249=CIRCLE('',#12494,0.5);
#4250=CIRCLE('',#12495,0.999999999999986);
#4251=CIRCLE('',#12496,0.5);
#4252=CIRCLE('',#12497,1.);
#4253=CIRCLE('',#12498,1.5);
#4254=CIRCLE('',#12499,1.00000000000001);
#4255=CIRCLE('',#12500,1.00000000000001);
#4256=CIRCLE('',#12501,1.5);
#4257=CIRCLE('',#12502,1.);
#4258=CIRCLE('',#12503,0.5);
#4259=CIRCLE('',#12504,1.00000000000002);
#4260=CIRCLE('',#12505,0.5);
#4261=CIRCLE('',#12506,1.);
#4262=CIRCLE('',#12507,1.5);
#4263=CIRCLE('',#12508,1.5);
#4264=CIRCLE('',#12509,1.);
#4265=CIRCLE('',#12510,0.5);
#4266=CIRCLE('',#12511,0.999999999999986);
#4267=CIRCLE('',#12512,0.5);
#4268=CIRCLE('',#12513,1.);
#4269=CIRCLE('',#12514,1.5);
#4270=CIRCLE('',#12515,0.999999999999996);
#4271=CIRCLE('',#12516,0.999999999999996);
#4272=CIRCLE('',#12517,1.5);
#4273=CIRCLE('',#12518,1.);
#4274=CIRCLE('',#12519,0.5);
#4275=CIRCLE('',#12520,1.);
#4276=CIRCLE('',#12521,0.5);
#4277=CIRCLE('',#12522,1.);
#4278=CIRCLE('',#12523,1.5);
#4279=CIRCLE('',#12524,1.5);
#4280=CIRCLE('',#12525,1.);
#4281=CIRCLE('',#12526,0.5);
#4282=CIRCLE('',#12527,1.);
#4283=CIRCLE('',#12528,0.5);
#4284=CIRCLE('',#12529,1.);
#4285=CIRCLE('',#12530,1.5);
#4286=CIRCLE('',#12531,1.);
#4287=CIRCLE('',#12532,1.);
#4288=CIRCLE('',#12533,1.5);
#4289=CIRCLE('',#12534,1.);
#4290=CIRCLE('',#12535,0.5);
#4291=CIRCLE('',#12536,0.99999999999999);
#4292=CIRCLE('',#12537,0.499999999999989);
#4293=CIRCLE('',#12538,0.500000000000007);
#4294=CIRCLE('',#12539,0.499999999999998);
#4295=CIRCLE('',#12540,0.500000000000007);
#4296=CIRCLE('',#12541,0.499999999999989);
#4297=CIRCLE('',#12542,0.499999999999972);
#4298=CIRCLE('',#12543,0.499999999999998);
#4299=CIRCLE('',#12544,0.500000000000007);
#4300=CIRCLE('',#12545,0.499999999999989);
#4301=CIRCLE('',#12546,0.500000000000007);
#4302=CIRCLE('',#12547,0.499999999999998);
#4303=CIRCLE('',#12548,0.499999999999972);
#4304=CIRCLE('',#12549,0.499999999999991);
#4305=CIRCLE('',#12550,0.499999999999991);
#4306=CIRCLE('',#12551,0.499999999999989);
#4307=CIRCLE('',#12552,0.500000000000007);
#4308=CIRCLE('',#12553,0.499999999999998);
#4309=CIRCLE('',#12554,0.500000000000007);
#4310=CIRCLE('',#12555,0.499999999999989);
#4311=CIRCLE('',#12556,0.500000000000007);
#4312=CIRCLE('',#12557,0.499999999999998);
#4313=CIRCLE('',#12558,0.500000000000007);
#4314=CIRCLE('',#12559,0.499999999999989);
#4315=CIRCLE('',#12560,0.499999999999989);
#4316=CIRCLE('',#12561,0.499999999999998);
#4317=CIRCLE('',#12562,0.500000000000007);
#4318=CIRCLE('',#12563,0.500000000000003);
#4319=CIRCLE('',#12564,0.500000000000007);
#4320=CIRCLE('',#12565,0.499999999999998);
#4321=CIRCLE('',#12566,0.500000000000007);
#4322=CIRCLE('',#12567,0.500000000000003);
#4323=CIRCLE('',#12568,0.500000000000007);
#4324=CIRCLE('',#12569,0.499999999999998);
#4325=CIRCLE('',#12570,0.500000000000007);
#4326=CIRCLE('',#12571,0.500000000000003);
#4327=CIRCLE('',#12572,0.500000000000007);
#4328=CIRCLE('',#12573,0.499999999999998);
#4329=CIRCLE('',#12574,0.500000000000007);
#4330=CIRCLE('',#12575,0.500000000000003);
#4331=CIRCLE('',#12576,0.500000000000007);
#4332=CIRCLE('',#12577,0.499999999999998);
#4333=CIRCLE('',#12578,0.499999999999972);
#4334=CIRCLE('',#12579,0.500000000000003);
#4335=CIRCLE('',#12580,0.500000000000007);
#4336=CIRCLE('',#12581,0.499999999999998);
#4337=CIRCLE('',#12582,0.499999999999972);
#4338=CIRCLE('',#12583,0.500000000000003);
#4339=CIRCLE('',#12584,0.500000000000007);
#4340=CIRCLE('',#12585,0.499999999999998);
#4341=CIRCLE('',#12586,0.500000000000007);
#4342=CIRCLE('',#12587,0.500000000000003);
#4343=CIRCLE('',#12588,0.500000000000007);
#4344=CIRCLE('',#12589,0.499999999999998);
#4345=CIRCLE('',#12590,0.500000000000007);
#4346=CIRCLE('',#12591,0.500000000000003);
#4347=CIRCLE('',#12592,0.500000000000007);
#4348=CIRCLE('',#12593,0.499999999999998);
#4349=CIRCLE('',#12594,0.499999999999998);
#4350=CIRCLE('',#12595,0.499999999999998);
#4351=CIRCLE('',#12596,0.5);
#4352=CIRCLE('',#12597,0.499999999999998);
#4353=CIRCLE('',#12598,0.499999999999998);
#4354=CIRCLE('',#12599,0.499999999999998);
#4355=CIRCLE('',#12600,0.500000000000003);
#4356=CIRCLE('',#12601,0.499999999999998);
#4357=CIRCLE('',#12602,0.499999999999998);
#4358=CIRCLE('',#12603,0.499999999999998);
#4359=CIRCLE('',#12604,0.499999999999998);
#4360=CIRCLE('',#12605,0.499999999999998);
#4361=CIRCLE('',#12606,0.499999999999989);
#4362=CIRCLE('',#12607,0.499999999999998);
#4363=CIRCLE('',#12608,0.499999999999998);
#4364=CIRCLE('',#12609,0.499999999999998);
#4365=CIRCLE('',#12610,0.500000000000007);
#4366=CIRCLE('',#12611,0.499999999999998);
#4367=CIRCLE('',#12612,0.499999999999989);
#4368=CIRCLE('',#12613,0.499999999999998);
#4369=CIRCLE('',#12614,0.500000000000007);
#4370=CIRCLE('',#12615,0.499999999999998);
#4371=CIRCLE('',#12616,0.500000000000007);
#4372=CIRCLE('',#12617,0.499999999999998);
#4373=CIRCLE('',#12618,0.500000000000007);
#4374=CIRCLE('',#12619,0.499999999999998);
#4375=CIRCLE('',#12620,0.500000000000007);
#4376=CIRCLE('',#12621,0.499999999999998);
#4377=CIRCLE('',#12622,0.500000000000007);
#4378=CIRCLE('',#12623,0.499999999999998);
#4379=CIRCLE('',#12624,0.500000000000007);
#4380=CIRCLE('',#12625,0.499999999999998);
#4381=CIRCLE('',#12626,0.500000000000007);
#4382=CIRCLE('',#12627,0.499999999999998);
#4383=CIRCLE('',#12628,0.500000000000007);
#4384=CIRCLE('',#12629,0.499999999999998);
#4385=CIRCLE('',#12630,0.500000000000007);
#4386=CIRCLE('',#12631,0.499999999999998);
#4387=CIRCLE('',#12632,0.500000000000007);
#4388=CIRCLE('',#12633,0.499999999999998);
#4389=CIRCLE('',#12634,0.500000000000007);
#4390=CIRCLE('',#12635,0.499999999999998);
#4391=CIRCLE('',#12636,0.499999999999972);
#4392=CIRCLE('',#12637,0.499999999999998);
#4393=CIRCLE('',#12638,0.499999999999972);
#4394=CIRCLE('',#12639,0.499999999999998);
#4395=CIRCLE('',#12640,0.500000000000007);
#4396=CIRCLE('',#12641,0.499999999999998);
#4397=CIRCLE('',#12642,0.499999999999998);
#4398=CIRCLE('',#12643,0.499999999999998);
#4399=CIRCLE('',#12644,0.499999999999998);
#4400=CIRCLE('',#12645,0.499999999999998);
#4401=CIRCLE('',#12646,0.499999999999989);
#4402=CIRCLE('',#12647,0.499999999999998);
#4403=CIRCLE('',#12648,0.499999999999998);
#4404=CIRCLE('',#12649,0.499999999999998);
#4405=CIRCLE('',#12650,0.500000000000007);
#4406=CIRCLE('',#12651,0.499999999999998);
#4407=CIRCLE('',#12652,0.499999999999989);
#4408=CIRCLE('',#12653,0.499999999999998);
#4409=CIRCLE('',#12654,0.500000000000007);
#4410=CIRCLE('',#12655,0.499999999999998);
#4411=CIRCLE('',#12656,0.500000000000007);
#4412=CIRCLE('',#12657,0.499999999999998);
#4413=CIRCLE('',#12658,0.500000000000007);
#4414=CIRCLE('',#12659,0.499999999999998);
#4415=CIRCLE('',#12660,0.500000000000007);
#4416=CIRCLE('',#12661,0.499999999999998);
#4417=CIRCLE('',#12662,0.500000000000007);
#4418=CIRCLE('',#12663,0.499999999999998);
#4419=CIRCLE('',#12664,0.500000000000007);
#4420=CIRCLE('',#12665,0.499999999999998);
#4421=CIRCLE('',#12666,0.500000000000007);
#4422=CIRCLE('',#12667,0.499999999999998);
#4423=CIRCLE('',#12668,0.500000000000007);
#4424=CIRCLE('',#12669,0.499999999999998);
#4425=CIRCLE('',#12670,0.499999999999972);
#4426=CIRCLE('',#12671,0.499999999999998);
#4427=CIRCLE('',#12672,0.500000000000007);
#4428=CIRCLE('',#12673,0.499999999999998);
#4429=CIRCLE('',#12674,0.500000000000007);
#4430=CIRCLE('',#12675,0.499999999999998);
#4431=CIRCLE('',#12676,0.500000000000007);
#4432=CIRCLE('',#12677,0.499999999999998);
#4433=CIRCLE('',#12678,0.500000000000007);
#4434=CIRCLE('',#12679,0.499999999999998);
#4435=CIRCLE('',#12680,0.500000000000007);
#4436=CIRCLE('',#12681,0.499999999999998);
#4437=CIRCLE('',#12682,0.499999999999998);
#4438=CIRCLE('',#12683,0.499999999999989);
#4439=CIRCLE('',#12684,0.5);
#4440=CIRCLE('',#12685,0.499999999999998);
#4441=CIRCLE('',#12686,0.500000000000003);
#4442=CIRCLE('',#12687,0.499999999999989);
#4443=CIRCLE('',#12688,0.499999999999998);
#4444=CIRCLE('',#12689,0.499999999999998);
#4445=CIRCLE('',#12690,0.500000000000007);
#4446=CIRCLE('',#12691,0.499999999999989);
#4447=CIRCLE('',#12692,0.499999999999998);
#4448=CIRCLE('',#12693,0.5);
#4449=CIRCLE('',#12694,0.499999999999998);
#4450=CIRCLE('',#12695,0.499999999999998);
#4451=CIRCLE('',#12696,0.5);
#4452=CIRCLE('',#12697,0.5);
#4453=CIRCLE('',#12698,0.500000000000003);
#4454=CIRCLE('',#12699,0.499999999999998);
#4455=CIRCLE('',#12700,0.499999999999998);
#4456=CIRCLE('',#12701,0.5);
#4457=CIRCLE('',#12702,0.499999999999998);
#4458=CIRCLE('',#12703,0.499999999999998);
#4459=CIRCLE('',#12704,0.499999999999998);
#4460=CIRCLE('',#12705,0.5);
#4461=CIRCLE('',#12706,0.499999999999998);
#4462=CIRCLE('',#12707,0.499999999999998);
#4463=CIRCLE('',#12708,0.499999999999998);
#4464=CIRCLE('',#12709,0.499999999999998);
#4465=CIRCLE('',#12710,0.499999999999998);
#4466=CIRCLE('',#12711,0.500000000000003);
#4467=CIRCLE('',#12712,0.5);
#4468=CIRCLE('',#12713,0.499999999999998);
#4469=CIRCLE('',#12714,0.500000000000007);
#4470=CIRCLE('',#12715,0.500000000000003);
#4471=CIRCLE('',#12716,0.499999999999989);
#4472=CIRCLE('',#12717,0.499999999999998);
#4473=CIRCLE('',#12718,0.500000000000007);
#4474=CIRCLE('',#12719,0.500000000000003);
#4475=CIRCLE('',#12720,0.499999999999998);
#4476=CIRCLE('',#12721,0.5);
#4477=CIRCLE('',#12722,0.500000000000007);
#4478=CIRCLE('',#12723,0.499999999999998);
#4479=CIRCLE('',#12724,0.499999999999989);
#4480=CIRCLE('',#12725,0.499999999999998);
#4481=CIRCLE('',#12726,0.500000000000007);
#4482=CIRCLE('',#12727,0.500000000000003);
#4483=CIRCLE('',#12728,0.499999999999998);
#4484=CIRCLE('',#12729,0.5);
#4485=CIRCLE('',#12730,0.499999999999989);
#4486=CIRCLE('',#12731,0.499999999999998);
#4487=CIRCLE('',#12732,0.499999999999998);
#4488=CIRCLE('',#12733,0.499999999999998);
#4489=CIRCLE('',#12734,0.499999999999989);
#4490=CIRCLE('',#12735,0.500000000000003);
#4491=CIRCLE('',#12736,0.499999999999998);
#4492=CIRCLE('',#12737,0.5);
#4493=CIRCLE('',#12738,0.5);
#4494=CIRCLE('',#12739,0.5);
#4495=CIRCLE('',#12740,0.5);
#4496=CIRCLE('',#12741,0.5);
#4497=CIRCLE('',#12742,0.5);
#4498=CIRCLE('',#12743,0.499999999999973);
#4499=CIRCLE('',#12744,0.499999999999991);
#4500=CIRCLE('',#12745,0.5);
#4501=CIRCLE('',#12746,0.5);
#4502=CIRCLE('',#12747,0.499999999999964);
#4503=CIRCLE('',#12748,0.499999999999929);
#4504=CIRCLE('',#12749,0.499999999999998);
#4505=CIRCLE('',#12750,0.499999999999998);
#4506=CIRCLE('',#12751,0.499999999999998);
#4507=CIRCLE('',#12752,0.499999999999998);
#4508=CIRCLE('',#12753,0.499999999999998);
#4509=CIRCLE('',#12754,0.5);
#4510=CIRCLE('',#12755,0.5);
#4511=CIRCLE('',#12756,0.5);
#4512=CIRCLE('',#12757,0.499999999999998);
#4513=CIRCLE('',#12758,0.500000000000003);
#4514=CIRCLE('',#12759,0.499999999999998);
#4515=CIRCLE('',#12760,0.499999999999998);
#4516=CIRCLE('',#12761,0.5);
#4517=CIRCLE('',#12762,0.5);
#4518=CIRCLE('',#12763,0.499999999999998);
#4519=CIRCLE('',#12764,0.5);
#4520=CIRCLE('',#12765,0.399999999999992);
#4521=CIRCLE('',#12766,0.4);
#4522=CIRCLE('',#12767,0.500000000000007);
#4523=CIRCLE('',#12768,0.500000000000007);
#4524=CIRCLE('',#12769,0.5);
#4525=CIRCLE('',#12770,0.5);
#4526=CIRCLE('',#12771,0.500000000000007);
#4527=CIRCLE('',#12772,0.500000000000007);
#4528=CIRCLE('',#12774,0.5);
#4529=CIRCLE('',#12777,0.99999999999999);
#4530=CIRCLE('',#12778,1.);
#4531=CIRCLE('',#12779,1.5);
#4532=CIRCLE('',#12780,1.);
#4533=CIRCLE('',#12781,1.);
#4534=CIRCLE('',#12782,1.5);
#4535=CIRCLE('',#12783,1.);
#4536=CIRCLE('',#12784,0.5);
#4537=CIRCLE('',#12785,1.);
#4538=CIRCLE('',#12786,0.5);
#4539=CIRCLE('',#12787,1.);
#4540=CIRCLE('',#12788,1.5);
#4541=CIRCLE('',#12789,1.5);
#4542=CIRCLE('',#12790,1.);
#4543=CIRCLE('',#12791,0.5);
#4544=CIRCLE('',#12792,1.);
#4545=CIRCLE('',#12793,0.5);
#4546=CIRCLE('',#12794,1.);
#4547=CIRCLE('',#12795,1.5);
#4548=CIRCLE('',#12796,0.999999999999996);
#4549=CIRCLE('',#12797,0.999999999999996);
#4550=CIRCLE('',#12798,1.5);
#4551=CIRCLE('',#12799,1.);
#4552=CIRCLE('',#12800,0.5);
#4553=CIRCLE('',#12801,0.999999999999986);
#4554=CIRCLE('',#12802,0.5);
#4555=CIRCLE('',#12803,1.);
#4556=CIRCLE('',#12804,1.5);
#4557=CIRCLE('',#12805,1.5);
#4558=CIRCLE('',#12806,1.);
#4559=CIRCLE('',#12807,0.5);
#4560=CIRCLE('',#12808,1.00000000000002);
#4561=CIRCLE('',#12809,0.5);
#4562=CIRCLE('',#12810,1.);
#4563=CIRCLE('',#12811,1.5);
#4564=CIRCLE('',#12812,1.00000000000001);
#4565=CIRCLE('',#12813,1.00000000000001);
#4566=CIRCLE('',#12814,1.5);
#4567=CIRCLE('',#12815,1.);
#4568=CIRCLE('',#12816,0.5);
#4569=CIRCLE('',#12817,0.999999999999986);
#4570=CIRCLE('',#12818,0.5);
#4571=CIRCLE('',#12819,1.);
#4572=CIRCLE('',#12820,1.5);
#4573=CIRCLE('',#12821,1.5);
#4574=CIRCLE('',#12822,1.);
#4575=CIRCLE('',#12823,0.5);
#4576=CIRCLE('',#12824,0.999999999999986);
#4577=CIRCLE('',#12825,0.5);
#4578=CIRCLE('',#12826,1.);
#4579=CIRCLE('',#12827,1.5);
#4580=CIRCLE('',#12828,3.00000000000001);
#4581=CIRCLE('',#12829,0.500000000000007);
#4582=CIRCLE('',#12830,0.500000000000007);
#4583=CIRCLE('',#12831,3.);
#4584=CIRCLE('',#12832,3.);
#4585=CIRCLE('',#12833,0.500000000000007);
#4586=CIRCLE('',#12834,0.500000000000007);
#4587=CIRCLE('',#12835,3.);
#4588=CIRCLE('',#12836,1.5);
#4589=CIRCLE('',#12837,1.);
#4590=CIRCLE('',#12838,0.5);
#4591=CIRCLE('',#12839,0.999999999999994);
#4592=CIRCLE('',#12840,0.5);
#4593=CIRCLE('',#12841,1.);
#4594=CIRCLE('',#12842,1.5);
#4595=CIRCLE('',#12843,1.5);
#4596=CIRCLE('',#12844,1.);
#4597=CIRCLE('',#12845,0.500000000000007);
#4598=CIRCLE('',#12846,0.499999999999989);
#4599=CIRCLE('',#12847,0.500000000000007);
#4600=CIRCLE('',#12848,0.499999999999998);
#4601=CIRCLE('',#12849,0.499999999999989);
#4602=CIRCLE('',#12850,0.499999999999989);
#4603=CIRCLE('',#12851,0.500000000000007);
#4604=CIRCLE('',#12852,0.499999999999998);
#4605=CIRCLE('',#12853,0.499999999999991);
#4606=CIRCLE('',#12854,0.499999999999991);
#4607=CIRCLE('',#12855,0.500000000000007);
#4608=CIRCLE('',#12856,0.499999999999989);
#4609=CIRCLE('',#12857,0.499999999999972);
#4610=CIRCLE('',#12858,0.499999999999998);
#4611=CIRCLE('',#12859,0.500000000000007);
#4612=CIRCLE('',#12860,0.499999999999989);
#4613=CIRCLE('',#12861,0.500000000000007);
#4614=CIRCLE('',#12862,0.499999999999998);
#4615=CIRCLE('',#12863,0.499999999999972);
#4616=CIRCLE('',#12864,0.499999999999989);
#4617=CIRCLE('',#12865,0.500000000000007);
#4618=CIRCLE('',#12866,0.499999999999998);
#4619=CIRCLE('',#12867,0.500000000000007);
#4620=CIRCLE('',#12868,0.499999999999989);
#4621=CIRCLE('',#12869,0.5);
#4622=CIRCLE('',#12870,0.5);
#4623=CIRCLE('',#12871,0.500000000000007);
#4624=CIRCLE('',#12872,0.500000000000007);
#4625=CIRCLE('',#12873,0.4);
#4626=CIRCLE('',#12874,0.399999999999992);
#4627=CIRCLE('',#12875,0.500000000000007);
#4628=CIRCLE('',#12876,0.500000000000007);
#4629=CIRCLE('',#12877,0.499999999999998);
#4630=CIRCLE('',#12878,0.5);
#4631=CIRCLE('',#12879,0.5);
#4632=CIRCLE('',#12880,0.499999999999998);
#4633=CIRCLE('',#12881,0.499999999999998);
#4634=CIRCLE('',#12882,0.500000000000003);
#4635=CIRCLE('',#12883,0.499999999999998);
#4636=CIRCLE('',#12884,0.5);
#4637=CIRCLE('',#12885,0.5);
#4638=CIRCLE('',#12886,0.5);
#4639=CIRCLE('',#12887,0.499999999999998);
#4640=CIRCLE('',#12888,0.5);
#4641=CIRCLE('',#12889,0.499999999999998);
#4642=CIRCLE('',#12890,0.499999999999998);
#4643=CIRCLE('',#12891,0.499999999999998);
#4644=CIRCLE('',#12892,0.499999999999998);
#4645=CIRCLE('',#12893,0.499999999999929);
#4646=CIRCLE('',#12894,0.499999999999964);
#4647=CIRCLE('',#12895,0.5);
#4648=CIRCLE('',#12896,0.5);
#4649=CIRCLE('',#12897,0.499999999999991);
#4650=CIRCLE('',#12898,0.499999999999973);
#4651=CIRCLE('',#12899,0.5);
#4652=CIRCLE('',#12900,0.5);
#4653=CIRCLE('',#12901,0.5);
#4654=CIRCLE('',#12902,0.5);
#4655=CIRCLE('',#12903,0.5);
#4656=CIRCLE('',#12904,0.5);
#4657=CIRCLE('',#12905,0.499999999999998);
#4658=CIRCLE('',#12906,0.500000000000007);
#4659=CIRCLE('',#12907,0.500000000000003);
#4660=CIRCLE('',#12908,0.500000000000007);
#4661=CIRCLE('',#12909,0.499999999999998);
#4662=CIRCLE('',#12910,0.500000000000007);
#4663=CIRCLE('',#12911,0.500000000000003);
#4664=CIRCLE('',#12912,0.500000000000007);
#4665=CIRCLE('',#12913,0.499999999999998);
#4666=CIRCLE('',#12914,0.500000000000007);
#4667=CIRCLE('',#12915,0.500000000000003);
#4668=CIRCLE('',#12916,0.500000000000007);
#4669=CIRCLE('',#12917,0.499999999999998);
#4670=CIRCLE('',#12918,0.500000000000007);
#4671=CIRCLE('',#12919,0.500000000000003);
#4672=CIRCLE('',#12920,0.500000000000007);
#4673=CIRCLE('',#12921,0.499999999999998);
#4674=CIRCLE('',#12922,0.500000000000007);
#4675=CIRCLE('',#12923,0.500000000000003);
#4676=CIRCLE('',#12924,0.499999999999972);
#4677=CIRCLE('',#12925,0.499999999999998);
#4678=CIRCLE('',#12926,0.500000000000007);
#4679=CIRCLE('',#12927,0.500000000000003);
#4680=CIRCLE('',#12928,0.499999999999972);
#4681=CIRCLE('',#12929,0.499999999999998);
#4682=CIRCLE('',#12930,0.500000000000007);
#4683=CIRCLE('',#12931,0.500000000000003);
#4684=CIRCLE('',#12932,0.500000000000007);
#4685=CIRCLE('',#12933,0.499999999999998);
#4686=CIRCLE('',#12934,0.500000000000007);
#4687=CIRCLE('',#12935,0.500000000000003);
#4688=CIRCLE('',#12936,0.500000000000007);
#4689=CIRCLE('',#12937,0.499999999999998);
#4690=CIRCLE('',#12938,0.5);
#4691=CIRCLE('',#12939,0.499999999999998);
#4692=CIRCLE('',#12940,0.499999999999998);
#4693=CIRCLE('',#12941,0.499999999999998);
#4694=CIRCLE('',#12942,0.500000000000003);
#4695=CIRCLE('',#12943,0.499999999999998);
#4696=CIRCLE('',#12944,0.499999999999998);
#4697=CIRCLE('',#12945,0.499999999999998);
#4698=CIRCLE('',#12946,0.499999999999998);
#4699=CIRCLE('',#12947,0.499999999999998);
#4700=CIRCLE('',#12948,0.499999999999998);
#4701=CIRCLE('',#12949,0.499999999999998);
#4702=CIRCLE('',#12950,0.499999999999998);
#4703=CIRCLE('',#12951,0.499999999999998);
#4704=CIRCLE('',#12952,0.499999999999989);
#4705=CIRCLE('',#12953,0.499999999999998);
#4706=CIRCLE('',#12954,0.499999999999989);
#4707=CIRCLE('',#12955,0.499999999999998);
#4708=CIRCLE('',#12956,0.500000000000007);
#4709=CIRCLE('',#12957,0.499999999999998);
#4710=CIRCLE('',#12958,0.500000000000007);
#4711=CIRCLE('',#12959,0.499999999999998);
#4712=CIRCLE('',#12960,0.500000000000007);
#4713=CIRCLE('',#12961,0.499999999999998);
#4714=CIRCLE('',#12962,0.500000000000007);
#4715=CIRCLE('',#12963,0.499999999999998);
#4716=CIRCLE('',#12964,0.500000000000007);
#4717=CIRCLE('',#12965,0.499999999999998);
#4718=CIRCLE('',#12966,0.500000000000007);
#4719=CIRCLE('',#12967,0.499999999999998);
#4720=CIRCLE('',#12968,0.500000000000007);
#4721=CIRCLE('',#12969,0.499999999999998);
#4722=CIRCLE('',#12970,0.500000000000007);
#4723=CIRCLE('',#12971,0.499999999999998);
#4724=CIRCLE('',#12972,0.500000000000007);
#4725=CIRCLE('',#12973,0.499999999999998);
#4726=CIRCLE('',#12974,0.500000000000007);
#4727=CIRCLE('',#12975,0.499999999999998);
#4728=CIRCLE('',#12976,0.500000000000007);
#4729=CIRCLE('',#12977,0.499999999999998);
#4730=CIRCLE('',#12978,0.499999999999972);
#4731=CIRCLE('',#12979,0.499999999999998);
#4732=CIRCLE('',#12980,0.500000000000007);
#4733=CIRCLE('',#12981,0.499999999999998);
#4734=CIRCLE('',#12982,0.500000000000007);
#4735=CIRCLE('',#12983,0.499999999999998);
#4736=CIRCLE('',#12984,0.499999999999972);
#4737=CIRCLE('',#12985,0.499999999999998);
#4738=CIRCLE('',#12986,0.499999999999998);
#4739=CIRCLE('',#12987,0.499999999999998);
#4740=CIRCLE('',#12988,0.499999999999998);
#4741=CIRCLE('',#12989,0.499999999999998);
#4742=CIRCLE('',#12990,0.499999999999998);
#4743=CIRCLE('',#12991,0.499999999999998);
#4744=CIRCLE('',#12992,0.499999999999989);
#4745=CIRCLE('',#12993,0.499999999999998);
#4746=CIRCLE('',#12994,0.499999999999989);
#4747=CIRCLE('',#12995,0.499999999999998);
#4748=CIRCLE('',#12996,0.500000000000007);
#4749=CIRCLE('',#12997,0.499999999999998);
#4750=CIRCLE('',#12998,0.500000000000007);
#4751=CIRCLE('',#12999,0.499999999999998);
#4752=CIRCLE('',#13000,0.500000000000007);
#4753=CIRCLE('',#13001,0.499999999999998);
#4754=CIRCLE('',#13002,0.500000000000007);
#4755=CIRCLE('',#13003,0.499999999999998);
#4756=CIRCLE('',#13004,0.500000000000007);
#4757=CIRCLE('',#13005,0.499999999999998);
#4758=CIRCLE('',#13006,0.500000000000007);
#4759=CIRCLE('',#13007,0.499999999999998);
#4760=CIRCLE('',#13008,0.500000000000007);
#4761=CIRCLE('',#13009,0.499999999999998);
#4762=CIRCLE('',#13010,0.500000000000007);
#4763=CIRCLE('',#13011,0.499999999999998);
#4764=CIRCLE('',#13012,0.500000000000007);
#4765=CIRCLE('',#13013,0.499999999999998);
#4766=CIRCLE('',#13014,0.500000000000007);
#4767=CIRCLE('',#13015,0.499999999999998);
#4768=CIRCLE('',#13016,0.499999999999972);
#4769=CIRCLE('',#13017,0.499999999999998);
#4770=CIRCLE('',#13018,0.500000000000007);
#4771=CIRCLE('',#13019,0.499999999999998);
#4772=CIRCLE('',#13020,0.500000000000007);
#4773=CIRCLE('',#13021,0.499999999999998);
#4774=CIRCLE('',#13022,0.500000000000007);
#4775=CIRCLE('',#13023,0.499999999999998);
#4776=CIRCLE('',#13024,0.500000000000007);
#4777=CIRCLE('',#13025,0.499999999999998);
#4778=CIRCLE('',#13026,0.5);
#4779=CIRCLE('',#13027,0.499999999999989);
#4780=CIRCLE('',#13028,0.499999999999998);
#4781=CIRCLE('',#13029,0.499999999999998);
#4782=CIRCLE('',#13030,0.499999999999998);
#4783=CIRCLE('',#13031,0.499999999999989);
#4784=CIRCLE('',#13032,0.500000000000003);
#4785=CIRCLE('',#13033,0.499999999999998);
#4786=CIRCLE('',#13034,0.499999999999998);
#4787=CIRCLE('',#13035,0.499999999999989);
#4788=CIRCLE('',#13036,0.500000000000007);
#4789=CIRCLE('',#13037,0.5);
#4790=CIRCLE('',#13038,0.5);
#4791=CIRCLE('',#13039,0.499999999999998);
#4792=CIRCLE('',#13040,0.499999999999998);
#4793=CIRCLE('',#13041,0.5);
#4794=CIRCLE('',#13042,0.499999999999998);
#4795=CIRCLE('',#13043,0.499999999999998);
#4796=CIRCLE('',#13044,0.500000000000003);
#4797=CIRCLE('',#13045,0.5);
#4798=CIRCLE('',#13046,0.499999999999998);
#4799=CIRCLE('',#13047,0.499999999999998);
#4800=CIRCLE('',#13048,0.499999999999998);
#4801=CIRCLE('',#13049,0.5);
#4802=CIRCLE('',#13050,0.499999999999998);
#4803=CIRCLE('',#13051,0.499999999999998);
#4804=CIRCLE('',#13052,0.499999999999998);
#4805=CIRCLE('',#13053,0.499999999999998);
#4806=CIRCLE('',#13054,0.5);
#4807=CIRCLE('',#13055,0.500000000000003);
#4808=CIRCLE('',#13056,0.499999999999998);
#4809=CIRCLE('',#13057,0.499999999999998);
#4810=CIRCLE('',#13058,0.499999999999989);
#4811=CIRCLE('',#13059,0.500000000000003);
#4812=CIRCLE('',#13060,0.500000000000007);
#4813=CIRCLE('',#13061,0.499999999999998);
#4814=CIRCLE('',#13062,0.499999999999998);
#4815=CIRCLE('',#13063,0.500000000000003);
#4816=CIRCLE('',#13064,0.500000000000007);
#4817=CIRCLE('',#13065,0.5);
#4818=CIRCLE('',#13066,0.499999999999989);
#4819=CIRCLE('',#13067,0.499999999999998);
#4820=CIRCLE('',#13068,0.500000000000007);
#4821=CIRCLE('',#13069,0.499999999999998);
#4822=CIRCLE('',#13070,0.499999999999998);
#4823=CIRCLE('',#13071,0.500000000000003);
#4824=CIRCLE('',#13072,0.500000000000007);
#4825=CIRCLE('',#13073,0.5);
#4826=CIRCLE('',#13074,0.499999999999998);
#4827=CIRCLE('',#13075,0.499999999999998);
#4828=CIRCLE('',#13076,0.499999999999989);
#4829=CIRCLE('',#13077,0.499999999999998);
#4830=CIRCLE('',#13078,0.499999999999998);
#4831=CIRCLE('',#13079,0.500000000000003);
#4832=CIRCLE('',#13080,0.499999999999989);
#4833=VERTEX_POINT('',#17357);
#4834=VERTEX_POINT('',#17358);
#4835=VERTEX_POINT('',#17360);
#4836=VERTEX_POINT('',#17362);
#4837=VERTEX_POINT('',#17366);
#4838=VERTEX_POINT('',#17368);
#4839=VERTEX_POINT('',#17372);
#4840=VERTEX_POINT('',#17374);
#4841=VERTEX_POINT('',#17376);
#4842=VERTEX_POINT('',#17378);
#4843=VERTEX_POINT('',#17380);
#4844=VERTEX_POINT('',#17382);
#4845=VERTEX_POINT('',#17384);
#4846=VERTEX_POINT('',#17386);
#4847=VERTEX_POINT('',#17388);
#4848=VERTEX_POINT('',#17390);
#4849=VERTEX_POINT('',#17392);
#4850=VERTEX_POINT('',#17394);
#4851=VERTEX_POINT('',#17396);
#4852=VERTEX_POINT('',#17398);
#4853=VERTEX_POINT('',#17400);
#4854=VERTEX_POINT('',#17402);
#4855=VERTEX_POINT('',#17404);
#4856=VERTEX_POINT('',#17406);
#4857=VERTEX_POINT('',#17408);
#4858=VERTEX_POINT('',#17410);
#4859=VERTEX_POINT('',#17412);
#4860=VERTEX_POINT('',#17414);
#4861=VERTEX_POINT('',#17416);
#4862=VERTEX_POINT('',#17418);
#4863=VERTEX_POINT('',#17420);
#4864=VERTEX_POINT('',#17422);
#4865=VERTEX_POINT('',#17424);
#4866=VERTEX_POINT('',#17426);
#4867=VERTEX_POINT('',#17428);
#4868=VERTEX_POINT('',#17430);
#4869=VERTEX_POINT('',#17432);
#4870=VERTEX_POINT('',#17434);
#4871=VERTEX_POINT('',#17436);
#4872=VERTEX_POINT('',#17438);
#4873=VERTEX_POINT('',#17440);
#4874=VERTEX_POINT('',#17442);
#4875=VERTEX_POINT('',#17444);
#4876=VERTEX_POINT('',#17446);
#4877=VERTEX_POINT('',#17448);
#4878=VERTEX_POINT('',#17450);
#4879=VERTEX_POINT('',#17452);
#4880=VERTEX_POINT('',#17454);
#4881=VERTEX_POINT('',#17456);
#4882=VERTEX_POINT('',#17458);
#4883=VERTEX_POINT('',#17460);
#4884=VERTEX_POINT('',#17462);
#4885=VERTEX_POINT('',#17464);
#4886=VERTEX_POINT('',#17466);
#4887=VERTEX_POINT('',#17468);
#4888=VERTEX_POINT('',#17470);
#4889=VERTEX_POINT('',#17472);
#4890=VERTEX_POINT('',#17474);
#4891=VERTEX_POINT('',#17476);
#4892=VERTEX_POINT('',#17478);
#4893=VERTEX_POINT('',#17480);
#4894=VERTEX_POINT('',#17482);
#4895=VERTEX_POINT('',#17484);
#4896=VERTEX_POINT('',#17486);
#4897=VERTEX_POINT('',#17488);
#4898=VERTEX_POINT('',#17490);
#4899=VERTEX_POINT('',#17492);
#4900=VERTEX_POINT('',#17494);
#4901=VERTEX_POINT('',#17496);
#4902=VERTEX_POINT('',#17498);
#4903=VERTEX_POINT('',#17500);
#4904=VERTEX_POINT('',#17502);
#4905=VERTEX_POINT('',#17504);
#4906=VERTEX_POINT('',#17506);
#4907=VERTEX_POINT('',#17508);
#4908=VERTEX_POINT('',#17510);
#4909=VERTEX_POINT('',#17512);
#4910=VERTEX_POINT('',#17514);
#4911=VERTEX_POINT('',#17516);
#4912=VERTEX_POINT('',#17518);
#4913=VERTEX_POINT('',#17520);
#4914=VERTEX_POINT('',#17522);
#4915=VERTEX_POINT('',#17524);
#4916=VERTEX_POINT('',#17526);
#4917=VERTEX_POINT('',#17528);
#4918=VERTEX_POINT('',#17530);
#4919=VERTEX_POINT('',#17532);
#4920=VERTEX_POINT('',#17534);
#4921=VERTEX_POINT('',#17536);
#4922=VERTEX_POINT('',#17538);
#4923=VERTEX_POINT('',#17540);
#4924=VERTEX_POINT('',#17542);
#4925=VERTEX_POINT('',#17544);
#4926=VERTEX_POINT('',#17546);
#4927=VERTEX_POINT('',#17548);
#4928=VERTEX_POINT('',#17550);
#4929=VERTEX_POINT('',#17552);
#4930=VERTEX_POINT('',#17554);
#4931=VERTEX_POINT('',#17556);
#4932=VERTEX_POINT('',#17558);
#4933=VERTEX_POINT('',#17560);
#4934=VERTEX_POINT('',#17562);
#4935=VERTEX_POINT('',#17564);
#4936=VERTEX_POINT('',#17566);
#4937=VERTEX_POINT('',#17568);
#4938=VERTEX_POINT('',#17570);
#4939=VERTEX_POINT('',#17572);
#4940=VERTEX_POINT('',#17574);
#4941=VERTEX_POINT('',#17576);
#4942=VERTEX_POINT('',#17578);
#4943=VERTEX_POINT('',#17580);
#4944=VERTEX_POINT('',#17582);
#4945=VERTEX_POINT('',#17584);
#4946=VERTEX_POINT('',#17586);
#4947=VERTEX_POINT('',#17588);
#4948=VERTEX_POINT('',#17590);
#4949=VERTEX_POINT('',#17592);
#4950=VERTEX_POINT('',#17594);
#4951=VERTEX_POINT('',#17596);
#4952=VERTEX_POINT('',#17598);
#4953=VERTEX_POINT('',#17600);
#4954=VERTEX_POINT('',#17602);
#4955=VERTEX_POINT('',#17604);
#4956=VERTEX_POINT('',#17606);
#4957=VERTEX_POINT('',#17608);
#4958=VERTEX_POINT('',#17610);
#4959=VERTEX_POINT('',#17612);
#4960=VERTEX_POINT('',#17614);
#4961=VERTEX_POINT('',#17616);
#4962=VERTEX_POINT('',#17618);
#4963=VERTEX_POINT('',#17620);
#4964=VERTEX_POINT('',#17622);
#4965=VERTEX_POINT('',#17624);
#4966=VERTEX_POINT('',#17626);
#4967=VERTEX_POINT('',#17628);
#4968=VERTEX_POINT('',#17630);
#4969=VERTEX_POINT('',#17632);
#4970=VERTEX_POINT('',#17634);
#4971=VERTEX_POINT('',#17636);
#4972=VERTEX_POINT('',#17638);
#4973=VERTEX_POINT('',#17640);
#4974=VERTEX_POINT('',#17643);
#4975=VERTEX_POINT('',#17644);
#4976=VERTEX_POINT('',#17646);
#4977=VERTEX_POINT('',#17648);
#4978=VERTEX_POINT('',#17650);
#4979=VERTEX_POINT('',#17652);
#4980=VERTEX_POINT('',#17654);
#4981=VERTEX_POINT('',#17656);
#4982=VERTEX_POINT('',#17659);
#4983=VERTEX_POINT('',#17660);
#4984=VERTEX_POINT('',#17662);
#4985=VERTEX_POINT('',#17664);
#4986=VERTEX_POINT('',#17666);
#4987=VERTEX_POINT('',#17668);
#4988=VERTEX_POINT('',#17670);
#4989=VERTEX_POINT('',#17672);
#4990=VERTEX_POINT('',#17675);
#4991=VERTEX_POINT('',#17676);
#4992=VERTEX_POINT('',#17678);
#4993=VERTEX_POINT('',#17680);
#4994=VERTEX_POINT('',#17682);
#4995=VERTEX_POINT('',#17684);
#4996=VERTEX_POINT('',#17686);
#4997=VERTEX_POINT('',#17688);
#4998=VERTEX_POINT('',#17691);
#4999=VERTEX_POINT('',#17692);
#5000=VERTEX_POINT('',#17694);
#5001=VERTEX_POINT('',#17696);
#5002=VERTEX_POINT('',#17699);
#5003=VERTEX_POINT('',#17700);
#5004=VERTEX_POINT('',#17702);
#5005=VERTEX_POINT('',#17704);
#5006=VERTEX_POINT('',#17707);
#5007=VERTEX_POINT('',#17708);
#5008=VERTEX_POINT('',#17710);
#5009=VERTEX_POINT('',#17712);
#5010=VERTEX_POINT('',#17714);
#5011=VERTEX_POINT('',#17716);
#5012=VERTEX_POINT('',#17718);
#5013=VERTEX_POINT('',#17720);
#5014=VERTEX_POINT('',#17723);
#5015=VERTEX_POINT('',#17724);
#5016=VERTEX_POINT('',#17726);
#5017=VERTEX_POINT('',#17728);
#5018=VERTEX_POINT('',#17730);
#5019=VERTEX_POINT('',#17732);
#5020=VERTEX_POINT('',#17734);
#5021=VERTEX_POINT('',#17736);
#5022=VERTEX_POINT('',#17739);
#5023=VERTEX_POINT('',#17740);
#5024=VERTEX_POINT('',#17742);
#5025=VERTEX_POINT('',#17744);
#5026=VERTEX_POINT('',#17746);
#5027=VERTEX_POINT('',#17748);
#5028=VERTEX_POINT('',#17750);
#5029=VERTEX_POINT('',#17752);
#5030=VERTEX_POINT('',#17755);
#5031=VERTEX_POINT('',#17756);
#5032=VERTEX_POINT('',#17758);
#5033=VERTEX_POINT('',#17760);
#5034=VERTEX_POINT('',#17762);
#5035=VERTEX_POINT('',#17764);
#5036=VERTEX_POINT('',#17766);
#5037=VERTEX_POINT('',#17768);
#5038=VERTEX_POINT('',#17771);
#5039=VERTEX_POINT('',#17772);
#5040=VERTEX_POINT('',#17774);
#5041=VERTEX_POINT('',#17776);
#5042=VERTEX_POINT('',#17778);
#5043=VERTEX_POINT('',#17780);
#5044=VERTEX_POINT('',#17782);
#5045=VERTEX_POINT('',#17784);
#5046=VERTEX_POINT('',#17787);
#5047=VERTEX_POINT('',#17788);
#5048=VERTEX_POINT('',#17790);
#5049=VERTEX_POINT('',#17792);
#5050=VERTEX_POINT('',#17794);
#5051=VERTEX_POINT('',#17796);
#5052=VERTEX_POINT('',#17798);
#5053=VERTEX_POINT('',#17800);
#5054=VERTEX_POINT('',#17803);
#5055=VERTEX_POINT('',#17804);
#5056=VERTEX_POINT('',#17806);
#5057=VERTEX_POINT('',#17808);
#5058=VERTEX_POINT('',#17810);
#5059=VERTEX_POINT('',#17812);
#5060=VERTEX_POINT('',#17814);
#5061=VERTEX_POINT('',#17816);
#5062=VERTEX_POINT('',#17819);
#5063=VERTEX_POINT('',#17820);
#5064=VERTEX_POINT('',#17822);
#5065=VERTEX_POINT('',#17824);
#5066=VERTEX_POINT('',#17826);
#5067=VERTEX_POINT('',#17828);
#5068=VERTEX_POINT('',#17830);
#5069=VERTEX_POINT('',#17832);
#5070=VERTEX_POINT('',#17835);
#5071=VERTEX_POINT('',#17836);
#5072=VERTEX_POINT('',#17838);
#5073=VERTEX_POINT('',#17840);
#5074=VERTEX_POINT('',#17842);
#5075=VERTEX_POINT('',#17844);
#5076=VERTEX_POINT('',#17846);
#5077=VERTEX_POINT('',#17848);
#5078=VERTEX_POINT('',#17851);
#5079=VERTEX_POINT('',#17852);
#5080=VERTEX_POINT('',#17854);
#5081=VERTEX_POINT('',#17856);
#5082=VERTEX_POINT('',#17858);
#5083=VERTEX_POINT('',#17860);
#5084=VERTEX_POINT('',#17862);
#5085=VERTEX_POINT('',#17864);
#5086=VERTEX_POINT('',#17867);
#5087=VERTEX_POINT('',#17868);
#5088=VERTEX_POINT('',#17870);
#5089=VERTEX_POINT('',#17872);
#5090=VERTEX_POINT('',#17874);
#5091=VERTEX_POINT('',#17876);
#5092=VERTEX_POINT('',#17878);
#5093=VERTEX_POINT('',#17880);
#5094=VERTEX_POINT('',#17883);
#5095=VERTEX_POINT('',#17884);
#5096=VERTEX_POINT('',#17886);
#5097=VERTEX_POINT('',#17888);
#5098=VERTEX_POINT('',#17890);
#5099=VERTEX_POINT('',#17892);
#5100=VERTEX_POINT('',#17894);
#5101=VERTEX_POINT('',#17896);
#5102=VERTEX_POINT('',#17899);
#5103=VERTEX_POINT('',#17900);
#5104=VERTEX_POINT('',#17902);
#5105=VERTEX_POINT('',#17904);
#5106=VERTEX_POINT('',#17906);
#5107=VERTEX_POINT('',#17908);
#5108=VERTEX_POINT('',#17910);
#5109=VERTEX_POINT('',#17912);
#5110=VERTEX_POINT('',#17915);
#5111=VERTEX_POINT('',#17916);
#5112=VERTEX_POINT('',#17918);
#5113=VERTEX_POINT('',#17920);
#5114=VERTEX_POINT('',#17922);
#5115=VERTEX_POINT('',#17924);
#5116=VERTEX_POINT('',#17926);
#5117=VERTEX_POINT('',#17928);
#5118=VERTEX_POINT('',#17931);
#5119=VERTEX_POINT('',#17932);
#5120=VERTEX_POINT('',#17934);
#5121=VERTEX_POINT('',#17936);
#5122=VERTEX_POINT('',#17938);
#5123=VERTEX_POINT('',#17940);
#5124=VERTEX_POINT('',#17942);
#5125=VERTEX_POINT('',#17944);
#5126=VERTEX_POINT('',#17947);
#5127=VERTEX_POINT('',#17948);
#5128=VERTEX_POINT('',#17950);
#5129=VERTEX_POINT('',#17952);
#5130=VERTEX_POINT('',#17954);
#5131=VERTEX_POINT('',#17956);
#5132=VERTEX_POINT('',#17958);
#5133=VERTEX_POINT('',#17960);
#5134=VERTEX_POINT('',#17963);
#5135=VERTEX_POINT('',#17964);
#5136=VERTEX_POINT('',#17966);
#5137=VERTEX_POINT('',#17968);
#5138=VERTEX_POINT('',#17970);
#5139=VERTEX_POINT('',#17972);
#5140=VERTEX_POINT('',#17974);
#5141=VERTEX_POINT('',#17976);
#5142=VERTEX_POINT('',#17979);
#5143=VERTEX_POINT('',#17980);
#5144=VERTEX_POINT('',#17982);
#5145=VERTEX_POINT('',#17984);
#5146=VERTEX_POINT('',#17986);
#5147=VERTEX_POINT('',#17988);
#5148=VERTEX_POINT('',#17990);
#5149=VERTEX_POINT('',#17992);
#5150=VERTEX_POINT('',#17995);
#5151=VERTEX_POINT('',#17996);
#5152=VERTEX_POINT('',#17998);
#5153=VERTEX_POINT('',#18000);
#5154=VERTEX_POINT('',#18002);
#5155=VERTEX_POINT('',#18004);
#5156=VERTEX_POINT('',#18006);
#5157=VERTEX_POINT('',#18008);
#5158=VERTEX_POINT('',#18011);
#5159=VERTEX_POINT('',#18012);
#5160=VERTEX_POINT('',#18014);
#5161=VERTEX_POINT('',#18016);
#5162=VERTEX_POINT('',#18018);
#5163=VERTEX_POINT('',#18020);
#5164=VERTEX_POINT('',#18022);
#5165=VERTEX_POINT('',#18024);
#5166=VERTEX_POINT('',#18027);
#5167=VERTEX_POINT('',#18028);
#5168=VERTEX_POINT('',#18030);
#5169=VERTEX_POINT('',#18032);
#5170=VERTEX_POINT('',#18034);
#5171=VERTEX_POINT('',#18036);
#5172=VERTEX_POINT('',#18038);
#5173=VERTEX_POINT('',#18040);
#5174=VERTEX_POINT('',#18043);
#5175=VERTEX_POINT('',#18044);
#5176=VERTEX_POINT('',#18046);
#5177=VERTEX_POINT('',#18048);
#5178=VERTEX_POINT('',#18050);
#5179=VERTEX_POINT('',#18052);
#5180=VERTEX_POINT('',#18054);
#5181=VERTEX_POINT('',#18056);
#5182=VERTEX_POINT('',#18059);
#5183=VERTEX_POINT('',#18060);
#5184=VERTEX_POINT('',#18062);
#5185=VERTEX_POINT('',#18064);
#5186=VERTEX_POINT('',#18066);
#5187=VERTEX_POINT('',#18068);
#5188=VERTEX_POINT('',#18070);
#5189=VERTEX_POINT('',#18072);
#5190=VERTEX_POINT('',#18075);
#5191=VERTEX_POINT('',#18076);
#5192=VERTEX_POINT('',#18078);
#5193=VERTEX_POINT('',#18080);
#5194=VERTEX_POINT('',#18082);
#5195=VERTEX_POINT('',#18084);
#5196=VERTEX_POINT('',#18086);
#5197=VERTEX_POINT('',#18088);
#5198=VERTEX_POINT('',#18091);
#5199=VERTEX_POINT('',#18092);
#5200=VERTEX_POINT('',#18094);
#5201=VERTEX_POINT('',#18096);
#5202=VERTEX_POINT('',#18098);
#5203=VERTEX_POINT('',#18100);
#5204=VERTEX_POINT('',#18102);
#5205=VERTEX_POINT('',#18104);
#5206=VERTEX_POINT('',#18107);
#5207=VERTEX_POINT('',#18108);
#5208=VERTEX_POINT('',#18110);
#5209=VERTEX_POINT('',#18112);
#5210=VERTEX_POINT('',#18114);
#5211=VERTEX_POINT('',#18116);
#5212=VERTEX_POINT('',#18118);
#5213=VERTEX_POINT('',#18120);
#5214=VERTEX_POINT('',#18123);
#5215=VERTEX_POINT('',#18124);
#5216=VERTEX_POINT('',#18126);
#5217=VERTEX_POINT('',#18128);
#5218=VERTEX_POINT('',#18130);
#5219=VERTEX_POINT('',#18132);
#5220=VERTEX_POINT('',#18134);
#5221=VERTEX_POINT('',#18136);
#5222=VERTEX_POINT('',#18139);
#5223=VERTEX_POINT('',#18140);
#5224=VERTEX_POINT('',#18142);
#5225=VERTEX_POINT('',#18144);
#5226=VERTEX_POINT('',#18146);
#5227=VERTEX_POINT('',#18148);
#5228=VERTEX_POINT('',#18150);
#5229=VERTEX_POINT('',#18152);
#5230=VERTEX_POINT('',#18155);
#5231=VERTEX_POINT('',#18156);
#5232=VERTEX_POINT('',#18158);
#5233=VERTEX_POINT('',#18160);
#5234=VERTEX_POINT('',#18162);
#5235=VERTEX_POINT('',#18164);
#5236=VERTEX_POINT('',#18166);
#5237=VERTEX_POINT('',#18168);
#5238=VERTEX_POINT('',#18171);
#5239=VERTEX_POINT('',#18172);
#5240=VERTEX_POINT('',#18174);
#5241=VERTEX_POINT('',#18176);
#5242=VERTEX_POINT('',#18178);
#5243=VERTEX_POINT('',#18180);
#5244=VERTEX_POINT('',#18182);
#5245=VERTEX_POINT('',#18184);
#5246=VERTEX_POINT('',#18187);
#5247=VERTEX_POINT('',#18188);
#5248=VERTEX_POINT('',#18190);
#5249=VERTEX_POINT('',#18192);
#5250=VERTEX_POINT('',#18194);
#5251=VERTEX_POINT('',#18196);
#5252=VERTEX_POINT('',#18198);
#5253=VERTEX_POINT('',#18200);
#5254=VERTEX_POINT('',#18203);
#5255=VERTEX_POINT('',#18204);
#5256=VERTEX_POINT('',#18206);
#5257=VERTEX_POINT('',#18208);
#5258=VERTEX_POINT('',#18210);
#5259=VERTEX_POINT('',#18212);
#5260=VERTEX_POINT('',#18214);
#5261=VERTEX_POINT('',#18216);
#5262=VERTEX_POINT('',#18219);
#5263=VERTEX_POINT('',#18220);
#5264=VERTEX_POINT('',#18222);
#5265=VERTEX_POINT('',#18224);
#5266=VERTEX_POINT('',#18226);
#5267=VERTEX_POINT('',#18228);
#5268=VERTEX_POINT('',#18230);
#5269=VERTEX_POINT('',#18232);
#5270=VERTEX_POINT('',#18235);
#5271=VERTEX_POINT('',#18236);
#5272=VERTEX_POINT('',#18238);
#5273=VERTEX_POINT('',#18240);
#5274=VERTEX_POINT('',#18242);
#5275=VERTEX_POINT('',#18244);
#5276=VERTEX_POINT('',#18246);
#5277=VERTEX_POINT('',#18248);
#5278=VERTEX_POINT('',#18251);
#5279=VERTEX_POINT('',#18252);
#5280=VERTEX_POINT('',#18254);
#5281=VERTEX_POINT('',#18256);
#5282=VERTEX_POINT('',#18258);
#5283=VERTEX_POINT('',#18260);
#5284=VERTEX_POINT('',#18262);
#5285=VERTEX_POINT('',#18264);
#5286=VERTEX_POINT('',#18267);
#5287=VERTEX_POINT('',#18268);
#5288=VERTEX_POINT('',#18270);
#5289=VERTEX_POINT('',#18272);
#5290=VERTEX_POINT('',#18274);
#5291=VERTEX_POINT('',#18276);
#5292=VERTEX_POINT('',#18278);
#5293=VERTEX_POINT('',#18280);
#5294=VERTEX_POINT('',#18283);
#5295=VERTEX_POINT('',#18284);
#5296=VERTEX_POINT('',#18286);
#5297=VERTEX_POINT('',#18288);
#5298=VERTEX_POINT('',#18290);
#5299=VERTEX_POINT('',#18292);
#5300=VERTEX_POINT('',#18294);
#5301=VERTEX_POINT('',#18296);
#5302=VERTEX_POINT('',#18299);
#5303=VERTEX_POINT('',#18300);
#5304=VERTEX_POINT('',#18302);
#5305=VERTEX_POINT('',#18304);
#5306=VERTEX_POINT('',#18306);
#5307=VERTEX_POINT('',#18308);
#5308=VERTEX_POINT('',#18310);
#5309=VERTEX_POINT('',#18312);
#5310=VERTEX_POINT('',#18315);
#5311=VERTEX_POINT('',#18316);
#5312=VERTEX_POINT('',#18318);
#5313=VERTEX_POINT('',#18320);
#5314=VERTEX_POINT('',#18322);
#5315=VERTEX_POINT('',#18324);
#5316=VERTEX_POINT('',#18326);
#5317=VERTEX_POINT('',#18328);
#5318=VERTEX_POINT('',#18331);
#5319=VERTEX_POINT('',#18332);
#5320=VERTEX_POINT('',#18334);
#5321=VERTEX_POINT('',#18336);
#5322=VERTEX_POINT('',#18338);
#5323=VERTEX_POINT('',#18340);
#5324=VERTEX_POINT('',#18342);
#5325=VERTEX_POINT('',#18344);
#5326=VERTEX_POINT('',#18347);
#5327=VERTEX_POINT('',#18348);
#5328=VERTEX_POINT('',#18350);
#5329=VERTEX_POINT('',#18352);
#5330=VERTEX_POINT('',#18354);
#5331=VERTEX_POINT('',#18356);
#5332=VERTEX_POINT('',#18358);
#5333=VERTEX_POINT('',#18360);
#5334=VERTEX_POINT('',#18363);
#5335=VERTEX_POINT('',#18364);
#5336=VERTEX_POINT('',#18366);
#5337=VERTEX_POINT('',#18368);
#5338=VERTEX_POINT('',#18370);
#5339=VERTEX_POINT('',#18372);
#5340=VERTEX_POINT('',#18374);
#5341=VERTEX_POINT('',#18376);
#5342=VERTEX_POINT('',#18379);
#5343=VERTEX_POINT('',#18380);
#5344=VERTEX_POINT('',#18382);
#5345=VERTEX_POINT('',#18384);
#5346=VERTEX_POINT('',#18386);
#5347=VERTEX_POINT('',#18388);
#5348=VERTEX_POINT('',#18390);
#5349=VERTEX_POINT('',#18392);
#5350=VERTEX_POINT('',#18395);
#5351=VERTEX_POINT('',#18396);
#5352=VERTEX_POINT('',#18398);
#5353=VERTEX_POINT('',#18400);
#5354=VERTEX_POINT('',#18402);
#5355=VERTEX_POINT('',#18404);
#5356=VERTEX_POINT('',#18406);
#5357=VERTEX_POINT('',#18408);
#5358=VERTEX_POINT('',#18411);
#5359=VERTEX_POINT('',#18412);
#5360=VERTEX_POINT('',#18414);
#5361=VERTEX_POINT('',#18416);
#5362=VERTEX_POINT('',#18418);
#5363=VERTEX_POINT('',#18420);
#5364=VERTEX_POINT('',#18422);
#5365=VERTEX_POINT('',#18424);
#5366=VERTEX_POINT('',#18427);
#5367=VERTEX_POINT('',#18428);
#5368=VERTEX_POINT('',#18430);
#5369=VERTEX_POINT('',#18432);
#5370=VERTEX_POINT('',#18434);
#5371=VERTEX_POINT('',#18436);
#5372=VERTEX_POINT('',#18438);
#5373=VERTEX_POINT('',#18440);
#5374=VERTEX_POINT('',#18443);
#5375=VERTEX_POINT('',#18444);
#5376=VERTEX_POINT('',#18446);
#5377=VERTEX_POINT('',#18448);
#5378=VERTEX_POINT('',#18451);
#5379=VERTEX_POINT('',#18452);
#5380=VERTEX_POINT('',#18454);
#5381=VERTEX_POINT('',#18456);
#5382=VERTEX_POINT('',#18459);
#5383=VERTEX_POINT('',#18460);
#5384=VERTEX_POINT('',#18462);
#5385=VERTEX_POINT('',#18464);
#5386=VERTEX_POINT('',#18467);
#5387=VERTEX_POINT('',#18468);
#5388=VERTEX_POINT('',#18470);
#5389=VERTEX_POINT('',#18472);
#5390=VERTEX_POINT('',#18475);
#5391=VERTEX_POINT('',#18476);
#5392=VERTEX_POINT('',#18478);
#5393=VERTEX_POINT('',#18480);
#5394=VERTEX_POINT('',#18483);
#5395=VERTEX_POINT('',#18484);
#5396=VERTEX_POINT('',#18486);
#5397=VERTEX_POINT('',#18488);
#5398=VERTEX_POINT('',#18491);
#5399=VERTEX_POINT('',#18492);
#5400=VERTEX_POINT('',#18494);
#5401=VERTEX_POINT('',#18496);
#5402=VERTEX_POINT('',#18498);
#5403=VERTEX_POINT('',#18500);
#5404=VERTEX_POINT('',#18502);
#5405=VERTEX_POINT('',#18504);
#5406=VERTEX_POINT('',#18507);
#5407=VERTEX_POINT('',#18508);
#5408=VERTEX_POINT('',#18510);
#5409=VERTEX_POINT('',#18512);
#5410=VERTEX_POINT('',#18514);
#5411=VERTEX_POINT('',#18516);
#5412=VERTEX_POINT('',#18518);
#5413=VERTEX_POINT('',#18520);
#5414=VERTEX_POINT('',#18522);
#5415=VERTEX_POINT('',#18524);
#5416=VERTEX_POINT('',#18526);
#5417=VERTEX_POINT('',#18528);
#5418=VERTEX_POINT('',#18530);
#5419=VERTEX_POINT('',#18532);
#5420=VERTEX_POINT('',#18534);
#5421=VERTEX_POINT('',#18536);
#5422=VERTEX_POINT('',#18538);
#5423=VERTEX_POINT('',#18540);
#5424=VERTEX_POINT('',#18542);
#5425=VERTEX_POINT('',#18544);
#5426=VERTEX_POINT('',#18546);
#5427=VERTEX_POINT('',#18548);
#5428=VERTEX_POINT('',#18550);
#5429=VERTEX_POINT('',#18552);
#5430=VERTEX_POINT('',#18555);
#5431=VERTEX_POINT('',#18556);
#5432=VERTEX_POINT('',#18558);
#5433=VERTEX_POINT('',#18560);
#5434=VERTEX_POINT('',#18562);
#5435=VERTEX_POINT('',#18564);
#5436=VERTEX_POINT('',#18566);
#5437=VERTEX_POINT('',#18568);
#5438=VERTEX_POINT('',#18570);
#5439=VERTEX_POINT('',#18572);
#5440=VERTEX_POINT('',#18574);
#5441=VERTEX_POINT('',#18576);
#5442=VERTEX_POINT('',#18578);
#5443=VERTEX_POINT('',#18580);
#5444=VERTEX_POINT('',#18582);
#5445=VERTEX_POINT('',#18584);
#5446=VERTEX_POINT('',#18588);
#5447=VERTEX_POINT('',#18590);
#5448=VERTEX_POINT('',#18594);
#5449=VERTEX_POINT('',#18599);
#5450=VERTEX_POINT('',#18601);
#5451=VERTEX_POINT('',#18603);
#5452=VERTEX_POINT('',#18605);
#5453=VERTEX_POINT('',#18607);
#5454=VERTEX_POINT('',#18609);
#5455=VERTEX_POINT('',#18611);
#5456=VERTEX_POINT('',#18613);
#5457=VERTEX_POINT('',#18615);
#5458=VERTEX_POINT('',#18617);
#5459=VERTEX_POINT('',#18619);
#5460=VERTEX_POINT('',#18621);
#5461=VERTEX_POINT('',#18623);
#5462=VERTEX_POINT('',#18625);
#5463=VERTEX_POINT('',#18627);
#5464=VERTEX_POINT('',#18629);
#5465=VERTEX_POINT('',#18631);
#5466=VERTEX_POINT('',#18633);
#5467=VERTEX_POINT('',#18635);
#5468=VERTEX_POINT('',#18637);
#5469=VERTEX_POINT('',#18639);
#5470=VERTEX_POINT('',#18641);
#5471=VERTEX_POINT('',#18643);
#5472=VERTEX_POINT('',#18645);
#5473=VERTEX_POINT('',#18647);
#5474=VERTEX_POINT('',#18649);
#5475=VERTEX_POINT('',#18651);
#5476=VERTEX_POINT('',#18653);
#5477=VERTEX_POINT('',#18655);
#5478=VERTEX_POINT('',#18657);
#5479=VERTEX_POINT('',#18659);
#5480=VERTEX_POINT('',#18661);
#5481=VERTEX_POINT('',#18663);
#5482=VERTEX_POINT('',#18665);
#5483=VERTEX_POINT('',#18667);
#5484=VERTEX_POINT('',#18669);
#5485=VERTEX_POINT('',#18671);
#5486=VERTEX_POINT('',#18673);
#5487=VERTEX_POINT('',#18675);
#5488=VERTEX_POINT('',#18677);
#5489=VERTEX_POINT('',#18679);
#5490=VERTEX_POINT('',#18681);
#5491=VERTEX_POINT('',#18683);
#5492=VERTEX_POINT('',#18685);
#5493=VERTEX_POINT('',#18687);
#5494=VERTEX_POINT('',#18689);
#5495=VERTEX_POINT('',#18691);
#5496=VERTEX_POINT('',#18693);
#5497=VERTEX_POINT('',#18695);
#5498=VERTEX_POINT('',#18697);
#5499=VERTEX_POINT('',#18699);
#5500=VERTEX_POINT('',#18701);
#5501=VERTEX_POINT('',#18703);
#5502=VERTEX_POINT('',#18705);
#5503=VERTEX_POINT('',#18707);
#5504=VERTEX_POINT('',#18709);
#5505=VERTEX_POINT('',#18711);
#5506=VERTEX_POINT('',#18713);
#5507=VERTEX_POINT('',#18715);
#5508=VERTEX_POINT('',#18717);
#5509=VERTEX_POINT('',#18719);
#5510=VERTEX_POINT('',#18721);
#5511=VERTEX_POINT('',#18723);
#5512=VERTEX_POINT('',#18725);
#5513=VERTEX_POINT('',#18727);
#5514=VERTEX_POINT('',#18729);
#5515=VERTEX_POINT('',#18731);
#5516=VERTEX_POINT('',#18733);
#5517=VERTEX_POINT('',#18735);
#5518=VERTEX_POINT('',#18737);
#5519=VERTEX_POINT('',#18739);
#5520=VERTEX_POINT('',#18741);
#5521=VERTEX_POINT('',#18743);
#5522=VERTEX_POINT('',#18745);
#5523=VERTEX_POINT('',#18747);
#5524=VERTEX_POINT('',#18749);
#5525=VERTEX_POINT('',#18751);
#5526=VERTEX_POINT('',#18753);
#5527=VERTEX_POINT('',#18755);
#5528=VERTEX_POINT('',#18757);
#5529=VERTEX_POINT('',#18759);
#5530=VERTEX_POINT('',#18761);
#5531=VERTEX_POINT('',#18763);
#5532=VERTEX_POINT('',#18765);
#5533=VERTEX_POINT('',#18767);
#5534=VERTEX_POINT('',#18769);
#5535=VERTEX_POINT('',#18771);
#5536=VERTEX_POINT('',#18773);
#5537=VERTEX_POINT('',#18775);
#5538=VERTEX_POINT('',#18777);
#5539=VERTEX_POINT('',#18779);
#5540=VERTEX_POINT('',#18781);
#5541=VERTEX_POINT('',#18783);
#5542=VERTEX_POINT('',#18785);
#5543=VERTEX_POINT('',#18787);
#5544=VERTEX_POINT('',#18789);
#5545=VERTEX_POINT('',#18791);
#5546=VERTEX_POINT('',#18793);
#5547=VERTEX_POINT('',#18795);
#5548=VERTEX_POINT('',#18797);
#5549=VERTEX_POINT('',#18799);
#5550=VERTEX_POINT('',#18801);
#5551=VERTEX_POINT('',#18803);
#5552=VERTEX_POINT('',#18805);
#5553=VERTEX_POINT('',#18807);
#5554=VERTEX_POINT('',#18809);
#5555=VERTEX_POINT('',#18811);
#5556=VERTEX_POINT('',#18813);
#5557=VERTEX_POINT('',#18815);
#5558=VERTEX_POINT('',#18817);
#5559=VERTEX_POINT('',#18819);
#5560=VERTEX_POINT('',#18821);
#5561=VERTEX_POINT('',#18823);
#5562=VERTEX_POINT('',#18825);
#5563=VERTEX_POINT('',#18827);
#5564=VERTEX_POINT('',#18829);
#5565=VERTEX_POINT('',#18831);
#5566=VERTEX_POINT('',#18833);
#5567=VERTEX_POINT('',#18835);
#5568=VERTEX_POINT('',#18837);
#5569=VERTEX_POINT('',#18839);
#5570=VERTEX_POINT('',#18841);
#5571=VERTEX_POINT('',#18843);
#5572=VERTEX_POINT('',#18845);
#5573=VERTEX_POINT('',#18847);
#5574=VERTEX_POINT('',#18849);
#5575=VERTEX_POINT('',#18851);
#5576=VERTEX_POINT('',#18853);
#5577=VERTEX_POINT('',#18855);
#5578=VERTEX_POINT('',#18857);
#5579=VERTEX_POINT('',#18859);
#5580=VERTEX_POINT('',#18861);
#5581=VERTEX_POINT('',#18864);
#5582=VERTEX_POINT('',#18865);
#5583=VERTEX_POINT('',#18867);
#5584=VERTEX_POINT('',#18869);
#5585=VERTEX_POINT('',#18871);
#5586=VERTEX_POINT('',#18873);
#5587=VERTEX_POINT('',#18875);
#5588=VERTEX_POINT('',#18877);
#5589=VERTEX_POINT('',#18880);
#5590=VERTEX_POINT('',#18881);
#5591=VERTEX_POINT('',#18883);
#5592=VERTEX_POINT('',#18885);
#5593=VERTEX_POINT('',#18887);
#5594=VERTEX_POINT('',#18889);
#5595=VERTEX_POINT('',#18891);
#5596=VERTEX_POINT('',#18893);
#5597=VERTEX_POINT('',#18896);
#5598=VERTEX_POINT('',#18897);
#5599=VERTEX_POINT('',#18899);
#5600=VERTEX_POINT('',#18901);
#5601=VERTEX_POINT('',#18904);
#5602=VERTEX_POINT('',#18905);
#5603=VERTEX_POINT('',#18907);
#5604=VERTEX_POINT('',#18909);
#5605=VERTEX_POINT('',#18912);
#5606=VERTEX_POINT('',#18913);
#5607=VERTEX_POINT('',#18915);
#5608=VERTEX_POINT('',#18917);
#5609=VERTEX_POINT('',#18919);
#5610=VERTEX_POINT('',#18921);
#5611=VERTEX_POINT('',#18923);
#5612=VERTEX_POINT('',#18925);
#5613=VERTEX_POINT('',#18928);
#5614=VERTEX_POINT('',#18929);
#5615=VERTEX_POINT('',#18931);
#5616=VERTEX_POINT('',#18933);
#5617=VERTEX_POINT('',#18935);
#5618=VERTEX_POINT('',#18937);
#5619=VERTEX_POINT('',#18939);
#5620=VERTEX_POINT('',#18941);
#5621=VERTEX_POINT('',#18944);
#5622=VERTEX_POINT('',#18945);
#5623=VERTEX_POINT('',#18947);
#5624=VERTEX_POINT('',#18949);
#5625=VERTEX_POINT('',#18951);
#5626=VERTEX_POINT('',#18953);
#5627=VERTEX_POINT('',#18955);
#5628=VERTEX_POINT('',#18957);
#5629=VERTEX_POINT('',#18960);
#5630=VERTEX_POINT('',#18961);
#5631=VERTEX_POINT('',#18963);
#5632=VERTEX_POINT('',#18965);
#5633=VERTEX_POINT('',#18967);
#5634=VERTEX_POINT('',#18969);
#5635=VERTEX_POINT('',#18971);
#5636=VERTEX_POINT('',#18973);
#5637=VERTEX_POINT('',#18975);
#5638=VERTEX_POINT('',#18977);
#5639=VERTEX_POINT('',#18979);
#5640=VERTEX_POINT('',#18981);
#5641=VERTEX_POINT('',#18983);
#5642=VERTEX_POINT('',#18985);
#5643=VERTEX_POINT('',#18987);
#5644=VERTEX_POINT('',#18989);
#5645=VERTEX_POINT('',#18992);
#5646=VERTEX_POINT('',#18993);
#5647=VERTEX_POINT('',#18995);
#5648=VERTEX_POINT('',#18997);
#5649=VERTEX_POINT('',#18999);
#5650=VERTEX_POINT('',#19001);
#5651=VERTEX_POINT('',#19003);
#5652=VERTEX_POINT('',#19005);
#5653=VERTEX_POINT('',#19007);
#5654=VERTEX_POINT('',#19009);
#5655=VERTEX_POINT('',#19011);
#5656=VERTEX_POINT('',#19013);
#5657=VERTEX_POINT('',#19015);
#5658=VERTEX_POINT('',#19017);
#5659=VERTEX_POINT('',#19019);
#5660=VERTEX_POINT('',#19021);
#5661=VERTEX_POINT('',#19023);
#5662=VERTEX_POINT('',#19025);
#5663=VERTEX_POINT('',#19027);
#5664=VERTEX_POINT('',#19029);
#5665=VERTEX_POINT('',#19031);
#5666=VERTEX_POINT('',#19033);
#5667=VERTEX_POINT('',#19035);
#5668=VERTEX_POINT('',#19037);
#5669=VERTEX_POINT('',#19040);
#5670=VERTEX_POINT('',#19041);
#5671=VERTEX_POINT('',#19043);
#5672=VERTEX_POINT('',#19045);
#5673=VERTEX_POINT('',#19047);
#5674=VERTEX_POINT('',#19049);
#5675=VERTEX_POINT('',#19051);
#5676=VERTEX_POINT('',#19053);
#5677=VERTEX_POINT('',#19056);
#5678=VERTEX_POINT('',#19057);
#5679=VERTEX_POINT('',#19059);
#5680=VERTEX_POINT('',#19061);
#5681=VERTEX_POINT('',#19064);
#5682=VERTEX_POINT('',#19065);
#5683=VERTEX_POINT('',#19067);
#5684=VERTEX_POINT('',#19069);
#5685=VERTEX_POINT('',#19072);
#5686=VERTEX_POINT('',#19073);
#5687=VERTEX_POINT('',#19075);
#5688=VERTEX_POINT('',#19077);
#5689=VERTEX_POINT('',#19080);
#5690=VERTEX_POINT('',#19081);
#5691=VERTEX_POINT('',#19083);
#5692=VERTEX_POINT('',#19085);
#5693=VERTEX_POINT('',#19088);
#5694=VERTEX_POINT('',#19089);
#5695=VERTEX_POINT('',#19091);
#5696=VERTEX_POINT('',#19093);
#5697=VERTEX_POINT('',#19096);
#5698=VERTEX_POINT('',#19097);
#5699=VERTEX_POINT('',#19099);
#5700=VERTEX_POINT('',#19101);
#5701=VERTEX_POINT('',#19104);
#5702=VERTEX_POINT('',#19105);
#5703=VERTEX_POINT('',#19107);
#5704=VERTEX_POINT('',#19109);
#5705=VERTEX_POINT('',#19111);
#5706=VERTEX_POINT('',#19113);
#5707=VERTEX_POINT('',#19115);
#5708=VERTEX_POINT('',#19117);
#5709=VERTEX_POINT('',#19120);
#5710=VERTEX_POINT('',#19121);
#5711=VERTEX_POINT('',#19123);
#5712=VERTEX_POINT('',#19125);
#5713=VERTEX_POINT('',#19127);
#5714=VERTEX_POINT('',#19129);
#5715=VERTEX_POINT('',#19131);
#5716=VERTEX_POINT('',#19133);
#5717=VERTEX_POINT('',#19136);
#5718=VERTEX_POINT('',#19137);
#5719=VERTEX_POINT('',#19139);
#5720=VERTEX_POINT('',#19141);
#5721=VERTEX_POINT('',#19143);
#5722=VERTEX_POINT('',#19145);
#5723=VERTEX_POINT('',#19147);
#5724=VERTEX_POINT('',#19149);
#5725=VERTEX_POINT('',#19152);
#5726=VERTEX_POINT('',#19153);
#5727=VERTEX_POINT('',#19155);
#5728=VERTEX_POINT('',#19157);
#5729=VERTEX_POINT('',#19159);
#5730=VERTEX_POINT('',#19161);
#5731=VERTEX_POINT('',#19163);
#5732=VERTEX_POINT('',#19165);
#5733=VERTEX_POINT('',#19168);
#5734=VERTEX_POINT('',#19169);
#5735=VERTEX_POINT('',#19171);
#5736=VERTEX_POINT('',#19173);
#5737=VERTEX_POINT('',#19175);
#5738=VERTEX_POINT('',#19177);
#5739=VERTEX_POINT('',#19179);
#5740=VERTEX_POINT('',#19181);
#5741=VERTEX_POINT('',#19184);
#5742=VERTEX_POINT('',#19185);
#5743=VERTEX_POINT('',#19187);
#5744=VERTEX_POINT('',#19189);
#5745=VERTEX_POINT('',#19191);
#5746=VERTEX_POINT('',#19193);
#5747=VERTEX_POINT('',#19195);
#5748=VERTEX_POINT('',#19197);
#5749=VERTEX_POINT('',#19200);
#5750=VERTEX_POINT('',#19201);
#5751=VERTEX_POINT('',#19203);
#5752=VERTEX_POINT('',#19205);
#5753=VERTEX_POINT('',#19207);
#5754=VERTEX_POINT('',#19209);
#5755=VERTEX_POINT('',#19211);
#5756=VERTEX_POINT('',#19213);
#5757=VERTEX_POINT('',#19216);
#5758=VERTEX_POINT('',#19217);
#5759=VERTEX_POINT('',#19219);
#5760=VERTEX_POINT('',#19221);
#5761=VERTEX_POINT('',#19223);
#5762=VERTEX_POINT('',#19225);
#5763=VERTEX_POINT('',#19227);
#5764=VERTEX_POINT('',#19229);
#5765=VERTEX_POINT('',#19232);
#5766=VERTEX_POINT('',#19233);
#5767=VERTEX_POINT('',#19235);
#5768=VERTEX_POINT('',#19237);
#5769=VERTEX_POINT('',#19239);
#5770=VERTEX_POINT('',#19241);
#5771=VERTEX_POINT('',#19243);
#5772=VERTEX_POINT('',#19245);
#5773=VERTEX_POINT('',#19248);
#5774=VERTEX_POINT('',#19249);
#5775=VERTEX_POINT('',#19251);
#5776=VERTEX_POINT('',#19253);
#5777=VERTEX_POINT('',#19255);
#5778=VERTEX_POINT('',#19257);
#5779=VERTEX_POINT('',#19259);
#5780=VERTEX_POINT('',#19261);
#5781=VERTEX_POINT('',#19264);
#5782=VERTEX_POINT('',#19265);
#5783=VERTEX_POINT('',#19267);
#5784=VERTEX_POINT('',#19269);
#5785=VERTEX_POINT('',#19271);
#5786=VERTEX_POINT('',#19273);
#5787=VERTEX_POINT('',#19275);
#5788=VERTEX_POINT('',#19277);
#5789=VERTEX_POINT('',#19280);
#5790=VERTEX_POINT('',#19281);
#5791=VERTEX_POINT('',#19283);
#5792=VERTEX_POINT('',#19285);
#5793=VERTEX_POINT('',#19287);
#5794=VERTEX_POINT('',#19289);
#5795=VERTEX_POINT('',#19291);
#5796=VERTEX_POINT('',#19293);
#5797=VERTEX_POINT('',#19296);
#5798=VERTEX_POINT('',#19297);
#5799=VERTEX_POINT('',#19299);
#5800=VERTEX_POINT('',#19301);
#5801=VERTEX_POINT('',#19303);
#5802=VERTEX_POINT('',#19305);
#5803=VERTEX_POINT('',#19307);
#5804=VERTEX_POINT('',#19309);
#5805=VERTEX_POINT('',#19312);
#5806=VERTEX_POINT('',#19313);
#5807=VERTEX_POINT('',#19315);
#5808=VERTEX_POINT('',#19317);
#5809=VERTEX_POINT('',#19319);
#5810=VERTEX_POINT('',#19321);
#5811=VERTEX_POINT('',#19323);
#5812=VERTEX_POINT('',#19325);
#5813=VERTEX_POINT('',#19328);
#5814=VERTEX_POINT('',#19329);
#5815=VERTEX_POINT('',#19331);
#5816=VERTEX_POINT('',#19333);
#5817=VERTEX_POINT('',#19335);
#5818=VERTEX_POINT('',#19337);
#5819=VERTEX_POINT('',#19339);
#5820=VERTEX_POINT('',#19341);
#5821=VERTEX_POINT('',#19344);
#5822=VERTEX_POINT('',#19345);
#5823=VERTEX_POINT('',#19347);
#5824=VERTEX_POINT('',#19349);
#5825=VERTEX_POINT('',#19351);
#5826=VERTEX_POINT('',#19353);
#5827=VERTEX_POINT('',#19355);
#5828=VERTEX_POINT('',#19357);
#5829=VERTEX_POINT('',#19360);
#5830=VERTEX_POINT('',#19361);
#5831=VERTEX_POINT('',#19363);
#5832=VERTEX_POINT('',#19365);
#5833=VERTEX_POINT('',#19367);
#5834=VERTEX_POINT('',#19369);
#5835=VERTEX_POINT('',#19371);
#5836=VERTEX_POINT('',#19373);
#5837=VERTEX_POINT('',#19376);
#5838=VERTEX_POINT('',#19377);
#5839=VERTEX_POINT('',#19379);
#5840=VERTEX_POINT('',#19381);
#5841=VERTEX_POINT('',#19383);
#5842=VERTEX_POINT('',#19385);
#5843=VERTEX_POINT('',#19387);
#5844=VERTEX_POINT('',#19389);
#5845=VERTEX_POINT('',#19392);
#5846=VERTEX_POINT('',#19393);
#5847=VERTEX_POINT('',#19395);
#5848=VERTEX_POINT('',#19397);
#5849=VERTEX_POINT('',#19399);
#5850=VERTEX_POINT('',#19401);
#5851=VERTEX_POINT('',#19403);
#5852=VERTEX_POINT('',#19405);
#5853=VERTEX_POINT('',#19408);
#5854=VERTEX_POINT('',#19409);
#5855=VERTEX_POINT('',#19411);
#5856=VERTEX_POINT('',#19413);
#5857=VERTEX_POINT('',#19415);
#5858=VERTEX_POINT('',#19417);
#5859=VERTEX_POINT('',#19419);
#5860=VERTEX_POINT('',#19421);
#5861=VERTEX_POINT('',#19424);
#5862=VERTEX_POINT('',#19425);
#5863=VERTEX_POINT('',#19427);
#5864=VERTEX_POINT('',#19429);
#5865=VERTEX_POINT('',#19431);
#5866=VERTEX_POINT('',#19433);
#5867=VERTEX_POINT('',#19435);
#5868=VERTEX_POINT('',#19437);
#5869=VERTEX_POINT('',#19440);
#5870=VERTEX_POINT('',#19441);
#5871=VERTEX_POINT('',#19443);
#5872=VERTEX_POINT('',#19445);
#5873=VERTEX_POINT('',#19447);
#5874=VERTEX_POINT('',#19449);
#5875=VERTEX_POINT('',#19451);
#5876=VERTEX_POINT('',#19453);
#5877=VERTEX_POINT('',#19456);
#5878=VERTEX_POINT('',#19457);
#5879=VERTEX_POINT('',#19459);
#5880=VERTEX_POINT('',#19461);
#5881=VERTEX_POINT('',#19463);
#5882=VERTEX_POINT('',#19465);
#5883=VERTEX_POINT('',#19467);
#5884=VERTEX_POINT('',#19469);
#5885=VERTEX_POINT('',#19472);
#5886=VERTEX_POINT('',#19473);
#5887=VERTEX_POINT('',#19475);
#5888=VERTEX_POINT('',#19477);
#5889=VERTEX_POINT('',#19479);
#5890=VERTEX_POINT('',#19481);
#5891=VERTEX_POINT('',#19483);
#5892=VERTEX_POINT('',#19485);
#5893=VERTEX_POINT('',#19488);
#5894=VERTEX_POINT('',#19489);
#5895=VERTEX_POINT('',#19491);
#5896=VERTEX_POINT('',#19493);
#5897=VERTEX_POINT('',#19495);
#5898=VERTEX_POINT('',#19497);
#5899=VERTEX_POINT('',#19499);
#5900=VERTEX_POINT('',#19501);
#5901=VERTEX_POINT('',#19504);
#5902=VERTEX_POINT('',#19505);
#5903=VERTEX_POINT('',#19507);
#5904=VERTEX_POINT('',#19509);
#5905=VERTEX_POINT('',#19511);
#5906=VERTEX_POINT('',#19513);
#5907=VERTEX_POINT('',#19515);
#5908=VERTEX_POINT('',#19517);
#5909=VERTEX_POINT('',#19520);
#5910=VERTEX_POINT('',#19521);
#5911=VERTEX_POINT('',#19523);
#5912=VERTEX_POINT('',#19525);
#5913=VERTEX_POINT('',#19527);
#5914=VERTEX_POINT('',#19529);
#5915=VERTEX_POINT('',#19531);
#5916=VERTEX_POINT('',#19533);
#5917=VERTEX_POINT('',#19536);
#5918=VERTEX_POINT('',#19537);
#5919=VERTEX_POINT('',#19539);
#5920=VERTEX_POINT('',#19541);
#5921=VERTEX_POINT('',#19543);
#5922=VERTEX_POINT('',#19545);
#5923=VERTEX_POINT('',#19547);
#5924=VERTEX_POINT('',#19549);
#5925=VERTEX_POINT('',#19552);
#5926=VERTEX_POINT('',#19553);
#5927=VERTEX_POINT('',#19555);
#5928=VERTEX_POINT('',#19557);
#5929=VERTEX_POINT('',#19559);
#5930=VERTEX_POINT('',#19561);
#5931=VERTEX_POINT('',#19563);
#5932=VERTEX_POINT('',#19565);
#5933=VERTEX_POINT('',#19568);
#5934=VERTEX_POINT('',#19569);
#5935=VERTEX_POINT('',#19571);
#5936=VERTEX_POINT('',#19573);
#5937=VERTEX_POINT('',#19575);
#5938=VERTEX_POINT('',#19577);
#5939=VERTEX_POINT('',#19579);
#5940=VERTEX_POINT('',#19581);
#5941=VERTEX_POINT('',#19584);
#5942=VERTEX_POINT('',#19585);
#5943=VERTEX_POINT('',#19587);
#5944=VERTEX_POINT('',#19589);
#5945=VERTEX_POINT('',#19591);
#5946=VERTEX_POINT('',#19593);
#5947=VERTEX_POINT('',#19595);
#5948=VERTEX_POINT('',#19597);
#5949=VERTEX_POINT('',#19600);
#5950=VERTEX_POINT('',#19601);
#5951=VERTEX_POINT('',#19603);
#5952=VERTEX_POINT('',#19605);
#5953=VERTEX_POINT('',#19607);
#5954=VERTEX_POINT('',#19609);
#5955=VERTEX_POINT('',#19611);
#5956=VERTEX_POINT('',#19613);
#5957=VERTEX_POINT('',#19616);
#5958=VERTEX_POINT('',#19617);
#5959=VERTEX_POINT('',#19619);
#5960=VERTEX_POINT('',#19621);
#5961=VERTEX_POINT('',#19623);
#5962=VERTEX_POINT('',#19625);
#5963=VERTEX_POINT('',#19627);
#5964=VERTEX_POINT('',#19629);
#5965=VERTEX_POINT('',#19632);
#5966=VERTEX_POINT('',#19633);
#5967=VERTEX_POINT('',#19635);
#5968=VERTEX_POINT('',#19637);
#5969=VERTEX_POINT('',#19639);
#5970=VERTEX_POINT('',#19641);
#5971=VERTEX_POINT('',#19643);
#5972=VERTEX_POINT('',#19645);
#5973=VERTEX_POINT('',#19648);
#5974=VERTEX_POINT('',#19649);
#5975=VERTEX_POINT('',#19651);
#5976=VERTEX_POINT('',#19653);
#5977=VERTEX_POINT('',#19655);
#5978=VERTEX_POINT('',#19657);
#5979=VERTEX_POINT('',#19659);
#5980=VERTEX_POINT('',#19661);
#5981=VERTEX_POINT('',#19664);
#5982=VERTEX_POINT('',#19665);
#5983=VERTEX_POINT('',#19667);
#5984=VERTEX_POINT('',#19669);
#5985=VERTEX_POINT('',#19671);
#5986=VERTEX_POINT('',#19673);
#5987=VERTEX_POINT('',#19675);
#5988=VERTEX_POINT('',#19677);
#5989=VERTEX_POINT('',#19680);
#5990=VERTEX_POINT('',#19681);
#5991=VERTEX_POINT('',#19683);
#5992=VERTEX_POINT('',#19685);
#5993=VERTEX_POINT('',#19687);
#5994=VERTEX_POINT('',#19689);
#5995=VERTEX_POINT('',#19691);
#5996=VERTEX_POINT('',#19693);
#5997=VERTEX_POINT('',#19696);
#5998=VERTEX_POINT('',#19697);
#5999=VERTEX_POINT('',#19699);
#6000=VERTEX_POINT('',#19701);
#6001=VERTEX_POINT('',#19703);
#6002=VERTEX_POINT('',#19705);
#6003=VERTEX_POINT('',#19707);
#6004=VERTEX_POINT('',#19709);
#6005=VERTEX_POINT('',#19712);
#6006=VERTEX_POINT('',#19713);
#6007=VERTEX_POINT('',#19715);
#6008=VERTEX_POINT('',#19717);
#6009=VERTEX_POINT('',#19719);
#6010=VERTEX_POINT('',#19721);
#6011=VERTEX_POINT('',#19723);
#6012=VERTEX_POINT('',#19725);
#6013=VERTEX_POINT('',#19728);
#6014=VERTEX_POINT('',#19729);
#6015=VERTEX_POINT('',#19731);
#6016=VERTEX_POINT('',#19733);
#6017=VERTEX_POINT('',#19735);
#6018=VERTEX_POINT('',#19737);
#6019=VERTEX_POINT('',#19739);
#6020=VERTEX_POINT('',#19741);
#6021=VERTEX_POINT('',#19744);
#6022=VERTEX_POINT('',#19745);
#6023=VERTEX_POINT('',#19747);
#6024=VERTEX_POINT('',#19749);
#6025=VERTEX_POINT('',#19751);
#6026=VERTEX_POINT('',#19753);
#6027=VERTEX_POINT('',#19755);
#6028=VERTEX_POINT('',#19757);
#6029=VERTEX_POINT('',#19760);
#6030=VERTEX_POINT('',#19761);
#6031=VERTEX_POINT('',#19763);
#6032=VERTEX_POINT('',#19765);
#6033=VERTEX_POINT('',#19767);
#6034=VERTEX_POINT('',#19769);
#6035=VERTEX_POINT('',#19771);
#6036=VERTEX_POINT('',#19773);
#6037=VERTEX_POINT('',#19776);
#6038=VERTEX_POINT('',#19777);
#6039=VERTEX_POINT('',#19779);
#6040=VERTEX_POINT('',#19781);
#6041=VERTEX_POINT('',#19783);
#6042=VERTEX_POINT('',#19785);
#6043=VERTEX_POINT('',#19787);
#6044=VERTEX_POINT('',#19789);
#6045=VERTEX_POINT('',#19792);
#6046=VERTEX_POINT('',#19793);
#6047=VERTEX_POINT('',#19795);
#6048=VERTEX_POINT('',#19797);
#6049=VERTEX_POINT('',#19799);
#6050=VERTEX_POINT('',#19801);
#6051=VERTEX_POINT('',#19803);
#6052=VERTEX_POINT('',#19805);
#6053=EDGE_CURVE('',#4833,#4834,#4221,.T.);
#6054=EDGE_CURVE('',#4834,#4835,#1785,.T.);
#6055=EDGE_CURVE('',#4835,#4836,#4222,.T.);
#6056=EDGE_CURVE('',#4836,#4833,#1786,.T.);
#6057=EDGE_CURVE('',#4837,#4836,#1787,.T.);
#6058=EDGE_CURVE('',#4838,#4837,#1788,.T.);
#6059=EDGE_CURVE('',#4838,#4833,#1789,.T.);
#6060=EDGE_CURVE('',#4839,#4835,#1790,.T.);
#6061=EDGE_CURVE('',#4840,#4839,#4223,.T.);
#6062=EDGE_CURVE('',#4841,#4840,#1791,.T.);
#6063=EDGE_CURVE('',#4842,#4841,#4224,.T.);
#6064=EDGE_CURVE('',#4842,#4843,#1792,.T.);
#6065=EDGE_CURVE('',#4844,#4843,#4225,.T.);
#6066=EDGE_CURVE('',#4844,#4845,#1793,.F.);
#6067=EDGE_CURVE('',#4846,#4845,#4226,.T.);
#6068=EDGE_CURVE('',#4847,#4846,#1794,.T.);
#6069=EDGE_CURVE('',#4848,#4847,#4227,.T.);
#6070=EDGE_CURVE('',#4849,#4848,#1795,.T.);
#6071=EDGE_CURVE('',#4849,#4850,#4228,.F.);
#6072=EDGE_CURVE('',#4850,#4851,#1796,.T.);
#6073=EDGE_CURVE('',#4852,#4851,#4229,.T.);
#6074=EDGE_CURVE('',#4853,#4852,#1797,.T.);
#6075=EDGE_CURVE('',#4854,#4853,#4230,.T.);
#6076=EDGE_CURVE('',#4855,#4854,#1798,.T.);
#6077=EDGE_CURVE('',#4856,#4855,#4231,.T.);
#6078=EDGE_CURVE('',#4857,#4856,#4232,.T.);
#6079=EDGE_CURVE('',#4857,#4858,#1799,.F.);
#6080=EDGE_CURVE('',#4859,#4858,#4233,.T.);
#6081=EDGE_CURVE('',#4859,#4860,#1800,.F.);
#6082=EDGE_CURVE('',#4861,#4860,#4234,.T.);
#6083=EDGE_CURVE('',#4861,#4862,#1801,.F.);
#6084=EDGE_CURVE('',#4863,#4862,#4235,.T.);
#6085=EDGE_CURVE('',#4863,#4864,#1802,.T.);
#6086=EDGE_CURVE('',#4865,#4864,#4236,.T.);
#6087=EDGE_CURVE('',#4865,#4866,#1803,.F.);
#6088=EDGE_CURVE('',#4867,#4866,#4237,.T.);
#6089=EDGE_CURVE('',#4867,#4868,#1804,.F.);
#6090=EDGE_CURVE('',#4869,#4868,#4238,.T.);
#6091=EDGE_CURVE('',#4869,#4870,#1805,.F.);
#6092=EDGE_CURVE('',#4871,#4870,#4239,.T.);
#6093=EDGE_CURVE('',#4872,#4871,#4240,.T.);
#6094=EDGE_CURVE('',#4872,#4873,#1806,.F.);
#6095=EDGE_CURVE('',#4874,#4873,#4241,.T.);
#6096=EDGE_CURVE('',#4875,#4874,#1807,.T.);
#6097=EDGE_CURVE('',#4876,#4875,#4242,.T.);
#6098=EDGE_CURVE('',#4877,#4876,#1808,.T.);
#6099=EDGE_CURVE('',#4877,#4878,#4243,.F.);
#6100=EDGE_CURVE('',#4878,#4879,#1809,.T.);
#6101=EDGE_CURVE('',#4880,#4879,#4244,.T.);
#6102=EDGE_CURVE('',#4881,#4880,#1810,.T.);
#6103=EDGE_CURVE('',#4882,#4881,#4245,.T.);
#6104=EDGE_CURVE('',#4883,#4882,#1811,.T.);
#6105=EDGE_CURVE('',#4884,#4883,#4246,.T.);
#6106=EDGE_CURVE('',#4884,#4885,#1812,.T.);
#6107=EDGE_CURVE('',#4886,#4885,#4247,.T.);
#6108=EDGE_CURVE('',#4886,#4887,#1813,.F.);
#6109=EDGE_CURVE('',#4888,#4887,#4248,.T.);
#6110=EDGE_CURVE('',#4889,#4888,#1814,.T.);
#6111=EDGE_CURVE('',#4890,#4889,#4249,.T.);
#6112=EDGE_CURVE('',#4891,#4890,#1815,.T.);
#6113=EDGE_CURVE('',#4891,#4892,#4250,.F.);
#6114=EDGE_CURVE('',#4892,#4893,#1816,.T.);
#6115=EDGE_CURVE('',#4894,#4893,#4251,.T.);
#6116=EDGE_CURVE('',#4895,#4894,#1817,.T.);
#6117=EDGE_CURVE('',#4896,#4895,#4252,.T.);
#6118=EDGE_CURVE('',#4897,#4896,#1818,.T.);
#6119=EDGE_CURVE('',#4898,#4897,#4253,.T.);
#6120=EDGE_CURVE('',#4898,#4899,#1819,.T.);
#6121=EDGE_CURVE('',#4899,#4900,#4254,.T.);
#6122=EDGE_CURVE('',#4900,#4901,#1820,.T.);
#6123=EDGE_CURVE('',#4901,#4902,#4255,.T.);
#6124=EDGE_CURVE('',#4902,#4903,#1821,.T.);
#6125=EDGE_CURVE('',#4904,#4903,#4256,.T.);
#6126=EDGE_CURVE('',#4904,#4905,#1822,.F.);
#6127=EDGE_CURVE('',#4906,#4905,#4257,.T.);
#6128=EDGE_CURVE('',#4907,#4906,#1823,.T.);
#6129=EDGE_CURVE('',#4908,#4907,#4258,.T.);
#6130=EDGE_CURVE('',#4909,#4908,#1824,.T.);
#6131=EDGE_CURVE('',#4909,#4910,#4259,.F.);
#6132=EDGE_CURVE('',#4910,#4911,#1825,.T.);
#6133=EDGE_CURVE('',#4912,#4911,#4260,.T.);
#6134=EDGE_CURVE('',#4913,#4912,#1826,.T.);
#6135=EDGE_CURVE('',#4914,#4913,#4261,.T.);
#6136=EDGE_CURVE('',#4915,#4914,#1827,.T.);
#6137=EDGE_CURVE('',#4916,#4915,#4262,.T.);
#6138=EDGE_CURVE('',#4916,#4917,#1828,.T.);
#6139=EDGE_CURVE('',#4918,#4917,#4263,.T.);
#6140=EDGE_CURVE('',#4918,#4919,#1829,.F.);
#6141=EDGE_CURVE('',#4920,#4919,#4264,.T.);
#6142=EDGE_CURVE('',#4920,#4921,#1830,.T.);
#6143=EDGE_CURVE('',#4922,#4921,#4265,.T.);
#6144=EDGE_CURVE('',#4923,#4922,#1831,.T.);
#6145=EDGE_CURVE('',#4923,#4924,#4266,.F.);
#6146=EDGE_CURVE('',#4924,#4925,#1832,.T.);
#6147=EDGE_CURVE('',#4926,#4925,#4267,.T.);
#6148=EDGE_CURVE('',#4927,#4926,#1833,.T.);
#6149=EDGE_CURVE('',#4928,#4927,#4268,.T.);
#6150=EDGE_CURVE('',#4929,#4928,#1834,.T.);
#6151=EDGE_CURVE('',#4930,#4929,#4269,.T.);
#6152=EDGE_CURVE('',#4930,#4931,#1835,.T.);
#6153=EDGE_CURVE('',#4931,#4932,#4270,.T.);
#6154=EDGE_CURVE('',#4932,#4933,#1836,.T.);
#6155=EDGE_CURVE('',#4933,#4934,#4271,.T.);
#6156=EDGE_CURVE('',#4934,#4935,#1837,.T.);
#6157=EDGE_CURVE('',#4936,#4935,#4272,.T.);
#6158=EDGE_CURVE('',#4936,#4937,#1838,.F.);
#6159=EDGE_CURVE('',#4938,#4937,#4273,.T.);
#6160=EDGE_CURVE('',#4939,#4938,#1839,.T.);
#6161=EDGE_CURVE('',#4940,#4939,#4274,.T.);
#6162=EDGE_CURVE('',#4941,#4940,#1840,.T.);
#6163=EDGE_CURVE('',#4941,#4942,#4275,.F.);
#6164=EDGE_CURVE('',#4942,#4943,#1841,.T.);
#6165=EDGE_CURVE('',#4944,#4943,#4276,.T.);
#6166=EDGE_CURVE('',#4945,#4944,#1842,.T.);
#6167=EDGE_CURVE('',#4946,#4945,#4277,.T.);
#6168=EDGE_CURVE('',#4947,#4946,#1843,.T.);
#6169=EDGE_CURVE('',#4948,#4947,#4278,.T.);
#6170=EDGE_CURVE('',#4948,#4949,#1844,.T.);
#6171=EDGE_CURVE('',#4950,#4949,#4279,.T.);
#6172=EDGE_CURVE('',#4950,#4951,#1845,.F.);
#6173=EDGE_CURVE('',#4952,#4951,#4280,.T.);
#6174=EDGE_CURVE('',#4953,#4952,#1846,.T.);
#6175=EDGE_CURVE('',#4954,#4953,#4281,.T.);
#6176=EDGE_CURVE('',#4955,#4954,#1847,.T.);
#6177=EDGE_CURVE('',#4955,#4956,#4282,.F.);
#6178=EDGE_CURVE('',#4956,#4957,#1848,.T.);
#6179=EDGE_CURVE('',#4958,#4957,#4283,.T.);
#6180=EDGE_CURVE('',#4959,#4958,#1849,.T.);
#6181=EDGE_CURVE('',#4960,#4959,#4284,.T.);
#6182=EDGE_CURVE('',#4961,#4960,#1850,.T.);
#6183=EDGE_CURVE('',#4962,#4961,#4285,.T.);
#6184=EDGE_CURVE('',#4962,#4963,#1851,.T.);
#6185=EDGE_CURVE('',#4963,#4964,#4286,.T.);
#6186=EDGE_CURVE('',#4964,#4965,#1852,.T.);
#6187=EDGE_CURVE('',#4966,#4965,#4287,.T.);
#6188=EDGE_CURVE('',#4966,#4967,#1853,.T.);
#6189=EDGE_CURVE('',#4968,#4967,#4288,.T.);
#6190=EDGE_CURVE('',#4968,#4969,#1854,.F.);
#6191=EDGE_CURVE('',#4970,#4969,#4289,.T.);
#6192=EDGE_CURVE('',#4971,#4970,#1855,.T.);
#6193=EDGE_CURVE('',#4972,#4971,#4290,.T.);
#6194=EDGE_CURVE('',#4973,#4972,#1856,.T.);
#6195=EDGE_CURVE('',#4973,#4837,#4291,.F.);
#6196=EDGE_CURVE('',#4974,#4975,#1857,.T.);
#6197=EDGE_CURVE('',#4975,#4976,#4292,.T.);
#6198=EDGE_CURVE('',#4976,#4977,#1858,.T.);
#6199=EDGE_CURVE('',#4977,#4978,#4293,.T.);
#6200=EDGE_CURVE('',#4978,#4979,#1859,.T.);
#6201=EDGE_CURVE('',#4979,#4980,#4294,.T.);
#6202=EDGE_CURVE('',#4980,#4981,#1860,.T.);
#6203=EDGE_CURVE('',#4981,#4974,#4295,.T.);
#6204=EDGE_CURVE('',#4982,#4983,#1861,.T.);
#6205=EDGE_CURVE('',#4983,#4984,#4296,.T.);
#6206=EDGE_CURVE('',#4984,#4985,#1862,.T.);
#6207=EDGE_CURVE('',#4985,#4986,#4297,.T.);
#6208=EDGE_CURVE('',#4986,#4987,#1863,.T.);
#6209=EDGE_CURVE('',#4987,#4988,#4298,.T.);
#6210=EDGE_CURVE('',#4988,#4989,#1864,.T.);
#6211=EDGE_CURVE('',#4989,#4982,#4299,.T.);
#6212=EDGE_CURVE('',#4990,#4991,#1865,.T.);
#6213=EDGE_CURVE('',#4991,#4992,#4300,.T.);
#6214=EDGE_CURVE('',#4992,#4993,#1866,.T.);
#6215=EDGE_CURVE('',#4993,#4994,#4301,.T.);
#6216=EDGE_CURVE('',#4994,#4995,#1867,.T.);
#6217=EDGE_CURVE('',#4995,#4996,#4302,.T.);
#6218=EDGE_CURVE('',#4996,#4997,#1868,.T.);
#6219=EDGE_CURVE('',#4997,#4990,#4303,.T.);
#6220=EDGE_CURVE('',#4998,#4999,#1869,.T.);
#6221=EDGE_CURVE('',#4999,#5000,#4304,.T.);
#6222=EDGE_CURVE('',#5000,#5001,#1870,.T.);
#6223=EDGE_CURVE('',#5001,#4998,#4305,.T.);
#6224=EDGE_CURVE('',#5002,#5003,#1871,.T.);
#6225=EDGE_CURVE('',#5003,#5004,#4306,.T.);
#6226=EDGE_CURVE('',#5004,#5005,#1872,.T.);
#6227=EDGE_CURVE('',#5005,#5002,#4307,.T.);
#6228=EDGE_CURVE('',#5006,#5007,#1873,.T.);
#6229=EDGE_CURVE('',#5007,#5008,#4308,.T.);
#6230=EDGE_CURVE('',#5008,#5009,#1874,.T.);
#6231=EDGE_CURVE('',#5009,#5010,#4309,.T.);
#6232=EDGE_CURVE('',#5010,#5011,#1875,.T.);
#6233=EDGE_CURVE('',#5011,#5012,#4310,.T.);
#6234=EDGE_CURVE('',#5012,#5013,#1876,.T.);
#6235=EDGE_CURVE('',#5013,#5006,#4311,.T.);
#6236=EDGE_CURVE('',#5014,#5015,#1877,.T.);
#6237=EDGE_CURVE('',#5015,#5016,#4312,.T.);
#6238=EDGE_CURVE('',#5016,#5017,#1878,.T.);
#6239=EDGE_CURVE('',#5017,#5018,#4313,.T.);
#6240=EDGE_CURVE('',#5018,#5019,#1879,.T.);
#6241=EDGE_CURVE('',#5019,#5020,#4314,.T.);
#6242=EDGE_CURVE('',#5020,#5021,#1880,.T.);
#6243=EDGE_CURVE('',#5021,#5014,#4315,.T.);
#6244=EDGE_CURVE('',#5022,#5023,#4316,.T.);
#6245=EDGE_CURVE('',#5023,#5024,#1881,.T.);
#6246=EDGE_CURVE('',#5024,#5025,#4317,.T.);
#6247=EDGE_CURVE('',#5025,#5026,#1882,.T.);
#6248=EDGE_CURVE('',#5026,#5027,#4318,.T.);
#6249=EDGE_CURVE('',#5027,#5028,#1883,.T.);
#6250=EDGE_CURVE('',#5028,#5029,#4319,.T.);
#6251=EDGE_CURVE('',#5029,#5022,#1884,.T.);
#6252=EDGE_CURVE('',#5030,#5031,#4320,.T.);
#6253=EDGE_CURVE('',#5031,#5032,#1885,.T.);
#6254=EDGE_CURVE('',#5032,#5033,#4321,.T.);
#6255=EDGE_CURVE('',#5033,#5034,#1886,.T.);
#6256=EDGE_CURVE('',#5034,#5035,#4322,.T.);
#6257=EDGE_CURVE('',#5035,#5036,#1887,.T.);
#6258=EDGE_CURVE('',#5036,#5037,#4323,.T.);
#6259=EDGE_CURVE('',#5037,#5030,#1888,.T.);
#6260=EDGE_CURVE('',#5038,#5039,#4324,.T.);
#6261=EDGE_CURVE('',#5039,#5040,#1889,.T.);
#6262=EDGE_CURVE('',#5040,#5041,#4325,.T.);
#6263=EDGE_CURVE('',#5041,#5042,#1890,.T.);
#6264=EDGE_CURVE('',#5042,#5043,#4326,.T.);
#6265=EDGE_CURVE('',#5043,#5044,#1891,.T.);
#6266=EDGE_CURVE('',#5044,#5045,#4327,.T.);
#6267=EDGE_CURVE('',#5045,#5038,#1892,.T.);
#6268=EDGE_CURVE('',#5046,#5047,#4328,.T.);
#6269=EDGE_CURVE('',#5047,#5048,#1893,.T.);
#6270=EDGE_CURVE('',#5048,#5049,#4329,.T.);
#6271=EDGE_CURVE('',#5049,#5050,#1894,.T.);
#6272=EDGE_CURVE('',#5050,#5051,#4330,.T.);
#6273=EDGE_CURVE('',#5051,#5052,#1895,.T.);
#6274=EDGE_CURVE('',#5052,#5053,#4331,.T.);
#6275=EDGE_CURVE('',#5053,#5046,#1896,.T.);
#6276=EDGE_CURVE('',#5054,#5055,#4332,.T.);
#6277=EDGE_CURVE('',#5055,#5056,#1897,.T.);
#6278=EDGE_CURVE('',#5056,#5057,#4333,.T.);
#6279=EDGE_CURVE('',#5057,#5058,#1898,.T.);
#6280=EDGE_CURVE('',#5058,#5059,#4334,.T.);
#6281=EDGE_CURVE('',#5059,#5060,#1899,.T.);
#6282=EDGE_CURVE('',#5060,#5061,#4335,.T.);
#6283=EDGE_CURVE('',#5061,#5054,#1900,.T.);
#6284=EDGE_CURVE('',#5062,#5063,#4336,.T.);
#6285=EDGE_CURVE('',#5063,#5064,#1901,.T.);
#6286=EDGE_CURVE('',#5064,#5065,#4337,.T.);
#6287=EDGE_CURVE('',#5065,#5066,#1902,.T.);
#6288=EDGE_CURVE('',#5066,#5067,#4338,.T.);
#6289=EDGE_CURVE('',#5067,#5068,#1903,.T.);
#6290=EDGE_CURVE('',#5068,#5069,#4339,.T.);
#6291=EDGE_CURVE('',#5069,#5062,#1904,.T.);
#6292=EDGE_CURVE('',#5070,#5071,#4340,.T.);
#6293=EDGE_CURVE('',#5071,#5072,#1905,.T.);
#6294=EDGE_CURVE('',#5072,#5073,#4341,.T.);
#6295=EDGE_CURVE('',#5073,#5074,#1906,.T.);
#6296=EDGE_CURVE('',#5074,#5075,#4342,.T.);
#6297=EDGE_CURVE('',#5075,#5076,#1907,.T.);
#6298=EDGE_CURVE('',#5076,#5077,#4343,.T.);
#6299=EDGE_CURVE('',#5077,#5070,#1908,.T.);
#6300=EDGE_CURVE('',#5078,#5079,#4344,.T.);
#6301=EDGE_CURVE('',#5079,#5080,#1909,.T.);
#6302=EDGE_CURVE('',#5080,#5081,#4345,.T.);
#6303=EDGE_CURVE('',#5081,#5082,#1910,.T.);
#6304=EDGE_CURVE('',#5082,#5083,#4346,.T.);
#6305=EDGE_CURVE('',#5083,#5084,#1911,.T.);
#6306=EDGE_CURVE('',#5084,#5085,#4347,.T.);
#6307=EDGE_CURVE('',#5085,#5078,#1912,.T.);
#6308=EDGE_CURVE('',#5086,#5087,#4348,.T.);
#6309=EDGE_CURVE('',#5087,#5088,#1913,.T.);
#6310=EDGE_CURVE('',#5088,#5089,#4349,.T.);
#6311=EDGE_CURVE('',#5089,#5090,#1914,.T.);
#6312=EDGE_CURVE('',#5090,#5091,#4350,.T.);
#6313=EDGE_CURVE('',#5091,#5092,#1915,.T.);
#6314=EDGE_CURVE('',#5092,#5093,#4351,.T.);
#6315=EDGE_CURVE('',#5093,#5086,#1916,.T.);
#6316=EDGE_CURVE('',#5094,#5095,#4352,.T.);
#6317=EDGE_CURVE('',#5095,#5096,#1917,.T.);
#6318=EDGE_CURVE('',#5096,#5097,#4353,.T.);
#6319=EDGE_CURVE('',#5097,#5098,#1918,.T.);
#6320=EDGE_CURVE('',#5098,#5099,#4354,.T.);
#6321=EDGE_CURVE('',#5099,#5100,#1919,.T.);
#6322=EDGE_CURVE('',#5100,#5101,#4355,.T.);
#6323=EDGE_CURVE('',#5101,#5094,#1920,.T.);
#6324=EDGE_CURVE('',#5102,#5103,#4356,.T.);
#6325=EDGE_CURVE('',#5103,#5104,#1921,.T.);
#6326=EDGE_CURVE('',#5104,#5105,#4357,.T.);
#6327=EDGE_CURVE('',#5105,#5106,#1922,.T.);
#6328=EDGE_CURVE('',#5106,#5107,#4358,.T.);
#6329=EDGE_CURVE('',#5107,#5108,#1923,.T.);
#6330=EDGE_CURVE('',#5108,#5109,#4359,.T.);
#6331=EDGE_CURVE('',#5109,#5102,#1924,.T.);
#6332=EDGE_CURVE('',#5110,#5111,#4360,.T.);
#6333=EDGE_CURVE('',#5111,#5112,#1925,.T.);
#6334=EDGE_CURVE('',#5112,#5113,#4361,.T.);
#6335=EDGE_CURVE('',#5113,#5114,#1926,.T.);
#6336=EDGE_CURVE('',#5114,#5115,#4362,.T.);
#6337=EDGE_CURVE('',#5115,#5116,#1927,.T.);
#6338=EDGE_CURVE('',#5116,#5117,#4363,.T.);
#6339=EDGE_CURVE('',#5117,#5110,#1928,.T.);
#6340=EDGE_CURVE('',#5118,#5119,#4364,.T.);
#6341=EDGE_CURVE('',#5119,#5120,#1929,.T.);
#6342=EDGE_CURVE('',#5120,#5121,#4365,.T.);
#6343=EDGE_CURVE('',#5121,#5122,#1930,.T.);
#6344=EDGE_CURVE('',#5122,#5123,#4366,.T.);
#6345=EDGE_CURVE('',#5123,#5124,#1931,.T.);
#6346=EDGE_CURVE('',#5124,#5125,#4367,.T.);
#6347=EDGE_CURVE('',#5125,#5118,#1932,.T.);
#6348=EDGE_CURVE('',#5126,#5127,#4368,.T.);
#6349=EDGE_CURVE('',#5127,#5128,#1933,.T.);
#6350=EDGE_CURVE('',#5128,#5129,#4369,.T.);
#6351=EDGE_CURVE('',#5129,#5130,#1934,.T.);
#6352=EDGE_CURVE('',#5130,#5131,#4370,.T.);
#6353=EDGE_CURVE('',#5131,#5132,#1935,.T.);
#6354=EDGE_CURVE('',#5132,#5133,#4371,.T.);
#6355=EDGE_CURVE('',#5133,#5126,#1936,.T.);
#6356=EDGE_CURVE('',#5134,#5135,#4372,.T.);
#6357=EDGE_CURVE('',#5135,#5136,#1937,.T.);
#6358=EDGE_CURVE('',#5136,#5137,#4373,.T.);
#6359=EDGE_CURVE('',#5137,#5138,#1938,.T.);
#6360=EDGE_CURVE('',#5138,#5139,#4374,.T.);
#6361=EDGE_CURVE('',#5139,#5140,#1939,.T.);
#6362=EDGE_CURVE('',#5140,#5141,#4375,.T.);
#6363=EDGE_CURVE('',#5141,#5134,#1940,.T.);
#6364=EDGE_CURVE('',#5142,#5143,#4376,.T.);
#6365=EDGE_CURVE('',#5143,#5144,#1941,.T.);
#6366=EDGE_CURVE('',#5144,#5145,#4377,.T.);
#6367=EDGE_CURVE('',#5145,#5146,#1942,.T.);
#6368=EDGE_CURVE('',#5146,#5147,#4378,.T.);
#6369=EDGE_CURVE('',#5147,#5148,#1943,.T.);
#6370=EDGE_CURVE('',#5148,#5149,#4379,.T.);
#6371=EDGE_CURVE('',#5149,#5142,#1944,.T.);
#6372=EDGE_CURVE('',#5150,#5151,#4380,.T.);
#6373=EDGE_CURVE('',#5151,#5152,#1945,.T.);
#6374=EDGE_CURVE('',#5152,#5153,#4381,.T.);
#6375=EDGE_CURVE('',#5153,#5154,#1946,.T.);
#6376=EDGE_CURVE('',#5154,#5155,#4382,.T.);
#6377=EDGE_CURVE('',#5155,#5156,#1947,.T.);
#6378=EDGE_CURVE('',#5156,#5157,#4383,.T.);
#6379=EDGE_CURVE('',#5157,#5150,#1948,.T.);
#6380=EDGE_CURVE('',#5158,#5159,#4384,.T.);
#6381=EDGE_CURVE('',#5159,#5160,#1949,.T.);
#6382=EDGE_CURVE('',#5160,#5161,#4385,.T.);
#6383=EDGE_CURVE('',#5161,#5162,#1950,.T.);
#6384=EDGE_CURVE('',#5162,#5163,#4386,.T.);
#6385=EDGE_CURVE('',#5163,#5164,#1951,.T.);
#6386=EDGE_CURVE('',#5164,#5165,#4387,.T.);
#6387=EDGE_CURVE('',#5165,#5158,#1952,.T.);
#6388=EDGE_CURVE('',#5166,#5167,#4388,.T.);
#6389=EDGE_CURVE('',#5167,#5168,#1953,.T.);
#6390=EDGE_CURVE('',#5168,#5169,#4389,.T.);
#6391=EDGE_CURVE('',#5169,#5170,#1954,.T.);
#6392=EDGE_CURVE('',#5170,#5171,#4390,.T.);
#6393=EDGE_CURVE('',#5171,#5172,#1955,.T.);
#6394=EDGE_CURVE('',#5172,#5173,#4391,.T.);
#6395=EDGE_CURVE('',#5173,#5166,#1956,.T.);
#6396=EDGE_CURVE('',#5174,#5175,#4392,.T.);
#6397=EDGE_CURVE('',#5175,#5176,#1957,.T.);
#6398=EDGE_CURVE('',#5176,#5177,#4393,.T.);
#6399=EDGE_CURVE('',#5177,#5178,#1958,.T.);
#6400=EDGE_CURVE('',#5178,#5179,#4394,.T.);
#6401=EDGE_CURVE('',#5179,#5180,#1959,.T.);
#6402=EDGE_CURVE('',#5180,#5181,#4395,.T.);
#6403=EDGE_CURVE('',#5181,#5174,#1960,.T.);
#6404=EDGE_CURVE('',#5182,#5183,#4396,.T.);
#6405=EDGE_CURVE('',#5183,#5184,#1961,.T.);
#6406=EDGE_CURVE('',#5184,#5185,#4397,.T.);
#6407=EDGE_CURVE('',#5185,#5186,#1962,.T.);
#6408=EDGE_CURVE('',#5186,#5187,#4398,.T.);
#6409=EDGE_CURVE('',#5187,#5188,#1963,.T.);
#6410=EDGE_CURVE('',#5188,#5189,#4399,.T.);
#6411=EDGE_CURVE('',#5189,#5182,#1964,.T.);
#6412=EDGE_CURVE('',#5190,#5191,#4400,.T.);
#6413=EDGE_CURVE('',#5191,#5192,#1965,.T.);
#6414=EDGE_CURVE('',#5192,#5193,#4401,.T.);
#6415=EDGE_CURVE('',#5193,#5194,#1966,.T.);
#6416=EDGE_CURVE('',#5194,#5195,#4402,.T.);
#6417=EDGE_CURVE('',#5195,#5196,#1967,.T.);
#6418=EDGE_CURVE('',#5196,#5197,#4403,.T.);
#6419=EDGE_CURVE('',#5197,#5190,#1968,.T.);
#6420=EDGE_CURVE('',#5198,#5199,#4404,.T.);
#6421=EDGE_CURVE('',#5199,#5200,#1969,.T.);
#6422=EDGE_CURVE('',#5200,#5201,#4405,.T.);
#6423=EDGE_CURVE('',#5201,#5202,#1970,.T.);
#6424=EDGE_CURVE('',#5202,#5203,#4406,.T.);
#6425=EDGE_CURVE('',#5203,#5204,#1971,.T.);
#6426=EDGE_CURVE('',#5204,#5205,#4407,.T.);
#6427=EDGE_CURVE('',#5205,#5198,#1972,.T.);
#6428=EDGE_CURVE('',#5206,#5207,#4408,.T.);
#6429=EDGE_CURVE('',#5207,#5208,#1973,.T.);
#6430=EDGE_CURVE('',#5208,#5209,#4409,.T.);
#6431=EDGE_CURVE('',#5209,#5210,#1974,.T.);
#6432=EDGE_CURVE('',#5210,#5211,#4410,.T.);
#6433=EDGE_CURVE('',#5211,#5212,#1975,.T.);
#6434=EDGE_CURVE('',#5212,#5213,#4411,.T.);
#6435=EDGE_CURVE('',#5213,#5206,#1976,.T.);
#6436=EDGE_CURVE('',#5214,#5215,#4412,.T.);
#6437=EDGE_CURVE('',#5215,#5216,#1977,.T.);
#6438=EDGE_CURVE('',#5216,#5217,#4413,.T.);
#6439=EDGE_CURVE('',#5217,#5218,#1978,.T.);
#6440=EDGE_CURVE('',#5218,#5219,#4414,.T.);
#6441=EDGE_CURVE('',#5219,#5220,#1979,.T.);
#6442=EDGE_CURVE('',#5220,#5221,#4415,.T.);
#6443=EDGE_CURVE('',#5221,#5214,#1980,.T.);
#6444=EDGE_CURVE('',#5222,#5223,#4416,.T.);
#6445=EDGE_CURVE('',#5223,#5224,#1981,.T.);
#6446=EDGE_CURVE('',#5224,#5225,#4417,.T.);
#6447=EDGE_CURVE('',#5225,#5226,#1982,.T.);
#6448=EDGE_CURVE('',#5226,#5227,#4418,.T.);
#6449=EDGE_CURVE('',#5227,#5228,#1983,.T.);
#6450=EDGE_CURVE('',#5228,#5229,#4419,.T.);
#6451=EDGE_CURVE('',#5229,#5222,#1984,.T.);
#6452=EDGE_CURVE('',#5230,#5231,#4420,.T.);
#6453=EDGE_CURVE('',#5231,#5232,#1985,.T.);
#6454=EDGE_CURVE('',#5232,#5233,#4421,.T.);
#6455=EDGE_CURVE('',#5233,#5234,#1986,.T.);
#6456=EDGE_CURVE('',#5234,#5235,#4422,.T.);
#6457=EDGE_CURVE('',#5235,#5236,#1987,.T.);
#6458=EDGE_CURVE('',#5236,#5237,#4423,.T.);
#6459=EDGE_CURVE('',#5237,#5230,#1988,.T.);
#6460=EDGE_CURVE('',#5238,#5239,#4424,.T.);
#6461=EDGE_CURVE('',#5239,#5240,#1989,.T.);
#6462=EDGE_CURVE('',#5240,#5241,#4425,.T.);
#6463=EDGE_CURVE('',#5241,#5242,#1990,.T.);
#6464=EDGE_CURVE('',#5242,#5243,#4426,.T.);
#6465=EDGE_CURVE('',#5243,#5244,#1991,.T.);
#6466=EDGE_CURVE('',#5244,#5245,#4427,.T.);
#6467=EDGE_CURVE('',#5245,#5238,#1992,.T.);
#6468=EDGE_CURVE('',#5246,#5247,#4428,.T.);
#6469=EDGE_CURVE('',#5247,#5248,#1993,.T.);
#6470=EDGE_CURVE('',#5248,#5249,#4429,.T.);
#6471=EDGE_CURVE('',#5249,#5250,#1994,.T.);
#6472=EDGE_CURVE('',#5250,#5251,#4430,.T.);
#6473=EDGE_CURVE('',#5251,#5252,#1995,.T.);
#6474=EDGE_CURVE('',#5252,#5253,#4431,.T.);
#6475=EDGE_CURVE('',#5253,#5246,#1996,.T.);
#6476=EDGE_CURVE('',#5254,#5255,#4432,.T.);
#6477=EDGE_CURVE('',#5255,#5256,#1997,.T.);
#6478=EDGE_CURVE('',#5256,#5257,#4433,.T.);
#6479=EDGE_CURVE('',#5257,#5258,#1998,.T.);
#6480=EDGE_CURVE('',#5258,#5259,#4434,.T.);
#6481=EDGE_CURVE('',#5259,#5260,#1999,.T.);
#6482=EDGE_CURVE('',#5260,#5261,#4435,.T.);
#6483=EDGE_CURVE('',#5261,#5254,#2000,.T.);
#6484=EDGE_CURVE('',#5262,#5263,#4436,.T.);
#6485=EDGE_CURVE('',#5263,#5264,#2001,.T.);
#6486=EDGE_CURVE('',#5264,#5265,#4437,.T.);
#6487=EDGE_CURVE('',#5265,#5266,#2002,.T.);
#6488=EDGE_CURVE('',#5266,#5267,#4438,.T.);
#6489=EDGE_CURVE('',#5267,#5268,#2003,.T.);
#6490=EDGE_CURVE('',#5268,#5269,#4439,.T.);
#6491=EDGE_CURVE('',#5269,#5262,#2004,.T.);
#6492=EDGE_CURVE('',#5270,#5271,#4440,.T.);
#6493=EDGE_CURVE('',#5271,#5272,#2005,.T.);
#6494=EDGE_CURVE('',#5272,#5273,#4441,.T.);
#6495=EDGE_CURVE('',#5273,#5274,#2006,.T.);
#6496=EDGE_CURVE('',#5274,#5275,#4442,.T.);
#6497=EDGE_CURVE('',#5275,#5276,#2007,.T.);
#6498=EDGE_CURVE('',#5276,#5277,#4443,.T.);
#6499=EDGE_CURVE('',#5277,#5270,#2008,.T.);
#6500=EDGE_CURVE('',#5278,#5279,#4444,.T.);
#6501=EDGE_CURVE('',#5279,#5280,#2009,.T.);
#6502=EDGE_CURVE('',#5280,#5281,#4445,.T.);
#6503=EDGE_CURVE('',#5281,#5282,#2010,.T.);
#6504=EDGE_CURVE('',#5282,#5283,#4446,.T.);
#6505=EDGE_CURVE('',#5283,#5284,#2011,.T.);
#6506=EDGE_CURVE('',#5284,#5285,#4447,.T.);
#6507=EDGE_CURVE('',#5285,#5278,#2012,.T.);
#6508=EDGE_CURVE('',#5286,#5287,#4448,.T.);
#6509=EDGE_CURVE('',#5287,#5288,#2013,.T.);
#6510=EDGE_CURVE('',#5288,#5289,#4449,.T.);
#6511=EDGE_CURVE('',#5289,#5290,#2014,.T.);
#6512=EDGE_CURVE('',#5290,#5291,#4450,.T.);
#6513=EDGE_CURVE('',#5291,#5292,#2015,.T.);
#6514=EDGE_CURVE('',#5292,#5293,#4451,.T.);
#6515=EDGE_CURVE('',#5293,#5286,#2016,.T.);
#6516=EDGE_CURVE('',#5294,#5295,#4452,.T.);
#6517=EDGE_CURVE('',#5295,#5296,#2017,.T.);
#6518=EDGE_CURVE('',#5296,#5297,#4453,.T.);
#6519=EDGE_CURVE('',#5297,#5298,#2018,.T.);
#6520=EDGE_CURVE('',#5298,#5299,#4454,.T.);
#6521=EDGE_CURVE('',#5299,#5300,#2019,.T.);
#6522=EDGE_CURVE('',#5300,#5301,#4455,.T.);
#6523=EDGE_CURVE('',#5301,#5294,#2020,.T.);
#6524=EDGE_CURVE('',#5302,#5303,#4456,.T.);
#6525=EDGE_CURVE('',#5303,#5304,#2021,.T.);
#6526=EDGE_CURVE('',#5304,#5305,#4457,.T.);
#6527=EDGE_CURVE('',#5305,#5306,#2022,.T.);
#6528=EDGE_CURVE('',#5306,#5307,#4458,.T.);
#6529=EDGE_CURVE('',#5307,#5308,#2023,.T.);
#6530=EDGE_CURVE('',#5308,#5309,#4459,.T.);
#6531=EDGE_CURVE('',#5309,#5302,#2024,.T.);
#6532=EDGE_CURVE('',#5310,#5311,#4460,.T.);
#6533=EDGE_CURVE('',#5311,#5312,#2025,.T.);
#6534=EDGE_CURVE('',#5312,#5313,#4461,.T.);
#6535=EDGE_CURVE('',#5313,#5314,#2026,.T.);
#6536=EDGE_CURVE('',#5314,#5315,#4462,.T.);
#6537=EDGE_CURVE('',#5315,#5316,#2027,.T.);
#6538=EDGE_CURVE('',#5316,#5317,#4463,.T.);
#6539=EDGE_CURVE('',#5317,#5310,#2028,.T.);
#6540=EDGE_CURVE('',#5318,#5319,#4464,.T.);
#6541=EDGE_CURVE('',#5319,#5320,#2029,.T.);
#6542=EDGE_CURVE('',#5320,#5321,#4465,.T.);
#6543=EDGE_CURVE('',#5321,#5322,#2030,.T.);
#6544=EDGE_CURVE('',#5322,#5323,#4466,.T.);
#6545=EDGE_CURVE('',#5323,#5324,#2031,.T.);
#6546=EDGE_CURVE('',#5324,#5325,#4467,.T.);
#6547=EDGE_CURVE('',#5325,#5318,#2032,.T.);
#6548=EDGE_CURVE('',#5326,#5327,#4468,.T.);
#6549=EDGE_CURVE('',#5327,#5328,#2033,.T.);
#6550=EDGE_CURVE('',#5328,#5329,#4469,.T.);
#6551=EDGE_CURVE('',#5329,#5330,#2034,.T.);
#6552=EDGE_CURVE('',#5330,#5331,#4470,.T.);
#6553=EDGE_CURVE('',#5331,#5332,#2035,.T.);
#6554=EDGE_CURVE('',#5332,#5333,#4471,.T.);
#6555=EDGE_CURVE('',#5333,#5326,#2036,.T.);
#6556=EDGE_CURVE('',#5334,#5335,#4472,.T.);
#6557=EDGE_CURVE('',#5335,#5336,#2037,.T.);
#6558=EDGE_CURVE('',#5336,#5337,#4473,.T.);
#6559=EDGE_CURVE('',#5337,#5338,#2038,.T.);
#6560=EDGE_CURVE('',#5338,#5339,#4474,.T.);
#6561=EDGE_CURVE('',#5339,#5340,#2039,.T.);
#6562=EDGE_CURVE('',#5340,#5341,#4475,.T.);
#6563=EDGE_CURVE('',#5341,#5334,#2040,.T.);
#6564=EDGE_CURVE('',#5342,#5343,#4476,.T.);
#6565=EDGE_CURVE('',#5343,#5344,#2041,.T.);
#6566=EDGE_CURVE('',#5344,#5345,#4477,.T.);
#6567=EDGE_CURVE('',#5345,#5346,#2042,.T.);
#6568=EDGE_CURVE('',#5346,#5347,#4478,.T.);
#6569=EDGE_CURVE('',#5347,#5348,#2043,.T.);
#6570=EDGE_CURVE('',#5348,#5349,#4479,.T.);
#6571=EDGE_CURVE('',#5349,#5342,#2044,.T.);
#6572=EDGE_CURVE('',#5350,#5351,#4480,.T.);
#6573=EDGE_CURVE('',#5351,#5352,#2045,.T.);
#6574=EDGE_CURVE('',#5352,#5353,#4481,.T.);
#6575=EDGE_CURVE('',#5353,#5354,#2046,.T.);
#6576=EDGE_CURVE('',#5354,#5355,#4482,.T.);
#6577=EDGE_CURVE('',#5355,#5356,#2047,.T.);
#6578=EDGE_CURVE('',#5356,#5357,#4483,.T.);
#6579=EDGE_CURVE('',#5357,#5350,#2048,.T.);
#6580=EDGE_CURVE('',#5358,#5359,#4484,.T.);
#6581=EDGE_CURVE('',#5359,#5360,#2049,.T.);
#6582=EDGE_CURVE('',#5360,#5361,#4485,.T.);
#6583=EDGE_CURVE('',#5361,#5362,#2050,.T.);
#6584=EDGE_CURVE('',#5362,#5363,#4486,.T.);
#6585=EDGE_CURVE('',#5363,#5364,#2051,.T.);
#6586=EDGE_CURVE('',#5364,#5365,#4487,.T.);
#6587=EDGE_CURVE('',#5365,#5358,#2052,.T.);
#6588=EDGE_CURVE('',#5366,#5367,#4488,.T.);
#6589=EDGE_CURVE('',#5367,#5368,#2053,.T.);
#6590=EDGE_CURVE('',#5368,#5369,#4489,.T.);
#6591=EDGE_CURVE('',#5369,#5370,#2054,.T.);
#6592=EDGE_CURVE('',#5370,#5371,#4490,.T.);
#6593=EDGE_CURVE('',#5371,#5372,#2055,.T.);
#6594=EDGE_CURVE('',#5372,#5373,#4491,.T.);
#6595=EDGE_CURVE('',#5373,#5366,#2056,.T.);
#6596=EDGE_CURVE('',#5374,#5375,#4492,.T.);
#6597=EDGE_CURVE('',#5375,#5376,#2057,.T.);
#6598=EDGE_CURVE('',#5376,#5377,#4493,.T.);
#6599=EDGE_CURVE('',#5377,#5374,#2058,.T.);
#6600=EDGE_CURVE('',#5378,#5379,#4494,.T.);
#6601=EDGE_CURVE('',#5379,#5380,#2059,.T.);
#6602=EDGE_CURVE('',#5380,#5381,#4495,.T.);
#6603=EDGE_CURVE('',#5381,#5378,#2060,.T.);
#6604=EDGE_CURVE('',#5382,#5383,#2061,.T.);
#6605=EDGE_CURVE('',#5383,#5384,#4496,.T.);
#6606=EDGE_CURVE('',#5384,#5385,#2062,.T.);
#6607=EDGE_CURVE('',#5385,#5382,#4497,.T.);
#6608=EDGE_CURVE('',#5386,#5387,#2063,.T.);
#6609=EDGE_CURVE('',#5387,#5388,#4498,.T.);
#6610=EDGE_CURVE('',#5388,#5389,#2064,.T.);
#6611=EDGE_CURVE('',#5389,#5386,#4499,.T.);
#6612=EDGE_CURVE('',#5390,#5391,#2065,.T.);
#6613=EDGE_CURVE('',#5391,#5392,#4500,.T.);
#6614=EDGE_CURVE('',#5392,#5393,#2066,.T.);
#6615=EDGE_CURVE('',#5393,#5390,#4501,.T.);
#6616=EDGE_CURVE('',#5394,#5395,#2067,.T.);
#6617=EDGE_CURVE('',#5395,#5396,#4502,.T.);
#6618=EDGE_CURVE('',#5396,#5397,#2068,.T.);
#6619=EDGE_CURVE('',#5397,#5394,#4503,.T.);
#6620=EDGE_CURVE('',#5398,#5399,#2069,.T.);
#6621=EDGE_CURVE('',#5399,#5400,#4504,.T.);
#6622=EDGE_CURVE('',#5400,#5401,#2070,.T.);
#6623=EDGE_CURVE('',#5401,#5402,#4505,.T.);
#6624=EDGE_CURVE('',#5402,#5403,#2071,.T.);
#6625=EDGE_CURVE('',#5403,#5404,#4506,.T.);
#6626=EDGE_CURVE('',#5404,#5405,#2072,.T.);
#6627=EDGE_CURVE('',#5405,#5398,#4507,.T.);
#6628=EDGE_CURVE('',#5406,#5407,#2073,.F.);
#6629=EDGE_CURVE('',#5408,#5407,#4508,.T.);
#6630=EDGE_CURVE('',#5408,#5409,#2074,.F.);
#6631=EDGE_CURVE('',#5410,#5409,#4509,.T.);
#6632=EDGE_CURVE('',#5410,#5411,#2075,.T.);
#6633=EDGE_CURVE('',#5412,#5411,#4510,.T.);
#6634=EDGE_CURVE('',#5412,#5413,#2076,.T.);
#6635=EDGE_CURVE('',#5414,#5413,#4511,.T.);
#6636=EDGE_CURVE('',#5414,#5415,#2077,.T.);
#6637=EDGE_CURVE('',#5416,#5415,#4512,.T.);
#6638=EDGE_CURVE('',#5416,#5417,#2078,.F.);
#6639=EDGE_CURVE('',#5418,#5417,#4513,.T.);
#6640=EDGE_CURVE('',#5418,#5419,#2079,.F.);
#6641=EDGE_CURVE('',#5420,#5419,#4514,.T.);
#6642=EDGE_CURVE('',#5420,#5421,#2080,.F.);
#6643=EDGE_CURVE('',#5422,#5421,#4515,.T.);
#6644=EDGE_CURVE('',#5422,#5423,#2081,.T.);
#6645=EDGE_CURVE('',#5424,#5423,#4516,.T.);
#6646=EDGE_CURVE('',#5424,#5425,#2082,.T.);
#6647=EDGE_CURVE('',#5426,#5425,#4517,.T.);
#6648=EDGE_CURVE('',#5426,#5427,#2083,.T.);
#6649=EDGE_CURVE('',#5428,#5427,#4518,.T.);
#6650=EDGE_CURVE('',#5428,#5429,#2084,.F.);
#6651=EDGE_CURVE('',#5406,#5429,#4519,.T.);
#6652=EDGE_CURVE('',#5430,#5431,#2085,.F.);
#6653=EDGE_CURVE('',#5432,#5431,#4520,.T.);
#6654=EDGE_CURVE('',#5432,#5433,#2086,.T.);
#6655=EDGE_CURVE('',#5434,#5433,#4521,.T.);
#6656=EDGE_CURVE('',#5434,#5435,#2087,.F.);
#6657=EDGE_CURVE('',#5436,#5435,#4522,.T.);
#6658=EDGE_CURVE('',#5436,#5437,#2088,.F.);
#6659=EDGE_CURVE('',#5438,#5437,#4523,.T.);
#6660=EDGE_CURVE('',#5438,#5439,#2089,.F.);
#6661=EDGE_CURVE('',#5440,#5439,#4524,.T.);
#6662=EDGE_CURVE('',#5440,#5441,#2090,.T.);
#6663=EDGE_CURVE('',#5442,#5441,#4525,.T.);
#6664=EDGE_CURVE('',#5442,#5443,#2091,.F.);
#6665=EDGE_CURVE('',#5444,#5443,#4526,.T.);
#6666=EDGE_CURVE('',#5444,#5445,#2092,.F.);
#6667=EDGE_CURVE('',#5430,#5445,#4527,.T.);
#6668=EDGE_CURVE('',#4971,#5446,#2093,.T.);
#6669=EDGE_CURVE('',#5446,#5447,#4528,.T.);
#6670=EDGE_CURVE('',#5447,#4972,#2094,.T.);
#6671=EDGE_CURVE('',#5448,#5447,#2095,.T.);
#6672=EDGE_CURVE('',#4973,#5448,#2096,.T.);
#6673=EDGE_CURVE('',#4838,#5448,#4529,.T.);
#6674=EDGE_CURVE('',#5449,#5446,#2097,.T.);
#6675=EDGE_CURVE('',#5450,#5449,#4530,.T.);
#6676=EDGE_CURVE('',#5450,#5451,#2098,.T.);
#6677=EDGE_CURVE('',#5452,#5451,#4531,.T.);
#6678=EDGE_CURVE('',#5453,#5452,#2099,.T.);
#6679=EDGE_CURVE('',#5454,#5453,#4532,.T.);
#6680=EDGE_CURVE('',#5454,#5455,#2100,.T.);
#6681=EDGE_CURVE('',#5456,#5455,#4533,.T.);
#6682=EDGE_CURVE('',#5456,#5457,#2101,.T.);
#6683=EDGE_CURVE('',#5458,#5457,#4534,.T.);
#6684=EDGE_CURVE('',#5459,#5458,#2102,.F.);
#6685=EDGE_CURVE('',#5460,#5459,#4535,.T.);
#6686=EDGE_CURVE('',#5461,#5460,#2103,.T.);
#6687=EDGE_CURVE('',#5462,#5461,#4536,.T.);
#6688=EDGE_CURVE('',#5463,#5462,#2104,.T.);
#6689=EDGE_CURVE('',#5463,#5464,#4537,.T.);
#6690=EDGE_CURVE('',#5464,#5465,#2105,.T.);
#6691=EDGE_CURVE('',#5466,#5465,#4538,.T.);
#6692=EDGE_CURVE('',#5467,#5466,#2106,.T.);
#6693=EDGE_CURVE('',#5468,#5467,#4539,.T.);
#6694=EDGE_CURVE('',#5468,#5469,#2107,.T.);
#6695=EDGE_CURVE('',#5470,#5469,#4540,.T.);
#6696=EDGE_CURVE('',#5470,#5471,#2108,.T.);
#6697=EDGE_CURVE('',#5472,#5471,#4541,.T.);
#6698=EDGE_CURVE('',#5473,#5472,#2109,.F.);
#6699=EDGE_CURVE('',#5474,#5473,#4542,.T.);
#6700=EDGE_CURVE('',#5475,#5474,#2110,.T.);
#6701=EDGE_CURVE('',#5476,#5475,#4543,.T.);
#6702=EDGE_CURVE('',#5477,#5476,#2111,.T.);
#6703=EDGE_CURVE('',#5477,#5478,#4544,.T.);
#6704=EDGE_CURVE('',#5478,#5479,#2112,.T.);
#6705=EDGE_CURVE('',#5480,#5479,#4545,.T.);
#6706=EDGE_CURVE('',#5481,#5480,#2113,.T.);
#6707=EDGE_CURVE('',#5482,#5481,#4546,.T.);
#6708=EDGE_CURVE('',#5482,#5483,#2114,.T.);
#6709=EDGE_CURVE('',#5484,#5483,#4547,.T.);
#6710=EDGE_CURVE('',#5484,#5485,#2115,.T.);
#6711=EDGE_CURVE('',#5486,#5485,#4548,.T.);
#6712=EDGE_CURVE('',#5486,#5487,#2116,.T.);
#6713=EDGE_CURVE('',#5487,#5488,#4549,.T.);
#6714=EDGE_CURVE('',#5488,#5489,#2117,.T.);
#6715=EDGE_CURVE('',#5490,#5489,#4550,.T.);
#6716=EDGE_CURVE('',#5491,#5490,#2118,.F.);
#6717=EDGE_CURVE('',#5492,#5491,#4551,.T.);
#6718=EDGE_CURVE('',#5493,#5492,#2119,.T.);
#6719=EDGE_CURVE('',#5494,#5493,#4552,.T.);
#6720=EDGE_CURVE('',#5495,#5494,#2120,.T.);
#6721=EDGE_CURVE('',#5495,#5496,#4553,.T.);
#6722=EDGE_CURVE('',#5496,#5497,#2121,.T.);
#6723=EDGE_CURVE('',#5498,#5497,#4554,.T.);
#6724=EDGE_CURVE('',#5499,#5498,#2122,.T.);
#6725=EDGE_CURVE('',#5500,#5499,#4555,.T.);
#6726=EDGE_CURVE('',#5500,#5501,#2123,.T.);
#6727=EDGE_CURVE('',#5502,#5501,#4556,.T.);
#6728=EDGE_CURVE('',#5502,#5503,#2124,.T.);
#6729=EDGE_CURVE('',#5504,#5503,#4557,.T.);
#6730=EDGE_CURVE('',#5505,#5504,#2125,.F.);
#6731=EDGE_CURVE('',#5506,#5505,#4558,.T.);
#6732=EDGE_CURVE('',#5507,#5506,#2126,.T.);
#6733=EDGE_CURVE('',#5508,#5507,#4559,.T.);
#6734=EDGE_CURVE('',#5509,#5508,#2127,.T.);
#6735=EDGE_CURVE('',#5509,#5510,#4560,.T.);
#6736=EDGE_CURVE('',#5510,#5511,#2128,.T.);
#6737=EDGE_CURVE('',#5512,#5511,#4561,.T.);
#6738=EDGE_CURVE('',#5513,#5512,#2129,.T.);
#6739=EDGE_CURVE('',#5514,#5513,#4562,.T.);
#6740=EDGE_CURVE('',#5514,#5515,#2130,.T.);
#6741=EDGE_CURVE('',#5516,#5515,#4563,.T.);
#6742=EDGE_CURVE('',#5516,#5517,#2131,.T.);
#6743=EDGE_CURVE('',#5518,#5517,#4564,.T.);
#6744=EDGE_CURVE('',#5519,#5518,#2132,.T.);
#6745=EDGE_CURVE('',#5520,#5519,#4565,.T.);
#6746=EDGE_CURVE('',#5521,#5520,#2133,.T.);
#6747=EDGE_CURVE('',#5522,#5521,#4566,.T.);
#6748=EDGE_CURVE('',#5522,#5523,#2134,.T.);
#6749=EDGE_CURVE('',#5524,#5523,#4567,.T.);
#6750=EDGE_CURVE('',#5525,#5524,#2135,.T.);
#6751=EDGE_CURVE('',#5526,#5525,#4568,.T.);
#6752=EDGE_CURVE('',#5527,#5526,#2136,.T.);
#6753=EDGE_CURVE('',#5527,#5528,#4569,.T.);
#6754=EDGE_CURVE('',#5528,#5529,#2137,.T.);
#6755=EDGE_CURVE('',#5530,#5529,#4570,.T.);
#6756=EDGE_CURVE('',#5531,#5530,#2138,.T.);
#6757=EDGE_CURVE('',#5532,#5531,#4571,.T.);
#6758=EDGE_CURVE('',#5532,#5533,#2139,.T.);
#6759=EDGE_CURVE('',#5534,#5533,#4572,.T.);
#6760=EDGE_CURVE('',#5535,#5534,#2140,.T.);
#6761=EDGE_CURVE('',#5536,#5535,#4573,.T.);
#6762=EDGE_CURVE('',#5536,#5537,#2141,.T.);
#6763=EDGE_CURVE('',#5538,#5537,#4574,.T.);
#6764=EDGE_CURVE('',#5539,#5538,#2142,.T.);
#6765=EDGE_CURVE('',#5540,#5539,#4575,.T.);
#6766=EDGE_CURVE('',#5541,#5540,#2143,.T.);
#6767=EDGE_CURVE('',#5541,#5542,#4576,.T.);
#6768=EDGE_CURVE('',#5542,#5543,#2144,.T.);
#6769=EDGE_CURVE('',#5544,#5543,#4577,.T.);
#6770=EDGE_CURVE('',#5545,#5544,#2145,.T.);
#6771=EDGE_CURVE('',#5546,#5545,#4578,.T.);
#6772=EDGE_CURVE('',#5546,#5547,#2146,.T.);
#6773=EDGE_CURVE('',#5548,#5547,#4579,.T.);
#6774=EDGE_CURVE('',#5549,#5548,#4580,.T.);
#6775=EDGE_CURVE('',#5550,#5549,#2147,.F.);
#6776=EDGE_CURVE('',#5551,#5550,#4581,.T.);
#6777=EDGE_CURVE('',#5552,#5551,#2148,.F.);
#6778=EDGE_CURVE('',#5553,#5552,#4582,.T.);
#6779=EDGE_CURVE('',#5554,#5553,#2149,.F.);
#6780=EDGE_CURVE('',#5555,#5554,#4583,.T.);
#6781=EDGE_CURVE('',#5556,#5555,#2150,.T.);
#6782=EDGE_CURVE('',#5557,#5556,#4584,.T.);
#6783=EDGE_CURVE('',#5558,#5557,#2151,.F.);
#6784=EDGE_CURVE('',#5559,#5558,#4585,.T.);
#6785=EDGE_CURVE('',#5560,#5559,#2152,.F.);
#6786=EDGE_CURVE('',#5561,#5560,#4586,.T.);
#6787=EDGE_CURVE('',#5562,#5561,#2153,.F.);
#6788=EDGE_CURVE('',#5563,#5562,#4587,.T.);
#6789=EDGE_CURVE('',#5564,#5563,#4588,.T.);
#6790=EDGE_CURVE('',#5564,#5565,#2154,.T.);
#6791=EDGE_CURVE('',#5566,#5565,#4589,.T.);
#6792=EDGE_CURVE('',#5567,#5566,#2155,.T.);
#6793=EDGE_CURVE('',#5568,#5567,#4590,.T.);
#6794=EDGE_CURVE('',#5569,#5568,#2156,.T.);
#6795=EDGE_CURVE('',#5569,#5570,#4591,.T.);
#6796=EDGE_CURVE('',#5570,#5571,#2157,.T.);
#6797=EDGE_CURVE('',#5572,#5571,#4592,.T.);
#6798=EDGE_CURVE('',#5573,#5572,#2158,.T.);
#6799=EDGE_CURVE('',#5574,#5573,#4593,.T.);
#6800=EDGE_CURVE('',#5574,#5575,#2159,.T.);
#6801=EDGE_CURVE('',#5576,#5575,#4594,.T.);
#6802=EDGE_CURVE('',#5577,#5576,#2160,.T.);
#6803=EDGE_CURVE('',#5578,#5577,#4595,.T.);
#6804=EDGE_CURVE('',#5578,#5579,#2161,.T.);
#6805=EDGE_CURVE('',#5580,#5579,#4596,.T.);
#6806=EDGE_CURVE('',#4834,#5580,#2162,.T.);
#6807=EDGE_CURVE('',#5581,#5582,#2163,.T.);
#6808=EDGE_CURVE('',#5583,#5581,#4597,.T.);
#6809=EDGE_CURVE('',#5584,#5583,#2164,.T.);
#6810=EDGE_CURVE('',#5585,#5584,#4598,.T.);
#6811=EDGE_CURVE('',#5586,#5585,#2165,.T.);
#6812=EDGE_CURVE('',#5587,#5586,#4599,.T.);
#6813=EDGE_CURVE('',#5588,#5587,#2166,.T.);
#6814=EDGE_CURVE('',#5582,#5588,#4600,.T.);
#6815=EDGE_CURVE('',#5589,#5590,#2167,.T.);
#6816=EDGE_CURVE('',#5591,#5589,#4601,.T.);
#6817=EDGE_CURVE('',#5592,#5591,#2168,.T.);
#6818=EDGE_CURVE('',#5593,#5592,#4602,.T.);
#6819=EDGE_CURVE('',#5594,#5593,#2169,.T.);
#6820=EDGE_CURVE('',#5595,#5594,#4603,.T.);
#6821=EDGE_CURVE('',#5596,#5595,#2170,.T.);
#6822=EDGE_CURVE('',#5590,#5596,#4604,.T.);
#6823=EDGE_CURVE('',#5597,#5598,#2171,.T.);
#6824=EDGE_CURVE('',#5598,#5599,#4605,.T.);
#6825=EDGE_CURVE('',#5599,#5600,#2172,.T.);
#6826=EDGE_CURVE('',#5600,#5597,#4606,.T.);
#6827=EDGE_CURVE('',#5601,#5602,#2173,.T.);
#6828=EDGE_CURVE('',#5602,#5603,#4607,.T.);
#6829=EDGE_CURVE('',#5603,#5604,#2174,.T.);
#6830=EDGE_CURVE('',#5604,#5601,#4608,.T.);
#6831=EDGE_CURVE('',#5605,#5606,#2175,.T.);
#6832=EDGE_CURVE('',#5607,#5605,#4609,.T.);
#6833=EDGE_CURVE('',#5608,#5607,#2176,.T.);
#6834=EDGE_CURVE('',#5609,#5608,#4610,.T.);
#6835=EDGE_CURVE('',#5610,#5609,#2177,.T.);
#6836=EDGE_CURVE('',#5611,#5610,#4611,.T.);
#6837=EDGE_CURVE('',#5612,#5611,#2178,.T.);
#6838=EDGE_CURVE('',#5606,#5612,#4612,.T.);
#6839=EDGE_CURVE('',#5613,#5614,#2179,.T.);
#6840=EDGE_CURVE('',#5615,#5613,#4613,.T.);
#6841=EDGE_CURVE('',#5616,#5615,#2180,.T.);
#6842=EDGE_CURVE('',#5617,#5616,#4614,.T.);
#6843=EDGE_CURVE('',#5618,#5617,#2181,.T.);
#6844=EDGE_CURVE('',#5619,#5618,#4615,.T.);
#6845=EDGE_CURVE('',#5620,#5619,#2182,.T.);
#6846=EDGE_CURVE('',#5614,#5620,#4616,.T.);
#6847=EDGE_CURVE('',#5621,#5622,#2183,.T.);
#6848=EDGE_CURVE('',#5623,#5621,#4617,.T.);
#6849=EDGE_CURVE('',#5624,#5623,#2184,.T.);
#6850=EDGE_CURVE('',#5625,#5624,#4618,.T.);
#6851=EDGE_CURVE('',#5626,#5625,#2185,.T.);
#6852=EDGE_CURVE('',#5627,#5626,#4619,.T.);
#6853=EDGE_CURVE('',#5628,#5627,#2186,.T.);
#6854=EDGE_CURVE('',#5622,#5628,#4620,.T.);
#6855=EDGE_CURVE('',#5629,#5630,#2187,.T.);
#6856=EDGE_CURVE('',#5631,#5630,#4621,.T.);
#6857=EDGE_CURVE('',#5631,#5632,#2188,.T.);
#6858=EDGE_CURVE('',#5633,#5632,#4622,.T.);
#6859=EDGE_CURVE('',#5634,#5633,#2189,.F.);
#6860=EDGE_CURVE('',#5635,#5634,#4623,.T.);
#6861=EDGE_CURVE('',#5635,#5636,#2190,.T.);
#6862=EDGE_CURVE('',#5637,#5636,#4624,.T.);
#6863=EDGE_CURVE('',#5638,#5637,#2191,.F.);
#6864=EDGE_CURVE('',#5639,#5638,#4625,.T.);
#6865=EDGE_CURVE('',#5640,#5639,#2192,.T.);
#6866=EDGE_CURVE('',#5641,#5640,#4626,.T.);
#6867=EDGE_CURVE('',#5642,#5641,#2193,.F.);
#6868=EDGE_CURVE('',#5643,#5642,#4627,.T.);
#6869=EDGE_CURVE('',#5643,#5644,#2194,.T.);
#6870=EDGE_CURVE('',#5629,#5644,#4628,.T.);
#6871=EDGE_CURVE('',#5645,#5646,#2195,.F.);
#6872=EDGE_CURVE('',#5647,#5645,#4629,.T.);
#6873=EDGE_CURVE('',#5648,#5647,#2196,.T.);
#6874=EDGE_CURVE('',#5649,#5648,#4630,.T.);
#6875=EDGE_CURVE('',#5649,#5650,#2197,.T.);
#6876=EDGE_CURVE('',#5651,#5650,#4631,.T.);
#6877=EDGE_CURVE('',#5652,#5651,#2198,.T.);
#6878=EDGE_CURVE('',#5653,#5652,#4632,.T.);
#6879=EDGE_CURVE('',#5654,#5653,#2199,.F.);
#6880=EDGE_CURVE('',#5655,#5654,#4633,.T.);
#6881=EDGE_CURVE('',#5656,#5655,#2200,.F.);
#6882=EDGE_CURVE('',#5657,#5656,#4634,.T.);
#6883=EDGE_CURVE('',#5658,#5657,#2201,.F.);
#6884=EDGE_CURVE('',#5659,#5658,#4635,.T.);
#6885=EDGE_CURVE('',#5660,#5659,#2202,.T.);
#6886=EDGE_CURVE('',#5661,#5660,#4636,.T.);
#6887=EDGE_CURVE('',#5661,#5662,#2203,.T.);
#6888=EDGE_CURVE('',#5663,#5662,#4637,.T.);
#6889=EDGE_CURVE('',#5664,#5663,#2204,.T.);
#6890=EDGE_CURVE('',#5665,#5664,#4638,.T.);
#6891=EDGE_CURVE('',#5666,#5665,#2205,.F.);
#6892=EDGE_CURVE('',#5667,#5666,#4639,.T.);
#6893=EDGE_CURVE('',#5668,#5667,#2206,.F.);
#6894=EDGE_CURVE('',#5646,#5668,#4640,.T.);
#6895=EDGE_CURVE('',#5669,#5670,#2207,.T.);
#6896=EDGE_CURVE('',#5671,#5669,#4641,.T.);
#6897=EDGE_CURVE('',#5672,#5671,#2208,.T.);
#6898=EDGE_CURVE('',#5673,#5672,#4642,.T.);
#6899=EDGE_CURVE('',#5674,#5673,#2209,.T.);
#6900=EDGE_CURVE('',#5675,#5674,#4643,.T.);
#6901=EDGE_CURVE('',#5676,#5675,#2210,.T.);
#6902=EDGE_CURVE('',#5670,#5676,#4644,.T.);
#6903=EDGE_CURVE('',#5677,#5678,#2211,.T.);
#6904=EDGE_CURVE('',#5678,#5679,#4645,.T.);
#6905=EDGE_CURVE('',#5679,#5680,#2212,.T.);
#6906=EDGE_CURVE('',#5680,#5677,#4646,.T.);
#6907=EDGE_CURVE('',#5681,#5682,#2213,.T.);
#6908=EDGE_CURVE('',#5682,#5683,#4647,.T.);
#6909=EDGE_CURVE('',#5683,#5684,#2214,.T.);
#6910=EDGE_CURVE('',#5684,#5681,#4648,.T.);
#6911=EDGE_CURVE('',#5685,#5686,#2215,.T.);
#6912=EDGE_CURVE('',#5686,#5687,#4649,.T.);
#6913=EDGE_CURVE('',#5687,#5688,#2216,.T.);
#6914=EDGE_CURVE('',#5688,#5685,#4650,.T.);
#6915=EDGE_CURVE('',#5689,#5690,#2217,.T.);
#6916=EDGE_CURVE('',#5690,#5691,#4651,.T.);
#6917=EDGE_CURVE('',#5691,#5692,#2218,.T.);
#6918=EDGE_CURVE('',#5692,#5689,#4652,.T.);
#6919=EDGE_CURVE('',#5693,#5694,#4653,.T.);
#6920=EDGE_CURVE('',#5694,#5695,#2219,.T.);
#6921=EDGE_CURVE('',#5695,#5696,#4654,.T.);
#6922=EDGE_CURVE('',#5696,#5693,#2220,.T.);
#6923=EDGE_CURVE('',#5697,#5698,#4655,.T.);
#6924=EDGE_CURVE('',#5698,#5699,#2221,.T.);
#6925=EDGE_CURVE('',#5699,#5700,#4656,.T.);
#6926=EDGE_CURVE('',#5700,#5697,#2222,.T.);
#6927=EDGE_CURVE('',#5701,#5702,#4657,.T.);
#6928=EDGE_CURVE('',#5703,#5701,#2223,.T.);
#6929=EDGE_CURVE('',#5704,#5703,#4658,.T.);
#6930=EDGE_CURVE('',#5705,#5704,#2224,.T.);
#6931=EDGE_CURVE('',#5706,#5705,#4659,.T.);
#6932=EDGE_CURVE('',#5707,#5706,#2225,.T.);
#6933=EDGE_CURVE('',#5708,#5707,#4660,.T.);
#6934=EDGE_CURVE('',#5702,#5708,#2226,.T.);
#6935=EDGE_CURVE('',#5709,#5710,#4661,.T.);
#6936=EDGE_CURVE('',#5711,#5709,#2227,.T.);
#6937=EDGE_CURVE('',#5712,#5711,#4662,.T.);
#6938=EDGE_CURVE('',#5713,#5712,#2228,.T.);
#6939=EDGE_CURVE('',#5714,#5713,#4663,.T.);
#6940=EDGE_CURVE('',#5715,#5714,#2229,.T.);
#6941=EDGE_CURVE('',#5716,#5715,#4664,.T.);
#6942=EDGE_CURVE('',#5710,#5716,#2230,.T.);
#6943=EDGE_CURVE('',#5717,#5718,#4665,.T.);
#6944=EDGE_CURVE('',#5719,#5717,#2231,.T.);
#6945=EDGE_CURVE('',#5720,#5719,#4666,.T.);
#6946=EDGE_CURVE('',#5721,#5720,#2232,.T.);
#6947=EDGE_CURVE('',#5722,#5721,#4667,.T.);
#6948=EDGE_CURVE('',#5723,#5722,#2233,.T.);
#6949=EDGE_CURVE('',#5724,#5723,#4668,.T.);
#6950=EDGE_CURVE('',#5718,#5724,#2234,.T.);
#6951=EDGE_CURVE('',#5725,#5726,#4669,.T.);
#6952=EDGE_CURVE('',#5727,#5725,#2235,.T.);
#6953=EDGE_CURVE('',#5728,#5727,#4670,.T.);
#6954=EDGE_CURVE('',#5729,#5728,#2236,.T.);
#6955=EDGE_CURVE('',#5730,#5729,#4671,.T.);
#6956=EDGE_CURVE('',#5731,#5730,#2237,.T.);
#6957=EDGE_CURVE('',#5732,#5731,#4672,.T.);
#6958=EDGE_CURVE('',#5726,#5732,#2238,.T.);
#6959=EDGE_CURVE('',#5733,#5734,#4673,.T.);
#6960=EDGE_CURVE('',#5735,#5733,#2239,.T.);
#6961=EDGE_CURVE('',#5736,#5735,#4674,.T.);
#6962=EDGE_CURVE('',#5737,#5736,#2240,.T.);
#6963=EDGE_CURVE('',#5738,#5737,#4675,.T.);
#6964=EDGE_CURVE('',#5739,#5738,#2241,.T.);
#6965=EDGE_CURVE('',#5740,#5739,#4676,.T.);
#6966=EDGE_CURVE('',#5734,#5740,#2242,.T.);
#6967=EDGE_CURVE('',#5741,#5742,#4677,.T.);
#6968=EDGE_CURVE('',#5743,#5741,#2243,.T.);
#6969=EDGE_CURVE('',#5744,#5743,#4678,.T.);
#6970=EDGE_CURVE('',#5745,#5744,#2244,.T.);
#6971=EDGE_CURVE('',#5746,#5745,#4679,.T.);
#6972=EDGE_CURVE('',#5747,#5746,#2245,.T.);
#6973=EDGE_CURVE('',#5748,#5747,#4680,.T.);
#6974=EDGE_CURVE('',#5742,#5748,#2246,.T.);
#6975=EDGE_CURVE('',#5749,#5750,#4681,.T.);
#6976=EDGE_CURVE('',#5751,#5749,#2247,.T.);
#6977=EDGE_CURVE('',#5752,#5751,#4682,.T.);
#6978=EDGE_CURVE('',#5753,#5752,#2248,.T.);
#6979=EDGE_CURVE('',#5754,#5753,#4683,.T.);
#6980=EDGE_CURVE('',#5755,#5754,#2249,.T.);
#6981=EDGE_CURVE('',#5756,#5755,#4684,.T.);
#6982=EDGE_CURVE('',#5750,#5756,#2250,.T.);
#6983=EDGE_CURVE('',#5757,#5758,#4685,.T.);
#6984=EDGE_CURVE('',#5759,#5757,#2251,.T.);
#6985=EDGE_CURVE('',#5760,#5759,#4686,.T.);
#6986=EDGE_CURVE('',#5761,#5760,#2252,.T.);
#6987=EDGE_CURVE('',#5762,#5761,#4687,.T.);
#6988=EDGE_CURVE('',#5763,#5762,#2253,.T.);
#6989=EDGE_CURVE('',#5764,#5763,#4688,.T.);
#6990=EDGE_CURVE('',#5758,#5764,#2254,.T.);
#6991=EDGE_CURVE('',#5765,#5766,#4689,.T.);
#6992=EDGE_CURVE('',#5767,#5765,#2255,.T.);
#6993=EDGE_CURVE('',#5768,#5767,#4690,.T.);
#6994=EDGE_CURVE('',#5769,#5768,#2256,.T.);
#6995=EDGE_CURVE('',#5770,#5769,#4691,.T.);
#6996=EDGE_CURVE('',#5771,#5770,#2257,.T.);
#6997=EDGE_CURVE('',#5772,#5771,#4692,.T.);
#6998=EDGE_CURVE('',#5766,#5772,#2258,.T.);
#6999=EDGE_CURVE('',#5773,#5774,#4693,.T.);
#7000=EDGE_CURVE('',#5775,#5773,#2259,.T.);
#7001=EDGE_CURVE('',#5776,#5775,#4694,.T.);
#7002=EDGE_CURVE('',#5777,#5776,#2260,.T.);
#7003=EDGE_CURVE('',#5778,#5777,#4695,.T.);
#7004=EDGE_CURVE('',#5779,#5778,#2261,.T.);
#7005=EDGE_CURVE('',#5780,#5779,#4696,.T.);
#7006=EDGE_CURVE('',#5774,#5780,#2262,.T.);
#7007=EDGE_CURVE('',#5781,#5782,#4697,.T.);
#7008=EDGE_CURVE('',#5783,#5781,#2263,.T.);
#7009=EDGE_CURVE('',#5784,#5783,#4698,.T.);
#7010=EDGE_CURVE('',#5785,#5784,#2264,.T.);
#7011=EDGE_CURVE('',#5786,#5785,#4699,.T.);
#7012=EDGE_CURVE('',#5787,#5786,#2265,.T.);
#7013=EDGE_CURVE('',#5788,#5787,#4700,.T.);
#7014=EDGE_CURVE('',#5782,#5788,#2266,.T.);
#7015=EDGE_CURVE('',#5789,#5790,#4701,.T.);
#7016=EDGE_CURVE('',#5791,#5789,#2267,.T.);
#7017=EDGE_CURVE('',#5792,#5791,#4702,.T.);
#7018=EDGE_CURVE('',#5793,#5792,#2268,.T.);
#7019=EDGE_CURVE('',#5794,#5793,#4703,.T.);
#7020=EDGE_CURVE('',#5795,#5794,#2269,.T.);
#7021=EDGE_CURVE('',#5796,#5795,#4704,.T.);
#7022=EDGE_CURVE('',#5790,#5796,#2270,.T.);
#7023=EDGE_CURVE('',#5797,#5798,#4705,.T.);
#7024=EDGE_CURVE('',#5799,#5797,#2271,.T.);
#7025=EDGE_CURVE('',#5800,#5799,#4706,.T.);
#7026=EDGE_CURVE('',#5801,#5800,#2272,.T.);
#7027=EDGE_CURVE('',#5802,#5801,#4707,.T.);
#7028=EDGE_CURVE('',#5803,#5802,#2273,.T.);
#7029=EDGE_CURVE('',#5804,#5803,#4708,.T.);
#7030=EDGE_CURVE('',#5798,#5804,#2274,.T.);
#7031=EDGE_CURVE('',#5805,#5806,#4709,.T.);
#7032=EDGE_CURVE('',#5807,#5805,#2275,.T.);
#7033=EDGE_CURVE('',#5808,#5807,#4710,.T.);
#7034=EDGE_CURVE('',#5809,#5808,#2276,.T.);
#7035=EDGE_CURVE('',#5810,#5809,#4711,.T.);
#7036=EDGE_CURVE('',#5811,#5810,#2277,.T.);
#7037=EDGE_CURVE('',#5812,#5811,#4712,.T.);
#7038=EDGE_CURVE('',#5806,#5812,#2278,.T.);
#7039=EDGE_CURVE('',#5813,#5814,#4713,.T.);
#7040=EDGE_CURVE('',#5815,#5813,#2279,.T.);
#7041=EDGE_CURVE('',#5816,#5815,#4714,.T.);
#7042=EDGE_CURVE('',#5817,#5816,#2280,.T.);
#7043=EDGE_CURVE('',#5818,#5817,#4715,.T.);
#7044=EDGE_CURVE('',#5819,#5818,#2281,.T.);
#7045=EDGE_CURVE('',#5820,#5819,#4716,.T.);
#7046=EDGE_CURVE('',#5814,#5820,#2282,.T.);
#7047=EDGE_CURVE('',#5821,#5822,#4717,.T.);
#7048=EDGE_CURVE('',#5823,#5821,#2283,.T.);
#7049=EDGE_CURVE('',#5824,#5823,#4718,.T.);
#7050=EDGE_CURVE('',#5825,#5824,#2284,.T.);
#7051=EDGE_CURVE('',#5826,#5825,#4719,.T.);
#7052=EDGE_CURVE('',#5827,#5826,#2285,.T.);
#7053=EDGE_CURVE('',#5828,#5827,#4720,.T.);
#7054=EDGE_CURVE('',#5822,#5828,#2286,.T.);
#7055=EDGE_CURVE('',#5829,#5830,#4721,.T.);
#7056=EDGE_CURVE('',#5831,#5829,#2287,.T.);
#7057=EDGE_CURVE('',#5832,#5831,#4722,.T.);
#7058=EDGE_CURVE('',#5833,#5832,#2288,.T.);
#7059=EDGE_CURVE('',#5834,#5833,#4723,.T.);
#7060=EDGE_CURVE('',#5835,#5834,#2289,.T.);
#7061=EDGE_CURVE('',#5836,#5835,#4724,.T.);
#7062=EDGE_CURVE('',#5830,#5836,#2290,.T.);
#7063=EDGE_CURVE('',#5837,#5838,#4725,.T.);
#7064=EDGE_CURVE('',#5839,#5837,#2291,.T.);
#7065=EDGE_CURVE('',#5840,#5839,#4726,.T.);
#7066=EDGE_CURVE('',#5841,#5840,#2292,.T.);
#7067=EDGE_CURVE('',#5842,#5841,#4727,.T.);
#7068=EDGE_CURVE('',#5843,#5842,#2293,.T.);
#7069=EDGE_CURVE('',#5844,#5843,#4728,.T.);
#7070=EDGE_CURVE('',#5838,#5844,#2294,.T.);
#7071=EDGE_CURVE('',#5845,#5846,#4729,.T.);
#7072=EDGE_CURVE('',#5847,#5845,#2295,.T.);
#7073=EDGE_CURVE('',#5848,#5847,#4730,.T.);
#7074=EDGE_CURVE('',#5849,#5848,#2296,.T.);
#7075=EDGE_CURVE('',#5850,#5849,#4731,.T.);
#7076=EDGE_CURVE('',#5851,#5850,#2297,.T.);
#7077=EDGE_CURVE('',#5852,#5851,#4732,.T.);
#7078=EDGE_CURVE('',#5846,#5852,#2298,.T.);
#7079=EDGE_CURVE('',#5853,#5854,#4733,.T.);
#7080=EDGE_CURVE('',#5855,#5853,#2299,.T.);
#7081=EDGE_CURVE('',#5856,#5855,#4734,.T.);
#7082=EDGE_CURVE('',#5857,#5856,#2300,.T.);
#7083=EDGE_CURVE('',#5858,#5857,#4735,.T.);
#7084=EDGE_CURVE('',#5859,#5858,#2301,.T.);
#7085=EDGE_CURVE('',#5860,#5859,#4736,.T.);
#7086=EDGE_CURVE('',#5854,#5860,#2302,.T.);
#7087=EDGE_CURVE('',#5861,#5862,#4737,.T.);
#7088=EDGE_CURVE('',#5863,#5861,#2303,.T.);
#7089=EDGE_CURVE('',#5864,#5863,#4738,.T.);
#7090=EDGE_CURVE('',#5865,#5864,#2304,.T.);
#7091=EDGE_CURVE('',#5866,#5865,#4739,.T.);
#7092=EDGE_CURVE('',#5867,#5866,#2305,.T.);
#7093=EDGE_CURVE('',#5868,#5867,#4740,.T.);
#7094=EDGE_CURVE('',#5862,#5868,#2306,.T.);
#7095=EDGE_CURVE('',#5869,#5870,#4741,.T.);
#7096=EDGE_CURVE('',#5871,#5869,#2307,.T.);
#7097=EDGE_CURVE('',#5872,#5871,#4742,.T.);
#7098=EDGE_CURVE('',#5873,#5872,#2308,.T.);
#7099=EDGE_CURVE('',#5874,#5873,#4743,.T.);
#7100=EDGE_CURVE('',#5875,#5874,#2309,.T.);
#7101=EDGE_CURVE('',#5876,#5875,#4744,.T.);
#7102=EDGE_CURVE('',#5870,#5876,#2310,.T.);
#7103=EDGE_CURVE('',#5877,#5878,#4745,.T.);
#7104=EDGE_CURVE('',#5879,#5877,#2311,.T.);
#7105=EDGE_CURVE('',#5880,#5879,#4746,.T.);
#7106=EDGE_CURVE('',#5881,#5880,#2312,.T.);
#7107=EDGE_CURVE('',#5882,#5881,#4747,.T.);
#7108=EDGE_CURVE('',#5883,#5882,#2313,.T.);
#7109=EDGE_CURVE('',#5884,#5883,#4748,.T.);
#7110=EDGE_CURVE('',#5878,#5884,#2314,.T.);
#7111=EDGE_CURVE('',#5885,#5886,#4749,.T.);
#7112=EDGE_CURVE('',#5887,#5885,#2315,.T.);
#7113=EDGE_CURVE('',#5888,#5887,#4750,.T.);
#7114=EDGE_CURVE('',#5889,#5888,#2316,.T.);
#7115=EDGE_CURVE('',#5890,#5889,#4751,.T.);
#7116=EDGE_CURVE('',#5891,#5890,#2317,.T.);
#7117=EDGE_CURVE('',#5892,#5891,#4752,.T.);
#7118=EDGE_CURVE('',#5886,#5892,#2318,.T.);
#7119=EDGE_CURVE('',#5893,#5894,#4753,.T.);
#7120=EDGE_CURVE('',#5895,#5893,#2319,.T.);
#7121=EDGE_CURVE('',#5896,#5895,#4754,.T.);
#7122=EDGE_CURVE('',#5897,#5896,#2320,.T.);
#7123=EDGE_CURVE('',#5898,#5897,#4755,.T.);
#7124=EDGE_CURVE('',#5899,#5898,#2321,.T.);
#7125=EDGE_CURVE('',#5900,#5899,#4756,.T.);
#7126=EDGE_CURVE('',#5894,#5900,#2322,.T.);
#7127=EDGE_CURVE('',#5901,#5902,#4757,.T.);
#7128=EDGE_CURVE('',#5903,#5901,#2323,.T.);
#7129=EDGE_CURVE('',#5904,#5903,#4758,.T.);
#7130=EDGE_CURVE('',#5905,#5904,#2324,.T.);
#7131=EDGE_CURVE('',#5906,#5905,#4759,.T.);
#7132=EDGE_CURVE('',#5907,#5906,#2325,.T.);
#7133=EDGE_CURVE('',#5908,#5907,#4760,.T.);
#7134=EDGE_CURVE('',#5902,#5908,#2326,.T.);
#7135=EDGE_CURVE('',#5909,#5910,#4761,.T.);
#7136=EDGE_CURVE('',#5911,#5909,#2327,.T.);
#7137=EDGE_CURVE('',#5912,#5911,#4762,.T.);
#7138=EDGE_CURVE('',#5913,#5912,#2328,.T.);
#7139=EDGE_CURVE('',#5914,#5913,#4763,.T.);
#7140=EDGE_CURVE('',#5915,#5914,#2329,.T.);
#7141=EDGE_CURVE('',#5916,#5915,#4764,.T.);
#7142=EDGE_CURVE('',#5910,#5916,#2330,.T.);
#7143=EDGE_CURVE('',#5917,#5918,#4765,.T.);
#7144=EDGE_CURVE('',#5919,#5917,#2331,.T.);
#7145=EDGE_CURVE('',#5920,#5919,#4766,.T.);
#7146=EDGE_CURVE('',#5921,#5920,#2332,.T.);
#7147=EDGE_CURVE('',#5922,#5921,#4767,.T.);
#7148=EDGE_CURVE('',#5923,#5922,#2333,.T.);
#7149=EDGE_CURVE('',#5924,#5923,#4768,.T.);
#7150=EDGE_CURVE('',#5918,#5924,#2334,.T.);
#7151=EDGE_CURVE('',#5925,#5926,#4769,.T.);
#7152=EDGE_CURVE('',#5927,#5925,#2335,.T.);
#7153=EDGE_CURVE('',#5928,#5927,#4770,.T.);
#7154=EDGE_CURVE('',#5929,#5928,#2336,.T.);
#7155=EDGE_CURVE('',#5930,#5929,#4771,.T.);
#7156=EDGE_CURVE('',#5931,#5930,#2337,.T.);
#7157=EDGE_CURVE('',#5932,#5931,#4772,.T.);
#7158=EDGE_CURVE('',#5926,#5932,#2338,.T.);
#7159=EDGE_CURVE('',#5933,#5934,#4773,.T.);
#7160=EDGE_CURVE('',#5935,#5933,#2339,.T.);
#7161=EDGE_CURVE('',#5936,#5935,#4774,.T.);
#7162=EDGE_CURVE('',#5937,#5936,#2340,.T.);
#7163=EDGE_CURVE('',#5938,#5937,#4775,.T.);
#7164=EDGE_CURVE('',#5939,#5938,#2341,.T.);
#7165=EDGE_CURVE('',#5940,#5939,#4776,.T.);
#7166=EDGE_CURVE('',#5934,#5940,#2342,.T.);
#7167=EDGE_CURVE('',#5941,#5942,#4777,.T.);
#7168=EDGE_CURVE('',#5943,#5941,#2343,.T.);
#7169=EDGE_CURVE('',#5944,#5943,#4778,.T.);
#7170=EDGE_CURVE('',#5945,#5944,#2344,.T.);
#7171=EDGE_CURVE('',#5946,#5945,#4779,.T.);
#7172=EDGE_CURVE('',#5947,#5946,#2345,.T.);
#7173=EDGE_CURVE('',#5948,#5947,#4780,.T.);
#7174=EDGE_CURVE('',#5942,#5948,#2346,.T.);
#7175=EDGE_CURVE('',#5949,#5950,#4781,.T.);
#7176=EDGE_CURVE('',#5951,#5949,#2347,.T.);
#7177=EDGE_CURVE('',#5952,#5951,#4782,.T.);
#7178=EDGE_CURVE('',#5953,#5952,#2348,.T.);
#7179=EDGE_CURVE('',#5954,#5953,#4783,.T.);
#7180=EDGE_CURVE('',#5955,#5954,#2349,.T.);
#7181=EDGE_CURVE('',#5956,#5955,#4784,.T.);
#7182=EDGE_CURVE('',#5950,#5956,#2350,.T.);
#7183=EDGE_CURVE('',#5957,#5958,#4785,.T.);
#7184=EDGE_CURVE('',#5959,#5957,#2351,.T.);
#7185=EDGE_CURVE('',#5960,#5959,#4786,.T.);
#7186=EDGE_CURVE('',#5961,#5960,#2352,.T.);
#7187=EDGE_CURVE('',#5962,#5961,#4787,.T.);
#7188=EDGE_CURVE('',#5963,#5962,#2353,.T.);
#7189=EDGE_CURVE('',#5964,#5963,#4788,.T.);
#7190=EDGE_CURVE('',#5958,#5964,#2354,.T.);
#7191=EDGE_CURVE('',#5965,#5966,#4789,.T.);
#7192=EDGE_CURVE('',#5967,#5965,#2355,.T.);
#7193=EDGE_CURVE('',#5968,#5967,#4790,.T.);
#7194=EDGE_CURVE('',#5969,#5968,#2356,.T.);
#7195=EDGE_CURVE('',#5970,#5969,#4791,.T.);
#7196=EDGE_CURVE('',#5971,#5970,#2357,.T.);
#7197=EDGE_CURVE('',#5972,#5971,#4792,.T.);
#7198=EDGE_CURVE('',#5966,#5972,#2358,.T.);
#7199=EDGE_CURVE('',#5973,#5974,#4793,.T.);
#7200=EDGE_CURVE('',#5975,#5973,#2359,.T.);
#7201=EDGE_CURVE('',#5976,#5975,#4794,.T.);
#7202=EDGE_CURVE('',#5977,#5976,#2360,.T.);
#7203=EDGE_CURVE('',#5978,#5977,#4795,.T.);
#7204=EDGE_CURVE('',#5979,#5978,#2361,.T.);
#7205=EDGE_CURVE('',#5980,#5979,#4796,.T.);
#7206=EDGE_CURVE('',#5974,#5980,#2362,.T.);
#7207=EDGE_CURVE('',#5981,#5982,#4797,.T.);
#7208=EDGE_CURVE('',#5983,#5981,#2363,.T.);
#7209=EDGE_CURVE('',#5984,#5983,#4798,.T.);
#7210=EDGE_CURVE('',#5985,#5984,#2364,.T.);
#7211=EDGE_CURVE('',#5986,#5985,#4799,.T.);
#7212=EDGE_CURVE('',#5987,#5986,#2365,.T.);
#7213=EDGE_CURVE('',#5988,#5987,#4800,.T.);
#7214=EDGE_CURVE('',#5982,#5988,#2366,.T.);
#7215=EDGE_CURVE('',#5989,#5990,#4801,.T.);
#7216=EDGE_CURVE('',#5991,#5989,#2367,.T.);
#7217=EDGE_CURVE('',#5992,#5991,#4802,.T.);
#7218=EDGE_CURVE('',#5993,#5992,#2368,.T.);
#7219=EDGE_CURVE('',#5994,#5993,#4803,.T.);
#7220=EDGE_CURVE('',#5995,#5994,#2369,.T.);
#7221=EDGE_CURVE('',#5996,#5995,#4804,.T.);
#7222=EDGE_CURVE('',#5990,#5996,#2370,.T.);
#7223=EDGE_CURVE('',#5997,#5998,#4805,.T.);
#7224=EDGE_CURVE('',#5999,#5997,#2371,.T.);
#7225=EDGE_CURVE('',#6000,#5999,#4806,.T.);
#7226=EDGE_CURVE('',#6001,#6000,#2372,.T.);
#7227=EDGE_CURVE('',#6002,#6001,#4807,.T.);
#7228=EDGE_CURVE('',#6003,#6002,#2373,.T.);
#7229=EDGE_CURVE('',#6004,#6003,#4808,.T.);
#7230=EDGE_CURVE('',#5998,#6004,#2374,.T.);
#7231=EDGE_CURVE('',#6005,#6006,#4809,.T.);
#7232=EDGE_CURVE('',#6007,#6005,#2375,.T.);
#7233=EDGE_CURVE('',#6008,#6007,#4810,.T.);
#7234=EDGE_CURVE('',#6009,#6008,#2376,.T.);
#7235=EDGE_CURVE('',#6010,#6009,#4811,.T.);
#7236=EDGE_CURVE('',#6011,#6010,#2377,.T.);
#7237=EDGE_CURVE('',#6012,#6011,#4812,.T.);
#7238=EDGE_CURVE('',#6006,#6012,#2378,.T.);
#7239=EDGE_CURVE('',#6013,#6014,#4813,.T.);
#7240=EDGE_CURVE('',#6015,#6013,#2379,.T.);
#7241=EDGE_CURVE('',#6016,#6015,#4814,.T.);
#7242=EDGE_CURVE('',#6017,#6016,#2380,.T.);
#7243=EDGE_CURVE('',#6018,#6017,#4815,.T.);
#7244=EDGE_CURVE('',#6019,#6018,#2381,.T.);
#7245=EDGE_CURVE('',#6020,#6019,#4816,.T.);
#7246=EDGE_CURVE('',#6014,#6020,#2382,.T.);
#7247=EDGE_CURVE('',#6021,#6022,#4817,.T.);
#7248=EDGE_CURVE('',#6023,#6021,#2383,.T.);
#7249=EDGE_CURVE('',#6024,#6023,#4818,.T.);
#7250=EDGE_CURVE('',#6025,#6024,#2384,.T.);
#7251=EDGE_CURVE('',#6026,#6025,#4819,.T.);
#7252=EDGE_CURVE('',#6027,#6026,#2385,.T.);
#7253=EDGE_CURVE('',#6028,#6027,#4820,.T.);
#7254=EDGE_CURVE('',#6022,#6028,#2386,.T.);
#7255=EDGE_CURVE('',#6029,#6030,#4821,.T.);
#7256=EDGE_CURVE('',#6031,#6029,#2387,.T.);
#7257=EDGE_CURVE('',#6032,#6031,#4822,.T.);
#7258=EDGE_CURVE('',#6033,#6032,#2388,.T.);
#7259=EDGE_CURVE('',#6034,#6033,#4823,.T.);
#7260=EDGE_CURVE('',#6035,#6034,#2389,.T.);
#7261=EDGE_CURVE('',#6036,#6035,#4824,.T.);
#7262=EDGE_CURVE('',#6030,#6036,#2390,.T.);
#7263=EDGE_CURVE('',#6037,#6038,#4825,.T.);
#7264=EDGE_CURVE('',#6039,#6037,#2391,.T.);
#7265=EDGE_CURVE('',#6040,#6039,#4826,.T.);
#7266=EDGE_CURVE('',#6041,#6040,#2392,.T.);
#7267=EDGE_CURVE('',#6042,#6041,#4827,.T.);
#7268=EDGE_CURVE('',#6043,#6042,#2393,.T.);
#7269=EDGE_CURVE('',#6044,#6043,#4828,.T.);
#7270=EDGE_CURVE('',#6038,#6044,#2394,.T.);
#7271=EDGE_CURVE('',#6045,#6046,#4829,.T.);
#7272=EDGE_CURVE('',#6047,#6045,#2395,.T.);
#7273=EDGE_CURVE('',#6048,#6047,#4830,.T.);
#7274=EDGE_CURVE('',#6049,#6048,#2396,.T.);
#7275=EDGE_CURVE('',#6050,#6049,#4831,.T.);
#7276=EDGE_CURVE('',#6051,#6050,#2397,.T.);
#7277=EDGE_CURVE('',#6052,#6051,#4832,.T.);
#7278=EDGE_CURVE('',#6046,#6052,#2398,.T.);
#7279=EDGE_CURVE('',#5567,#4852,#2399,.T.);
#7280=EDGE_CURVE('',#4851,#5568,#2400,.T.);
#7281=EDGE_CURVE('',#5569,#4850,#2401,.T.);
#7282=EDGE_CURVE('',#4847,#5572,#2402,.T.);
#7283=EDGE_CURVE('',#5571,#4848,#2403,.T.);
#7284=EDGE_CURVE('',#4849,#5570,#2404,.T.);
#7285=EDGE_CURVE('',#5539,#4880,#2405,.T.);
#7286=EDGE_CURVE('',#4879,#5540,#2406,.T.);
#7287=EDGE_CURVE('',#5541,#4878,#2407,.T.);
#7288=EDGE_CURVE('',#4875,#5544,#2408,.T.);
#7289=EDGE_CURVE('',#5543,#4876,#2409,.T.);
#7290=EDGE_CURVE('',#4877,#5542,#2410,.T.);
#7291=EDGE_CURVE('',#4889,#5530,#2411,.T.);
#7292=EDGE_CURVE('',#5529,#4890,#2412,.T.);
#7293=EDGE_CURVE('',#5531,#4888,#2413,.T.);
#7294=EDGE_CURVE('',#5525,#4894,#2414,.T.);
#7295=EDGE_CURVE('',#4893,#5526,#2415,.T.);
#7296=EDGE_CURVE('',#4895,#5524,#2416,.T.);
#7297=EDGE_CURVE('',#4907,#5512,#2417,.T.);
#7298=EDGE_CURVE('',#5511,#4908,#2418,.T.);
#7299=EDGE_CURVE('',#5513,#4906,#2419,.T.);
#7300=EDGE_CURVE('',#5507,#4912,#2420,.T.);
#7301=EDGE_CURVE('',#4911,#5508,#2421,.T.);
#7302=EDGE_CURVE('',#4913,#5506,#2422,.T.);
#7303=EDGE_CURVE('',#4921,#5498,#2423,.T.);
#7304=EDGE_CURVE('',#5497,#4922,#2424,.T.);
#7305=EDGE_CURVE('',#5499,#4920,#2425,.T.);
#7306=EDGE_CURVE('',#5493,#4926,#2426,.T.);
#7307=EDGE_CURVE('',#4925,#5494,#2427,.T.);
#7308=EDGE_CURVE('',#4927,#5492,#2428,.T.);
#7309=EDGE_CURVE('',#4939,#5480,#2429,.T.);
#7310=EDGE_CURVE('',#5479,#4940,#2430,.T.);
#7311=EDGE_CURVE('',#5481,#4938,#2431,.T.);
#7312=EDGE_CURVE('',#5475,#4944,#2432,.T.);
#7313=EDGE_CURVE('',#4943,#5476,#2433,.T.);
#7314=EDGE_CURVE('',#4945,#5474,#2434,.T.);
#7315=EDGE_CURVE('',#4953,#5466,#2435,.T.);
#7316=EDGE_CURVE('',#5465,#4954,#2436,.T.);
#7317=EDGE_CURVE('',#5467,#4952,#2437,.T.);
#7318=EDGE_CURVE('',#5461,#4958,#2438,.T.);
#7319=EDGE_CURVE('',#4957,#5462,#2439,.T.);
#7320=EDGE_CURVE('',#4959,#5460,#2440,.T.);
#7321=EDGE_CURVE('',#5644,#5444,#2441,.T.);
#7322=EDGE_CURVE('',#5443,#5629,#2442,.T.);
#7323=EDGE_CURVE('',#5445,#5643,#2443,.T.);
#7324=EDGE_CURVE('',#5642,#5430,#2444,.T.);
#7325=EDGE_CURVE('',#5636,#5436,#2445,.T.);
#7326=EDGE_CURVE('',#5435,#5637,#2446,.T.);
#7327=EDGE_CURVE('',#5437,#5635,#2447,.T.);
#7328=EDGE_CURVE('',#5634,#5438,#2448,.T.);
#7329=EDGE_CURVE('',#5552,#4867,#2449,.T.);
#7330=EDGE_CURVE('',#4866,#5553,#2450,.T.);
#7331=EDGE_CURVE('',#4868,#5551,#2451,.T.);
#7332=EDGE_CURVE('',#5550,#4869,#2452,.T.);
#7333=EDGE_CURVE('',#5560,#4859,#2453,.T.);
#7334=EDGE_CURVE('',#4858,#5561,#2454,.T.);
#7335=EDGE_CURVE('',#4860,#5559,#2455,.T.);
#7336=EDGE_CURVE('',#5558,#4861,#2456,.T.);
#7337=EDGE_CURVE('',#5431,#5641,#2457,.T.);
#7338=EDGE_CURVE('',#5630,#5442,#2458,.T.);
#7339=EDGE_CURVE('',#5439,#5633,#2459,.T.);
#7340=EDGE_CURVE('',#5638,#5434,#2460,.T.);
#7341=EDGE_CURVE('',#4870,#5549,#2461,.T.);
#7342=EDGE_CURVE('',#5554,#4865,#2462,.T.);
#7343=EDGE_CURVE('',#4862,#5557,#2463,.T.);
#7344=EDGE_CURVE('',#5562,#4857,#2464,.T.);
#7345=EDGE_CURVE('',#5632,#5440,#2465,.T.);
#7346=EDGE_CURVE('',#5441,#5631,#2466,.T.);
#7347=EDGE_CURVE('',#5433,#5639,#2467,.T.);
#7348=EDGE_CURVE('',#5640,#5432,#2468,.T.);
#7349=EDGE_CURVE('',#4856,#5563,#2469,.T.);
#7350=EDGE_CURVE('',#5548,#4871,#2470,.T.);
#7351=EDGE_CURVE('',#4864,#5555,#2471,.T.);
#7352=EDGE_CURVE('',#5556,#4863,#2472,.T.);
#7353=EDGE_CURVE('',#5666,#5408,#2473,.T.);
#7354=EDGE_CURVE('',#5407,#5667,#2474,.T.);
#7355=EDGE_CURVE('',#5409,#5665,#2475,.T.);
#7356=EDGE_CURVE('',#5429,#5646,#2476,.T.);
#7357=EDGE_CURVE('',#5668,#5406,#2477,.T.);
#7358=EDGE_CURVE('',#5645,#5428,#2478,.T.);
#7359=EDGE_CURVE('',#5656,#5418,#2479,.T.);
#7360=EDGE_CURVE('',#5417,#5657,#2480,.T.);
#7361=EDGE_CURVE('',#5419,#5655,#2481,.T.);
#7362=EDGE_CURVE('',#5654,#5420,#2482,.T.);
#7363=EDGE_CURVE('',#5421,#5653,#2483,.T.);
#7364=EDGE_CURVE('',#5423,#5651,#2484,.T.);
#7365=EDGE_CURVE('',#5650,#5424,#2485,.T.);
#7366=EDGE_CURVE('',#5425,#5649,#2486,.T.);
#7367=EDGE_CURVE('',#5648,#5426,#2487,.T.);
#7368=EDGE_CURVE('',#5660,#5414,#2488,.T.);
#7369=EDGE_CURVE('',#5413,#5661,#2489,.T.);
#7370=EDGE_CURVE('',#5662,#5412,#2490,.T.);
#7371=EDGE_CURVE('',#5411,#5663,#2491,.T.);
#7372=EDGE_CURVE('',#5664,#5410,#2492,.T.);
#7373=EDGE_CURVE('',#5415,#5659,#2493,.T.);
#7374=EDGE_CURVE('',#5427,#5647,#2494,.T.);
#7375=EDGE_CURVE('',#5652,#5422,#2495,.T.);
#7376=EDGE_CURVE('',#5658,#5416,#2496,.T.);
#7377=EDGE_CURVE('',#5001,#5599,#2497,.T.);
#7378=EDGE_CURVE('',#5000,#5600,#2498,.T.);
#7379=EDGE_CURVE('',#4999,#5597,#2499,.T.);
#7380=EDGE_CURVE('',#4998,#5598,#2500,.T.);
#7381=EDGE_CURVE('',#5397,#5679,#2501,.T.);
#7382=EDGE_CURVE('',#5396,#5680,#2502,.T.);
#7383=EDGE_CURVE('',#5395,#5677,#2503,.T.);
#7384=EDGE_CURVE('',#5394,#5678,#2504,.T.);
#7385=EDGE_CURVE('',#5393,#5683,#2505,.T.);
#7386=EDGE_CURVE('',#5392,#5684,#2506,.T.);
#7387=EDGE_CURVE('',#5391,#5681,#2507,.T.);
#7388=EDGE_CURVE('',#5390,#5682,#2508,.T.);
#7389=EDGE_CURVE('',#5005,#5603,#2509,.T.);
#7390=EDGE_CURVE('',#5004,#5604,#2510,.T.);
#7391=EDGE_CURVE('',#5003,#5601,#2511,.T.);
#7392=EDGE_CURVE('',#5002,#5602,#2512,.T.);
#7393=EDGE_CURVE('',#5389,#5687,#2513,.T.);
#7394=EDGE_CURVE('',#5388,#5688,#2514,.T.);
#7395=EDGE_CURVE('',#5387,#5685,#2515,.T.);
#7396=EDGE_CURVE('',#5386,#5686,#2516,.T.);
#7397=EDGE_CURVE('',#5385,#5691,#2517,.T.);
#7398=EDGE_CURVE('',#5384,#5692,#2518,.T.);
#7399=EDGE_CURVE('',#5383,#5689,#2519,.T.);
#7400=EDGE_CURVE('',#5382,#5690,#2520,.T.);
#7401=EDGE_CURVE('',#5381,#5695,#2521,.T.);
#7402=EDGE_CURVE('',#5380,#5696,#2522,.T.);
#7403=EDGE_CURVE('',#5379,#5693,#2523,.T.);
#7404=EDGE_CURVE('',#5378,#5694,#2524,.T.);
#7405=EDGE_CURVE('',#5377,#5699,#2525,.T.);
#7406=EDGE_CURVE('',#5376,#5700,#2526,.T.);
#7407=EDGE_CURVE('',#5375,#5697,#2527,.T.);
#7408=EDGE_CURVE('',#5374,#5698,#2528,.T.);
#7409=EDGE_CURVE('',#4903,#5516,#2529,.T.);
#7410=EDGE_CURVE('',#5515,#4904,#2530,.T.);
#7411=EDGE_CURVE('',#5517,#4902,#2531,.T.);
#7412=EDGE_CURVE('',#4905,#5514,#2532,.T.);
#7413=EDGE_CURVE('',#4915,#5504,#2533,.T.);
#7414=EDGE_CURVE('',#5503,#4916,#2534,.T.);
#7415=EDGE_CURVE('',#5505,#4914,#2535,.T.);
#7416=EDGE_CURVE('',#4917,#5502,#2536,.T.);
#7417=EDGE_CURVE('',#5501,#4918,#2537,.T.);
#7418=EDGE_CURVE('',#4919,#5500,#2538,.T.);
#7419=EDGE_CURVE('',#4929,#5490,#2539,.T.);
#7420=EDGE_CURVE('',#5489,#4930,#2540,.T.);
#7421=EDGE_CURVE('',#5491,#4928,#2541,.T.);
#7422=EDGE_CURVE('',#5523,#4896,#2542,.T.);
#7423=EDGE_CURVE('',#4897,#5522,#2543,.T.);
#7424=EDGE_CURVE('',#4887,#5532,#2544,.T.);
#7425=EDGE_CURVE('',#5533,#4886,#2545,.T.);
#7426=EDGE_CURVE('',#4881,#5538,#2546,.T.);
#7427=EDGE_CURVE('',#5537,#4882,#2547,.T.);
#7428=EDGE_CURVE('',#4883,#5536,#2548,.T.);
#7429=EDGE_CURVE('',#5545,#4874,#2549,.T.);
#7430=EDGE_CURVE('',#4873,#5546,#2550,.T.);
#7431=EDGE_CURVE('',#5547,#4872,#2551,.T.);
#7432=EDGE_CURVE('',#4853,#5566,#2552,.T.);
#7433=EDGE_CURVE('',#5565,#4854,#2553,.T.);
#7434=EDGE_CURVE('',#4855,#5564,#2554,.T.);
#7435=EDGE_CURVE('',#5573,#4846,#2555,.T.);
#7436=EDGE_CURVE('',#4845,#5574,#2556,.T.);
#7437=EDGE_CURVE('',#5575,#4844,#2557,.T.);
#7438=EDGE_CURVE('',#4839,#5580,#2558,.T.);
#7439=EDGE_CURVE('',#5579,#4840,#2559,.T.);
#7440=EDGE_CURVE('',#4841,#5578,#2560,.T.);
#7441=EDGE_CURVE('',#5449,#4970,#2561,.T.);
#7442=EDGE_CURVE('',#4969,#5450,#2562,.T.);
#7443=EDGE_CURVE('',#5451,#4968,#2563,.T.);
#7444=EDGE_CURVE('',#5459,#4960,#2564,.T.);
#7445=EDGE_CURVE('',#4961,#5458,#2565,.T.);
#7446=EDGE_CURVE('',#4951,#5468,#2566,.T.);
#7447=EDGE_CURVE('',#5469,#4950,#2567,.T.);
#7448=EDGE_CURVE('',#5473,#4946,#2568,.T.);
#7449=EDGE_CURVE('',#4947,#5472,#2569,.T.);
#7450=EDGE_CURVE('',#4937,#5482,#2570,.T.);
#7451=EDGE_CURVE('',#5483,#4936,#2571,.T.);
#7452=EDGE_CURVE('',#4891,#5528,#2572,.T.);
#7453=EDGE_CURVE('',#5527,#4892,#2573,.T.);
#7454=EDGE_CURVE('',#5463,#4956,#2574,.T.);
#7455=EDGE_CURVE('',#5477,#4942,#2575,.T.);
#7456=EDGE_CURVE('',#4941,#5478,#2576,.T.);
#7457=EDGE_CURVE('',#4955,#5464,#2577,.T.);
#7458=EDGE_CURVE('',#5495,#4924,#2578,.T.);
#7459=EDGE_CURVE('',#5509,#4910,#2579,.T.);
#7460=EDGE_CURVE('',#4909,#5510,#2580,.T.);
#7461=EDGE_CURVE('',#4923,#5496,#2581,.T.);
#7462=EDGE_CURVE('',#5521,#4898,#2582,.T.);
#7463=EDGE_CURVE('',#5520,#4899,#2583,.T.);
#7464=EDGE_CURVE('',#5535,#4884,#2584,.T.);
#7465=EDGE_CURVE('',#4885,#5534,#2585,.T.);
#7466=EDGE_CURVE('',#4967,#5452,#2586,.T.);
#7467=EDGE_CURVE('',#5453,#4966,#2587,.T.);
#7468=EDGE_CURVE('',#5577,#4842,#2588,.T.);
#7469=EDGE_CURVE('',#4843,#5576,#2589,.T.);
#7470=EDGE_CURVE('',#5457,#4962,#2590,.T.);
#7471=EDGE_CURVE('',#5456,#4963,#2591,.T.);
#7472=EDGE_CURVE('',#4935,#5484,#2592,.T.);
#7473=EDGE_CURVE('',#5485,#4934,#2593,.T.);
#7474=EDGE_CURVE('',#4949,#5470,#2594,.T.);
#7475=EDGE_CURVE('',#5471,#4948,#2595,.T.);
#7476=EDGE_CURVE('',#5488,#4931,#2596,.T.);
#7477=EDGE_CURVE('',#4965,#5454,#2597,.T.);
#7478=EDGE_CURVE('',#6045,#5366,#2598,.T.);
#7479=EDGE_CURVE('',#6047,#5373,#2599,.T.);
#7480=EDGE_CURVE('',#6048,#5372,#2600,.T.);
#7481=EDGE_CURVE('',#6049,#5371,#2601,.T.);
#7482=EDGE_CURVE('',#6050,#5370,#2602,.T.);
#7483=EDGE_CURVE('',#6051,#5369,#2603,.T.);
#7484=EDGE_CURVE('',#6052,#5368,#2604,.T.);
#7485=EDGE_CURVE('',#6046,#5367,#2605,.T.);
#7486=EDGE_CURVE('',#6037,#5358,#2606,.T.);
#7487=EDGE_CURVE('',#6039,#5365,#2607,.T.);
#7488=EDGE_CURVE('',#6040,#5364,#2608,.T.);
#7489=EDGE_CURVE('',#6041,#5363,#2609,.T.);
#7490=EDGE_CURVE('',#6042,#5362,#2610,.T.);
#7491=EDGE_CURVE('',#6043,#5361,#2611,.T.);
#7492=EDGE_CURVE('',#6044,#5360,#2612,.T.);
#7493=EDGE_CURVE('',#6038,#5359,#2613,.T.);
#7494=EDGE_CURVE('',#6029,#5350,#2614,.T.);
#7495=EDGE_CURVE('',#6031,#5357,#2615,.T.);
#7496=EDGE_CURVE('',#6032,#5356,#2616,.T.);
#7497=EDGE_CURVE('',#6033,#5355,#2617,.T.);
#7498=EDGE_CURVE('',#6034,#5354,#2618,.T.);
#7499=EDGE_CURVE('',#6035,#5353,#2619,.T.);
#7500=EDGE_CURVE('',#6036,#5352,#2620,.T.);
#7501=EDGE_CURVE('',#6030,#5351,#2621,.T.);
#7502=EDGE_CURVE('',#6021,#5342,#2622,.T.);
#7503=EDGE_CURVE('',#6023,#5349,#2623,.T.);
#7504=EDGE_CURVE('',#6024,#5348,#2624,.T.);
#7505=EDGE_CURVE('',#6025,#5347,#2625,.T.);
#7506=EDGE_CURVE('',#6026,#5346,#2626,.T.);
#7507=EDGE_CURVE('',#6027,#5345,#2627,.T.);
#7508=EDGE_CURVE('',#6028,#5344,#2628,.T.);
#7509=EDGE_CURVE('',#6022,#5343,#2629,.T.);
#7510=EDGE_CURVE('',#6013,#5334,#2630,.T.);
#7511=EDGE_CURVE('',#6015,#5341,#2631,.T.);
#7512=EDGE_CURVE('',#6016,#5340,#2632,.T.);
#7513=EDGE_CURVE('',#6017,#5339,#2633,.T.);
#7514=EDGE_CURVE('',#6018,#5338,#2634,.T.);
#7515=EDGE_CURVE('',#6019,#5337,#2635,.T.);
#7516=EDGE_CURVE('',#6020,#5336,#2636,.T.);
#7517=EDGE_CURVE('',#6014,#5335,#2637,.T.);
#7518=EDGE_CURVE('',#6005,#5326,#2638,.T.);
#7519=EDGE_CURVE('',#6007,#5333,#2639,.T.);
#7520=EDGE_CURVE('',#6008,#5332,#2640,.T.);
#7521=EDGE_CURVE('',#6009,#5331,#2641,.T.);
#7522=EDGE_CURVE('',#6010,#5330,#2642,.T.);
#7523=EDGE_CURVE('',#6011,#5329,#2643,.T.);
#7524=EDGE_CURVE('',#6012,#5328,#2644,.T.);
#7525=EDGE_CURVE('',#6006,#5327,#2645,.T.);
#7526=EDGE_CURVE('',#5997,#5318,#2646,.T.);
#7527=EDGE_CURVE('',#5999,#5325,#2647,.T.);
#7528=EDGE_CURVE('',#6000,#5324,#2648,.T.);
#7529=EDGE_CURVE('',#6001,#5323,#2649,.T.);
#7530=EDGE_CURVE('',#6002,#5322,#2650,.T.);
#7531=EDGE_CURVE('',#6003,#5321,#2651,.T.);
#7532=EDGE_CURVE('',#6004,#5320,#2652,.T.);
#7533=EDGE_CURVE('',#5998,#5319,#2653,.T.);
#7534=EDGE_CURVE('',#5989,#5310,#2654,.T.);
#7535=EDGE_CURVE('',#5991,#5317,#2655,.T.);
#7536=EDGE_CURVE('',#5992,#5316,#2656,.T.);
#7537=EDGE_CURVE('',#5993,#5315,#2657,.T.);
#7538=EDGE_CURVE('',#5994,#5314,#2658,.T.);
#7539=EDGE_CURVE('',#5995,#5313,#2659,.T.);
#7540=EDGE_CURVE('',#5996,#5312,#2660,.T.);
#7541=EDGE_CURVE('',#5990,#5311,#2661,.T.);
#7542=EDGE_CURVE('',#5981,#5302,#2662,.T.);
#7543=EDGE_CURVE('',#5983,#5309,#2663,.T.);
#7544=EDGE_CURVE('',#5984,#5308,#2664,.T.);
#7545=EDGE_CURVE('',#5985,#5307,#2665,.T.);
#7546=EDGE_CURVE('',#5986,#5306,#2666,.T.);
#7547=EDGE_CURVE('',#5987,#5305,#2667,.T.);
#7548=EDGE_CURVE('',#5988,#5304,#2668,.T.);
#7549=EDGE_CURVE('',#5982,#5303,#2669,.T.);
#7550=EDGE_CURVE('',#5973,#5294,#2670,.T.);
#7551=EDGE_CURVE('',#5975,#5301,#2671,.T.);
#7552=EDGE_CURVE('',#5976,#5300,#2672,.T.);
#7553=EDGE_CURVE('',#5977,#5299,#2673,.T.);
#7554=EDGE_CURVE('',#5978,#5298,#2674,.T.);
#7555=EDGE_CURVE('',#5979,#5297,#2675,.T.);
#7556=EDGE_CURVE('',#5980,#5296,#2676,.T.);
#7557=EDGE_CURVE('',#5974,#5295,#2677,.T.);
#7558=EDGE_CURVE('',#5965,#5286,#2678,.T.);
#7559=EDGE_CURVE('',#5967,#5293,#2679,.T.);
#7560=EDGE_CURVE('',#5968,#5292,#2680,.T.);
#7561=EDGE_CURVE('',#5969,#5291,#2681,.T.);
#7562=EDGE_CURVE('',#5970,#5290,#2682,.T.);
#7563=EDGE_CURVE('',#5971,#5289,#2683,.T.);
#7564=EDGE_CURVE('',#5972,#5288,#2684,.T.);
#7565=EDGE_CURVE('',#5966,#5287,#2685,.T.);
#7566=EDGE_CURVE('',#5625,#4979,#2686,.T.);
#7567=EDGE_CURVE('',#5626,#4978,#2687,.T.);
#7568=EDGE_CURVE('',#5627,#4977,#2688,.T.);
#7569=EDGE_CURVE('',#5628,#4976,#2689,.T.);
#7570=EDGE_CURVE('',#5622,#4975,#2690,.T.);
#7571=EDGE_CURVE('',#5621,#4974,#2691,.T.);
#7572=EDGE_CURVE('',#5623,#4981,#2692,.T.);
#7573=EDGE_CURVE('',#5624,#4980,#2693,.T.);
#7574=EDGE_CURVE('',#5617,#4987,#2694,.T.);
#7575=EDGE_CURVE('',#5618,#4986,#2695,.T.);
#7576=EDGE_CURVE('',#5619,#4985,#2696,.T.);
#7577=EDGE_CURVE('',#5620,#4984,#2697,.T.);
#7578=EDGE_CURVE('',#5614,#4983,#2698,.T.);
#7579=EDGE_CURVE('',#5613,#4982,#2699,.T.);
#7580=EDGE_CURVE('',#5615,#4989,#2700,.T.);
#7581=EDGE_CURVE('',#5616,#4988,#2701,.T.);
#7582=EDGE_CURVE('',#5609,#4995,#2702,.T.);
#7583=EDGE_CURVE('',#5610,#4994,#2703,.T.);
#7584=EDGE_CURVE('',#5611,#4993,#2704,.T.);
#7585=EDGE_CURVE('',#5612,#4992,#2705,.T.);
#7586=EDGE_CURVE('',#5606,#4991,#2706,.T.);
#7587=EDGE_CURVE('',#5605,#4990,#2707,.T.);
#7588=EDGE_CURVE('',#5607,#4997,#2708,.T.);
#7589=EDGE_CURVE('',#5608,#4996,#2709,.T.);
#7590=EDGE_CURVE('',#5582,#5007,#2710,.T.);
#7591=EDGE_CURVE('',#5581,#5006,#2711,.T.);
#7592=EDGE_CURVE('',#5583,#5013,#2712,.T.);
#7593=EDGE_CURVE('',#5584,#5012,#2713,.T.);
#7594=EDGE_CURVE('',#5585,#5011,#2714,.T.);
#7595=EDGE_CURVE('',#5586,#5010,#2715,.T.);
#7596=EDGE_CURVE('',#5587,#5009,#2716,.T.);
#7597=EDGE_CURVE('',#5588,#5008,#2717,.T.);
#7598=EDGE_CURVE('',#5590,#5015,#2718,.T.);
#7599=EDGE_CURVE('',#5589,#5014,#2719,.T.);
#7600=EDGE_CURVE('',#5591,#5021,#2720,.T.);
#7601=EDGE_CURVE('',#5592,#5020,#2721,.T.);
#7602=EDGE_CURVE('',#5593,#5019,#2722,.T.);
#7603=EDGE_CURVE('',#5594,#5018,#2723,.T.);
#7604=EDGE_CURVE('',#5595,#5017,#2724,.T.);
#7605=EDGE_CURVE('',#5596,#5016,#2725,.T.);
#7606=EDGE_CURVE('',#5957,#5278,#2726,.T.);
#7607=EDGE_CURVE('',#5959,#5285,#2727,.T.);
#7608=EDGE_CURVE('',#5960,#5284,#2728,.T.);
#7609=EDGE_CURVE('',#5961,#5283,#2729,.T.);
#7610=EDGE_CURVE('',#5962,#5282,#2730,.T.);
#7611=EDGE_CURVE('',#5963,#5281,#2731,.T.);
#7612=EDGE_CURVE('',#5964,#5280,#2732,.T.);
#7613=EDGE_CURVE('',#5958,#5279,#2733,.T.);
#7614=EDGE_CURVE('',#5949,#5270,#2734,.T.);
#7615=EDGE_CURVE('',#5951,#5277,#2735,.T.);
#7616=EDGE_CURVE('',#5952,#5276,#2736,.T.);
#7617=EDGE_CURVE('',#5953,#5275,#2737,.T.);
#7618=EDGE_CURVE('',#5954,#5274,#2738,.T.);
#7619=EDGE_CURVE('',#5955,#5273,#2739,.T.);
#7620=EDGE_CURVE('',#5956,#5272,#2740,.T.);
#7621=EDGE_CURVE('',#5950,#5271,#2741,.T.);
#7622=EDGE_CURVE('',#5941,#5262,#2742,.T.);
#7623=EDGE_CURVE('',#5943,#5269,#2743,.T.);
#7624=EDGE_CURVE('',#5944,#5268,#2744,.T.);
#7625=EDGE_CURVE('',#5945,#5267,#2745,.T.);
#7626=EDGE_CURVE('',#5946,#5266,#2746,.T.);
#7627=EDGE_CURVE('',#5947,#5265,#2747,.T.);
#7628=EDGE_CURVE('',#5948,#5264,#2748,.T.);
#7629=EDGE_CURVE('',#5942,#5263,#2749,.T.);
#7630=EDGE_CURVE('',#5933,#5254,#2750,.T.);
#7631=EDGE_CURVE('',#5935,#5261,#2751,.T.);
#7632=EDGE_CURVE('',#5936,#5260,#2752,.T.);
#7633=EDGE_CURVE('',#5937,#5259,#2753,.T.);
#7634=EDGE_CURVE('',#5938,#5258,#2754,.T.);
#7635=EDGE_CURVE('',#5939,#5257,#2755,.T.);
#7636=EDGE_CURVE('',#5940,#5256,#2756,.T.);
#7637=EDGE_CURVE('',#5934,#5255,#2757,.T.);
#7638=EDGE_CURVE('',#5925,#5246,#2758,.T.);
#7639=EDGE_CURVE('',#5927,#5253,#2759,.T.);
#7640=EDGE_CURVE('',#5928,#5252,#2760,.T.);
#7641=EDGE_CURVE('',#5929,#5251,#2761,.T.);
#7642=EDGE_CURVE('',#5930,#5250,#2762,.T.);
#7643=EDGE_CURVE('',#5931,#5249,#2763,.T.);
#7644=EDGE_CURVE('',#5932,#5248,#2764,.T.);
#7645=EDGE_CURVE('',#5926,#5247,#2765,.T.);
#7646=EDGE_CURVE('',#5917,#5238,#2766,.T.);
#7647=EDGE_CURVE('',#5919,#5245,#2767,.T.);
#7648=EDGE_CURVE('',#5920,#5244,#2768,.T.);
#7649=EDGE_CURVE('',#5921,#5243,#2769,.T.);
#7650=EDGE_CURVE('',#5922,#5242,#2770,.T.);
#7651=EDGE_CURVE('',#5923,#5241,#2771,.T.);
#7652=EDGE_CURVE('',#5924,#5240,#2772,.T.);
#7653=EDGE_CURVE('',#5918,#5239,#2773,.T.);
#7654=EDGE_CURVE('',#5909,#5230,#2774,.T.);
#7655=EDGE_CURVE('',#5911,#5237,#2775,.T.);
#7656=EDGE_CURVE('',#5912,#5236,#2776,.T.);
#7657=EDGE_CURVE('',#5913,#5235,#2777,.T.);
#7658=EDGE_CURVE('',#5914,#5234,#2778,.T.);
#7659=EDGE_CURVE('',#5915,#5233,#2779,.T.);
#7660=EDGE_CURVE('',#5916,#5232,#2780,.T.);
#7661=EDGE_CURVE('',#5910,#5231,#2781,.T.);
#7662=EDGE_CURVE('',#5901,#5222,#2782,.T.);
#7663=EDGE_CURVE('',#5903,#5229,#2783,.T.);
#7664=EDGE_CURVE('',#5904,#5228,#2784,.T.);
#7665=EDGE_CURVE('',#5905,#5227,#2785,.T.);
#7666=EDGE_CURVE('',#5906,#5226,#2786,.T.);
#7667=EDGE_CURVE('',#5907,#5225,#2787,.T.);
#7668=EDGE_CURVE('',#5908,#5224,#2788,.T.);
#7669=EDGE_CURVE('',#5902,#5223,#2789,.T.);
#7670=EDGE_CURVE('',#5893,#5214,#2790,.T.);
#7671=EDGE_CURVE('',#5895,#5221,#2791,.T.);
#7672=EDGE_CURVE('',#5896,#5220,#2792,.T.);
#7673=EDGE_CURVE('',#5897,#5219,#2793,.T.);
#7674=EDGE_CURVE('',#5898,#5218,#2794,.T.);
#7675=EDGE_CURVE('',#5899,#5217,#2795,.T.);
#7676=EDGE_CURVE('',#5900,#5216,#2796,.T.);
#7677=EDGE_CURVE('',#5894,#5215,#2797,.T.);
#7678=EDGE_CURVE('',#5885,#5206,#2798,.T.);
#7679=EDGE_CURVE('',#5887,#5213,#2799,.T.);
#7680=EDGE_CURVE('',#5888,#5212,#2800,.T.);
#7681=EDGE_CURVE('',#5889,#5211,#2801,.T.);
#7682=EDGE_CURVE('',#5890,#5210,#2802,.T.);
#7683=EDGE_CURVE('',#5891,#5209,#2803,.T.);
#7684=EDGE_CURVE('',#5892,#5208,#2804,.T.);
#7685=EDGE_CURVE('',#5886,#5207,#2805,.T.);
#7686=EDGE_CURVE('',#5877,#5198,#2806,.T.);
#7687=EDGE_CURVE('',#5879,#5205,#2807,.T.);
#7688=EDGE_CURVE('',#5880,#5204,#2808,.T.);
#7689=EDGE_CURVE('',#5881,#5203,#2809,.T.);
#7690=EDGE_CURVE('',#5882,#5202,#2810,.T.);
#7691=EDGE_CURVE('',#5883,#5201,#2811,.T.);
#7692=EDGE_CURVE('',#5884,#5200,#2812,.T.);
#7693=EDGE_CURVE('',#5878,#5199,#2813,.T.);
#7694=EDGE_CURVE('',#5869,#5190,#2814,.T.);
#7695=EDGE_CURVE('',#5871,#5197,#2815,.T.);
#7696=EDGE_CURVE('',#5872,#5196,#2816,.T.);
#7697=EDGE_CURVE('',#5873,#5195,#2817,.T.);
#7698=EDGE_CURVE('',#5874,#5194,#2818,.T.);
#7699=EDGE_CURVE('',#5875,#5193,#2819,.T.);
#7700=EDGE_CURVE('',#5876,#5192,#2820,.T.);
#7701=EDGE_CURVE('',#5870,#5191,#2821,.T.);
#7702=EDGE_CURVE('',#5861,#5182,#2822,.T.);
#7703=EDGE_CURVE('',#5863,#5189,#2823,.T.);
#7704=EDGE_CURVE('',#5864,#5188,#2824,.T.);
#7705=EDGE_CURVE('',#5865,#5187,#2825,.T.);
#7706=EDGE_CURVE('',#5866,#5186,#2826,.T.);
#7707=EDGE_CURVE('',#5867,#5185,#2827,.T.);
#7708=EDGE_CURVE('',#5868,#5184,#2828,.T.);
#7709=EDGE_CURVE('',#5862,#5183,#2829,.T.);
#7710=EDGE_CURVE('',#5670,#5399,#2830,.T.);
#7711=EDGE_CURVE('',#5669,#5398,#2831,.T.);
#7712=EDGE_CURVE('',#5671,#5405,#2832,.T.);
#7713=EDGE_CURVE('',#5672,#5404,#2833,.T.);
#7714=EDGE_CURVE('',#5673,#5403,#2834,.T.);
#7715=EDGE_CURVE('',#5674,#5402,#2835,.T.);
#7716=EDGE_CURVE('',#5675,#5401,#2836,.T.);
#7717=EDGE_CURVE('',#5676,#5400,#2837,.T.);
#7718=EDGE_CURVE('',#5853,#5174,#2838,.T.);
#7719=EDGE_CURVE('',#5855,#5181,#2839,.T.);
#7720=EDGE_CURVE('',#5856,#5180,#2840,.T.);
#7721=EDGE_CURVE('',#5857,#5179,#2841,.T.);
#7722=EDGE_CURVE('',#5858,#5178,#2842,.T.);
#7723=EDGE_CURVE('',#5859,#5177,#2843,.T.);
#7724=EDGE_CURVE('',#5860,#5176,#2844,.T.);
#7725=EDGE_CURVE('',#5854,#5175,#2845,.T.);
#7726=EDGE_CURVE('',#5845,#5166,#2846,.T.);
#7727=EDGE_CURVE('',#5847,#5173,#2847,.T.);
#7728=EDGE_CURVE('',#5848,#5172,#2848,.T.);
#7729=EDGE_CURVE('',#5849,#5171,#2849,.T.);
#7730=EDGE_CURVE('',#5850,#5170,#2850,.T.);
#7731=EDGE_CURVE('',#5851,#5169,#2851,.T.);
#7732=EDGE_CURVE('',#5852,#5168,#2852,.T.);
#7733=EDGE_CURVE('',#5846,#5167,#2853,.T.);
#7734=EDGE_CURVE('',#5837,#5158,#2854,.T.);
#7735=EDGE_CURVE('',#5839,#5165,#2855,.T.);
#7736=EDGE_CURVE('',#5840,#5164,#2856,.T.);
#7737=EDGE_CURVE('',#5841,#5163,#2857,.T.);
#7738=EDGE_CURVE('',#5842,#5162,#2858,.T.);
#7739=EDGE_CURVE('',#5843,#5161,#2859,.T.);
#7740=EDGE_CURVE('',#5844,#5160,#2860,.T.);
#7741=EDGE_CURVE('',#5838,#5159,#2861,.T.);
#7742=EDGE_CURVE('',#5829,#5150,#2862,.T.);
#7743=EDGE_CURVE('',#5831,#5157,#2863,.T.);
#7744=EDGE_CURVE('',#5832,#5156,#2864,.T.);
#7745=EDGE_CURVE('',#5833,#5155,#2865,.T.);
#7746=EDGE_CURVE('',#5834,#5154,#2866,.T.);
#7747=EDGE_CURVE('',#5835,#5153,#2867,.T.);
#7748=EDGE_CURVE('',#5836,#5152,#2868,.T.);
#7749=EDGE_CURVE('',#5830,#5151,#2869,.T.);
#7750=EDGE_CURVE('',#5821,#5142,#2870,.T.);
#7751=EDGE_CURVE('',#5823,#5149,#2871,.T.);
#7752=EDGE_CURVE('',#5824,#5148,#2872,.T.);
#7753=EDGE_CURVE('',#5825,#5147,#2873,.T.);
#7754=EDGE_CURVE('',#5826,#5146,#2874,.T.);
#7755=EDGE_CURVE('',#5827,#5145,#2875,.T.);
#7756=EDGE_CURVE('',#5828,#5144,#2876,.T.);
#7757=EDGE_CURVE('',#5822,#5143,#2877,.T.);
#7758=EDGE_CURVE('',#5813,#5134,#2878,.T.);
#7759=EDGE_CURVE('',#5815,#5141,#2879,.T.);
#7760=EDGE_CURVE('',#5816,#5140,#2880,.T.);
#7761=EDGE_CURVE('',#5817,#5139,#2881,.T.);
#7762=EDGE_CURVE('',#5818,#5138,#2882,.T.);
#7763=EDGE_CURVE('',#5819,#5137,#2883,.T.);
#7764=EDGE_CURVE('',#5820,#5136,#2884,.T.);
#7765=EDGE_CURVE('',#5814,#5135,#2885,.T.);
#7766=EDGE_CURVE('',#5805,#5126,#2886,.T.);
#7767=EDGE_CURVE('',#5807,#5133,#2887,.T.);
#7768=EDGE_CURVE('',#5808,#5132,#2888,.T.);
#7769=EDGE_CURVE('',#5809,#5131,#2889,.T.);
#7770=EDGE_CURVE('',#5810,#5130,#2890,.T.);
#7771=EDGE_CURVE('',#5811,#5129,#2891,.T.);
#7772=EDGE_CURVE('',#5812,#5128,#2892,.T.);
#7773=EDGE_CURVE('',#5806,#5127,#2893,.T.);
#7774=EDGE_CURVE('',#5797,#5118,#2894,.T.);
#7775=EDGE_CURVE('',#5799,#5125,#2895,.T.);
#7776=EDGE_CURVE('',#5800,#5124,#2896,.T.);
#7777=EDGE_CURVE('',#5801,#5123,#2897,.T.);
#7778=EDGE_CURVE('',#5802,#5122,#2898,.T.);
#7779=EDGE_CURVE('',#5803,#5121,#2899,.T.);
#7780=EDGE_CURVE('',#5804,#5120,#2900,.T.);
#7781=EDGE_CURVE('',#5798,#5119,#2901,.T.);
#7782=EDGE_CURVE('',#5789,#5110,#2902,.T.);
#7783=EDGE_CURVE('',#5791,#5117,#2903,.T.);
#7784=EDGE_CURVE('',#5792,#5116,#2904,.T.);
#7785=EDGE_CURVE('',#5793,#5115,#2905,.T.);
#7786=EDGE_CURVE('',#5794,#5114,#2906,.T.);
#7787=EDGE_CURVE('',#5795,#5113,#2907,.T.);
#7788=EDGE_CURVE('',#5796,#5112,#2908,.T.);
#7789=EDGE_CURVE('',#5790,#5111,#2909,.T.);
#7790=EDGE_CURVE('',#5781,#5102,#2910,.T.);
#7791=EDGE_CURVE('',#5783,#5109,#2911,.T.);
#7792=EDGE_CURVE('',#5784,#5108,#2912,.T.);
#7793=EDGE_CURVE('',#5785,#5107,#2913,.T.);
#7794=EDGE_CURVE('',#5786,#5106,#2914,.T.);
#7795=EDGE_CURVE('',#5787,#5105,#2915,.T.);
#7796=EDGE_CURVE('',#5788,#5104,#2916,.T.);
#7797=EDGE_CURVE('',#5782,#5103,#2917,.T.);
#7798=EDGE_CURVE('',#5773,#5094,#2918,.T.);
#7799=EDGE_CURVE('',#5775,#5101,#2919,.T.);
#7800=EDGE_CURVE('',#5776,#5100,#2920,.T.);
#7801=EDGE_CURVE('',#5777,#5099,#2921,.T.);
#7802=EDGE_CURVE('',#5778,#5098,#2922,.T.);
#7803=EDGE_CURVE('',#5779,#5097,#2923,.T.);
#7804=EDGE_CURVE('',#5780,#5096,#2924,.T.);
#7805=EDGE_CURVE('',#5774,#5095,#2925,.T.);
#7806=EDGE_CURVE('',#5765,#5086,#2926,.T.);
#7807=EDGE_CURVE('',#5767,#5093,#2927,.T.);
#7808=EDGE_CURVE('',#5768,#5092,#2928,.T.);
#7809=EDGE_CURVE('',#5769,#5091,#2929,.T.);
#7810=EDGE_CURVE('',#5770,#5090,#2930,.T.);
#7811=EDGE_CURVE('',#5771,#5089,#2931,.T.);
#7812=EDGE_CURVE('',#5772,#5088,#2932,.T.);
#7813=EDGE_CURVE('',#5766,#5087,#2933,.T.);
#7814=EDGE_CURVE('',#5757,#5078,#2934,.T.);
#7815=EDGE_CURVE('',#5759,#5085,#2935,.T.);
#7816=EDGE_CURVE('',#5760,#5084,#2936,.T.);
#7817=EDGE_CURVE('',#5761,#5083,#2937,.T.);
#7818=EDGE_CURVE('',#5762,#5082,#2938,.T.);
#7819=EDGE_CURVE('',#5763,#5081,#2939,.T.);
#7820=EDGE_CURVE('',#5764,#5080,#2940,.T.);
#7821=EDGE_CURVE('',#5758,#5079,#2941,.T.);
#7822=EDGE_CURVE('',#5749,#5070,#2942,.T.);
#7823=EDGE_CURVE('',#5751,#5077,#2943,.T.);
#7824=EDGE_CURVE('',#5752,#5076,#2944,.T.);
#7825=EDGE_CURVE('',#5753,#5075,#2945,.T.);
#7826=EDGE_CURVE('',#5754,#5074,#2946,.T.);
#7827=EDGE_CURVE('',#5755,#5073,#2947,.T.);
#7828=EDGE_CURVE('',#5756,#5072,#2948,.T.);
#7829=EDGE_CURVE('',#5750,#5071,#2949,.T.);
#7830=EDGE_CURVE('',#5741,#5062,#2950,.T.);
#7831=EDGE_CURVE('',#5743,#5069,#2951,.T.);
#7832=EDGE_CURVE('',#5744,#5068,#2952,.T.);
#7833=EDGE_CURVE('',#5745,#5067,#2953,.T.);
#7834=EDGE_CURVE('',#5746,#5066,#2954,.T.);
#7835=EDGE_CURVE('',#5747,#5065,#2955,.T.);
#7836=EDGE_CURVE('',#5748,#5064,#2956,.T.);
#7837=EDGE_CURVE('',#5742,#5063,#2957,.T.);
#7838=EDGE_CURVE('',#5733,#5054,#2958,.T.);
#7839=EDGE_CURVE('',#5735,#5061,#2959,.T.);
#7840=EDGE_CURVE('',#5736,#5060,#2960,.T.);
#7841=EDGE_CURVE('',#5737,#5059,#2961,.T.);
#7842=EDGE_CURVE('',#5738,#5058,#2962,.T.);
#7843=EDGE_CURVE('',#5739,#5057,#2963,.T.);
#7844=EDGE_CURVE('',#5740,#5056,#2964,.T.);
#7845=EDGE_CURVE('',#5734,#5055,#2965,.T.);
#7846=EDGE_CURVE('',#5725,#5046,#2966,.T.);
#7847=EDGE_CURVE('',#5727,#5053,#2967,.T.);
#7848=EDGE_CURVE('',#5728,#5052,#2968,.T.);
#7849=EDGE_CURVE('',#5729,#5051,#2969,.T.);
#7850=EDGE_CURVE('',#5730,#5050,#2970,.T.);
#7851=EDGE_CURVE('',#5731,#5049,#2971,.T.);
#7852=EDGE_CURVE('',#5732,#5048,#2972,.T.);
#7853=EDGE_CURVE('',#5726,#5047,#2973,.T.);
#7854=EDGE_CURVE('',#5717,#5038,#2974,.T.);
#7855=EDGE_CURVE('',#5719,#5045,#2975,.T.);
#7856=EDGE_CURVE('',#5720,#5044,#2976,.T.);
#7857=EDGE_CURVE('',#5721,#5043,#2977,.T.);
#7858=EDGE_CURVE('',#5722,#5042,#2978,.T.);
#7859=EDGE_CURVE('',#5723,#5041,#2979,.T.);
#7860=EDGE_CURVE('',#5724,#5040,#2980,.T.);
#7861=EDGE_CURVE('',#5718,#5039,#2981,.T.);
#7862=EDGE_CURVE('',#5709,#5030,#2982,.T.);
#7863=EDGE_CURVE('',#5711,#5037,#2983,.T.);
#7864=EDGE_CURVE('',#5712,#5036,#2984,.T.);
#7865=EDGE_CURVE('',#5713,#5035,#2985,.T.);
#7866=EDGE_CURVE('',#5714,#5034,#2986,.T.);
#7867=EDGE_CURVE('',#5715,#5033,#2987,.T.);
#7868=EDGE_CURVE('',#5716,#5032,#2988,.T.);
#7869=EDGE_CURVE('',#5710,#5031,#2989,.T.);
#7870=EDGE_CURVE('',#5701,#5022,#2990,.T.);
#7871=EDGE_CURVE('',#5703,#5029,#2991,.T.);
#7872=EDGE_CURVE('',#5704,#5028,#2992,.T.);
#7873=EDGE_CURVE('',#5705,#5027,#2993,.T.);
#7874=EDGE_CURVE('',#5706,#5026,#2994,.T.);
#7875=EDGE_CURVE('',#5707,#5025,#2995,.T.);
#7876=EDGE_CURVE('',#5708,#5024,#2996,.T.);
#7877=EDGE_CURVE('',#5702,#5023,#2997,.T.);
#7878=EDGE_CURVE('',#5455,#4964,#2998,.T.);
#7879=EDGE_CURVE('',#5486,#4933,#2999,.T.);
#7880=EDGE_CURVE('',#5487,#4932,#3000,.T.);
#7881=EDGE_CURVE('',#5518,#4901,#3001,.T.);
#7882=EDGE_CURVE('',#5519,#4900,#3002,.T.);
#7883=ORIENTED_EDGE('',*,*,#6053,.T.);
#7884=ORIENTED_EDGE('',*,*,#6054,.T.);
#7885=ORIENTED_EDGE('',*,*,#6055,.T.);
#7886=ORIENTED_EDGE('',*,*,#6056,.T.);
#7887=ORIENTED_EDGE('',*,*,#6056,.F.);
#7888=ORIENTED_EDGE('',*,*,#6057,.F.);
#7889=ORIENTED_EDGE('',*,*,#6058,.F.);
#7890=ORIENTED_EDGE('',*,*,#6059,.T.);
#7891=ORIENTED_EDGE('',*,*,#6055,.F.);
#7892=ORIENTED_EDGE('',*,*,#6060,.F.);
#7893=ORIENTED_EDGE('',*,*,#6061,.F.);
#7894=ORIENTED_EDGE('',*,*,#6062,.F.);
#7895=ORIENTED_EDGE('',*,*,#6063,.F.);
#7896=ORIENTED_EDGE('',*,*,#6064,.T.);
#7897=ORIENTED_EDGE('',*,*,#6065,.F.);
#7898=ORIENTED_EDGE('',*,*,#6066,.T.);
#7899=ORIENTED_EDGE('',*,*,#6067,.F.);
#7900=ORIENTED_EDGE('',*,*,#6068,.F.);
#7901=ORIENTED_EDGE('',*,*,#6069,.F.);
#7902=ORIENTED_EDGE('',*,*,#6070,.F.);
#7903=ORIENTED_EDGE('',*,*,#6071,.T.);
#7904=ORIENTED_EDGE('',*,*,#6072,.T.);
#7905=ORIENTED_EDGE('',*,*,#6073,.F.);
#7906=ORIENTED_EDGE('',*,*,#6074,.F.);
#7907=ORIENTED_EDGE('',*,*,#6075,.F.);
#7908=ORIENTED_EDGE('',*,*,#6076,.F.);
#7909=ORIENTED_EDGE('',*,*,#6077,.F.);
#7910=ORIENTED_EDGE('',*,*,#6078,.F.);
#7911=ORIENTED_EDGE('',*,*,#6079,.T.);
#7912=ORIENTED_EDGE('',*,*,#6080,.F.);
#7913=ORIENTED_EDGE('',*,*,#6081,.T.);
#7914=ORIENTED_EDGE('',*,*,#6082,.F.);
#7915=ORIENTED_EDGE('',*,*,#6083,.T.);
#7916=ORIENTED_EDGE('',*,*,#6084,.F.);
#7917=ORIENTED_EDGE('',*,*,#6085,.T.);
#7918=ORIENTED_EDGE('',*,*,#6086,.F.);
#7919=ORIENTED_EDGE('',*,*,#6087,.T.);
#7920=ORIENTED_EDGE('',*,*,#6088,.F.);
#7921=ORIENTED_EDGE('',*,*,#6089,.T.);
#7922=ORIENTED_EDGE('',*,*,#6090,.F.);
#7923=ORIENTED_EDGE('',*,*,#6091,.T.);
#7924=ORIENTED_EDGE('',*,*,#6092,.F.);
#7925=ORIENTED_EDGE('',*,*,#6093,.F.);
#7926=ORIENTED_EDGE('',*,*,#6094,.T.);
#7927=ORIENTED_EDGE('',*,*,#6095,.F.);
#7928=ORIENTED_EDGE('',*,*,#6096,.F.);
#7929=ORIENTED_EDGE('',*,*,#6097,.F.);
#7930=ORIENTED_EDGE('',*,*,#6098,.F.);
#7931=ORIENTED_EDGE('',*,*,#6099,.T.);
#7932=ORIENTED_EDGE('',*,*,#6100,.T.);
#7933=ORIENTED_EDGE('',*,*,#6101,.F.);
#7934=ORIENTED_EDGE('',*,*,#6102,.F.);
#7935=ORIENTED_EDGE('',*,*,#6103,.F.);
#7936=ORIENTED_EDGE('',*,*,#6104,.F.);
#7937=ORIENTED_EDGE('',*,*,#6105,.F.);
#7938=ORIENTED_EDGE('',*,*,#6106,.T.);
#7939=ORIENTED_EDGE('',*,*,#6107,.F.);
#7940=ORIENTED_EDGE('',*,*,#6108,.T.);
#7941=ORIENTED_EDGE('',*,*,#6109,.F.);
#7942=ORIENTED_EDGE('',*,*,#6110,.F.);
#7943=ORIENTED_EDGE('',*,*,#6111,.F.);
#7944=ORIENTED_EDGE('',*,*,#6112,.F.);
#7945=ORIENTED_EDGE('',*,*,#6113,.T.);
#7946=ORIENTED_EDGE('',*,*,#6114,.T.);
#7947=ORIENTED_EDGE('',*,*,#6115,.F.);
#7948=ORIENTED_EDGE('',*,*,#6116,.F.);
#7949=ORIENTED_EDGE('',*,*,#6117,.F.);
#7950=ORIENTED_EDGE('',*,*,#6118,.F.);
#7951=ORIENTED_EDGE('',*,*,#6119,.F.);
#7952=ORIENTED_EDGE('',*,*,#6120,.T.);
#7953=ORIENTED_EDGE('',*,*,#6121,.T.);
#7954=ORIENTED_EDGE('',*,*,#6122,.T.);
#7955=ORIENTED_EDGE('',*,*,#6123,.T.);
#7956=ORIENTED_EDGE('',*,*,#6124,.T.);
#7957=ORIENTED_EDGE('',*,*,#6125,.F.);
#7958=ORIENTED_EDGE('',*,*,#6126,.T.);
#7959=ORIENTED_EDGE('',*,*,#6127,.F.);
#7960=ORIENTED_EDGE('',*,*,#6128,.F.);
#7961=ORIENTED_EDGE('',*,*,#6129,.F.);
#7962=ORIENTED_EDGE('',*,*,#6130,.F.);
#7963=ORIENTED_EDGE('',*,*,#6131,.T.);
#7964=ORIENTED_EDGE('',*,*,#6132,.T.);
#7965=ORIENTED_EDGE('',*,*,#6133,.F.);
#7966=ORIENTED_EDGE('',*,*,#6134,.F.);
#7967=ORIENTED_EDGE('',*,*,#6135,.F.);
#7968=ORIENTED_EDGE('',*,*,#6136,.F.);
#7969=ORIENTED_EDGE('',*,*,#6137,.F.);
#7970=ORIENTED_EDGE('',*,*,#6138,.T.);
#7971=ORIENTED_EDGE('',*,*,#6139,.F.);
#7972=ORIENTED_EDGE('',*,*,#6140,.T.);
#7973=ORIENTED_EDGE('',*,*,#6141,.F.);
#7974=ORIENTED_EDGE('',*,*,#6142,.T.);
#7975=ORIENTED_EDGE('',*,*,#6143,.F.);
#7976=ORIENTED_EDGE('',*,*,#6144,.F.);
#7977=ORIENTED_EDGE('',*,*,#6145,.T.);
#7978=ORIENTED_EDGE('',*,*,#6146,.T.);
#7979=ORIENTED_EDGE('',*,*,#6147,.F.);
#7980=ORIENTED_EDGE('',*,*,#6148,.F.);
#7981=ORIENTED_EDGE('',*,*,#6149,.F.);
#7982=ORIENTED_EDGE('',*,*,#6150,.F.);
#7983=ORIENTED_EDGE('',*,*,#6151,.F.);
#7984=ORIENTED_EDGE('',*,*,#6152,.T.);
#7985=ORIENTED_EDGE('',*,*,#6153,.T.);
#7986=ORIENTED_EDGE('',*,*,#6154,.T.);
#7987=ORIENTED_EDGE('',*,*,#6155,.T.);
#7988=ORIENTED_EDGE('',*,*,#6156,.T.);
#7989=ORIENTED_EDGE('',*,*,#6157,.F.);
#7990=ORIENTED_EDGE('',*,*,#6158,.T.);
#7991=ORIENTED_EDGE('',*,*,#6159,.F.);
#7992=ORIENTED_EDGE('',*,*,#6160,.F.);
#7993=ORIENTED_EDGE('',*,*,#6161,.F.);
#7994=ORIENTED_EDGE('',*,*,#6162,.F.);
#7995=ORIENTED_EDGE('',*,*,#6163,.T.);
#7996=ORIENTED_EDGE('',*,*,#6164,.T.);
#7997=ORIENTED_EDGE('',*,*,#6165,.F.);
#7998=ORIENTED_EDGE('',*,*,#6166,.F.);
#7999=ORIENTED_EDGE('',*,*,#6167,.F.);
#8000=ORIENTED_EDGE('',*,*,#6168,.F.);
#8001=ORIENTED_EDGE('',*,*,#6169,.F.);
#8002=ORIENTED_EDGE('',*,*,#6170,.T.);
#8003=ORIENTED_EDGE('',*,*,#6171,.F.);
#8004=ORIENTED_EDGE('',*,*,#6172,.T.);
#8005=ORIENTED_EDGE('',*,*,#6173,.F.);
#8006=ORIENTED_EDGE('',*,*,#6174,.F.);
#8007=ORIENTED_EDGE('',*,*,#6175,.F.);
#8008=ORIENTED_EDGE('',*,*,#6176,.F.);
#8009=ORIENTED_EDGE('',*,*,#6177,.T.);
#8010=ORIENTED_EDGE('',*,*,#6178,.T.);
#8011=ORIENTED_EDGE('',*,*,#6179,.F.);
#8012=ORIENTED_EDGE('',*,*,#6180,.F.);
#8013=ORIENTED_EDGE('',*,*,#6181,.F.);
#8014=ORIENTED_EDGE('',*,*,#6182,.F.);
#8015=ORIENTED_EDGE('',*,*,#6183,.F.);
#8016=ORIENTED_EDGE('',*,*,#6184,.T.);
#8017=ORIENTED_EDGE('',*,*,#6185,.T.);
#8018=ORIENTED_EDGE('',*,*,#6186,.T.);
#8019=ORIENTED_EDGE('',*,*,#6187,.F.);
#8020=ORIENTED_EDGE('',*,*,#6188,.T.);
#8021=ORIENTED_EDGE('',*,*,#6189,.F.);
#8022=ORIENTED_EDGE('',*,*,#6190,.T.);
#8023=ORIENTED_EDGE('',*,*,#6191,.F.);
#8024=ORIENTED_EDGE('',*,*,#6192,.F.);
#8025=ORIENTED_EDGE('',*,*,#6193,.F.);
#8026=ORIENTED_EDGE('',*,*,#6194,.F.);
#8027=ORIENTED_EDGE('',*,*,#6195,.T.);
#8028=ORIENTED_EDGE('',*,*,#6057,.T.);
#8029=ORIENTED_EDGE('',*,*,#6196,.T.);
#8030=ORIENTED_EDGE('',*,*,#6197,.T.);
#8031=ORIENTED_EDGE('',*,*,#6198,.T.);
#8032=ORIENTED_EDGE('',*,*,#6199,.T.);
#8033=ORIENTED_EDGE('',*,*,#6200,.T.);
#8034=ORIENTED_EDGE('',*,*,#6201,.T.);
#8035=ORIENTED_EDGE('',*,*,#6202,.T.);
#8036=ORIENTED_EDGE('',*,*,#6203,.T.);
#8037=ORIENTED_EDGE('',*,*,#6204,.T.);
#8038=ORIENTED_EDGE('',*,*,#6205,.T.);
#8039=ORIENTED_EDGE('',*,*,#6206,.T.);
#8040=ORIENTED_EDGE('',*,*,#6207,.T.);
#8041=ORIENTED_EDGE('',*,*,#6208,.T.);
#8042=ORIENTED_EDGE('',*,*,#6209,.T.);
#8043=ORIENTED_EDGE('',*,*,#6210,.T.);
#8044=ORIENTED_EDGE('',*,*,#6211,.T.);
#8045=ORIENTED_EDGE('',*,*,#6212,.T.);
#8046=ORIENTED_EDGE('',*,*,#6213,.T.);
#8047=ORIENTED_EDGE('',*,*,#6214,.T.);
#8048=ORIENTED_EDGE('',*,*,#6215,.T.);
#8049=ORIENTED_EDGE('',*,*,#6216,.T.);
#8050=ORIENTED_EDGE('',*,*,#6217,.T.);
#8051=ORIENTED_EDGE('',*,*,#6218,.T.);
#8052=ORIENTED_EDGE('',*,*,#6219,.T.);
#8053=ORIENTED_EDGE('',*,*,#6220,.T.);
#8054=ORIENTED_EDGE('',*,*,#6221,.T.);
#8055=ORIENTED_EDGE('',*,*,#6222,.T.);
#8056=ORIENTED_EDGE('',*,*,#6223,.T.);
#8057=ORIENTED_EDGE('',*,*,#6224,.T.);
#8058=ORIENTED_EDGE('',*,*,#6225,.T.);
#8059=ORIENTED_EDGE('',*,*,#6226,.T.);
#8060=ORIENTED_EDGE('',*,*,#6227,.T.);
#8061=ORIENTED_EDGE('',*,*,#6228,.T.);
#8062=ORIENTED_EDGE('',*,*,#6229,.T.);
#8063=ORIENTED_EDGE('',*,*,#6230,.T.);
#8064=ORIENTED_EDGE('',*,*,#6231,.T.);
#8065=ORIENTED_EDGE('',*,*,#6232,.T.);
#8066=ORIENTED_EDGE('',*,*,#6233,.T.);
#8067=ORIENTED_EDGE('',*,*,#6234,.T.);
#8068=ORIENTED_EDGE('',*,*,#6235,.T.);
#8069=ORIENTED_EDGE('',*,*,#6236,.T.);
#8070=ORIENTED_EDGE('',*,*,#6237,.T.);
#8071=ORIENTED_EDGE('',*,*,#6238,.T.);
#8072=ORIENTED_EDGE('',*,*,#6239,.T.);
#8073=ORIENTED_EDGE('',*,*,#6240,.T.);
#8074=ORIENTED_EDGE('',*,*,#6241,.T.);
#8075=ORIENTED_EDGE('',*,*,#6242,.T.);
#8076=ORIENTED_EDGE('',*,*,#6243,.T.);
#8077=ORIENTED_EDGE('',*,*,#6244,.T.);
#8078=ORIENTED_EDGE('',*,*,#6245,.T.);
#8079=ORIENTED_EDGE('',*,*,#6246,.T.);
#8080=ORIENTED_EDGE('',*,*,#6247,.T.);
#8081=ORIENTED_EDGE('',*,*,#6248,.T.);
#8082=ORIENTED_EDGE('',*,*,#6249,.T.);
#8083=ORIENTED_EDGE('',*,*,#6250,.T.);
#8084=ORIENTED_EDGE('',*,*,#6251,.T.);
#8085=ORIENTED_EDGE('',*,*,#6252,.T.);
#8086=ORIENTED_EDGE('',*,*,#6253,.T.);
#8087=ORIENTED_EDGE('',*,*,#6254,.T.);
#8088=ORIENTED_EDGE('',*,*,#6255,.T.);
#8089=ORIENTED_EDGE('',*,*,#6256,.T.);
#8090=ORIENTED_EDGE('',*,*,#6257,.T.);
#8091=ORIENTED_EDGE('',*,*,#6258,.T.);
#8092=ORIENTED_EDGE('',*,*,#6259,.T.);
#8093=ORIENTED_EDGE('',*,*,#6260,.T.);
#8094=ORIENTED_EDGE('',*,*,#6261,.T.);
#8095=ORIENTED_EDGE('',*,*,#6262,.T.);
#8096=ORIENTED_EDGE('',*,*,#6263,.T.);
#8097=ORIENTED_EDGE('',*,*,#6264,.T.);
#8098=ORIENTED_EDGE('',*,*,#6265,.T.);
#8099=ORIENTED_EDGE('',*,*,#6266,.T.);
#8100=ORIENTED_EDGE('',*,*,#6267,.T.);
#8101=ORIENTED_EDGE('',*,*,#6268,.T.);
#8102=ORIENTED_EDGE('',*,*,#6269,.T.);
#8103=ORIENTED_EDGE('',*,*,#6270,.T.);
#8104=ORIENTED_EDGE('',*,*,#6271,.T.);
#8105=ORIENTED_EDGE('',*,*,#6272,.T.);
#8106=ORIENTED_EDGE('',*,*,#6273,.T.);
#8107=ORIENTED_EDGE('',*,*,#6274,.T.);
#8108=ORIENTED_EDGE('',*,*,#6275,.T.);
#8109=ORIENTED_EDGE('',*,*,#6276,.T.);
#8110=ORIENTED_EDGE('',*,*,#6277,.T.);
#8111=ORIENTED_EDGE('',*,*,#6278,.T.);
#8112=ORIENTED_EDGE('',*,*,#6279,.T.);
#8113=ORIENTED_EDGE('',*,*,#6280,.T.);
#8114=ORIENTED_EDGE('',*,*,#6281,.T.);
#8115=ORIENTED_EDGE('',*,*,#6282,.T.);
#8116=ORIENTED_EDGE('',*,*,#6283,.T.);
#8117=ORIENTED_EDGE('',*,*,#6284,.T.);
#8118=ORIENTED_EDGE('',*,*,#6285,.T.);
#8119=ORIENTED_EDGE('',*,*,#6286,.T.);
#8120=ORIENTED_EDGE('',*,*,#6287,.T.);
#8121=ORIENTED_EDGE('',*,*,#6288,.T.);
#8122=ORIENTED_EDGE('',*,*,#6289,.T.);
#8123=ORIENTED_EDGE('',*,*,#6290,.T.);
#8124=ORIENTED_EDGE('',*,*,#6291,.T.);
#8125=ORIENTED_EDGE('',*,*,#6292,.T.);
#8126=ORIENTED_EDGE('',*,*,#6293,.T.);
#8127=ORIENTED_EDGE('',*,*,#6294,.T.);
#8128=ORIENTED_EDGE('',*,*,#6295,.T.);
#8129=ORIENTED_EDGE('',*,*,#6296,.T.);
#8130=ORIENTED_EDGE('',*,*,#6297,.T.);
#8131=ORIENTED_EDGE('',*,*,#6298,.T.);
#8132=ORIENTED_EDGE('',*,*,#6299,.T.);
#8133=ORIENTED_EDGE('',*,*,#6300,.T.);
#8134=ORIENTED_EDGE('',*,*,#6301,.T.);
#8135=ORIENTED_EDGE('',*,*,#6302,.T.);
#8136=ORIENTED_EDGE('',*,*,#6303,.T.);
#8137=ORIENTED_EDGE('',*,*,#6304,.T.);
#8138=ORIENTED_EDGE('',*,*,#6305,.T.);
#8139=ORIENTED_EDGE('',*,*,#6306,.T.);
#8140=ORIENTED_EDGE('',*,*,#6307,.T.);
#8141=ORIENTED_EDGE('',*,*,#6308,.T.);
#8142=ORIENTED_EDGE('',*,*,#6309,.T.);
#8143=ORIENTED_EDGE('',*,*,#6310,.T.);
#8144=ORIENTED_EDGE('',*,*,#6311,.T.);
#8145=ORIENTED_EDGE('',*,*,#6312,.T.);
#8146=ORIENTED_EDGE('',*,*,#6313,.T.);
#8147=ORIENTED_EDGE('',*,*,#6314,.T.);
#8148=ORIENTED_EDGE('',*,*,#6315,.T.);
#8149=ORIENTED_EDGE('',*,*,#6316,.T.);
#8150=ORIENTED_EDGE('',*,*,#6317,.T.);
#8151=ORIENTED_EDGE('',*,*,#6318,.T.);
#8152=ORIENTED_EDGE('',*,*,#6319,.T.);
#8153=ORIENTED_EDGE('',*,*,#6320,.T.);
#8154=ORIENTED_EDGE('',*,*,#6321,.T.);
#8155=ORIENTED_EDGE('',*,*,#6322,.T.);
#8156=ORIENTED_EDGE('',*,*,#6323,.T.);
#8157=ORIENTED_EDGE('',*,*,#6324,.T.);
#8158=ORIENTED_EDGE('',*,*,#6325,.T.);
#8159=ORIENTED_EDGE('',*,*,#6326,.T.);
#8160=ORIENTED_EDGE('',*,*,#6327,.T.);
#8161=ORIENTED_EDGE('',*,*,#6328,.T.);
#8162=ORIENTED_EDGE('',*,*,#6329,.T.);
#8163=ORIENTED_EDGE('',*,*,#6330,.T.);
#8164=ORIENTED_EDGE('',*,*,#6331,.T.);
#8165=ORIENTED_EDGE('',*,*,#6332,.T.);
#8166=ORIENTED_EDGE('',*,*,#6333,.T.);
#8167=ORIENTED_EDGE('',*,*,#6334,.T.);
#8168=ORIENTED_EDGE('',*,*,#6335,.T.);
#8169=ORIENTED_EDGE('',*,*,#6336,.T.);
#8170=ORIENTED_EDGE('',*,*,#6337,.T.);
#8171=ORIENTED_EDGE('',*,*,#6338,.T.);
#8172=ORIENTED_EDGE('',*,*,#6339,.T.);
#8173=ORIENTED_EDGE('',*,*,#6340,.T.);
#8174=ORIENTED_EDGE('',*,*,#6341,.T.);
#8175=ORIENTED_EDGE('',*,*,#6342,.T.);
#8176=ORIENTED_EDGE('',*,*,#6343,.T.);
#8177=ORIENTED_EDGE('',*,*,#6344,.T.);
#8178=ORIENTED_EDGE('',*,*,#6345,.T.);
#8179=ORIENTED_EDGE('',*,*,#6346,.T.);
#8180=ORIENTED_EDGE('',*,*,#6347,.T.);
#8181=ORIENTED_EDGE('',*,*,#6348,.T.);
#8182=ORIENTED_EDGE('',*,*,#6349,.T.);
#8183=ORIENTED_EDGE('',*,*,#6350,.T.);
#8184=ORIENTED_EDGE('',*,*,#6351,.T.);
#8185=ORIENTED_EDGE('',*,*,#6352,.T.);
#8186=ORIENTED_EDGE('',*,*,#6353,.T.);
#8187=ORIENTED_EDGE('',*,*,#6354,.T.);
#8188=ORIENTED_EDGE('',*,*,#6355,.T.);
#8189=ORIENTED_EDGE('',*,*,#6356,.T.);
#8190=ORIENTED_EDGE('',*,*,#6357,.T.);
#8191=ORIENTED_EDGE('',*,*,#6358,.T.);
#8192=ORIENTED_EDGE('',*,*,#6359,.T.);
#8193=ORIENTED_EDGE('',*,*,#6360,.T.);
#8194=ORIENTED_EDGE('',*,*,#6361,.T.);
#8195=ORIENTED_EDGE('',*,*,#6362,.T.);
#8196=ORIENTED_EDGE('',*,*,#6363,.T.);
#8197=ORIENTED_EDGE('',*,*,#6364,.T.);
#8198=ORIENTED_EDGE('',*,*,#6365,.T.);
#8199=ORIENTED_EDGE('',*,*,#6366,.T.);
#8200=ORIENTED_EDGE('',*,*,#6367,.T.);
#8201=ORIENTED_EDGE('',*,*,#6368,.T.);
#8202=ORIENTED_EDGE('',*,*,#6369,.T.);
#8203=ORIENTED_EDGE('',*,*,#6370,.T.);
#8204=ORIENTED_EDGE('',*,*,#6371,.T.);
#8205=ORIENTED_EDGE('',*,*,#6372,.T.);
#8206=ORIENTED_EDGE('',*,*,#6373,.T.);
#8207=ORIENTED_EDGE('',*,*,#6374,.T.);
#8208=ORIENTED_EDGE('',*,*,#6375,.T.);
#8209=ORIENTED_EDGE('',*,*,#6376,.T.);
#8210=ORIENTED_EDGE('',*,*,#6377,.T.);
#8211=ORIENTED_EDGE('',*,*,#6378,.T.);
#8212=ORIENTED_EDGE('',*,*,#6379,.T.);
#8213=ORIENTED_EDGE('',*,*,#6380,.T.);
#8214=ORIENTED_EDGE('',*,*,#6381,.T.);
#8215=ORIENTED_EDGE('',*,*,#6382,.T.);
#8216=ORIENTED_EDGE('',*,*,#6383,.T.);
#8217=ORIENTED_EDGE('',*,*,#6384,.T.);
#8218=ORIENTED_EDGE('',*,*,#6385,.T.);
#8219=ORIENTED_EDGE('',*,*,#6386,.T.);
#8220=ORIENTED_EDGE('',*,*,#6387,.T.);
#8221=ORIENTED_EDGE('',*,*,#6388,.T.);
#8222=ORIENTED_EDGE('',*,*,#6389,.T.);
#8223=ORIENTED_EDGE('',*,*,#6390,.T.);
#8224=ORIENTED_EDGE('',*,*,#6391,.T.);
#8225=ORIENTED_EDGE('',*,*,#6392,.T.);
#8226=ORIENTED_EDGE('',*,*,#6393,.T.);
#8227=ORIENTED_EDGE('',*,*,#6394,.T.);
#8228=ORIENTED_EDGE('',*,*,#6395,.T.);
#8229=ORIENTED_EDGE('',*,*,#6396,.T.);
#8230=ORIENTED_EDGE('',*,*,#6397,.T.);
#8231=ORIENTED_EDGE('',*,*,#6398,.T.);
#8232=ORIENTED_EDGE('',*,*,#6399,.T.);
#8233=ORIENTED_EDGE('',*,*,#6400,.T.);
#8234=ORIENTED_EDGE('',*,*,#6401,.T.);
#8235=ORIENTED_EDGE('',*,*,#6402,.T.);
#8236=ORIENTED_EDGE('',*,*,#6403,.T.);
#8237=ORIENTED_EDGE('',*,*,#6404,.T.);
#8238=ORIENTED_EDGE('',*,*,#6405,.T.);
#8239=ORIENTED_EDGE('',*,*,#6406,.T.);
#8240=ORIENTED_EDGE('',*,*,#6407,.T.);
#8241=ORIENTED_EDGE('',*,*,#6408,.T.);
#8242=ORIENTED_EDGE('',*,*,#6409,.T.);
#8243=ORIENTED_EDGE('',*,*,#6410,.T.);
#8244=ORIENTED_EDGE('',*,*,#6411,.T.);
#8245=ORIENTED_EDGE('',*,*,#6412,.T.);
#8246=ORIENTED_EDGE('',*,*,#6413,.T.);
#8247=ORIENTED_EDGE('',*,*,#6414,.T.);
#8248=ORIENTED_EDGE('',*,*,#6415,.T.);
#8249=ORIENTED_EDGE('',*,*,#6416,.T.);
#8250=ORIENTED_EDGE('',*,*,#6417,.T.);
#8251=ORIENTED_EDGE('',*,*,#6418,.T.);
#8252=ORIENTED_EDGE('',*,*,#6419,.T.);
#8253=ORIENTED_EDGE('',*,*,#6420,.T.);
#8254=ORIENTED_EDGE('',*,*,#6421,.T.);
#8255=ORIENTED_EDGE('',*,*,#6422,.T.);
#8256=ORIENTED_EDGE('',*,*,#6423,.T.);
#8257=ORIENTED_EDGE('',*,*,#6424,.T.);
#8258=ORIENTED_EDGE('',*,*,#6425,.T.);
#8259=ORIENTED_EDGE('',*,*,#6426,.T.);
#8260=ORIENTED_EDGE('',*,*,#6427,.T.);
#8261=ORIENTED_EDGE('',*,*,#6428,.T.);
#8262=ORIENTED_EDGE('',*,*,#6429,.T.);
#8263=ORIENTED_EDGE('',*,*,#6430,.T.);
#8264=ORIENTED_EDGE('',*,*,#6431,.T.);
#8265=ORIENTED_EDGE('',*,*,#6432,.T.);
#8266=ORIENTED_EDGE('',*,*,#6433,.T.);
#8267=ORIENTED_EDGE('',*,*,#6434,.T.);
#8268=ORIENTED_EDGE('',*,*,#6435,.T.);
#8269=ORIENTED_EDGE('',*,*,#6436,.T.);
#8270=ORIENTED_EDGE('',*,*,#6437,.T.);
#8271=ORIENTED_EDGE('',*,*,#6438,.T.);
#8272=ORIENTED_EDGE('',*,*,#6439,.T.);
#8273=ORIENTED_EDGE('',*,*,#6440,.T.);
#8274=ORIENTED_EDGE('',*,*,#6441,.T.);
#8275=ORIENTED_EDGE('',*,*,#6442,.T.);
#8276=ORIENTED_EDGE('',*,*,#6443,.T.);
#8277=ORIENTED_EDGE('',*,*,#6444,.T.);
#8278=ORIENTED_EDGE('',*,*,#6445,.T.);
#8279=ORIENTED_EDGE('',*,*,#6446,.T.);
#8280=ORIENTED_EDGE('',*,*,#6447,.T.);
#8281=ORIENTED_EDGE('',*,*,#6448,.T.);
#8282=ORIENTED_EDGE('',*,*,#6449,.T.);
#8283=ORIENTED_EDGE('',*,*,#6450,.T.);
#8284=ORIENTED_EDGE('',*,*,#6451,.T.);
#8285=ORIENTED_EDGE('',*,*,#6452,.T.);
#8286=ORIENTED_EDGE('',*,*,#6453,.T.);
#8287=ORIENTED_EDGE('',*,*,#6454,.T.);
#8288=ORIENTED_EDGE('',*,*,#6455,.T.);
#8289=ORIENTED_EDGE('',*,*,#6456,.T.);
#8290=ORIENTED_EDGE('',*,*,#6457,.T.);
#8291=ORIENTED_EDGE('',*,*,#6458,.T.);
#8292=ORIENTED_EDGE('',*,*,#6459,.T.);
#8293=ORIENTED_EDGE('',*,*,#6460,.T.);
#8294=ORIENTED_EDGE('',*,*,#6461,.T.);
#8295=ORIENTED_EDGE('',*,*,#6462,.T.);
#8296=ORIENTED_EDGE('',*,*,#6463,.T.);
#8297=ORIENTED_EDGE('',*,*,#6464,.T.);
#8298=ORIENTED_EDGE('',*,*,#6465,.T.);
#8299=ORIENTED_EDGE('',*,*,#6466,.T.);
#8300=ORIENTED_EDGE('',*,*,#6467,.T.);
#8301=ORIENTED_EDGE('',*,*,#6468,.T.);
#8302=ORIENTED_EDGE('',*,*,#6469,.T.);
#8303=ORIENTED_EDGE('',*,*,#6470,.T.);
#8304=ORIENTED_EDGE('',*,*,#6471,.T.);
#8305=ORIENTED_EDGE('',*,*,#6472,.T.);
#8306=ORIENTED_EDGE('',*,*,#6473,.T.);
#8307=ORIENTED_EDGE('',*,*,#6474,.T.);
#8308=ORIENTED_EDGE('',*,*,#6475,.T.);
#8309=ORIENTED_EDGE('',*,*,#6476,.T.);
#8310=ORIENTED_EDGE('',*,*,#6477,.T.);
#8311=ORIENTED_EDGE('',*,*,#6478,.T.);
#8312=ORIENTED_EDGE('',*,*,#6479,.T.);
#8313=ORIENTED_EDGE('',*,*,#6480,.T.);
#8314=ORIENTED_EDGE('',*,*,#6481,.T.);
#8315=ORIENTED_EDGE('',*,*,#6482,.T.);
#8316=ORIENTED_EDGE('',*,*,#6483,.T.);
#8317=ORIENTED_EDGE('',*,*,#6484,.T.);
#8318=ORIENTED_EDGE('',*,*,#6485,.T.);
#8319=ORIENTED_EDGE('',*,*,#6486,.T.);
#8320=ORIENTED_EDGE('',*,*,#6487,.T.);
#8321=ORIENTED_EDGE('',*,*,#6488,.T.);
#8322=ORIENTED_EDGE('',*,*,#6489,.T.);
#8323=ORIENTED_EDGE('',*,*,#6490,.T.);
#8324=ORIENTED_EDGE('',*,*,#6491,.T.);
#8325=ORIENTED_EDGE('',*,*,#6492,.T.);
#8326=ORIENTED_EDGE('',*,*,#6493,.T.);
#8327=ORIENTED_EDGE('',*,*,#6494,.T.);
#8328=ORIENTED_EDGE('',*,*,#6495,.T.);
#8329=ORIENTED_EDGE('',*,*,#6496,.T.);
#8330=ORIENTED_EDGE('',*,*,#6497,.T.);
#8331=ORIENTED_EDGE('',*,*,#6498,.T.);
#8332=ORIENTED_EDGE('',*,*,#6499,.T.);
#8333=ORIENTED_EDGE('',*,*,#6500,.T.);
#8334=ORIENTED_EDGE('',*,*,#6501,.T.);
#8335=ORIENTED_EDGE('',*,*,#6502,.T.);
#8336=ORIENTED_EDGE('',*,*,#6503,.T.);
#8337=ORIENTED_EDGE('',*,*,#6504,.T.);
#8338=ORIENTED_EDGE('',*,*,#6505,.T.);
#8339=ORIENTED_EDGE('',*,*,#6506,.T.);
#8340=ORIENTED_EDGE('',*,*,#6507,.T.);
#8341=ORIENTED_EDGE('',*,*,#6508,.T.);
#8342=ORIENTED_EDGE('',*,*,#6509,.T.);
#8343=ORIENTED_EDGE('',*,*,#6510,.T.);
#8344=ORIENTED_EDGE('',*,*,#6511,.T.);
#8345=ORIENTED_EDGE('',*,*,#6512,.T.);
#8346=ORIENTED_EDGE('',*,*,#6513,.T.);
#8347=ORIENTED_EDGE('',*,*,#6514,.T.);
#8348=ORIENTED_EDGE('',*,*,#6515,.T.);
#8349=ORIENTED_EDGE('',*,*,#6516,.T.);
#8350=ORIENTED_EDGE('',*,*,#6517,.T.);
#8351=ORIENTED_EDGE('',*,*,#6518,.T.);
#8352=ORIENTED_EDGE('',*,*,#6519,.T.);
#8353=ORIENTED_EDGE('',*,*,#6520,.T.);
#8354=ORIENTED_EDGE('',*,*,#6521,.T.);
#8355=ORIENTED_EDGE('',*,*,#6522,.T.);
#8356=ORIENTED_EDGE('',*,*,#6523,.T.);
#8357=ORIENTED_EDGE('',*,*,#6524,.T.);
#8358=ORIENTED_EDGE('',*,*,#6525,.T.);
#8359=ORIENTED_EDGE('',*,*,#6526,.T.);
#8360=ORIENTED_EDGE('',*,*,#6527,.T.);
#8361=ORIENTED_EDGE('',*,*,#6528,.T.);
#8362=ORIENTED_EDGE('',*,*,#6529,.T.);
#8363=ORIENTED_EDGE('',*,*,#6530,.T.);
#8364=ORIENTED_EDGE('',*,*,#6531,.T.);
#8365=ORIENTED_EDGE('',*,*,#6532,.T.);
#8366=ORIENTED_EDGE('',*,*,#6533,.T.);
#8367=ORIENTED_EDGE('',*,*,#6534,.T.);
#8368=ORIENTED_EDGE('',*,*,#6535,.T.);
#8369=ORIENTED_EDGE('',*,*,#6536,.T.);
#8370=ORIENTED_EDGE('',*,*,#6537,.T.);
#8371=ORIENTED_EDGE('',*,*,#6538,.T.);
#8372=ORIENTED_EDGE('',*,*,#6539,.T.);
#8373=ORIENTED_EDGE('',*,*,#6540,.T.);
#8374=ORIENTED_EDGE('',*,*,#6541,.T.);
#8375=ORIENTED_EDGE('',*,*,#6542,.T.);
#8376=ORIENTED_EDGE('',*,*,#6543,.T.);
#8377=ORIENTED_EDGE('',*,*,#6544,.T.);
#8378=ORIENTED_EDGE('',*,*,#6545,.T.);
#8379=ORIENTED_EDGE('',*,*,#6546,.T.);
#8380=ORIENTED_EDGE('',*,*,#6547,.T.);
#8381=ORIENTED_EDGE('',*,*,#6548,.T.);
#8382=ORIENTED_EDGE('',*,*,#6549,.T.);
#8383=ORIENTED_EDGE('',*,*,#6550,.T.);
#8384=ORIENTED_EDGE('',*,*,#6551,.T.);
#8385=ORIENTED_EDGE('',*,*,#6552,.T.);
#8386=ORIENTED_EDGE('',*,*,#6553,.T.);
#8387=ORIENTED_EDGE('',*,*,#6554,.T.);
#8388=ORIENTED_EDGE('',*,*,#6555,.T.);
#8389=ORIENTED_EDGE('',*,*,#6556,.T.);
#8390=ORIENTED_EDGE('',*,*,#6557,.T.);
#8391=ORIENTED_EDGE('',*,*,#6558,.T.);
#8392=ORIENTED_EDGE('',*,*,#6559,.T.);
#8393=ORIENTED_EDGE('',*,*,#6560,.T.);
#8394=ORIENTED_EDGE('',*,*,#6561,.T.);
#8395=ORIENTED_EDGE('',*,*,#6562,.T.);
#8396=ORIENTED_EDGE('',*,*,#6563,.T.);
#8397=ORIENTED_EDGE('',*,*,#6564,.T.);
#8398=ORIENTED_EDGE('',*,*,#6565,.T.);
#8399=ORIENTED_EDGE('',*,*,#6566,.T.);
#8400=ORIENTED_EDGE('',*,*,#6567,.T.);
#8401=ORIENTED_EDGE('',*,*,#6568,.T.);
#8402=ORIENTED_EDGE('',*,*,#6569,.T.);
#8403=ORIENTED_EDGE('',*,*,#6570,.T.);
#8404=ORIENTED_EDGE('',*,*,#6571,.T.);
#8405=ORIENTED_EDGE('',*,*,#6572,.T.);
#8406=ORIENTED_EDGE('',*,*,#6573,.T.);
#8407=ORIENTED_EDGE('',*,*,#6574,.T.);
#8408=ORIENTED_EDGE('',*,*,#6575,.T.);
#8409=ORIENTED_EDGE('',*,*,#6576,.T.);
#8410=ORIENTED_EDGE('',*,*,#6577,.T.);
#8411=ORIENTED_EDGE('',*,*,#6578,.T.);
#8412=ORIENTED_EDGE('',*,*,#6579,.T.);
#8413=ORIENTED_EDGE('',*,*,#6580,.T.);
#8414=ORIENTED_EDGE('',*,*,#6581,.T.);
#8415=ORIENTED_EDGE('',*,*,#6582,.T.);
#8416=ORIENTED_EDGE('',*,*,#6583,.T.);
#8417=ORIENTED_EDGE('',*,*,#6584,.T.);
#8418=ORIENTED_EDGE('',*,*,#6585,.T.);
#8419=ORIENTED_EDGE('',*,*,#6586,.T.);
#8420=ORIENTED_EDGE('',*,*,#6587,.T.);
#8421=ORIENTED_EDGE('',*,*,#6588,.T.);
#8422=ORIENTED_EDGE('',*,*,#6589,.T.);
#8423=ORIENTED_EDGE('',*,*,#6590,.T.);
#8424=ORIENTED_EDGE('',*,*,#6591,.T.);
#8425=ORIENTED_EDGE('',*,*,#6592,.T.);
#8426=ORIENTED_EDGE('',*,*,#6593,.T.);
#8427=ORIENTED_EDGE('',*,*,#6594,.T.);
#8428=ORIENTED_EDGE('',*,*,#6595,.T.);
#8429=ORIENTED_EDGE('',*,*,#6596,.T.);
#8430=ORIENTED_EDGE('',*,*,#6597,.T.);
#8431=ORIENTED_EDGE('',*,*,#6598,.T.);
#8432=ORIENTED_EDGE('',*,*,#6599,.T.);
#8433=ORIENTED_EDGE('',*,*,#6600,.T.);
#8434=ORIENTED_EDGE('',*,*,#6601,.T.);
#8435=ORIENTED_EDGE('',*,*,#6602,.T.);
#8436=ORIENTED_EDGE('',*,*,#6603,.T.);
#8437=ORIENTED_EDGE('',*,*,#6604,.T.);
#8438=ORIENTED_EDGE('',*,*,#6605,.T.);
#8439=ORIENTED_EDGE('',*,*,#6606,.T.);
#8440=ORIENTED_EDGE('',*,*,#6607,.T.);
#8441=ORIENTED_EDGE('',*,*,#6608,.T.);
#8442=ORIENTED_EDGE('',*,*,#6609,.T.);
#8443=ORIENTED_EDGE('',*,*,#6610,.T.);
#8444=ORIENTED_EDGE('',*,*,#6611,.T.);
#8445=ORIENTED_EDGE('',*,*,#6612,.T.);
#8446=ORIENTED_EDGE('',*,*,#6613,.T.);
#8447=ORIENTED_EDGE('',*,*,#6614,.T.);
#8448=ORIENTED_EDGE('',*,*,#6615,.T.);
#8449=ORIENTED_EDGE('',*,*,#6616,.T.);
#8450=ORIENTED_EDGE('',*,*,#6617,.T.);
#8451=ORIENTED_EDGE('',*,*,#6618,.T.);
#8452=ORIENTED_EDGE('',*,*,#6619,.T.);
#8453=ORIENTED_EDGE('',*,*,#6620,.T.);
#8454=ORIENTED_EDGE('',*,*,#6621,.T.);
#8455=ORIENTED_EDGE('',*,*,#6622,.T.);
#8456=ORIENTED_EDGE('',*,*,#6623,.T.);
#8457=ORIENTED_EDGE('',*,*,#6624,.T.);
#8458=ORIENTED_EDGE('',*,*,#6625,.T.);
#8459=ORIENTED_EDGE('',*,*,#6626,.T.);
#8460=ORIENTED_EDGE('',*,*,#6627,.T.);
#8461=ORIENTED_EDGE('',*,*,#6628,.T.);
#8462=ORIENTED_EDGE('',*,*,#6629,.F.);
#8463=ORIENTED_EDGE('',*,*,#6630,.T.);
#8464=ORIENTED_EDGE('',*,*,#6631,.F.);
#8465=ORIENTED_EDGE('',*,*,#6632,.T.);
#8466=ORIENTED_EDGE('',*,*,#6633,.F.);
#8467=ORIENTED_EDGE('',*,*,#6634,.T.);
#8468=ORIENTED_EDGE('',*,*,#6635,.F.);
#8469=ORIENTED_EDGE('',*,*,#6636,.T.);
#8470=ORIENTED_EDGE('',*,*,#6637,.F.);
#8471=ORIENTED_EDGE('',*,*,#6638,.T.);
#8472=ORIENTED_EDGE('',*,*,#6639,.F.);
#8473=ORIENTED_EDGE('',*,*,#6640,.T.);
#8474=ORIENTED_EDGE('',*,*,#6641,.F.);
#8475=ORIENTED_EDGE('',*,*,#6642,.T.);
#8476=ORIENTED_EDGE('',*,*,#6643,.F.);
#8477=ORIENTED_EDGE('',*,*,#6644,.T.);
#8478=ORIENTED_EDGE('',*,*,#6645,.F.);
#8479=ORIENTED_EDGE('',*,*,#6646,.T.);
#8480=ORIENTED_EDGE('',*,*,#6647,.F.);
#8481=ORIENTED_EDGE('',*,*,#6648,.T.);
#8482=ORIENTED_EDGE('',*,*,#6649,.F.);
#8483=ORIENTED_EDGE('',*,*,#6650,.T.);
#8484=ORIENTED_EDGE('',*,*,#6651,.F.);
#8485=ORIENTED_EDGE('',*,*,#6652,.T.);
#8486=ORIENTED_EDGE('',*,*,#6653,.F.);
#8487=ORIENTED_EDGE('',*,*,#6654,.T.);
#8488=ORIENTED_EDGE('',*,*,#6655,.F.);
#8489=ORIENTED_EDGE('',*,*,#6656,.T.);
#8490=ORIENTED_EDGE('',*,*,#6657,.F.);
#8491=ORIENTED_EDGE('',*,*,#6658,.T.);
#8492=ORIENTED_EDGE('',*,*,#6659,.F.);
#8493=ORIENTED_EDGE('',*,*,#6660,.T.);
#8494=ORIENTED_EDGE('',*,*,#6661,.F.);
#8495=ORIENTED_EDGE('',*,*,#6662,.T.);
#8496=ORIENTED_EDGE('',*,*,#6663,.F.);
#8497=ORIENTED_EDGE('',*,*,#6664,.T.);
#8498=ORIENTED_EDGE('',*,*,#6665,.F.);
#8499=ORIENTED_EDGE('',*,*,#6666,.T.);
#8500=ORIENTED_EDGE('',*,*,#6667,.F.);
#8501=ORIENTED_EDGE('',*,*,#6193,.T.);
#8502=ORIENTED_EDGE('',*,*,#6668,.T.);
#8503=ORIENTED_EDGE('',*,*,#6669,.T.);
#8504=ORIENTED_EDGE('',*,*,#6670,.T.);
#8505=ORIENTED_EDGE('',*,*,#6670,.F.);
#8506=ORIENTED_EDGE('',*,*,#6671,.F.);
#8507=ORIENTED_EDGE('',*,*,#6672,.F.);
#8508=ORIENTED_EDGE('',*,*,#6194,.T.);
#8509=ORIENTED_EDGE('',*,*,#6053,.F.);
#8510=ORIENTED_EDGE('',*,*,#6059,.F.);
#8511=ORIENTED_EDGE('',*,*,#6673,.T.);
#8512=ORIENTED_EDGE('',*,*,#6671,.T.);
#8513=ORIENTED_EDGE('',*,*,#6669,.F.);
#8514=ORIENTED_EDGE('',*,*,#6674,.F.);
#8515=ORIENTED_EDGE('',*,*,#6675,.F.);
#8516=ORIENTED_EDGE('',*,*,#6676,.T.);
#8517=ORIENTED_EDGE('',*,*,#6677,.F.);
#8518=ORIENTED_EDGE('',*,*,#6678,.F.);
#8519=ORIENTED_EDGE('',*,*,#6679,.F.);
#8520=ORIENTED_EDGE('',*,*,#6680,.T.);
#8521=ORIENTED_EDGE('',*,*,#6681,.F.);
#8522=ORIENTED_EDGE('',*,*,#6682,.T.);
#8523=ORIENTED_EDGE('',*,*,#6683,.F.);
#8524=ORIENTED_EDGE('',*,*,#6684,.F.);
#8525=ORIENTED_EDGE('',*,*,#6685,.F.);
#8526=ORIENTED_EDGE('',*,*,#6686,.F.);
#8527=ORIENTED_EDGE('',*,*,#6687,.F.);
#8528=ORIENTED_EDGE('',*,*,#6688,.F.);
#8529=ORIENTED_EDGE('',*,*,#6689,.T.);
#8530=ORIENTED_EDGE('',*,*,#6690,.T.);
#8531=ORIENTED_EDGE('',*,*,#6691,.F.);
#8532=ORIENTED_EDGE('',*,*,#6692,.F.);
#8533=ORIENTED_EDGE('',*,*,#6693,.F.);
#8534=ORIENTED_EDGE('',*,*,#6694,.T.);
#8535=ORIENTED_EDGE('',*,*,#6695,.F.);
#8536=ORIENTED_EDGE('',*,*,#6696,.T.);
#8537=ORIENTED_EDGE('',*,*,#6697,.F.);
#8538=ORIENTED_EDGE('',*,*,#6698,.F.);
#8539=ORIENTED_EDGE('',*,*,#6699,.F.);
#8540=ORIENTED_EDGE('',*,*,#6700,.F.);
#8541=ORIENTED_EDGE('',*,*,#6701,.F.);
#8542=ORIENTED_EDGE('',*,*,#6702,.F.);
#8543=ORIENTED_EDGE('',*,*,#6703,.T.);
#8544=ORIENTED_EDGE('',*,*,#6704,.T.);
#8545=ORIENTED_EDGE('',*,*,#6705,.F.);
#8546=ORIENTED_EDGE('',*,*,#6706,.F.);
#8547=ORIENTED_EDGE('',*,*,#6707,.F.);
#8548=ORIENTED_EDGE('',*,*,#6708,.T.);
#8549=ORIENTED_EDGE('',*,*,#6709,.F.);
#8550=ORIENTED_EDGE('',*,*,#6710,.T.);
#8551=ORIENTED_EDGE('',*,*,#6711,.F.);
#8552=ORIENTED_EDGE('',*,*,#6712,.T.);
#8553=ORIENTED_EDGE('',*,*,#6713,.T.);
#8554=ORIENTED_EDGE('',*,*,#6714,.T.);
#8555=ORIENTED_EDGE('',*,*,#6715,.F.);
#8556=ORIENTED_EDGE('',*,*,#6716,.F.);
#8557=ORIENTED_EDGE('',*,*,#6717,.F.);
#8558=ORIENTED_EDGE('',*,*,#6718,.F.);
#8559=ORIENTED_EDGE('',*,*,#6719,.F.);
#8560=ORIENTED_EDGE('',*,*,#6720,.F.);
#8561=ORIENTED_EDGE('',*,*,#6721,.T.);
#8562=ORIENTED_EDGE('',*,*,#6722,.T.);
#8563=ORIENTED_EDGE('',*,*,#6723,.F.);
#8564=ORIENTED_EDGE('',*,*,#6724,.F.);
#8565=ORIENTED_EDGE('',*,*,#6725,.F.);
#8566=ORIENTED_EDGE('',*,*,#6726,.T.);
#8567=ORIENTED_EDGE('',*,*,#6727,.F.);
#8568=ORIENTED_EDGE('',*,*,#6728,.T.);
#8569=ORIENTED_EDGE('',*,*,#6729,.F.);
#8570=ORIENTED_EDGE('',*,*,#6730,.F.);
#8571=ORIENTED_EDGE('',*,*,#6731,.F.);
#8572=ORIENTED_EDGE('',*,*,#6732,.F.);
#8573=ORIENTED_EDGE('',*,*,#6733,.F.);
#8574=ORIENTED_EDGE('',*,*,#6734,.F.);
#8575=ORIENTED_EDGE('',*,*,#6735,.T.);
#8576=ORIENTED_EDGE('',*,*,#6736,.T.);
#8577=ORIENTED_EDGE('',*,*,#6737,.F.);
#8578=ORIENTED_EDGE('',*,*,#6738,.F.);
#8579=ORIENTED_EDGE('',*,*,#6739,.F.);
#8580=ORIENTED_EDGE('',*,*,#6740,.T.);
#8581=ORIENTED_EDGE('',*,*,#6741,.F.);
#8582=ORIENTED_EDGE('',*,*,#6742,.T.);
#8583=ORIENTED_EDGE('',*,*,#6743,.F.);
#8584=ORIENTED_EDGE('',*,*,#6744,.F.);
#8585=ORIENTED_EDGE('',*,*,#6745,.F.);
#8586=ORIENTED_EDGE('',*,*,#6746,.F.);
#8587=ORIENTED_EDGE('',*,*,#6747,.F.);
#8588=ORIENTED_EDGE('',*,*,#6748,.T.);
#8589=ORIENTED_EDGE('',*,*,#6749,.F.);
#8590=ORIENTED_EDGE('',*,*,#6750,.F.);
#8591=ORIENTED_EDGE('',*,*,#6751,.F.);
#8592=ORIENTED_EDGE('',*,*,#6752,.F.);
#8593=ORIENTED_EDGE('',*,*,#6753,.T.);
#8594=ORIENTED_EDGE('',*,*,#6754,.T.);
#8595=ORIENTED_EDGE('',*,*,#6755,.F.);
#8596=ORIENTED_EDGE('',*,*,#6756,.F.);
#8597=ORIENTED_EDGE('',*,*,#6757,.F.);
#8598=ORIENTED_EDGE('',*,*,#6758,.T.);
#8599=ORIENTED_EDGE('',*,*,#6759,.F.);
#8600=ORIENTED_EDGE('',*,*,#6760,.F.);
#8601=ORIENTED_EDGE('',*,*,#6761,.F.);
#8602=ORIENTED_EDGE('',*,*,#6762,.T.);
#8603=ORIENTED_EDGE('',*,*,#6763,.F.);
#8604=ORIENTED_EDGE('',*,*,#6764,.F.);
#8605=ORIENTED_EDGE('',*,*,#6765,.F.);
#8606=ORIENTED_EDGE('',*,*,#6766,.F.);
#8607=ORIENTED_EDGE('',*,*,#6767,.T.);
#8608=ORIENTED_EDGE('',*,*,#6768,.T.);
#8609=ORIENTED_EDGE('',*,*,#6769,.F.);
#8610=ORIENTED_EDGE('',*,*,#6770,.F.);
#8611=ORIENTED_EDGE('',*,*,#6771,.F.);
#8612=ORIENTED_EDGE('',*,*,#6772,.T.);
#8613=ORIENTED_EDGE('',*,*,#6773,.F.);
#8614=ORIENTED_EDGE('',*,*,#6774,.F.);
#8615=ORIENTED_EDGE('',*,*,#6775,.F.);
#8616=ORIENTED_EDGE('',*,*,#6776,.F.);
#8617=ORIENTED_EDGE('',*,*,#6777,.F.);
#8618=ORIENTED_EDGE('',*,*,#6778,.F.);
#8619=ORIENTED_EDGE('',*,*,#6779,.F.);
#8620=ORIENTED_EDGE('',*,*,#6780,.F.);
#8621=ORIENTED_EDGE('',*,*,#6781,.F.);
#8622=ORIENTED_EDGE('',*,*,#6782,.F.);
#8623=ORIENTED_EDGE('',*,*,#6783,.F.);
#8624=ORIENTED_EDGE('',*,*,#6784,.F.);
#8625=ORIENTED_EDGE('',*,*,#6785,.F.);
#8626=ORIENTED_EDGE('',*,*,#6786,.F.);
#8627=ORIENTED_EDGE('',*,*,#6787,.F.);
#8628=ORIENTED_EDGE('',*,*,#6788,.F.);
#8629=ORIENTED_EDGE('',*,*,#6789,.F.);
#8630=ORIENTED_EDGE('',*,*,#6790,.T.);
#8631=ORIENTED_EDGE('',*,*,#6791,.F.);
#8632=ORIENTED_EDGE('',*,*,#6792,.F.);
#8633=ORIENTED_EDGE('',*,*,#6793,.F.);
#8634=ORIENTED_EDGE('',*,*,#6794,.F.);
#8635=ORIENTED_EDGE('',*,*,#6795,.T.);
#8636=ORIENTED_EDGE('',*,*,#6796,.T.);
#8637=ORIENTED_EDGE('',*,*,#6797,.F.);
#8638=ORIENTED_EDGE('',*,*,#6798,.F.);
#8639=ORIENTED_EDGE('',*,*,#6799,.F.);
#8640=ORIENTED_EDGE('',*,*,#6800,.T.);
#8641=ORIENTED_EDGE('',*,*,#6801,.F.);
#8642=ORIENTED_EDGE('',*,*,#6802,.F.);
#8643=ORIENTED_EDGE('',*,*,#6803,.F.);
#8644=ORIENTED_EDGE('',*,*,#6804,.T.);
#8645=ORIENTED_EDGE('',*,*,#6805,.F.);
#8646=ORIENTED_EDGE('',*,*,#6806,.F.);
#8647=ORIENTED_EDGE('',*,*,#6807,.F.);
#8648=ORIENTED_EDGE('',*,*,#6808,.F.);
#8649=ORIENTED_EDGE('',*,*,#6809,.F.);
#8650=ORIENTED_EDGE('',*,*,#6810,.F.);
#8651=ORIENTED_EDGE('',*,*,#6811,.F.);
#8652=ORIENTED_EDGE('',*,*,#6812,.F.);
#8653=ORIENTED_EDGE('',*,*,#6813,.F.);
#8654=ORIENTED_EDGE('',*,*,#6814,.F.);
#8655=ORIENTED_EDGE('',*,*,#6815,.F.);
#8656=ORIENTED_EDGE('',*,*,#6816,.F.);
#8657=ORIENTED_EDGE('',*,*,#6817,.F.);
#8658=ORIENTED_EDGE('',*,*,#6818,.F.);
#8659=ORIENTED_EDGE('',*,*,#6819,.F.);
#8660=ORIENTED_EDGE('',*,*,#6820,.F.);
#8661=ORIENTED_EDGE('',*,*,#6821,.F.);
#8662=ORIENTED_EDGE('',*,*,#6822,.F.);
#8663=ORIENTED_EDGE('',*,*,#6823,.T.);
#8664=ORIENTED_EDGE('',*,*,#6824,.T.);
#8665=ORIENTED_EDGE('',*,*,#6825,.T.);
#8666=ORIENTED_EDGE('',*,*,#6826,.T.);
#8667=ORIENTED_EDGE('',*,*,#6827,.T.);
#8668=ORIENTED_EDGE('',*,*,#6828,.T.);
#8669=ORIENTED_EDGE('',*,*,#6829,.T.);
#8670=ORIENTED_EDGE('',*,*,#6830,.T.);
#8671=ORIENTED_EDGE('',*,*,#6831,.F.);
#8672=ORIENTED_EDGE('',*,*,#6832,.F.);
#8673=ORIENTED_EDGE('',*,*,#6833,.F.);
#8674=ORIENTED_EDGE('',*,*,#6834,.F.);
#8675=ORIENTED_EDGE('',*,*,#6835,.F.);
#8676=ORIENTED_EDGE('',*,*,#6836,.F.);
#8677=ORIENTED_EDGE('',*,*,#6837,.F.);
#8678=ORIENTED_EDGE('',*,*,#6838,.F.);
#8679=ORIENTED_EDGE('',*,*,#6839,.F.);
#8680=ORIENTED_EDGE('',*,*,#6840,.F.);
#8681=ORIENTED_EDGE('',*,*,#6841,.F.);
#8682=ORIENTED_EDGE('',*,*,#6842,.F.);
#8683=ORIENTED_EDGE('',*,*,#6843,.F.);
#8684=ORIENTED_EDGE('',*,*,#6844,.F.);
#8685=ORIENTED_EDGE('',*,*,#6845,.F.);
#8686=ORIENTED_EDGE('',*,*,#6846,.F.);
#8687=ORIENTED_EDGE('',*,*,#6847,.F.);
#8688=ORIENTED_EDGE('',*,*,#6848,.F.);
#8689=ORIENTED_EDGE('',*,*,#6849,.F.);
#8690=ORIENTED_EDGE('',*,*,#6850,.F.);
#8691=ORIENTED_EDGE('',*,*,#6851,.F.);
#8692=ORIENTED_EDGE('',*,*,#6852,.F.);
#8693=ORIENTED_EDGE('',*,*,#6853,.F.);
#8694=ORIENTED_EDGE('',*,*,#6854,.F.);
#8695=ORIENTED_EDGE('',*,*,#6855,.T.);
#8696=ORIENTED_EDGE('',*,*,#6856,.F.);
#8697=ORIENTED_EDGE('',*,*,#6857,.T.);
#8698=ORIENTED_EDGE('',*,*,#6858,.F.);
#8699=ORIENTED_EDGE('',*,*,#6859,.F.);
#8700=ORIENTED_EDGE('',*,*,#6860,.F.);
#8701=ORIENTED_EDGE('',*,*,#6861,.T.);
#8702=ORIENTED_EDGE('',*,*,#6862,.F.);
#8703=ORIENTED_EDGE('',*,*,#6863,.F.);
#8704=ORIENTED_EDGE('',*,*,#6864,.F.);
#8705=ORIENTED_EDGE('',*,*,#6865,.F.);
#8706=ORIENTED_EDGE('',*,*,#6866,.F.);
#8707=ORIENTED_EDGE('',*,*,#6867,.F.);
#8708=ORIENTED_EDGE('',*,*,#6868,.F.);
#8709=ORIENTED_EDGE('',*,*,#6869,.T.);
#8710=ORIENTED_EDGE('',*,*,#6870,.F.);
#8711=ORIENTED_EDGE('',*,*,#6871,.F.);
#8712=ORIENTED_EDGE('',*,*,#6872,.F.);
#8713=ORIENTED_EDGE('',*,*,#6873,.F.);
#8714=ORIENTED_EDGE('',*,*,#6874,.F.);
#8715=ORIENTED_EDGE('',*,*,#6875,.T.);
#8716=ORIENTED_EDGE('',*,*,#6876,.F.);
#8717=ORIENTED_EDGE('',*,*,#6877,.F.);
#8718=ORIENTED_EDGE('',*,*,#6878,.F.);
#8719=ORIENTED_EDGE('',*,*,#6879,.F.);
#8720=ORIENTED_EDGE('',*,*,#6880,.F.);
#8721=ORIENTED_EDGE('',*,*,#6881,.F.);
#8722=ORIENTED_EDGE('',*,*,#6882,.F.);
#8723=ORIENTED_EDGE('',*,*,#6883,.F.);
#8724=ORIENTED_EDGE('',*,*,#6884,.F.);
#8725=ORIENTED_EDGE('',*,*,#6885,.F.);
#8726=ORIENTED_EDGE('',*,*,#6886,.F.);
#8727=ORIENTED_EDGE('',*,*,#6887,.T.);
#8728=ORIENTED_EDGE('',*,*,#6888,.F.);
#8729=ORIENTED_EDGE('',*,*,#6889,.F.);
#8730=ORIENTED_EDGE('',*,*,#6890,.F.);
#8731=ORIENTED_EDGE('',*,*,#6891,.F.);
#8732=ORIENTED_EDGE('',*,*,#6892,.F.);
#8733=ORIENTED_EDGE('',*,*,#6893,.F.);
#8734=ORIENTED_EDGE('',*,*,#6894,.F.);
#8735=ORIENTED_EDGE('',*,*,#6895,.F.);
#8736=ORIENTED_EDGE('',*,*,#6896,.F.);
#8737=ORIENTED_EDGE('',*,*,#6897,.F.);
#8738=ORIENTED_EDGE('',*,*,#6898,.F.);
#8739=ORIENTED_EDGE('',*,*,#6899,.F.);
#8740=ORIENTED_EDGE('',*,*,#6900,.F.);
#8741=ORIENTED_EDGE('',*,*,#6901,.F.);
#8742=ORIENTED_EDGE('',*,*,#6902,.F.);
#8743=ORIENTED_EDGE('',*,*,#6903,.T.);
#8744=ORIENTED_EDGE('',*,*,#6904,.T.);
#8745=ORIENTED_EDGE('',*,*,#6905,.T.);
#8746=ORIENTED_EDGE('',*,*,#6906,.T.);
#8747=ORIENTED_EDGE('',*,*,#6907,.T.);
#8748=ORIENTED_EDGE('',*,*,#6908,.T.);
#8749=ORIENTED_EDGE('',*,*,#6909,.T.);
#8750=ORIENTED_EDGE('',*,*,#6910,.T.);
#8751=ORIENTED_EDGE('',*,*,#6911,.T.);
#8752=ORIENTED_EDGE('',*,*,#6912,.T.);
#8753=ORIENTED_EDGE('',*,*,#6913,.T.);
#8754=ORIENTED_EDGE('',*,*,#6914,.T.);
#8755=ORIENTED_EDGE('',*,*,#6915,.T.);
#8756=ORIENTED_EDGE('',*,*,#6916,.T.);
#8757=ORIENTED_EDGE('',*,*,#6917,.T.);
#8758=ORIENTED_EDGE('',*,*,#6918,.T.);
#8759=ORIENTED_EDGE('',*,*,#6919,.T.);
#8760=ORIENTED_EDGE('',*,*,#6920,.T.);
#8761=ORIENTED_EDGE('',*,*,#6921,.T.);
#8762=ORIENTED_EDGE('',*,*,#6922,.T.);
#8763=ORIENTED_EDGE('',*,*,#6923,.T.);
#8764=ORIENTED_EDGE('',*,*,#6924,.T.);
#8765=ORIENTED_EDGE('',*,*,#6925,.T.);
#8766=ORIENTED_EDGE('',*,*,#6926,.T.);
#8767=ORIENTED_EDGE('',*,*,#6927,.F.);
#8768=ORIENTED_EDGE('',*,*,#6928,.F.);
#8769=ORIENTED_EDGE('',*,*,#6929,.F.);
#8770=ORIENTED_EDGE('',*,*,#6930,.F.);
#8771=ORIENTED_EDGE('',*,*,#6931,.F.);
#8772=ORIENTED_EDGE('',*,*,#6932,.F.);
#8773=ORIENTED_EDGE('',*,*,#6933,.F.);
#8774=ORIENTED_EDGE('',*,*,#6934,.F.);
#8775=ORIENTED_EDGE('',*,*,#6935,.F.);
#8776=ORIENTED_EDGE('',*,*,#6936,.F.);
#8777=ORIENTED_EDGE('',*,*,#6937,.F.);
#8778=ORIENTED_EDGE('',*,*,#6938,.F.);
#8779=ORIENTED_EDGE('',*,*,#6939,.F.);
#8780=ORIENTED_EDGE('',*,*,#6940,.F.);
#8781=ORIENTED_EDGE('',*,*,#6941,.F.);
#8782=ORIENTED_EDGE('',*,*,#6942,.F.);
#8783=ORIENTED_EDGE('',*,*,#6943,.F.);
#8784=ORIENTED_EDGE('',*,*,#6944,.F.);
#8785=ORIENTED_EDGE('',*,*,#6945,.F.);
#8786=ORIENTED_EDGE('',*,*,#6946,.F.);
#8787=ORIENTED_EDGE('',*,*,#6947,.F.);
#8788=ORIENTED_EDGE('',*,*,#6948,.F.);
#8789=ORIENTED_EDGE('',*,*,#6949,.F.);
#8790=ORIENTED_EDGE('',*,*,#6950,.F.);
#8791=ORIENTED_EDGE('',*,*,#6951,.F.);
#8792=ORIENTED_EDGE('',*,*,#6952,.F.);
#8793=ORIENTED_EDGE('',*,*,#6953,.F.);
#8794=ORIENTED_EDGE('',*,*,#6954,.F.);
#8795=ORIENTED_EDGE('',*,*,#6955,.F.);
#8796=ORIENTED_EDGE('',*,*,#6956,.F.);
#8797=ORIENTED_EDGE('',*,*,#6957,.F.);
#8798=ORIENTED_EDGE('',*,*,#6958,.F.);
#8799=ORIENTED_EDGE('',*,*,#6959,.F.);
#8800=ORIENTED_EDGE('',*,*,#6960,.F.);
#8801=ORIENTED_EDGE('',*,*,#6961,.F.);
#8802=ORIENTED_EDGE('',*,*,#6962,.F.);
#8803=ORIENTED_EDGE('',*,*,#6963,.F.);
#8804=ORIENTED_EDGE('',*,*,#6964,.F.);
#8805=ORIENTED_EDGE('',*,*,#6965,.F.);
#8806=ORIENTED_EDGE('',*,*,#6966,.F.);
#8807=ORIENTED_EDGE('',*,*,#6967,.F.);
#8808=ORIENTED_EDGE('',*,*,#6968,.F.);
#8809=ORIENTED_EDGE('',*,*,#6969,.F.);
#8810=ORIENTED_EDGE('',*,*,#6970,.F.);
#8811=ORIENTED_EDGE('',*,*,#6971,.F.);
#8812=ORIENTED_EDGE('',*,*,#6972,.F.);
#8813=ORIENTED_EDGE('',*,*,#6973,.F.);
#8814=ORIENTED_EDGE('',*,*,#6974,.F.);
#8815=ORIENTED_EDGE('',*,*,#6975,.F.);
#8816=ORIENTED_EDGE('',*,*,#6976,.F.);
#8817=ORIENTED_EDGE('',*,*,#6977,.F.);
#8818=ORIENTED_EDGE('',*,*,#6978,.F.);
#8819=ORIENTED_EDGE('',*,*,#6979,.F.);
#8820=ORIENTED_EDGE('',*,*,#6980,.F.);
#8821=ORIENTED_EDGE('',*,*,#6981,.F.);
#8822=ORIENTED_EDGE('',*,*,#6982,.F.);
#8823=ORIENTED_EDGE('',*,*,#6983,.F.);
#8824=ORIENTED_EDGE('',*,*,#6984,.F.);
#8825=ORIENTED_EDGE('',*,*,#6985,.F.);
#8826=ORIENTED_EDGE('',*,*,#6986,.F.);
#8827=ORIENTED_EDGE('',*,*,#6987,.F.);
#8828=ORIENTED_EDGE('',*,*,#6988,.F.);
#8829=ORIENTED_EDGE('',*,*,#6989,.F.);
#8830=ORIENTED_EDGE('',*,*,#6990,.F.);
#8831=ORIENTED_EDGE('',*,*,#6991,.F.);
#8832=ORIENTED_EDGE('',*,*,#6992,.F.);
#8833=ORIENTED_EDGE('',*,*,#6993,.F.);
#8834=ORIENTED_EDGE('',*,*,#6994,.F.);
#8835=ORIENTED_EDGE('',*,*,#6995,.F.);
#8836=ORIENTED_EDGE('',*,*,#6996,.F.);
#8837=ORIENTED_EDGE('',*,*,#6997,.F.);
#8838=ORIENTED_EDGE('',*,*,#6998,.F.);
#8839=ORIENTED_EDGE('',*,*,#6999,.F.);
#8840=ORIENTED_EDGE('',*,*,#7000,.F.);
#8841=ORIENTED_EDGE('',*,*,#7001,.F.);
#8842=ORIENTED_EDGE('',*,*,#7002,.F.);
#8843=ORIENTED_EDGE('',*,*,#7003,.F.);
#8844=ORIENTED_EDGE('',*,*,#7004,.F.);
#8845=ORIENTED_EDGE('',*,*,#7005,.F.);
#8846=ORIENTED_EDGE('',*,*,#7006,.F.);
#8847=ORIENTED_EDGE('',*,*,#7007,.F.);
#8848=ORIENTED_EDGE('',*,*,#7008,.F.);
#8849=ORIENTED_EDGE('',*,*,#7009,.F.);
#8850=ORIENTED_EDGE('',*,*,#7010,.F.);
#8851=ORIENTED_EDGE('',*,*,#7011,.F.);
#8852=ORIENTED_EDGE('',*,*,#7012,.F.);
#8853=ORIENTED_EDGE('',*,*,#7013,.F.);
#8854=ORIENTED_EDGE('',*,*,#7014,.F.);
#8855=ORIENTED_EDGE('',*,*,#7015,.F.);
#8856=ORIENTED_EDGE('',*,*,#7016,.F.);
#8857=ORIENTED_EDGE('',*,*,#7017,.F.);
#8858=ORIENTED_EDGE('',*,*,#7018,.F.);
#8859=ORIENTED_EDGE('',*,*,#7019,.F.);
#8860=ORIENTED_EDGE('',*,*,#7020,.F.);
#8861=ORIENTED_EDGE('',*,*,#7021,.F.);
#8862=ORIENTED_EDGE('',*,*,#7022,.F.);
#8863=ORIENTED_EDGE('',*,*,#7023,.F.);
#8864=ORIENTED_EDGE('',*,*,#7024,.F.);
#8865=ORIENTED_EDGE('',*,*,#7025,.F.);
#8866=ORIENTED_EDGE('',*,*,#7026,.F.);
#8867=ORIENTED_EDGE('',*,*,#7027,.F.);
#8868=ORIENTED_EDGE('',*,*,#7028,.F.);
#8869=ORIENTED_EDGE('',*,*,#7029,.F.);
#8870=ORIENTED_EDGE('',*,*,#7030,.F.);
#8871=ORIENTED_EDGE('',*,*,#7031,.F.);
#8872=ORIENTED_EDGE('',*,*,#7032,.F.);
#8873=ORIENTED_EDGE('',*,*,#7033,.F.);
#8874=ORIENTED_EDGE('',*,*,#7034,.F.);
#8875=ORIENTED_EDGE('',*,*,#7035,.F.);
#8876=ORIENTED_EDGE('',*,*,#7036,.F.);
#8877=ORIENTED_EDGE('',*,*,#7037,.F.);
#8878=ORIENTED_EDGE('',*,*,#7038,.F.);
#8879=ORIENTED_EDGE('',*,*,#7039,.F.);
#8880=ORIENTED_EDGE('',*,*,#7040,.F.);
#8881=ORIENTED_EDGE('',*,*,#7041,.F.);
#8882=ORIENTED_EDGE('',*,*,#7042,.F.);
#8883=ORIENTED_EDGE('',*,*,#7043,.F.);
#8884=ORIENTED_EDGE('',*,*,#7044,.F.);
#8885=ORIENTED_EDGE('',*,*,#7045,.F.);
#8886=ORIENTED_EDGE('',*,*,#7046,.F.);
#8887=ORIENTED_EDGE('',*,*,#7047,.F.);
#8888=ORIENTED_EDGE('',*,*,#7048,.F.);
#8889=ORIENTED_EDGE('',*,*,#7049,.F.);
#8890=ORIENTED_EDGE('',*,*,#7050,.F.);
#8891=ORIENTED_EDGE('',*,*,#7051,.F.);
#8892=ORIENTED_EDGE('',*,*,#7052,.F.);
#8893=ORIENTED_EDGE('',*,*,#7053,.F.);
#8894=ORIENTED_EDGE('',*,*,#7054,.F.);
#8895=ORIENTED_EDGE('',*,*,#7055,.F.);
#8896=ORIENTED_EDGE('',*,*,#7056,.F.);
#8897=ORIENTED_EDGE('',*,*,#7057,.F.);
#8898=ORIENTED_EDGE('',*,*,#7058,.F.);
#8899=ORIENTED_EDGE('',*,*,#7059,.F.);
#8900=ORIENTED_EDGE('',*,*,#7060,.F.);
#8901=ORIENTED_EDGE('',*,*,#7061,.F.);
#8902=ORIENTED_EDGE('',*,*,#7062,.F.);
#8903=ORIENTED_EDGE('',*,*,#7063,.F.);
#8904=ORIENTED_EDGE('',*,*,#7064,.F.);
#8905=ORIENTED_EDGE('',*,*,#7065,.F.);
#8906=ORIENTED_EDGE('',*,*,#7066,.F.);
#8907=ORIENTED_EDGE('',*,*,#7067,.F.);
#8908=ORIENTED_EDGE('',*,*,#7068,.F.);
#8909=ORIENTED_EDGE('',*,*,#7069,.F.);
#8910=ORIENTED_EDGE('',*,*,#7070,.F.);
#8911=ORIENTED_EDGE('',*,*,#7071,.F.);
#8912=ORIENTED_EDGE('',*,*,#7072,.F.);
#8913=ORIENTED_EDGE('',*,*,#7073,.F.);
#8914=ORIENTED_EDGE('',*,*,#7074,.F.);
#8915=ORIENTED_EDGE('',*,*,#7075,.F.);
#8916=ORIENTED_EDGE('',*,*,#7076,.F.);
#8917=ORIENTED_EDGE('',*,*,#7077,.F.);
#8918=ORIENTED_EDGE('',*,*,#7078,.F.);
#8919=ORIENTED_EDGE('',*,*,#7079,.F.);
#8920=ORIENTED_EDGE('',*,*,#7080,.F.);
#8921=ORIENTED_EDGE('',*,*,#7081,.F.);
#8922=ORIENTED_EDGE('',*,*,#7082,.F.);
#8923=ORIENTED_EDGE('',*,*,#7083,.F.);
#8924=ORIENTED_EDGE('',*,*,#7084,.F.);
#8925=ORIENTED_EDGE('',*,*,#7085,.F.);
#8926=ORIENTED_EDGE('',*,*,#7086,.F.);
#8927=ORIENTED_EDGE('',*,*,#7087,.F.);
#8928=ORIENTED_EDGE('',*,*,#7088,.F.);
#8929=ORIENTED_EDGE('',*,*,#7089,.F.);
#8930=ORIENTED_EDGE('',*,*,#7090,.F.);
#8931=ORIENTED_EDGE('',*,*,#7091,.F.);
#8932=ORIENTED_EDGE('',*,*,#7092,.F.);
#8933=ORIENTED_EDGE('',*,*,#7093,.F.);
#8934=ORIENTED_EDGE('',*,*,#7094,.F.);
#8935=ORIENTED_EDGE('',*,*,#7095,.F.);
#8936=ORIENTED_EDGE('',*,*,#7096,.F.);
#8937=ORIENTED_EDGE('',*,*,#7097,.F.);
#8938=ORIENTED_EDGE('',*,*,#7098,.F.);
#8939=ORIENTED_EDGE('',*,*,#7099,.F.);
#8940=ORIENTED_EDGE('',*,*,#7100,.F.);
#8941=ORIENTED_EDGE('',*,*,#7101,.F.);
#8942=ORIENTED_EDGE('',*,*,#7102,.F.);
#8943=ORIENTED_EDGE('',*,*,#7103,.F.);
#8944=ORIENTED_EDGE('',*,*,#7104,.F.);
#8945=ORIENTED_EDGE('',*,*,#7105,.F.);
#8946=ORIENTED_EDGE('',*,*,#7106,.F.);
#8947=ORIENTED_EDGE('',*,*,#7107,.F.);
#8948=ORIENTED_EDGE('',*,*,#7108,.F.);
#8949=ORIENTED_EDGE('',*,*,#7109,.F.);
#8950=ORIENTED_EDGE('',*,*,#7110,.F.);
#8951=ORIENTED_EDGE('',*,*,#7111,.F.);
#8952=ORIENTED_EDGE('',*,*,#7112,.F.);
#8953=ORIENTED_EDGE('',*,*,#7113,.F.);
#8954=ORIENTED_EDGE('',*,*,#7114,.F.);
#8955=ORIENTED_EDGE('',*,*,#7115,.F.);
#8956=ORIENTED_EDGE('',*,*,#7116,.F.);
#8957=ORIENTED_EDGE('',*,*,#7117,.F.);
#8958=ORIENTED_EDGE('',*,*,#7118,.F.);
#8959=ORIENTED_EDGE('',*,*,#7119,.F.);
#8960=ORIENTED_EDGE('',*,*,#7120,.F.);
#8961=ORIENTED_EDGE('',*,*,#7121,.F.);
#8962=ORIENTED_EDGE('',*,*,#7122,.F.);
#8963=ORIENTED_EDGE('',*,*,#7123,.F.);
#8964=ORIENTED_EDGE('',*,*,#7124,.F.);
#8965=ORIENTED_EDGE('',*,*,#7125,.F.);
#8966=ORIENTED_EDGE('',*,*,#7126,.F.);
#8967=ORIENTED_EDGE('',*,*,#7127,.F.);
#8968=ORIENTED_EDGE('',*,*,#7128,.F.);
#8969=ORIENTED_EDGE('',*,*,#7129,.F.);
#8970=ORIENTED_EDGE('',*,*,#7130,.F.);
#8971=ORIENTED_EDGE('',*,*,#7131,.F.);
#8972=ORIENTED_EDGE('',*,*,#7132,.F.);
#8973=ORIENTED_EDGE('',*,*,#7133,.F.);
#8974=ORIENTED_EDGE('',*,*,#7134,.F.);
#8975=ORIENTED_EDGE('',*,*,#7135,.F.);
#8976=ORIENTED_EDGE('',*,*,#7136,.F.);
#8977=ORIENTED_EDGE('',*,*,#7137,.F.);
#8978=ORIENTED_EDGE('',*,*,#7138,.F.);
#8979=ORIENTED_EDGE('',*,*,#7139,.F.);
#8980=ORIENTED_EDGE('',*,*,#7140,.F.);
#8981=ORIENTED_EDGE('',*,*,#7141,.F.);
#8982=ORIENTED_EDGE('',*,*,#7142,.F.);
#8983=ORIENTED_EDGE('',*,*,#7143,.F.);
#8984=ORIENTED_EDGE('',*,*,#7144,.F.);
#8985=ORIENTED_EDGE('',*,*,#7145,.F.);
#8986=ORIENTED_EDGE('',*,*,#7146,.F.);
#8987=ORIENTED_EDGE('',*,*,#7147,.F.);
#8988=ORIENTED_EDGE('',*,*,#7148,.F.);
#8989=ORIENTED_EDGE('',*,*,#7149,.F.);
#8990=ORIENTED_EDGE('',*,*,#7150,.F.);
#8991=ORIENTED_EDGE('',*,*,#7151,.F.);
#8992=ORIENTED_EDGE('',*,*,#7152,.F.);
#8993=ORIENTED_EDGE('',*,*,#7153,.F.);
#8994=ORIENTED_EDGE('',*,*,#7154,.F.);
#8995=ORIENTED_EDGE('',*,*,#7155,.F.);
#8996=ORIENTED_EDGE('',*,*,#7156,.F.);
#8997=ORIENTED_EDGE('',*,*,#7157,.F.);
#8998=ORIENTED_EDGE('',*,*,#7158,.F.);
#8999=ORIENTED_EDGE('',*,*,#7159,.F.);
#9000=ORIENTED_EDGE('',*,*,#7160,.F.);
#9001=ORIENTED_EDGE('',*,*,#7161,.F.);
#9002=ORIENTED_EDGE('',*,*,#7162,.F.);
#9003=ORIENTED_EDGE('',*,*,#7163,.F.);
#9004=ORIENTED_EDGE('',*,*,#7164,.F.);
#9005=ORIENTED_EDGE('',*,*,#7165,.F.);
#9006=ORIENTED_EDGE('',*,*,#7166,.F.);
#9007=ORIENTED_EDGE('',*,*,#7167,.F.);
#9008=ORIENTED_EDGE('',*,*,#7168,.F.);
#9009=ORIENTED_EDGE('',*,*,#7169,.F.);
#9010=ORIENTED_EDGE('',*,*,#7170,.F.);
#9011=ORIENTED_EDGE('',*,*,#7171,.F.);
#9012=ORIENTED_EDGE('',*,*,#7172,.F.);
#9013=ORIENTED_EDGE('',*,*,#7173,.F.);
#9014=ORIENTED_EDGE('',*,*,#7174,.F.);
#9015=ORIENTED_EDGE('',*,*,#7175,.F.);
#9016=ORIENTED_EDGE('',*,*,#7176,.F.);
#9017=ORIENTED_EDGE('',*,*,#7177,.F.);
#9018=ORIENTED_EDGE('',*,*,#7178,.F.);
#9019=ORIENTED_EDGE('',*,*,#7179,.F.);
#9020=ORIENTED_EDGE('',*,*,#7180,.F.);
#9021=ORIENTED_EDGE('',*,*,#7181,.F.);
#9022=ORIENTED_EDGE('',*,*,#7182,.F.);
#9023=ORIENTED_EDGE('',*,*,#7183,.F.);
#9024=ORIENTED_EDGE('',*,*,#7184,.F.);
#9025=ORIENTED_EDGE('',*,*,#7185,.F.);
#9026=ORIENTED_EDGE('',*,*,#7186,.F.);
#9027=ORIENTED_EDGE('',*,*,#7187,.F.);
#9028=ORIENTED_EDGE('',*,*,#7188,.F.);
#9029=ORIENTED_EDGE('',*,*,#7189,.F.);
#9030=ORIENTED_EDGE('',*,*,#7190,.F.);
#9031=ORIENTED_EDGE('',*,*,#7191,.F.);
#9032=ORIENTED_EDGE('',*,*,#7192,.F.);
#9033=ORIENTED_EDGE('',*,*,#7193,.F.);
#9034=ORIENTED_EDGE('',*,*,#7194,.F.);
#9035=ORIENTED_EDGE('',*,*,#7195,.F.);
#9036=ORIENTED_EDGE('',*,*,#7196,.F.);
#9037=ORIENTED_EDGE('',*,*,#7197,.F.);
#9038=ORIENTED_EDGE('',*,*,#7198,.F.);
#9039=ORIENTED_EDGE('',*,*,#7199,.F.);
#9040=ORIENTED_EDGE('',*,*,#7200,.F.);
#9041=ORIENTED_EDGE('',*,*,#7201,.F.);
#9042=ORIENTED_EDGE('',*,*,#7202,.F.);
#9043=ORIENTED_EDGE('',*,*,#7203,.F.);
#9044=ORIENTED_EDGE('',*,*,#7204,.F.);
#9045=ORIENTED_EDGE('',*,*,#7205,.F.);
#9046=ORIENTED_EDGE('',*,*,#7206,.F.);
#9047=ORIENTED_EDGE('',*,*,#7207,.F.);
#9048=ORIENTED_EDGE('',*,*,#7208,.F.);
#9049=ORIENTED_EDGE('',*,*,#7209,.F.);
#9050=ORIENTED_EDGE('',*,*,#7210,.F.);
#9051=ORIENTED_EDGE('',*,*,#7211,.F.);
#9052=ORIENTED_EDGE('',*,*,#7212,.F.);
#9053=ORIENTED_EDGE('',*,*,#7213,.F.);
#9054=ORIENTED_EDGE('',*,*,#7214,.F.);
#9055=ORIENTED_EDGE('',*,*,#7215,.F.);
#9056=ORIENTED_EDGE('',*,*,#7216,.F.);
#9057=ORIENTED_EDGE('',*,*,#7217,.F.);
#9058=ORIENTED_EDGE('',*,*,#7218,.F.);
#9059=ORIENTED_EDGE('',*,*,#7219,.F.);
#9060=ORIENTED_EDGE('',*,*,#7220,.F.);
#9061=ORIENTED_EDGE('',*,*,#7221,.F.);
#9062=ORIENTED_EDGE('',*,*,#7222,.F.);
#9063=ORIENTED_EDGE('',*,*,#7223,.F.);
#9064=ORIENTED_EDGE('',*,*,#7224,.F.);
#9065=ORIENTED_EDGE('',*,*,#7225,.F.);
#9066=ORIENTED_EDGE('',*,*,#7226,.F.);
#9067=ORIENTED_EDGE('',*,*,#7227,.F.);
#9068=ORIENTED_EDGE('',*,*,#7228,.F.);
#9069=ORIENTED_EDGE('',*,*,#7229,.F.);
#9070=ORIENTED_EDGE('',*,*,#7230,.F.);
#9071=ORIENTED_EDGE('',*,*,#7231,.F.);
#9072=ORIENTED_EDGE('',*,*,#7232,.F.);
#9073=ORIENTED_EDGE('',*,*,#7233,.F.);
#9074=ORIENTED_EDGE('',*,*,#7234,.F.);
#9075=ORIENTED_EDGE('',*,*,#7235,.F.);
#9076=ORIENTED_EDGE('',*,*,#7236,.F.);
#9077=ORIENTED_EDGE('',*,*,#7237,.F.);
#9078=ORIENTED_EDGE('',*,*,#7238,.F.);
#9079=ORIENTED_EDGE('',*,*,#7239,.F.);
#9080=ORIENTED_EDGE('',*,*,#7240,.F.);
#9081=ORIENTED_EDGE('',*,*,#7241,.F.);
#9082=ORIENTED_EDGE('',*,*,#7242,.F.);
#9083=ORIENTED_EDGE('',*,*,#7243,.F.);
#9084=ORIENTED_EDGE('',*,*,#7244,.F.);
#9085=ORIENTED_EDGE('',*,*,#7245,.F.);
#9086=ORIENTED_EDGE('',*,*,#7246,.F.);
#9087=ORIENTED_EDGE('',*,*,#7247,.F.);
#9088=ORIENTED_EDGE('',*,*,#7248,.F.);
#9089=ORIENTED_EDGE('',*,*,#7249,.F.);
#9090=ORIENTED_EDGE('',*,*,#7250,.F.);
#9091=ORIENTED_EDGE('',*,*,#7251,.F.);
#9092=ORIENTED_EDGE('',*,*,#7252,.F.);
#9093=ORIENTED_EDGE('',*,*,#7253,.F.);
#9094=ORIENTED_EDGE('',*,*,#7254,.F.);
#9095=ORIENTED_EDGE('',*,*,#7255,.F.);
#9096=ORIENTED_EDGE('',*,*,#7256,.F.);
#9097=ORIENTED_EDGE('',*,*,#7257,.F.);
#9098=ORIENTED_EDGE('',*,*,#7258,.F.);
#9099=ORIENTED_EDGE('',*,*,#7259,.F.);
#9100=ORIENTED_EDGE('',*,*,#7260,.F.);
#9101=ORIENTED_EDGE('',*,*,#7261,.F.);
#9102=ORIENTED_EDGE('',*,*,#7262,.F.);
#9103=ORIENTED_EDGE('',*,*,#7263,.F.);
#9104=ORIENTED_EDGE('',*,*,#7264,.F.);
#9105=ORIENTED_EDGE('',*,*,#7265,.F.);
#9106=ORIENTED_EDGE('',*,*,#7266,.F.);
#9107=ORIENTED_EDGE('',*,*,#7267,.F.);
#9108=ORIENTED_EDGE('',*,*,#7268,.F.);
#9109=ORIENTED_EDGE('',*,*,#7269,.F.);
#9110=ORIENTED_EDGE('',*,*,#7270,.F.);
#9111=ORIENTED_EDGE('',*,*,#7271,.F.);
#9112=ORIENTED_EDGE('',*,*,#7272,.F.);
#9113=ORIENTED_EDGE('',*,*,#7273,.F.);
#9114=ORIENTED_EDGE('',*,*,#7274,.F.);
#9115=ORIENTED_EDGE('',*,*,#7275,.F.);
#9116=ORIENTED_EDGE('',*,*,#7276,.F.);
#9117=ORIENTED_EDGE('',*,*,#7277,.F.);
#9118=ORIENTED_EDGE('',*,*,#7278,.F.);
#9119=ORIENTED_EDGE('',*,*,#6793,.T.);
#9120=ORIENTED_EDGE('',*,*,#7279,.T.);
#9121=ORIENTED_EDGE('',*,*,#6073,.T.);
#9122=ORIENTED_EDGE('',*,*,#7280,.T.);
#9123=ORIENTED_EDGE('',*,*,#7280,.F.);
#9124=ORIENTED_EDGE('',*,*,#6072,.F.);
#9125=ORIENTED_EDGE('',*,*,#7281,.F.);
#9126=ORIENTED_EDGE('',*,*,#6794,.T.);
#9127=ORIENTED_EDGE('',*,*,#6069,.T.);
#9128=ORIENTED_EDGE('',*,*,#7282,.T.);
#9129=ORIENTED_EDGE('',*,*,#6797,.T.);
#9130=ORIENTED_EDGE('',*,*,#7283,.T.);
#9131=ORIENTED_EDGE('',*,*,#7283,.F.);
#9132=ORIENTED_EDGE('',*,*,#6796,.F.);
#9133=ORIENTED_EDGE('',*,*,#7284,.F.);
#9134=ORIENTED_EDGE('',*,*,#6070,.T.);
#9135=ORIENTED_EDGE('',*,*,#6765,.T.);
#9136=ORIENTED_EDGE('',*,*,#7285,.T.);
#9137=ORIENTED_EDGE('',*,*,#6101,.T.);
#9138=ORIENTED_EDGE('',*,*,#7286,.T.);
#9139=ORIENTED_EDGE('',*,*,#7286,.F.);
#9140=ORIENTED_EDGE('',*,*,#6100,.F.);
#9141=ORIENTED_EDGE('',*,*,#7287,.F.);
#9142=ORIENTED_EDGE('',*,*,#6766,.T.);
#9143=ORIENTED_EDGE('',*,*,#6097,.T.);
#9144=ORIENTED_EDGE('',*,*,#7288,.T.);
#9145=ORIENTED_EDGE('',*,*,#6769,.T.);
#9146=ORIENTED_EDGE('',*,*,#7289,.T.);
#9147=ORIENTED_EDGE('',*,*,#7289,.F.);
#9148=ORIENTED_EDGE('',*,*,#6768,.F.);
#9149=ORIENTED_EDGE('',*,*,#7290,.F.);
#9150=ORIENTED_EDGE('',*,*,#6098,.T.);
#9151=ORIENTED_EDGE('',*,*,#6111,.T.);
#9152=ORIENTED_EDGE('',*,*,#7291,.T.);
#9153=ORIENTED_EDGE('',*,*,#6755,.T.);
#9154=ORIENTED_EDGE('',*,*,#7292,.T.);
#9155=ORIENTED_EDGE('',*,*,#7291,.F.);
#9156=ORIENTED_EDGE('',*,*,#6110,.T.);
#9157=ORIENTED_EDGE('',*,*,#7293,.F.);
#9158=ORIENTED_EDGE('',*,*,#6756,.T.);
#9159=ORIENTED_EDGE('',*,*,#6751,.T.);
#9160=ORIENTED_EDGE('',*,*,#7294,.T.);
#9161=ORIENTED_EDGE('',*,*,#6115,.T.);
#9162=ORIENTED_EDGE('',*,*,#7295,.T.);
#9163=ORIENTED_EDGE('',*,*,#7294,.F.);
#9164=ORIENTED_EDGE('',*,*,#6750,.T.);
#9165=ORIENTED_EDGE('',*,*,#7296,.F.);
#9166=ORIENTED_EDGE('',*,*,#6116,.T.);
#9167=ORIENTED_EDGE('',*,*,#6129,.T.);
#9168=ORIENTED_EDGE('',*,*,#7297,.T.);
#9169=ORIENTED_EDGE('',*,*,#6737,.T.);
#9170=ORIENTED_EDGE('',*,*,#7298,.T.);
#9171=ORIENTED_EDGE('',*,*,#7297,.F.);
#9172=ORIENTED_EDGE('',*,*,#6128,.T.);
#9173=ORIENTED_EDGE('',*,*,#7299,.F.);
#9174=ORIENTED_EDGE('',*,*,#6738,.T.);
#9175=ORIENTED_EDGE('',*,*,#6733,.T.);
#9176=ORIENTED_EDGE('',*,*,#7300,.T.);
#9177=ORIENTED_EDGE('',*,*,#6133,.T.);
#9178=ORIENTED_EDGE('',*,*,#7301,.T.);
#9179=ORIENTED_EDGE('',*,*,#7300,.F.);
#9180=ORIENTED_EDGE('',*,*,#6732,.T.);
#9181=ORIENTED_EDGE('',*,*,#7302,.F.);
#9182=ORIENTED_EDGE('',*,*,#6134,.T.);
#9183=ORIENTED_EDGE('',*,*,#6143,.T.);
#9184=ORIENTED_EDGE('',*,*,#7303,.T.);
#9185=ORIENTED_EDGE('',*,*,#6723,.T.);
#9186=ORIENTED_EDGE('',*,*,#7304,.T.);
#9187=ORIENTED_EDGE('',*,*,#7303,.F.);
#9188=ORIENTED_EDGE('',*,*,#6142,.F.);
#9189=ORIENTED_EDGE('',*,*,#7305,.F.);
#9190=ORIENTED_EDGE('',*,*,#6724,.T.);
#9191=ORIENTED_EDGE('',*,*,#6719,.T.);
#9192=ORIENTED_EDGE('',*,*,#7306,.T.);
#9193=ORIENTED_EDGE('',*,*,#6147,.T.);
#9194=ORIENTED_EDGE('',*,*,#7307,.T.);
#9195=ORIENTED_EDGE('',*,*,#7306,.F.);
#9196=ORIENTED_EDGE('',*,*,#6718,.T.);
#9197=ORIENTED_EDGE('',*,*,#7308,.F.);
#9198=ORIENTED_EDGE('',*,*,#6148,.T.);
#9199=ORIENTED_EDGE('',*,*,#6161,.T.);
#9200=ORIENTED_EDGE('',*,*,#7309,.T.);
#9201=ORIENTED_EDGE('',*,*,#6705,.T.);
#9202=ORIENTED_EDGE('',*,*,#7310,.T.);
#9203=ORIENTED_EDGE('',*,*,#7309,.F.);
#9204=ORIENTED_EDGE('',*,*,#6160,.T.);
#9205=ORIENTED_EDGE('',*,*,#7311,.F.);
#9206=ORIENTED_EDGE('',*,*,#6706,.T.);
#9207=ORIENTED_EDGE('',*,*,#6701,.T.);
#9208=ORIENTED_EDGE('',*,*,#7312,.T.);
#9209=ORIENTED_EDGE('',*,*,#6165,.T.);
#9210=ORIENTED_EDGE('',*,*,#7313,.T.);
#9211=ORIENTED_EDGE('',*,*,#7312,.F.);
#9212=ORIENTED_EDGE('',*,*,#6700,.T.);
#9213=ORIENTED_EDGE('',*,*,#7314,.F.);
#9214=ORIENTED_EDGE('',*,*,#6166,.T.);
#9215=ORIENTED_EDGE('',*,*,#6175,.T.);
#9216=ORIENTED_EDGE('',*,*,#7315,.T.);
#9217=ORIENTED_EDGE('',*,*,#6691,.T.);
#9218=ORIENTED_EDGE('',*,*,#7316,.T.);
#9219=ORIENTED_EDGE('',*,*,#7315,.F.);
#9220=ORIENTED_EDGE('',*,*,#6174,.T.);
#9221=ORIENTED_EDGE('',*,*,#7317,.F.);
#9222=ORIENTED_EDGE('',*,*,#6692,.T.);
#9223=ORIENTED_EDGE('',*,*,#6687,.T.);
#9224=ORIENTED_EDGE('',*,*,#7318,.T.);
#9225=ORIENTED_EDGE('',*,*,#6179,.T.);
#9226=ORIENTED_EDGE('',*,*,#7319,.T.);
#9227=ORIENTED_EDGE('',*,*,#7318,.F.);
#9228=ORIENTED_EDGE('',*,*,#6686,.T.);
#9229=ORIENTED_EDGE('',*,*,#7320,.F.);
#9230=ORIENTED_EDGE('',*,*,#6180,.T.);
#9231=ORIENTED_EDGE('',*,*,#6870,.T.);
#9232=ORIENTED_EDGE('',*,*,#7321,.T.);
#9233=ORIENTED_EDGE('',*,*,#6665,.T.);
#9234=ORIENTED_EDGE('',*,*,#7322,.T.);
#9235=ORIENTED_EDGE('',*,*,#7321,.F.);
#9236=ORIENTED_EDGE('',*,*,#6869,.F.);
#9237=ORIENTED_EDGE('',*,*,#7323,.F.);
#9238=ORIENTED_EDGE('',*,*,#6666,.F.);
#9239=ORIENTED_EDGE('',*,*,#6667,.T.);
#9240=ORIENTED_EDGE('',*,*,#7323,.T.);
#9241=ORIENTED_EDGE('',*,*,#6868,.T.);
#9242=ORIENTED_EDGE('',*,*,#7324,.T.);
#9243=ORIENTED_EDGE('',*,*,#6862,.T.);
#9244=ORIENTED_EDGE('',*,*,#7325,.T.);
#9245=ORIENTED_EDGE('',*,*,#6657,.T.);
#9246=ORIENTED_EDGE('',*,*,#7326,.T.);
#9247=ORIENTED_EDGE('',*,*,#7325,.F.);
#9248=ORIENTED_EDGE('',*,*,#6861,.F.);
#9249=ORIENTED_EDGE('',*,*,#7327,.F.);
#9250=ORIENTED_EDGE('',*,*,#6658,.F.);
#9251=ORIENTED_EDGE('',*,*,#6659,.T.);
#9252=ORIENTED_EDGE('',*,*,#7327,.T.);
#9253=ORIENTED_EDGE('',*,*,#6860,.T.);
#9254=ORIENTED_EDGE('',*,*,#7328,.T.);
#9255=ORIENTED_EDGE('',*,*,#6778,.T.);
#9256=ORIENTED_EDGE('',*,*,#7329,.T.);
#9257=ORIENTED_EDGE('',*,*,#6088,.T.);
#9258=ORIENTED_EDGE('',*,*,#7330,.T.);
#9259=ORIENTED_EDGE('',*,*,#7329,.F.);
#9260=ORIENTED_EDGE('',*,*,#6777,.T.);
#9261=ORIENTED_EDGE('',*,*,#7331,.F.);
#9262=ORIENTED_EDGE('',*,*,#6089,.F.);
#9263=ORIENTED_EDGE('',*,*,#6090,.T.);
#9264=ORIENTED_EDGE('',*,*,#7331,.T.);
#9265=ORIENTED_EDGE('',*,*,#6776,.T.);
#9266=ORIENTED_EDGE('',*,*,#7332,.T.);
#9267=ORIENTED_EDGE('',*,*,#6786,.T.);
#9268=ORIENTED_EDGE('',*,*,#7333,.T.);
#9269=ORIENTED_EDGE('',*,*,#6080,.T.);
#9270=ORIENTED_EDGE('',*,*,#7334,.T.);
#9271=ORIENTED_EDGE('',*,*,#7333,.F.);
#9272=ORIENTED_EDGE('',*,*,#6785,.T.);
#9273=ORIENTED_EDGE('',*,*,#7335,.F.);
#9274=ORIENTED_EDGE('',*,*,#6081,.F.);
#9275=ORIENTED_EDGE('',*,*,#6082,.T.);
#9276=ORIENTED_EDGE('',*,*,#7335,.T.);
#9277=ORIENTED_EDGE('',*,*,#6784,.T.);
#9278=ORIENTED_EDGE('',*,*,#7336,.T.);
#9279=ORIENTED_EDGE('',*,*,#7324,.F.);
#9280=ORIENTED_EDGE('',*,*,#6867,.T.);
#9281=ORIENTED_EDGE('',*,*,#7337,.F.);
#9282=ORIENTED_EDGE('',*,*,#6652,.F.);
#9283=ORIENTED_EDGE('',*,*,#7322,.F.);
#9284=ORIENTED_EDGE('',*,*,#6664,.F.);
#9285=ORIENTED_EDGE('',*,*,#7338,.F.);
#9286=ORIENTED_EDGE('',*,*,#6855,.F.);
#9287=ORIENTED_EDGE('',*,*,#7328,.F.);
#9288=ORIENTED_EDGE('',*,*,#6859,.T.);
#9289=ORIENTED_EDGE('',*,*,#7339,.F.);
#9290=ORIENTED_EDGE('',*,*,#6660,.F.);
#9291=ORIENTED_EDGE('',*,*,#7326,.F.);
#9292=ORIENTED_EDGE('',*,*,#6656,.F.);
#9293=ORIENTED_EDGE('',*,*,#7340,.F.);
#9294=ORIENTED_EDGE('',*,*,#6863,.T.);
#9295=ORIENTED_EDGE('',*,*,#7332,.F.);
#9296=ORIENTED_EDGE('',*,*,#6775,.T.);
#9297=ORIENTED_EDGE('',*,*,#7341,.F.);
#9298=ORIENTED_EDGE('',*,*,#6091,.F.);
#9299=ORIENTED_EDGE('',*,*,#7330,.F.);
#9300=ORIENTED_EDGE('',*,*,#6087,.F.);
#9301=ORIENTED_EDGE('',*,*,#7342,.F.);
#9302=ORIENTED_EDGE('',*,*,#6779,.T.);
#9303=ORIENTED_EDGE('',*,*,#7336,.F.);
#9304=ORIENTED_EDGE('',*,*,#6783,.T.);
#9305=ORIENTED_EDGE('',*,*,#7343,.F.);
#9306=ORIENTED_EDGE('',*,*,#6083,.F.);
#9307=ORIENTED_EDGE('',*,*,#7334,.F.);
#9308=ORIENTED_EDGE('',*,*,#6079,.F.);
#9309=ORIENTED_EDGE('',*,*,#7344,.F.);
#9310=ORIENTED_EDGE('',*,*,#6787,.T.);
#9311=ORIENTED_EDGE('',*,*,#6858,.T.);
#9312=ORIENTED_EDGE('',*,*,#7345,.T.);
#9313=ORIENTED_EDGE('',*,*,#6661,.T.);
#9314=ORIENTED_EDGE('',*,*,#7339,.T.);
#9315=ORIENTED_EDGE('',*,*,#7345,.F.);
#9316=ORIENTED_EDGE('',*,*,#6857,.F.);
#9317=ORIENTED_EDGE('',*,*,#7346,.F.);
#9318=ORIENTED_EDGE('',*,*,#6662,.F.);
#9319=ORIENTED_EDGE('',*,*,#6663,.T.);
#9320=ORIENTED_EDGE('',*,*,#7346,.T.);
#9321=ORIENTED_EDGE('',*,*,#6856,.T.);
#9322=ORIENTED_EDGE('',*,*,#7338,.T.);
#9323=ORIENTED_EDGE('',*,*,#6655,.T.);
#9324=ORIENTED_EDGE('',*,*,#7347,.T.);
#9325=ORIENTED_EDGE('',*,*,#6864,.T.);
#9326=ORIENTED_EDGE('',*,*,#7340,.T.);
#9327=ORIENTED_EDGE('',*,*,#7347,.F.);
#9328=ORIENTED_EDGE('',*,*,#6654,.F.);
#9329=ORIENTED_EDGE('',*,*,#7348,.F.);
#9330=ORIENTED_EDGE('',*,*,#6865,.T.);
#9331=ORIENTED_EDGE('',*,*,#6653,.T.);
#9332=ORIENTED_EDGE('',*,*,#7337,.T.);
#9333=ORIENTED_EDGE('',*,*,#6866,.T.);
#9334=ORIENTED_EDGE('',*,*,#7348,.T.);
#9335=ORIENTED_EDGE('',*,*,#6078,.T.);
#9336=ORIENTED_EDGE('',*,*,#7349,.T.);
#9337=ORIENTED_EDGE('',*,*,#6788,.T.);
#9338=ORIENTED_EDGE('',*,*,#7344,.T.);
#9339=ORIENTED_EDGE('',*,*,#6774,.T.);
#9340=ORIENTED_EDGE('',*,*,#7350,.T.);
#9341=ORIENTED_EDGE('',*,*,#6092,.T.);
#9342=ORIENTED_EDGE('',*,*,#7341,.T.);
#9343=ORIENTED_EDGE('',*,*,#6086,.T.);
#9344=ORIENTED_EDGE('',*,*,#7351,.T.);
#9345=ORIENTED_EDGE('',*,*,#6780,.T.);
#9346=ORIENTED_EDGE('',*,*,#7342,.T.);
#9347=ORIENTED_EDGE('',*,*,#7351,.F.);
#9348=ORIENTED_EDGE('',*,*,#6085,.F.);
#9349=ORIENTED_EDGE('',*,*,#7352,.F.);
#9350=ORIENTED_EDGE('',*,*,#6781,.T.);
#9351=ORIENTED_EDGE('',*,*,#6782,.T.);
#9352=ORIENTED_EDGE('',*,*,#7352,.T.);
#9353=ORIENTED_EDGE('',*,*,#6084,.T.);
#9354=ORIENTED_EDGE('',*,*,#7343,.T.);
#9355=ORIENTED_EDGE('',*,*,#6892,.T.);
#9356=ORIENTED_EDGE('',*,*,#7353,.T.);
#9357=ORIENTED_EDGE('',*,*,#6629,.T.);
#9358=ORIENTED_EDGE('',*,*,#7354,.T.);
#9359=ORIENTED_EDGE('',*,*,#7353,.F.);
#9360=ORIENTED_EDGE('',*,*,#6891,.T.);
#9361=ORIENTED_EDGE('',*,*,#7355,.F.);
#9362=ORIENTED_EDGE('',*,*,#6630,.F.);
#9363=ORIENTED_EDGE('',*,*,#6651,.T.);
#9364=ORIENTED_EDGE('',*,*,#7356,.T.);
#9365=ORIENTED_EDGE('',*,*,#6894,.T.);
#9366=ORIENTED_EDGE('',*,*,#7357,.T.);
#9367=ORIENTED_EDGE('',*,*,#7356,.F.);
#9368=ORIENTED_EDGE('',*,*,#6650,.F.);
#9369=ORIENTED_EDGE('',*,*,#7358,.F.);
#9370=ORIENTED_EDGE('',*,*,#6871,.T.);
#9371=ORIENTED_EDGE('',*,*,#6882,.T.);
#9372=ORIENTED_EDGE('',*,*,#7359,.T.);
#9373=ORIENTED_EDGE('',*,*,#6639,.T.);
#9374=ORIENTED_EDGE('',*,*,#7360,.T.);
#9375=ORIENTED_EDGE('',*,*,#7359,.F.);
#9376=ORIENTED_EDGE('',*,*,#6881,.T.);
#9377=ORIENTED_EDGE('',*,*,#7361,.F.);
#9378=ORIENTED_EDGE('',*,*,#6640,.F.);
#9379=ORIENTED_EDGE('',*,*,#6880,.T.);
#9380=ORIENTED_EDGE('',*,*,#7362,.T.);
#9381=ORIENTED_EDGE('',*,*,#6641,.T.);
#9382=ORIENTED_EDGE('',*,*,#7361,.T.);
#9383=ORIENTED_EDGE('',*,*,#7362,.F.);
#9384=ORIENTED_EDGE('',*,*,#6879,.T.);
#9385=ORIENTED_EDGE('',*,*,#7363,.F.);
#9386=ORIENTED_EDGE('',*,*,#6642,.F.);
#9387=ORIENTED_EDGE('',*,*,#7354,.F.);
#9388=ORIENTED_EDGE('',*,*,#6628,.F.);
#9389=ORIENTED_EDGE('',*,*,#7357,.F.);
#9390=ORIENTED_EDGE('',*,*,#6893,.T.);
#9391=ORIENTED_EDGE('',*,*,#6645,.T.);
#9392=ORIENTED_EDGE('',*,*,#7364,.T.);
#9393=ORIENTED_EDGE('',*,*,#6876,.T.);
#9394=ORIENTED_EDGE('',*,*,#7365,.T.);
#9395=ORIENTED_EDGE('',*,*,#7365,.F.);
#9396=ORIENTED_EDGE('',*,*,#6875,.F.);
#9397=ORIENTED_EDGE('',*,*,#7366,.F.);
#9398=ORIENTED_EDGE('',*,*,#6646,.F.);
#9399=ORIENTED_EDGE('',*,*,#6874,.T.);
#9400=ORIENTED_EDGE('',*,*,#7367,.T.);
#9401=ORIENTED_EDGE('',*,*,#6647,.T.);
#9402=ORIENTED_EDGE('',*,*,#7366,.T.);
#9403=ORIENTED_EDGE('',*,*,#6886,.T.);
#9404=ORIENTED_EDGE('',*,*,#7368,.T.);
#9405=ORIENTED_EDGE('',*,*,#6635,.T.);
#9406=ORIENTED_EDGE('',*,*,#7369,.T.);
#9407=ORIENTED_EDGE('',*,*,#7369,.F.);
#9408=ORIENTED_EDGE('',*,*,#6634,.F.);
#9409=ORIENTED_EDGE('',*,*,#7370,.F.);
#9410=ORIENTED_EDGE('',*,*,#6887,.F.);
#9411=ORIENTED_EDGE('',*,*,#6633,.T.);
#9412=ORIENTED_EDGE('',*,*,#7371,.T.);
#9413=ORIENTED_EDGE('',*,*,#6888,.T.);
#9414=ORIENTED_EDGE('',*,*,#7370,.T.);
#9415=ORIENTED_EDGE('',*,*,#7371,.F.);
#9416=ORIENTED_EDGE('',*,*,#6632,.F.);
#9417=ORIENTED_EDGE('',*,*,#7372,.F.);
#9418=ORIENTED_EDGE('',*,*,#6889,.T.);
#9419=ORIENTED_EDGE('',*,*,#7368,.F.);
#9420=ORIENTED_EDGE('',*,*,#6885,.T.);
#9421=ORIENTED_EDGE('',*,*,#7373,.F.);
#9422=ORIENTED_EDGE('',*,*,#6636,.F.);
#9423=ORIENTED_EDGE('',*,*,#7367,.F.);
#9424=ORIENTED_EDGE('',*,*,#6873,.T.);
#9425=ORIENTED_EDGE('',*,*,#7374,.F.);
#9426=ORIENTED_EDGE('',*,*,#6648,.F.);
#9427=ORIENTED_EDGE('',*,*,#6643,.T.);
#9428=ORIENTED_EDGE('',*,*,#7363,.T.);
#9429=ORIENTED_EDGE('',*,*,#6878,.T.);
#9430=ORIENTED_EDGE('',*,*,#7375,.T.);
#9431=ORIENTED_EDGE('',*,*,#6872,.T.);
#9432=ORIENTED_EDGE('',*,*,#7358,.T.);
#9433=ORIENTED_EDGE('',*,*,#6649,.T.);
#9434=ORIENTED_EDGE('',*,*,#7374,.T.);
#9435=ORIENTED_EDGE('',*,*,#7364,.F.);
#9436=ORIENTED_EDGE('',*,*,#6644,.F.);
#9437=ORIENTED_EDGE('',*,*,#7375,.F.);
#9438=ORIENTED_EDGE('',*,*,#6877,.T.);
#9439=ORIENTED_EDGE('',*,*,#6884,.T.);
#9440=ORIENTED_EDGE('',*,*,#7376,.T.);
#9441=ORIENTED_EDGE('',*,*,#6637,.T.);
#9442=ORIENTED_EDGE('',*,*,#7373,.T.);
#9443=ORIENTED_EDGE('',*,*,#7360,.F.);
#9444=ORIENTED_EDGE('',*,*,#6638,.F.);
#9445=ORIENTED_EDGE('',*,*,#7376,.F.);
#9446=ORIENTED_EDGE('',*,*,#6883,.T.);
#9447=ORIENTED_EDGE('',*,*,#6890,.T.);
#9448=ORIENTED_EDGE('',*,*,#7372,.T.);
#9449=ORIENTED_EDGE('',*,*,#6631,.T.);
#9450=ORIENTED_EDGE('',*,*,#7355,.T.);
#9451=ORIENTED_EDGE('',*,*,#6825,.F.);
#9452=ORIENTED_EDGE('',*,*,#7377,.F.);
#9453=ORIENTED_EDGE('',*,*,#6222,.F.);
#9454=ORIENTED_EDGE('',*,*,#7378,.T.);
#9455=ORIENTED_EDGE('',*,*,#6826,.F.);
#9456=ORIENTED_EDGE('',*,*,#7378,.F.);
#9457=ORIENTED_EDGE('',*,*,#6221,.F.);
#9458=ORIENTED_EDGE('',*,*,#7379,.T.);
#9459=ORIENTED_EDGE('',*,*,#6823,.F.);
#9460=ORIENTED_EDGE('',*,*,#7379,.F.);
#9461=ORIENTED_EDGE('',*,*,#6220,.F.);
#9462=ORIENTED_EDGE('',*,*,#7380,.T.);
#9463=ORIENTED_EDGE('',*,*,#6824,.F.);
#9464=ORIENTED_EDGE('',*,*,#7380,.F.);
#9465=ORIENTED_EDGE('',*,*,#6223,.F.);
#9466=ORIENTED_EDGE('',*,*,#7377,.T.);
#9467=ORIENTED_EDGE('',*,*,#6905,.F.);
#9468=ORIENTED_EDGE('',*,*,#7381,.F.);
#9469=ORIENTED_EDGE('',*,*,#6618,.F.);
#9470=ORIENTED_EDGE('',*,*,#7382,.T.);
#9471=ORIENTED_EDGE('',*,*,#6906,.F.);
#9472=ORIENTED_EDGE('',*,*,#7382,.F.);
#9473=ORIENTED_EDGE('',*,*,#6617,.F.);
#9474=ORIENTED_EDGE('',*,*,#7383,.T.);
#9475=ORIENTED_EDGE('',*,*,#6903,.F.);
#9476=ORIENTED_EDGE('',*,*,#7383,.F.);
#9477=ORIENTED_EDGE('',*,*,#6616,.F.);
#9478=ORIENTED_EDGE('',*,*,#7384,.T.);
#9479=ORIENTED_EDGE('',*,*,#6904,.F.);
#9480=ORIENTED_EDGE('',*,*,#7384,.F.);
#9481=ORIENTED_EDGE('',*,*,#6619,.F.);
#9482=ORIENTED_EDGE('',*,*,#7381,.T.);
#9483=ORIENTED_EDGE('',*,*,#6909,.F.);
#9484=ORIENTED_EDGE('',*,*,#7385,.F.);
#9485=ORIENTED_EDGE('',*,*,#6614,.F.);
#9486=ORIENTED_EDGE('',*,*,#7386,.T.);
#9487=ORIENTED_EDGE('',*,*,#6910,.F.);
#9488=ORIENTED_EDGE('',*,*,#7386,.F.);
#9489=ORIENTED_EDGE('',*,*,#6613,.F.);
#9490=ORIENTED_EDGE('',*,*,#7387,.T.);
#9491=ORIENTED_EDGE('',*,*,#6907,.F.);
#9492=ORIENTED_EDGE('',*,*,#7387,.F.);
#9493=ORIENTED_EDGE('',*,*,#6612,.F.);
#9494=ORIENTED_EDGE('',*,*,#7388,.T.);
#9495=ORIENTED_EDGE('',*,*,#6908,.F.);
#9496=ORIENTED_EDGE('',*,*,#7388,.F.);
#9497=ORIENTED_EDGE('',*,*,#6615,.F.);
#9498=ORIENTED_EDGE('',*,*,#7385,.T.);
#9499=ORIENTED_EDGE('',*,*,#6829,.F.);
#9500=ORIENTED_EDGE('',*,*,#7389,.F.);
#9501=ORIENTED_EDGE('',*,*,#6226,.F.);
#9502=ORIENTED_EDGE('',*,*,#7390,.T.);
#9503=ORIENTED_EDGE('',*,*,#6830,.F.);
#9504=ORIENTED_EDGE('',*,*,#7390,.F.);
#9505=ORIENTED_EDGE('',*,*,#6225,.F.);
#9506=ORIENTED_EDGE('',*,*,#7391,.T.);
#9507=ORIENTED_EDGE('',*,*,#6827,.F.);
#9508=ORIENTED_EDGE('',*,*,#7391,.F.);
#9509=ORIENTED_EDGE('',*,*,#6224,.F.);
#9510=ORIENTED_EDGE('',*,*,#7392,.T.);
#9511=ORIENTED_EDGE('',*,*,#6828,.F.);
#9512=ORIENTED_EDGE('',*,*,#7392,.F.);
#9513=ORIENTED_EDGE('',*,*,#6227,.F.);
#9514=ORIENTED_EDGE('',*,*,#7389,.T.);
#9515=ORIENTED_EDGE('',*,*,#6913,.F.);
#9516=ORIENTED_EDGE('',*,*,#7393,.F.);
#9517=ORIENTED_EDGE('',*,*,#6610,.F.);
#9518=ORIENTED_EDGE('',*,*,#7394,.T.);
#9519=ORIENTED_EDGE('',*,*,#6914,.F.);
#9520=ORIENTED_EDGE('',*,*,#7394,.F.);
#9521=ORIENTED_EDGE('',*,*,#6609,.F.);
#9522=ORIENTED_EDGE('',*,*,#7395,.T.);
#9523=ORIENTED_EDGE('',*,*,#6911,.F.);
#9524=ORIENTED_EDGE('',*,*,#7395,.F.);
#9525=ORIENTED_EDGE('',*,*,#6608,.F.);
#9526=ORIENTED_EDGE('',*,*,#7396,.T.);
#9527=ORIENTED_EDGE('',*,*,#6912,.F.);
#9528=ORIENTED_EDGE('',*,*,#7396,.F.);
#9529=ORIENTED_EDGE('',*,*,#6611,.F.);
#9530=ORIENTED_EDGE('',*,*,#7393,.T.);
#9531=ORIENTED_EDGE('',*,*,#6917,.F.);
#9532=ORIENTED_EDGE('',*,*,#7397,.F.);
#9533=ORIENTED_EDGE('',*,*,#6606,.F.);
#9534=ORIENTED_EDGE('',*,*,#7398,.T.);
#9535=ORIENTED_EDGE('',*,*,#6918,.F.);
#9536=ORIENTED_EDGE('',*,*,#7398,.F.);
#9537=ORIENTED_EDGE('',*,*,#6605,.F.);
#9538=ORIENTED_EDGE('',*,*,#7399,.T.);
#9539=ORIENTED_EDGE('',*,*,#6915,.F.);
#9540=ORIENTED_EDGE('',*,*,#7399,.F.);
#9541=ORIENTED_EDGE('',*,*,#6604,.F.);
#9542=ORIENTED_EDGE('',*,*,#7400,.T.);
#9543=ORIENTED_EDGE('',*,*,#6916,.F.);
#9544=ORIENTED_EDGE('',*,*,#7400,.F.);
#9545=ORIENTED_EDGE('',*,*,#6607,.F.);
#9546=ORIENTED_EDGE('',*,*,#7397,.T.);
#9547=ORIENTED_EDGE('',*,*,#6921,.F.);
#9548=ORIENTED_EDGE('',*,*,#7401,.F.);
#9549=ORIENTED_EDGE('',*,*,#6602,.F.);
#9550=ORIENTED_EDGE('',*,*,#7402,.T.);
#9551=ORIENTED_EDGE('',*,*,#6922,.F.);
#9552=ORIENTED_EDGE('',*,*,#7402,.F.);
#9553=ORIENTED_EDGE('',*,*,#6601,.F.);
#9554=ORIENTED_EDGE('',*,*,#7403,.T.);
#9555=ORIENTED_EDGE('',*,*,#6919,.F.);
#9556=ORIENTED_EDGE('',*,*,#7403,.F.);
#9557=ORIENTED_EDGE('',*,*,#6600,.F.);
#9558=ORIENTED_EDGE('',*,*,#7404,.T.);
#9559=ORIENTED_EDGE('',*,*,#6920,.F.);
#9560=ORIENTED_EDGE('',*,*,#7404,.F.);
#9561=ORIENTED_EDGE('',*,*,#6603,.F.);
#9562=ORIENTED_EDGE('',*,*,#7401,.T.);
#9563=ORIENTED_EDGE('',*,*,#6925,.F.);
#9564=ORIENTED_EDGE('',*,*,#7405,.F.);
#9565=ORIENTED_EDGE('',*,*,#6598,.F.);
#9566=ORIENTED_EDGE('',*,*,#7406,.T.);
#9567=ORIENTED_EDGE('',*,*,#6926,.F.);
#9568=ORIENTED_EDGE('',*,*,#7406,.F.);
#9569=ORIENTED_EDGE('',*,*,#6597,.F.);
#9570=ORIENTED_EDGE('',*,*,#7407,.T.);
#9571=ORIENTED_EDGE('',*,*,#6923,.F.);
#9572=ORIENTED_EDGE('',*,*,#7407,.F.);
#9573=ORIENTED_EDGE('',*,*,#6596,.F.);
#9574=ORIENTED_EDGE('',*,*,#7408,.T.);
#9575=ORIENTED_EDGE('',*,*,#6924,.F.);
#9576=ORIENTED_EDGE('',*,*,#7408,.F.);
#9577=ORIENTED_EDGE('',*,*,#6599,.F.);
#9578=ORIENTED_EDGE('',*,*,#7405,.T.);
#9579=ORIENTED_EDGE('',*,*,#6125,.T.);
#9580=ORIENTED_EDGE('',*,*,#7409,.T.);
#9581=ORIENTED_EDGE('',*,*,#6741,.T.);
#9582=ORIENTED_EDGE('',*,*,#7410,.T.);
#9583=ORIENTED_EDGE('',*,*,#7409,.F.);
#9584=ORIENTED_EDGE('',*,*,#6124,.F.);
#9585=ORIENTED_EDGE('',*,*,#7411,.F.);
#9586=ORIENTED_EDGE('',*,*,#6742,.F.);
#9587=ORIENTED_EDGE('',*,*,#6739,.T.);
#9588=ORIENTED_EDGE('',*,*,#7299,.T.);
#9589=ORIENTED_EDGE('',*,*,#6127,.T.);
#9590=ORIENTED_EDGE('',*,*,#7412,.T.);
#9591=ORIENTED_EDGE('',*,*,#7410,.F.);
#9592=ORIENTED_EDGE('',*,*,#6740,.F.);
#9593=ORIENTED_EDGE('',*,*,#7412,.F.);
#9594=ORIENTED_EDGE('',*,*,#6126,.F.);
#9595=ORIENTED_EDGE('',*,*,#6137,.T.);
#9596=ORIENTED_EDGE('',*,*,#7413,.T.);
#9597=ORIENTED_EDGE('',*,*,#6729,.T.);
#9598=ORIENTED_EDGE('',*,*,#7414,.T.);
#9599=ORIENTED_EDGE('',*,*,#7413,.F.);
#9600=ORIENTED_EDGE('',*,*,#6136,.T.);
#9601=ORIENTED_EDGE('',*,*,#7415,.F.);
#9602=ORIENTED_EDGE('',*,*,#6730,.T.);
#9603=ORIENTED_EDGE('',*,*,#6135,.T.);
#9604=ORIENTED_EDGE('',*,*,#7302,.T.);
#9605=ORIENTED_EDGE('',*,*,#6731,.T.);
#9606=ORIENTED_EDGE('',*,*,#7415,.T.);
#9607=ORIENTED_EDGE('',*,*,#6139,.T.);
#9608=ORIENTED_EDGE('',*,*,#7416,.T.);
#9609=ORIENTED_EDGE('',*,*,#6727,.T.);
#9610=ORIENTED_EDGE('',*,*,#7417,.T.);
#9611=ORIENTED_EDGE('',*,*,#7414,.F.);
#9612=ORIENTED_EDGE('',*,*,#6728,.F.);
#9613=ORIENTED_EDGE('',*,*,#7416,.F.);
#9614=ORIENTED_EDGE('',*,*,#6138,.F.);
#9615=ORIENTED_EDGE('',*,*,#6725,.T.);
#9616=ORIENTED_EDGE('',*,*,#7305,.T.);
#9617=ORIENTED_EDGE('',*,*,#6141,.T.);
#9618=ORIENTED_EDGE('',*,*,#7418,.T.);
#9619=ORIENTED_EDGE('',*,*,#7417,.F.);
#9620=ORIENTED_EDGE('',*,*,#6726,.F.);
#9621=ORIENTED_EDGE('',*,*,#7418,.F.);
#9622=ORIENTED_EDGE('',*,*,#6140,.F.);
#9623=ORIENTED_EDGE('',*,*,#6151,.T.);
#9624=ORIENTED_EDGE('',*,*,#7419,.T.);
#9625=ORIENTED_EDGE('',*,*,#6715,.T.);
#9626=ORIENTED_EDGE('',*,*,#7420,.T.);
#9627=ORIENTED_EDGE('',*,*,#7419,.F.);
#9628=ORIENTED_EDGE('',*,*,#6150,.T.);
#9629=ORIENTED_EDGE('',*,*,#7421,.F.);
#9630=ORIENTED_EDGE('',*,*,#6716,.T.);
#9631=ORIENTED_EDGE('',*,*,#6149,.T.);
#9632=ORIENTED_EDGE('',*,*,#7308,.T.);
#9633=ORIENTED_EDGE('',*,*,#6717,.T.);
#9634=ORIENTED_EDGE('',*,*,#7421,.T.);
#9635=ORIENTED_EDGE('',*,*,#6117,.T.);
#9636=ORIENTED_EDGE('',*,*,#7296,.T.);
#9637=ORIENTED_EDGE('',*,*,#6749,.T.);
#9638=ORIENTED_EDGE('',*,*,#7422,.T.);
#9639=ORIENTED_EDGE('',*,*,#7422,.F.);
#9640=ORIENTED_EDGE('',*,*,#6748,.F.);
#9641=ORIENTED_EDGE('',*,*,#7423,.F.);
#9642=ORIENTED_EDGE('',*,*,#6118,.T.);
#9643=ORIENTED_EDGE('',*,*,#6757,.T.);
#9644=ORIENTED_EDGE('',*,*,#7293,.T.);
#9645=ORIENTED_EDGE('',*,*,#6109,.T.);
#9646=ORIENTED_EDGE('',*,*,#7424,.T.);
#9647=ORIENTED_EDGE('',*,*,#7424,.F.);
#9648=ORIENTED_EDGE('',*,*,#6108,.F.);
#9649=ORIENTED_EDGE('',*,*,#7425,.F.);
#9650=ORIENTED_EDGE('',*,*,#6758,.F.);
#9651=ORIENTED_EDGE('',*,*,#6103,.T.);
#9652=ORIENTED_EDGE('',*,*,#7426,.T.);
#9653=ORIENTED_EDGE('',*,*,#6763,.T.);
#9654=ORIENTED_EDGE('',*,*,#7427,.T.);
#9655=ORIENTED_EDGE('',*,*,#7427,.F.);
#9656=ORIENTED_EDGE('',*,*,#6762,.F.);
#9657=ORIENTED_EDGE('',*,*,#7428,.F.);
#9658=ORIENTED_EDGE('',*,*,#6104,.T.);
#9659=ORIENTED_EDGE('',*,*,#6771,.T.);
#9660=ORIENTED_EDGE('',*,*,#7429,.T.);
#9661=ORIENTED_EDGE('',*,*,#6095,.T.);
#9662=ORIENTED_EDGE('',*,*,#7430,.T.);
#9663=ORIENTED_EDGE('',*,*,#7430,.F.);
#9664=ORIENTED_EDGE('',*,*,#6094,.F.);
#9665=ORIENTED_EDGE('',*,*,#7431,.F.);
#9666=ORIENTED_EDGE('',*,*,#6772,.F.);
#9667=ORIENTED_EDGE('',*,*,#6075,.T.);
#9668=ORIENTED_EDGE('',*,*,#7432,.T.);
#9669=ORIENTED_EDGE('',*,*,#6791,.T.);
#9670=ORIENTED_EDGE('',*,*,#7433,.T.);
#9671=ORIENTED_EDGE('',*,*,#7433,.F.);
#9672=ORIENTED_EDGE('',*,*,#6790,.F.);
#9673=ORIENTED_EDGE('',*,*,#7434,.F.);
#9674=ORIENTED_EDGE('',*,*,#6076,.T.);
#9675=ORIENTED_EDGE('',*,*,#6799,.T.);
#9676=ORIENTED_EDGE('',*,*,#7435,.T.);
#9677=ORIENTED_EDGE('',*,*,#6067,.T.);
#9678=ORIENTED_EDGE('',*,*,#7436,.T.);
#9679=ORIENTED_EDGE('',*,*,#7436,.F.);
#9680=ORIENTED_EDGE('',*,*,#6066,.F.);
#9681=ORIENTED_EDGE('',*,*,#7437,.F.);
#9682=ORIENTED_EDGE('',*,*,#6800,.F.);
#9683=ORIENTED_EDGE('',*,*,#6061,.T.);
#9684=ORIENTED_EDGE('',*,*,#7438,.T.);
#9685=ORIENTED_EDGE('',*,*,#6805,.T.);
#9686=ORIENTED_EDGE('',*,*,#7439,.T.);
#9687=ORIENTED_EDGE('',*,*,#7439,.F.);
#9688=ORIENTED_EDGE('',*,*,#6804,.F.);
#9689=ORIENTED_EDGE('',*,*,#7440,.F.);
#9690=ORIENTED_EDGE('',*,*,#6062,.T.);
#9691=ORIENTED_EDGE('',*,*,#6675,.T.);
#9692=ORIENTED_EDGE('',*,*,#7441,.T.);
#9693=ORIENTED_EDGE('',*,*,#6191,.T.);
#9694=ORIENTED_EDGE('',*,*,#7442,.T.);
#9695=ORIENTED_EDGE('',*,*,#7442,.F.);
#9696=ORIENTED_EDGE('',*,*,#6190,.F.);
#9697=ORIENTED_EDGE('',*,*,#7443,.F.);
#9698=ORIENTED_EDGE('',*,*,#6676,.F.);
#9699=ORIENTED_EDGE('',*,*,#6181,.T.);
#9700=ORIENTED_EDGE('',*,*,#7320,.T.);
#9701=ORIENTED_EDGE('',*,*,#6685,.T.);
#9702=ORIENTED_EDGE('',*,*,#7444,.T.);
#9703=ORIENTED_EDGE('',*,*,#7444,.F.);
#9704=ORIENTED_EDGE('',*,*,#6684,.T.);
#9705=ORIENTED_EDGE('',*,*,#7445,.F.);
#9706=ORIENTED_EDGE('',*,*,#6182,.T.);
#9707=ORIENTED_EDGE('',*,*,#6693,.T.);
#9708=ORIENTED_EDGE('',*,*,#7317,.T.);
#9709=ORIENTED_EDGE('',*,*,#6173,.T.);
#9710=ORIENTED_EDGE('',*,*,#7446,.T.);
#9711=ORIENTED_EDGE('',*,*,#7446,.F.);
#9712=ORIENTED_EDGE('',*,*,#6172,.F.);
#9713=ORIENTED_EDGE('',*,*,#7447,.F.);
#9714=ORIENTED_EDGE('',*,*,#6694,.F.);
#9715=ORIENTED_EDGE('',*,*,#6167,.T.);
#9716=ORIENTED_EDGE('',*,*,#7314,.T.);
#9717=ORIENTED_EDGE('',*,*,#6699,.T.);
#9718=ORIENTED_EDGE('',*,*,#7448,.T.);
#9719=ORIENTED_EDGE('',*,*,#7448,.F.);
#9720=ORIENTED_EDGE('',*,*,#6698,.T.);
#9721=ORIENTED_EDGE('',*,*,#7449,.F.);
#9722=ORIENTED_EDGE('',*,*,#6168,.T.);
#9723=ORIENTED_EDGE('',*,*,#6707,.T.);
#9724=ORIENTED_EDGE('',*,*,#7311,.T.);
#9725=ORIENTED_EDGE('',*,*,#6159,.T.);
#9726=ORIENTED_EDGE('',*,*,#7450,.T.);
#9727=ORIENTED_EDGE('',*,*,#7450,.F.);
#9728=ORIENTED_EDGE('',*,*,#6158,.F.);
#9729=ORIENTED_EDGE('',*,*,#7451,.F.);
#9730=ORIENTED_EDGE('',*,*,#6708,.F.);
#9731=ORIENTED_EDGE('',*,*,#7288,.F.);
#9732=ORIENTED_EDGE('',*,*,#6096,.T.);
#9733=ORIENTED_EDGE('',*,*,#7429,.F.);
#9734=ORIENTED_EDGE('',*,*,#6770,.T.);
#9735=ORIENTED_EDGE('',*,*,#7292,.F.);
#9736=ORIENTED_EDGE('',*,*,#6754,.F.);
#9737=ORIENTED_EDGE('',*,*,#7452,.F.);
#9738=ORIENTED_EDGE('',*,*,#6112,.T.);
#9739=ORIENTED_EDGE('',*,*,#7282,.F.);
#9740=ORIENTED_EDGE('',*,*,#6068,.T.);
#9741=ORIENTED_EDGE('',*,*,#7435,.F.);
#9742=ORIENTED_EDGE('',*,*,#6798,.T.);
#9743=ORIENTED_EDGE('',*,*,#6054,.F.);
#9744=ORIENTED_EDGE('',*,*,#6806,.T.);
#9745=ORIENTED_EDGE('',*,*,#7438,.F.);
#9746=ORIENTED_EDGE('',*,*,#6060,.T.);
#9747=ORIENTED_EDGE('',*,*,#6668,.F.);
#9748=ORIENTED_EDGE('',*,*,#6192,.T.);
#9749=ORIENTED_EDGE('',*,*,#7441,.F.);
#9750=ORIENTED_EDGE('',*,*,#6674,.T.);
#9751=ORIENTED_EDGE('',*,*,#7279,.F.);
#9752=ORIENTED_EDGE('',*,*,#6792,.T.);
#9753=ORIENTED_EDGE('',*,*,#7432,.F.);
#9754=ORIENTED_EDGE('',*,*,#6074,.T.);
#9755=ORIENTED_EDGE('',*,*,#7295,.F.);
#9756=ORIENTED_EDGE('',*,*,#6114,.F.);
#9757=ORIENTED_EDGE('',*,*,#7453,.F.);
#9758=ORIENTED_EDGE('',*,*,#6752,.T.);
#9759=ORIENTED_EDGE('',*,*,#7285,.F.);
#9760=ORIENTED_EDGE('',*,*,#6764,.T.);
#9761=ORIENTED_EDGE('',*,*,#7426,.F.);
#9762=ORIENTED_EDGE('',*,*,#6102,.T.);
#9763=ORIENTED_EDGE('',*,*,#7319,.F.);
#9764=ORIENTED_EDGE('',*,*,#6178,.F.);
#9765=ORIENTED_EDGE('',*,*,#7454,.F.);
#9766=ORIENTED_EDGE('',*,*,#6688,.T.);
#9767=ORIENTED_EDGE('',*,*,#7313,.F.);
#9768=ORIENTED_EDGE('',*,*,#6164,.F.);
#9769=ORIENTED_EDGE('',*,*,#7455,.F.);
#9770=ORIENTED_EDGE('',*,*,#6702,.T.);
#9771=ORIENTED_EDGE('',*,*,#7310,.F.);
#9772=ORIENTED_EDGE('',*,*,#6704,.F.);
#9773=ORIENTED_EDGE('',*,*,#7456,.F.);
#9774=ORIENTED_EDGE('',*,*,#6162,.T.);
#9775=ORIENTED_EDGE('',*,*,#7316,.F.);
#9776=ORIENTED_EDGE('',*,*,#6690,.F.);
#9777=ORIENTED_EDGE('',*,*,#7457,.F.);
#9778=ORIENTED_EDGE('',*,*,#6176,.T.);
#9779=ORIENTED_EDGE('',*,*,#7307,.F.);
#9780=ORIENTED_EDGE('',*,*,#6146,.F.);
#9781=ORIENTED_EDGE('',*,*,#7458,.F.);
#9782=ORIENTED_EDGE('',*,*,#6720,.T.);
#9783=ORIENTED_EDGE('',*,*,#7301,.F.);
#9784=ORIENTED_EDGE('',*,*,#6132,.F.);
#9785=ORIENTED_EDGE('',*,*,#7459,.F.);
#9786=ORIENTED_EDGE('',*,*,#6734,.T.);
#9787=ORIENTED_EDGE('',*,*,#7298,.F.);
#9788=ORIENTED_EDGE('',*,*,#6736,.F.);
#9789=ORIENTED_EDGE('',*,*,#7460,.F.);
#9790=ORIENTED_EDGE('',*,*,#6130,.T.);
#9791=ORIENTED_EDGE('',*,*,#7304,.F.);
#9792=ORIENTED_EDGE('',*,*,#6722,.F.);
#9793=ORIENTED_EDGE('',*,*,#7461,.F.);
#9794=ORIENTED_EDGE('',*,*,#6144,.T.);
#9795=ORIENTED_EDGE('',*,*,#7458,.T.);
#9796=ORIENTED_EDGE('',*,*,#6145,.F.);
#9797=ORIENTED_EDGE('',*,*,#7461,.T.);
#9798=ORIENTED_EDGE('',*,*,#6721,.F.);
#9799=ORIENTED_EDGE('',*,*,#6747,.T.);
#9800=ORIENTED_EDGE('',*,*,#7462,.T.);
#9801=ORIENTED_EDGE('',*,*,#6119,.T.);
#9802=ORIENTED_EDGE('',*,*,#7423,.T.);
#9803=ORIENTED_EDGE('',*,*,#7462,.F.);
#9804=ORIENTED_EDGE('',*,*,#6746,.T.);
#9805=ORIENTED_EDGE('',*,*,#7463,.T.);
#9806=ORIENTED_EDGE('',*,*,#6120,.F.);
#9807=ORIENTED_EDGE('',*,*,#6761,.T.);
#9808=ORIENTED_EDGE('',*,*,#7464,.T.);
#9809=ORIENTED_EDGE('',*,*,#6105,.T.);
#9810=ORIENTED_EDGE('',*,*,#7428,.T.);
#9811=ORIENTED_EDGE('',*,*,#7464,.F.);
#9812=ORIENTED_EDGE('',*,*,#6760,.T.);
#9813=ORIENTED_EDGE('',*,*,#7465,.F.);
#9814=ORIENTED_EDGE('',*,*,#6106,.F.);
#9815=ORIENTED_EDGE('',*,*,#6107,.T.);
#9816=ORIENTED_EDGE('',*,*,#7465,.T.);
#9817=ORIENTED_EDGE('',*,*,#6759,.T.);
#9818=ORIENTED_EDGE('',*,*,#7425,.T.);
#9819=ORIENTED_EDGE('',*,*,#7349,.F.);
#9820=ORIENTED_EDGE('',*,*,#6077,.T.);
#9821=ORIENTED_EDGE('',*,*,#7434,.T.);
#9822=ORIENTED_EDGE('',*,*,#6789,.T.);
#9823=ORIENTED_EDGE('',*,*,#7350,.F.);
#9824=ORIENTED_EDGE('',*,*,#6773,.T.);
#9825=ORIENTED_EDGE('',*,*,#7431,.T.);
#9826=ORIENTED_EDGE('',*,*,#6093,.T.);
#9827=ORIENTED_EDGE('',*,*,#6189,.T.);
#9828=ORIENTED_EDGE('',*,*,#7466,.T.);
#9829=ORIENTED_EDGE('',*,*,#6677,.T.);
#9830=ORIENTED_EDGE('',*,*,#7443,.T.);
#9831=ORIENTED_EDGE('',*,*,#7466,.F.);
#9832=ORIENTED_EDGE('',*,*,#6188,.F.);
#9833=ORIENTED_EDGE('',*,*,#7467,.F.);
#9834=ORIENTED_EDGE('',*,*,#6678,.T.);
#9835=ORIENTED_EDGE('',*,*,#6063,.T.);
#9836=ORIENTED_EDGE('',*,*,#7440,.T.);
#9837=ORIENTED_EDGE('',*,*,#6803,.T.);
#9838=ORIENTED_EDGE('',*,*,#7468,.T.);
#9839=ORIENTED_EDGE('',*,*,#6065,.T.);
#9840=ORIENTED_EDGE('',*,*,#7469,.T.);
#9841=ORIENTED_EDGE('',*,*,#6801,.T.);
#9842=ORIENTED_EDGE('',*,*,#7437,.T.);
#9843=ORIENTED_EDGE('',*,*,#7468,.F.);
#9844=ORIENTED_EDGE('',*,*,#6802,.T.);
#9845=ORIENTED_EDGE('',*,*,#7469,.F.);
#9846=ORIENTED_EDGE('',*,*,#6064,.F.);
#9847=ORIENTED_EDGE('',*,*,#6683,.T.);
#9848=ORIENTED_EDGE('',*,*,#7470,.T.);
#9849=ORIENTED_EDGE('',*,*,#6183,.T.);
#9850=ORIENTED_EDGE('',*,*,#7445,.T.);
#9851=ORIENTED_EDGE('',*,*,#7470,.F.);
#9852=ORIENTED_EDGE('',*,*,#6682,.F.);
#9853=ORIENTED_EDGE('',*,*,#7471,.T.);
#9854=ORIENTED_EDGE('',*,*,#6184,.F.);
#9855=ORIENTED_EDGE('',*,*,#6157,.T.);
#9856=ORIENTED_EDGE('',*,*,#7472,.T.);
#9857=ORIENTED_EDGE('',*,*,#6709,.T.);
#9858=ORIENTED_EDGE('',*,*,#7451,.T.);
#9859=ORIENTED_EDGE('',*,*,#7472,.F.);
#9860=ORIENTED_EDGE('',*,*,#6156,.F.);
#9861=ORIENTED_EDGE('',*,*,#7473,.F.);
#9862=ORIENTED_EDGE('',*,*,#6710,.F.);
#9863=ORIENTED_EDGE('',*,*,#6171,.T.);
#9864=ORIENTED_EDGE('',*,*,#7474,.T.);
#9865=ORIENTED_EDGE('',*,*,#6695,.T.);
#9866=ORIENTED_EDGE('',*,*,#7447,.T.);
#9867=ORIENTED_EDGE('',*,*,#7474,.F.);
#9868=ORIENTED_EDGE('',*,*,#6170,.F.);
#9869=ORIENTED_EDGE('',*,*,#7475,.F.);
#9870=ORIENTED_EDGE('',*,*,#6696,.F.);
#9871=ORIENTED_EDGE('',*,*,#6169,.T.);
#9872=ORIENTED_EDGE('',*,*,#7449,.T.);
#9873=ORIENTED_EDGE('',*,*,#6697,.T.);
#9874=ORIENTED_EDGE('',*,*,#7475,.T.);
#9875=ORIENTED_EDGE('',*,*,#6672,.T.);
#9876=ORIENTED_EDGE('',*,*,#6673,.F.);
#9877=ORIENTED_EDGE('',*,*,#6058,.T.);
#9878=ORIENTED_EDGE('',*,*,#6195,.F.);
#9879=ORIENTED_EDGE('',*,*,#7452,.T.);
#9880=ORIENTED_EDGE('',*,*,#6753,.F.);
#9881=ORIENTED_EDGE('',*,*,#7453,.T.);
#9882=ORIENTED_EDGE('',*,*,#6113,.F.);
#9883=ORIENTED_EDGE('',*,*,#7284,.T.);
#9884=ORIENTED_EDGE('',*,*,#6795,.F.);
#9885=ORIENTED_EDGE('',*,*,#7281,.T.);
#9886=ORIENTED_EDGE('',*,*,#6071,.F.);
#9887=ORIENTED_EDGE('',*,*,#7290,.T.);
#9888=ORIENTED_EDGE('',*,*,#6767,.F.);
#9889=ORIENTED_EDGE('',*,*,#7287,.T.);
#9890=ORIENTED_EDGE('',*,*,#6099,.F.);
#9891=ORIENTED_EDGE('',*,*,#7460,.T.);
#9892=ORIENTED_EDGE('',*,*,#6735,.F.);
#9893=ORIENTED_EDGE('',*,*,#7459,.T.);
#9894=ORIENTED_EDGE('',*,*,#6131,.F.);
#9895=ORIENTED_EDGE('',*,*,#7420,.F.);
#9896=ORIENTED_EDGE('',*,*,#6714,.F.);
#9897=ORIENTED_EDGE('',*,*,#7476,.T.);
#9898=ORIENTED_EDGE('',*,*,#6152,.F.);
#9899=ORIENTED_EDGE('',*,*,#7457,.T.);
#9900=ORIENTED_EDGE('',*,*,#6689,.F.);
#9901=ORIENTED_EDGE('',*,*,#7454,.T.);
#9902=ORIENTED_EDGE('',*,*,#6177,.F.);
#9903=ORIENTED_EDGE('',*,*,#7456,.T.);
#9904=ORIENTED_EDGE('',*,*,#6703,.F.);
#9905=ORIENTED_EDGE('',*,*,#7455,.T.);
#9906=ORIENTED_EDGE('',*,*,#6163,.F.);
#9907=ORIENTED_EDGE('',*,*,#6187,.T.);
#9908=ORIENTED_EDGE('',*,*,#7477,.T.);
#9909=ORIENTED_EDGE('',*,*,#6679,.T.);
#9910=ORIENTED_EDGE('',*,*,#7467,.T.);
#9911=ORIENTED_EDGE('',*,*,#7272,.T.);
#9912=ORIENTED_EDGE('',*,*,#7478,.T.);
#9913=ORIENTED_EDGE('',*,*,#6595,.F.);
#9914=ORIENTED_EDGE('',*,*,#7479,.F.);
#9915=ORIENTED_EDGE('',*,*,#7273,.T.);
#9916=ORIENTED_EDGE('',*,*,#7479,.T.);
#9917=ORIENTED_EDGE('',*,*,#6594,.F.);
#9918=ORIENTED_EDGE('',*,*,#7480,.F.);
#9919=ORIENTED_EDGE('',*,*,#7274,.T.);
#9920=ORIENTED_EDGE('',*,*,#7480,.T.);
#9921=ORIENTED_EDGE('',*,*,#6593,.F.);
#9922=ORIENTED_EDGE('',*,*,#7481,.F.);
#9923=ORIENTED_EDGE('',*,*,#7275,.T.);
#9924=ORIENTED_EDGE('',*,*,#7481,.T.);
#9925=ORIENTED_EDGE('',*,*,#6592,.F.);
#9926=ORIENTED_EDGE('',*,*,#7482,.F.);
#9927=ORIENTED_EDGE('',*,*,#7276,.T.);
#9928=ORIENTED_EDGE('',*,*,#7482,.T.);
#9929=ORIENTED_EDGE('',*,*,#6591,.F.);
#9930=ORIENTED_EDGE('',*,*,#7483,.F.);
#9931=ORIENTED_EDGE('',*,*,#7277,.T.);
#9932=ORIENTED_EDGE('',*,*,#7483,.T.);
#9933=ORIENTED_EDGE('',*,*,#6590,.F.);
#9934=ORIENTED_EDGE('',*,*,#7484,.F.);
#9935=ORIENTED_EDGE('',*,*,#7278,.T.);
#9936=ORIENTED_EDGE('',*,*,#7484,.T.);
#9937=ORIENTED_EDGE('',*,*,#6589,.F.);
#9938=ORIENTED_EDGE('',*,*,#7485,.F.);
#9939=ORIENTED_EDGE('',*,*,#7271,.T.);
#9940=ORIENTED_EDGE('',*,*,#7485,.T.);
#9941=ORIENTED_EDGE('',*,*,#6588,.F.);
#9942=ORIENTED_EDGE('',*,*,#7478,.F.);
#9943=ORIENTED_EDGE('',*,*,#7264,.T.);
#9944=ORIENTED_EDGE('',*,*,#7486,.T.);
#9945=ORIENTED_EDGE('',*,*,#6587,.F.);
#9946=ORIENTED_EDGE('',*,*,#7487,.F.);
#9947=ORIENTED_EDGE('',*,*,#7265,.T.);
#9948=ORIENTED_EDGE('',*,*,#7487,.T.);
#9949=ORIENTED_EDGE('',*,*,#6586,.F.);
#9950=ORIENTED_EDGE('',*,*,#7488,.F.);
#9951=ORIENTED_EDGE('',*,*,#7266,.T.);
#9952=ORIENTED_EDGE('',*,*,#7488,.T.);
#9953=ORIENTED_EDGE('',*,*,#6585,.F.);
#9954=ORIENTED_EDGE('',*,*,#7489,.F.);
#9955=ORIENTED_EDGE('',*,*,#7267,.T.);
#9956=ORIENTED_EDGE('',*,*,#7489,.T.);
#9957=ORIENTED_EDGE('',*,*,#6584,.F.);
#9958=ORIENTED_EDGE('',*,*,#7490,.F.);
#9959=ORIENTED_EDGE('',*,*,#7268,.T.);
#9960=ORIENTED_EDGE('',*,*,#7490,.T.);
#9961=ORIENTED_EDGE('',*,*,#6583,.F.);
#9962=ORIENTED_EDGE('',*,*,#7491,.F.);
#9963=ORIENTED_EDGE('',*,*,#7269,.T.);
#9964=ORIENTED_EDGE('',*,*,#7491,.T.);
#9965=ORIENTED_EDGE('',*,*,#6582,.F.);
#9966=ORIENTED_EDGE('',*,*,#7492,.F.);
#9967=ORIENTED_EDGE('',*,*,#7270,.T.);
#9968=ORIENTED_EDGE('',*,*,#7492,.T.);
#9969=ORIENTED_EDGE('',*,*,#6581,.F.);
#9970=ORIENTED_EDGE('',*,*,#7493,.F.);
#9971=ORIENTED_EDGE('',*,*,#7263,.T.);
#9972=ORIENTED_EDGE('',*,*,#7493,.T.);
#9973=ORIENTED_EDGE('',*,*,#6580,.F.);
#9974=ORIENTED_EDGE('',*,*,#7486,.F.);
#9975=ORIENTED_EDGE('',*,*,#7256,.T.);
#9976=ORIENTED_EDGE('',*,*,#7494,.T.);
#9977=ORIENTED_EDGE('',*,*,#6579,.F.);
#9978=ORIENTED_EDGE('',*,*,#7495,.F.);
#9979=ORIENTED_EDGE('',*,*,#7257,.T.);
#9980=ORIENTED_EDGE('',*,*,#7495,.T.);
#9981=ORIENTED_EDGE('',*,*,#6578,.F.);
#9982=ORIENTED_EDGE('',*,*,#7496,.F.);
#9983=ORIENTED_EDGE('',*,*,#7258,.T.);
#9984=ORIENTED_EDGE('',*,*,#7496,.T.);
#9985=ORIENTED_EDGE('',*,*,#6577,.F.);
#9986=ORIENTED_EDGE('',*,*,#7497,.F.);
#9987=ORIENTED_EDGE('',*,*,#7259,.T.);
#9988=ORIENTED_EDGE('',*,*,#7497,.T.);
#9989=ORIENTED_EDGE('',*,*,#6576,.F.);
#9990=ORIENTED_EDGE('',*,*,#7498,.F.);
#9991=ORIENTED_EDGE('',*,*,#7260,.T.);
#9992=ORIENTED_EDGE('',*,*,#7498,.T.);
#9993=ORIENTED_EDGE('',*,*,#6575,.F.);
#9994=ORIENTED_EDGE('',*,*,#7499,.F.);
#9995=ORIENTED_EDGE('',*,*,#7261,.T.);
#9996=ORIENTED_EDGE('',*,*,#7499,.T.);
#9997=ORIENTED_EDGE('',*,*,#6574,.F.);
#9998=ORIENTED_EDGE('',*,*,#7500,.F.);
#9999=ORIENTED_EDGE('',*,*,#7262,.T.);
#10000=ORIENTED_EDGE('',*,*,#7500,.T.);
#10001=ORIENTED_EDGE('',*,*,#6573,.F.);
#10002=ORIENTED_EDGE('',*,*,#7501,.F.);
#10003=ORIENTED_EDGE('',*,*,#7255,.T.);
#10004=ORIENTED_EDGE('',*,*,#7501,.T.);
#10005=ORIENTED_EDGE('',*,*,#6572,.F.);
#10006=ORIENTED_EDGE('',*,*,#7494,.F.);
#10007=ORIENTED_EDGE('',*,*,#7248,.T.);
#10008=ORIENTED_EDGE('',*,*,#7502,.T.);
#10009=ORIENTED_EDGE('',*,*,#6571,.F.);
#10010=ORIENTED_EDGE('',*,*,#7503,.F.);
#10011=ORIENTED_EDGE('',*,*,#7249,.T.);
#10012=ORIENTED_EDGE('',*,*,#7503,.T.);
#10013=ORIENTED_EDGE('',*,*,#6570,.F.);
#10014=ORIENTED_EDGE('',*,*,#7504,.F.);
#10015=ORIENTED_EDGE('',*,*,#7250,.T.);
#10016=ORIENTED_EDGE('',*,*,#7504,.T.);
#10017=ORIENTED_EDGE('',*,*,#6569,.F.);
#10018=ORIENTED_EDGE('',*,*,#7505,.F.);
#10019=ORIENTED_EDGE('',*,*,#7251,.T.);
#10020=ORIENTED_EDGE('',*,*,#7505,.T.);
#10021=ORIENTED_EDGE('',*,*,#6568,.F.);
#10022=ORIENTED_EDGE('',*,*,#7506,.F.);
#10023=ORIENTED_EDGE('',*,*,#7252,.T.);
#10024=ORIENTED_EDGE('',*,*,#7506,.T.);
#10025=ORIENTED_EDGE('',*,*,#6567,.F.);
#10026=ORIENTED_EDGE('',*,*,#7507,.F.);
#10027=ORIENTED_EDGE('',*,*,#7253,.T.);
#10028=ORIENTED_EDGE('',*,*,#7507,.T.);
#10029=ORIENTED_EDGE('',*,*,#6566,.F.);
#10030=ORIENTED_EDGE('',*,*,#7508,.F.);
#10031=ORIENTED_EDGE('',*,*,#7254,.T.);
#10032=ORIENTED_EDGE('',*,*,#7508,.T.);
#10033=ORIENTED_EDGE('',*,*,#6565,.F.);
#10034=ORIENTED_EDGE('',*,*,#7509,.F.);
#10035=ORIENTED_EDGE('',*,*,#7247,.T.);
#10036=ORIENTED_EDGE('',*,*,#7509,.T.);
#10037=ORIENTED_EDGE('',*,*,#6564,.F.);
#10038=ORIENTED_EDGE('',*,*,#7502,.F.);
#10039=ORIENTED_EDGE('',*,*,#7240,.T.);
#10040=ORIENTED_EDGE('',*,*,#7510,.T.);
#10041=ORIENTED_EDGE('',*,*,#6563,.F.);
#10042=ORIENTED_EDGE('',*,*,#7511,.F.);
#10043=ORIENTED_EDGE('',*,*,#7241,.T.);
#10044=ORIENTED_EDGE('',*,*,#7511,.T.);
#10045=ORIENTED_EDGE('',*,*,#6562,.F.);
#10046=ORIENTED_EDGE('',*,*,#7512,.F.);
#10047=ORIENTED_EDGE('',*,*,#7242,.T.);
#10048=ORIENTED_EDGE('',*,*,#7512,.T.);
#10049=ORIENTED_EDGE('',*,*,#6561,.F.);
#10050=ORIENTED_EDGE('',*,*,#7513,.F.);
#10051=ORIENTED_EDGE('',*,*,#7243,.T.);
#10052=ORIENTED_EDGE('',*,*,#7513,.T.);
#10053=ORIENTED_EDGE('',*,*,#6560,.F.);
#10054=ORIENTED_EDGE('',*,*,#7514,.F.);
#10055=ORIENTED_EDGE('',*,*,#7244,.T.);
#10056=ORIENTED_EDGE('',*,*,#7514,.T.);
#10057=ORIENTED_EDGE('',*,*,#6559,.F.);
#10058=ORIENTED_EDGE('',*,*,#7515,.F.);
#10059=ORIENTED_EDGE('',*,*,#7245,.T.);
#10060=ORIENTED_EDGE('',*,*,#7515,.T.);
#10061=ORIENTED_EDGE('',*,*,#6558,.F.);
#10062=ORIENTED_EDGE('',*,*,#7516,.F.);
#10063=ORIENTED_EDGE('',*,*,#7246,.T.);
#10064=ORIENTED_EDGE('',*,*,#7516,.T.);
#10065=ORIENTED_EDGE('',*,*,#6557,.F.);
#10066=ORIENTED_EDGE('',*,*,#7517,.F.);
#10067=ORIENTED_EDGE('',*,*,#7239,.T.);
#10068=ORIENTED_EDGE('',*,*,#7517,.T.);
#10069=ORIENTED_EDGE('',*,*,#6556,.F.);
#10070=ORIENTED_EDGE('',*,*,#7510,.F.);
#10071=ORIENTED_EDGE('',*,*,#7232,.T.);
#10072=ORIENTED_EDGE('',*,*,#7518,.T.);
#10073=ORIENTED_EDGE('',*,*,#6555,.F.);
#10074=ORIENTED_EDGE('',*,*,#7519,.F.);
#10075=ORIENTED_EDGE('',*,*,#7233,.T.);
#10076=ORIENTED_EDGE('',*,*,#7519,.T.);
#10077=ORIENTED_EDGE('',*,*,#6554,.F.);
#10078=ORIENTED_EDGE('',*,*,#7520,.F.);
#10079=ORIENTED_EDGE('',*,*,#7234,.T.);
#10080=ORIENTED_EDGE('',*,*,#7520,.T.);
#10081=ORIENTED_EDGE('',*,*,#6553,.F.);
#10082=ORIENTED_EDGE('',*,*,#7521,.F.);
#10083=ORIENTED_EDGE('',*,*,#7235,.T.);
#10084=ORIENTED_EDGE('',*,*,#7521,.T.);
#10085=ORIENTED_EDGE('',*,*,#6552,.F.);
#10086=ORIENTED_EDGE('',*,*,#7522,.F.);
#10087=ORIENTED_EDGE('',*,*,#7236,.T.);
#10088=ORIENTED_EDGE('',*,*,#7522,.T.);
#10089=ORIENTED_EDGE('',*,*,#6551,.F.);
#10090=ORIENTED_EDGE('',*,*,#7523,.F.);
#10091=ORIENTED_EDGE('',*,*,#7237,.T.);
#10092=ORIENTED_EDGE('',*,*,#7523,.T.);
#10093=ORIENTED_EDGE('',*,*,#6550,.F.);
#10094=ORIENTED_EDGE('',*,*,#7524,.F.);
#10095=ORIENTED_EDGE('',*,*,#7238,.T.);
#10096=ORIENTED_EDGE('',*,*,#7524,.T.);
#10097=ORIENTED_EDGE('',*,*,#6549,.F.);
#10098=ORIENTED_EDGE('',*,*,#7525,.F.);
#10099=ORIENTED_EDGE('',*,*,#7231,.T.);
#10100=ORIENTED_EDGE('',*,*,#7525,.T.);
#10101=ORIENTED_EDGE('',*,*,#6548,.F.);
#10102=ORIENTED_EDGE('',*,*,#7518,.F.);
#10103=ORIENTED_EDGE('',*,*,#7224,.T.);
#10104=ORIENTED_EDGE('',*,*,#7526,.T.);
#10105=ORIENTED_EDGE('',*,*,#6547,.F.);
#10106=ORIENTED_EDGE('',*,*,#7527,.F.);
#10107=ORIENTED_EDGE('',*,*,#7225,.T.);
#10108=ORIENTED_EDGE('',*,*,#7527,.T.);
#10109=ORIENTED_EDGE('',*,*,#6546,.F.);
#10110=ORIENTED_EDGE('',*,*,#7528,.F.);
#10111=ORIENTED_EDGE('',*,*,#7226,.T.);
#10112=ORIENTED_EDGE('',*,*,#7528,.T.);
#10113=ORIENTED_EDGE('',*,*,#6545,.F.);
#10114=ORIENTED_EDGE('',*,*,#7529,.F.);
#10115=ORIENTED_EDGE('',*,*,#7227,.T.);
#10116=ORIENTED_EDGE('',*,*,#7529,.T.);
#10117=ORIENTED_EDGE('',*,*,#6544,.F.);
#10118=ORIENTED_EDGE('',*,*,#7530,.F.);
#10119=ORIENTED_EDGE('',*,*,#7228,.T.);
#10120=ORIENTED_EDGE('',*,*,#7530,.T.);
#10121=ORIENTED_EDGE('',*,*,#6543,.F.);
#10122=ORIENTED_EDGE('',*,*,#7531,.F.);
#10123=ORIENTED_EDGE('',*,*,#7229,.T.);
#10124=ORIENTED_EDGE('',*,*,#7531,.T.);
#10125=ORIENTED_EDGE('',*,*,#6542,.F.);
#10126=ORIENTED_EDGE('',*,*,#7532,.F.);
#10127=ORIENTED_EDGE('',*,*,#7230,.T.);
#10128=ORIENTED_EDGE('',*,*,#7532,.T.);
#10129=ORIENTED_EDGE('',*,*,#6541,.F.);
#10130=ORIENTED_EDGE('',*,*,#7533,.F.);
#10131=ORIENTED_EDGE('',*,*,#7223,.T.);
#10132=ORIENTED_EDGE('',*,*,#7533,.T.);
#10133=ORIENTED_EDGE('',*,*,#6540,.F.);
#10134=ORIENTED_EDGE('',*,*,#7526,.F.);
#10135=ORIENTED_EDGE('',*,*,#7216,.T.);
#10136=ORIENTED_EDGE('',*,*,#7534,.T.);
#10137=ORIENTED_EDGE('',*,*,#6539,.F.);
#10138=ORIENTED_EDGE('',*,*,#7535,.F.);
#10139=ORIENTED_EDGE('',*,*,#7217,.T.);
#10140=ORIENTED_EDGE('',*,*,#7535,.T.);
#10141=ORIENTED_EDGE('',*,*,#6538,.F.);
#10142=ORIENTED_EDGE('',*,*,#7536,.F.);
#10143=ORIENTED_EDGE('',*,*,#7218,.T.);
#10144=ORIENTED_EDGE('',*,*,#7536,.T.);
#10145=ORIENTED_EDGE('',*,*,#6537,.F.);
#10146=ORIENTED_EDGE('',*,*,#7537,.F.);
#10147=ORIENTED_EDGE('',*,*,#7219,.T.);
#10148=ORIENTED_EDGE('',*,*,#7537,.T.);
#10149=ORIENTED_EDGE('',*,*,#6536,.F.);
#10150=ORIENTED_EDGE('',*,*,#7538,.F.);
#10151=ORIENTED_EDGE('',*,*,#7220,.T.);
#10152=ORIENTED_EDGE('',*,*,#7538,.T.);
#10153=ORIENTED_EDGE('',*,*,#6535,.F.);
#10154=ORIENTED_EDGE('',*,*,#7539,.F.);
#10155=ORIENTED_EDGE('',*,*,#7221,.T.);
#10156=ORIENTED_EDGE('',*,*,#7539,.T.);
#10157=ORIENTED_EDGE('',*,*,#6534,.F.);
#10158=ORIENTED_EDGE('',*,*,#7540,.F.);
#10159=ORIENTED_EDGE('',*,*,#7222,.T.);
#10160=ORIENTED_EDGE('',*,*,#7540,.T.);
#10161=ORIENTED_EDGE('',*,*,#6533,.F.);
#10162=ORIENTED_EDGE('',*,*,#7541,.F.);
#10163=ORIENTED_EDGE('',*,*,#7215,.T.);
#10164=ORIENTED_EDGE('',*,*,#7541,.T.);
#10165=ORIENTED_EDGE('',*,*,#6532,.F.);
#10166=ORIENTED_EDGE('',*,*,#7534,.F.);
#10167=ORIENTED_EDGE('',*,*,#7208,.T.);
#10168=ORIENTED_EDGE('',*,*,#7542,.T.);
#10169=ORIENTED_EDGE('',*,*,#6531,.F.);
#10170=ORIENTED_EDGE('',*,*,#7543,.F.);
#10171=ORIENTED_EDGE('',*,*,#7209,.T.);
#10172=ORIENTED_EDGE('',*,*,#7543,.T.);
#10173=ORIENTED_EDGE('',*,*,#6530,.F.);
#10174=ORIENTED_EDGE('',*,*,#7544,.F.);
#10175=ORIENTED_EDGE('',*,*,#7210,.T.);
#10176=ORIENTED_EDGE('',*,*,#7544,.T.);
#10177=ORIENTED_EDGE('',*,*,#6529,.F.);
#10178=ORIENTED_EDGE('',*,*,#7545,.F.);
#10179=ORIENTED_EDGE('',*,*,#7211,.T.);
#10180=ORIENTED_EDGE('',*,*,#7545,.T.);
#10181=ORIENTED_EDGE('',*,*,#6528,.F.);
#10182=ORIENTED_EDGE('',*,*,#7546,.F.);
#10183=ORIENTED_EDGE('',*,*,#7212,.T.);
#10184=ORIENTED_EDGE('',*,*,#7546,.T.);
#10185=ORIENTED_EDGE('',*,*,#6527,.F.);
#10186=ORIENTED_EDGE('',*,*,#7547,.F.);
#10187=ORIENTED_EDGE('',*,*,#7213,.T.);
#10188=ORIENTED_EDGE('',*,*,#7547,.T.);
#10189=ORIENTED_EDGE('',*,*,#6526,.F.);
#10190=ORIENTED_EDGE('',*,*,#7548,.F.);
#10191=ORIENTED_EDGE('',*,*,#7214,.T.);
#10192=ORIENTED_EDGE('',*,*,#7548,.T.);
#10193=ORIENTED_EDGE('',*,*,#6525,.F.);
#10194=ORIENTED_EDGE('',*,*,#7549,.F.);
#10195=ORIENTED_EDGE('',*,*,#7207,.T.);
#10196=ORIENTED_EDGE('',*,*,#7549,.T.);
#10197=ORIENTED_EDGE('',*,*,#6524,.F.);
#10198=ORIENTED_EDGE('',*,*,#7542,.F.);
#10199=ORIENTED_EDGE('',*,*,#7200,.T.);
#10200=ORIENTED_EDGE('',*,*,#7550,.T.);
#10201=ORIENTED_EDGE('',*,*,#6523,.F.);
#10202=ORIENTED_EDGE('',*,*,#7551,.F.);
#10203=ORIENTED_EDGE('',*,*,#7201,.T.);
#10204=ORIENTED_EDGE('',*,*,#7551,.T.);
#10205=ORIENTED_EDGE('',*,*,#6522,.F.);
#10206=ORIENTED_EDGE('',*,*,#7552,.F.);
#10207=ORIENTED_EDGE('',*,*,#7202,.T.);
#10208=ORIENTED_EDGE('',*,*,#7552,.T.);
#10209=ORIENTED_EDGE('',*,*,#6521,.F.);
#10210=ORIENTED_EDGE('',*,*,#7553,.F.);
#10211=ORIENTED_EDGE('',*,*,#7203,.T.);
#10212=ORIENTED_EDGE('',*,*,#7553,.T.);
#10213=ORIENTED_EDGE('',*,*,#6520,.F.);
#10214=ORIENTED_EDGE('',*,*,#7554,.F.);
#10215=ORIENTED_EDGE('',*,*,#7204,.T.);
#10216=ORIENTED_EDGE('',*,*,#7554,.T.);
#10217=ORIENTED_EDGE('',*,*,#6519,.F.);
#10218=ORIENTED_EDGE('',*,*,#7555,.F.);
#10219=ORIENTED_EDGE('',*,*,#7205,.T.);
#10220=ORIENTED_EDGE('',*,*,#7555,.T.);
#10221=ORIENTED_EDGE('',*,*,#6518,.F.);
#10222=ORIENTED_EDGE('',*,*,#7556,.F.);
#10223=ORIENTED_EDGE('',*,*,#7206,.T.);
#10224=ORIENTED_EDGE('',*,*,#7556,.T.);
#10225=ORIENTED_EDGE('',*,*,#6517,.F.);
#10226=ORIENTED_EDGE('',*,*,#7557,.F.);
#10227=ORIENTED_EDGE('',*,*,#7199,.T.);
#10228=ORIENTED_EDGE('',*,*,#7557,.T.);
#10229=ORIENTED_EDGE('',*,*,#6516,.F.);
#10230=ORIENTED_EDGE('',*,*,#7550,.F.);
#10231=ORIENTED_EDGE('',*,*,#7192,.T.);
#10232=ORIENTED_EDGE('',*,*,#7558,.T.);
#10233=ORIENTED_EDGE('',*,*,#6515,.F.);
#10234=ORIENTED_EDGE('',*,*,#7559,.F.);
#10235=ORIENTED_EDGE('',*,*,#7193,.T.);
#10236=ORIENTED_EDGE('',*,*,#7559,.T.);
#10237=ORIENTED_EDGE('',*,*,#6514,.F.);
#10238=ORIENTED_EDGE('',*,*,#7560,.F.);
#10239=ORIENTED_EDGE('',*,*,#7194,.T.);
#10240=ORIENTED_EDGE('',*,*,#7560,.T.);
#10241=ORIENTED_EDGE('',*,*,#6513,.F.);
#10242=ORIENTED_EDGE('',*,*,#7561,.F.);
#10243=ORIENTED_EDGE('',*,*,#7195,.T.);
#10244=ORIENTED_EDGE('',*,*,#7561,.T.);
#10245=ORIENTED_EDGE('',*,*,#6512,.F.);
#10246=ORIENTED_EDGE('',*,*,#7562,.F.);
#10247=ORIENTED_EDGE('',*,*,#7196,.T.);
#10248=ORIENTED_EDGE('',*,*,#7562,.T.);
#10249=ORIENTED_EDGE('',*,*,#6511,.F.);
#10250=ORIENTED_EDGE('',*,*,#7563,.F.);
#10251=ORIENTED_EDGE('',*,*,#7197,.T.);
#10252=ORIENTED_EDGE('',*,*,#7563,.T.);
#10253=ORIENTED_EDGE('',*,*,#6510,.F.);
#10254=ORIENTED_EDGE('',*,*,#7564,.F.);
#10255=ORIENTED_EDGE('',*,*,#7198,.T.);
#10256=ORIENTED_EDGE('',*,*,#7564,.T.);
#10257=ORIENTED_EDGE('',*,*,#6509,.F.);
#10258=ORIENTED_EDGE('',*,*,#7565,.F.);
#10259=ORIENTED_EDGE('',*,*,#7191,.T.);
#10260=ORIENTED_EDGE('',*,*,#7565,.T.);
#10261=ORIENTED_EDGE('',*,*,#6508,.F.);
#10262=ORIENTED_EDGE('',*,*,#7558,.F.);
#10263=ORIENTED_EDGE('',*,*,#6851,.T.);
#10264=ORIENTED_EDGE('',*,*,#7566,.T.);
#10265=ORIENTED_EDGE('',*,*,#6200,.F.);
#10266=ORIENTED_EDGE('',*,*,#7567,.F.);
#10267=ORIENTED_EDGE('',*,*,#6852,.T.);
#10268=ORIENTED_EDGE('',*,*,#7567,.T.);
#10269=ORIENTED_EDGE('',*,*,#6199,.F.);
#10270=ORIENTED_EDGE('',*,*,#7568,.F.);
#10271=ORIENTED_EDGE('',*,*,#6853,.T.);
#10272=ORIENTED_EDGE('',*,*,#7568,.T.);
#10273=ORIENTED_EDGE('',*,*,#6198,.F.);
#10274=ORIENTED_EDGE('',*,*,#7569,.F.);
#10275=ORIENTED_EDGE('',*,*,#6854,.T.);
#10276=ORIENTED_EDGE('',*,*,#7569,.T.);
#10277=ORIENTED_EDGE('',*,*,#6197,.F.);
#10278=ORIENTED_EDGE('',*,*,#7570,.F.);
#10279=ORIENTED_EDGE('',*,*,#6847,.T.);
#10280=ORIENTED_EDGE('',*,*,#7570,.T.);
#10281=ORIENTED_EDGE('',*,*,#6196,.F.);
#10282=ORIENTED_EDGE('',*,*,#7571,.F.);
#10283=ORIENTED_EDGE('',*,*,#6848,.T.);
#10284=ORIENTED_EDGE('',*,*,#7571,.T.);
#10285=ORIENTED_EDGE('',*,*,#6203,.F.);
#10286=ORIENTED_EDGE('',*,*,#7572,.F.);
#10287=ORIENTED_EDGE('',*,*,#6849,.T.);
#10288=ORIENTED_EDGE('',*,*,#7572,.T.);
#10289=ORIENTED_EDGE('',*,*,#6202,.F.);
#10290=ORIENTED_EDGE('',*,*,#7573,.F.);
#10291=ORIENTED_EDGE('',*,*,#6850,.T.);
#10292=ORIENTED_EDGE('',*,*,#7573,.T.);
#10293=ORIENTED_EDGE('',*,*,#6201,.F.);
#10294=ORIENTED_EDGE('',*,*,#7566,.F.);
#10295=ORIENTED_EDGE('',*,*,#6843,.T.);
#10296=ORIENTED_EDGE('',*,*,#7574,.T.);
#10297=ORIENTED_EDGE('',*,*,#6208,.F.);
#10298=ORIENTED_EDGE('',*,*,#7575,.F.);
#10299=ORIENTED_EDGE('',*,*,#6844,.T.);
#10300=ORIENTED_EDGE('',*,*,#7575,.T.);
#10301=ORIENTED_EDGE('',*,*,#6207,.F.);
#10302=ORIENTED_EDGE('',*,*,#7576,.F.);
#10303=ORIENTED_EDGE('',*,*,#6845,.T.);
#10304=ORIENTED_EDGE('',*,*,#7576,.T.);
#10305=ORIENTED_EDGE('',*,*,#6206,.F.);
#10306=ORIENTED_EDGE('',*,*,#7577,.F.);
#10307=ORIENTED_EDGE('',*,*,#6846,.T.);
#10308=ORIENTED_EDGE('',*,*,#7577,.T.);
#10309=ORIENTED_EDGE('',*,*,#6205,.F.);
#10310=ORIENTED_EDGE('',*,*,#7578,.F.);
#10311=ORIENTED_EDGE('',*,*,#6839,.T.);
#10312=ORIENTED_EDGE('',*,*,#7578,.T.);
#10313=ORIENTED_EDGE('',*,*,#6204,.F.);
#10314=ORIENTED_EDGE('',*,*,#7579,.F.);
#10315=ORIENTED_EDGE('',*,*,#6840,.T.);
#10316=ORIENTED_EDGE('',*,*,#7579,.T.);
#10317=ORIENTED_EDGE('',*,*,#6211,.F.);
#10318=ORIENTED_EDGE('',*,*,#7580,.F.);
#10319=ORIENTED_EDGE('',*,*,#6841,.T.);
#10320=ORIENTED_EDGE('',*,*,#7580,.T.);
#10321=ORIENTED_EDGE('',*,*,#6210,.F.);
#10322=ORIENTED_EDGE('',*,*,#7581,.F.);
#10323=ORIENTED_EDGE('',*,*,#6842,.T.);
#10324=ORIENTED_EDGE('',*,*,#7581,.T.);
#10325=ORIENTED_EDGE('',*,*,#6209,.F.);
#10326=ORIENTED_EDGE('',*,*,#7574,.F.);
#10327=ORIENTED_EDGE('',*,*,#6835,.T.);
#10328=ORIENTED_EDGE('',*,*,#7582,.T.);
#10329=ORIENTED_EDGE('',*,*,#6216,.F.);
#10330=ORIENTED_EDGE('',*,*,#7583,.F.);
#10331=ORIENTED_EDGE('',*,*,#6836,.T.);
#10332=ORIENTED_EDGE('',*,*,#7583,.T.);
#10333=ORIENTED_EDGE('',*,*,#6215,.F.);
#10334=ORIENTED_EDGE('',*,*,#7584,.F.);
#10335=ORIENTED_EDGE('',*,*,#6837,.T.);
#10336=ORIENTED_EDGE('',*,*,#7584,.T.);
#10337=ORIENTED_EDGE('',*,*,#6214,.F.);
#10338=ORIENTED_EDGE('',*,*,#7585,.F.);
#10339=ORIENTED_EDGE('',*,*,#6838,.T.);
#10340=ORIENTED_EDGE('',*,*,#7585,.T.);
#10341=ORIENTED_EDGE('',*,*,#6213,.F.);
#10342=ORIENTED_EDGE('',*,*,#7586,.F.);
#10343=ORIENTED_EDGE('',*,*,#6831,.T.);
#10344=ORIENTED_EDGE('',*,*,#7586,.T.);
#10345=ORIENTED_EDGE('',*,*,#6212,.F.);
#10346=ORIENTED_EDGE('',*,*,#7587,.F.);
#10347=ORIENTED_EDGE('',*,*,#6832,.T.);
#10348=ORIENTED_EDGE('',*,*,#7587,.T.);
#10349=ORIENTED_EDGE('',*,*,#6219,.F.);
#10350=ORIENTED_EDGE('',*,*,#7588,.F.);
#10351=ORIENTED_EDGE('',*,*,#6833,.T.);
#10352=ORIENTED_EDGE('',*,*,#7588,.T.);
#10353=ORIENTED_EDGE('',*,*,#6218,.F.);
#10354=ORIENTED_EDGE('',*,*,#7589,.F.);
#10355=ORIENTED_EDGE('',*,*,#6834,.T.);
#10356=ORIENTED_EDGE('',*,*,#7589,.T.);
#10357=ORIENTED_EDGE('',*,*,#6217,.F.);
#10358=ORIENTED_EDGE('',*,*,#7582,.F.);
#10359=ORIENTED_EDGE('',*,*,#6807,.T.);
#10360=ORIENTED_EDGE('',*,*,#7590,.T.);
#10361=ORIENTED_EDGE('',*,*,#6228,.F.);
#10362=ORIENTED_EDGE('',*,*,#7591,.F.);
#10363=ORIENTED_EDGE('',*,*,#6808,.T.);
#10364=ORIENTED_EDGE('',*,*,#7591,.T.);
#10365=ORIENTED_EDGE('',*,*,#6235,.F.);
#10366=ORIENTED_EDGE('',*,*,#7592,.F.);
#10367=ORIENTED_EDGE('',*,*,#6809,.T.);
#10368=ORIENTED_EDGE('',*,*,#7592,.T.);
#10369=ORIENTED_EDGE('',*,*,#6234,.F.);
#10370=ORIENTED_EDGE('',*,*,#7593,.F.);
#10371=ORIENTED_EDGE('',*,*,#6810,.T.);
#10372=ORIENTED_EDGE('',*,*,#7593,.T.);
#10373=ORIENTED_EDGE('',*,*,#6233,.F.);
#10374=ORIENTED_EDGE('',*,*,#7594,.F.);
#10375=ORIENTED_EDGE('',*,*,#6811,.T.);
#10376=ORIENTED_EDGE('',*,*,#7594,.T.);
#10377=ORIENTED_EDGE('',*,*,#6232,.F.);
#10378=ORIENTED_EDGE('',*,*,#7595,.F.);
#10379=ORIENTED_EDGE('',*,*,#6812,.T.);
#10380=ORIENTED_EDGE('',*,*,#7595,.T.);
#10381=ORIENTED_EDGE('',*,*,#6231,.F.);
#10382=ORIENTED_EDGE('',*,*,#7596,.F.);
#10383=ORIENTED_EDGE('',*,*,#6813,.T.);
#10384=ORIENTED_EDGE('',*,*,#7596,.T.);
#10385=ORIENTED_EDGE('',*,*,#6230,.F.);
#10386=ORIENTED_EDGE('',*,*,#7597,.F.);
#10387=ORIENTED_EDGE('',*,*,#6814,.T.);
#10388=ORIENTED_EDGE('',*,*,#7597,.T.);
#10389=ORIENTED_EDGE('',*,*,#6229,.F.);
#10390=ORIENTED_EDGE('',*,*,#7590,.F.);
#10391=ORIENTED_EDGE('',*,*,#6815,.T.);
#10392=ORIENTED_EDGE('',*,*,#7598,.T.);
#10393=ORIENTED_EDGE('',*,*,#6236,.F.);
#10394=ORIENTED_EDGE('',*,*,#7599,.F.);
#10395=ORIENTED_EDGE('',*,*,#6816,.T.);
#10396=ORIENTED_EDGE('',*,*,#7599,.T.);
#10397=ORIENTED_EDGE('',*,*,#6243,.F.);
#10398=ORIENTED_EDGE('',*,*,#7600,.F.);
#10399=ORIENTED_EDGE('',*,*,#6817,.T.);
#10400=ORIENTED_EDGE('',*,*,#7600,.T.);
#10401=ORIENTED_EDGE('',*,*,#6242,.F.);
#10402=ORIENTED_EDGE('',*,*,#7601,.F.);
#10403=ORIENTED_EDGE('',*,*,#6818,.T.);
#10404=ORIENTED_EDGE('',*,*,#7601,.T.);
#10405=ORIENTED_EDGE('',*,*,#6241,.F.);
#10406=ORIENTED_EDGE('',*,*,#7602,.F.);
#10407=ORIENTED_EDGE('',*,*,#6819,.T.);
#10408=ORIENTED_EDGE('',*,*,#7602,.T.);
#10409=ORIENTED_EDGE('',*,*,#6240,.F.);
#10410=ORIENTED_EDGE('',*,*,#7603,.F.);
#10411=ORIENTED_EDGE('',*,*,#6820,.T.);
#10412=ORIENTED_EDGE('',*,*,#7603,.T.);
#10413=ORIENTED_EDGE('',*,*,#6239,.F.);
#10414=ORIENTED_EDGE('',*,*,#7604,.F.);
#10415=ORIENTED_EDGE('',*,*,#6821,.T.);
#10416=ORIENTED_EDGE('',*,*,#7604,.T.);
#10417=ORIENTED_EDGE('',*,*,#6238,.F.);
#10418=ORIENTED_EDGE('',*,*,#7605,.F.);
#10419=ORIENTED_EDGE('',*,*,#6822,.T.);
#10420=ORIENTED_EDGE('',*,*,#7605,.T.);
#10421=ORIENTED_EDGE('',*,*,#6237,.F.);
#10422=ORIENTED_EDGE('',*,*,#7598,.F.);
#10423=ORIENTED_EDGE('',*,*,#7184,.T.);
#10424=ORIENTED_EDGE('',*,*,#7606,.T.);
#10425=ORIENTED_EDGE('',*,*,#6507,.F.);
#10426=ORIENTED_EDGE('',*,*,#7607,.F.);
#10427=ORIENTED_EDGE('',*,*,#7185,.T.);
#10428=ORIENTED_EDGE('',*,*,#7607,.T.);
#10429=ORIENTED_EDGE('',*,*,#6506,.F.);
#10430=ORIENTED_EDGE('',*,*,#7608,.F.);
#10431=ORIENTED_EDGE('',*,*,#7186,.T.);
#10432=ORIENTED_EDGE('',*,*,#7608,.T.);
#10433=ORIENTED_EDGE('',*,*,#6505,.F.);
#10434=ORIENTED_EDGE('',*,*,#7609,.F.);
#10435=ORIENTED_EDGE('',*,*,#7187,.T.);
#10436=ORIENTED_EDGE('',*,*,#7609,.T.);
#10437=ORIENTED_EDGE('',*,*,#6504,.F.);
#10438=ORIENTED_EDGE('',*,*,#7610,.F.);
#10439=ORIENTED_EDGE('',*,*,#7188,.T.);
#10440=ORIENTED_EDGE('',*,*,#7610,.T.);
#10441=ORIENTED_EDGE('',*,*,#6503,.F.);
#10442=ORIENTED_EDGE('',*,*,#7611,.F.);
#10443=ORIENTED_EDGE('',*,*,#7189,.T.);
#10444=ORIENTED_EDGE('',*,*,#7611,.T.);
#10445=ORIENTED_EDGE('',*,*,#6502,.F.);
#10446=ORIENTED_EDGE('',*,*,#7612,.F.);
#10447=ORIENTED_EDGE('',*,*,#7190,.T.);
#10448=ORIENTED_EDGE('',*,*,#7612,.T.);
#10449=ORIENTED_EDGE('',*,*,#6501,.F.);
#10450=ORIENTED_EDGE('',*,*,#7613,.F.);
#10451=ORIENTED_EDGE('',*,*,#7183,.T.);
#10452=ORIENTED_EDGE('',*,*,#7613,.T.);
#10453=ORIENTED_EDGE('',*,*,#6500,.F.);
#10454=ORIENTED_EDGE('',*,*,#7606,.F.);
#10455=ORIENTED_EDGE('',*,*,#7176,.T.);
#10456=ORIENTED_EDGE('',*,*,#7614,.T.);
#10457=ORIENTED_EDGE('',*,*,#6499,.F.);
#10458=ORIENTED_EDGE('',*,*,#7615,.F.);
#10459=ORIENTED_EDGE('',*,*,#7177,.T.);
#10460=ORIENTED_EDGE('',*,*,#7615,.T.);
#10461=ORIENTED_EDGE('',*,*,#6498,.F.);
#10462=ORIENTED_EDGE('',*,*,#7616,.F.);
#10463=ORIENTED_EDGE('',*,*,#7178,.T.);
#10464=ORIENTED_EDGE('',*,*,#7616,.T.);
#10465=ORIENTED_EDGE('',*,*,#6497,.F.);
#10466=ORIENTED_EDGE('',*,*,#7617,.F.);
#10467=ORIENTED_EDGE('',*,*,#7179,.T.);
#10468=ORIENTED_EDGE('',*,*,#7617,.T.);
#10469=ORIENTED_EDGE('',*,*,#6496,.F.);
#10470=ORIENTED_EDGE('',*,*,#7618,.F.);
#10471=ORIENTED_EDGE('',*,*,#7180,.T.);
#10472=ORIENTED_EDGE('',*,*,#7618,.T.);
#10473=ORIENTED_EDGE('',*,*,#6495,.F.);
#10474=ORIENTED_EDGE('',*,*,#7619,.F.);
#10475=ORIENTED_EDGE('',*,*,#7181,.T.);
#10476=ORIENTED_EDGE('',*,*,#7619,.T.);
#10477=ORIENTED_EDGE('',*,*,#6494,.F.);
#10478=ORIENTED_EDGE('',*,*,#7620,.F.);
#10479=ORIENTED_EDGE('',*,*,#7182,.T.);
#10480=ORIENTED_EDGE('',*,*,#7620,.T.);
#10481=ORIENTED_EDGE('',*,*,#6493,.F.);
#10482=ORIENTED_EDGE('',*,*,#7621,.F.);
#10483=ORIENTED_EDGE('',*,*,#7175,.T.);
#10484=ORIENTED_EDGE('',*,*,#7621,.T.);
#10485=ORIENTED_EDGE('',*,*,#6492,.F.);
#10486=ORIENTED_EDGE('',*,*,#7614,.F.);
#10487=ORIENTED_EDGE('',*,*,#7168,.T.);
#10488=ORIENTED_EDGE('',*,*,#7622,.T.);
#10489=ORIENTED_EDGE('',*,*,#6491,.F.);
#10490=ORIENTED_EDGE('',*,*,#7623,.F.);
#10491=ORIENTED_EDGE('',*,*,#7169,.T.);
#10492=ORIENTED_EDGE('',*,*,#7623,.T.);
#10493=ORIENTED_EDGE('',*,*,#6490,.F.);
#10494=ORIENTED_EDGE('',*,*,#7624,.F.);
#10495=ORIENTED_EDGE('',*,*,#7170,.T.);
#10496=ORIENTED_EDGE('',*,*,#7624,.T.);
#10497=ORIENTED_EDGE('',*,*,#6489,.F.);
#10498=ORIENTED_EDGE('',*,*,#7625,.F.);
#10499=ORIENTED_EDGE('',*,*,#7171,.T.);
#10500=ORIENTED_EDGE('',*,*,#7625,.T.);
#10501=ORIENTED_EDGE('',*,*,#6488,.F.);
#10502=ORIENTED_EDGE('',*,*,#7626,.F.);
#10503=ORIENTED_EDGE('',*,*,#7172,.T.);
#10504=ORIENTED_EDGE('',*,*,#7626,.T.);
#10505=ORIENTED_EDGE('',*,*,#6487,.F.);
#10506=ORIENTED_EDGE('',*,*,#7627,.F.);
#10507=ORIENTED_EDGE('',*,*,#7173,.T.);
#10508=ORIENTED_EDGE('',*,*,#7627,.T.);
#10509=ORIENTED_EDGE('',*,*,#6486,.F.);
#10510=ORIENTED_EDGE('',*,*,#7628,.F.);
#10511=ORIENTED_EDGE('',*,*,#7174,.T.);
#10512=ORIENTED_EDGE('',*,*,#7628,.T.);
#10513=ORIENTED_EDGE('',*,*,#6485,.F.);
#10514=ORIENTED_EDGE('',*,*,#7629,.F.);
#10515=ORIENTED_EDGE('',*,*,#7167,.T.);
#10516=ORIENTED_EDGE('',*,*,#7629,.T.);
#10517=ORIENTED_EDGE('',*,*,#6484,.F.);
#10518=ORIENTED_EDGE('',*,*,#7622,.F.);
#10519=ORIENTED_EDGE('',*,*,#7160,.T.);
#10520=ORIENTED_EDGE('',*,*,#7630,.T.);
#10521=ORIENTED_EDGE('',*,*,#6483,.F.);
#10522=ORIENTED_EDGE('',*,*,#7631,.F.);
#10523=ORIENTED_EDGE('',*,*,#7161,.T.);
#10524=ORIENTED_EDGE('',*,*,#7631,.T.);
#10525=ORIENTED_EDGE('',*,*,#6482,.F.);
#10526=ORIENTED_EDGE('',*,*,#7632,.F.);
#10527=ORIENTED_EDGE('',*,*,#7162,.T.);
#10528=ORIENTED_EDGE('',*,*,#7632,.T.);
#10529=ORIENTED_EDGE('',*,*,#6481,.F.);
#10530=ORIENTED_EDGE('',*,*,#7633,.F.);
#10531=ORIENTED_EDGE('',*,*,#7163,.T.);
#10532=ORIENTED_EDGE('',*,*,#7633,.T.);
#10533=ORIENTED_EDGE('',*,*,#6480,.F.);
#10534=ORIENTED_EDGE('',*,*,#7634,.F.);
#10535=ORIENTED_EDGE('',*,*,#7164,.T.);
#10536=ORIENTED_EDGE('',*,*,#7634,.T.);
#10537=ORIENTED_EDGE('',*,*,#6479,.F.);
#10538=ORIENTED_EDGE('',*,*,#7635,.F.);
#10539=ORIENTED_EDGE('',*,*,#7165,.T.);
#10540=ORIENTED_EDGE('',*,*,#7635,.T.);
#10541=ORIENTED_EDGE('',*,*,#6478,.F.);
#10542=ORIENTED_EDGE('',*,*,#7636,.F.);
#10543=ORIENTED_EDGE('',*,*,#7166,.T.);
#10544=ORIENTED_EDGE('',*,*,#7636,.T.);
#10545=ORIENTED_EDGE('',*,*,#6477,.F.);
#10546=ORIENTED_EDGE('',*,*,#7637,.F.);
#10547=ORIENTED_EDGE('',*,*,#7159,.T.);
#10548=ORIENTED_EDGE('',*,*,#7637,.T.);
#10549=ORIENTED_EDGE('',*,*,#6476,.F.);
#10550=ORIENTED_EDGE('',*,*,#7630,.F.);
#10551=ORIENTED_EDGE('',*,*,#7152,.T.);
#10552=ORIENTED_EDGE('',*,*,#7638,.T.);
#10553=ORIENTED_EDGE('',*,*,#6475,.F.);
#10554=ORIENTED_EDGE('',*,*,#7639,.F.);
#10555=ORIENTED_EDGE('',*,*,#7153,.T.);
#10556=ORIENTED_EDGE('',*,*,#7639,.T.);
#10557=ORIENTED_EDGE('',*,*,#6474,.F.);
#10558=ORIENTED_EDGE('',*,*,#7640,.F.);
#10559=ORIENTED_EDGE('',*,*,#7154,.T.);
#10560=ORIENTED_EDGE('',*,*,#7640,.T.);
#10561=ORIENTED_EDGE('',*,*,#6473,.F.);
#10562=ORIENTED_EDGE('',*,*,#7641,.F.);
#10563=ORIENTED_EDGE('',*,*,#7155,.T.);
#10564=ORIENTED_EDGE('',*,*,#7641,.T.);
#10565=ORIENTED_EDGE('',*,*,#6472,.F.);
#10566=ORIENTED_EDGE('',*,*,#7642,.F.);
#10567=ORIENTED_EDGE('',*,*,#7156,.T.);
#10568=ORIENTED_EDGE('',*,*,#7642,.T.);
#10569=ORIENTED_EDGE('',*,*,#6471,.F.);
#10570=ORIENTED_EDGE('',*,*,#7643,.F.);
#10571=ORIENTED_EDGE('',*,*,#7157,.T.);
#10572=ORIENTED_EDGE('',*,*,#7643,.T.);
#10573=ORIENTED_EDGE('',*,*,#6470,.F.);
#10574=ORIENTED_EDGE('',*,*,#7644,.F.);
#10575=ORIENTED_EDGE('',*,*,#7158,.T.);
#10576=ORIENTED_EDGE('',*,*,#7644,.T.);
#10577=ORIENTED_EDGE('',*,*,#6469,.F.);
#10578=ORIENTED_EDGE('',*,*,#7645,.F.);
#10579=ORIENTED_EDGE('',*,*,#7151,.T.);
#10580=ORIENTED_EDGE('',*,*,#7645,.T.);
#10581=ORIENTED_EDGE('',*,*,#6468,.F.);
#10582=ORIENTED_EDGE('',*,*,#7638,.F.);
#10583=ORIENTED_EDGE('',*,*,#7144,.T.);
#10584=ORIENTED_EDGE('',*,*,#7646,.T.);
#10585=ORIENTED_EDGE('',*,*,#6467,.F.);
#10586=ORIENTED_EDGE('',*,*,#7647,.F.);
#10587=ORIENTED_EDGE('',*,*,#7145,.T.);
#10588=ORIENTED_EDGE('',*,*,#7647,.T.);
#10589=ORIENTED_EDGE('',*,*,#6466,.F.);
#10590=ORIENTED_EDGE('',*,*,#7648,.F.);
#10591=ORIENTED_EDGE('',*,*,#7146,.T.);
#10592=ORIENTED_EDGE('',*,*,#7648,.T.);
#10593=ORIENTED_EDGE('',*,*,#6465,.F.);
#10594=ORIENTED_EDGE('',*,*,#7649,.F.);
#10595=ORIENTED_EDGE('',*,*,#7147,.T.);
#10596=ORIENTED_EDGE('',*,*,#7649,.T.);
#10597=ORIENTED_EDGE('',*,*,#6464,.F.);
#10598=ORIENTED_EDGE('',*,*,#7650,.F.);
#10599=ORIENTED_EDGE('',*,*,#7148,.T.);
#10600=ORIENTED_EDGE('',*,*,#7650,.T.);
#10601=ORIENTED_EDGE('',*,*,#6463,.F.);
#10602=ORIENTED_EDGE('',*,*,#7651,.F.);
#10603=ORIENTED_EDGE('',*,*,#7149,.T.);
#10604=ORIENTED_EDGE('',*,*,#7651,.T.);
#10605=ORIENTED_EDGE('',*,*,#6462,.F.);
#10606=ORIENTED_EDGE('',*,*,#7652,.F.);
#10607=ORIENTED_EDGE('',*,*,#7150,.T.);
#10608=ORIENTED_EDGE('',*,*,#7652,.T.);
#10609=ORIENTED_EDGE('',*,*,#6461,.F.);
#10610=ORIENTED_EDGE('',*,*,#7653,.F.);
#10611=ORIENTED_EDGE('',*,*,#7143,.T.);
#10612=ORIENTED_EDGE('',*,*,#7653,.T.);
#10613=ORIENTED_EDGE('',*,*,#6460,.F.);
#10614=ORIENTED_EDGE('',*,*,#7646,.F.);
#10615=ORIENTED_EDGE('',*,*,#7136,.T.);
#10616=ORIENTED_EDGE('',*,*,#7654,.T.);
#10617=ORIENTED_EDGE('',*,*,#6459,.F.);
#10618=ORIENTED_EDGE('',*,*,#7655,.F.);
#10619=ORIENTED_EDGE('',*,*,#7137,.T.);
#10620=ORIENTED_EDGE('',*,*,#7655,.T.);
#10621=ORIENTED_EDGE('',*,*,#6458,.F.);
#10622=ORIENTED_EDGE('',*,*,#7656,.F.);
#10623=ORIENTED_EDGE('',*,*,#7138,.T.);
#10624=ORIENTED_EDGE('',*,*,#7656,.T.);
#10625=ORIENTED_EDGE('',*,*,#6457,.F.);
#10626=ORIENTED_EDGE('',*,*,#7657,.F.);
#10627=ORIENTED_EDGE('',*,*,#7139,.T.);
#10628=ORIENTED_EDGE('',*,*,#7657,.T.);
#10629=ORIENTED_EDGE('',*,*,#6456,.F.);
#10630=ORIENTED_EDGE('',*,*,#7658,.F.);
#10631=ORIENTED_EDGE('',*,*,#7140,.T.);
#10632=ORIENTED_EDGE('',*,*,#7658,.T.);
#10633=ORIENTED_EDGE('',*,*,#6455,.F.);
#10634=ORIENTED_EDGE('',*,*,#7659,.F.);
#10635=ORIENTED_EDGE('',*,*,#7141,.T.);
#10636=ORIENTED_EDGE('',*,*,#7659,.T.);
#10637=ORIENTED_EDGE('',*,*,#6454,.F.);
#10638=ORIENTED_EDGE('',*,*,#7660,.F.);
#10639=ORIENTED_EDGE('',*,*,#7142,.T.);
#10640=ORIENTED_EDGE('',*,*,#7660,.T.);
#10641=ORIENTED_EDGE('',*,*,#6453,.F.);
#10642=ORIENTED_EDGE('',*,*,#7661,.F.);
#10643=ORIENTED_EDGE('',*,*,#7135,.T.);
#10644=ORIENTED_EDGE('',*,*,#7661,.T.);
#10645=ORIENTED_EDGE('',*,*,#6452,.F.);
#10646=ORIENTED_EDGE('',*,*,#7654,.F.);
#10647=ORIENTED_EDGE('',*,*,#7128,.T.);
#10648=ORIENTED_EDGE('',*,*,#7662,.T.);
#10649=ORIENTED_EDGE('',*,*,#6451,.F.);
#10650=ORIENTED_EDGE('',*,*,#7663,.F.);
#10651=ORIENTED_EDGE('',*,*,#7129,.T.);
#10652=ORIENTED_EDGE('',*,*,#7663,.T.);
#10653=ORIENTED_EDGE('',*,*,#6450,.F.);
#10654=ORIENTED_EDGE('',*,*,#7664,.F.);
#10655=ORIENTED_EDGE('',*,*,#7130,.T.);
#10656=ORIENTED_EDGE('',*,*,#7664,.T.);
#10657=ORIENTED_EDGE('',*,*,#6449,.F.);
#10658=ORIENTED_EDGE('',*,*,#7665,.F.);
#10659=ORIENTED_EDGE('',*,*,#7131,.T.);
#10660=ORIENTED_EDGE('',*,*,#7665,.T.);
#10661=ORIENTED_EDGE('',*,*,#6448,.F.);
#10662=ORIENTED_EDGE('',*,*,#7666,.F.);
#10663=ORIENTED_EDGE('',*,*,#7132,.T.);
#10664=ORIENTED_EDGE('',*,*,#7666,.T.);
#10665=ORIENTED_EDGE('',*,*,#6447,.F.);
#10666=ORIENTED_EDGE('',*,*,#7667,.F.);
#10667=ORIENTED_EDGE('',*,*,#7133,.T.);
#10668=ORIENTED_EDGE('',*,*,#7667,.T.);
#10669=ORIENTED_EDGE('',*,*,#6446,.F.);
#10670=ORIENTED_EDGE('',*,*,#7668,.F.);
#10671=ORIENTED_EDGE('',*,*,#7134,.T.);
#10672=ORIENTED_EDGE('',*,*,#7668,.T.);
#10673=ORIENTED_EDGE('',*,*,#6445,.F.);
#10674=ORIENTED_EDGE('',*,*,#7669,.F.);
#10675=ORIENTED_EDGE('',*,*,#7127,.T.);
#10676=ORIENTED_EDGE('',*,*,#7669,.T.);
#10677=ORIENTED_EDGE('',*,*,#6444,.F.);
#10678=ORIENTED_EDGE('',*,*,#7662,.F.);
#10679=ORIENTED_EDGE('',*,*,#7120,.T.);
#10680=ORIENTED_EDGE('',*,*,#7670,.T.);
#10681=ORIENTED_EDGE('',*,*,#6443,.F.);
#10682=ORIENTED_EDGE('',*,*,#7671,.F.);
#10683=ORIENTED_EDGE('',*,*,#7121,.T.);
#10684=ORIENTED_EDGE('',*,*,#7671,.T.);
#10685=ORIENTED_EDGE('',*,*,#6442,.F.);
#10686=ORIENTED_EDGE('',*,*,#7672,.F.);
#10687=ORIENTED_EDGE('',*,*,#7122,.T.);
#10688=ORIENTED_EDGE('',*,*,#7672,.T.);
#10689=ORIENTED_EDGE('',*,*,#6441,.F.);
#10690=ORIENTED_EDGE('',*,*,#7673,.F.);
#10691=ORIENTED_EDGE('',*,*,#7123,.T.);
#10692=ORIENTED_EDGE('',*,*,#7673,.T.);
#10693=ORIENTED_EDGE('',*,*,#6440,.F.);
#10694=ORIENTED_EDGE('',*,*,#7674,.F.);
#10695=ORIENTED_EDGE('',*,*,#7124,.T.);
#10696=ORIENTED_EDGE('',*,*,#7674,.T.);
#10697=ORIENTED_EDGE('',*,*,#6439,.F.);
#10698=ORIENTED_EDGE('',*,*,#7675,.F.);
#10699=ORIENTED_EDGE('',*,*,#7125,.T.);
#10700=ORIENTED_EDGE('',*,*,#7675,.T.);
#10701=ORIENTED_EDGE('',*,*,#6438,.F.);
#10702=ORIENTED_EDGE('',*,*,#7676,.F.);
#10703=ORIENTED_EDGE('',*,*,#7126,.T.);
#10704=ORIENTED_EDGE('',*,*,#7676,.T.);
#10705=ORIENTED_EDGE('',*,*,#6437,.F.);
#10706=ORIENTED_EDGE('',*,*,#7677,.F.);
#10707=ORIENTED_EDGE('',*,*,#7119,.T.);
#10708=ORIENTED_EDGE('',*,*,#7677,.T.);
#10709=ORIENTED_EDGE('',*,*,#6436,.F.);
#10710=ORIENTED_EDGE('',*,*,#7670,.F.);
#10711=ORIENTED_EDGE('',*,*,#7112,.T.);
#10712=ORIENTED_EDGE('',*,*,#7678,.T.);
#10713=ORIENTED_EDGE('',*,*,#6435,.F.);
#10714=ORIENTED_EDGE('',*,*,#7679,.F.);
#10715=ORIENTED_EDGE('',*,*,#7113,.T.);
#10716=ORIENTED_EDGE('',*,*,#7679,.T.);
#10717=ORIENTED_EDGE('',*,*,#6434,.F.);
#10718=ORIENTED_EDGE('',*,*,#7680,.F.);
#10719=ORIENTED_EDGE('',*,*,#7114,.T.);
#10720=ORIENTED_EDGE('',*,*,#7680,.T.);
#10721=ORIENTED_EDGE('',*,*,#6433,.F.);
#10722=ORIENTED_EDGE('',*,*,#7681,.F.);
#10723=ORIENTED_EDGE('',*,*,#7115,.T.);
#10724=ORIENTED_EDGE('',*,*,#7681,.T.);
#10725=ORIENTED_EDGE('',*,*,#6432,.F.);
#10726=ORIENTED_EDGE('',*,*,#7682,.F.);
#10727=ORIENTED_EDGE('',*,*,#7116,.T.);
#10728=ORIENTED_EDGE('',*,*,#7682,.T.);
#10729=ORIENTED_EDGE('',*,*,#6431,.F.);
#10730=ORIENTED_EDGE('',*,*,#7683,.F.);
#10731=ORIENTED_EDGE('',*,*,#7117,.T.);
#10732=ORIENTED_EDGE('',*,*,#7683,.T.);
#10733=ORIENTED_EDGE('',*,*,#6430,.F.);
#10734=ORIENTED_EDGE('',*,*,#7684,.F.);
#10735=ORIENTED_EDGE('',*,*,#7118,.T.);
#10736=ORIENTED_EDGE('',*,*,#7684,.T.);
#10737=ORIENTED_EDGE('',*,*,#6429,.F.);
#10738=ORIENTED_EDGE('',*,*,#7685,.F.);
#10739=ORIENTED_EDGE('',*,*,#7111,.T.);
#10740=ORIENTED_EDGE('',*,*,#7685,.T.);
#10741=ORIENTED_EDGE('',*,*,#6428,.F.);
#10742=ORIENTED_EDGE('',*,*,#7678,.F.);
#10743=ORIENTED_EDGE('',*,*,#7104,.T.);
#10744=ORIENTED_EDGE('',*,*,#7686,.T.);
#10745=ORIENTED_EDGE('',*,*,#6427,.F.);
#10746=ORIENTED_EDGE('',*,*,#7687,.F.);
#10747=ORIENTED_EDGE('',*,*,#7105,.T.);
#10748=ORIENTED_EDGE('',*,*,#7687,.T.);
#10749=ORIENTED_EDGE('',*,*,#6426,.F.);
#10750=ORIENTED_EDGE('',*,*,#7688,.F.);
#10751=ORIENTED_EDGE('',*,*,#7106,.T.);
#10752=ORIENTED_EDGE('',*,*,#7688,.T.);
#10753=ORIENTED_EDGE('',*,*,#6425,.F.);
#10754=ORIENTED_EDGE('',*,*,#7689,.F.);
#10755=ORIENTED_EDGE('',*,*,#7107,.T.);
#10756=ORIENTED_EDGE('',*,*,#7689,.T.);
#10757=ORIENTED_EDGE('',*,*,#6424,.F.);
#10758=ORIENTED_EDGE('',*,*,#7690,.F.);
#10759=ORIENTED_EDGE('',*,*,#7108,.T.);
#10760=ORIENTED_EDGE('',*,*,#7690,.T.);
#10761=ORIENTED_EDGE('',*,*,#6423,.F.);
#10762=ORIENTED_EDGE('',*,*,#7691,.F.);
#10763=ORIENTED_EDGE('',*,*,#7109,.T.);
#10764=ORIENTED_EDGE('',*,*,#7691,.T.);
#10765=ORIENTED_EDGE('',*,*,#6422,.F.);
#10766=ORIENTED_EDGE('',*,*,#7692,.F.);
#10767=ORIENTED_EDGE('',*,*,#7110,.T.);
#10768=ORIENTED_EDGE('',*,*,#7692,.T.);
#10769=ORIENTED_EDGE('',*,*,#6421,.F.);
#10770=ORIENTED_EDGE('',*,*,#7693,.F.);
#10771=ORIENTED_EDGE('',*,*,#7103,.T.);
#10772=ORIENTED_EDGE('',*,*,#7693,.T.);
#10773=ORIENTED_EDGE('',*,*,#6420,.F.);
#10774=ORIENTED_EDGE('',*,*,#7686,.F.);
#10775=ORIENTED_EDGE('',*,*,#7096,.T.);
#10776=ORIENTED_EDGE('',*,*,#7694,.T.);
#10777=ORIENTED_EDGE('',*,*,#6419,.F.);
#10778=ORIENTED_EDGE('',*,*,#7695,.F.);
#10779=ORIENTED_EDGE('',*,*,#7097,.T.);
#10780=ORIENTED_EDGE('',*,*,#7695,.T.);
#10781=ORIENTED_EDGE('',*,*,#6418,.F.);
#10782=ORIENTED_EDGE('',*,*,#7696,.F.);
#10783=ORIENTED_EDGE('',*,*,#7098,.T.);
#10784=ORIENTED_EDGE('',*,*,#7696,.T.);
#10785=ORIENTED_EDGE('',*,*,#6417,.F.);
#10786=ORIENTED_EDGE('',*,*,#7697,.F.);
#10787=ORIENTED_EDGE('',*,*,#7099,.T.);
#10788=ORIENTED_EDGE('',*,*,#7697,.T.);
#10789=ORIENTED_EDGE('',*,*,#6416,.F.);
#10790=ORIENTED_EDGE('',*,*,#7698,.F.);
#10791=ORIENTED_EDGE('',*,*,#7100,.T.);
#10792=ORIENTED_EDGE('',*,*,#7698,.T.);
#10793=ORIENTED_EDGE('',*,*,#6415,.F.);
#10794=ORIENTED_EDGE('',*,*,#7699,.F.);
#10795=ORIENTED_EDGE('',*,*,#7101,.T.);
#10796=ORIENTED_EDGE('',*,*,#7699,.T.);
#10797=ORIENTED_EDGE('',*,*,#6414,.F.);
#10798=ORIENTED_EDGE('',*,*,#7700,.F.);
#10799=ORIENTED_EDGE('',*,*,#7102,.T.);
#10800=ORIENTED_EDGE('',*,*,#7700,.T.);
#10801=ORIENTED_EDGE('',*,*,#6413,.F.);
#10802=ORIENTED_EDGE('',*,*,#7701,.F.);
#10803=ORIENTED_EDGE('',*,*,#7095,.T.);
#10804=ORIENTED_EDGE('',*,*,#7701,.T.);
#10805=ORIENTED_EDGE('',*,*,#6412,.F.);
#10806=ORIENTED_EDGE('',*,*,#7694,.F.);
#10807=ORIENTED_EDGE('',*,*,#7088,.T.);
#10808=ORIENTED_EDGE('',*,*,#7702,.T.);
#10809=ORIENTED_EDGE('',*,*,#6411,.F.);
#10810=ORIENTED_EDGE('',*,*,#7703,.F.);
#10811=ORIENTED_EDGE('',*,*,#7089,.T.);
#10812=ORIENTED_EDGE('',*,*,#7703,.T.);
#10813=ORIENTED_EDGE('',*,*,#6410,.F.);
#10814=ORIENTED_EDGE('',*,*,#7704,.F.);
#10815=ORIENTED_EDGE('',*,*,#7090,.T.);
#10816=ORIENTED_EDGE('',*,*,#7704,.T.);
#10817=ORIENTED_EDGE('',*,*,#6409,.F.);
#10818=ORIENTED_EDGE('',*,*,#7705,.F.);
#10819=ORIENTED_EDGE('',*,*,#7091,.T.);
#10820=ORIENTED_EDGE('',*,*,#7705,.T.);
#10821=ORIENTED_EDGE('',*,*,#6408,.F.);
#10822=ORIENTED_EDGE('',*,*,#7706,.F.);
#10823=ORIENTED_EDGE('',*,*,#7092,.T.);
#10824=ORIENTED_EDGE('',*,*,#7706,.T.);
#10825=ORIENTED_EDGE('',*,*,#6407,.F.);
#10826=ORIENTED_EDGE('',*,*,#7707,.F.);
#10827=ORIENTED_EDGE('',*,*,#7093,.T.);
#10828=ORIENTED_EDGE('',*,*,#7707,.T.);
#10829=ORIENTED_EDGE('',*,*,#6406,.F.);
#10830=ORIENTED_EDGE('',*,*,#7708,.F.);
#10831=ORIENTED_EDGE('',*,*,#7094,.T.);
#10832=ORIENTED_EDGE('',*,*,#7708,.T.);
#10833=ORIENTED_EDGE('',*,*,#6405,.F.);
#10834=ORIENTED_EDGE('',*,*,#7709,.F.);
#10835=ORIENTED_EDGE('',*,*,#7087,.T.);
#10836=ORIENTED_EDGE('',*,*,#7709,.T.);
#10837=ORIENTED_EDGE('',*,*,#6404,.F.);
#10838=ORIENTED_EDGE('',*,*,#7702,.F.);
#10839=ORIENTED_EDGE('',*,*,#6895,.T.);
#10840=ORIENTED_EDGE('',*,*,#7710,.T.);
#10841=ORIENTED_EDGE('',*,*,#6620,.F.);
#10842=ORIENTED_EDGE('',*,*,#7711,.F.);
#10843=ORIENTED_EDGE('',*,*,#6896,.T.);
#10844=ORIENTED_EDGE('',*,*,#7711,.T.);
#10845=ORIENTED_EDGE('',*,*,#6627,.F.);
#10846=ORIENTED_EDGE('',*,*,#7712,.F.);
#10847=ORIENTED_EDGE('',*,*,#6897,.T.);
#10848=ORIENTED_EDGE('',*,*,#7712,.T.);
#10849=ORIENTED_EDGE('',*,*,#6626,.F.);
#10850=ORIENTED_EDGE('',*,*,#7713,.F.);
#10851=ORIENTED_EDGE('',*,*,#6898,.T.);
#10852=ORIENTED_EDGE('',*,*,#7713,.T.);
#10853=ORIENTED_EDGE('',*,*,#6625,.F.);
#10854=ORIENTED_EDGE('',*,*,#7714,.F.);
#10855=ORIENTED_EDGE('',*,*,#6899,.T.);
#10856=ORIENTED_EDGE('',*,*,#7714,.T.);
#10857=ORIENTED_EDGE('',*,*,#6624,.F.);
#10858=ORIENTED_EDGE('',*,*,#7715,.F.);
#10859=ORIENTED_EDGE('',*,*,#6900,.T.);
#10860=ORIENTED_EDGE('',*,*,#7715,.T.);
#10861=ORIENTED_EDGE('',*,*,#6623,.F.);
#10862=ORIENTED_EDGE('',*,*,#7716,.F.);
#10863=ORIENTED_EDGE('',*,*,#6901,.T.);
#10864=ORIENTED_EDGE('',*,*,#7716,.T.);
#10865=ORIENTED_EDGE('',*,*,#6622,.F.);
#10866=ORIENTED_EDGE('',*,*,#7717,.F.);
#10867=ORIENTED_EDGE('',*,*,#6902,.T.);
#10868=ORIENTED_EDGE('',*,*,#7717,.T.);
#10869=ORIENTED_EDGE('',*,*,#6621,.F.);
#10870=ORIENTED_EDGE('',*,*,#7710,.F.);
#10871=ORIENTED_EDGE('',*,*,#7080,.T.);
#10872=ORIENTED_EDGE('',*,*,#7718,.T.);
#10873=ORIENTED_EDGE('',*,*,#6403,.F.);
#10874=ORIENTED_EDGE('',*,*,#7719,.F.);
#10875=ORIENTED_EDGE('',*,*,#7081,.T.);
#10876=ORIENTED_EDGE('',*,*,#7719,.T.);
#10877=ORIENTED_EDGE('',*,*,#6402,.F.);
#10878=ORIENTED_EDGE('',*,*,#7720,.F.);
#10879=ORIENTED_EDGE('',*,*,#7082,.T.);
#10880=ORIENTED_EDGE('',*,*,#7720,.T.);
#10881=ORIENTED_EDGE('',*,*,#6401,.F.);
#10882=ORIENTED_EDGE('',*,*,#7721,.F.);
#10883=ORIENTED_EDGE('',*,*,#7083,.T.);
#10884=ORIENTED_EDGE('',*,*,#7721,.T.);
#10885=ORIENTED_EDGE('',*,*,#6400,.F.);
#10886=ORIENTED_EDGE('',*,*,#7722,.F.);
#10887=ORIENTED_EDGE('',*,*,#7084,.T.);
#10888=ORIENTED_EDGE('',*,*,#7722,.T.);
#10889=ORIENTED_EDGE('',*,*,#6399,.F.);
#10890=ORIENTED_EDGE('',*,*,#7723,.F.);
#10891=ORIENTED_EDGE('',*,*,#7085,.T.);
#10892=ORIENTED_EDGE('',*,*,#7723,.T.);
#10893=ORIENTED_EDGE('',*,*,#6398,.F.);
#10894=ORIENTED_EDGE('',*,*,#7724,.F.);
#10895=ORIENTED_EDGE('',*,*,#7086,.T.);
#10896=ORIENTED_EDGE('',*,*,#7724,.T.);
#10897=ORIENTED_EDGE('',*,*,#6397,.F.);
#10898=ORIENTED_EDGE('',*,*,#7725,.F.);
#10899=ORIENTED_EDGE('',*,*,#7079,.T.);
#10900=ORIENTED_EDGE('',*,*,#7725,.T.);
#10901=ORIENTED_EDGE('',*,*,#6396,.F.);
#10902=ORIENTED_EDGE('',*,*,#7718,.F.);
#10903=ORIENTED_EDGE('',*,*,#7072,.T.);
#10904=ORIENTED_EDGE('',*,*,#7726,.T.);
#10905=ORIENTED_EDGE('',*,*,#6395,.F.);
#10906=ORIENTED_EDGE('',*,*,#7727,.F.);
#10907=ORIENTED_EDGE('',*,*,#7073,.T.);
#10908=ORIENTED_EDGE('',*,*,#7727,.T.);
#10909=ORIENTED_EDGE('',*,*,#6394,.F.);
#10910=ORIENTED_EDGE('',*,*,#7728,.F.);
#10911=ORIENTED_EDGE('',*,*,#7074,.T.);
#10912=ORIENTED_EDGE('',*,*,#7728,.T.);
#10913=ORIENTED_EDGE('',*,*,#6393,.F.);
#10914=ORIENTED_EDGE('',*,*,#7729,.F.);
#10915=ORIENTED_EDGE('',*,*,#7075,.T.);
#10916=ORIENTED_EDGE('',*,*,#7729,.T.);
#10917=ORIENTED_EDGE('',*,*,#6392,.F.);
#10918=ORIENTED_EDGE('',*,*,#7730,.F.);
#10919=ORIENTED_EDGE('',*,*,#7076,.T.);
#10920=ORIENTED_EDGE('',*,*,#7730,.T.);
#10921=ORIENTED_EDGE('',*,*,#6391,.F.);
#10922=ORIENTED_EDGE('',*,*,#7731,.F.);
#10923=ORIENTED_EDGE('',*,*,#7077,.T.);
#10924=ORIENTED_EDGE('',*,*,#7731,.T.);
#10925=ORIENTED_EDGE('',*,*,#6390,.F.);
#10926=ORIENTED_EDGE('',*,*,#7732,.F.);
#10927=ORIENTED_EDGE('',*,*,#7078,.T.);
#10928=ORIENTED_EDGE('',*,*,#7732,.T.);
#10929=ORIENTED_EDGE('',*,*,#6389,.F.);
#10930=ORIENTED_EDGE('',*,*,#7733,.F.);
#10931=ORIENTED_EDGE('',*,*,#7071,.T.);
#10932=ORIENTED_EDGE('',*,*,#7733,.T.);
#10933=ORIENTED_EDGE('',*,*,#6388,.F.);
#10934=ORIENTED_EDGE('',*,*,#7726,.F.);
#10935=ORIENTED_EDGE('',*,*,#7064,.T.);
#10936=ORIENTED_EDGE('',*,*,#7734,.T.);
#10937=ORIENTED_EDGE('',*,*,#6387,.F.);
#10938=ORIENTED_EDGE('',*,*,#7735,.F.);
#10939=ORIENTED_EDGE('',*,*,#7065,.T.);
#10940=ORIENTED_EDGE('',*,*,#7735,.T.);
#10941=ORIENTED_EDGE('',*,*,#6386,.F.);
#10942=ORIENTED_EDGE('',*,*,#7736,.F.);
#10943=ORIENTED_EDGE('',*,*,#7066,.T.);
#10944=ORIENTED_EDGE('',*,*,#7736,.T.);
#10945=ORIENTED_EDGE('',*,*,#6385,.F.);
#10946=ORIENTED_EDGE('',*,*,#7737,.F.);
#10947=ORIENTED_EDGE('',*,*,#7067,.T.);
#10948=ORIENTED_EDGE('',*,*,#7737,.T.);
#10949=ORIENTED_EDGE('',*,*,#6384,.F.);
#10950=ORIENTED_EDGE('',*,*,#7738,.F.);
#10951=ORIENTED_EDGE('',*,*,#7068,.T.);
#10952=ORIENTED_EDGE('',*,*,#7738,.T.);
#10953=ORIENTED_EDGE('',*,*,#6383,.F.);
#10954=ORIENTED_EDGE('',*,*,#7739,.F.);
#10955=ORIENTED_EDGE('',*,*,#7069,.T.);
#10956=ORIENTED_EDGE('',*,*,#7739,.T.);
#10957=ORIENTED_EDGE('',*,*,#6382,.F.);
#10958=ORIENTED_EDGE('',*,*,#7740,.F.);
#10959=ORIENTED_EDGE('',*,*,#7070,.T.);
#10960=ORIENTED_EDGE('',*,*,#7740,.T.);
#10961=ORIENTED_EDGE('',*,*,#6381,.F.);
#10962=ORIENTED_EDGE('',*,*,#7741,.F.);
#10963=ORIENTED_EDGE('',*,*,#7063,.T.);
#10964=ORIENTED_EDGE('',*,*,#7741,.T.);
#10965=ORIENTED_EDGE('',*,*,#6380,.F.);
#10966=ORIENTED_EDGE('',*,*,#7734,.F.);
#10967=ORIENTED_EDGE('',*,*,#7056,.T.);
#10968=ORIENTED_EDGE('',*,*,#7742,.T.);
#10969=ORIENTED_EDGE('',*,*,#6379,.F.);
#10970=ORIENTED_EDGE('',*,*,#7743,.F.);
#10971=ORIENTED_EDGE('',*,*,#7057,.T.);
#10972=ORIENTED_EDGE('',*,*,#7743,.T.);
#10973=ORIENTED_EDGE('',*,*,#6378,.F.);
#10974=ORIENTED_EDGE('',*,*,#7744,.F.);
#10975=ORIENTED_EDGE('',*,*,#7058,.T.);
#10976=ORIENTED_EDGE('',*,*,#7744,.T.);
#10977=ORIENTED_EDGE('',*,*,#6377,.F.);
#10978=ORIENTED_EDGE('',*,*,#7745,.F.);
#10979=ORIENTED_EDGE('',*,*,#7059,.T.);
#10980=ORIENTED_EDGE('',*,*,#7745,.T.);
#10981=ORIENTED_EDGE('',*,*,#6376,.F.);
#10982=ORIENTED_EDGE('',*,*,#7746,.F.);
#10983=ORIENTED_EDGE('',*,*,#7060,.T.);
#10984=ORIENTED_EDGE('',*,*,#7746,.T.);
#10985=ORIENTED_EDGE('',*,*,#6375,.F.);
#10986=ORIENTED_EDGE('',*,*,#7747,.F.);
#10987=ORIENTED_EDGE('',*,*,#7061,.T.);
#10988=ORIENTED_EDGE('',*,*,#7747,.T.);
#10989=ORIENTED_EDGE('',*,*,#6374,.F.);
#10990=ORIENTED_EDGE('',*,*,#7748,.F.);
#10991=ORIENTED_EDGE('',*,*,#7062,.T.);
#10992=ORIENTED_EDGE('',*,*,#7748,.T.);
#10993=ORIENTED_EDGE('',*,*,#6373,.F.);
#10994=ORIENTED_EDGE('',*,*,#7749,.F.);
#10995=ORIENTED_EDGE('',*,*,#7055,.T.);
#10996=ORIENTED_EDGE('',*,*,#7749,.T.);
#10997=ORIENTED_EDGE('',*,*,#6372,.F.);
#10998=ORIENTED_EDGE('',*,*,#7742,.F.);
#10999=ORIENTED_EDGE('',*,*,#7048,.T.);
#11000=ORIENTED_EDGE('',*,*,#7750,.T.);
#11001=ORIENTED_EDGE('',*,*,#6371,.F.);
#11002=ORIENTED_EDGE('',*,*,#7751,.F.);
#11003=ORIENTED_EDGE('',*,*,#7049,.T.);
#11004=ORIENTED_EDGE('',*,*,#7751,.T.);
#11005=ORIENTED_EDGE('',*,*,#6370,.F.);
#11006=ORIENTED_EDGE('',*,*,#7752,.F.);
#11007=ORIENTED_EDGE('',*,*,#7050,.T.);
#11008=ORIENTED_EDGE('',*,*,#7752,.T.);
#11009=ORIENTED_EDGE('',*,*,#6369,.F.);
#11010=ORIENTED_EDGE('',*,*,#7753,.F.);
#11011=ORIENTED_EDGE('',*,*,#7051,.T.);
#11012=ORIENTED_EDGE('',*,*,#7753,.T.);
#11013=ORIENTED_EDGE('',*,*,#6368,.F.);
#11014=ORIENTED_EDGE('',*,*,#7754,.F.);
#11015=ORIENTED_EDGE('',*,*,#7052,.T.);
#11016=ORIENTED_EDGE('',*,*,#7754,.T.);
#11017=ORIENTED_EDGE('',*,*,#6367,.F.);
#11018=ORIENTED_EDGE('',*,*,#7755,.F.);
#11019=ORIENTED_EDGE('',*,*,#7053,.T.);
#11020=ORIENTED_EDGE('',*,*,#7755,.T.);
#11021=ORIENTED_EDGE('',*,*,#6366,.F.);
#11022=ORIENTED_EDGE('',*,*,#7756,.F.);
#11023=ORIENTED_EDGE('',*,*,#7054,.T.);
#11024=ORIENTED_EDGE('',*,*,#7756,.T.);
#11025=ORIENTED_EDGE('',*,*,#6365,.F.);
#11026=ORIENTED_EDGE('',*,*,#7757,.F.);
#11027=ORIENTED_EDGE('',*,*,#7047,.T.);
#11028=ORIENTED_EDGE('',*,*,#7757,.T.);
#11029=ORIENTED_EDGE('',*,*,#6364,.F.);
#11030=ORIENTED_EDGE('',*,*,#7750,.F.);
#11031=ORIENTED_EDGE('',*,*,#7040,.T.);
#11032=ORIENTED_EDGE('',*,*,#7758,.T.);
#11033=ORIENTED_EDGE('',*,*,#6363,.F.);
#11034=ORIENTED_EDGE('',*,*,#7759,.F.);
#11035=ORIENTED_EDGE('',*,*,#7041,.T.);
#11036=ORIENTED_EDGE('',*,*,#7759,.T.);
#11037=ORIENTED_EDGE('',*,*,#6362,.F.);
#11038=ORIENTED_EDGE('',*,*,#7760,.F.);
#11039=ORIENTED_EDGE('',*,*,#7042,.T.);
#11040=ORIENTED_EDGE('',*,*,#7760,.T.);
#11041=ORIENTED_EDGE('',*,*,#6361,.F.);
#11042=ORIENTED_EDGE('',*,*,#7761,.F.);
#11043=ORIENTED_EDGE('',*,*,#7043,.T.);
#11044=ORIENTED_EDGE('',*,*,#7761,.T.);
#11045=ORIENTED_EDGE('',*,*,#6360,.F.);
#11046=ORIENTED_EDGE('',*,*,#7762,.F.);
#11047=ORIENTED_EDGE('',*,*,#7044,.T.);
#11048=ORIENTED_EDGE('',*,*,#7762,.T.);
#11049=ORIENTED_EDGE('',*,*,#6359,.F.);
#11050=ORIENTED_EDGE('',*,*,#7763,.F.);
#11051=ORIENTED_EDGE('',*,*,#7045,.T.);
#11052=ORIENTED_EDGE('',*,*,#7763,.T.);
#11053=ORIENTED_EDGE('',*,*,#6358,.F.);
#11054=ORIENTED_EDGE('',*,*,#7764,.F.);
#11055=ORIENTED_EDGE('',*,*,#7046,.T.);
#11056=ORIENTED_EDGE('',*,*,#7764,.T.);
#11057=ORIENTED_EDGE('',*,*,#6357,.F.);
#11058=ORIENTED_EDGE('',*,*,#7765,.F.);
#11059=ORIENTED_EDGE('',*,*,#7039,.T.);
#11060=ORIENTED_EDGE('',*,*,#7765,.T.);
#11061=ORIENTED_EDGE('',*,*,#6356,.F.);
#11062=ORIENTED_EDGE('',*,*,#7758,.F.);
#11063=ORIENTED_EDGE('',*,*,#7032,.T.);
#11064=ORIENTED_EDGE('',*,*,#7766,.T.);
#11065=ORIENTED_EDGE('',*,*,#6355,.F.);
#11066=ORIENTED_EDGE('',*,*,#7767,.F.);
#11067=ORIENTED_EDGE('',*,*,#7033,.T.);
#11068=ORIENTED_EDGE('',*,*,#7767,.T.);
#11069=ORIENTED_EDGE('',*,*,#6354,.F.);
#11070=ORIENTED_EDGE('',*,*,#7768,.F.);
#11071=ORIENTED_EDGE('',*,*,#7034,.T.);
#11072=ORIENTED_EDGE('',*,*,#7768,.T.);
#11073=ORIENTED_EDGE('',*,*,#6353,.F.);
#11074=ORIENTED_EDGE('',*,*,#7769,.F.);
#11075=ORIENTED_EDGE('',*,*,#7035,.T.);
#11076=ORIENTED_EDGE('',*,*,#7769,.T.);
#11077=ORIENTED_EDGE('',*,*,#6352,.F.);
#11078=ORIENTED_EDGE('',*,*,#7770,.F.);
#11079=ORIENTED_EDGE('',*,*,#7036,.T.);
#11080=ORIENTED_EDGE('',*,*,#7770,.T.);
#11081=ORIENTED_EDGE('',*,*,#6351,.F.);
#11082=ORIENTED_EDGE('',*,*,#7771,.F.);
#11083=ORIENTED_EDGE('',*,*,#7037,.T.);
#11084=ORIENTED_EDGE('',*,*,#7771,.T.);
#11085=ORIENTED_EDGE('',*,*,#6350,.F.);
#11086=ORIENTED_EDGE('',*,*,#7772,.F.);
#11087=ORIENTED_EDGE('',*,*,#7038,.T.);
#11088=ORIENTED_EDGE('',*,*,#7772,.T.);
#11089=ORIENTED_EDGE('',*,*,#6349,.F.);
#11090=ORIENTED_EDGE('',*,*,#7773,.F.);
#11091=ORIENTED_EDGE('',*,*,#7031,.T.);
#11092=ORIENTED_EDGE('',*,*,#7773,.T.);
#11093=ORIENTED_EDGE('',*,*,#6348,.F.);
#11094=ORIENTED_EDGE('',*,*,#7766,.F.);
#11095=ORIENTED_EDGE('',*,*,#7024,.T.);
#11096=ORIENTED_EDGE('',*,*,#7774,.T.);
#11097=ORIENTED_EDGE('',*,*,#6347,.F.);
#11098=ORIENTED_EDGE('',*,*,#7775,.F.);
#11099=ORIENTED_EDGE('',*,*,#7025,.T.);
#11100=ORIENTED_EDGE('',*,*,#7775,.T.);
#11101=ORIENTED_EDGE('',*,*,#6346,.F.);
#11102=ORIENTED_EDGE('',*,*,#7776,.F.);
#11103=ORIENTED_EDGE('',*,*,#7026,.T.);
#11104=ORIENTED_EDGE('',*,*,#7776,.T.);
#11105=ORIENTED_EDGE('',*,*,#6345,.F.);
#11106=ORIENTED_EDGE('',*,*,#7777,.F.);
#11107=ORIENTED_EDGE('',*,*,#7027,.T.);
#11108=ORIENTED_EDGE('',*,*,#7777,.T.);
#11109=ORIENTED_EDGE('',*,*,#6344,.F.);
#11110=ORIENTED_EDGE('',*,*,#7778,.F.);
#11111=ORIENTED_EDGE('',*,*,#7028,.T.);
#11112=ORIENTED_EDGE('',*,*,#7778,.T.);
#11113=ORIENTED_EDGE('',*,*,#6343,.F.);
#11114=ORIENTED_EDGE('',*,*,#7779,.F.);
#11115=ORIENTED_EDGE('',*,*,#7029,.T.);
#11116=ORIENTED_EDGE('',*,*,#7779,.T.);
#11117=ORIENTED_EDGE('',*,*,#6342,.F.);
#11118=ORIENTED_EDGE('',*,*,#7780,.F.);
#11119=ORIENTED_EDGE('',*,*,#7030,.T.);
#11120=ORIENTED_EDGE('',*,*,#7780,.T.);
#11121=ORIENTED_EDGE('',*,*,#6341,.F.);
#11122=ORIENTED_EDGE('',*,*,#7781,.F.);
#11123=ORIENTED_EDGE('',*,*,#7023,.T.);
#11124=ORIENTED_EDGE('',*,*,#7781,.T.);
#11125=ORIENTED_EDGE('',*,*,#6340,.F.);
#11126=ORIENTED_EDGE('',*,*,#7774,.F.);
#11127=ORIENTED_EDGE('',*,*,#7016,.T.);
#11128=ORIENTED_EDGE('',*,*,#7782,.T.);
#11129=ORIENTED_EDGE('',*,*,#6339,.F.);
#11130=ORIENTED_EDGE('',*,*,#7783,.F.);
#11131=ORIENTED_EDGE('',*,*,#7017,.T.);
#11132=ORIENTED_EDGE('',*,*,#7783,.T.);
#11133=ORIENTED_EDGE('',*,*,#6338,.F.);
#11134=ORIENTED_EDGE('',*,*,#7784,.F.);
#11135=ORIENTED_EDGE('',*,*,#7018,.T.);
#11136=ORIENTED_EDGE('',*,*,#7784,.T.);
#11137=ORIENTED_EDGE('',*,*,#6337,.F.);
#11138=ORIENTED_EDGE('',*,*,#7785,.F.);
#11139=ORIENTED_EDGE('',*,*,#7019,.T.);
#11140=ORIENTED_EDGE('',*,*,#7785,.T.);
#11141=ORIENTED_EDGE('',*,*,#6336,.F.);
#11142=ORIENTED_EDGE('',*,*,#7786,.F.);
#11143=ORIENTED_EDGE('',*,*,#7020,.T.);
#11144=ORIENTED_EDGE('',*,*,#7786,.T.);
#11145=ORIENTED_EDGE('',*,*,#6335,.F.);
#11146=ORIENTED_EDGE('',*,*,#7787,.F.);
#11147=ORIENTED_EDGE('',*,*,#7021,.T.);
#11148=ORIENTED_EDGE('',*,*,#7787,.T.);
#11149=ORIENTED_EDGE('',*,*,#6334,.F.);
#11150=ORIENTED_EDGE('',*,*,#7788,.F.);
#11151=ORIENTED_EDGE('',*,*,#7022,.T.);
#11152=ORIENTED_EDGE('',*,*,#7788,.T.);
#11153=ORIENTED_EDGE('',*,*,#6333,.F.);
#11154=ORIENTED_EDGE('',*,*,#7789,.F.);
#11155=ORIENTED_EDGE('',*,*,#7015,.T.);
#11156=ORIENTED_EDGE('',*,*,#7789,.T.);
#11157=ORIENTED_EDGE('',*,*,#6332,.F.);
#11158=ORIENTED_EDGE('',*,*,#7782,.F.);
#11159=ORIENTED_EDGE('',*,*,#7008,.T.);
#11160=ORIENTED_EDGE('',*,*,#7790,.T.);
#11161=ORIENTED_EDGE('',*,*,#6331,.F.);
#11162=ORIENTED_EDGE('',*,*,#7791,.F.);
#11163=ORIENTED_EDGE('',*,*,#7009,.T.);
#11164=ORIENTED_EDGE('',*,*,#7791,.T.);
#11165=ORIENTED_EDGE('',*,*,#6330,.F.);
#11166=ORIENTED_EDGE('',*,*,#7792,.F.);
#11167=ORIENTED_EDGE('',*,*,#7010,.T.);
#11168=ORIENTED_EDGE('',*,*,#7792,.T.);
#11169=ORIENTED_EDGE('',*,*,#6329,.F.);
#11170=ORIENTED_EDGE('',*,*,#7793,.F.);
#11171=ORIENTED_EDGE('',*,*,#7011,.T.);
#11172=ORIENTED_EDGE('',*,*,#7793,.T.);
#11173=ORIENTED_EDGE('',*,*,#6328,.F.);
#11174=ORIENTED_EDGE('',*,*,#7794,.F.);
#11175=ORIENTED_EDGE('',*,*,#7012,.T.);
#11176=ORIENTED_EDGE('',*,*,#7794,.T.);
#11177=ORIENTED_EDGE('',*,*,#6327,.F.);
#11178=ORIENTED_EDGE('',*,*,#7795,.F.);
#11179=ORIENTED_EDGE('',*,*,#7013,.T.);
#11180=ORIENTED_EDGE('',*,*,#7795,.T.);
#11181=ORIENTED_EDGE('',*,*,#6326,.F.);
#11182=ORIENTED_EDGE('',*,*,#7796,.F.);
#11183=ORIENTED_EDGE('',*,*,#7014,.T.);
#11184=ORIENTED_EDGE('',*,*,#7796,.T.);
#11185=ORIENTED_EDGE('',*,*,#6325,.F.);
#11186=ORIENTED_EDGE('',*,*,#7797,.F.);
#11187=ORIENTED_EDGE('',*,*,#7007,.T.);
#11188=ORIENTED_EDGE('',*,*,#7797,.T.);
#11189=ORIENTED_EDGE('',*,*,#6324,.F.);
#11190=ORIENTED_EDGE('',*,*,#7790,.F.);
#11191=ORIENTED_EDGE('',*,*,#7000,.T.);
#11192=ORIENTED_EDGE('',*,*,#7798,.T.);
#11193=ORIENTED_EDGE('',*,*,#6323,.F.);
#11194=ORIENTED_EDGE('',*,*,#7799,.F.);
#11195=ORIENTED_EDGE('',*,*,#7001,.T.);
#11196=ORIENTED_EDGE('',*,*,#7799,.T.);
#11197=ORIENTED_EDGE('',*,*,#6322,.F.);
#11198=ORIENTED_EDGE('',*,*,#7800,.F.);
#11199=ORIENTED_EDGE('',*,*,#7002,.T.);
#11200=ORIENTED_EDGE('',*,*,#7800,.T.);
#11201=ORIENTED_EDGE('',*,*,#6321,.F.);
#11202=ORIENTED_EDGE('',*,*,#7801,.F.);
#11203=ORIENTED_EDGE('',*,*,#7003,.T.);
#11204=ORIENTED_EDGE('',*,*,#7801,.T.);
#11205=ORIENTED_EDGE('',*,*,#6320,.F.);
#11206=ORIENTED_EDGE('',*,*,#7802,.F.);
#11207=ORIENTED_EDGE('',*,*,#7004,.T.);
#11208=ORIENTED_EDGE('',*,*,#7802,.T.);
#11209=ORIENTED_EDGE('',*,*,#6319,.F.);
#11210=ORIENTED_EDGE('',*,*,#7803,.F.);
#11211=ORIENTED_EDGE('',*,*,#7005,.T.);
#11212=ORIENTED_EDGE('',*,*,#7803,.T.);
#11213=ORIENTED_EDGE('',*,*,#6318,.F.);
#11214=ORIENTED_EDGE('',*,*,#7804,.F.);
#11215=ORIENTED_EDGE('',*,*,#7006,.T.);
#11216=ORIENTED_EDGE('',*,*,#7804,.T.);
#11217=ORIENTED_EDGE('',*,*,#6317,.F.);
#11218=ORIENTED_EDGE('',*,*,#7805,.F.);
#11219=ORIENTED_EDGE('',*,*,#6999,.T.);
#11220=ORIENTED_EDGE('',*,*,#7805,.T.);
#11221=ORIENTED_EDGE('',*,*,#6316,.F.);
#11222=ORIENTED_EDGE('',*,*,#7798,.F.);
#11223=ORIENTED_EDGE('',*,*,#6992,.T.);
#11224=ORIENTED_EDGE('',*,*,#7806,.T.);
#11225=ORIENTED_EDGE('',*,*,#6315,.F.);
#11226=ORIENTED_EDGE('',*,*,#7807,.F.);
#11227=ORIENTED_EDGE('',*,*,#6993,.T.);
#11228=ORIENTED_EDGE('',*,*,#7807,.T.);
#11229=ORIENTED_EDGE('',*,*,#6314,.F.);
#11230=ORIENTED_EDGE('',*,*,#7808,.F.);
#11231=ORIENTED_EDGE('',*,*,#6994,.T.);
#11232=ORIENTED_EDGE('',*,*,#7808,.T.);
#11233=ORIENTED_EDGE('',*,*,#6313,.F.);
#11234=ORIENTED_EDGE('',*,*,#7809,.F.);
#11235=ORIENTED_EDGE('',*,*,#6995,.T.);
#11236=ORIENTED_EDGE('',*,*,#7809,.T.);
#11237=ORIENTED_EDGE('',*,*,#6312,.F.);
#11238=ORIENTED_EDGE('',*,*,#7810,.F.);
#11239=ORIENTED_EDGE('',*,*,#6996,.T.);
#11240=ORIENTED_EDGE('',*,*,#7810,.T.);
#11241=ORIENTED_EDGE('',*,*,#6311,.F.);
#11242=ORIENTED_EDGE('',*,*,#7811,.F.);
#11243=ORIENTED_EDGE('',*,*,#6997,.T.);
#11244=ORIENTED_EDGE('',*,*,#7811,.T.);
#11245=ORIENTED_EDGE('',*,*,#6310,.F.);
#11246=ORIENTED_EDGE('',*,*,#7812,.F.);
#11247=ORIENTED_EDGE('',*,*,#6998,.T.);
#11248=ORIENTED_EDGE('',*,*,#7812,.T.);
#11249=ORIENTED_EDGE('',*,*,#6309,.F.);
#11250=ORIENTED_EDGE('',*,*,#7813,.F.);
#11251=ORIENTED_EDGE('',*,*,#6991,.T.);
#11252=ORIENTED_EDGE('',*,*,#7813,.T.);
#11253=ORIENTED_EDGE('',*,*,#6308,.F.);
#11254=ORIENTED_EDGE('',*,*,#7806,.F.);
#11255=ORIENTED_EDGE('',*,*,#6984,.T.);
#11256=ORIENTED_EDGE('',*,*,#7814,.T.);
#11257=ORIENTED_EDGE('',*,*,#6307,.F.);
#11258=ORIENTED_EDGE('',*,*,#7815,.F.);
#11259=ORIENTED_EDGE('',*,*,#6985,.T.);
#11260=ORIENTED_EDGE('',*,*,#7815,.T.);
#11261=ORIENTED_EDGE('',*,*,#6306,.F.);
#11262=ORIENTED_EDGE('',*,*,#7816,.F.);
#11263=ORIENTED_EDGE('',*,*,#6986,.T.);
#11264=ORIENTED_EDGE('',*,*,#7816,.T.);
#11265=ORIENTED_EDGE('',*,*,#6305,.F.);
#11266=ORIENTED_EDGE('',*,*,#7817,.F.);
#11267=ORIENTED_EDGE('',*,*,#6987,.T.);
#11268=ORIENTED_EDGE('',*,*,#7817,.T.);
#11269=ORIENTED_EDGE('',*,*,#6304,.F.);
#11270=ORIENTED_EDGE('',*,*,#7818,.F.);
#11271=ORIENTED_EDGE('',*,*,#6988,.T.);
#11272=ORIENTED_EDGE('',*,*,#7818,.T.);
#11273=ORIENTED_EDGE('',*,*,#6303,.F.);
#11274=ORIENTED_EDGE('',*,*,#7819,.F.);
#11275=ORIENTED_EDGE('',*,*,#6989,.T.);
#11276=ORIENTED_EDGE('',*,*,#7819,.T.);
#11277=ORIENTED_EDGE('',*,*,#6302,.F.);
#11278=ORIENTED_EDGE('',*,*,#7820,.F.);
#11279=ORIENTED_EDGE('',*,*,#6990,.T.);
#11280=ORIENTED_EDGE('',*,*,#7820,.T.);
#11281=ORIENTED_EDGE('',*,*,#6301,.F.);
#11282=ORIENTED_EDGE('',*,*,#7821,.F.);
#11283=ORIENTED_EDGE('',*,*,#6983,.T.);
#11284=ORIENTED_EDGE('',*,*,#7821,.T.);
#11285=ORIENTED_EDGE('',*,*,#6300,.F.);
#11286=ORIENTED_EDGE('',*,*,#7814,.F.);
#11287=ORIENTED_EDGE('',*,*,#6976,.T.);
#11288=ORIENTED_EDGE('',*,*,#7822,.T.);
#11289=ORIENTED_EDGE('',*,*,#6299,.F.);
#11290=ORIENTED_EDGE('',*,*,#7823,.F.);
#11291=ORIENTED_EDGE('',*,*,#6977,.T.);
#11292=ORIENTED_EDGE('',*,*,#7823,.T.);
#11293=ORIENTED_EDGE('',*,*,#6298,.F.);
#11294=ORIENTED_EDGE('',*,*,#7824,.F.);
#11295=ORIENTED_EDGE('',*,*,#6978,.T.);
#11296=ORIENTED_EDGE('',*,*,#7824,.T.);
#11297=ORIENTED_EDGE('',*,*,#6297,.F.);
#11298=ORIENTED_EDGE('',*,*,#7825,.F.);
#11299=ORIENTED_EDGE('',*,*,#6979,.T.);
#11300=ORIENTED_EDGE('',*,*,#7825,.T.);
#11301=ORIENTED_EDGE('',*,*,#6296,.F.);
#11302=ORIENTED_EDGE('',*,*,#7826,.F.);
#11303=ORIENTED_EDGE('',*,*,#6980,.T.);
#11304=ORIENTED_EDGE('',*,*,#7826,.T.);
#11305=ORIENTED_EDGE('',*,*,#6295,.F.);
#11306=ORIENTED_EDGE('',*,*,#7827,.F.);
#11307=ORIENTED_EDGE('',*,*,#6981,.T.);
#11308=ORIENTED_EDGE('',*,*,#7827,.T.);
#11309=ORIENTED_EDGE('',*,*,#6294,.F.);
#11310=ORIENTED_EDGE('',*,*,#7828,.F.);
#11311=ORIENTED_EDGE('',*,*,#6982,.T.);
#11312=ORIENTED_EDGE('',*,*,#7828,.T.);
#11313=ORIENTED_EDGE('',*,*,#6293,.F.);
#11314=ORIENTED_EDGE('',*,*,#7829,.F.);
#11315=ORIENTED_EDGE('',*,*,#6975,.T.);
#11316=ORIENTED_EDGE('',*,*,#7829,.T.);
#11317=ORIENTED_EDGE('',*,*,#6292,.F.);
#11318=ORIENTED_EDGE('',*,*,#7822,.F.);
#11319=ORIENTED_EDGE('',*,*,#6968,.T.);
#11320=ORIENTED_EDGE('',*,*,#7830,.T.);
#11321=ORIENTED_EDGE('',*,*,#6291,.F.);
#11322=ORIENTED_EDGE('',*,*,#7831,.F.);
#11323=ORIENTED_EDGE('',*,*,#6969,.T.);
#11324=ORIENTED_EDGE('',*,*,#7831,.T.);
#11325=ORIENTED_EDGE('',*,*,#6290,.F.);
#11326=ORIENTED_EDGE('',*,*,#7832,.F.);
#11327=ORIENTED_EDGE('',*,*,#6970,.T.);
#11328=ORIENTED_EDGE('',*,*,#7832,.T.);
#11329=ORIENTED_EDGE('',*,*,#6289,.F.);
#11330=ORIENTED_EDGE('',*,*,#7833,.F.);
#11331=ORIENTED_EDGE('',*,*,#6971,.T.);
#11332=ORIENTED_EDGE('',*,*,#7833,.T.);
#11333=ORIENTED_EDGE('',*,*,#6288,.F.);
#11334=ORIENTED_EDGE('',*,*,#7834,.F.);
#11335=ORIENTED_EDGE('',*,*,#6972,.T.);
#11336=ORIENTED_EDGE('',*,*,#7834,.T.);
#11337=ORIENTED_EDGE('',*,*,#6287,.F.);
#11338=ORIENTED_EDGE('',*,*,#7835,.F.);
#11339=ORIENTED_EDGE('',*,*,#6973,.T.);
#11340=ORIENTED_EDGE('',*,*,#7835,.T.);
#11341=ORIENTED_EDGE('',*,*,#6286,.F.);
#11342=ORIENTED_EDGE('',*,*,#7836,.F.);
#11343=ORIENTED_EDGE('',*,*,#6974,.T.);
#11344=ORIENTED_EDGE('',*,*,#7836,.T.);
#11345=ORIENTED_EDGE('',*,*,#6285,.F.);
#11346=ORIENTED_EDGE('',*,*,#7837,.F.);
#11347=ORIENTED_EDGE('',*,*,#6967,.T.);
#11348=ORIENTED_EDGE('',*,*,#7837,.T.);
#11349=ORIENTED_EDGE('',*,*,#6284,.F.);
#11350=ORIENTED_EDGE('',*,*,#7830,.F.);
#11351=ORIENTED_EDGE('',*,*,#6960,.T.);
#11352=ORIENTED_EDGE('',*,*,#7838,.T.);
#11353=ORIENTED_EDGE('',*,*,#6283,.F.);
#11354=ORIENTED_EDGE('',*,*,#7839,.F.);
#11355=ORIENTED_EDGE('',*,*,#6961,.T.);
#11356=ORIENTED_EDGE('',*,*,#7839,.T.);
#11357=ORIENTED_EDGE('',*,*,#6282,.F.);
#11358=ORIENTED_EDGE('',*,*,#7840,.F.);
#11359=ORIENTED_EDGE('',*,*,#6962,.T.);
#11360=ORIENTED_EDGE('',*,*,#7840,.T.);
#11361=ORIENTED_EDGE('',*,*,#6281,.F.);
#11362=ORIENTED_EDGE('',*,*,#7841,.F.);
#11363=ORIENTED_EDGE('',*,*,#6963,.T.);
#11364=ORIENTED_EDGE('',*,*,#7841,.T.);
#11365=ORIENTED_EDGE('',*,*,#6280,.F.);
#11366=ORIENTED_EDGE('',*,*,#7842,.F.);
#11367=ORIENTED_EDGE('',*,*,#6964,.T.);
#11368=ORIENTED_EDGE('',*,*,#7842,.T.);
#11369=ORIENTED_EDGE('',*,*,#6279,.F.);
#11370=ORIENTED_EDGE('',*,*,#7843,.F.);
#11371=ORIENTED_EDGE('',*,*,#6965,.T.);
#11372=ORIENTED_EDGE('',*,*,#7843,.T.);
#11373=ORIENTED_EDGE('',*,*,#6278,.F.);
#11374=ORIENTED_EDGE('',*,*,#7844,.F.);
#11375=ORIENTED_EDGE('',*,*,#6966,.T.);
#11376=ORIENTED_EDGE('',*,*,#7844,.T.);
#11377=ORIENTED_EDGE('',*,*,#6277,.F.);
#11378=ORIENTED_EDGE('',*,*,#7845,.F.);
#11379=ORIENTED_EDGE('',*,*,#6959,.T.);
#11380=ORIENTED_EDGE('',*,*,#7845,.T.);
#11381=ORIENTED_EDGE('',*,*,#6276,.F.);
#11382=ORIENTED_EDGE('',*,*,#7838,.F.);
#11383=ORIENTED_EDGE('',*,*,#6952,.T.);
#11384=ORIENTED_EDGE('',*,*,#7846,.T.);
#11385=ORIENTED_EDGE('',*,*,#6275,.F.);
#11386=ORIENTED_EDGE('',*,*,#7847,.F.);
#11387=ORIENTED_EDGE('',*,*,#6953,.T.);
#11388=ORIENTED_EDGE('',*,*,#7847,.T.);
#11389=ORIENTED_EDGE('',*,*,#6274,.F.);
#11390=ORIENTED_EDGE('',*,*,#7848,.F.);
#11391=ORIENTED_EDGE('',*,*,#6954,.T.);
#11392=ORIENTED_EDGE('',*,*,#7848,.T.);
#11393=ORIENTED_EDGE('',*,*,#6273,.F.);
#11394=ORIENTED_EDGE('',*,*,#7849,.F.);
#11395=ORIENTED_EDGE('',*,*,#6955,.T.);
#11396=ORIENTED_EDGE('',*,*,#7849,.T.);
#11397=ORIENTED_EDGE('',*,*,#6272,.F.);
#11398=ORIENTED_EDGE('',*,*,#7850,.F.);
#11399=ORIENTED_EDGE('',*,*,#6956,.T.);
#11400=ORIENTED_EDGE('',*,*,#7850,.T.);
#11401=ORIENTED_EDGE('',*,*,#6271,.F.);
#11402=ORIENTED_EDGE('',*,*,#7851,.F.);
#11403=ORIENTED_EDGE('',*,*,#6957,.T.);
#11404=ORIENTED_EDGE('',*,*,#7851,.T.);
#11405=ORIENTED_EDGE('',*,*,#6270,.F.);
#11406=ORIENTED_EDGE('',*,*,#7852,.F.);
#11407=ORIENTED_EDGE('',*,*,#6958,.T.);
#11408=ORIENTED_EDGE('',*,*,#7852,.T.);
#11409=ORIENTED_EDGE('',*,*,#6269,.F.);
#11410=ORIENTED_EDGE('',*,*,#7853,.F.);
#11411=ORIENTED_EDGE('',*,*,#6951,.T.);
#11412=ORIENTED_EDGE('',*,*,#7853,.T.);
#11413=ORIENTED_EDGE('',*,*,#6268,.F.);
#11414=ORIENTED_EDGE('',*,*,#7846,.F.);
#11415=ORIENTED_EDGE('',*,*,#6944,.T.);
#11416=ORIENTED_EDGE('',*,*,#7854,.T.);
#11417=ORIENTED_EDGE('',*,*,#6267,.F.);
#11418=ORIENTED_EDGE('',*,*,#7855,.F.);
#11419=ORIENTED_EDGE('',*,*,#6945,.T.);
#11420=ORIENTED_EDGE('',*,*,#7855,.T.);
#11421=ORIENTED_EDGE('',*,*,#6266,.F.);
#11422=ORIENTED_EDGE('',*,*,#7856,.F.);
#11423=ORIENTED_EDGE('',*,*,#6946,.T.);
#11424=ORIENTED_EDGE('',*,*,#7856,.T.);
#11425=ORIENTED_EDGE('',*,*,#6265,.F.);
#11426=ORIENTED_EDGE('',*,*,#7857,.F.);
#11427=ORIENTED_EDGE('',*,*,#6947,.T.);
#11428=ORIENTED_EDGE('',*,*,#7857,.T.);
#11429=ORIENTED_EDGE('',*,*,#6264,.F.);
#11430=ORIENTED_EDGE('',*,*,#7858,.F.);
#11431=ORIENTED_EDGE('',*,*,#6948,.T.);
#11432=ORIENTED_EDGE('',*,*,#7858,.T.);
#11433=ORIENTED_EDGE('',*,*,#6263,.F.);
#11434=ORIENTED_EDGE('',*,*,#7859,.F.);
#11435=ORIENTED_EDGE('',*,*,#6949,.T.);
#11436=ORIENTED_EDGE('',*,*,#7859,.T.);
#11437=ORIENTED_EDGE('',*,*,#6262,.F.);
#11438=ORIENTED_EDGE('',*,*,#7860,.F.);
#11439=ORIENTED_EDGE('',*,*,#6950,.T.);
#11440=ORIENTED_EDGE('',*,*,#7860,.T.);
#11441=ORIENTED_EDGE('',*,*,#6261,.F.);
#11442=ORIENTED_EDGE('',*,*,#7861,.F.);
#11443=ORIENTED_EDGE('',*,*,#6943,.T.);
#11444=ORIENTED_EDGE('',*,*,#7861,.T.);
#11445=ORIENTED_EDGE('',*,*,#6260,.F.);
#11446=ORIENTED_EDGE('',*,*,#7854,.F.);
#11447=ORIENTED_EDGE('',*,*,#6936,.T.);
#11448=ORIENTED_EDGE('',*,*,#7862,.T.);
#11449=ORIENTED_EDGE('',*,*,#6259,.F.);
#11450=ORIENTED_EDGE('',*,*,#7863,.F.);
#11451=ORIENTED_EDGE('',*,*,#6937,.T.);
#11452=ORIENTED_EDGE('',*,*,#7863,.T.);
#11453=ORIENTED_EDGE('',*,*,#6258,.F.);
#11454=ORIENTED_EDGE('',*,*,#7864,.F.);
#11455=ORIENTED_EDGE('',*,*,#6938,.T.);
#11456=ORIENTED_EDGE('',*,*,#7864,.T.);
#11457=ORIENTED_EDGE('',*,*,#6257,.F.);
#11458=ORIENTED_EDGE('',*,*,#7865,.F.);
#11459=ORIENTED_EDGE('',*,*,#6939,.T.);
#11460=ORIENTED_EDGE('',*,*,#7865,.T.);
#11461=ORIENTED_EDGE('',*,*,#6256,.F.);
#11462=ORIENTED_EDGE('',*,*,#7866,.F.);
#11463=ORIENTED_EDGE('',*,*,#6940,.T.);
#11464=ORIENTED_EDGE('',*,*,#7866,.T.);
#11465=ORIENTED_EDGE('',*,*,#6255,.F.);
#11466=ORIENTED_EDGE('',*,*,#7867,.F.);
#11467=ORIENTED_EDGE('',*,*,#6941,.T.);
#11468=ORIENTED_EDGE('',*,*,#7867,.T.);
#11469=ORIENTED_EDGE('',*,*,#6254,.F.);
#11470=ORIENTED_EDGE('',*,*,#7868,.F.);
#11471=ORIENTED_EDGE('',*,*,#6942,.T.);
#11472=ORIENTED_EDGE('',*,*,#7868,.T.);
#11473=ORIENTED_EDGE('',*,*,#6253,.F.);
#11474=ORIENTED_EDGE('',*,*,#7869,.F.);
#11475=ORIENTED_EDGE('',*,*,#6935,.T.);
#11476=ORIENTED_EDGE('',*,*,#7869,.T.);
#11477=ORIENTED_EDGE('',*,*,#6252,.F.);
#11478=ORIENTED_EDGE('',*,*,#7862,.F.);
#11479=ORIENTED_EDGE('',*,*,#6928,.T.);
#11480=ORIENTED_EDGE('',*,*,#7870,.T.);
#11481=ORIENTED_EDGE('',*,*,#6251,.F.);
#11482=ORIENTED_EDGE('',*,*,#7871,.F.);
#11483=ORIENTED_EDGE('',*,*,#6929,.T.);
#11484=ORIENTED_EDGE('',*,*,#7871,.T.);
#11485=ORIENTED_EDGE('',*,*,#6250,.F.);
#11486=ORIENTED_EDGE('',*,*,#7872,.F.);
#11487=ORIENTED_EDGE('',*,*,#6930,.T.);
#11488=ORIENTED_EDGE('',*,*,#7872,.T.);
#11489=ORIENTED_EDGE('',*,*,#6249,.F.);
#11490=ORIENTED_EDGE('',*,*,#7873,.F.);
#11491=ORIENTED_EDGE('',*,*,#6931,.T.);
#11492=ORIENTED_EDGE('',*,*,#7873,.T.);
#11493=ORIENTED_EDGE('',*,*,#6248,.F.);
#11494=ORIENTED_EDGE('',*,*,#7874,.F.);
#11495=ORIENTED_EDGE('',*,*,#6932,.T.);
#11496=ORIENTED_EDGE('',*,*,#7874,.T.);
#11497=ORIENTED_EDGE('',*,*,#6247,.F.);
#11498=ORIENTED_EDGE('',*,*,#7875,.F.);
#11499=ORIENTED_EDGE('',*,*,#6933,.T.);
#11500=ORIENTED_EDGE('',*,*,#7875,.T.);
#11501=ORIENTED_EDGE('',*,*,#6246,.F.);
#11502=ORIENTED_EDGE('',*,*,#7876,.F.);
#11503=ORIENTED_EDGE('',*,*,#6934,.T.);
#11504=ORIENTED_EDGE('',*,*,#7876,.T.);
#11505=ORIENTED_EDGE('',*,*,#6245,.F.);
#11506=ORIENTED_EDGE('',*,*,#7877,.F.);
#11507=ORIENTED_EDGE('',*,*,#6927,.T.);
#11508=ORIENTED_EDGE('',*,*,#7877,.T.);
#11509=ORIENTED_EDGE('',*,*,#6244,.F.);
#11510=ORIENTED_EDGE('',*,*,#7870,.F.);
#11511=ORIENTED_EDGE('',*,*,#7477,.F.);
#11512=ORIENTED_EDGE('',*,*,#6186,.F.);
#11513=ORIENTED_EDGE('',*,*,#7878,.F.);
#11514=ORIENTED_EDGE('',*,*,#6680,.F.);
#11515=ORIENTED_EDGE('',*,*,#6681,.T.);
#11516=ORIENTED_EDGE('',*,*,#7878,.T.);
#11517=ORIENTED_EDGE('',*,*,#6185,.F.);
#11518=ORIENTED_EDGE('',*,*,#7471,.F.);
#11519=ORIENTED_EDGE('',*,*,#6711,.T.);
#11520=ORIENTED_EDGE('',*,*,#7473,.T.);
#11521=ORIENTED_EDGE('',*,*,#6155,.F.);
#11522=ORIENTED_EDGE('',*,*,#7879,.F.);
#11523=ORIENTED_EDGE('',*,*,#6712,.F.);
#11524=ORIENTED_EDGE('',*,*,#7879,.T.);
#11525=ORIENTED_EDGE('',*,*,#6154,.F.);
#11526=ORIENTED_EDGE('',*,*,#7880,.F.);
#11527=ORIENTED_EDGE('',*,*,#6713,.F.);
#11528=ORIENTED_EDGE('',*,*,#7880,.T.);
#11529=ORIENTED_EDGE('',*,*,#6153,.F.);
#11530=ORIENTED_EDGE('',*,*,#7476,.F.);
#11531=ORIENTED_EDGE('',*,*,#6743,.T.);
#11532=ORIENTED_EDGE('',*,*,#7411,.T.);
#11533=ORIENTED_EDGE('',*,*,#6123,.F.);
#11534=ORIENTED_EDGE('',*,*,#7881,.F.);
#11535=ORIENTED_EDGE('',*,*,#6744,.T.);
#11536=ORIENTED_EDGE('',*,*,#7881,.T.);
#11537=ORIENTED_EDGE('',*,*,#6122,.F.);
#11538=ORIENTED_EDGE('',*,*,#7882,.F.);
#11539=ORIENTED_EDGE('',*,*,#6745,.T.);
#11540=ORIENTED_EDGE('',*,*,#7882,.T.);
#11541=ORIENTED_EDGE('',*,*,#6121,.F.);
#11542=ORIENTED_EDGE('',*,*,#7463,.F.);
#11543=CYLINDRICAL_SURFACE('',#12463,0.5);
#11544=CYLINDRICAL_SURFACE('',#12773,0.5);
#11545=CYLINDRICAL_SURFACE('',#13081,0.5);
#11546=CYLINDRICAL_SURFACE('',#13083,0.5);
#11547=CYLINDRICAL_SURFACE('',#13085,0.5);
#11548=CYLINDRICAL_SURFACE('',#13087,0.5);
#11549=CYLINDRICAL_SURFACE('',#13089,0.5);
#11550=CYLINDRICAL_SURFACE('',#13091,0.5);
#11551=CYLINDRICAL_SURFACE('',#13093,0.5);
#11552=CYLINDRICAL_SURFACE('',#13095,0.5);
#11553=CYLINDRICAL_SURFACE('',#13097,0.5);
#11554=CYLINDRICAL_SURFACE('',#13099,0.5);
#11555=CYLINDRICAL_SURFACE('',#13101,0.5);
#11556=CYLINDRICAL_SURFACE('',#13103,0.5);
#11557=CYLINDRICAL_SURFACE('',#13105,0.5);
#11558=CYLINDRICAL_SURFACE('',#13107,0.5);
#11559=CYLINDRICAL_SURFACE('',#13109,0.500000000000007);
#11560=CYLINDRICAL_SURFACE('',#13111,0.500000000000007);
#11561=CYLINDRICAL_SURFACE('',#13112,0.500000000000007);
#11562=CYLINDRICAL_SURFACE('',#13114,0.500000000000007);
#11563=CYLINDRICAL_SURFACE('',#13115,0.500000000000007);
#11564=CYLINDRICAL_SURFACE('',#13117,0.500000000000007);
#11565=CYLINDRICAL_SURFACE('',#13118,0.500000000000007);
#11566=CYLINDRICAL_SURFACE('',#13120,0.500000000000007);
#11567=CYLINDRICAL_SURFACE('',#13129,0.5);
#11568=CYLINDRICAL_SURFACE('',#13131,0.5);
#11569=CYLINDRICAL_SURFACE('',#13132,0.4);
#11570=CYLINDRICAL_SURFACE('',#13134,0.399999999999992);
#11571=CYLINDRICAL_SURFACE('',#13135,3.);
#11572=CYLINDRICAL_SURFACE('',#13136,3.00000000000001);
#11573=CYLINDRICAL_SURFACE('',#13137,3.);
#11574=CYLINDRICAL_SURFACE('',#13139,3.);
#11575=CYLINDRICAL_SURFACE('',#13140,0.499999999999998);
#11576=CYLINDRICAL_SURFACE('',#13142,0.5);
#11577=CYLINDRICAL_SURFACE('',#13144,0.500000000000003);
#11578=CYLINDRICAL_SURFACE('',#13146,0.499999999999998);
#11579=CYLINDRICAL_SURFACE('',#13149,0.5);
#11580=CYLINDRICAL_SURFACE('',#13151,0.5);
#11581=CYLINDRICAL_SURFACE('',#13152,0.5);
#11582=CYLINDRICAL_SURFACE('',#13154,0.5);
#11583=CYLINDRICAL_SURFACE('',#13158,0.499999999999998);
#11584=CYLINDRICAL_SURFACE('',#13159,0.499999999999998);
#11585=CYLINDRICAL_SURFACE('',#13161,0.499999999999998);
#11586=CYLINDRICAL_SURFACE('',#13163,0.5);
#11587=CYLINDRICAL_SURFACE('',#13165,0.499999999999991);
#11588=CYLINDRICAL_SURFACE('',#13167,0.499999999999991);
#11589=CYLINDRICAL_SURFACE('',#13169,0.499999999999964);
#11590=CYLINDRICAL_SURFACE('',#13171,0.499999999999929);
#11591=CYLINDRICAL_SURFACE('',#13173,0.5);
#11592=CYLINDRICAL_SURFACE('',#13175,0.5);
#11593=CYLINDRICAL_SURFACE('',#13177,0.499999999999989);
#11594=CYLINDRICAL_SURFACE('',#13179,0.500000000000007);
#11595=CYLINDRICAL_SURFACE('',#13181,0.499999999999973);
#11596=CYLINDRICAL_SURFACE('',#13183,0.499999999999991);
#11597=CYLINDRICAL_SURFACE('',#13185,0.5);
#11598=CYLINDRICAL_SURFACE('',#13187,0.5);
#11599=CYLINDRICAL_SURFACE('',#13188,0.5);
#11600=CYLINDRICAL_SURFACE('',#13190,0.5);
#11601=CYLINDRICAL_SURFACE('',#13192,0.5);
#11602=CYLINDRICAL_SURFACE('',#13194,0.5);
#11603=CYLINDRICAL_SURFACE('',#13196,1.5);
#11604=CYLINDRICAL_SURFACE('',#13198,1.);
#11605=CYLINDRICAL_SURFACE('',#13200,1.5);
#11606=CYLINDRICAL_SURFACE('',#13202,1.);
#11607=CYLINDRICAL_SURFACE('',#13203,1.5);
#11608=CYLINDRICAL_SURFACE('',#13205,1.);
#11609=CYLINDRICAL_SURFACE('',#13207,1.5);
#11610=CYLINDRICAL_SURFACE('',#13209,1.);
#11611=CYLINDRICAL_SURFACE('',#13210,1.);
#11612=CYLINDRICAL_SURFACE('',#13212,1.);
#11613=CYLINDRICAL_SURFACE('',#13214,1.);
#11614=CYLINDRICAL_SURFACE('',#13216,1.);
#11615=CYLINDRICAL_SURFACE('',#13218,1.);
#11616=CYLINDRICAL_SURFACE('',#13220,1.);
#11617=CYLINDRICAL_SURFACE('',#13222,1.);
#11618=CYLINDRICAL_SURFACE('',#13224,1.);
#11619=CYLINDRICAL_SURFACE('',#13226,1.);
#11620=CYLINDRICAL_SURFACE('',#13228,1.);
#11621=CYLINDRICAL_SURFACE('',#13230,1.);
#11622=CYLINDRICAL_SURFACE('',#13232,1.);
#11623=CYLINDRICAL_SURFACE('',#13250,0.999999999999986);
#11624=CYLINDRICAL_SURFACE('',#13251,1.5);
#11625=CYLINDRICAL_SURFACE('',#13253,1.5);
#11626=CYLINDRICAL_SURFACE('',#13255,1.5);
#11627=CYLINDRICAL_SURFACE('',#13256,1.5);
#11628=CYLINDRICAL_SURFACE('',#13257,1.5);
#11629=CYLINDRICAL_SURFACE('',#13258,1.5);
#11630=CYLINDRICAL_SURFACE('',#13260,1.5);
#11631=CYLINDRICAL_SURFACE('',#13261,1.5);
#11632=CYLINDRICAL_SURFACE('',#13263,1.5);
#11633=CYLINDRICAL_SURFACE('',#13265,1.5);
#11634=CYLINDRICAL_SURFACE('',#13267,1.5);
#11635=CYLINDRICAL_SURFACE('',#13269,1.5);
#11636=CYLINDRICAL_SURFACE('',#13270,0.99999999999999);
#11637=CYLINDRICAL_SURFACE('',#13271,0.999999999999986);
#11638=CYLINDRICAL_SURFACE('',#13272,0.999999999999994);
#11639=CYLINDRICAL_SURFACE('',#13273,0.999999999999986);
#11640=CYLINDRICAL_SURFACE('',#13274,1.00000000000002);
#11641=CYLINDRICAL_SURFACE('',#13276,1.);
#11642=CYLINDRICAL_SURFACE('',#13277,1.);
#11643=CYLINDRICAL_SURFACE('',#13278,1.);
#11644=CYLINDRICAL_SURFACE('',#13280,0.499999999999998);
#11645=CYLINDRICAL_SURFACE('',#13282,0.500000000000003);
#11646=CYLINDRICAL_SURFACE('',#13284,0.499999999999989);
#11647=CYLINDRICAL_SURFACE('',#13286,0.499999999999998);
#11648=CYLINDRICAL_SURFACE('',#13288,0.499999999999998);
#11649=CYLINDRICAL_SURFACE('',#13290,0.499999999999998);
#11650=CYLINDRICAL_SURFACE('',#13292,0.499999999999989);
#11651=CYLINDRICAL_SURFACE('',#13294,0.5);
#11652=CYLINDRICAL_SURFACE('',#13296,0.499999999999998);
#11653=CYLINDRICAL_SURFACE('',#13298,0.500000000000003);
#11654=CYLINDRICAL_SURFACE('',#13300,0.500000000000007);
#11655=CYLINDRICAL_SURFACE('',#13302,0.499999999999998);
#11656=CYLINDRICAL_SURFACE('',#13304,0.499999999999989);
#11657=CYLINDRICAL_SURFACE('',#13306,0.499999999999998);
#11658=CYLINDRICAL_SURFACE('',#13308,0.500000000000007);
#11659=CYLINDRICAL_SURFACE('',#13310,0.5);
#11660=CYLINDRICAL_SURFACE('',#13312,0.499999999999998);
#11661=CYLINDRICAL_SURFACE('',#13314,0.500000000000003);
#11662=CYLINDRICAL_SURFACE('',#13316,0.500000000000007);
#11663=CYLINDRICAL_SURFACE('',#13318,0.499999999999998);
#11664=CYLINDRICAL_SURFACE('',#13320,0.499999999999989);
#11665=CYLINDRICAL_SURFACE('',#13322,0.500000000000003);
#11666=CYLINDRICAL_SURFACE('',#13324,0.500000000000007);
#11667=CYLINDRICAL_SURFACE('',#13326,0.499999999999998);
#11668=CYLINDRICAL_SURFACE('',#13328,0.5);
#11669=CYLINDRICAL_SURFACE('',#13330,0.500000000000003);
#11670=CYLINDRICAL_SURFACE('',#13332,0.499999999999998);
#11671=CYLINDRICAL_SURFACE('',#13334,0.499999999999998);
#11672=CYLINDRICAL_SURFACE('',#13336,0.499999999999998);
#11673=CYLINDRICAL_SURFACE('',#13338,0.499999999999998);
#11674=CYLINDRICAL_SURFACE('',#13340,0.499999999999998);
#11675=CYLINDRICAL_SURFACE('',#13342,0.5);
#11676=CYLINDRICAL_SURFACE('',#13344,0.499999999999998);
#11677=CYLINDRICAL_SURFACE('',#13346,0.499999999999998);
#11678=CYLINDRICAL_SURFACE('',#13348,0.499999999999998);
#11679=CYLINDRICAL_SURFACE('',#13350,0.5);
#11680=CYLINDRICAL_SURFACE('',#13352,0.499999999999998);
#11681=CYLINDRICAL_SURFACE('',#13354,0.499999999999998);
#11682=CYLINDRICAL_SURFACE('',#13356,0.500000000000003);
#11683=CYLINDRICAL_SURFACE('',#13358,0.5);
#11684=CYLINDRICAL_SURFACE('',#13360,0.5);
#11685=CYLINDRICAL_SURFACE('',#13362,0.499999999999998);
#11686=CYLINDRICAL_SURFACE('',#13364,0.499999999999998);
#11687=CYLINDRICAL_SURFACE('',#13366,0.5);
#11688=CYLINDRICAL_SURFACE('',#13368,0.500000000000007);
#11689=CYLINDRICAL_SURFACE('',#13370,0.499999999999989);
#11690=CYLINDRICAL_SURFACE('',#13372,0.500000000000007);
#11691=CYLINDRICAL_SURFACE('',#13374,0.499999999999998);
#11692=CYLINDRICAL_SURFACE('',#13376,0.499999999999972);
#11693=CYLINDRICAL_SURFACE('',#13378,0.499999999999989);
#11694=CYLINDRICAL_SURFACE('',#13380,0.500000000000007);
#11695=CYLINDRICAL_SURFACE('',#13382,0.499999999999998);
#11696=CYLINDRICAL_SURFACE('',#13384,0.500000000000007);
#11697=CYLINDRICAL_SURFACE('',#13386,0.499999999999989);
#11698=CYLINDRICAL_SURFACE('',#13388,0.499999999999972);
#11699=CYLINDRICAL_SURFACE('',#13390,0.499999999999998);
#11700=CYLINDRICAL_SURFACE('',#13392,0.500000000000007);
#11701=CYLINDRICAL_SURFACE('',#13394,0.499999999999989);
#11702=CYLINDRICAL_SURFACE('',#13396,0.500000000000007);
#11703=CYLINDRICAL_SURFACE('',#13398,0.499999999999998);
#11704=CYLINDRICAL_SURFACE('',#13400,0.499999999999989);
#11705=CYLINDRICAL_SURFACE('',#13402,0.499999999999989);
#11706=CYLINDRICAL_SURFACE('',#13404,0.500000000000007);
#11707=CYLINDRICAL_SURFACE('',#13406,0.499999999999998);
#11708=CYLINDRICAL_SURFACE('',#13408,0.499999999999998);
#11709=CYLINDRICAL_SURFACE('',#13410,0.499999999999989);
#11710=CYLINDRICAL_SURFACE('',#13412,0.500000000000007);
#11711=CYLINDRICAL_SURFACE('',#13414,0.499999999999998);
#11712=CYLINDRICAL_SURFACE('',#13416,0.499999999999998);
#11713=CYLINDRICAL_SURFACE('',#13418,0.499999999999989);
#11714=CYLINDRICAL_SURFACE('',#13420,0.500000000000003);
#11715=CYLINDRICAL_SURFACE('',#13422,0.499999999999998);
#11716=CYLINDRICAL_SURFACE('',#13424,0.5);
#11717=CYLINDRICAL_SURFACE('',#13426,0.499999999999989);
#11718=CYLINDRICAL_SURFACE('',#13428,0.499999999999998);
#11719=CYLINDRICAL_SURFACE('',#13430,0.499999999999998);
#11720=CYLINDRICAL_SURFACE('',#13432,0.500000000000007);
#11721=CYLINDRICAL_SURFACE('',#13434,0.499999999999998);
#11722=CYLINDRICAL_SURFACE('',#13436,0.500000000000007);
#11723=CYLINDRICAL_SURFACE('',#13438,0.499999999999998);
#11724=CYLINDRICAL_SURFACE('',#13440,0.500000000000007);
#11725=CYLINDRICAL_SURFACE('',#13442,0.499999999999998);
#11726=CYLINDRICAL_SURFACE('',#13444,0.500000000000007);
#11727=CYLINDRICAL_SURFACE('',#13446,0.499999999999998);
#11728=CYLINDRICAL_SURFACE('',#13448,0.500000000000007);
#11729=CYLINDRICAL_SURFACE('',#13450,0.499999999999998);
#11730=CYLINDRICAL_SURFACE('',#13452,0.499999999999972);
#11731=CYLINDRICAL_SURFACE('',#13454,0.499999999999998);
#11732=CYLINDRICAL_SURFACE('',#13456,0.500000000000007);
#11733=CYLINDRICAL_SURFACE('',#13458,0.499999999999998);
#11734=CYLINDRICAL_SURFACE('',#13460,0.500000000000007);
#11735=CYLINDRICAL_SURFACE('',#13462,0.499999999999998);
#11736=CYLINDRICAL_SURFACE('',#13464,0.500000000000007);
#11737=CYLINDRICAL_SURFACE('',#13466,0.499999999999998);
#11738=CYLINDRICAL_SURFACE('',#13468,0.500000000000007);
#11739=CYLINDRICAL_SURFACE('',#13470,0.499999999999998);
#11740=CYLINDRICAL_SURFACE('',#13472,0.500000000000007);
#11741=CYLINDRICAL_SURFACE('',#13474,0.499999999999998);
#11742=CYLINDRICAL_SURFACE('',#13476,0.500000000000007);
#11743=CYLINDRICAL_SURFACE('',#13478,0.499999999999998);
#11744=CYLINDRICAL_SURFACE('',#13480,0.500000000000007);
#11745=CYLINDRICAL_SURFACE('',#13482,0.499999999999998);
#11746=CYLINDRICAL_SURFACE('',#13484,0.500000000000007);
#11747=CYLINDRICAL_SURFACE('',#13486,0.499999999999998);
#11748=CYLINDRICAL_SURFACE('',#13488,0.499999999999989);
#11749=CYLINDRICAL_SURFACE('',#13490,0.499999999999998);
#11750=CYLINDRICAL_SURFACE('',#13492,0.500000000000007);
#11751=CYLINDRICAL_SURFACE('',#13494,0.499999999999998);
#11752=CYLINDRICAL_SURFACE('',#13496,0.499999999999998);
#11753=CYLINDRICAL_SURFACE('',#13498,0.499999999999998);
#11754=CYLINDRICAL_SURFACE('',#13500,0.499999999999989);
#11755=CYLINDRICAL_SURFACE('',#13502,0.499999999999998);
#11756=CYLINDRICAL_SURFACE('',#13504,0.499999999999998);
#11757=CYLINDRICAL_SURFACE('',#13506,0.499999999999998);
#11758=CYLINDRICAL_SURFACE('',#13508,0.499999999999998);
#11759=CYLINDRICAL_SURFACE('',#13510,0.499999999999998);
#11760=CYLINDRICAL_SURFACE('',#13512,0.499999999999998);
#11761=CYLINDRICAL_SURFACE('',#13514,0.499999999999998);
#11762=CYLINDRICAL_SURFACE('',#13516,0.499999999999998);
#11763=CYLINDRICAL_SURFACE('',#13518,0.499999999999998);
#11764=CYLINDRICAL_SURFACE('',#13520,0.500000000000007);
#11765=CYLINDRICAL_SURFACE('',#13522,0.499999999999998);
#11766=CYLINDRICAL_SURFACE('',#13524,0.499999999999972);
#11767=CYLINDRICAL_SURFACE('',#13526,0.499999999999998);
#11768=CYLINDRICAL_SURFACE('',#13528,0.499999999999972);
#11769=CYLINDRICAL_SURFACE('',#13530,0.499999999999998);
#11770=CYLINDRICAL_SURFACE('',#13532,0.500000000000007);
#11771=CYLINDRICAL_SURFACE('',#13534,0.499999999999998);
#11772=CYLINDRICAL_SURFACE('',#13536,0.500000000000007);
#11773=CYLINDRICAL_SURFACE('',#13538,0.499999999999998);
#11774=CYLINDRICAL_SURFACE('',#13540,0.500000000000007);
#11775=CYLINDRICAL_SURFACE('',#13542,0.499999999999998);
#11776=CYLINDRICAL_SURFACE('',#13544,0.500000000000007);
#11777=CYLINDRICAL_SURFACE('',#13546,0.499999999999998);
#11778=CYLINDRICAL_SURFACE('',#13548,0.500000000000007);
#11779=CYLINDRICAL_SURFACE('',#13550,0.499999999999998);
#11780=CYLINDRICAL_SURFACE('',#13552,0.500000000000007);
#11781=CYLINDRICAL_SURFACE('',#13554,0.499999999999998);
#11782=CYLINDRICAL_SURFACE('',#13556,0.500000000000007);
#11783=CYLINDRICAL_SURFACE('',#13558,0.499999999999998);
#11784=CYLINDRICAL_SURFACE('',#13560,0.500000000000007);
#11785=CYLINDRICAL_SURFACE('',#13562,0.499999999999998);
#11786=CYLINDRICAL_SURFACE('',#13564,0.500000000000007);
#11787=CYLINDRICAL_SURFACE('',#13566,0.499999999999998);
#11788=CYLINDRICAL_SURFACE('',#13568,0.500000000000007);
#11789=CYLINDRICAL_SURFACE('',#13570,0.499999999999998);
#11790=CYLINDRICAL_SURFACE('',#13572,0.500000000000007);
#11791=CYLINDRICAL_SURFACE('',#13574,0.499999999999998);
#11792=CYLINDRICAL_SURFACE('',#13576,0.499999999999989);
#11793=CYLINDRICAL_SURFACE('',#13578,0.499999999999998);
#11794=CYLINDRICAL_SURFACE('',#13580,0.500000000000007);
#11795=CYLINDRICAL_SURFACE('',#13582,0.499999999999998);
#11796=CYLINDRICAL_SURFACE('',#13584,0.499999999999998);
#11797=CYLINDRICAL_SURFACE('',#13586,0.499999999999998);
#11798=CYLINDRICAL_SURFACE('',#13588,0.499999999999989);
#11799=CYLINDRICAL_SURFACE('',#13590,0.499999999999998);
#11800=CYLINDRICAL_SURFACE('',#13592,0.499999999999998);
#11801=CYLINDRICAL_SURFACE('',#13594,0.499999999999998);
#11802=CYLINDRICAL_SURFACE('',#13596,0.499999999999998);
#11803=CYLINDRICAL_SURFACE('',#13598,0.499999999999998);
#11804=CYLINDRICAL_SURFACE('',#13600,0.500000000000003);
#11805=CYLINDRICAL_SURFACE('',#13602,0.499999999999998);
#11806=CYLINDRICAL_SURFACE('',#13604,0.499999999999998);
#11807=CYLINDRICAL_SURFACE('',#13606,0.499999999999998);
#11808=CYLINDRICAL_SURFACE('',#13608,0.5);
#11809=CYLINDRICAL_SURFACE('',#13610,0.499999999999998);
#11810=CYLINDRICAL_SURFACE('',#13612,0.499999999999998);
#11811=CYLINDRICAL_SURFACE('',#13614,0.499999999999998);
#11812=CYLINDRICAL_SURFACE('',#13616,0.500000000000007);
#11813=CYLINDRICAL_SURFACE('',#13618,0.500000000000003);
#11814=CYLINDRICAL_SURFACE('',#13620,0.500000000000007);
#11815=CYLINDRICAL_SURFACE('',#13622,0.499999999999998);
#11816=CYLINDRICAL_SURFACE('',#13624,0.500000000000007);
#11817=CYLINDRICAL_SURFACE('',#13626,0.500000000000003);
#11818=CYLINDRICAL_SURFACE('',#13628,0.500000000000007);
#11819=CYLINDRICAL_SURFACE('',#13630,0.499999999999998);
#11820=CYLINDRICAL_SURFACE('',#13632,0.500000000000007);
#11821=CYLINDRICAL_SURFACE('',#13634,0.500000000000003);
#11822=CYLINDRICAL_SURFACE('',#13636,0.499999999999972);
#11823=CYLINDRICAL_SURFACE('',#13638,0.499999999999998);
#11824=CYLINDRICAL_SURFACE('',#13640,0.500000000000007);
#11825=CYLINDRICAL_SURFACE('',#13642,0.500000000000003);
#11826=CYLINDRICAL_SURFACE('',#13644,0.499999999999972);
#11827=CYLINDRICAL_SURFACE('',#13646,0.499999999999998);
#11828=CYLINDRICAL_SURFACE('',#13648,0.500000000000007);
#11829=CYLINDRICAL_SURFACE('',#13650,0.500000000000003);
#11830=CYLINDRICAL_SURFACE('',#13652,0.500000000000007);
#11831=CYLINDRICAL_SURFACE('',#13654,0.499999999999998);
#11832=CYLINDRICAL_SURFACE('',#13656,0.500000000000007);
#11833=CYLINDRICAL_SURFACE('',#13658,0.500000000000003);
#11834=CYLINDRICAL_SURFACE('',#13660,0.500000000000007);
#11835=CYLINDRICAL_SURFACE('',#13662,0.499999999999998);
#11836=CYLINDRICAL_SURFACE('',#13664,0.500000000000007);
#11837=CYLINDRICAL_SURFACE('',#13666,0.500000000000003);
#11838=CYLINDRICAL_SURFACE('',#13668,0.500000000000007);
#11839=CYLINDRICAL_SURFACE('',#13670,0.499999999999998);
#11840=CYLINDRICAL_SURFACE('',#13672,0.500000000000007);
#11841=CYLINDRICAL_SURFACE('',#13674,0.500000000000003);
#11842=CYLINDRICAL_SURFACE('',#13676,0.500000000000007);
#11843=CYLINDRICAL_SURFACE('',#13678,0.499999999999998);
#11844=CYLINDRICAL_SURFACE('',#13680,1.);
#11845=CYLINDRICAL_SURFACE('',#13681,0.999999999999996);
#11846=CYLINDRICAL_SURFACE('',#13683,0.999999999999996);
#11847=CYLINDRICAL_SURFACE('',#13684,1.00000000000001);
#11848=CYLINDRICAL_SURFACE('',#13686,1.00000000000001);
#11849=ADVANCED_FACE('',(#441),#11543,.T.);
#11850=ADVANCED_FACE('',(#442),#135,.T.);
#11851=ADVANCED_FACE('',(#443,#15,#16,#17,#18,#19,#20,#21,#22,#23,#24,#25,
#26,#27,#28,#29,#30,#31,#32,#33,#34,#35,#36,#37,#38,#39,#40,#41,#42,#43,
#44,#45,#46,#47,#48,#49,#50,#51,#52,#53,#54,#55,#56,#57,#58,#59,#60,#61,
#62,#63,#64,#65,#66,#67,#68,#69,#70,#71,#72,#73,#74),#136,.T.);
#11852=ADVANCED_FACE('',(#444),#11544,.T.);
#11853=ADVANCED_FACE('',(#445),#137,.T.);
#11854=ADVANCED_FACE('',(#446,#75,#76,#77,#78,#79,#80,#81,#82,#83,#84,#85,
#86,#87,#88,#89,#90,#91,#92,#93,#94,#95,#96,#97,#98,#99,#100,#101,#102,
#103,#104,#105,#106,#107,#108,#109,#110,#111,#112,#113,#114,#115,#116,#117,
#118,#119,#120,#121,#122,#123,#124,#125,#126,#127,#128,#129,#130,#131,#132,
#133,#134),#138,.F.);
#11855=ADVANCED_FACE('',(#447),#11545,.T.);
#11856=ADVANCED_FACE('',(#448),#139,.T.);
#11857=ADVANCED_FACE('',(#449),#11546,.T.);
#11858=ADVANCED_FACE('',(#450),#140,.T.);
#11859=ADVANCED_FACE('',(#451),#11547,.T.);
#11860=ADVANCED_FACE('',(#452),#141,.T.);
#11861=ADVANCED_FACE('',(#453),#11548,.T.);
#11862=ADVANCED_FACE('',(#454),#142,.T.);
#11863=ADVANCED_FACE('',(#455),#11549,.T.);
#11864=ADVANCED_FACE('',(#456),#143,.T.);
#11865=ADVANCED_FACE('',(#457),#11550,.T.);
#11866=ADVANCED_FACE('',(#458),#144,.T.);
#11867=ADVANCED_FACE('',(#459),#11551,.T.);
#11868=ADVANCED_FACE('',(#460),#145,.T.);
#11869=ADVANCED_FACE('',(#461),#11552,.T.);
#11870=ADVANCED_FACE('',(#462),#146,.T.);
#11871=ADVANCED_FACE('',(#463),#11553,.T.);
#11872=ADVANCED_FACE('',(#464),#147,.T.);
#11873=ADVANCED_FACE('',(#465),#11554,.T.);
#11874=ADVANCED_FACE('',(#466),#148,.T.);
#11875=ADVANCED_FACE('',(#467),#11555,.T.);
#11876=ADVANCED_FACE('',(#468),#149,.T.);
#11877=ADVANCED_FACE('',(#469),#11556,.T.);
#11878=ADVANCED_FACE('',(#470),#150,.T.);
#11879=ADVANCED_FACE('',(#471),#11557,.T.);
#11880=ADVANCED_FACE('',(#472),#151,.T.);
#11881=ADVANCED_FACE('',(#473),#11558,.T.);
#11882=ADVANCED_FACE('',(#474),#152,.T.);
#11883=ADVANCED_FACE('',(#475),#11559,.F.);
#11884=ADVANCED_FACE('',(#476),#153,.T.);
#11885=ADVANCED_FACE('',(#477),#11560,.F.);
#11886=ADVANCED_FACE('',(#478),#11561,.F.);
#11887=ADVANCED_FACE('',(#479),#154,.T.);
#11888=ADVANCED_FACE('',(#480),#11562,.F.);
#11889=ADVANCED_FACE('',(#481),#11563,.F.);
#11890=ADVANCED_FACE('',(#482),#155,.T.);
#11891=ADVANCED_FACE('',(#483),#11564,.F.);
#11892=ADVANCED_FACE('',(#484),#11565,.F.);
#11893=ADVANCED_FACE('',(#485),#156,.T.);
#11894=ADVANCED_FACE('',(#486),#11566,.F.);
#11895=ADVANCED_FACE('',(#487),#157,.T.);
#11896=ADVANCED_FACE('',(#488),#158,.T.);
#11897=ADVANCED_FACE('',(#489),#159,.T.);
#11898=ADVANCED_FACE('',(#490),#160,.T.);
#11899=ADVANCED_FACE('',(#491),#161,.T.);
#11900=ADVANCED_FACE('',(#492),#162,.T.);
#11901=ADVANCED_FACE('',(#493),#163,.T.);
#11902=ADVANCED_FACE('',(#494),#164,.T.);
#11903=ADVANCED_FACE('',(#495),#11567,.F.);
#11904=ADVANCED_FACE('',(#496),#165,.T.);
#11905=ADVANCED_FACE('',(#497),#11568,.F.);
#11906=ADVANCED_FACE('',(#498),#11569,.T.);
#11907=ADVANCED_FACE('',(#499),#166,.T.);
#11908=ADVANCED_FACE('',(#500),#11570,.T.);
#11909=ADVANCED_FACE('',(#501),#11571,.T.);
#11910=ADVANCED_FACE('',(#502),#11572,.T.);
#11911=ADVANCED_FACE('',(#503),#11573,.T.);
#11912=ADVANCED_FACE('',(#504),#167,.T.);
#11913=ADVANCED_FACE('',(#505),#11574,.T.);
#11914=ADVANCED_FACE('',(#506),#11575,.F.);
#11915=ADVANCED_FACE('',(#507),#168,.T.);
#11916=ADVANCED_FACE('',(#508),#11576,.F.);
#11917=ADVANCED_FACE('',(#509),#169,.T.);
#11918=ADVANCED_FACE('',(#510),#11577,.F.);
#11919=ADVANCED_FACE('',(#511),#170,.T.);
#11920=ADVANCED_FACE('',(#512),#11578,.F.);
#11921=ADVANCED_FACE('',(#513),#171,.T.);
#11922=ADVANCED_FACE('',(#514),#172,.T.);
#11923=ADVANCED_FACE('',(#515),#11579,.T.);
#11924=ADVANCED_FACE('',(#516),#173,.T.);
#11925=ADVANCED_FACE('',(#517),#11580,.T.);
#11926=ADVANCED_FACE('',(#518),#11581,.T.);
#11927=ADVANCED_FACE('',(#519),#174,.T.);
#11928=ADVANCED_FACE('',(#520),#11582,.T.);
#11929=ADVANCED_FACE('',(#521),#175,.T.);
#11930=ADVANCED_FACE('',(#522),#176,.T.);
#11931=ADVANCED_FACE('',(#523),#177,.T.);
#11932=ADVANCED_FACE('',(#524),#11583,.F.);
#11933=ADVANCED_FACE('',(#525),#11584,.F.);
#11934=ADVANCED_FACE('',(#526),#178,.T.);
#11935=ADVANCED_FACE('',(#527),#11585,.F.);
#11936=ADVANCED_FACE('',(#528),#179,.T.);
#11937=ADVANCED_FACE('',(#529),#11586,.F.);
#11938=ADVANCED_FACE('',(#530),#180,.F.);
#11939=ADVANCED_FACE('',(#531),#11587,.F.);
#11940=ADVANCED_FACE('',(#532),#181,.F.);
#11941=ADVANCED_FACE('',(#533),#11588,.F.);
#11942=ADVANCED_FACE('',(#534),#182,.F.);
#11943=ADVANCED_FACE('',(#535),#11589,.F.);
#11944=ADVANCED_FACE('',(#536),#183,.F.);
#11945=ADVANCED_FACE('',(#537),#11590,.F.);
#11946=ADVANCED_FACE('',(#538),#184,.F.);
#11947=ADVANCED_FACE('',(#539),#11591,.F.);
#11948=ADVANCED_FACE('',(#540),#185,.F.);
#11949=ADVANCED_FACE('',(#541),#11592,.F.);
#11950=ADVANCED_FACE('',(#542),#186,.F.);
#11951=ADVANCED_FACE('',(#543),#11593,.F.);
#11952=ADVANCED_FACE('',(#544),#187,.F.);
#11953=ADVANCED_FACE('',(#545),#11594,.F.);
#11954=ADVANCED_FACE('',(#546),#188,.F.);
#11955=ADVANCED_FACE('',(#547),#11595,.F.);
#11956=ADVANCED_FACE('',(#548),#189,.F.);
#11957=ADVANCED_FACE('',(#549),#11596,.F.);
#11958=ADVANCED_FACE('',(#550),#190,.F.);
#11959=ADVANCED_FACE('',(#551),#11597,.F.);
#11960=ADVANCED_FACE('',(#552),#191,.F.);
#11961=ADVANCED_FACE('',(#553),#11598,.F.);
#11962=ADVANCED_FACE('',(#554),#11599,.F.);
#11963=ADVANCED_FACE('',(#555),#192,.F.);
#11964=ADVANCED_FACE('',(#556),#11600,.F.);
#11965=ADVANCED_FACE('',(#557),#193,.F.);
#11966=ADVANCED_FACE('',(#558),#11601,.F.);
#11967=ADVANCED_FACE('',(#559),#194,.F.);
#11968=ADVANCED_FACE('',(#560),#11602,.F.);
#11969=ADVANCED_FACE('',(#561),#195,.F.);
#11970=ADVANCED_FACE('',(#562),#11603,.F.);
#11971=ADVANCED_FACE('',(#563),#196,.T.);
#11972=ADVANCED_FACE('',(#564),#11604,.T.);
#11973=ADVANCED_FACE('',(#565),#197,.T.);
#11974=ADVANCED_FACE('',(#566),#11605,.F.);
#11975=ADVANCED_FACE('',(#567),#198,.T.);
#11976=ADVANCED_FACE('',(#568),#11606,.T.);
#11977=ADVANCED_FACE('',(#569),#11607,.F.);
#11978=ADVANCED_FACE('',(#570),#199,.T.);
#11979=ADVANCED_FACE('',(#571),#11608,.T.);
#11980=ADVANCED_FACE('',(#572),#200,.T.);
#11981=ADVANCED_FACE('',(#573),#11609,.F.);
#11982=ADVANCED_FACE('',(#574),#201,.T.);
#11983=ADVANCED_FACE('',(#575),#11610,.T.);
#11984=ADVANCED_FACE('',(#576),#11611,.T.);
#11985=ADVANCED_FACE('',(#577),#202,.T.);
#11986=ADVANCED_FACE('',(#578),#11612,.T.);
#11987=ADVANCED_FACE('',(#579),#203,.T.);
#11988=ADVANCED_FACE('',(#580),#11613,.T.);
#11989=ADVANCED_FACE('',(#581),#204,.T.);
#11990=ADVANCED_FACE('',(#582),#11614,.T.);
#11991=ADVANCED_FACE('',(#583),#205,.T.);
#11992=ADVANCED_FACE('',(#584),#11615,.T.);
#11993=ADVANCED_FACE('',(#585),#206,.T.);
#11994=ADVANCED_FACE('',(#586),#11616,.T.);
#11995=ADVANCED_FACE('',(#587),#207,.T.);
#11996=ADVANCED_FACE('',(#588),#11617,.T.);
#11997=ADVANCED_FACE('',(#589),#208,.T.);
#11998=ADVANCED_FACE('',(#590),#11618,.T.);
#11999=ADVANCED_FACE('',(#591),#209,.T.);
#12000=ADVANCED_FACE('',(#592),#11619,.T.);
#12001=ADVANCED_FACE('',(#593),#210,.T.);
#12002=ADVANCED_FACE('',(#594),#11620,.T.);
#12003=ADVANCED_FACE('',(#595),#211,.T.);
#12004=ADVANCED_FACE('',(#596),#11621,.T.);
#12005=ADVANCED_FACE('',(#597),#212,.T.);
#12006=ADVANCED_FACE('',(#598),#11622,.T.);
#12007=ADVANCED_FACE('',(#599),#213,.T.);
#12008=ADVANCED_FACE('',(#600),#214,.T.);
#12009=ADVANCED_FACE('',(#601),#215,.T.);
#12010=ADVANCED_FACE('',(#602),#216,.T.);
#12011=ADVANCED_FACE('',(#603),#217,.T.);
#12012=ADVANCED_FACE('',(#604),#218,.T.);
#12013=ADVANCED_FACE('',(#605),#219,.T.);
#12014=ADVANCED_FACE('',(#606),#220,.T.);
#12015=ADVANCED_FACE('',(#607),#221,.T.);
#12016=ADVANCED_FACE('',(#608),#222,.T.);
#12017=ADVANCED_FACE('',(#609),#223,.T.);
#12018=ADVANCED_FACE('',(#610),#224,.T.);
#12019=ADVANCED_FACE('',(#611),#225,.T.);
#12020=ADVANCED_FACE('',(#612),#226,.T.);
#12021=ADVANCED_FACE('',(#613),#227,.T.);
#12022=ADVANCED_FACE('',(#614),#228,.T.);
#12023=ADVANCED_FACE('',(#615),#229,.T.);
#12024=ADVANCED_FACE('',(#616),#11623,.F.);
#12025=ADVANCED_FACE('',(#617),#11624,.F.);
#12026=ADVANCED_FACE('',(#618),#230,.T.);
#12027=ADVANCED_FACE('',(#619),#11625,.F.);
#12028=ADVANCED_FACE('',(#620),#231,.T.);
#12029=ADVANCED_FACE('',(#621),#11626,.F.);
#12030=ADVANCED_FACE('',(#622),#11627,.F.);
#12031=ADVANCED_FACE('',(#623),#11628,.F.);
#12032=ADVANCED_FACE('',(#624),#11629,.F.);
#12033=ADVANCED_FACE('',(#625),#232,.T.);
#12034=ADVANCED_FACE('',(#626),#11630,.F.);
#12035=ADVANCED_FACE('',(#627),#11631,.F.);
#12036=ADVANCED_FACE('',(#628),#233,.T.);
#12037=ADVANCED_FACE('',(#629),#11632,.F.);
#12038=ADVANCED_FACE('',(#630),#234,.T.);
#12039=ADVANCED_FACE('',(#631),#11633,.F.);
#12040=ADVANCED_FACE('',(#632),#235,.T.);
#12041=ADVANCED_FACE('',(#633),#11634,.F.);
#12042=ADVANCED_FACE('',(#634),#236,.T.);
#12043=ADVANCED_FACE('',(#635),#11635,.F.);
#12044=ADVANCED_FACE('',(#636),#11636,.F.);
#12045=ADVANCED_FACE('',(#637),#11637,.F.);
#12046=ADVANCED_FACE('',(#638),#11638,.F.);
#12047=ADVANCED_FACE('',(#639),#11639,.F.);
#12048=ADVANCED_FACE('',(#640),#11640,.F.);
#12049=ADVANCED_FACE('',(#641),#237,.T.);
#12050=ADVANCED_FACE('',(#642),#11641,.F.);
#12051=ADVANCED_FACE('',(#643),#11642,.F.);
#12052=ADVANCED_FACE('',(#644),#11643,.T.);
#12053=ADVANCED_FACE('',(#645),#238,.T.);
#12054=ADVANCED_FACE('',(#646),#11644,.F.);
#12055=ADVANCED_FACE('',(#647),#239,.T.);
#12056=ADVANCED_FACE('',(#648),#11645,.F.);
#12057=ADVANCED_FACE('',(#649),#240,.T.);
#12058=ADVANCED_FACE('',(#650),#11646,.F.);
#12059=ADVANCED_FACE('',(#651),#241,.T.);
#12060=ADVANCED_FACE('',(#652),#11647,.F.);
#12061=ADVANCED_FACE('',(#653),#242,.T.);
#12062=ADVANCED_FACE('',(#654),#11648,.F.);
#12063=ADVANCED_FACE('',(#655),#243,.T.);
#12064=ADVANCED_FACE('',(#656),#11649,.F.);
#12065=ADVANCED_FACE('',(#657),#244,.T.);
#12066=ADVANCED_FACE('',(#658),#11650,.F.);
#12067=ADVANCED_FACE('',(#659),#245,.T.);
#12068=ADVANCED_FACE('',(#660),#11651,.F.);
#12069=ADVANCED_FACE('',(#661),#246,.T.);
#12070=ADVANCED_FACE('',(#662),#11652,.F.);
#12071=ADVANCED_FACE('',(#663),#247,.T.);
#12072=ADVANCED_FACE('',(#664),#11653,.F.);
#12073=ADVANCED_FACE('',(#665),#248,.T.);
#12074=ADVANCED_FACE('',(#666),#11654,.F.);
#12075=ADVANCED_FACE('',(#667),#249,.T.);
#12076=ADVANCED_FACE('',(#668),#11655,.F.);
#12077=ADVANCED_FACE('',(#669),#250,.T.);
#12078=ADVANCED_FACE('',(#670),#11656,.F.);
#12079=ADVANCED_FACE('',(#671),#251,.T.);
#12080=ADVANCED_FACE('',(#672),#11657,.F.);
#12081=ADVANCED_FACE('',(#673),#252,.T.);
#12082=ADVANCED_FACE('',(#674),#11658,.F.);
#12083=ADVANCED_FACE('',(#675),#253,.T.);
#12084=ADVANCED_FACE('',(#676),#11659,.F.);
#12085=ADVANCED_FACE('',(#677),#254,.T.);
#12086=ADVANCED_FACE('',(#678),#11660,.F.);
#12087=ADVANCED_FACE('',(#679),#255,.T.);
#12088=ADVANCED_FACE('',(#680),#11661,.F.);
#12089=ADVANCED_FACE('',(#681),#256,.T.);
#12090=ADVANCED_FACE('',(#682),#11662,.F.);
#12091=ADVANCED_FACE('',(#683),#257,.T.);
#12092=ADVANCED_FACE('',(#684),#11663,.F.);
#12093=ADVANCED_FACE('',(#685),#258,.T.);
#12094=ADVANCED_FACE('',(#686),#11664,.F.);
#12095=ADVANCED_FACE('',(#687),#259,.T.);
#12096=ADVANCED_FACE('',(#688),#11665,.F.);
#12097=ADVANCED_FACE('',(#689),#260,.T.);
#12098=ADVANCED_FACE('',(#690),#11666,.F.);
#12099=ADVANCED_FACE('',(#691),#261,.T.);
#12100=ADVANCED_FACE('',(#692),#11667,.F.);
#12101=ADVANCED_FACE('',(#693),#262,.T.);
#12102=ADVANCED_FACE('',(#694),#11668,.F.);
#12103=ADVANCED_FACE('',(#695),#263,.T.);
#12104=ADVANCED_FACE('',(#696),#11669,.F.);
#12105=ADVANCED_FACE('',(#697),#264,.T.);
#12106=ADVANCED_FACE('',(#698),#11670,.F.);
#12107=ADVANCED_FACE('',(#699),#265,.T.);
#12108=ADVANCED_FACE('',(#700),#11671,.F.);
#12109=ADVANCED_FACE('',(#701),#266,.T.);
#12110=ADVANCED_FACE('',(#702),#11672,.F.);
#12111=ADVANCED_FACE('',(#703),#267,.T.);
#12112=ADVANCED_FACE('',(#704),#11673,.F.);
#12113=ADVANCED_FACE('',(#705),#268,.T.);
#12114=ADVANCED_FACE('',(#706),#11674,.F.);
#12115=ADVANCED_FACE('',(#707),#269,.T.);
#12116=ADVANCED_FACE('',(#708),#11675,.F.);
#12117=ADVANCED_FACE('',(#709),#270,.T.);
#12118=ADVANCED_FACE('',(#710),#11676,.F.);
#12119=ADVANCED_FACE('',(#711),#271,.T.);
#12120=ADVANCED_FACE('',(#712),#11677,.F.);
#12121=ADVANCED_FACE('',(#713),#272,.T.);
#12122=ADVANCED_FACE('',(#714),#11678,.F.);
#12123=ADVANCED_FACE('',(#715),#273,.T.);
#12124=ADVANCED_FACE('',(#716),#11679,.F.);
#12125=ADVANCED_FACE('',(#717),#274,.T.);
#12126=ADVANCED_FACE('',(#718),#11680,.F.);
#12127=ADVANCED_FACE('',(#719),#275,.T.);
#12128=ADVANCED_FACE('',(#720),#11681,.F.);
#12129=ADVANCED_FACE('',(#721),#276,.T.);
#12130=ADVANCED_FACE('',(#722),#11682,.F.);
#12131=ADVANCED_FACE('',(#723),#277,.T.);
#12132=ADVANCED_FACE('',(#724),#11683,.F.);
#12133=ADVANCED_FACE('',(#725),#278,.T.);
#12134=ADVANCED_FACE('',(#726),#11684,.F.);
#12135=ADVANCED_FACE('',(#727),#279,.T.);
#12136=ADVANCED_FACE('',(#728),#11685,.F.);
#12137=ADVANCED_FACE('',(#729),#280,.T.);
#12138=ADVANCED_FACE('',(#730),#11686,.F.);
#12139=ADVANCED_FACE('',(#731),#281,.T.);
#12140=ADVANCED_FACE('',(#732),#11687,.F.);
#12141=ADVANCED_FACE('',(#733),#282,.T.);
#12142=ADVANCED_FACE('',(#734),#11688,.F.);
#12143=ADVANCED_FACE('',(#735),#283,.T.);
#12144=ADVANCED_FACE('',(#736),#11689,.F.);
#12145=ADVANCED_FACE('',(#737),#284,.T.);
#12146=ADVANCED_FACE('',(#738),#11690,.F.);
#12147=ADVANCED_FACE('',(#739),#285,.T.);
#12148=ADVANCED_FACE('',(#740),#11691,.F.);
#12149=ADVANCED_FACE('',(#741),#286,.T.);
#12150=ADVANCED_FACE('',(#742),#11692,.F.);
#12151=ADVANCED_FACE('',(#743),#287,.T.);
#12152=ADVANCED_FACE('',(#744),#11693,.F.);
#12153=ADVANCED_FACE('',(#745),#288,.T.);
#12154=ADVANCED_FACE('',(#746),#11694,.F.);
#12155=ADVANCED_FACE('',(#747),#289,.T.);
#12156=ADVANCED_FACE('',(#748),#11695,.F.);
#12157=ADVANCED_FACE('',(#749),#290,.T.);
#12158=ADVANCED_FACE('',(#750),#11696,.F.);
#12159=ADVANCED_FACE('',(#751),#291,.T.);
#12160=ADVANCED_FACE('',(#752),#11697,.F.);
#12161=ADVANCED_FACE('',(#753),#292,.T.);
#12162=ADVANCED_FACE('',(#754),#11698,.F.);
#12163=ADVANCED_FACE('',(#755),#293,.T.);
#12164=ADVANCED_FACE('',(#756),#11699,.F.);
#12165=ADVANCED_FACE('',(#757),#294,.T.);
#12166=ADVANCED_FACE('',(#758),#11700,.F.);
#12167=ADVANCED_FACE('',(#759),#295,.T.);
#12168=ADVANCED_FACE('',(#760),#11701,.F.);
#12169=ADVANCED_FACE('',(#761),#296,.T.);
#12170=ADVANCED_FACE('',(#762),#11702,.F.);
#12171=ADVANCED_FACE('',(#763),#297,.T.);
#12172=ADVANCED_FACE('',(#764),#11703,.F.);
#12173=ADVANCED_FACE('',(#765),#298,.T.);
#12174=ADVANCED_FACE('',(#766),#11704,.F.);
#12175=ADVANCED_FACE('',(#767),#299,.T.);
#12176=ADVANCED_FACE('',(#768),#11705,.F.);
#12177=ADVANCED_FACE('',(#769),#300,.T.);
#12178=ADVANCED_FACE('',(#770),#11706,.F.);
#12179=ADVANCED_FACE('',(#771),#301,.T.);
#12180=ADVANCED_FACE('',(#772),#11707,.F.);
#12181=ADVANCED_FACE('',(#773),#302,.T.);
#12182=ADVANCED_FACE('',(#774),#11708,.F.);
#12183=ADVANCED_FACE('',(#775),#303,.T.);
#12184=ADVANCED_FACE('',(#776),#11709,.F.);
#12185=ADVANCED_FACE('',(#777),#304,.T.);
#12186=ADVANCED_FACE('',(#778),#11710,.F.);
#12187=ADVANCED_FACE('',(#779),#305,.T.);
#12188=ADVANCED_FACE('',(#780),#11711,.F.);
#12189=ADVANCED_FACE('',(#781),#306,.T.);
#12190=ADVANCED_FACE('',(#782),#11712,.F.);
#12191=ADVANCED_FACE('',(#783),#307,.T.);
#12192=ADVANCED_FACE('',(#784),#11713,.F.);
#12193=ADVANCED_FACE('',(#785),#308,.T.);
#12194=ADVANCED_FACE('',(#786),#11714,.F.);
#12195=ADVANCED_FACE('',(#787),#309,.T.);
#12196=ADVANCED_FACE('',(#788),#11715,.F.);
#12197=ADVANCED_FACE('',(#789),#310,.T.);
#12198=ADVANCED_FACE('',(#790),#11716,.F.);
#12199=ADVANCED_FACE('',(#791),#311,.T.);
#12200=ADVANCED_FACE('',(#792),#11717,.F.);
#12201=ADVANCED_FACE('',(#793),#312,.T.);
#12202=ADVANCED_FACE('',(#794),#11718,.F.);
#12203=ADVANCED_FACE('',(#795),#313,.T.);
#12204=ADVANCED_FACE('',(#796),#11719,.F.);
#12205=ADVANCED_FACE('',(#797),#314,.T.);
#12206=ADVANCED_FACE('',(#798),#11720,.F.);
#12207=ADVANCED_FACE('',(#799),#315,.T.);
#12208=ADVANCED_FACE('',(#800),#11721,.F.);
#12209=ADVANCED_FACE('',(#801),#316,.T.);
#12210=ADVANCED_FACE('',(#802),#11722,.F.);
#12211=ADVANCED_FACE('',(#803),#317,.T.);
#12212=ADVANCED_FACE('',(#804),#11723,.F.);
#12213=ADVANCED_FACE('',(#805),#318,.T.);
#12214=ADVANCED_FACE('',(#806),#11724,.F.);
#12215=ADVANCED_FACE('',(#807),#319,.T.);
#12216=ADVANCED_FACE('',(#808),#11725,.F.);
#12217=ADVANCED_FACE('',(#809),#320,.T.);
#12218=ADVANCED_FACE('',(#810),#11726,.F.);
#12219=ADVANCED_FACE('',(#811),#321,.T.);
#12220=ADVANCED_FACE('',(#812),#11727,.F.);
#12221=ADVANCED_FACE('',(#813),#322,.T.);
#12222=ADVANCED_FACE('',(#814),#11728,.F.);
#12223=ADVANCED_FACE('',(#815),#323,.T.);
#12224=ADVANCED_FACE('',(#816),#11729,.F.);
#12225=ADVANCED_FACE('',(#817),#324,.T.);
#12226=ADVANCED_FACE('',(#818),#11730,.F.);
#12227=ADVANCED_FACE('',(#819),#325,.T.);
#12228=ADVANCED_FACE('',(#820),#11731,.F.);
#12229=ADVANCED_FACE('',(#821),#326,.T.);
#12230=ADVANCED_FACE('',(#822),#11732,.F.);
#12231=ADVANCED_FACE('',(#823),#327,.T.);
#12232=ADVANCED_FACE('',(#824),#11733,.F.);
#12233=ADVANCED_FACE('',(#825),#328,.T.);
#12234=ADVANCED_FACE('',(#826),#11734,.F.);
#12235=ADVANCED_FACE('',(#827),#329,.T.);
#12236=ADVANCED_FACE('',(#828),#11735,.F.);
#12237=ADVANCED_FACE('',(#829),#330,.T.);
#12238=ADVANCED_FACE('',(#830),#11736,.F.);
#12239=ADVANCED_FACE('',(#831),#331,.T.);
#12240=ADVANCED_FACE('',(#832),#11737,.F.);
#12241=ADVANCED_FACE('',(#833),#332,.T.);
#12242=ADVANCED_FACE('',(#834),#11738,.F.);
#12243=ADVANCED_FACE('',(#835),#333,.T.);
#12244=ADVANCED_FACE('',(#836),#11739,.F.);
#12245=ADVANCED_FACE('',(#837),#334,.T.);
#12246=ADVANCED_FACE('',(#838),#11740,.F.);
#12247=ADVANCED_FACE('',(#839),#335,.T.);
#12248=ADVANCED_FACE('',(#840),#11741,.F.);
#12249=ADVANCED_FACE('',(#841),#336,.T.);
#12250=ADVANCED_FACE('',(#842),#11742,.F.);
#12251=ADVANCED_FACE('',(#843),#337,.T.);
#12252=ADVANCED_FACE('',(#844),#11743,.F.);
#12253=ADVANCED_FACE('',(#845),#338,.T.);
#12254=ADVANCED_FACE('',(#846),#11744,.F.);
#12255=ADVANCED_FACE('',(#847),#339,.T.);
#12256=ADVANCED_FACE('',(#848),#11745,.F.);
#12257=ADVANCED_FACE('',(#849),#340,.T.);
#12258=ADVANCED_FACE('',(#850),#11746,.F.);
#12259=ADVANCED_FACE('',(#851),#341,.T.);
#12260=ADVANCED_FACE('',(#852),#11747,.F.);
#12261=ADVANCED_FACE('',(#853),#342,.T.);
#12262=ADVANCED_FACE('',(#854),#11748,.F.);
#12263=ADVANCED_FACE('',(#855),#343,.T.);
#12264=ADVANCED_FACE('',(#856),#11749,.F.);
#12265=ADVANCED_FACE('',(#857),#344,.T.);
#12266=ADVANCED_FACE('',(#858),#11750,.F.);
#12267=ADVANCED_FACE('',(#859),#345,.T.);
#12268=ADVANCED_FACE('',(#860),#11751,.F.);
#12269=ADVANCED_FACE('',(#861),#346,.T.);
#12270=ADVANCED_FACE('',(#862),#11752,.F.);
#12271=ADVANCED_FACE('',(#863),#347,.T.);
#12272=ADVANCED_FACE('',(#864),#11753,.F.);
#12273=ADVANCED_FACE('',(#865),#348,.T.);
#12274=ADVANCED_FACE('',(#866),#11754,.F.);
#12275=ADVANCED_FACE('',(#867),#349,.T.);
#12276=ADVANCED_FACE('',(#868),#11755,.F.);
#12277=ADVANCED_FACE('',(#869),#350,.T.);
#12278=ADVANCED_FACE('',(#870),#11756,.F.);
#12279=ADVANCED_FACE('',(#871),#351,.T.);
#12280=ADVANCED_FACE('',(#872),#11757,.F.);
#12281=ADVANCED_FACE('',(#873),#352,.T.);
#12282=ADVANCED_FACE('',(#874),#11758,.F.);
#12283=ADVANCED_FACE('',(#875),#353,.T.);
#12284=ADVANCED_FACE('',(#876),#11759,.F.);
#12285=ADVANCED_FACE('',(#877),#354,.T.);
#12286=ADVANCED_FACE('',(#878),#11760,.F.);
#12287=ADVANCED_FACE('',(#879),#355,.T.);
#12288=ADVANCED_FACE('',(#880),#11761,.F.);
#12289=ADVANCED_FACE('',(#881),#356,.T.);
#12290=ADVANCED_FACE('',(#882),#11762,.F.);
#12291=ADVANCED_FACE('',(#883),#357,.T.);
#12292=ADVANCED_FACE('',(#884),#11763,.F.);
#12293=ADVANCED_FACE('',(#885),#358,.T.);
#12294=ADVANCED_FACE('',(#886),#11764,.F.);
#12295=ADVANCED_FACE('',(#887),#359,.T.);
#12296=ADVANCED_FACE('',(#888),#11765,.F.);
#12297=ADVANCED_FACE('',(#889),#360,.T.);
#12298=ADVANCED_FACE('',(#890),#11766,.F.);
#12299=ADVANCED_FACE('',(#891),#361,.T.);
#12300=ADVANCED_FACE('',(#892),#11767,.F.);
#12301=ADVANCED_FACE('',(#893),#362,.T.);
#12302=ADVANCED_FACE('',(#894),#11768,.F.);
#12303=ADVANCED_FACE('',(#895),#363,.T.);
#12304=ADVANCED_FACE('',(#896),#11769,.F.);
#12305=ADVANCED_FACE('',(#897),#364,.T.);
#12306=ADVANCED_FACE('',(#898),#11770,.F.);
#12307=ADVANCED_FACE('',(#899),#365,.T.);
#12308=ADVANCED_FACE('',(#900),#11771,.F.);
#12309=ADVANCED_FACE('',(#901),#366,.T.);
#12310=ADVANCED_FACE('',(#902),#11772,.F.);
#12311=ADVANCED_FACE('',(#903),#367,.T.);
#12312=ADVANCED_FACE('',(#904),#11773,.F.);
#12313=ADVANCED_FACE('',(#905),#368,.T.);
#12314=ADVANCED_FACE('',(#906),#11774,.F.);
#12315=ADVANCED_FACE('',(#907),#369,.T.);
#12316=ADVANCED_FACE('',(#908),#11775,.F.);
#12317=ADVANCED_FACE('',(#909),#370,.T.);
#12318=ADVANCED_FACE('',(#910),#11776,.F.);
#12319=ADVANCED_FACE('',(#911),#371,.T.);
#12320=ADVANCED_FACE('',(#912),#11777,.F.);
#12321=ADVANCED_FACE('',(#913),#372,.T.);
#12322=ADVANCED_FACE('',(#914),#11778,.F.);
#12323=ADVANCED_FACE('',(#915),#373,.T.);
#12324=ADVANCED_FACE('',(#916),#11779,.F.);
#12325=ADVANCED_FACE('',(#917),#374,.T.);
#12326=ADVANCED_FACE('',(#918),#11780,.F.);
#12327=ADVANCED_FACE('',(#919),#375,.T.);
#12328=ADVANCED_FACE('',(#920),#11781,.F.);
#12329=ADVANCED_FACE('',(#921),#376,.T.);
#12330=ADVANCED_FACE('',(#922),#11782,.F.);
#12331=ADVANCED_FACE('',(#923),#377,.T.);
#12332=ADVANCED_FACE('',(#924),#11783,.F.);
#12333=ADVANCED_FACE('',(#925),#378,.T.);
#12334=ADVANCED_FACE('',(#926),#11784,.F.);
#12335=ADVANCED_FACE('',(#927),#379,.T.);
#12336=ADVANCED_FACE('',(#928),#11785,.F.);
#12337=ADVANCED_FACE('',(#929),#380,.T.);
#12338=ADVANCED_FACE('',(#930),#11786,.F.);
#12339=ADVANCED_FACE('',(#931),#381,.T.);
#12340=ADVANCED_FACE('',(#932),#11787,.F.);
#12341=ADVANCED_FACE('',(#933),#382,.T.);
#12342=ADVANCED_FACE('',(#934),#11788,.F.);
#12343=ADVANCED_FACE('',(#935),#383,.T.);
#12344=ADVANCED_FACE('',(#936),#11789,.F.);
#12345=ADVANCED_FACE('',(#937),#384,.T.);
#12346=ADVANCED_FACE('',(#938),#11790,.F.);
#12347=ADVANCED_FACE('',(#939),#385,.T.);
#12348=ADVANCED_FACE('',(#940),#11791,.F.);
#12349=ADVANCED_FACE('',(#941),#386,.T.);
#12350=ADVANCED_FACE('',(#942),#11792,.F.);
#12351=ADVANCED_FACE('',(#943),#387,.T.);
#12352=ADVANCED_FACE('',(#944),#11793,.F.);
#12353=ADVANCED_FACE('',(#945),#388,.T.);
#12354=ADVANCED_FACE('',(#946),#11794,.F.);
#12355=ADVANCED_FACE('',(#947),#389,.T.);
#12356=ADVANCED_FACE('',(#948),#11795,.F.);
#12357=ADVANCED_FACE('',(#949),#390,.T.);
#12358=ADVANCED_FACE('',(#950),#11796,.F.);
#12359=ADVANCED_FACE('',(#951),#391,.T.);
#12360=ADVANCED_FACE('',(#952),#11797,.F.);
#12361=ADVANCED_FACE('',(#953),#392,.T.);
#12362=ADVANCED_FACE('',(#954),#11798,.F.);
#12363=ADVANCED_FACE('',(#955),#393,.T.);
#12364=ADVANCED_FACE('',(#956),#11799,.F.);
#12365=ADVANCED_FACE('',(#957),#394,.T.);
#12366=ADVANCED_FACE('',(#958),#11800,.F.);
#12367=ADVANCED_FACE('',(#959),#395,.T.);
#12368=ADVANCED_FACE('',(#960),#11801,.F.);
#12369=ADVANCED_FACE('',(#961),#396,.T.);
#12370=ADVANCED_FACE('',(#962),#11802,.F.);
#12371=ADVANCED_FACE('',(#963),#397,.T.);
#12372=ADVANCED_FACE('',(#964),#11803,.F.);
#12373=ADVANCED_FACE('',(#965),#398,.T.);
#12374=ADVANCED_FACE('',(#966),#11804,.F.);
#12375=ADVANCED_FACE('',(#967),#399,.T.);
#12376=ADVANCED_FACE('',(#968),#11805,.F.);
#12377=ADVANCED_FACE('',(#969),#400,.T.);
#12378=ADVANCED_FACE('',(#970),#11806,.F.);
#12379=ADVANCED_FACE('',(#971),#401,.T.);
#12380=ADVANCED_FACE('',(#972),#11807,.F.);
#12381=ADVANCED_FACE('',(#973),#402,.T.);
#12382=ADVANCED_FACE('',(#974),#11808,.F.);
#12383=ADVANCED_FACE('',(#975),#403,.T.);
#12384=ADVANCED_FACE('',(#976),#11809,.F.);
#12385=ADVANCED_FACE('',(#977),#404,.T.);
#12386=ADVANCED_FACE('',(#978),#11810,.F.);
#12387=ADVANCED_FACE('',(#979),#405,.T.);
#12388=ADVANCED_FACE('',(#980),#11811,.F.);
#12389=ADVANCED_FACE('',(#981),#406,.T.);
#12390=ADVANCED_FACE('',(#982),#11812,.F.);
#12391=ADVANCED_FACE('',(#983),#407,.T.);
#12392=ADVANCED_FACE('',(#984),#11813,.F.);
#12393=ADVANCED_FACE('',(#985),#408,.T.);
#12394=ADVANCED_FACE('',(#986),#11814,.F.);
#12395=ADVANCED_FACE('',(#987),#409,.T.);
#12396=ADVANCED_FACE('',(#988),#11815,.F.);
#12397=ADVANCED_FACE('',(#989),#410,.T.);
#12398=ADVANCED_FACE('',(#990),#11816,.F.);
#12399=ADVANCED_FACE('',(#991),#411,.T.);
#12400=ADVANCED_FACE('',(#992),#11817,.F.);
#12401=ADVANCED_FACE('',(#993),#412,.T.);
#12402=ADVANCED_FACE('',(#994),#11818,.F.);
#12403=ADVANCED_FACE('',(#995),#413,.T.);
#12404=ADVANCED_FACE('',(#996),#11819,.F.);
#12405=ADVANCED_FACE('',(#997),#414,.T.);
#12406=ADVANCED_FACE('',(#998),#11820,.F.);
#12407=ADVANCED_FACE('',(#999),#415,.T.);
#12408=ADVANCED_FACE('',(#1000),#11821,.F.);
#12409=ADVANCED_FACE('',(#1001),#416,.T.);
#12410=ADVANCED_FACE('',(#1002),#11822,.F.);
#12411=ADVANCED_FACE('',(#1003),#417,.T.);
#12412=ADVANCED_FACE('',(#1004),#11823,.F.);
#12413=ADVANCED_FACE('',(#1005),#418,.T.);
#12414=ADVANCED_FACE('',(#1006),#11824,.F.);
#12415=ADVANCED_FACE('',(#1007),#419,.T.);
#12416=ADVANCED_FACE('',(#1008),#11825,.F.);
#12417=ADVANCED_FACE('',(#1009),#420,.T.);
#12418=ADVANCED_FACE('',(#1010),#11826,.F.);
#12419=ADVANCED_FACE('',(#1011),#421,.T.);
#12420=ADVANCED_FACE('',(#1012),#11827,.F.);
#12421=ADVANCED_FACE('',(#1013),#422,.T.);
#12422=ADVANCED_FACE('',(#1014),#11828,.F.);
#12423=ADVANCED_FACE('',(#1015),#423,.T.);
#12424=ADVANCED_FACE('',(#1016),#11829,.F.);
#12425=ADVANCED_FACE('',(#1017),#424,.T.);
#12426=ADVANCED_FACE('',(#1018),#11830,.F.);
#12427=ADVANCED_FACE('',(#1019),#425,.T.);
#12428=ADVANCED_FACE('',(#1020),#11831,.F.);
#12429=ADVANCED_FACE('',(#1021),#426,.T.);
#12430=ADVANCED_FACE('',(#1022),#11832,.F.);
#12431=ADVANCED_FACE('',(#1023),#427,.T.);
#12432=ADVANCED_FACE('',(#1024),#11833,.F.);
#12433=ADVANCED_FACE('',(#1025),#428,.T.);
#12434=ADVANCED_FACE('',(#1026),#11834,.F.);
#12435=ADVANCED_FACE('',(#1027),#429,.T.);
#12436=ADVANCED_FACE('',(#1028),#11835,.F.);
#12437=ADVANCED_FACE('',(#1029),#430,.T.);
#12438=ADVANCED_FACE('',(#1030),#11836,.F.);
#12439=ADVANCED_FACE('',(#1031),#431,.T.);
#12440=ADVANCED_FACE('',(#1032),#11837,.F.);
#12441=ADVANCED_FACE('',(#1033),#432,.T.);
#12442=ADVANCED_FACE('',(#1034),#11838,.F.);
#12443=ADVANCED_FACE('',(#1035),#433,.T.);
#12444=ADVANCED_FACE('',(#1036),#11839,.F.);
#12445=ADVANCED_FACE('',(#1037),#434,.T.);
#12446=ADVANCED_FACE('',(#1038),#11840,.F.);
#12447=ADVANCED_FACE('',(#1039),#435,.T.);
#12448=ADVANCED_FACE('',(#1040),#11841,.F.);
#12449=ADVANCED_FACE('',(#1041),#436,.T.);
#12450=ADVANCED_FACE('',(#1042),#11842,.F.);
#12451=ADVANCED_FACE('',(#1043),#437,.T.);
#12452=ADVANCED_FACE('',(#1044),#11843,.F.);
#12453=ADVANCED_FACE('',(#1045),#438,.T.);
#12454=ADVANCED_FACE('',(#1046),#11844,.T.);
#12455=ADVANCED_FACE('',(#1047),#11845,.T.);
#12456=ADVANCED_FACE('',(#1048),#439,.T.);
#12457=ADVANCED_FACE('',(#1049),#11846,.F.);
#12458=ADVANCED_FACE('',(#1050),#11847,.T.);
#12459=ADVANCED_FACE('',(#1051),#440,.T.);
#12460=ADVANCED_FACE('',(#1052),#11848,.T.);
#12461=CLOSED_SHELL('',(#11849,#11850,#11851,#11852,#11853,#11854,#11855,
#11856,#11857,#11858,#11859,#11860,#11861,#11862,#11863,#11864,#11865,#11866,
#11867,#11868,#11869,#11870,#11871,#11872,#11873,#11874,#11875,#11876,#11877,
#11878,#11879,#11880,#11881,#11882,#11883,#11884,#11885,#11886,#11887,#11888,
#11889,#11890,#11891,#11892,#11893,#11894,#11895,#11896,#11897,#11898,#11899,
#11900,#11901,#11902,#11903,#11904,#11905,#11906,#11907,#11908,#11909,#11910,
#11911,#11912,#11913,#11914,#11915,#11916,#11917,#11918,#11919,#11920,#11921,
#11922,#11923,#11924,#11925,#11926,#11927,#11928,#11929,#11930,#11931,#11932,
#11933,#11934,#11935,#11936,#11937,#11938,#11939,#11940,#11941,#11942,#11943,
#11944,#11945,#11946,#11947,#11948,#11949,#11950,#11951,#11952,#11953,#11954,
#11955,#11956,#11957,#11958,#11959,#11960,#11961,#11962,#11963,#11964,#11965,
#11966,#11967,#11968,#11969,#11970,#11971,#11972,#11973,#11974,#11975,#11976,
#11977,#11978,#11979,#11980,#11981,#11982,#11983,#11984,#11985,#11986,#11987,
#11988,#11989,#11990,#11991,#11992,#11993,#11994,#11995,#11996,#11997,#11998,
#11999,#12000,#12001,#12002,#12003,#12004,#12005,#12006,#12007,#12008,#12009,
#12010,#12011,#12012,#12013,#12014,#12015,#12016,#12017,#12018,#12019,#12020,
#12021,#12022,#12023,#12024,#12025,#12026,#12027,#12028,#12029,#12030,#12031,
#12032,#12033,#12034,#12035,#12036,#12037,#12038,#12039,#12040,#12041,#12042,
#12043,#12044,#12045,#12046,#12047,#12048,#12049,#12050,#12051,#12052,#12053,
#12054,#12055,#12056,#12057,#12058,#12059,#12060,#12061,#12062,#12063,#12064,
#12065,#12066,#12067,#12068,#12069,#12070,#12071,#12072,#12073,#12074,#12075,
#12076,#12077,#12078,#12079,#12080,#12081,#12082,#12083,#12084,#12085,#12086,
#12087,#12088,#12089,#12090,#12091,#12092,#12093,#12094,#12095,#12096,#12097,
#12098,#12099,#12100,#12101,#12102,#12103,#12104,#12105,#12106,#12107,#12108,
#12109,#12110,#12111,#12112,#12113,#12114,#12115,#12116,#12117,#12118,#12119,
#12120,#12121,#12122,#12123,#12124,#12125,#12126,#12127,#12128,#12129,#12130,
#12131,#12132,#12133,#12134,#12135,#12136,#12137,#12138,#12139,#12140,#12141,
#12142,#12143,#12144,#12145,#12146,#12147,#12148,#12149,#12150,#12151,#12152,
#12153,#12154,#12155,#12156,#12157,#12158,#12159,#12160,#12161,#12162,#12163,
#12164,#12165,#12166,#12167,#12168,#12169,#12170,#12171,#12172,#12173,#12174,
#12175,#12176,#12177,#12178,#12179,#12180,#12181,#12182,#12183,#12184,#12185,
#12186,#12187,#12188,#12189,#12190,#12191,#12192,#12193,#12194,#12195,#12196,
#12197,#12198,#12199,#12200,#12201,#12202,#12203,#12204,#12205,#12206,#12207,
#12208,#12209,#12210,#12211,#12212,#12213,#12214,#12215,#12216,#12217,#12218,
#12219,#12220,#12221,#12222,#12223,#12224,#12225,#12226,#12227,#12228,#12229,
#12230,#12231,#12232,#12233,#12234,#12235,#12236,#12237,#12238,#12239,#12240,
#12241,#12242,#12243,#12244,#12245,#12246,#12247,#12248,#12249,#12250,#12251,
#12252,#12253,#12254,#12255,#12256,#12257,#12258,#12259,#12260,#12261,#12262,
#12263,#12264,#12265,#12266,#12267,#12268,#12269,#12270,#12271,#12272,#12273,
#12274,#12275,#12276,#12277,#12278,#12279,#12280,#12281,#12282,#12283,#12284,
#12285,#12286,#12287,#12288,#12289,#12290,#12291,#12292,#12293,#12294,#12295,
#12296,#12297,#12298,#12299,#12300,#12301,#12302,#12303,#12304,#12305,#12306,
#12307,#12308,#12309,#12310,#12311,#12312,#12313,#12314,#12315,#12316,#12317,
#12318,#12319,#12320,#12321,#12322,#12323,#12324,#12325,#12326,#12327,#12328,
#12329,#12330,#12331,#12332,#12333,#12334,#12335,#12336,#12337,#12338,#12339,
#12340,#12341,#12342,#12343,#12344,#12345,#12346,#12347,#12348,#12349,#12350,
#12351,#12352,#12353,#12354,#12355,#12356,#12357,#12358,#12359,#12360,#12361,
#12362,#12363,#12364,#12365,#12366,#12367,#12368,#12369,#12370,#12371,#12372,
#12373,#12374,#12375,#12376,#12377,#12378,#12379,#12380,#12381,#12382,#12383,
#12384,#12385,#12386,#12387,#12388,#12389,#12390,#12391,#12392,#12393,#12394,
#12395,#12396,#12397,#12398,#12399,#12400,#12401,#12402,#12403,#12404,#12405,
#12406,#12407,#12408,#12409,#12410,#12411,#12412,#12413,#12414,#12415,#12416,
#12417,#12418,#12419,#12420,#12421,#12422,#12423,#12424,#12425,#12426,#12427,
#12428,#12429,#12430,#12431,#12432,#12433,#12434,#12435,#12436,#12437,#12438,
#12439,#12440,#12441,#12442,#12443,#12444,#12445,#12446,#12447,#12448,#12449,
#12450,#12451,#12452,#12453,#12454,#12455,#12456,#12457,#12458,#12459,#12460));
#12462=AXIS2_PLACEMENT_3D('',#17355,#13687,#13688);
#12463=AXIS2_PLACEMENT_3D('',#17356,#13689,#13690);
#12464=AXIS2_PLACEMENT_3D('',#17359,#13691,#13692);
#12465=AXIS2_PLACEMENT_3D('',#17363,#13694,#13695);
#12466=AXIS2_PLACEMENT_3D('',#17365,#13697,#13698);
#12467=AXIS2_PLACEMENT_3D('',#17371,#13702,#13703);
#12468=AXIS2_PLACEMENT_3D('',#17375,#13705,#13706);
#12469=AXIS2_PLACEMENT_3D('',#17379,#13708,#13709);
#12470=AXIS2_PLACEMENT_3D('',#17383,#13711,#13712);
#12471=AXIS2_PLACEMENT_3D('',#17387,#13714,#13715);
#12472=AXIS2_PLACEMENT_3D('',#17391,#13717,#13718);
#12473=AXIS2_PLACEMENT_3D('',#17395,#13720,#13721);
#12474=AXIS2_PLACEMENT_3D('',#17399,#13723,#13724);
#12475=AXIS2_PLACEMENT_3D('',#17403,#13726,#13727);
#12476=AXIS2_PLACEMENT_3D('',#17407,#13729,#13730);
#12477=AXIS2_PLACEMENT_3D('',#17409,#13731,#13732);
#12478=AXIS2_PLACEMENT_3D('',#17413,#13734,#13735);
#12479=AXIS2_PLACEMENT_3D('',#17417,#13737,#13738);
#12480=AXIS2_PLACEMENT_3D('',#17421,#13740,#13741);
#12481=AXIS2_PLACEMENT_3D('',#17425,#13743,#13744);
#12482=AXIS2_PLACEMENT_3D('',#17429,#13746,#13747);
#12483=AXIS2_PLACEMENT_3D('',#17433,#13749,#13750);
#12484=AXIS2_PLACEMENT_3D('',#17437,#13752,#13753);
#12485=AXIS2_PLACEMENT_3D('',#17439,#13754,#13755);
#12486=AXIS2_PLACEMENT_3D('',#17443,#13757,#13758);
#12487=AXIS2_PLACEMENT_3D('',#17447,#13760,#13761);
#12488=AXIS2_PLACEMENT_3D('',#17451,#13763,#13764);
#12489=AXIS2_PLACEMENT_3D('',#17455,#13766,#13767);
#12490=AXIS2_PLACEMENT_3D('',#17459,#13769,#13770);
#12491=AXIS2_PLACEMENT_3D('',#17463,#13772,#13773);
#12492=AXIS2_PLACEMENT_3D('',#17467,#13775,#13776);
#12493=AXIS2_PLACEMENT_3D('',#17471,#13778,#13779);
#12494=AXIS2_PLACEMENT_3D('',#17475,#13781,#13782);
#12495=AXIS2_PLACEMENT_3D('',#17479,#13784,#13785);
#12496=AXIS2_PLACEMENT_3D('',#17483,#13787,#13788);
#12497=AXIS2_PLACEMENT_3D('',#17487,#13790,#13791);
#12498=AXIS2_PLACEMENT_3D('',#17491,#13793,#13794);
#12499=AXIS2_PLACEMENT_3D('',#17495,#13796,#13797);
#12500=AXIS2_PLACEMENT_3D('',#17499,#13799,#13800);
#12501=AXIS2_PLACEMENT_3D('',#17503,#13802,#13803);
#12502=AXIS2_PLACEMENT_3D('',#17507,#13805,#13806);
#12503=AXIS2_PLACEMENT_3D('',#17511,#13808,#13809);
#12504=AXIS2_PLACEMENT_3D('',#17515,#13811,#13812);
#12505=AXIS2_PLACEMENT_3D('',#17519,#13814,#13815);
#12506=AXIS2_PLACEMENT_3D('',#17523,#13817,#13818);
#12507=AXIS2_PLACEMENT_3D('',#17527,#13820,#13821);
#12508=AXIS2_PLACEMENT_3D('',#17531,#13823,#13824);
#12509=AXIS2_PLACEMENT_3D('',#17535,#13826,#13827);
#12510=AXIS2_PLACEMENT_3D('',#17539,#13829,#13830);
#12511=AXIS2_PLACEMENT_3D('',#17543,#13832,#13833);
#12512=AXIS2_PLACEMENT_3D('',#17547,#13835,#13836);
#12513=AXIS2_PLACEMENT_3D('',#17551,#13838,#13839);
#12514=AXIS2_PLACEMENT_3D('',#17555,#13841,#13842);
#12515=AXIS2_PLACEMENT_3D('',#17559,#13844,#13845);
#12516=AXIS2_PLACEMENT_3D('',#17563,#13847,#13848);
#12517=AXIS2_PLACEMENT_3D('',#17567,#13850,#13851);
#12518=AXIS2_PLACEMENT_3D('',#17571,#13853,#13854);
#12519=AXIS2_PLACEMENT_3D('',#17575,#13856,#13857);
#12520=AXIS2_PLACEMENT_3D('',#17579,#13859,#13860);
#12521=AXIS2_PLACEMENT_3D('',#17583,#13862,#13863);
#12522=AXIS2_PLACEMENT_3D('',#17587,#13865,#13866);
#12523=AXIS2_PLACEMENT_3D('',#17591,#13868,#13869);
#12524=AXIS2_PLACEMENT_3D('',#17595,#13871,#13872);
#12525=AXIS2_PLACEMENT_3D('',#17599,#13874,#13875);
#12526=AXIS2_PLACEMENT_3D('',#17603,#13877,#13878);
#12527=AXIS2_PLACEMENT_3D('',#17607,#13880,#13881);
#12528=AXIS2_PLACEMENT_3D('',#17611,#13883,#13884);
#12529=AXIS2_PLACEMENT_3D('',#17615,#13886,#13887);
#12530=AXIS2_PLACEMENT_3D('',#17619,#13889,#13890);
#12531=AXIS2_PLACEMENT_3D('',#17623,#13892,#13893);
#12532=AXIS2_PLACEMENT_3D('',#17627,#13895,#13896);
#12533=AXIS2_PLACEMENT_3D('',#17631,#13898,#13899);
#12534=AXIS2_PLACEMENT_3D('',#17635,#13901,#13902);
#12535=AXIS2_PLACEMENT_3D('',#17639,#13904,#13905);
#12536=AXIS2_PLACEMENT_3D('',#17642,#13907,#13908);
#12537=AXIS2_PLACEMENT_3D('',#17647,#13910,#13911);
#12538=AXIS2_PLACEMENT_3D('',#17651,#13913,#13914);
#12539=AXIS2_PLACEMENT_3D('',#17655,#13916,#13917);
#12540=AXIS2_PLACEMENT_3D('',#17658,#13919,#13920);
#12541=AXIS2_PLACEMENT_3D('',#17663,#13922,#13923);
#12542=AXIS2_PLACEMENT_3D('',#17667,#13925,#13926);
#12543=AXIS2_PLACEMENT_3D('',#17671,#13928,#13929);
#12544=AXIS2_PLACEMENT_3D('',#17674,#13931,#13932);
#12545=AXIS2_PLACEMENT_3D('',#17679,#13934,#13935);
#12546=AXIS2_PLACEMENT_3D('',#17683,#13937,#13938);
#12547=AXIS2_PLACEMENT_3D('',#17687,#13940,#13941);
#12548=AXIS2_PLACEMENT_3D('',#17690,#13943,#13944);
#12549=AXIS2_PLACEMENT_3D('',#17695,#13946,#13947);
#12550=AXIS2_PLACEMENT_3D('',#17698,#13949,#13950);
#12551=AXIS2_PLACEMENT_3D('',#17703,#13952,#13953);
#12552=AXIS2_PLACEMENT_3D('',#17706,#13955,#13956);
#12553=AXIS2_PLACEMENT_3D('',#17711,#13958,#13959);
#12554=AXIS2_PLACEMENT_3D('',#17715,#13961,#13962);
#12555=AXIS2_PLACEMENT_3D('',#17719,#13964,#13965);
#12556=AXIS2_PLACEMENT_3D('',#17722,#13967,#13968);
#12557=AXIS2_PLACEMENT_3D('',#17727,#13970,#13971);
#12558=AXIS2_PLACEMENT_3D('',#17731,#13973,#13974);
#12559=AXIS2_PLACEMENT_3D('',#17735,#13976,#13977);
#12560=AXIS2_PLACEMENT_3D('',#17738,#13979,#13980);
#12561=AXIS2_PLACEMENT_3D('',#17741,#13981,#13982);
#12562=AXIS2_PLACEMENT_3D('',#17745,#13984,#13985);
#12563=AXIS2_PLACEMENT_3D('',#17749,#13987,#13988);
#12564=AXIS2_PLACEMENT_3D('',#17753,#13990,#13991);
#12565=AXIS2_PLACEMENT_3D('',#17757,#13993,#13994);
#12566=AXIS2_PLACEMENT_3D('',#17761,#13996,#13997);
#12567=AXIS2_PLACEMENT_3D('',#17765,#13999,#14000);
#12568=AXIS2_PLACEMENT_3D('',#17769,#14002,#14003);
#12569=AXIS2_PLACEMENT_3D('',#17773,#14005,#14006);
#12570=AXIS2_PLACEMENT_3D('',#17777,#14008,#14009);
#12571=AXIS2_PLACEMENT_3D('',#17781,#14011,#14012);
#12572=AXIS2_PLACEMENT_3D('',#17785,#14014,#14015);
#12573=AXIS2_PLACEMENT_3D('',#17789,#14017,#14018);
#12574=AXIS2_PLACEMENT_3D('',#17793,#14020,#14021);
#12575=AXIS2_PLACEMENT_3D('',#17797,#14023,#14024);
#12576=AXIS2_PLACEMENT_3D('',#17801,#14026,#14027);
#12577=AXIS2_PLACEMENT_3D('',#17805,#14029,#14030);
#12578=AXIS2_PLACEMENT_3D('',#17809,#14032,#14033);
#12579=AXIS2_PLACEMENT_3D('',#17813,#14035,#14036);
#12580=AXIS2_PLACEMENT_3D('',#17817,#14038,#14039);
#12581=AXIS2_PLACEMENT_3D('',#17821,#14041,#14042);
#12582=AXIS2_PLACEMENT_3D('',#17825,#14044,#14045);
#12583=AXIS2_PLACEMENT_3D('',#17829,#14047,#14048);
#12584=AXIS2_PLACEMENT_3D('',#17833,#14050,#14051);
#12585=AXIS2_PLACEMENT_3D('',#17837,#14053,#14054);
#12586=AXIS2_PLACEMENT_3D('',#17841,#14056,#14057);
#12587=AXIS2_PLACEMENT_3D('',#17845,#14059,#14060);
#12588=AXIS2_PLACEMENT_3D('',#17849,#14062,#14063);
#12589=AXIS2_PLACEMENT_3D('',#17853,#14065,#14066);
#12590=AXIS2_PLACEMENT_3D('',#17857,#14068,#14069);
#12591=AXIS2_PLACEMENT_3D('',#17861,#14071,#14072);
#12592=AXIS2_PLACEMENT_3D('',#17865,#14074,#14075);
#12593=AXIS2_PLACEMENT_3D('',#17869,#14077,#14078);
#12594=AXIS2_PLACEMENT_3D('',#17873,#14080,#14081);
#12595=AXIS2_PLACEMENT_3D('',#17877,#14083,#14084);
#12596=AXIS2_PLACEMENT_3D('',#17881,#14086,#14087);
#12597=AXIS2_PLACEMENT_3D('',#17885,#14089,#14090);
#12598=AXIS2_PLACEMENT_3D('',#17889,#14092,#14093);
#12599=AXIS2_PLACEMENT_3D('',#17893,#14095,#14096);
#12600=AXIS2_PLACEMENT_3D('',#17897,#14098,#14099);
#12601=AXIS2_PLACEMENT_3D('',#17901,#14101,#14102);
#12602=AXIS2_PLACEMENT_3D('',#17905,#14104,#14105);
#12603=AXIS2_PLACEMENT_3D('',#17909,#14107,#14108);
#12604=AXIS2_PLACEMENT_3D('',#17913,#14110,#14111);
#12605=AXIS2_PLACEMENT_3D('',#17917,#14113,#14114);
#12606=AXIS2_PLACEMENT_3D('',#17921,#14116,#14117);
#12607=AXIS2_PLACEMENT_3D('',#17925,#14119,#14120);
#12608=AXIS2_PLACEMENT_3D('',#17929,#14122,#14123);
#12609=AXIS2_PLACEMENT_3D('',#17933,#14125,#14126);
#12610=AXIS2_PLACEMENT_3D('',#17937,#14128,#14129);
#12611=AXIS2_PLACEMENT_3D('',#17941,#14131,#14132);
#12612=AXIS2_PLACEMENT_3D('',#17945,#14134,#14135);
#12613=AXIS2_PLACEMENT_3D('',#17949,#14137,#14138);
#12614=AXIS2_PLACEMENT_3D('',#17953,#14140,#14141);
#12615=AXIS2_PLACEMENT_3D('',#17957,#14143,#14144);
#12616=AXIS2_PLACEMENT_3D('',#17961,#14146,#14147);
#12617=AXIS2_PLACEMENT_3D('',#17965,#14149,#14150);
#12618=AXIS2_PLACEMENT_3D('',#17969,#14152,#14153);
#12619=AXIS2_PLACEMENT_3D('',#17973,#14155,#14156);
#12620=AXIS2_PLACEMENT_3D('',#17977,#14158,#14159);
#12621=AXIS2_PLACEMENT_3D('',#17981,#14161,#14162);
#12622=AXIS2_PLACEMENT_3D('',#17985,#14164,#14165);
#12623=AXIS2_PLACEMENT_3D('',#17989,#14167,#14168);
#12624=AXIS2_PLACEMENT_3D('',#17993,#14170,#14171);
#12625=AXIS2_PLACEMENT_3D('',#17997,#14173,#14174);
#12626=AXIS2_PLACEMENT_3D('',#18001,#14176,#14177);
#12627=AXIS2_PLACEMENT_3D('',#18005,#14179,#14180);
#12628=AXIS2_PLACEMENT_3D('',#18009,#14182,#14183);
#12629=AXIS2_PLACEMENT_3D('',#18013,#14185,#14186);
#12630=AXIS2_PLACEMENT_3D('',#18017,#14188,#14189);
#12631=AXIS2_PLACEMENT_3D('',#18021,#14191,#14192);
#12632=AXIS2_PLACEMENT_3D('',#18025,#14194,#14195);
#12633=AXIS2_PLACEMENT_3D('',#18029,#14197,#14198);
#12634=AXIS2_PLACEMENT_3D('',#18033,#14200,#14201);
#12635=AXIS2_PLACEMENT_3D('',#18037,#14203,#14204);
#12636=AXIS2_PLACEMENT_3D('',#18041,#14206,#14207);
#12637=AXIS2_PLACEMENT_3D('',#18045,#14209,#14210);
#12638=AXIS2_PLACEMENT_3D('',#18049,#14212,#14213);
#12639=AXIS2_PLACEMENT_3D('',#18053,#14215,#14216);
#12640=AXIS2_PLACEMENT_3D('',#18057,#14218,#14219);
#12641=AXIS2_PLACEMENT_3D('',#18061,#14221,#14222);
#12642=AXIS2_PLACEMENT_3D('',#18065,#14224,#14225);
#12643=AXIS2_PLACEMENT_3D('',#18069,#14227,#14228);
#12644=AXIS2_PLACEMENT_3D('',#18073,#14230,#14231);
#12645=AXIS2_PLACEMENT_3D('',#18077,#14233,#14234);
#12646=AXIS2_PLACEMENT_3D('',#18081,#14236,#14237);
#12647=AXIS2_PLACEMENT_3D('',#18085,#14239,#14240);
#12648=AXIS2_PLACEMENT_3D('',#18089,#14242,#14243);
#12649=AXIS2_PLACEMENT_3D('',#18093,#14245,#14246);
#12650=AXIS2_PLACEMENT_3D('',#18097,#14248,#14249);
#12651=AXIS2_PLACEMENT_3D('',#18101,#14251,#14252);
#12652=AXIS2_PLACEMENT_3D('',#18105,#14254,#14255);
#12653=AXIS2_PLACEMENT_3D('',#18109,#14257,#14258);
#12654=AXIS2_PLACEMENT_3D('',#18113,#14260,#14261);
#12655=AXIS2_PLACEMENT_3D('',#18117,#14263,#14264);
#12656=AXIS2_PLACEMENT_3D('',#18121,#14266,#14267);
#12657=AXIS2_PLACEMENT_3D('',#18125,#14269,#14270);
#12658=AXIS2_PLACEMENT_3D('',#18129,#14272,#14273);
#12659=AXIS2_PLACEMENT_3D('',#18133,#14275,#14276);
#12660=AXIS2_PLACEMENT_3D('',#18137,#14278,#14279);
#12661=AXIS2_PLACEMENT_3D('',#18141,#14281,#14282);
#12662=AXIS2_PLACEMENT_3D('',#18145,#14284,#14285);
#12663=AXIS2_PLACEMENT_3D('',#18149,#14287,#14288);
#12664=AXIS2_PLACEMENT_3D('',#18153,#14290,#14291);
#12665=AXIS2_PLACEMENT_3D('',#18157,#14293,#14294);
#12666=AXIS2_PLACEMENT_3D('',#18161,#14296,#14297);
#12667=AXIS2_PLACEMENT_3D('',#18165,#14299,#14300);
#12668=AXIS2_PLACEMENT_3D('',#18169,#14302,#14303);
#12669=AXIS2_PLACEMENT_3D('',#18173,#14305,#14306);
#12670=AXIS2_PLACEMENT_3D('',#18177,#14308,#14309);
#12671=AXIS2_PLACEMENT_3D('',#18181,#14311,#14312);
#12672=AXIS2_PLACEMENT_3D('',#18185,#14314,#14315);
#12673=AXIS2_PLACEMENT_3D('',#18189,#14317,#14318);
#12674=AXIS2_PLACEMENT_3D('',#18193,#14320,#14321);
#12675=AXIS2_PLACEMENT_3D('',#18197,#14323,#14324);
#12676=AXIS2_PLACEMENT_3D('',#18201,#14326,#14327);
#12677=AXIS2_PLACEMENT_3D('',#18205,#14329,#14330);
#12678=AXIS2_PLACEMENT_3D('',#18209,#14332,#14333);
#12679=AXIS2_PLACEMENT_3D('',#18213,#14335,#14336);
#12680=AXIS2_PLACEMENT_3D('',#18217,#14338,#14339);
#12681=AXIS2_PLACEMENT_3D('',#18221,#14341,#14342);
#12682=AXIS2_PLACEMENT_3D('',#18225,#14344,#14345);
#12683=AXIS2_PLACEMENT_3D('',#18229,#14347,#14348);
#12684=AXIS2_PLACEMENT_3D('',#18233,#14350,#14351);
#12685=AXIS2_PLACEMENT_3D('',#18237,#14353,#14354);
#12686=AXIS2_PLACEMENT_3D('',#18241,#14356,#14357);
#12687=AXIS2_PLACEMENT_3D('',#18245,#14359,#14360);
#12688=AXIS2_PLACEMENT_3D('',#18249,#14362,#14363);
#12689=AXIS2_PLACEMENT_3D('',#18253,#14365,#14366);
#12690=AXIS2_PLACEMENT_3D('',#18257,#14368,#14369);
#12691=AXIS2_PLACEMENT_3D('',#18261,#14371,#14372);
#12692=AXIS2_PLACEMENT_3D('',#18265,#14374,#14375);
#12693=AXIS2_PLACEMENT_3D('',#18269,#14377,#14378);
#12694=AXIS2_PLACEMENT_3D('',#18273,#14380,#14381);
#12695=AXIS2_PLACEMENT_3D('',#18277,#14383,#14384);
#12696=AXIS2_PLACEMENT_3D('',#18281,#14386,#14387);
#12697=AXIS2_PLACEMENT_3D('',#18285,#14389,#14390);
#12698=AXIS2_PLACEMENT_3D('',#18289,#14392,#14393);
#12699=AXIS2_PLACEMENT_3D('',#18293,#14395,#14396);
#12700=AXIS2_PLACEMENT_3D('',#18297,#14398,#14399);
#12701=AXIS2_PLACEMENT_3D('',#18301,#14401,#14402);
#12702=AXIS2_PLACEMENT_3D('',#18305,#14404,#14405);
#12703=AXIS2_PLACEMENT_3D('',#18309,#14407,#14408);
#12704=AXIS2_PLACEMENT_3D('',#18313,#14410,#14411);
#12705=AXIS2_PLACEMENT_3D('',#18317,#14413,#14414);
#12706=AXIS2_PLACEMENT_3D('',#18321,#14416,#14417);
#12707=AXIS2_PLACEMENT_3D('',#18325,#14419,#14420);
#12708=AXIS2_PLACEMENT_3D('',#18329,#14422,#14423);
#12709=AXIS2_PLACEMENT_3D('',#18333,#14425,#14426);
#12710=AXIS2_PLACEMENT_3D('',#18337,#14428,#14429);
#12711=AXIS2_PLACEMENT_3D('',#18341,#14431,#14432);
#12712=AXIS2_PLACEMENT_3D('',#18345,#14434,#14435);
#12713=AXIS2_PLACEMENT_3D('',#18349,#14437,#14438);
#12714=AXIS2_PLACEMENT_3D('',#18353,#14440,#14441);
#12715=AXIS2_PLACEMENT_3D('',#18357,#14443,#14444);
#12716=AXIS2_PLACEMENT_3D('',#18361,#14446,#14447);
#12717=AXIS2_PLACEMENT_3D('',#18365,#14449,#14450);
#12718=AXIS2_PLACEMENT_3D('',#18369,#14452,#14453);
#12719=AXIS2_PLACEMENT_3D('',#18373,#14455,#14456);
#12720=AXIS2_PLACEMENT_3D('',#18377,#14458,#14459);
#12721=AXIS2_PLACEMENT_3D('',#18381,#14461,#14462);
#12722=AXIS2_PLACEMENT_3D('',#18385,#14464,#14465);
#12723=AXIS2_PLACEMENT_3D('',#18389,#14467,#14468);
#12724=AXIS2_PLACEMENT_3D('',#18393,#14470,#14471);
#12725=AXIS2_PLACEMENT_3D('',#18397,#14473,#14474);
#12726=AXIS2_PLACEMENT_3D('',#18401,#14476,#14477);
#12727=AXIS2_PLACEMENT_3D('',#18405,#14479,#14480);
#12728=AXIS2_PLACEMENT_3D('',#18409,#14482,#14483);
#12729=AXIS2_PLACEMENT_3D('',#18413,#14485,#14486);
#12730=AXIS2_PLACEMENT_3D('',#18417,#14488,#14489);
#12731=AXIS2_PLACEMENT_3D('',#18421,#14491,#14492);
#12732=AXIS2_PLACEMENT_3D('',#18425,#14494,#14495);
#12733=AXIS2_PLACEMENT_3D('',#18429,#14497,#14498);
#12734=AXIS2_PLACEMENT_3D('',#18433,#14500,#14501);
#12735=AXIS2_PLACEMENT_3D('',#18437,#14503,#14504);
#12736=AXIS2_PLACEMENT_3D('',#18441,#14506,#14507);
#12737=AXIS2_PLACEMENT_3D('',#18445,#14509,#14510);
#12738=AXIS2_PLACEMENT_3D('',#18449,#14512,#14513);
#12739=AXIS2_PLACEMENT_3D('',#18453,#14515,#14516);
#12740=AXIS2_PLACEMENT_3D('',#18457,#14518,#14519);
#12741=AXIS2_PLACEMENT_3D('',#18463,#14522,#14523);
#12742=AXIS2_PLACEMENT_3D('',#18466,#14525,#14526);
#12743=AXIS2_PLACEMENT_3D('',#18471,#14528,#14529);
#12744=AXIS2_PLACEMENT_3D('',#18474,#14531,#14532);
#12745=AXIS2_PLACEMENT_3D('',#18479,#14534,#14535);
#12746=AXIS2_PLACEMENT_3D('',#18482,#14537,#14538);
#12747=AXIS2_PLACEMENT_3D('',#18487,#14540,#14541);
#12748=AXIS2_PLACEMENT_3D('',#18490,#14543,#14544);
#12749=AXIS2_PLACEMENT_3D('',#18495,#14546,#14547);
#12750=AXIS2_PLACEMENT_3D('',#18499,#14549,#14550);
#12751=AXIS2_PLACEMENT_3D('',#18503,#14552,#14553);
#12752=AXIS2_PLACEMENT_3D('',#18506,#14555,#14556);
#12753=AXIS2_PLACEMENT_3D('',#18511,#14558,#14559);
#12754=AXIS2_PLACEMENT_3D('',#18515,#14561,#14562);
#12755=AXIS2_PLACEMENT_3D('',#18519,#14564,#14565);
#12756=AXIS2_PLACEMENT_3D('',#18523,#14567,#14568);
#12757=AXIS2_PLACEMENT_3D('',#18527,#14570,#14571);
#12758=AXIS2_PLACEMENT_3D('',#18531,#14573,#14574);
#12759=AXIS2_PLACEMENT_3D('',#18535,#14576,#14577);
#12760=AXIS2_PLACEMENT_3D('',#18539,#14579,#14580);
#12761=AXIS2_PLACEMENT_3D('',#18543,#14582,#14583);
#12762=AXIS2_PLACEMENT_3D('',#18547,#14585,#14586);
#12763=AXIS2_PLACEMENT_3D('',#18551,#14588,#14589);
#12764=AXIS2_PLACEMENT_3D('',#18554,#14591,#14592);
#12765=AXIS2_PLACEMENT_3D('',#18559,#14594,#14595);
#12766=AXIS2_PLACEMENT_3D('',#18563,#14597,#14598);
#12767=AXIS2_PLACEMENT_3D('',#18567,#14600,#14601);
#12768=AXIS2_PLACEMENT_3D('',#18571,#14603,#14604);
#12769=AXIS2_PLACEMENT_3D('',#18575,#14606,#14607);
#12770=AXIS2_PLACEMENT_3D('',#18579,#14609,#14610);
#12771=AXIS2_PLACEMENT_3D('',#18583,#14612,#14613);
#12772=AXIS2_PLACEMENT_3D('',#18586,#14615,#14616);
#12773=AXIS2_PLACEMENT_3D('',#18587,#14617,#14618);
#12774=AXIS2_PLACEMENT_3D('',#18591,#14620,#14621);
#12775=AXIS2_PLACEMENT_3D('',#18593,#14623,#14624);
#12776=AXIS2_PLACEMENT_3D('',#18597,#14627,#14628);
#12777=AXIS2_PLACEMENT_3D('',#18598,#14629,#14630);
#12778=AXIS2_PLACEMENT_3D('',#18602,#14632,#14633);
#12779=AXIS2_PLACEMENT_3D('',#18606,#14635,#14636);
#12780=AXIS2_PLACEMENT_3D('',#18610,#14638,#14639);
#12781=AXIS2_PLACEMENT_3D('',#18614,#14641,#14642);
#12782=AXIS2_PLACEMENT_3D('',#18618,#14644,#14645);
#12783=AXIS2_PLACEMENT_3D('',#18622,#14647,#14648);
#12784=AXIS2_PLACEMENT_3D('',#18626,#14650,#14651);
#12785=AXIS2_PLACEMENT_3D('',#18630,#14653,#14654);
#12786=AXIS2_PLACEMENT_3D('',#18634,#14656,#14657);
#12787=AXIS2_PLACEMENT_3D('',#18638,#14659,#14660);
#12788=AXIS2_PLACEMENT_3D('',#18642,#14662,#14663);
#12789=AXIS2_PLACEMENT_3D('',#18646,#14665,#14666);
#12790=AXIS2_PLACEMENT_3D('',#18650,#14668,#14669);
#12791=AXIS2_PLACEMENT_3D('',#18654,#14671,#14672);
#12792=AXIS2_PLACEMENT_3D('',#18658,#14674,#14675);
#12793=AXIS2_PLACEMENT_3D('',#18662,#14677,#14678);
#12794=AXIS2_PLACEMENT_3D('',#18666,#14680,#14681);
#12795=AXIS2_PLACEMENT_3D('',#18670,#14683,#14684);
#12796=AXIS2_PLACEMENT_3D('',#18674,#14686,#14687);
#12797=AXIS2_PLACEMENT_3D('',#18678,#14689,#14690);
#12798=AXIS2_PLACEMENT_3D('',#18682,#14692,#14693);
#12799=AXIS2_PLACEMENT_3D('',#18686,#14695,#14696);
#12800=AXIS2_PLACEMENT_3D('',#18690,#14698,#14699);
#12801=AXIS2_PLACEMENT_3D('',#18694,#14701,#14702);
#12802=AXIS2_PLACEMENT_3D('',#18698,#14704,#14705);
#12803=AXIS2_PLACEMENT_3D('',#18702,#14707,#14708);
#12804=AXIS2_PLACEMENT_3D('',#18706,#14710,#14711);
#12805=AXIS2_PLACEMENT_3D('',#18710,#14713,#14714);
#12806=AXIS2_PLACEMENT_3D('',#18714,#14716,#14717);
#12807=AXIS2_PLACEMENT_3D('',#18718,#14719,#14720);
#12808=AXIS2_PLACEMENT_3D('',#18722,#14722,#14723);
#12809=AXIS2_PLACEMENT_3D('',#18726,#14725,#14726);
#12810=AXIS2_PLACEMENT_3D('',#18730,#14728,#14729);
#12811=AXIS2_PLACEMENT_3D('',#18734,#14731,#14732);
#12812=AXIS2_PLACEMENT_3D('',#18738,#14734,#14735);
#12813=AXIS2_PLACEMENT_3D('',#18742,#14737,#14738);
#12814=AXIS2_PLACEMENT_3D('',#18746,#14740,#14741);
#12815=AXIS2_PLACEMENT_3D('',#18750,#14743,#14744);
#12816=AXIS2_PLACEMENT_3D('',#18754,#14746,#14747);
#12817=AXIS2_PLACEMENT_3D('',#18758,#14749,#14750);
#12818=AXIS2_PLACEMENT_3D('',#18762,#14752,#14753);
#12819=AXIS2_PLACEMENT_3D('',#18766,#14755,#14756);
#12820=AXIS2_PLACEMENT_3D('',#18770,#14758,#14759);
#12821=AXIS2_PLACEMENT_3D('',#18774,#14761,#14762);
#12822=AXIS2_PLACEMENT_3D('',#18778,#14764,#14765);
#12823=AXIS2_PLACEMENT_3D('',#18782,#14767,#14768);
#12824=AXIS2_PLACEMENT_3D('',#18786,#14770,#14771);
#12825=AXIS2_PLACEMENT_3D('',#18790,#14773,#14774);
#12826=AXIS2_PLACEMENT_3D('',#18794,#14776,#14777);
#12827=AXIS2_PLACEMENT_3D('',#18798,#14779,#14780);
#12828=AXIS2_PLACEMENT_3D('',#18800,#14781,#14782);
#12829=AXIS2_PLACEMENT_3D('',#18804,#14784,#14785);
#12830=AXIS2_PLACEMENT_3D('',#18808,#14787,#14788);
#12831=AXIS2_PLACEMENT_3D('',#18812,#14790,#14791);
#12832=AXIS2_PLACEMENT_3D('',#18816,#14793,#14794);
#12833=AXIS2_PLACEMENT_3D('',#18820,#14796,#14797);
#12834=AXIS2_PLACEMENT_3D('',#18824,#14799,#14800);
#12835=AXIS2_PLACEMENT_3D('',#18828,#14802,#14803);
#12836=AXIS2_PLACEMENT_3D('',#18830,#14804,#14805);
#12837=AXIS2_PLACEMENT_3D('',#18834,#14807,#14808);
#12838=AXIS2_PLACEMENT_3D('',#18838,#14810,#14811);
#12839=AXIS2_PLACEMENT_3D('',#18842,#14813,#14814);
#12840=AXIS2_PLACEMENT_3D('',#18846,#14816,#14817);
#12841=AXIS2_PLACEMENT_3D('',#18850,#14819,#14820);
#12842=AXIS2_PLACEMENT_3D('',#18854,#14822,#14823);
#12843=AXIS2_PLACEMENT_3D('',#18858,#14825,#14826);
#12844=AXIS2_PLACEMENT_3D('',#18862,#14828,#14829);
#12845=AXIS2_PLACEMENT_3D('',#18868,#14832,#14833);
#12846=AXIS2_PLACEMENT_3D('',#18872,#14835,#14836);
#12847=AXIS2_PLACEMENT_3D('',#18876,#14838,#14839);
#12848=AXIS2_PLACEMENT_3D('',#18879,#14841,#14842);
#12849=AXIS2_PLACEMENT_3D('',#18884,#14844,#14845);
#12850=AXIS2_PLACEMENT_3D('',#18888,#14847,#14848);
#12851=AXIS2_PLACEMENT_3D('',#18892,#14850,#14851);
#12852=AXIS2_PLACEMENT_3D('',#18895,#14853,#14854);
#12853=AXIS2_PLACEMENT_3D('',#18900,#14856,#14857);
#12854=AXIS2_PLACEMENT_3D('',#18903,#14859,#14860);
#12855=AXIS2_PLACEMENT_3D('',#18908,#14862,#14863);
#12856=AXIS2_PLACEMENT_3D('',#18911,#14865,#14866);
#12857=AXIS2_PLACEMENT_3D('',#18916,#14868,#14869);
#12858=AXIS2_PLACEMENT_3D('',#18920,#14871,#14872);
#12859=AXIS2_PLACEMENT_3D('',#18924,#14874,#14875);
#12860=AXIS2_PLACEMENT_3D('',#18927,#14877,#14878);
#12861=AXIS2_PLACEMENT_3D('',#18932,#14880,#14881);
#12862=AXIS2_PLACEMENT_3D('',#18936,#14883,#14884);
#12863=AXIS2_PLACEMENT_3D('',#18940,#14886,#14887);
#12864=AXIS2_PLACEMENT_3D('',#18943,#14889,#14890);
#12865=AXIS2_PLACEMENT_3D('',#18948,#14892,#14893);
#12866=AXIS2_PLACEMENT_3D('',#18952,#14895,#14896);
#12867=AXIS2_PLACEMENT_3D('',#18956,#14898,#14899);
#12868=AXIS2_PLACEMENT_3D('',#18959,#14901,#14902);
#12869=AXIS2_PLACEMENT_3D('',#18964,#14904,#14905);
#12870=AXIS2_PLACEMENT_3D('',#18968,#14907,#14908);
#12871=AXIS2_PLACEMENT_3D('',#18972,#14910,#14911);
#12872=AXIS2_PLACEMENT_3D('',#18976,#14913,#14914);
#12873=AXIS2_PLACEMENT_3D('',#18980,#14916,#14917);
#12874=AXIS2_PLACEMENT_3D('',#18984,#14919,#14920);
#12875=AXIS2_PLACEMENT_3D('',#18988,#14922,#14923);
#12876=AXIS2_PLACEMENT_3D('',#18991,#14925,#14926);
#12877=AXIS2_PLACEMENT_3D('',#18996,#14928,#14929);
#12878=AXIS2_PLACEMENT_3D('',#19000,#14931,#14932);
#12879=AXIS2_PLACEMENT_3D('',#19004,#14934,#14935);
#12880=AXIS2_PLACEMENT_3D('',#19008,#14937,#14938);
#12881=AXIS2_PLACEMENT_3D('',#19012,#14940,#14941);
#12882=AXIS2_PLACEMENT_3D('',#19016,#14943,#14944);
#12883=AXIS2_PLACEMENT_3D('',#19020,#14946,#14947);
#12884=AXIS2_PLACEMENT_3D('',#19024,#14949,#14950);
#12885=AXIS2_PLACEMENT_3D('',#19028,#14952,#14953);
#12886=AXIS2_PLACEMENT_3D('',#19032,#14955,#14956);
#12887=AXIS2_PLACEMENT_3D('',#19036,#14958,#14959);
#12888=AXIS2_PLACEMENT_3D('',#19039,#14961,#14962);
#12889=AXIS2_PLACEMENT_3D('',#19044,#14964,#14965);
#12890=AXIS2_PLACEMENT_3D('',#19048,#14967,#14968);
#12891=AXIS2_PLACEMENT_3D('',#19052,#14970,#14971);
#12892=AXIS2_PLACEMENT_3D('',#19055,#14973,#14974);
#12893=AXIS2_PLACEMENT_3D('',#19060,#14976,#14977);
#12894=AXIS2_PLACEMENT_3D('',#19063,#14979,#14980);
#12895=AXIS2_PLACEMENT_3D('',#19068,#14982,#14983);
#12896=AXIS2_PLACEMENT_3D('',#19071,#14985,#14986);
#12897=AXIS2_PLACEMENT_3D('',#19076,#14988,#14989);
#12898=AXIS2_PLACEMENT_3D('',#19079,#14991,#14992);
#12899=AXIS2_PLACEMENT_3D('',#19084,#14994,#14995);
#12900=AXIS2_PLACEMENT_3D('',#19087,#14997,#14998);
#12901=AXIS2_PLACEMENT_3D('',#19090,#14999,#15000);
#12902=AXIS2_PLACEMENT_3D('',#19094,#15002,#15003);
#12903=AXIS2_PLACEMENT_3D('',#19098,#15005,#15006);
#12904=AXIS2_PLACEMENT_3D('',#19102,#15008,#15009);
#12905=AXIS2_PLACEMENT_3D('',#19106,#15011,#15012);
#12906=AXIS2_PLACEMENT_3D('',#19110,#15014,#15015);
#12907=AXIS2_PLACEMENT_3D('',#19114,#15017,#15018);
#12908=AXIS2_PLACEMENT_3D('',#19118,#15020,#15021);
#12909=AXIS2_PLACEMENT_3D('',#19122,#15023,#15024);
#12910=AXIS2_PLACEMENT_3D('',#19126,#15026,#15027);
#12911=AXIS2_PLACEMENT_3D('',#19130,#15029,#15030);
#12912=AXIS2_PLACEMENT_3D('',#19134,#15032,#15033);
#12913=AXIS2_PLACEMENT_3D('',#19138,#15035,#15036);
#12914=AXIS2_PLACEMENT_3D('',#19142,#15038,#15039);
#12915=AXIS2_PLACEMENT_3D('',#19146,#15041,#15042);
#12916=AXIS2_PLACEMENT_3D('',#19150,#15044,#15045);
#12917=AXIS2_PLACEMENT_3D('',#19154,#15047,#15048);
#12918=AXIS2_PLACEMENT_3D('',#19158,#15050,#15051);
#12919=AXIS2_PLACEMENT_3D('',#19162,#15053,#15054);
#12920=AXIS2_PLACEMENT_3D('',#19166,#15056,#15057);
#12921=AXIS2_PLACEMENT_3D('',#19170,#15059,#15060);
#12922=AXIS2_PLACEMENT_3D('',#19174,#15062,#15063);
#12923=AXIS2_PLACEMENT_3D('',#19178,#15065,#15066);
#12924=AXIS2_PLACEMENT_3D('',#19182,#15068,#15069);
#12925=AXIS2_PLACEMENT_3D('',#19186,#15071,#15072);
#12926=AXIS2_PLACEMENT_3D('',#19190,#15074,#15075);
#12927=AXIS2_PLACEMENT_3D('',#19194,#15077,#15078);
#12928=AXIS2_PLACEMENT_3D('',#19198,#15080,#15081);
#12929=AXIS2_PLACEMENT_3D('',#19202,#15083,#15084);
#12930=AXIS2_PLACEMENT_3D('',#19206,#15086,#15087);
#12931=AXIS2_PLACEMENT_3D('',#19210,#15089,#15090);
#12932=AXIS2_PLACEMENT_3D('',#19214,#15092,#15093);
#12933=AXIS2_PLACEMENT_3D('',#19218,#15095,#15096);
#12934=AXIS2_PLACEMENT_3D('',#19222,#15098,#15099);
#12935=AXIS2_PLACEMENT_3D('',#19226,#15101,#15102);
#12936=AXIS2_PLACEMENT_3D('',#19230,#15104,#15105);
#12937=AXIS2_PLACEMENT_3D('',#19234,#15107,#15108);
#12938=AXIS2_PLACEMENT_3D('',#19238,#15110,#15111);
#12939=AXIS2_PLACEMENT_3D('',#19242,#15113,#15114);
#12940=AXIS2_PLACEMENT_3D('',#19246,#15116,#15117);
#12941=AXIS2_PLACEMENT_3D('',#19250,#15119,#15120);
#12942=AXIS2_PLACEMENT_3D('',#19254,#15122,#15123);
#12943=AXIS2_PLACEMENT_3D('',#19258,#15125,#15126);
#12944=AXIS2_PLACEMENT_3D('',#19262,#15128,#15129);
#12945=AXIS2_PLACEMENT_3D('',#19266,#15131,#15132);
#12946=AXIS2_PLACEMENT_3D('',#19270,#15134,#15135);
#12947=AXIS2_PLACEMENT_3D('',#19274,#15137,#15138);
#12948=AXIS2_PLACEMENT_3D('',#19278,#15140,#15141);
#12949=AXIS2_PLACEMENT_3D('',#19282,#15143,#15144);
#12950=AXIS2_PLACEMENT_3D('',#19286,#15146,#15147);
#12951=AXIS2_PLACEMENT_3D('',#19290,#15149,#15150);
#12952=AXIS2_PLACEMENT_3D('',#19294,#15152,#15153);
#12953=AXIS2_PLACEMENT_3D('',#19298,#15155,#15156);
#12954=AXIS2_PLACEMENT_3D('',#19302,#15158,#15159);
#12955=AXIS2_PLACEMENT_3D('',#19306,#15161,#15162);
#12956=AXIS2_PLACEMENT_3D('',#19310,#15164,#15165);
#12957=AXIS2_PLACEMENT_3D('',#19314,#15167,#15168);
#12958=AXIS2_PLACEMENT_3D('',#19318,#15170,#15171);
#12959=AXIS2_PLACEMENT_3D('',#19322,#15173,#15174);
#12960=AXIS2_PLACEMENT_3D('',#19326,#15176,#15177);
#12961=AXIS2_PLACEMENT_3D('',#19330,#15179,#15180);
#12962=AXIS2_PLACEMENT_3D('',#19334,#15182,#15183);
#12963=AXIS2_PLACEMENT_3D('',#19338,#15185,#15186);
#12964=AXIS2_PLACEMENT_3D('',#19342,#15188,#15189);
#12965=AXIS2_PLACEMENT_3D('',#19346,#15191,#15192);
#12966=AXIS2_PLACEMENT_3D('',#19350,#15194,#15195);
#12967=AXIS2_PLACEMENT_3D('',#19354,#15197,#15198);
#12968=AXIS2_PLACEMENT_3D('',#19358,#15200,#15201);
#12969=AXIS2_PLACEMENT_3D('',#19362,#15203,#15204);
#12970=AXIS2_PLACEMENT_3D('',#19366,#15206,#15207);
#12971=AXIS2_PLACEMENT_3D('',#19370,#15209,#15210);
#12972=AXIS2_PLACEMENT_3D('',#19374,#15212,#15213);
#12973=AXIS2_PLACEMENT_3D('',#19378,#15215,#15216);
#12974=AXIS2_PLACEMENT_3D('',#19382,#15218,#15219);
#12975=AXIS2_PLACEMENT_3D('',#19386,#15221,#15222);
#12976=AXIS2_PLACEMENT_3D('',#19390,#15224,#15225);
#12977=AXIS2_PLACEMENT_3D('',#19394,#15227,#15228);
#12978=AXIS2_PLACEMENT_3D('',#19398,#15230,#15231);
#12979=AXIS2_PLACEMENT_3D('',#19402,#15233,#15234);
#12980=AXIS2_PLACEMENT_3D('',#19406,#15236,#15237);
#12981=AXIS2_PLACEMENT_3D('',#19410,#15239,#15240);
#12982=AXIS2_PLACEMENT_3D('',#19414,#15242,#15243);
#12983=AXIS2_PLACEMENT_3D('',#19418,#15245,#15246);
#12984=AXIS2_PLACEMENT_3D('',#19422,#15248,#15249);
#12985=AXIS2_PLACEMENT_3D('',#19426,#15251,#15252);
#12986=AXIS2_PLACEMENT_3D('',#19430,#15254,#15255);
#12987=AXIS2_PLACEMENT_3D('',#19434,#15257,#15258);
#12988=AXIS2_PLACEMENT_3D('',#19438,#15260,#15261);
#12989=AXIS2_PLACEMENT_3D('',#19442,#15263,#15264);
#12990=AXIS2_PLACEMENT_3D('',#19446,#15266,#15267);
#12991=AXIS2_PLACEMENT_3D('',#19450,#15269,#15270);
#12992=AXIS2_PLACEMENT_3D('',#19454,#15272,#15273);
#12993=AXIS2_PLACEMENT_3D('',#19458,#15275,#15276);
#12994=AXIS2_PLACEMENT_3D('',#19462,#15278,#15279);
#12995=AXIS2_PLACEMENT_3D('',#19466,#15281,#15282);
#12996=AXIS2_PLACEMENT_3D('',#19470,#15284,#15285);
#12997=AXIS2_PLACEMENT_3D('',#19474,#15287,#15288);
#12998=AXIS2_PLACEMENT_3D('',#19478,#15290,#15291);
#12999=AXIS2_PLACEMENT_3D('',#19482,#15293,#15294);
#13000=AXIS2_PLACEMENT_3D('',#19486,#15296,#15297);
#13001=AXIS2_PLACEMENT_3D('',#19490,#15299,#15300);
#13002=AXIS2_PLACEMENT_3D('',#19494,#15302,#15303);
#13003=AXIS2_PLACEMENT_3D('',#19498,#15305,#15306);
#13004=AXIS2_PLACEMENT_3D('',#19502,#15308,#15309);
#13005=AXIS2_PLACEMENT_3D('',#19506,#15311,#15312);
#13006=AXIS2_PLACEMENT_3D('',#19510,#15314,#15315);
#13007=AXIS2_PLACEMENT_3D('',#19514,#15317,#15318);
#13008=AXIS2_PLACEMENT_3D('',#19518,#15320,#15321);
#13009=AXIS2_PLACEMENT_3D('',#19522,#15323,#15324);
#13010=AXIS2_PLACEMENT_3D('',#19526,#15326,#15327);
#13011=AXIS2_PLACEMENT_3D('',#19530,#15329,#15330);
#13012=AXIS2_PLACEMENT_3D('',#19534,#15332,#15333);
#13013=AXIS2_PLACEMENT_3D('',#19538,#15335,#15336);
#13014=AXIS2_PLACEMENT_3D('',#19542,#15338,#15339);
#13015=AXIS2_PLACEMENT_3D('',#19546,#15341,#15342);
#13016=AXIS2_PLACEMENT_3D('',#19550,#15344,#15345);
#13017=AXIS2_PLACEMENT_3D('',#19554,#15347,#15348);
#13018=AXIS2_PLACEMENT_3D('',#19558,#15350,#15351);
#13019=AXIS2_PLACEMENT_3D('',#19562,#15353,#15354);
#13020=AXIS2_PLACEMENT_3D('',#19566,#15356,#15357);
#13021=AXIS2_PLACEMENT_3D('',#19570,#15359,#15360);
#13022=AXIS2_PLACEMENT_3D('',#19574,#15362,#15363);
#13023=AXIS2_PLACEMENT_3D('',#19578,#15365,#15366);
#13024=AXIS2_PLACEMENT_3D('',#19582,#15368,#15369);
#13025=AXIS2_PLACEMENT_3D('',#19586,#15371,#15372);
#13026=AXIS2_PLACEMENT_3D('',#19590,#15374,#15375);
#13027=AXIS2_PLACEMENT_3D('',#19594,#15377,#15378);
#13028=AXIS2_PLACEMENT_3D('',#19598,#15380,#15381);
#13029=AXIS2_PLACEMENT_3D('',#19602,#15383,#15384);
#13030=AXIS2_PLACEMENT_3D('',#19606,#15386,#15387);
#13031=AXIS2_PLACEMENT_3D('',#19610,#15389,#15390);
#13032=AXIS2_PLACEMENT_3D('',#19614,#15392,#15393);
#13033=AXIS2_PLACEMENT_3D('',#19618,#15395,#15396);
#13034=AXIS2_PLACEMENT_3D('',#19622,#15398,#15399);
#13035=AXIS2_PLACEMENT_3D('',#19626,#15401,#15402);
#13036=AXIS2_PLACEMENT_3D('',#19630,#15404,#15405);
#13037=AXIS2_PLACEMENT_3D('',#19634,#15407,#15408);
#13038=AXIS2_PLACEMENT_3D('',#19638,#15410,#15411);
#13039=AXIS2_PLACEMENT_3D('',#19642,#15413,#15414);
#13040=AXIS2_PLACEMENT_3D('',#19646,#15416,#15417);
#13041=AXIS2_PLACEMENT_3D('',#19650,#15419,#15420);
#13042=AXIS2_PLACEMENT_3D('',#19654,#15422,#15423);
#13043=AXIS2_PLACEMENT_3D('',#19658,#15425,#15426);
#13044=AXIS2_PLACEMENT_3D('',#19662,#15428,#15429);
#13045=AXIS2_PLACEMENT_3D('',#19666,#15431,#15432);
#13046=AXIS2_PLACEMENT_3D('',#19670,#15434,#15435);
#13047=AXIS2_PLACEMENT_3D('',#19674,#15437,#15438);
#13048=AXIS2_PLACEMENT_3D('',#19678,#15440,#15441);
#13049=AXIS2_PLACEMENT_3D('',#19682,#15443,#15444);
#13050=AXIS2_PLACEMENT_3D('',#19686,#15446,#15447);
#13051=AXIS2_PLACEMENT_3D('',#19690,#15449,#15450);
#13052=AXIS2_PLACEMENT_3D('',#19694,#15452,#15453);
#13053=AXIS2_PLACEMENT_3D('',#19698,#15455,#15456);
#13054=AXIS2_PLACEMENT_3D('',#19702,#15458,#15459);
#13055=AXIS2_PLACEMENT_3D('',#19706,#15461,#15462);
#13056=AXIS2_PLACEMENT_3D('',#19710,#15464,#15465);
#13057=AXIS2_PLACEMENT_3D('',#19714,#15467,#15468);
#13058=AXIS2_PLACEMENT_3D('',#19718,#15470,#15471);
#13059=AXIS2_PLACEMENT_3D('',#19722,#15473,#15474);
#13060=AXIS2_PLACEMENT_3D('',#19726,#15476,#15477);
#13061=AXIS2_PLACEMENT_3D('',#19730,#15479,#15480);
#13062=AXIS2_PLACEMENT_3D('',#19734,#15482,#15483);
#13063=AXIS2_PLACEMENT_3D('',#19738,#15485,#15486);
#13064=AXIS2_PLACEMENT_3D('',#19742,#15488,#15489);
#13065=AXIS2_PLACEMENT_3D('',#19746,#15491,#15492);
#13066=AXIS2_PLACEMENT_3D('',#19750,#15494,#15495);
#13067=AXIS2_PLACEMENT_3D('',#19754,#15497,#15498);
#13068=AXIS2_PLACEMENT_3D('',#19758,#15500,#15501);
#13069=AXIS2_PLACEMENT_3D('',#19762,#15503,#15504);
#13070=AXIS2_PLACEMENT_3D('',#19766,#15506,#15507);
#13071=AXIS2_PLACEMENT_3D('',#19770,#15509,#15510);
#13072=AXIS2_PLACEMENT_3D('',#19774,#15512,#15513);
#13073=AXIS2_PLACEMENT_3D('',#19778,#15515,#15516);
#13074=AXIS2_PLACEMENT_3D('',#19782,#15518,#15519);
#13075=AXIS2_PLACEMENT_3D('',#19786,#15521,#15522);
#13076=AXIS2_PLACEMENT_3D('',#19790,#15524,#15525);
#13077=AXIS2_PLACEMENT_3D('',#19794,#15527,#15528);
#13078=AXIS2_PLACEMENT_3D('',#19798,#15530,#15531);
#13079=AXIS2_PLACEMENT_3D('',#19802,#15533,#15534);
#13080=AXIS2_PLACEMENT_3D('',#19806,#15536,#15537);
#13081=AXIS2_PLACEMENT_3D('',#19808,#15539,#15540);
#13082=AXIS2_PLACEMENT_3D('',#19811,#15543,#15544);
#13083=AXIS2_PLACEMENT_3D('',#19813,#15546,#15547);
#13084=AXIS2_PLACEMENT_3D('',#19816,#15550,#15551);
#13085=AXIS2_PLACEMENT_3D('',#19818,#15553,#15554);
#13086=AXIS2_PLACEMENT_3D('',#19821,#15557,#15558);
#13087=AXIS2_PLACEMENT_3D('',#19823,#15560,#15561);
#13088=AXIS2_PLACEMENT_3D('',#19826,#15564,#15565);
#13089=AXIS2_PLACEMENT_3D('',#19828,#15567,#15568);
#13090=AXIS2_PLACEMENT_3D('',#19831,#15571,#15572);
#13091=AXIS2_PLACEMENT_3D('',#19833,#15574,#15575);
#13092=AXIS2_PLACEMENT_3D('',#19836,#15578,#15579);
#13093=AXIS2_PLACEMENT_3D('',#19838,#15581,#15582);
#13094=AXIS2_PLACEMENT_3D('',#19841,#15585,#15586);
#13095=AXIS2_PLACEMENT_3D('',#19843,#15588,#15589);
#13096=AXIS2_PLACEMENT_3D('',#19846,#15592,#15593);
#13097=AXIS2_PLACEMENT_3D('',#19848,#15595,#15596);
#13098=AXIS2_PLACEMENT_3D('',#19851,#15599,#15600);
#13099=AXIS2_PLACEMENT_3D('',#19853,#15602,#15603);
#13100=AXIS2_PLACEMENT_3D('',#19856,#15606,#15607);
#13101=AXIS2_PLACEMENT_3D('',#19858,#15609,#15610);
#13102=AXIS2_PLACEMENT_3D('',#19861,#15613,#15614);
#13103=AXIS2_PLACEMENT_3D('',#19863,#15616,#15617);
#13104=AXIS2_PLACEMENT_3D('',#19866,#15620,#15621);
#13105=AXIS2_PLACEMENT_3D('',#19868,#15623,#15624);
#13106=AXIS2_PLACEMENT_3D('',#19871,#15627,#15628);
#13107=AXIS2_PLACEMENT_3D('',#19873,#15630,#15631);
#13108=AXIS2_PLACEMENT_3D('',#19876,#15634,#15635);
#13109=AXIS2_PLACEMENT_3D('',#19878,#15637,#15638);
#13110=AXIS2_PLACEMENT_3D('',#19881,#15641,#15642);
#13111=AXIS2_PLACEMENT_3D('',#19883,#15644,#15645);
#13112=AXIS2_PLACEMENT_3D('',#19885,#15647,#15648);
#13113=AXIS2_PLACEMENT_3D('',#19888,#15651,#15652);
#13114=AXIS2_PLACEMENT_3D('',#19890,#15654,#15655);
#13115=AXIS2_PLACEMENT_3D('',#19892,#15657,#15658);
#13116=AXIS2_PLACEMENT_3D('',#19895,#15661,#15662);
#13117=AXIS2_PLACEMENT_3D('',#19897,#15664,#15665);
#13118=AXIS2_PLACEMENT_3D('',#19899,#15667,#15668);
#13119=AXIS2_PLACEMENT_3D('',#19902,#15671,#15672);
#13120=AXIS2_PLACEMENT_3D('',#19904,#15674,#15675);
#13121=AXIS2_PLACEMENT_3D('',#19906,#15677,#15678);
#13122=AXIS2_PLACEMENT_3D('',#19908,#15680,#15681);
#13123=AXIS2_PLACEMENT_3D('',#19910,#15683,#15684);
#13124=AXIS2_PLACEMENT_3D('',#19912,#15686,#15687);
#13125=AXIS2_PLACEMENT_3D('',#19914,#15689,#15690);
#13126=AXIS2_PLACEMENT_3D('',#19916,#15692,#15693);
#13127=AXIS2_PLACEMENT_3D('',#19918,#15695,#15696);
#13128=AXIS2_PLACEMENT_3D('',#19920,#15698,#15699);
#13129=AXIS2_PLACEMENT_3D('',#19922,#15701,#15702);
#13130=AXIS2_PLACEMENT_3D('',#19924,#15704,#15705);
#13131=AXIS2_PLACEMENT_3D('',#19926,#15707,#15708);
#13132=AXIS2_PLACEMENT_3D('',#19927,#15709,#15710);
#13133=AXIS2_PLACEMENT_3D('',#19929,#15712,#15713);
#13134=AXIS2_PLACEMENT_3D('',#19931,#15715,#15716);
#13135=AXIS2_PLACEMENT_3D('',#19932,#15717,#15718);
#13136=AXIS2_PLACEMENT_3D('',#19934,#15720,#15721);
#13137=AXIS2_PLACEMENT_3D('',#19936,#15723,#15724);
#13138=AXIS2_PLACEMENT_3D('',#19938,#15726,#15727);
#13139=AXIS2_PLACEMENT_3D('',#19940,#15729,#15730);
#13140=AXIS2_PLACEMENT_3D('',#19941,#15731,#15732);
#13141=AXIS2_PLACEMENT_3D('',#19944,#15735,#15736);
#13142=AXIS2_PLACEMENT_3D('',#19946,#15738,#15739);
#13143=AXIS2_PLACEMENT_3D('',#19949,#15742,#15743);
#13144=AXIS2_PLACEMENT_3D('',#19951,#15745,#15746);
#13145=AXIS2_PLACEMENT_3D('',#19954,#15749,#15750);
#13146=AXIS2_PLACEMENT_3D('',#19956,#15752,#15753);
#13147=AXIS2_PLACEMENT_3D('',#19958,#15755,#15756);
#13148=AXIS2_PLACEMENT_3D('',#19960,#15758,#15759);
#13149=AXIS2_PLACEMENT_3D('',#19961,#15760,#15761);
#13150=AXIS2_PLACEMENT_3D('',#19964,#15764,#15765);
#13151=AXIS2_PLACEMENT_3D('',#19966,#15767,#15768);
#13152=AXIS2_PLACEMENT_3D('',#19968,#15770,#15771);
#13153=AXIS2_PLACEMENT_3D('',#19971,#15774,#15775);
#13154=AXIS2_PLACEMENT_3D('',#19973,#15777,#15778);
#13155=AXIS2_PLACEMENT_3D('',#19975,#15780,#15781);
#13156=AXIS2_PLACEMENT_3D('',#19977,#15783,#15784);
#13157=AXIS2_PLACEMENT_3D('',#19979,#15786,#15787);
#13158=AXIS2_PLACEMENT_3D('',#19981,#15789,#15790);
#13159=AXIS2_PLACEMENT_3D('',#19983,#15792,#15793);
#13160=AXIS2_PLACEMENT_3D('',#19984,#15794,#15795);
#13161=AXIS2_PLACEMENT_3D('',#19985,#15796,#15797);
#13162=AXIS2_PLACEMENT_3D('',#19987,#15799,#15800);
#13163=AXIS2_PLACEMENT_3D('',#19988,#15801,#15802);
#13164=AXIS2_PLACEMENT_3D('',#19989,#15803,#15804);
#13165=AXIS2_PLACEMENT_3D('',#19992,#15807,#15808);
#13166=AXIS2_PLACEMENT_3D('',#19994,#15810,#15811);
#13167=AXIS2_PLACEMENT_3D('',#19996,#15813,#15814);
#13168=AXIS2_PLACEMENT_3D('',#19997,#15815,#15816);
#13169=AXIS2_PLACEMENT_3D('',#20000,#15819,#15820);
#13170=AXIS2_PLACEMENT_3D('',#20002,#15822,#15823);
#13171=AXIS2_PLACEMENT_3D('',#20004,#15825,#15826);
#13172=AXIS2_PLACEMENT_3D('',#20005,#15827,#15828);
#13173=AXIS2_PLACEMENT_3D('',#20008,#15831,#15832);
#13174=AXIS2_PLACEMENT_3D('',#20010,#15834,#15835);
#13175=AXIS2_PLACEMENT_3D('',#20012,#15837,#15838);
#13176=AXIS2_PLACEMENT_3D('',#20013,#15839,#15840);
#13177=AXIS2_PLACEMENT_3D('',#20016,#15843,#15844);
#13178=AXIS2_PLACEMENT_3D('',#20018,#15846,#15847);
#13179=AXIS2_PLACEMENT_3D('',#20020,#15849,#15850);
#13180=AXIS2_PLACEMENT_3D('',#20021,#15851,#15852);
#13181=AXIS2_PLACEMENT_3D('',#20024,#15855,#15856);
#13182=AXIS2_PLACEMENT_3D('',#20026,#15858,#15859);
#13183=AXIS2_PLACEMENT_3D('',#20028,#15861,#15862);
#13184=AXIS2_PLACEMENT_3D('',#20029,#15863,#15864);
#13185=AXIS2_PLACEMENT_3D('',#20032,#15867,#15868);
#13186=AXIS2_PLACEMENT_3D('',#20034,#15870,#15871);
#13187=AXIS2_PLACEMENT_3D('',#20036,#15873,#15874);
#13188=AXIS2_PLACEMENT_3D('',#20037,#15875,#15876);
#13189=AXIS2_PLACEMENT_3D('',#20040,#15879,#15880);
#13190=AXIS2_PLACEMENT_3D('',#20042,#15882,#15883);
#13191=AXIS2_PLACEMENT_3D('',#20044,#15885,#15886);
#13192=AXIS2_PLACEMENT_3D('',#20045,#15887,#15888);
#13193=AXIS2_PLACEMENT_3D('',#20048,#15891,#15892);
#13194=AXIS2_PLACEMENT_3D('',#20050,#15894,#15895);
#13195=AXIS2_PLACEMENT_3D('',#20052,#15897,#15898);
#13196=AXIS2_PLACEMENT_3D('',#20053,#15899,#15900);
#13197=AXIS2_PLACEMENT_3D('',#20056,#15903,#15904);
#13198=AXIS2_PLACEMENT_3D('',#20058,#15906,#15907);
#13199=AXIS2_PLACEMENT_3D('',#20060,#15909,#15910);
#13200=AXIS2_PLACEMENT_3D('',#20061,#15911,#15912);
#13201=AXIS2_PLACEMENT_3D('',#20064,#15915,#15916);
#13202=AXIS2_PLACEMENT_3D('',#20066,#15918,#15919);
#13203=AXIS2_PLACEMENT_3D('',#20067,#15920,#15921);
#13204=AXIS2_PLACEMENT_3D('',#20070,#15924,#15925);
#13205=AXIS2_PLACEMENT_3D('',#20071,#15926,#15927);
#13206=AXIS2_PLACEMENT_3D('',#20073,#15929,#15930);
#13207=AXIS2_PLACEMENT_3D('',#20074,#15931,#15932);
#13208=AXIS2_PLACEMENT_3D('',#20077,#15935,#15936);
#13209=AXIS2_PLACEMENT_3D('',#20079,#15938,#15939);
#13210=AXIS2_PLACEMENT_3D('',#20080,#15940,#15941);
#13211=AXIS2_PLACEMENT_3D('',#20082,#15943,#15944);
#13212=AXIS2_PLACEMENT_3D('',#20084,#15946,#15947);
#13213=AXIS2_PLACEMENT_3D('',#20086,#15949,#15950);
#13214=AXIS2_PLACEMENT_3D('',#20088,#15952,#15953);
#13215=AXIS2_PLACEMENT_3D('',#20091,#15956,#15957);
#13216=AXIS2_PLACEMENT_3D('',#20093,#15959,#15960);
#13217=AXIS2_PLACEMENT_3D('',#20096,#15963,#15964);
#13218=AXIS2_PLACEMENT_3D('',#20098,#15966,#15967);
#13219=AXIS2_PLACEMENT_3D('',#20101,#15970,#15971);
#13220=AXIS2_PLACEMENT_3D('',#20103,#15973,#15974);
#13221=AXIS2_PLACEMENT_3D('',#20106,#15977,#15978);
#13222=AXIS2_PLACEMENT_3D('',#20108,#15980,#15981);
#13223=AXIS2_PLACEMENT_3D('',#20111,#15984,#15985);
#13224=AXIS2_PLACEMENT_3D('',#20113,#15987,#15988);
#13225=AXIS2_PLACEMENT_3D('',#20116,#15991,#15992);
#13226=AXIS2_PLACEMENT_3D('',#20118,#15994,#15995);
#13227=AXIS2_PLACEMENT_3D('',#20120,#15997,#15998);
#13228=AXIS2_PLACEMENT_3D('',#20122,#16000,#16001);
#13229=AXIS2_PLACEMENT_3D('',#20124,#16003,#16004);
#13230=AXIS2_PLACEMENT_3D('',#20126,#16006,#16007);
#13231=AXIS2_PLACEMENT_3D('',#20128,#16009,#16010);
#13232=AXIS2_PLACEMENT_3D('',#20130,#16012,#16013);
#13233=AXIS2_PLACEMENT_3D('',#20132,#16015,#16016);
#13234=AXIS2_PLACEMENT_3D('',#20134,#16018,#16019);
#13235=AXIS2_PLACEMENT_3D('',#20135,#16020,#16021);
#13236=AXIS2_PLACEMENT_3D('',#20137,#16023,#16024);
#13237=AXIS2_PLACEMENT_3D('',#20138,#16025,#16026);
#13238=AXIS2_PLACEMENT_3D('',#20139,#16027,#16028);
#13239=AXIS2_PLACEMENT_3D('',#20140,#16029,#16030);
#13240=AXIS2_PLACEMENT_3D('',#20141,#16031,#16032);
#13241=AXIS2_PLACEMENT_3D('',#20143,#16034,#16035);
#13242=AXIS2_PLACEMENT_3D('',#20144,#16036,#16037);
#13243=AXIS2_PLACEMENT_3D('',#20146,#16039,#16040);
#13244=AXIS2_PLACEMENT_3D('',#20148,#16042,#16043);
#13245=AXIS2_PLACEMENT_3D('',#20150,#16045,#16046);
#13246=AXIS2_PLACEMENT_3D('',#20152,#16048,#16049);
#13247=AXIS2_PLACEMENT_3D('',#20154,#16051,#16052);
#13248=AXIS2_PLACEMENT_3D('',#20156,#16054,#16055);
#13249=AXIS2_PLACEMENT_3D('',#20158,#16057,#16058);
#13250=AXIS2_PLACEMENT_3D('',#20160,#16060,#16061);
#13251=AXIS2_PLACEMENT_3D('',#20161,#16062,#16063);
#13252=AXIS2_PLACEMENT_3D('',#20163,#16065,#16066);
#13253=AXIS2_PLACEMENT_3D('',#20165,#16068,#16069);
#13254=AXIS2_PLACEMENT_3D('',#20167,#16071,#16072);
#13255=AXIS2_PLACEMENT_3D('',#20169,#16074,#16075);
#13256=AXIS2_PLACEMENT_3D('',#20170,#16076,#16077);
#13257=AXIS2_PLACEMENT_3D('',#20171,#16078,#16079);
#13258=AXIS2_PLACEMENT_3D('',#20172,#16080,#16081);
#13259=AXIS2_PLACEMENT_3D('',#20174,#16083,#16084);
#13260=AXIS2_PLACEMENT_3D('',#20176,#16086,#16087);
#13261=AXIS2_PLACEMENT_3D('',#20178,#16089,#16090);
#13262=AXIS2_PLACEMENT_3D('',#20180,#16092,#16093);
#13263=AXIS2_PLACEMENT_3D('',#20181,#16094,#16095);
#13264=AXIS2_PLACEMENT_3D('',#20183,#16097,#16098);
#13265=AXIS2_PLACEMENT_3D('',#20185,#16100,#16101);
#13266=AXIS2_PLACEMENT_3D('',#20187,#16103,#16104);
#13267=AXIS2_PLACEMENT_3D('',#20189,#16106,#16107);
#13268=AXIS2_PLACEMENT_3D('',#20191,#16109,#16110);
#13269=AXIS2_PLACEMENT_3D('',#20193,#16112,#16113);
#13270=AXIS2_PLACEMENT_3D('',#20194,#16114,#16115);
#13271=AXIS2_PLACEMENT_3D('',#20195,#16116,#16117);
#13272=AXIS2_PLACEMENT_3D('',#20196,#16118,#16119);
#13273=AXIS2_PLACEMENT_3D('',#20197,#16120,#16121);
#13274=AXIS2_PLACEMENT_3D('',#20198,#16122,#16123);
#13275=AXIS2_PLACEMENT_3D('',#20199,#16124,#16125);
#13276=AXIS2_PLACEMENT_3D('',#20201,#16127,#16128);
#13277=AXIS2_PLACEMENT_3D('',#20202,#16129,#16130);
#13278=AXIS2_PLACEMENT_3D('',#20203,#16131,#16132);
#13279=AXIS2_PLACEMENT_3D('',#20205,#16134,#16135);
#13280=AXIS2_PLACEMENT_3D('',#20208,#16138,#16139);
#13281=AXIS2_PLACEMENT_3D('',#20210,#16141,#16142);
#13282=AXIS2_PLACEMENT_3D('',#20212,#16144,#16145);
#13283=AXIS2_PLACEMENT_3D('',#20214,#16147,#16148);
#13284=AXIS2_PLACEMENT_3D('',#20216,#16150,#16151);
#13285=AXIS2_PLACEMENT_3D('',#20218,#16153,#16154);
#13286=AXIS2_PLACEMENT_3D('',#20220,#16156,#16157);
#13287=AXIS2_PLACEMENT_3D('',#20221,#16158,#16159);
#13288=AXIS2_PLACEMENT_3D('',#20224,#16162,#16163);
#13289=AXIS2_PLACEMENT_3D('',#20226,#16165,#16166);
#13290=AXIS2_PLACEMENT_3D('',#20228,#16168,#16169);
#13291=AXIS2_PLACEMENT_3D('',#20230,#16171,#16172);
#13292=AXIS2_PLACEMENT_3D('',#20232,#16174,#16175);
#13293=AXIS2_PLACEMENT_3D('',#20234,#16177,#16178);
#13294=AXIS2_PLACEMENT_3D('',#20236,#16180,#16181);
#13295=AXIS2_PLACEMENT_3D('',#20237,#16182,#16183);
#13296=AXIS2_PLACEMENT_3D('',#20240,#16186,#16187);
#13297=AXIS2_PLACEMENT_3D('',#20242,#16189,#16190);
#13298=AXIS2_PLACEMENT_3D('',#20244,#16192,#16193);
#13299=AXIS2_PLACEMENT_3D('',#20246,#16195,#16196);
#13300=AXIS2_PLACEMENT_3D('',#20248,#16198,#16199);
#13301=AXIS2_PLACEMENT_3D('',#20250,#16201,#16202);
#13302=AXIS2_PLACEMENT_3D('',#20252,#16204,#16205);
#13303=AXIS2_PLACEMENT_3D('',#20253,#16206,#16207);
#13304=AXIS2_PLACEMENT_3D('',#20256,#16210,#16211);
#13305=AXIS2_PLACEMENT_3D('',#20258,#16213,#16214);
#13306=AXIS2_PLACEMENT_3D('',#20260,#16216,#16217);
#13307=AXIS2_PLACEMENT_3D('',#20262,#16219,#16220);
#13308=AXIS2_PLACEMENT_3D('',#20264,#16222,#16223);
#13309=AXIS2_PLACEMENT_3D('',#20266,#16225,#16226);
#13310=AXIS2_PLACEMENT_3D('',#20268,#16228,#16229);
#13311=AXIS2_PLACEMENT_3D('',#20269,#16230,#16231);
#13312=AXIS2_PLACEMENT_3D('',#20272,#16234,#16235);
#13313=AXIS2_PLACEMENT_3D('',#20274,#16237,#16238);
#13314=AXIS2_PLACEMENT_3D('',#20276,#16240,#16241);
#13315=AXIS2_PLACEMENT_3D('',#20278,#16243,#16244);
#13316=AXIS2_PLACEMENT_3D('',#20280,#16246,#16247);
#13317=AXIS2_PLACEMENT_3D('',#20282,#16249,#16250);
#13318=AXIS2_PLACEMENT_3D('',#20284,#16252,#16253);
#13319=AXIS2_PLACEMENT_3D('',#20285,#16254,#16255);
#13320=AXIS2_PLACEMENT_3D('',#20288,#16258,#16259);
#13321=AXIS2_PLACEMENT_3D('',#20290,#16261,#16262);
#13322=AXIS2_PLACEMENT_3D('',#20292,#16264,#16265);
#13323=AXIS2_PLACEMENT_3D('',#20294,#16267,#16268);
#13324=AXIS2_PLACEMENT_3D('',#20296,#16270,#16271);
#13325=AXIS2_PLACEMENT_3D('',#20298,#16273,#16274);
#13326=AXIS2_PLACEMENT_3D('',#20300,#16276,#16277);
#13327=AXIS2_PLACEMENT_3D('',#20301,#16278,#16279);
#13328=AXIS2_PLACEMENT_3D('',#20304,#16282,#16283);
#13329=AXIS2_PLACEMENT_3D('',#20306,#16285,#16286);
#13330=AXIS2_PLACEMENT_3D('',#20308,#16288,#16289);
#13331=AXIS2_PLACEMENT_3D('',#20310,#16291,#16292);
#13332=AXIS2_PLACEMENT_3D('',#20312,#16294,#16295);
#13333=AXIS2_PLACEMENT_3D('',#20314,#16297,#16298);
#13334=AXIS2_PLACEMENT_3D('',#20316,#16300,#16301);
#13335=AXIS2_PLACEMENT_3D('',#20317,#16302,#16303);
#13336=AXIS2_PLACEMENT_3D('',#20320,#16306,#16307);
#13337=AXIS2_PLACEMENT_3D('',#20322,#16309,#16310);
#13338=AXIS2_PLACEMENT_3D('',#20324,#16312,#16313);
#13339=AXIS2_PLACEMENT_3D('',#20326,#16315,#16316);
#13340=AXIS2_PLACEMENT_3D('',#20328,#16318,#16319);
#13341=AXIS2_PLACEMENT_3D('',#20330,#16321,#16322);
#13342=AXIS2_PLACEMENT_3D('',#20332,#16324,#16325);
#13343=AXIS2_PLACEMENT_3D('',#20333,#16326,#16327);
#13344=AXIS2_PLACEMENT_3D('',#20336,#16330,#16331);
#13345=AXIS2_PLACEMENT_3D('',#20338,#16333,#16334);
#13346=AXIS2_PLACEMENT_3D('',#20340,#16336,#16337);
#13347=AXIS2_PLACEMENT_3D('',#20342,#16339,#16340);
#13348=AXIS2_PLACEMENT_3D('',#20344,#16342,#16343);
#13349=AXIS2_PLACEMENT_3D('',#20346,#16345,#16346);
#13350=AXIS2_PLACEMENT_3D('',#20348,#16348,#16349);
#13351=AXIS2_PLACEMENT_3D('',#20349,#16350,#16351);
#13352=AXIS2_PLACEMENT_3D('',#20352,#16354,#16355);
#13353=AXIS2_PLACEMENT_3D('',#20354,#16357,#16358);
#13354=AXIS2_PLACEMENT_3D('',#20356,#16360,#16361);
#13355=AXIS2_PLACEMENT_3D('',#20358,#16363,#16364);
#13356=AXIS2_PLACEMENT_3D('',#20360,#16366,#16367);
#13357=AXIS2_PLACEMENT_3D('',#20362,#16369,#16370);
#13358=AXIS2_PLACEMENT_3D('',#20364,#16372,#16373);
#13359=AXIS2_PLACEMENT_3D('',#20365,#16374,#16375);
#13360=AXIS2_PLACEMENT_3D('',#20368,#16378,#16379);
#13361=AXIS2_PLACEMENT_3D('',#20370,#16381,#16382);
#13362=AXIS2_PLACEMENT_3D('',#20372,#16384,#16385);
#13363=AXIS2_PLACEMENT_3D('',#20374,#16387,#16388);
#13364=AXIS2_PLACEMENT_3D('',#20376,#16390,#16391);
#13365=AXIS2_PLACEMENT_3D('',#20378,#16393,#16394);
#13366=AXIS2_PLACEMENT_3D('',#20380,#16396,#16397);
#13367=AXIS2_PLACEMENT_3D('',#20381,#16398,#16399);
#13368=AXIS2_PLACEMENT_3D('',#20384,#16402,#16403);
#13369=AXIS2_PLACEMENT_3D('',#20386,#16405,#16406);
#13370=AXIS2_PLACEMENT_3D('',#20388,#16408,#16409);
#13371=AXIS2_PLACEMENT_3D('',#20390,#16411,#16412);
#13372=AXIS2_PLACEMENT_3D('',#20392,#16414,#16415);
#13373=AXIS2_PLACEMENT_3D('',#20394,#16417,#16418);
#13374=AXIS2_PLACEMENT_3D('',#20396,#16420,#16421);
#13375=AXIS2_PLACEMENT_3D('',#20397,#16422,#16423);
#13376=AXIS2_PLACEMENT_3D('',#20400,#16426,#16427);
#13377=AXIS2_PLACEMENT_3D('',#20402,#16429,#16430);
#13378=AXIS2_PLACEMENT_3D('',#20404,#16432,#16433);
#13379=AXIS2_PLACEMENT_3D('',#20406,#16435,#16436);
#13380=AXIS2_PLACEMENT_3D('',#20408,#16438,#16439);
#13381=AXIS2_PLACEMENT_3D('',#20410,#16441,#16442);
#13382=AXIS2_PLACEMENT_3D('',#20412,#16444,#16445);
#13383=AXIS2_PLACEMENT_3D('',#20413,#16446,#16447);
#13384=AXIS2_PLACEMENT_3D('',#20416,#16450,#16451);
#13385=AXIS2_PLACEMENT_3D('',#20418,#16453,#16454);
#13386=AXIS2_PLACEMENT_3D('',#20420,#16456,#16457);
#13387=AXIS2_PLACEMENT_3D('',#20422,#16459,#16460);
#13388=AXIS2_PLACEMENT_3D('',#20424,#16462,#16463);
#13389=AXIS2_PLACEMENT_3D('',#20426,#16465,#16466);
#13390=AXIS2_PLACEMENT_3D('',#20428,#16468,#16469);
#13391=AXIS2_PLACEMENT_3D('',#20429,#16470,#16471);
#13392=AXIS2_PLACEMENT_3D('',#20432,#16474,#16475);
#13393=AXIS2_PLACEMENT_3D('',#20434,#16477,#16478);
#13394=AXIS2_PLACEMENT_3D('',#20436,#16480,#16481);
#13395=AXIS2_PLACEMENT_3D('',#20438,#16483,#16484);
#13396=AXIS2_PLACEMENT_3D('',#20440,#16486,#16487);
#13397=AXIS2_PLACEMENT_3D('',#20442,#16489,#16490);
#13398=AXIS2_PLACEMENT_3D('',#20444,#16492,#16493);
#13399=AXIS2_PLACEMENT_3D('',#20445,#16494,#16495);
#13400=AXIS2_PLACEMENT_3D('',#20448,#16498,#16499);
#13401=AXIS2_PLACEMENT_3D('',#20450,#16501,#16502);
#13402=AXIS2_PLACEMENT_3D('',#20452,#16504,#16505);
#13403=AXIS2_PLACEMENT_3D('',#20454,#16507,#16508);
#13404=AXIS2_PLACEMENT_3D('',#20456,#16510,#16511);
#13405=AXIS2_PLACEMENT_3D('',#20458,#16513,#16514);
#13406=AXIS2_PLACEMENT_3D('',#20460,#16516,#16517);
#13407=AXIS2_PLACEMENT_3D('',#20461,#16518,#16519);
#13408=AXIS2_PLACEMENT_3D('',#20464,#16522,#16523);
#13409=AXIS2_PLACEMENT_3D('',#20466,#16525,#16526);
#13410=AXIS2_PLACEMENT_3D('',#20468,#16528,#16529);
#13411=AXIS2_PLACEMENT_3D('',#20470,#16531,#16532);
#13412=AXIS2_PLACEMENT_3D('',#20472,#16534,#16535);
#13413=AXIS2_PLACEMENT_3D('',#20474,#16537,#16538);
#13414=AXIS2_PLACEMENT_3D('',#20476,#16540,#16541);
#13415=AXIS2_PLACEMENT_3D('',#20477,#16542,#16543);
#13416=AXIS2_PLACEMENT_3D('',#20480,#16546,#16547);
#13417=AXIS2_PLACEMENT_3D('',#20482,#16549,#16550);
#13418=AXIS2_PLACEMENT_3D('',#20484,#16552,#16553);
#13419=AXIS2_PLACEMENT_3D('',#20486,#16555,#16556);
#13420=AXIS2_PLACEMENT_3D('',#20488,#16558,#16559);
#13421=AXIS2_PLACEMENT_3D('',#20490,#16561,#16562);
#13422=AXIS2_PLACEMENT_3D('',#20492,#16564,#16565);
#13423=AXIS2_PLACEMENT_3D('',#20493,#16566,#16567);
#13424=AXIS2_PLACEMENT_3D('',#20496,#16570,#16571);
#13425=AXIS2_PLACEMENT_3D('',#20498,#16573,#16574);
#13426=AXIS2_PLACEMENT_3D('',#20500,#16576,#16577);
#13427=AXIS2_PLACEMENT_3D('',#20502,#16579,#16580);
#13428=AXIS2_PLACEMENT_3D('',#20504,#16582,#16583);
#13429=AXIS2_PLACEMENT_3D('',#20506,#16585,#16586);
#13430=AXIS2_PLACEMENT_3D('',#20508,#16588,#16589);
#13431=AXIS2_PLACEMENT_3D('',#20509,#16590,#16591);
#13432=AXIS2_PLACEMENT_3D('',#20512,#16594,#16595);
#13433=AXIS2_PLACEMENT_3D('',#20514,#16597,#16598);
#13434=AXIS2_PLACEMENT_3D('',#20516,#16600,#16601);
#13435=AXIS2_PLACEMENT_3D('',#20518,#16603,#16604);
#13436=AXIS2_PLACEMENT_3D('',#20520,#16606,#16607);
#13437=AXIS2_PLACEMENT_3D('',#20522,#16609,#16610);
#13438=AXIS2_PLACEMENT_3D('',#20524,#16612,#16613);
#13439=AXIS2_PLACEMENT_3D('',#20525,#16614,#16615);
#13440=AXIS2_PLACEMENT_3D('',#20528,#16618,#16619);
#13441=AXIS2_PLACEMENT_3D('',#20530,#16621,#16622);
#13442=AXIS2_PLACEMENT_3D('',#20532,#16624,#16625);
#13443=AXIS2_PLACEMENT_3D('',#20534,#16627,#16628);
#13444=AXIS2_PLACEMENT_3D('',#20536,#16630,#16631);
#13445=AXIS2_PLACEMENT_3D('',#20538,#16633,#16634);
#13446=AXIS2_PLACEMENT_3D('',#20540,#16636,#16637);
#13447=AXIS2_PLACEMENT_3D('',#20541,#16638,#16639);
#13448=AXIS2_PLACEMENT_3D('',#20544,#16642,#16643);
#13449=AXIS2_PLACEMENT_3D('',#20546,#16645,#16646);
#13450=AXIS2_PLACEMENT_3D('',#20548,#16648,#16649);
#13451=AXIS2_PLACEMENT_3D('',#20550,#16651,#16652);
#13452=AXIS2_PLACEMENT_3D('',#20552,#16654,#16655);
#13453=AXIS2_PLACEMENT_3D('',#20554,#16657,#16658);
#13454=AXIS2_PLACEMENT_3D('',#20556,#16660,#16661);
#13455=AXIS2_PLACEMENT_3D('',#20557,#16662,#16663);
#13456=AXIS2_PLACEMENT_3D('',#20560,#16666,#16667);
#13457=AXIS2_PLACEMENT_3D('',#20562,#16669,#16670);
#13458=AXIS2_PLACEMENT_3D('',#20564,#16672,#16673);
#13459=AXIS2_PLACEMENT_3D('',#20566,#16675,#16676);
#13460=AXIS2_PLACEMENT_3D('',#20568,#16678,#16679);
#13461=AXIS2_PLACEMENT_3D('',#20570,#16681,#16682);
#13462=AXIS2_PLACEMENT_3D('',#20572,#16684,#16685);
#13463=AXIS2_PLACEMENT_3D('',#20573,#16686,#16687);
#13464=AXIS2_PLACEMENT_3D('',#20576,#16690,#16691);
#13465=AXIS2_PLACEMENT_3D('',#20578,#16693,#16694);
#13466=AXIS2_PLACEMENT_3D('',#20580,#16696,#16697);
#13467=AXIS2_PLACEMENT_3D('',#20582,#16699,#16700);
#13468=AXIS2_PLACEMENT_3D('',#20584,#16702,#16703);
#13469=AXIS2_PLACEMENT_3D('',#20586,#16705,#16706);
#13470=AXIS2_PLACEMENT_3D('',#20588,#16708,#16709);
#13471=AXIS2_PLACEMENT_3D('',#20589,#16710,#16711);
#13472=AXIS2_PLACEMENT_3D('',#20592,#16714,#16715);
#13473=AXIS2_PLACEMENT_3D('',#20594,#16717,#16718);
#13474=AXIS2_PLACEMENT_3D('',#20596,#16720,#16721);
#13475=AXIS2_PLACEMENT_3D('',#20598,#16723,#16724);
#13476=AXIS2_PLACEMENT_3D('',#20600,#16726,#16727);
#13477=AXIS2_PLACEMENT_3D('',#20602,#16729,#16730);
#13478=AXIS2_PLACEMENT_3D('',#20604,#16732,#16733);
#13479=AXIS2_PLACEMENT_3D('',#20605,#16734,#16735);
#13480=AXIS2_PLACEMENT_3D('',#20608,#16738,#16739);
#13481=AXIS2_PLACEMENT_3D('',#20610,#16741,#16742);
#13482=AXIS2_PLACEMENT_3D('',#20612,#16744,#16745);
#13483=AXIS2_PLACEMENT_3D('',#20614,#16747,#16748);
#13484=AXIS2_PLACEMENT_3D('',#20616,#16750,#16751);
#13485=AXIS2_PLACEMENT_3D('',#20618,#16753,#16754);
#13486=AXIS2_PLACEMENT_3D('',#20620,#16756,#16757);
#13487=AXIS2_PLACEMENT_3D('',#20621,#16758,#16759);
#13488=AXIS2_PLACEMENT_3D('',#20624,#16762,#16763);
#13489=AXIS2_PLACEMENT_3D('',#20626,#16765,#16766);
#13490=AXIS2_PLACEMENT_3D('',#20628,#16768,#16769);
#13491=AXIS2_PLACEMENT_3D('',#20630,#16771,#16772);
#13492=AXIS2_PLACEMENT_3D('',#20632,#16774,#16775);
#13493=AXIS2_PLACEMENT_3D('',#20634,#16777,#16778);
#13494=AXIS2_PLACEMENT_3D('',#20636,#16780,#16781);
#13495=AXIS2_PLACEMENT_3D('',#20637,#16782,#16783);
#13496=AXIS2_PLACEMENT_3D('',#20640,#16786,#16787);
#13497=AXIS2_PLACEMENT_3D('',#20642,#16789,#16790);
#13498=AXIS2_PLACEMENT_3D('',#20644,#16792,#16793);
#13499=AXIS2_PLACEMENT_3D('',#20646,#16795,#16796);
#13500=AXIS2_PLACEMENT_3D('',#20648,#16798,#16799);
#13501=AXIS2_PLACEMENT_3D('',#20650,#16801,#16802);
#13502=AXIS2_PLACEMENT_3D('',#20652,#16804,#16805);
#13503=AXIS2_PLACEMENT_3D('',#20653,#16806,#16807);
#13504=AXIS2_PLACEMENT_3D('',#20656,#16810,#16811);
#13505=AXIS2_PLACEMENT_3D('',#20658,#16813,#16814);
#13506=AXIS2_PLACEMENT_3D('',#20660,#16816,#16817);
#13507=AXIS2_PLACEMENT_3D('',#20662,#16819,#16820);
#13508=AXIS2_PLACEMENT_3D('',#20664,#16822,#16823);
#13509=AXIS2_PLACEMENT_3D('',#20666,#16825,#16826);
#13510=AXIS2_PLACEMENT_3D('',#20668,#16828,#16829);
#13511=AXIS2_PLACEMENT_3D('',#20669,#16830,#16831);
#13512=AXIS2_PLACEMENT_3D('',#20672,#16834,#16835);
#13513=AXIS2_PLACEMENT_3D('',#20674,#16837,#16838);
#13514=AXIS2_PLACEMENT_3D('',#20676,#16840,#16841);
#13515=AXIS2_PLACEMENT_3D('',#20678,#16843,#16844);
#13516=AXIS2_PLACEMENT_3D('',#20680,#16846,#16847);
#13517=AXIS2_PLACEMENT_3D('',#20682,#16849,#16850);
#13518=AXIS2_PLACEMENT_3D('',#20684,#16852,#16853);
#13519=AXIS2_PLACEMENT_3D('',#20685,#16854,#16855);
#13520=AXIS2_PLACEMENT_3D('',#20688,#16858,#16859);
#13521=AXIS2_PLACEMENT_3D('',#20690,#16861,#16862);
#13522=AXIS2_PLACEMENT_3D('',#20692,#16864,#16865);
#13523=AXIS2_PLACEMENT_3D('',#20694,#16867,#16868);
#13524=AXIS2_PLACEMENT_3D('',#20696,#16870,#16871);
#13525=AXIS2_PLACEMENT_3D('',#20698,#16873,#16874);
#13526=AXIS2_PLACEMENT_3D('',#20700,#16876,#16877);
#13527=AXIS2_PLACEMENT_3D('',#20701,#16878,#16879);
#13528=AXIS2_PLACEMENT_3D('',#20704,#16882,#16883);
#13529=AXIS2_PLACEMENT_3D('',#20706,#16885,#16886);
#13530=AXIS2_PLACEMENT_3D('',#20708,#16888,#16889);
#13531=AXIS2_PLACEMENT_3D('',#20710,#16891,#16892);
#13532=AXIS2_PLACEMENT_3D('',#20712,#16894,#16895);
#13533=AXIS2_PLACEMENT_3D('',#20714,#16897,#16898);
#13534=AXIS2_PLACEMENT_3D('',#20716,#16900,#16901);
#13535=AXIS2_PLACEMENT_3D('',#20717,#16902,#16903);
#13536=AXIS2_PLACEMENT_3D('',#20720,#16906,#16907);
#13537=AXIS2_PLACEMENT_3D('',#20722,#16909,#16910);
#13538=AXIS2_PLACEMENT_3D('',#20724,#16912,#16913);
#13539=AXIS2_PLACEMENT_3D('',#20726,#16915,#16916);
#13540=AXIS2_PLACEMENT_3D('',#20728,#16918,#16919);
#13541=AXIS2_PLACEMENT_3D('',#20730,#16921,#16922);
#13542=AXIS2_PLACEMENT_3D('',#20732,#16924,#16925);
#13543=AXIS2_PLACEMENT_3D('',#20733,#16926,#16927);
#13544=AXIS2_PLACEMENT_3D('',#20736,#16930,#16931);
#13545=AXIS2_PLACEMENT_3D('',#20738,#16933,#16934);
#13546=AXIS2_PLACEMENT_3D('',#20740,#16936,#16937);
#13547=AXIS2_PLACEMENT_3D('',#20742,#16939,#16940);
#13548=AXIS2_PLACEMENT_3D('',#20744,#16942,#16943);
#13549=AXIS2_PLACEMENT_3D('',#20746,#16945,#16946);
#13550=AXIS2_PLACEMENT_3D('',#20748,#16948,#16949);
#13551=AXIS2_PLACEMENT_3D('',#20749,#16950,#16951);
#13552=AXIS2_PLACEMENT_3D('',#20752,#16954,#16955);
#13553=AXIS2_PLACEMENT_3D('',#20754,#16957,#16958);
#13554=AXIS2_PLACEMENT_3D('',#20756,#16960,#16961);
#13555=AXIS2_PLACEMENT_3D('',#20758,#16963,#16964);
#13556=AXIS2_PLACEMENT_3D('',#20760,#16966,#16967);
#13557=AXIS2_PLACEMENT_3D('',#20762,#16969,#16970);
#13558=AXIS2_PLACEMENT_3D('',#20764,#16972,#16973);
#13559=AXIS2_PLACEMENT_3D('',#20765,#16974,#16975);
#13560=AXIS2_PLACEMENT_3D('',#20768,#16978,#16979);
#13561=AXIS2_PLACEMENT_3D('',#20770,#16981,#16982);
#13562=AXIS2_PLACEMENT_3D('',#20772,#16984,#16985);
#13563=AXIS2_PLACEMENT_3D('',#20774,#16987,#16988);
#13564=AXIS2_PLACEMENT_3D('',#20776,#16990,#16991);
#13565=AXIS2_PLACEMENT_3D('',#20778,#16993,#16994);
#13566=AXIS2_PLACEMENT_3D('',#20780,#16996,#16997);
#13567=AXIS2_PLACEMENT_3D('',#20781,#16998,#16999);
#13568=AXIS2_PLACEMENT_3D('',#20784,#17002,#17003);
#13569=AXIS2_PLACEMENT_3D('',#20786,#17005,#17006);
#13570=AXIS2_PLACEMENT_3D('',#20788,#17008,#17009);
#13571=AXIS2_PLACEMENT_3D('',#20790,#17011,#17012);
#13572=AXIS2_PLACEMENT_3D('',#20792,#17014,#17015);
#13573=AXIS2_PLACEMENT_3D('',#20794,#17017,#17018);
#13574=AXIS2_PLACEMENT_3D('',#20796,#17020,#17021);
#13575=AXIS2_PLACEMENT_3D('',#20797,#17022,#17023);
#13576=AXIS2_PLACEMENT_3D('',#20800,#17026,#17027);
#13577=AXIS2_PLACEMENT_3D('',#20802,#17029,#17030);
#13578=AXIS2_PLACEMENT_3D('',#20804,#17032,#17033);
#13579=AXIS2_PLACEMENT_3D('',#20806,#17035,#17036);
#13580=AXIS2_PLACEMENT_3D('',#20808,#17038,#17039);
#13581=AXIS2_PLACEMENT_3D('',#20810,#17041,#17042);
#13582=AXIS2_PLACEMENT_3D('',#20812,#17044,#17045);
#13583=AXIS2_PLACEMENT_3D('',#20813,#17046,#17047);
#13584=AXIS2_PLACEMENT_3D('',#20816,#17050,#17051);
#13585=AXIS2_PLACEMENT_3D('',#20818,#17053,#17054);
#13586=AXIS2_PLACEMENT_3D('',#20820,#17056,#17057);
#13587=AXIS2_PLACEMENT_3D('',#20822,#17059,#17060);
#13588=AXIS2_PLACEMENT_3D('',#20824,#17062,#17063);
#13589=AXIS2_PLACEMENT_3D('',#20826,#17065,#17066);
#13590=AXIS2_PLACEMENT_3D('',#20828,#17068,#17069);
#13591=AXIS2_PLACEMENT_3D('',#20829,#17070,#17071);
#13592=AXIS2_PLACEMENT_3D('',#20832,#17074,#17075);
#13593=AXIS2_PLACEMENT_3D('',#20834,#17077,#17078);
#13594=AXIS2_PLACEMENT_3D('',#20836,#17080,#17081);
#13595=AXIS2_PLACEMENT_3D('',#20838,#17083,#17084);
#13596=AXIS2_PLACEMENT_3D('',#20840,#17086,#17087);
#13597=AXIS2_PLACEMENT_3D('',#20842,#17089,#17090);
#13598=AXIS2_PLACEMENT_3D('',#20844,#17092,#17093);
#13599=AXIS2_PLACEMENT_3D('',#20845,#17094,#17095);
#13600=AXIS2_PLACEMENT_3D('',#20848,#17098,#17099);
#13601=AXIS2_PLACEMENT_3D('',#20850,#17101,#17102);
#13602=AXIS2_PLACEMENT_3D('',#20852,#17104,#17105);
#13603=AXIS2_PLACEMENT_3D('',#20854,#17107,#17108);
#13604=AXIS2_PLACEMENT_3D('',#20856,#17110,#17111);
#13605=AXIS2_PLACEMENT_3D('',#20858,#17113,#17114);
#13606=AXIS2_PLACEMENT_3D('',#20860,#17116,#17117);
#13607=AXIS2_PLACEMENT_3D('',#20861,#17118,#17119);
#13608=AXIS2_PLACEMENT_3D('',#20864,#17122,#17123);
#13609=AXIS2_PLACEMENT_3D('',#20866,#17125,#17126);
#13610=AXIS2_PLACEMENT_3D('',#20868,#17128,#17129);
#13611=AXIS2_PLACEMENT_3D('',#20870,#17131,#17132);
#13612=AXIS2_PLACEMENT_3D('',#20872,#17134,#17135);
#13613=AXIS2_PLACEMENT_3D('',#20874,#17137,#17138);
#13614=AXIS2_PLACEMENT_3D('',#20876,#17140,#17141);
#13615=AXIS2_PLACEMENT_3D('',#20877,#17142,#17143);
#13616=AXIS2_PLACEMENT_3D('',#20880,#17146,#17147);
#13617=AXIS2_PLACEMENT_3D('',#20882,#17149,#17150);
#13618=AXIS2_PLACEMENT_3D('',#20884,#17152,#17153);
#13619=AXIS2_PLACEMENT_3D('',#20886,#17155,#17156);
#13620=AXIS2_PLACEMENT_3D('',#20888,#17158,#17159);
#13621=AXIS2_PLACEMENT_3D('',#20890,#17161,#17162);
#13622=AXIS2_PLACEMENT_3D('',#20892,#17164,#17165);
#13623=AXIS2_PLACEMENT_3D('',#20893,#17166,#17167);
#13624=AXIS2_PLACEMENT_3D('',#20896,#17170,#17171);
#13625=AXIS2_PLACEMENT_3D('',#20898,#17173,#17174);
#13626=AXIS2_PLACEMENT_3D('',#20900,#17176,#17177);
#13627=AXIS2_PLACEMENT_3D('',#20902,#17179,#17180);
#13628=AXIS2_PLACEMENT_3D('',#20904,#17182,#17183);
#13629=AXIS2_PLACEMENT_3D('',#20906,#17185,#17186);
#13630=AXIS2_PLACEMENT_3D('',#20908,#17188,#17189);
#13631=AXIS2_PLACEMENT_3D('',#20909,#17190,#17191);
#13632=AXIS2_PLACEMENT_3D('',#20912,#17194,#17195);
#13633=AXIS2_PLACEMENT_3D('',#20914,#17197,#17198);
#13634=AXIS2_PLACEMENT_3D('',#20916,#17200,#17201);
#13635=AXIS2_PLACEMENT_3D('',#20918,#17203,#17204);
#13636=AXIS2_PLACEMENT_3D('',#20920,#17206,#17207);
#13637=AXIS2_PLACEMENT_3D('',#20922,#17209,#17210);
#13638=AXIS2_PLACEMENT_3D('',#20924,#17212,#17213);
#13639=AXIS2_PLACEMENT_3D('',#20925,#17214,#17215);
#13640=AXIS2_PLACEMENT_3D('',#20928,#17218,#17219);
#13641=AXIS2_PLACEMENT_3D('',#20930,#17221,#17222);
#13642=AXIS2_PLACEMENT_3D('',#20932,#17224,#17225);
#13643=AXIS2_PLACEMENT_3D('',#20934,#17227,#17228);
#13644=AXIS2_PLACEMENT_3D('',#20936,#17230,#17231);
#13645=AXIS2_PLACEMENT_3D('',#20938,#17233,#17234);
#13646=AXIS2_PLACEMENT_3D('',#20940,#17236,#17237);
#13647=AXIS2_PLACEMENT_3D('',#20941,#17238,#17239);
#13648=AXIS2_PLACEMENT_3D('',#20944,#17242,#17243);
#13649=AXIS2_PLACEMENT_3D('',#20946,#17245,#17246);
#13650=AXIS2_PLACEMENT_3D('',#20948,#17248,#17249);
#13651=AXIS2_PLACEMENT_3D('',#20950,#17251,#17252);
#13652=AXIS2_PLACEMENT_3D('',#20952,#17254,#17255);
#13653=AXIS2_PLACEMENT_3D('',#20954,#17257,#17258);
#13654=AXIS2_PLACEMENT_3D('',#20956,#17260,#17261);
#13655=AXIS2_PLACEMENT_3D('',#20957,#17262,#17263);
#13656=AXIS2_PLACEMENT_3D('',#20960,#17266,#17267);
#13657=AXIS2_PLACEMENT_3D('',#20962,#17269,#17270);
#13658=AXIS2_PLACEMENT_3D('',#20964,#17272,#17273);
#13659=AXIS2_PLACEMENT_3D('',#20966,#17275,#17276);
#13660=AXIS2_PLACEMENT_3D('',#20968,#17278,#17279);
#13661=AXIS2_PLACEMENT_3D('',#20970,#17281,#17282);
#13662=AXIS2_PLACEMENT_3D('',#20972,#17284,#17285);
#13663=AXIS2_PLACEMENT_3D('',#20973,#17286,#17287);
#13664=AXIS2_PLACEMENT_3D('',#20976,#17290,#17291);
#13665=AXIS2_PLACEMENT_3D('',#20978,#17293,#17294);
#13666=AXIS2_PLACEMENT_3D('',#20980,#17296,#17297);
#13667=AXIS2_PLACEMENT_3D('',#20982,#17299,#17300);
#13668=AXIS2_PLACEMENT_3D('',#20984,#17302,#17303);
#13669=AXIS2_PLACEMENT_3D('',#20986,#17305,#17306);
#13670=AXIS2_PLACEMENT_3D('',#20988,#17308,#17309);
#13671=AXIS2_PLACEMENT_3D('',#20989,#17310,#17311);
#13672=AXIS2_PLACEMENT_3D('',#20992,#17314,#17315);
#13673=AXIS2_PLACEMENT_3D('',#20994,#17317,#17318);
#13674=AXIS2_PLACEMENT_3D('',#20996,#17320,#17321);
#13675=AXIS2_PLACEMENT_3D('',#20998,#17323,#17324);
#13676=AXIS2_PLACEMENT_3D('',#21000,#17326,#17327);
#13677=AXIS2_PLACEMENT_3D('',#21002,#17329,#17330);
#13678=AXIS2_PLACEMENT_3D('',#21004,#17332,#17333);
#13679=AXIS2_PLACEMENT_3D('',#21005,#17334,#17335);
#13680=AXIS2_PLACEMENT_3D('',#21007,#17337,#17338);
#13681=AXIS2_PLACEMENT_3D('',#21008,#17339,#17340);
#13682=AXIS2_PLACEMENT_3D('',#21010,#17342,#17343);
#13683=AXIS2_PLACEMENT_3D('',#21012,#17345,#17346);
#13684=AXIS2_PLACEMENT_3D('',#21013,#17347,#17348);
#13685=AXIS2_PLACEMENT_3D('',#21015,#17350,#17351);
#13686=AXIS2_PLACEMENT_3D('',#21017,#17353,#17354);
#13687=DIRECTION('axis',(0.,0.,1.));
#13688=DIRECTION('refdir',(1.,0.,0.));
#13689=DIRECTION('center_axis',(0.,0.,-1.));
#13690=DIRECTION('ref_axis',(-0.707106781186516,-0.707106781186579,0.));
#13691=DIRECTION('center_axis',(0.,0.,1.));
#13692=DIRECTION('ref_axis',(-0.707106781186516,-0.707106781186579,0.));
#13693=DIRECTION('',(0.,0.,1.));
#13694=DIRECTION('center_axis',(0.,0.,-1.));
#13695=DIRECTION('ref_axis',(-0.707106781186516,-0.707106781186579,0.));
#13696=DIRECTION('',(0.,0.,-1.));
#13697=DIRECTION('center_axis',(-1.,0.,0.));
#13698=DIRECTION('ref_axis',(0.,0.,-1.));
#13699=DIRECTION('',(0.,-1.,0.));
#13700=DIRECTION('',(0.,0.,1.));
#13701=DIRECTION('',(0.,-1.,0.));
#13702=DIRECTION('center_axis',(0.,0.,1.));
#13703=DIRECTION('ref_axis',(1.,0.,0.));
#13704=DIRECTION('',(-1.,0.,0.));
#13705=DIRECTION('center_axis',(0.,0.,-1.));
#13706=DIRECTION('ref_axis',(0.707106781186541,-0.707106781186554,0.));
#13707=DIRECTION('',(0.,-1.,0.));
#13708=DIRECTION('center_axis',(0.,0.,1.));
#13709=DIRECTION('ref_axis',(-0.707106781186552,0.707106781186543,0.));
#13710=DIRECTION('',(1.,0.,0.));
#13711=DIRECTION('center_axis',(0.,0.,1.));
#13712=DIRECTION('ref_axis',(0.707106781186552,0.707106781186543,0.));
#13713=DIRECTION('',(0.,1.,0.));
#13714=DIRECTION('center_axis',(0.,0.,-1.));
#13715=DIRECTION('ref_axis',(-0.707106781186541,-0.707106781186554,0.));
#13716=DIRECTION('',(-1.,0.,0.));
#13717=DIRECTION('center_axis',(0.,0.,-1.));
#13718=DIRECTION('ref_axis',(0.70710678118651,-0.707106781186585,0.));
#13719=DIRECTION('',(0.,-1.,0.));
#13720=DIRECTION('center_axis',(0.,0.,1.));
#13721=DIRECTION('ref_axis',(1.,0.,0.));
#13722=DIRECTION('',(0.,-1.,0.));
#13723=DIRECTION('center_axis',(0.,0.,-1.));
#13724=DIRECTION('ref_axis',(-0.70710678118651,-0.707106781186585,0.));
#13725=DIRECTION('',(-1.,0.,0.));
#13726=DIRECTION('center_axis',(0.,0.,-1.));
#13727=DIRECTION('ref_axis',(0.707106781186541,-0.707106781186554,0.));
#13728=DIRECTION('',(0.,-1.,0.));
#13729=DIRECTION('center_axis',(0.,0.,1.));
#13730=DIRECTION('ref_axis',(-0.707106781186552,0.707106781186543,0.));
#13731=DIRECTION('center_axis',(0.,0.,-1.));
#13732=DIRECTION('ref_axis',(-1.,0.,0.));
#13733=DIRECTION('',(0.,-1.,0.));
#13734=DIRECTION('center_axis',(0.,0.,1.));
#13735=DIRECTION('ref_axis',(-0.707106781186548,0.707106781186548,0.));
#13736=DIRECTION('',(-1.,0.,0.));
#13737=DIRECTION('center_axis',(0.,0.,1.));
#13738=DIRECTION('ref_axis',(0.707106781186573,0.707106781186522,0.));
#13739=DIRECTION('',(0.,1.,0.));
#13740=DIRECTION('center_axis',(0.,0.,-1.));
#13741=DIRECTION('ref_axis',(-0.707106781186543,-0.707106781186552,0.));
#13742=DIRECTION('',(1.,0.,0.));
#13743=DIRECTION('center_axis',(0.,0.,-1.));
#13744=DIRECTION('ref_axis',(0.707106781186543,-0.707106781186552,0.));
#13745=DIRECTION('',(0.,-1.,0.));
#13746=DIRECTION('center_axis',(0.,0.,1.));
#13747=DIRECTION('ref_axis',(-0.707106781186522,0.707106781186573,0.));
#13748=DIRECTION('',(-1.,0.,0.));
#13749=DIRECTION('center_axis',(0.,0.,1.));
#13750=DIRECTION('ref_axis',(0.707106781186573,0.707106781186522,0.));
#13751=DIRECTION('',(0.,1.,0.));
#13752=DIRECTION('center_axis',(0.,0.,-1.));
#13753=DIRECTION('ref_axis',(1.,0.,0.));
#13754=DIRECTION('center_axis',(0.,0.,1.));
#13755=DIRECTION('ref_axis',(0.707106781186548,0.707106781186548,0.));
#13756=DIRECTION('',(0.,1.,0.));
#13757=DIRECTION('center_axis',(0.,0.,-1.));
#13758=DIRECTION('ref_axis',(-0.707106781186548,-0.707106781186548,0.));
#13759=DIRECTION('',(-1.,0.,0.));
#13760=DIRECTION('center_axis',(0.,0.,-1.));
#13761=DIRECTION('ref_axis',(0.707106781186497,-0.707106781186598,0.));
#13762=DIRECTION('',(0.,-1.,0.));
#13763=DIRECTION('center_axis',(0.,0.,1.));
#13764=DIRECTION('ref_axis',(1.,0.,0.));
#13765=DIRECTION('',(0.,-1.,0.));
#13766=DIRECTION('center_axis',(0.,0.,-1.));
#13767=DIRECTION('ref_axis',(-0.707106781186497,-0.707106781186598,0.));
#13768=DIRECTION('',(-1.,0.,0.));
#13769=DIRECTION('center_axis',(0.,0.,-1.));
#13770=DIRECTION('ref_axis',(0.707106781186548,-0.707106781186548,0.));
#13771=DIRECTION('',(0.,-1.,0.));
#13772=DIRECTION('center_axis',(0.,0.,1.));
#13773=DIRECTION('ref_axis',(-0.707106781186548,0.707106781186548,0.));
#13774=DIRECTION('',(1.,0.,0.));
#13775=DIRECTION('center_axis',(0.,0.,1.));
#13776=DIRECTION('ref_axis',(0.707106781186548,0.707106781186548,0.));
#13777=DIRECTION('',(0.,1.,0.));
#13778=DIRECTION('center_axis',(0.,0.,-1.));
#13779=DIRECTION('ref_axis',(-0.707106781186548,-0.707106781186548,0.));
#13780=DIRECTION('',(-1.,0.,0.));
#13781=DIRECTION('center_axis',(0.,0.,-1.));
#13782=DIRECTION('ref_axis',(0.707106781186548,-0.707106781186548,0.));
#13783=DIRECTION('',(0.,-1.,0.));
#13784=DIRECTION('center_axis',(0.,0.,1.));
#13785=DIRECTION('ref_axis',(1.,0.,0.));
#13786=DIRECTION('',(0.,-1.,0.));
#13787=DIRECTION('center_axis',(0.,0.,-1.));
#13788=DIRECTION('ref_axis',(-0.707106781186548,-0.707106781186548,0.));
#13789=DIRECTION('',(-1.,0.,0.));
#13790=DIRECTION('center_axis',(0.,0.,-1.));
#13791=DIRECTION('ref_axis',(0.707106781186548,-0.707106781186548,0.));
#13792=DIRECTION('',(0.,-1.,0.));
#13793=DIRECTION('center_axis',(0.,0.,1.));
#13794=DIRECTION('ref_axis',(-0.707106781186548,0.707106781186548,0.));
#13795=DIRECTION('',(1.,0.,0.));
#13796=DIRECTION('center_axis',(0.,0.,1.));
#13797=DIRECTION('ref_axis',(-3.55271367880045E-14,-1.,0.));
#13798=DIRECTION('',(0.,1.,0.));
#13799=DIRECTION('center_axis',(0.,0.,1.));
#13800=DIRECTION('ref_axis',(1.,1.33226762955017E-14,0.));
#13801=DIRECTION('',(-1.,0.,0.));
#13802=DIRECTION('center_axis',(0.,0.,1.));
#13803=DIRECTION('ref_axis',(-0.707106781186544,-0.707106781186551,0.));
#13804=DIRECTION('',(0.,-1.,0.));
#13805=DIRECTION('center_axis',(0.,0.,-1.));
#13806=DIRECTION('ref_axis',(0.707106781186552,0.707106781186543,0.));
#13807=DIRECTION('',(1.,4.60064070150771E-16,0.));
#13808=DIRECTION('center_axis',(0.,0.,-1.));
#13809=DIRECTION('ref_axis',(-0.707106781186576,0.707106781186519,0.));
#13810=DIRECTION('',(0.,1.,0.));
#13811=DIRECTION('center_axis',(0.,0.,1.));
#13812=DIRECTION('ref_axis',(1.,0.,0.));
#13813=DIRECTION('',(0.,1.,0.));
#13814=DIRECTION('center_axis',(0.,0.,-1.));
#13815=DIRECTION('ref_axis',(0.707106781186576,0.707106781186519,0.));
#13816=DIRECTION('',(1.,-2.91397119324188E-17,0.));
#13817=DIRECTION('center_axis',(0.,0.,-1.));
#13818=DIRECTION('ref_axis',(-0.707106781186552,0.707106781186543,0.));
#13819=DIRECTION('',(0.,1.,0.));
#13820=DIRECTION('center_axis',(0.,0.,1.));
#13821=DIRECTION('ref_axis',(0.707106781186544,-0.707106781186551,0.));
#13822=DIRECTION('',(-1.,0.,0.));
#13823=DIRECTION('center_axis',(0.,0.,1.));
#13824=DIRECTION('ref_axis',(-0.707106781186544,-0.707106781186551,0.));
#13825=DIRECTION('',(0.,-1.,0.));
#13826=DIRECTION('center_axis',(0.,0.,-1.));
#13827=DIRECTION('ref_axis',(0.707106781186552,0.707106781186543,0.));
#13828=DIRECTION('',(-1.,0.,0.));
#13829=DIRECTION('center_axis',(0.,0.,-1.));
#13830=DIRECTION('ref_axis',(-0.707106781186529,0.707106781186566,0.));
#13831=DIRECTION('',(0.,1.,0.));
#13832=DIRECTION('center_axis',(0.,0.,1.));
#13833=DIRECTION('ref_axis',(1.,0.,0.));
#13834=DIRECTION('',(0.,1.,0.));
#13835=DIRECTION('center_axis',(0.,0.,-1.));
#13836=DIRECTION('ref_axis',(0.707106781186529,0.707106781186566,0.));
#13837=DIRECTION('',(1.,3.13918242889663E-16,0.));
#13838=DIRECTION('center_axis',(0.,0.,-1.));
#13839=DIRECTION('ref_axis',(-0.70710678118654,0.707106781186555,0.));
#13840=DIRECTION('',(0.,1.,0.));
#13841=DIRECTION('center_axis',(0.,0.,1.));
#13842=DIRECTION('ref_axis',(0.707106781186553,-0.707106781186542,0.));
#13843=DIRECTION('',(-1.,0.,0.));
#13844=DIRECTION('center_axis',(0.,0.,-1.));
#13845=DIRECTION('ref_axis',(-1.,6.66133814775096E-15,0.));
#13846=DIRECTION('',(0.,1.,0.));
#13847=DIRECTION('center_axis',(0.,0.,1.));
#13848=DIRECTION('ref_axis',(1.,-6.24500451351653E-15,0.));
#13849=DIRECTION('',(-1.,-2.59513396228053E-17,0.));
#13850=DIRECTION('center_axis',(0.,0.,1.));
#13851=DIRECTION('ref_axis',(-0.707106781186544,-0.707106781186551,0.));
#13852=DIRECTION('',(0.,-1.,0.));
#13853=DIRECTION('center_axis',(0.,0.,-1.));
#13854=DIRECTION('ref_axis',(0.707106781186553,0.707106781186542,0.));
#13855=DIRECTION('',(1.,0.,0.));
#13856=DIRECTION('center_axis',(0.,0.,-1.));
#13857=DIRECTION('ref_axis',(-0.707106781186553,0.707106781186542,0.));
#13858=DIRECTION('',(0.,1.,0.));
#13859=DIRECTION('center_axis',(0.,0.,1.));
#13860=DIRECTION('ref_axis',(1.,0.,0.));
#13861=DIRECTION('',(0.,1.,0.));
#13862=DIRECTION('center_axis',(0.,0.,-1.));
#13863=DIRECTION('ref_axis',(0.707106781186553,0.707106781186542,0.));
#13864=DIRECTION('',(1.,0.,0.));
#13865=DIRECTION('center_axis',(0.,0.,-1.));
#13866=DIRECTION('ref_axis',(-0.707106781186553,0.707106781186542,0.));
#13867=DIRECTION('',(0.,1.,0.));
#13868=DIRECTION('center_axis',(0.,0.,1.));
#13869=DIRECTION('ref_axis',(0.707106781186544,-0.707106781186551,0.));
#13870=DIRECTION('',(-1.,-2.59513396228053E-17,0.));
#13871=DIRECTION('center_axis',(0.,0.,1.));
#13872=DIRECTION('ref_axis',(-0.707106781186548,-0.707106781186547,0.));
#13873=DIRECTION('',(0.,-1.,0.));
#13874=DIRECTION('center_axis',(0.,0.,-1.));
#13875=DIRECTION('ref_axis',(0.707106781186549,0.707106781186546,0.));
#13876=DIRECTION('',(1.,0.,0.));
#13877=DIRECTION('center_axis',(0.,0.,-1.));
#13878=DIRECTION('ref_axis',(-0.707106781186547,0.707106781186548,0.));
#13879=DIRECTION('',(0.,1.,0.));
#13880=DIRECTION('center_axis',(0.,0.,1.));
#13881=DIRECTION('ref_axis',(1.,0.,0.));
#13882=DIRECTION('',(0.,1.,0.));
#13883=DIRECTION('center_axis',(0.,0.,-1.));
#13884=DIRECTION('ref_axis',(0.707106781186546,0.707106781186549,0.));
#13885=DIRECTION('',(1.,0.,0.));
#13886=DIRECTION('center_axis',(0.,0.,-1.));
#13887=DIRECTION('ref_axis',(-0.707106781186548,0.707106781186547,0.));
#13888=DIRECTION('',(0.,1.,0.));
#13889=DIRECTION('center_axis',(0.,0.,1.));
#13890=DIRECTION('ref_axis',(0.707106781186547,-0.707106781186548,0.));
#13891=DIRECTION('',(-1.,-2.59513396228053E-17,0.));
#13892=DIRECTION('center_axis',(0.,0.,1.));
#13893=DIRECTION('ref_axis',(1.38777878078145E-16,1.,0.));
#13894=DIRECTION('',(0.,-1.,0.));
#13895=DIRECTION('center_axis',(0.,0.,-1.));
#13896=DIRECTION('ref_axis',(-0.707106781186543,-0.707106781186553,0.));
#13897=DIRECTION('',(1.,0.,0.));
#13898=DIRECTION('center_axis',(0.,0.,1.));
#13899=DIRECTION('ref_axis',(0.707106781186551,0.707106781186544,0.));
#13900=DIRECTION('',(0.,1.,0.));
#13901=DIRECTION('center_axis',(0.,0.,-1.));
#13902=DIRECTION('ref_axis',(-0.707106781186541,-0.707106781186554,0.));
#13903=DIRECTION('',(-1.,0.,0.));
#13904=DIRECTION('center_axis',(0.,0.,-1.));
#13905=DIRECTION('ref_axis',(0.707106781186516,-0.707106781186579,0.));
#13906=DIRECTION('',(0.,-1.,0.));
#13907=DIRECTION('center_axis',(0.,0.,1.));
#13908=DIRECTION('ref_axis',(1.,0.,0.));
#13909=DIRECTION('',(0.,-1.,0.));
#13910=DIRECTION('center_axis',(0.,0.,-1.));
#13911=DIRECTION('ref_axis',(0.,-1.,0.));
#13912=DIRECTION('',(-1.,0.,0.));
#13913=DIRECTION('center_axis',(0.,0.,-1.));
#13914=DIRECTION('ref_axis',(-1.,0.,0.));
#13915=DIRECTION('',(0.,1.,0.));
#13916=DIRECTION('center_axis',(0.,0.,-1.));
#13917=DIRECTION('ref_axis',(0.,1.,0.));
#13918=DIRECTION('',(1.,0.,0.));
#13919=DIRECTION('center_axis',(0.,0.,-1.));
#13920=DIRECTION('ref_axis',(1.,0.,0.));
#13921=DIRECTION('',(0.,-1.,0.));
#13922=DIRECTION('center_axis',(0.,0.,-1.));
#13923=DIRECTION('ref_axis',(0.,-1.,0.));
#13924=DIRECTION('',(-1.,0.,0.));
#13925=DIRECTION('center_axis',(0.,0.,-1.));
#13926=DIRECTION('ref_axis',(-1.,0.,0.));
#13927=DIRECTION('',(0.,1.,0.));
#13928=DIRECTION('center_axis',(0.,0.,-1.));
#13929=DIRECTION('ref_axis',(0.,1.,0.));
#13930=DIRECTION('',(1.,0.,0.));
#13931=DIRECTION('center_axis',(0.,0.,-1.));
#13932=DIRECTION('ref_axis',(1.,0.,0.));
#13933=DIRECTION('',(0.,-1.,0.));
#13934=DIRECTION('center_axis',(0.,0.,-1.));
#13935=DIRECTION('ref_axis',(0.,-1.,0.));
#13936=DIRECTION('',(-1.,0.,0.));
#13937=DIRECTION('center_axis',(0.,0.,-1.));
#13938=DIRECTION('ref_axis',(-1.,0.,0.));
#13939=DIRECTION('',(0.,1.,0.));
#13940=DIRECTION('center_axis',(0.,0.,-1.));
#13941=DIRECTION('ref_axis',(0.,1.,0.));
#13942=DIRECTION('',(1.,0.,0.));
#13943=DIRECTION('center_axis',(0.,0.,-1.));
#13944=DIRECTION('ref_axis',(1.,0.,0.));
#13945=DIRECTION('',(0.999995728098623,0.00292297528299729,0.));
#13946=DIRECTION('center_axis',(0.,0.,-1.));
#13947=DIRECTION('ref_axis',(0.00292297528304181,-0.999995728098623,0.));
#13948=DIRECTION('',(-0.999995728098623,-0.0029229752829974,0.));
#13949=DIRECTION('center_axis',(0.,0.,-1.));
#13950=DIRECTION('ref_axis',(-0.00292297528304181,0.999995728098623,0.));
#13951=DIRECTION('',(0.999996534502493,0.0026326760156259,0.));
#13952=DIRECTION('center_axis',(0.,0.,-1.));
#13953=DIRECTION('ref_axis',(0.00263267601567924,-0.999996534502493,0.));
#13954=DIRECTION('',(-0.999996534502493,-0.00263267601562585,0.));
#13955=DIRECTION('center_axis',(0.,0.,-1.));
#13956=DIRECTION('ref_axis',(-0.00263267601567914,0.999996534502493,0.));
#13957=DIRECTION('',(0.,1.,0.));
#13958=DIRECTION('center_axis',(0.,0.,-1.));
#13959=DIRECTION('ref_axis',(0.,1.,0.));
#13960=DIRECTION('',(1.,0.,0.));
#13961=DIRECTION('center_axis',(0.,0.,-1.));
#13962=DIRECTION('ref_axis',(1.,0.,0.));
#13963=DIRECTION('',(0.,-1.,0.));
#13964=DIRECTION('center_axis',(0.,0.,-1.));
#13965=DIRECTION('ref_axis',(0.,-1.,0.));
#13966=DIRECTION('',(-1.,0.,0.));
#13967=DIRECTION('center_axis',(0.,0.,-1.));
#13968=DIRECTION('ref_axis',(-1.,0.,0.));
#13969=DIRECTION('',(0.,1.,0.));
#13970=DIRECTION('center_axis',(0.,0.,-1.));
#13971=DIRECTION('ref_axis',(0.,1.,0.));
#13972=DIRECTION('',(1.,0.,0.));
#13973=DIRECTION('center_axis',(0.,0.,-1.));
#13974=DIRECTION('ref_axis',(1.,0.,0.));
#13975=DIRECTION('',(0.,-1.,0.));
#13976=DIRECTION('center_axis',(0.,0.,-1.));
#13977=DIRECTION('ref_axis',(0.,-1.,0.));
#13978=DIRECTION('',(-1.,0.,0.));
#13979=DIRECTION('center_axis',(0.,0.,-1.));
#13980=DIRECTION('ref_axis',(-1.,0.,0.));
#13981=DIRECTION('center_axis',(0.,0.,-1.));
#13982=DIRECTION('ref_axis',(0.,1.,0.));
#13983=DIRECTION('',(1.,0.,0.));
#13984=DIRECTION('center_axis',(0.,0.,-1.));
#13985=DIRECTION('ref_axis',(1.,0.,0.));
#13986=DIRECTION('',(0.,-1.,0.));
#13987=DIRECTION('center_axis',(0.,0.,-1.));
#13988=DIRECTION('ref_axis',(0.,-1.,0.));
#13989=DIRECTION('',(-1.,0.,0.));
#13990=DIRECTION('center_axis',(0.,0.,-1.));
#13991=DIRECTION('ref_axis',(-1.,0.,0.));
#13992=DIRECTION('',(0.,1.,0.));
#13993=DIRECTION('center_axis',(0.,0.,-1.));
#13994=DIRECTION('ref_axis',(0.,1.,0.));
#13995=DIRECTION('',(1.,0.,0.));
#13996=DIRECTION('center_axis',(0.,0.,-1.));
#13997=DIRECTION('ref_axis',(1.,0.,0.));
#13998=DIRECTION('',(0.,-1.,0.));
#13999=DIRECTION('center_axis',(0.,0.,-1.));
#14000=DIRECTION('ref_axis',(0.,-1.,0.));
#14001=DIRECTION('',(-1.,0.,0.));
#14002=DIRECTION('center_axis',(0.,0.,-1.));
#14003=DIRECTION('ref_axis',(-1.,0.,0.));
#14004=DIRECTION('',(0.,1.,0.));
#14005=DIRECTION('center_axis',(0.,0.,-1.));
#14006=DIRECTION('ref_axis',(0.,1.,0.));
#14007=DIRECTION('',(1.,0.,0.));
#14008=DIRECTION('center_axis',(0.,0.,-1.));
#14009=DIRECTION('ref_axis',(1.,0.,0.));
#14010=DIRECTION('',(0.,-1.,0.));
#14011=DIRECTION('center_axis',(0.,0.,-1.));
#14012=DIRECTION('ref_axis',(0.,-1.,0.));
#14013=DIRECTION('',(-1.,0.,0.));
#14014=DIRECTION('center_axis',(0.,0.,-1.));
#14015=DIRECTION('ref_axis',(-1.,0.,0.));
#14016=DIRECTION('',(0.,1.,0.));
#14017=DIRECTION('center_axis',(0.,0.,-1.));
#14018=DIRECTION('ref_axis',(0.,1.,0.));
#14019=DIRECTION('',(1.,0.,0.));
#14020=DIRECTION('center_axis',(0.,0.,-1.));
#14021=DIRECTION('ref_axis',(1.,0.,0.));
#14022=DIRECTION('',(0.,-1.,0.));
#14023=DIRECTION('center_axis',(0.,0.,-1.));
#14024=DIRECTION('ref_axis',(0.,-1.,0.));
#14025=DIRECTION('',(-1.,0.,0.));
#14026=DIRECTION('center_axis',(0.,0.,-1.));
#14027=DIRECTION('ref_axis',(-1.,0.,0.));
#14028=DIRECTION('',(0.,1.,0.));
#14029=DIRECTION('center_axis',(0.,0.,-1.));
#14030=DIRECTION('ref_axis',(0.,1.,0.));
#14031=DIRECTION('',(1.,0.,0.));
#14032=DIRECTION('center_axis',(0.,0.,-1.));
#14033=DIRECTION('ref_axis',(1.,0.,0.));
#14034=DIRECTION('',(0.,-1.,0.));
#14035=DIRECTION('center_axis',(0.,0.,-1.));
#14036=DIRECTION('ref_axis',(0.,-1.,0.));
#14037=DIRECTION('',(-1.,0.,0.));
#14038=DIRECTION('center_axis',(0.,0.,-1.));
#14039=DIRECTION('ref_axis',(-1.,0.,0.));
#14040=DIRECTION('',(0.,1.,0.));
#14041=DIRECTION('center_axis',(0.,0.,-1.));
#14042=DIRECTION('ref_axis',(0.,1.,0.));
#14043=DIRECTION('',(1.,0.,0.));
#14044=DIRECTION('center_axis',(0.,0.,-1.));
#14045=DIRECTION('ref_axis',(1.,0.,0.));
#14046=DIRECTION('',(0.,-1.,0.));
#14047=DIRECTION('center_axis',(0.,0.,-1.));
#14048=DIRECTION('ref_axis',(0.,-1.,0.));
#14049=DIRECTION('',(-1.,0.,0.));
#14050=DIRECTION('center_axis',(0.,0.,-1.));
#14051=DIRECTION('ref_axis',(-1.,0.,0.));
#14052=DIRECTION('',(0.,1.,0.));
#14053=DIRECTION('center_axis',(0.,0.,-1.));
#14054=DIRECTION('ref_axis',(0.,1.,0.));
#14055=DIRECTION('',(1.,0.,0.));
#14056=DIRECTION('center_axis',(0.,0.,-1.));
#14057=DIRECTION('ref_axis',(1.,0.,0.));
#14058=DIRECTION('',(0.,-1.,0.));
#14059=DIRECTION('center_axis',(0.,0.,-1.));
#14060=DIRECTION('ref_axis',(0.,-1.,0.));
#14061=DIRECTION('',(-1.,0.,0.));
#14062=DIRECTION('center_axis',(0.,0.,-1.));
#14063=DIRECTION('ref_axis',(-1.,0.,0.));
#14064=DIRECTION('',(0.,1.,0.));
#14065=DIRECTION('center_axis',(0.,0.,-1.));
#14066=DIRECTION('ref_axis',(0.,1.,0.));
#14067=DIRECTION('',(1.,0.,0.));
#14068=DIRECTION('center_axis',(0.,0.,-1.));
#14069=DIRECTION('ref_axis',(1.,0.,0.));
#14070=DIRECTION('',(0.,-1.,0.));
#14071=DIRECTION('center_axis',(0.,0.,-1.));
#14072=DIRECTION('ref_axis',(0.,-1.,0.));
#14073=DIRECTION('',(-1.,0.,0.));
#14074=DIRECTION('center_axis',(0.,0.,-1.));
#14075=DIRECTION('ref_axis',(-1.,0.,0.));
#14076=DIRECTION('',(0.,1.,0.));
#14077=DIRECTION('center_axis',(0.,0.,-1.));
#14078=DIRECTION('ref_axis',(0.,1.,0.));
#14079=DIRECTION('',(1.,0.,0.));
#14080=DIRECTION('center_axis',(0.,0.,-1.));
#14081=DIRECTION('ref_axis',(1.,0.,0.));
#14082=DIRECTION('',(0.,-1.,0.));
#14083=DIRECTION('center_axis',(0.,0.,-1.));
#14084=DIRECTION('ref_axis',(0.,-1.,0.));
#14085=DIRECTION('',(-1.,0.,0.));
#14086=DIRECTION('center_axis',(0.,0.,-1.));
#14087=DIRECTION('ref_axis',(-1.,0.,0.));
#14088=DIRECTION('',(0.,1.,0.));
#14089=DIRECTION('center_axis',(0.,0.,-1.));
#14090=DIRECTION('ref_axis',(0.,1.,0.));
#14091=DIRECTION('',(1.,0.,0.));
#14092=DIRECTION('center_axis',(0.,0.,-1.));
#14093=DIRECTION('ref_axis',(1.,0.,0.));
#14094=DIRECTION('',(0.,-1.,0.));
#14095=DIRECTION('center_axis',(0.,0.,-1.));
#14096=DIRECTION('ref_axis',(0.,-1.,0.));
#14097=DIRECTION('',(-1.,0.,0.));
#14098=DIRECTION('center_axis',(0.,0.,-1.));
#14099=DIRECTION('ref_axis',(-1.,0.,0.));
#14100=DIRECTION('',(0.,1.,0.));
#14101=DIRECTION('center_axis',(0.,0.,-1.));
#14102=DIRECTION('ref_axis',(0.,1.,0.));
#14103=DIRECTION('',(1.,0.,0.));
#14104=DIRECTION('center_axis',(0.,0.,-1.));
#14105=DIRECTION('ref_axis',(1.,0.,0.));
#14106=DIRECTION('',(0.,-1.,0.));
#14107=DIRECTION('center_axis',(0.,0.,-1.));
#14108=DIRECTION('ref_axis',(0.,-1.,0.));
#14109=DIRECTION('',(-1.,0.,0.));
#14110=DIRECTION('center_axis',(0.,0.,-1.));
#14111=DIRECTION('ref_axis',(-1.,0.,0.));
#14112=DIRECTION('',(0.,1.,0.));
#14113=DIRECTION('center_axis',(0.,0.,-1.));
#14114=DIRECTION('ref_axis',(0.,1.,0.));
#14115=DIRECTION('',(1.,0.,0.));
#14116=DIRECTION('center_axis',(0.,0.,-1.));
#14117=DIRECTION('ref_axis',(1.,0.,0.));
#14118=DIRECTION('',(0.,-1.,0.));
#14119=DIRECTION('center_axis',(0.,0.,-1.));
#14120=DIRECTION('ref_axis',(0.,-1.,0.));
#14121=DIRECTION('',(-1.,0.,0.));
#14122=DIRECTION('center_axis',(0.,0.,-1.));
#14123=DIRECTION('ref_axis',(-1.,0.,0.));
#14124=DIRECTION('',(0.,1.,0.));
#14125=DIRECTION('center_axis',(0.,0.,-1.));
#14126=DIRECTION('ref_axis',(0.,1.,0.));
#14127=DIRECTION('',(1.,0.,0.));
#14128=DIRECTION('center_axis',(0.,0.,-1.));
#14129=DIRECTION('ref_axis',(1.,0.,0.));
#14130=DIRECTION('',(0.,-1.,0.));
#14131=DIRECTION('center_axis',(0.,0.,-1.));
#14132=DIRECTION('ref_axis',(0.,-1.,0.));
#14133=DIRECTION('',(-1.,0.,0.));
#14134=DIRECTION('center_axis',(0.,0.,-1.));
#14135=DIRECTION('ref_axis',(-1.,0.,0.));
#14136=DIRECTION('',(0.,1.,0.));
#14137=DIRECTION('center_axis',(0.,0.,-1.));
#14138=DIRECTION('ref_axis',(0.,1.,0.));
#14139=DIRECTION('',(1.,0.,0.));
#14140=DIRECTION('center_axis',(0.,0.,-1.));
#14141=DIRECTION('ref_axis',(1.,0.,0.));
#14142=DIRECTION('',(0.,-1.,0.));
#14143=DIRECTION('center_axis',(0.,0.,-1.));
#14144=DIRECTION('ref_axis',(0.,-1.,0.));
#14145=DIRECTION('',(-1.,0.,0.));
#14146=DIRECTION('center_axis',(0.,0.,-1.));
#14147=DIRECTION('ref_axis',(-1.,0.,0.));
#14148=DIRECTION('',(0.,1.,0.));
#14149=DIRECTION('center_axis',(0.,0.,-1.));
#14150=DIRECTION('ref_axis',(0.,1.,0.));
#14151=DIRECTION('',(1.,0.,0.));
#14152=DIRECTION('center_axis',(0.,0.,-1.));
#14153=DIRECTION('ref_axis',(1.,0.,0.));
#14154=DIRECTION('',(0.,-1.,0.));
#14155=DIRECTION('center_axis',(0.,0.,-1.));
#14156=DIRECTION('ref_axis',(0.,-1.,0.));
#14157=DIRECTION('',(-1.,0.,0.));
#14158=DIRECTION('center_axis',(0.,0.,-1.));
#14159=DIRECTION('ref_axis',(-1.,0.,0.));
#14160=DIRECTION('',(0.,1.,0.));
#14161=DIRECTION('center_axis',(0.,0.,-1.));
#14162=DIRECTION('ref_axis',(0.,1.,0.));
#14163=DIRECTION('',(1.,0.,0.));
#14164=DIRECTION('center_axis',(0.,0.,-1.));
#14165=DIRECTION('ref_axis',(1.,0.,0.));
#14166=DIRECTION('',(0.,-1.,0.));
#14167=DIRECTION('center_axis',(0.,0.,-1.));
#14168=DIRECTION('ref_axis',(0.,-1.,0.));
#14169=DIRECTION('',(-1.,0.,0.));
#14170=DIRECTION('center_axis',(0.,0.,-1.));
#14171=DIRECTION('ref_axis',(-1.,0.,0.));
#14172=DIRECTION('',(0.,1.,0.));
#14173=DIRECTION('center_axis',(0.,0.,-1.));
#14174=DIRECTION('ref_axis',(0.,1.,0.));
#14175=DIRECTION('',(1.,0.,0.));
#14176=DIRECTION('center_axis',(0.,0.,-1.));
#14177=DIRECTION('ref_axis',(1.,0.,0.));
#14178=DIRECTION('',(0.,-1.,0.));
#14179=DIRECTION('center_axis',(0.,0.,-1.));
#14180=DIRECTION('ref_axis',(0.,-1.,0.));
#14181=DIRECTION('',(-1.,0.,0.));
#14182=DIRECTION('center_axis',(0.,0.,-1.));
#14183=DIRECTION('ref_axis',(-1.,0.,0.));
#14184=DIRECTION('',(0.,1.,0.));
#14185=DIRECTION('center_axis',(0.,0.,-1.));
#14186=DIRECTION('ref_axis',(0.,1.,0.));
#14187=DIRECTION('',(1.,0.,0.));
#14188=DIRECTION('center_axis',(0.,0.,-1.));
#14189=DIRECTION('ref_axis',(1.,0.,0.));
#14190=DIRECTION('',(0.,-1.,0.));
#14191=DIRECTION('center_axis',(0.,0.,-1.));
#14192=DIRECTION('ref_axis',(0.,-1.,0.));
#14193=DIRECTION('',(-1.,0.,0.));
#14194=DIRECTION('center_axis',(0.,0.,-1.));
#14195=DIRECTION('ref_axis',(-1.,0.,0.));
#14196=DIRECTION('',(0.,1.,0.));
#14197=DIRECTION('center_axis',(0.,0.,-1.));
#14198=DIRECTION('ref_axis',(0.,1.,0.));
#14199=DIRECTION('',(1.,0.,0.));
#14200=DIRECTION('center_axis',(0.,0.,-1.));
#14201=DIRECTION('ref_axis',(1.,0.,0.));
#14202=DIRECTION('',(0.,-1.,0.));
#14203=DIRECTION('center_axis',(0.,0.,-1.));
#14204=DIRECTION('ref_axis',(0.,-1.,0.));
#14205=DIRECTION('',(-1.,0.,0.));
#14206=DIRECTION('center_axis',(0.,0.,-1.));
#14207=DIRECTION('ref_axis',(-1.,0.,0.));
#14208=DIRECTION('',(0.,1.,0.));
#14209=DIRECTION('center_axis',(0.,0.,-1.));
#14210=DIRECTION('ref_axis',(0.,1.,0.));
#14211=DIRECTION('',(1.,0.,0.));
#14212=DIRECTION('center_axis',(0.,0.,-1.));
#14213=DIRECTION('ref_axis',(1.,0.,0.));
#14214=DIRECTION('',(0.,-1.,0.));
#14215=DIRECTION('center_axis',(0.,0.,-1.));
#14216=DIRECTION('ref_axis',(0.,-1.,0.));
#14217=DIRECTION('',(-1.,0.,0.));
#14218=DIRECTION('center_axis',(0.,0.,-1.));
#14219=DIRECTION('ref_axis',(-1.,0.,0.));
#14220=DIRECTION('',(0.,1.,0.));
#14221=DIRECTION('center_axis',(0.,0.,-1.));
#14222=DIRECTION('ref_axis',(0.,1.,0.));
#14223=DIRECTION('',(1.,0.,0.));
#14224=DIRECTION('center_axis',(0.,0.,-1.));
#14225=DIRECTION('ref_axis',(1.,0.,0.));
#14226=DIRECTION('',(0.,-1.,0.));
#14227=DIRECTION('center_axis',(0.,0.,-1.));
#14228=DIRECTION('ref_axis',(0.,-1.,0.));
#14229=DIRECTION('',(-1.,0.,0.));
#14230=DIRECTION('center_axis',(0.,0.,-1.));
#14231=DIRECTION('ref_axis',(-1.,0.,0.));
#14232=DIRECTION('',(0.,1.,0.));
#14233=DIRECTION('center_axis',(0.,0.,-1.));
#14234=DIRECTION('ref_axis',(0.,1.,0.));
#14235=DIRECTION('',(1.,0.,0.));
#14236=DIRECTION('center_axis',(0.,0.,-1.));
#14237=DIRECTION('ref_axis',(1.,0.,0.));
#14238=DIRECTION('',(0.,-1.,0.));
#14239=DIRECTION('center_axis',(0.,0.,-1.));
#14240=DIRECTION('ref_axis',(0.,-1.,0.));
#14241=DIRECTION('',(-1.,0.,0.));
#14242=DIRECTION('center_axis',(0.,0.,-1.));
#14243=DIRECTION('ref_axis',(-1.,0.,0.));
#14244=DIRECTION('',(0.,1.,0.));
#14245=DIRECTION('center_axis',(0.,0.,-1.));
#14246=DIRECTION('ref_axis',(0.,1.,0.));
#14247=DIRECTION('',(1.,0.,0.));
#14248=DIRECTION('center_axis',(0.,0.,-1.));
#14249=DIRECTION('ref_axis',(1.,0.,0.));
#14250=DIRECTION('',(0.,-1.,0.));
#14251=DIRECTION('center_axis',(0.,0.,-1.));
#14252=DIRECTION('ref_axis',(0.,-1.,0.));
#14253=DIRECTION('',(-1.,0.,0.));
#14254=DIRECTION('center_axis',(0.,0.,-1.));
#14255=DIRECTION('ref_axis',(-1.,0.,0.));
#14256=DIRECTION('',(0.,1.,0.));
#14257=DIRECTION('center_axis',(0.,0.,-1.));
#14258=DIRECTION('ref_axis',(0.,1.,0.));
#14259=DIRECTION('',(1.,0.,0.));
#14260=DIRECTION('center_axis',(0.,0.,-1.));
#14261=DIRECTION('ref_axis',(1.,0.,0.));
#14262=DIRECTION('',(0.,-1.,0.));
#14263=DIRECTION('center_axis',(0.,0.,-1.));
#14264=DIRECTION('ref_axis',(0.,-1.,0.));
#14265=DIRECTION('',(-1.,0.,0.));
#14266=DIRECTION('center_axis',(0.,0.,-1.));
#14267=DIRECTION('ref_axis',(-1.,0.,0.));
#14268=DIRECTION('',(0.,1.,0.));
#14269=DIRECTION('center_axis',(0.,0.,-1.));
#14270=DIRECTION('ref_axis',(0.,1.,0.));
#14271=DIRECTION('',(1.,0.,0.));
#14272=DIRECTION('center_axis',(0.,0.,-1.));
#14273=DIRECTION('ref_axis',(1.,0.,0.));
#14274=DIRECTION('',(0.,-1.,0.));
#14275=DIRECTION('center_axis',(0.,0.,-1.));
#14276=DIRECTION('ref_axis',(0.,-1.,0.));
#14277=DIRECTION('',(-1.,0.,0.));
#14278=DIRECTION('center_axis',(0.,0.,-1.));
#14279=DIRECTION('ref_axis',(-1.,0.,0.));
#14280=DIRECTION('',(0.,1.,0.));
#14281=DIRECTION('center_axis',(0.,0.,-1.));
#14282=DIRECTION('ref_axis',(0.,1.,0.));
#14283=DIRECTION('',(1.,0.,0.));
#14284=DIRECTION('center_axis',(0.,0.,-1.));
#14285=DIRECTION('ref_axis',(1.,0.,0.));
#14286=DIRECTION('',(0.,-1.,0.));
#14287=DIRECTION('center_axis',(0.,0.,-1.));
#14288=DIRECTION('ref_axis',(0.,-1.,0.));
#14289=DIRECTION('',(-1.,0.,0.));
#14290=DIRECTION('center_axis',(0.,0.,-1.));
#14291=DIRECTION('ref_axis',(-1.,0.,0.));
#14292=DIRECTION('',(0.,1.,0.));
#14293=DIRECTION('center_axis',(0.,0.,-1.));
#14294=DIRECTION('ref_axis',(0.,1.,0.));
#14295=DIRECTION('',(1.,0.,0.));
#14296=DIRECTION('center_axis',(0.,0.,-1.));
#14297=DIRECTION('ref_axis',(1.,0.,0.));
#14298=DIRECTION('',(0.,-1.,0.));
#14299=DIRECTION('center_axis',(0.,0.,-1.));
#14300=DIRECTION('ref_axis',(0.,-1.,0.));
#14301=DIRECTION('',(-1.,0.,0.));
#14302=DIRECTION('center_axis',(0.,0.,-1.));
#14303=DIRECTION('ref_axis',(-1.,0.,0.));
#14304=DIRECTION('',(0.,1.,0.));
#14305=DIRECTION('center_axis',(0.,0.,-1.));
#14306=DIRECTION('ref_axis',(0.,1.,0.));
#14307=DIRECTION('',(1.,0.,0.));
#14308=DIRECTION('center_axis',(0.,0.,-1.));
#14309=DIRECTION('ref_axis',(1.,0.,0.));
#14310=DIRECTION('',(0.,-1.,0.));
#14311=DIRECTION('center_axis',(0.,0.,-1.));
#14312=DIRECTION('ref_axis',(0.,-1.,0.));
#14313=DIRECTION('',(-1.,0.,0.));
#14314=DIRECTION('center_axis',(0.,0.,-1.));
#14315=DIRECTION('ref_axis',(-1.,0.,0.));
#14316=DIRECTION('',(0.,1.,0.));
#14317=DIRECTION('center_axis',(0.,0.,-1.));
#14318=DIRECTION('ref_axis',(0.,1.,0.));
#14319=DIRECTION('',(1.,0.,0.));
#14320=DIRECTION('center_axis',(0.,0.,-1.));
#14321=DIRECTION('ref_axis',(1.,0.,0.));
#14322=DIRECTION('',(0.,-1.,0.));
#14323=DIRECTION('center_axis',(0.,0.,-1.));
#14324=DIRECTION('ref_axis',(0.,-1.,0.));
#14325=DIRECTION('',(-1.,0.,0.));
#14326=DIRECTION('center_axis',(0.,0.,-1.));
#14327=DIRECTION('ref_axis',(-1.,0.,0.));
#14328=DIRECTION('',(0.,1.,0.));
#14329=DIRECTION('center_axis',(0.,0.,-1.));
#14330=DIRECTION('ref_axis',(0.,1.,0.));
#14331=DIRECTION('',(1.,0.,0.));
#14332=DIRECTION('center_axis',(0.,0.,-1.));
#14333=DIRECTION('ref_axis',(1.,0.,0.));
#14334=DIRECTION('',(0.,-1.,0.));
#14335=DIRECTION('center_axis',(0.,0.,-1.));
#14336=DIRECTION('ref_axis',(0.,-1.,0.));
#14337=DIRECTION('',(-1.,0.,0.));
#14338=DIRECTION('center_axis',(0.,0.,-1.));
#14339=DIRECTION('ref_axis',(-1.,0.,0.));
#14340=DIRECTION('',(0.,1.,0.));
#14341=DIRECTION('center_axis',(0.,0.,-1.));
#14342=DIRECTION('ref_axis',(0.,1.,0.));
#14343=DIRECTION('',(1.,0.,0.));
#14344=DIRECTION('center_axis',(0.,0.,-1.));
#14345=DIRECTION('ref_axis',(1.,0.,0.));
#14346=DIRECTION('',(0.,-1.,0.));
#14347=DIRECTION('center_axis',(0.,0.,-1.));
#14348=DIRECTION('ref_axis',(0.,-1.,0.));
#14349=DIRECTION('',(-1.,0.,0.));
#14350=DIRECTION('center_axis',(0.,0.,-1.));
#14351=DIRECTION('ref_axis',(-1.,0.,0.));
#14352=DIRECTION('',(0.,1.,0.));
#14353=DIRECTION('center_axis',(0.,0.,-1.));
#14354=DIRECTION('ref_axis',(0.,1.,0.));
#14355=DIRECTION('',(1.,0.,0.));
#14356=DIRECTION('center_axis',(0.,0.,-1.));
#14357=DIRECTION('ref_axis',(1.,0.,0.));
#14358=DIRECTION('',(0.,-1.,0.));
#14359=DIRECTION('center_axis',(0.,0.,-1.));
#14360=DIRECTION('ref_axis',(0.,-1.,0.));
#14361=DIRECTION('',(-1.,0.,0.));
#14362=DIRECTION('center_axis',(0.,0.,-1.));
#14363=DIRECTION('ref_axis',(-1.,0.,0.));
#14364=DIRECTION('',(0.,1.,0.));
#14365=DIRECTION('center_axis',(0.,0.,-1.));
#14366=DIRECTION('ref_axis',(0.,1.,0.));
#14367=DIRECTION('',(1.,0.,0.));
#14368=DIRECTION('center_axis',(0.,0.,-1.));
#14369=DIRECTION('ref_axis',(1.,0.,0.));
#14370=DIRECTION('',(0.,-1.,0.));
#14371=DIRECTION('center_axis',(0.,0.,-1.));
#14372=DIRECTION('ref_axis',(0.,-1.,0.));
#14373=DIRECTION('',(-1.,0.,0.));
#14374=DIRECTION('center_axis',(0.,0.,-1.));
#14375=DIRECTION('ref_axis',(-1.,0.,0.));
#14376=DIRECTION('',(0.,1.,0.));
#14377=DIRECTION('center_axis',(0.,0.,-1.));
#14378=DIRECTION('ref_axis',(0.,1.,0.));
#14379=DIRECTION('',(1.,0.,0.));
#14380=DIRECTION('center_axis',(0.,0.,-1.));
#14381=DIRECTION('ref_axis',(1.,0.,0.));
#14382=DIRECTION('',(0.,-1.,0.));
#14383=DIRECTION('center_axis',(0.,0.,-1.));
#14384=DIRECTION('ref_axis',(0.,-1.,0.));
#14385=DIRECTION('',(-1.,0.,0.));
#14386=DIRECTION('center_axis',(0.,0.,-1.));
#14387=DIRECTION('ref_axis',(-1.,0.,0.));
#14388=DIRECTION('',(0.,1.,0.));
#14389=DIRECTION('center_axis',(0.,0.,-1.));
#14390=DIRECTION('ref_axis',(0.,1.,0.));
#14391=DIRECTION('',(1.,0.,0.));
#14392=DIRECTION('center_axis',(0.,0.,-1.));
#14393=DIRECTION('ref_axis',(1.,0.,0.));
#14394=DIRECTION('',(0.,-1.,0.));
#14395=DIRECTION('center_axis',(0.,0.,-1.));
#14396=DIRECTION('ref_axis',(0.,-1.,0.));
#14397=DIRECTION('',(-1.,0.,0.));
#14398=DIRECTION('center_axis',(0.,0.,-1.));
#14399=DIRECTION('ref_axis',(-1.,0.,0.));
#14400=DIRECTION('',(0.,1.,0.));
#14401=DIRECTION('center_axis',(0.,0.,-1.));
#14402=DIRECTION('ref_axis',(0.,1.,0.));
#14403=DIRECTION('',(1.,0.,0.));
#14404=DIRECTION('center_axis',(0.,0.,-1.));
#14405=DIRECTION('ref_axis',(1.,0.,0.));
#14406=DIRECTION('',(0.,-1.,0.));
#14407=DIRECTION('center_axis',(0.,0.,-1.));
#14408=DIRECTION('ref_axis',(0.,-1.,0.));
#14409=DIRECTION('',(-1.,0.,0.));
#14410=DIRECTION('center_axis',(0.,0.,-1.));
#14411=DIRECTION('ref_axis',(-1.,0.,0.));
#14412=DIRECTION('',(0.,1.,0.));
#14413=DIRECTION('center_axis',(0.,0.,-1.));
#14414=DIRECTION('ref_axis',(0.,1.,0.));
#14415=DIRECTION('',(1.,0.,0.));
#14416=DIRECTION('center_axis',(0.,0.,-1.));
#14417=DIRECTION('ref_axis',(1.,0.,0.));
#14418=DIRECTION('',(0.,-1.,0.));
#14419=DIRECTION('center_axis',(0.,0.,-1.));
#14420=DIRECTION('ref_axis',(0.,-1.,0.));
#14421=DIRECTION('',(-1.,0.,0.));
#14422=DIRECTION('center_axis',(0.,0.,-1.));
#14423=DIRECTION('ref_axis',(-1.,0.,0.));
#14424=DIRECTION('',(0.,1.,0.));
#14425=DIRECTION('center_axis',(0.,0.,-1.));
#14426=DIRECTION('ref_axis',(0.,1.,0.));
#14427=DIRECTION('',(1.,0.,0.));
#14428=DIRECTION('center_axis',(0.,0.,-1.));
#14429=DIRECTION('ref_axis',(1.,0.,0.));
#14430=DIRECTION('',(0.,-1.,0.));
#14431=DIRECTION('center_axis',(0.,0.,-1.));
#14432=DIRECTION('ref_axis',(0.,-1.,0.));
#14433=DIRECTION('',(-1.,0.,0.));
#14434=DIRECTION('center_axis',(0.,0.,-1.));
#14435=DIRECTION('ref_axis',(-1.,0.,0.));
#14436=DIRECTION('',(0.,1.,0.));
#14437=DIRECTION('center_axis',(0.,0.,-1.));
#14438=DIRECTION('ref_axis',(0.,1.,0.));
#14439=DIRECTION('',(1.,0.,0.));
#14440=DIRECTION('center_axis',(0.,0.,-1.));
#14441=DIRECTION('ref_axis',(1.,0.,0.));
#14442=DIRECTION('',(0.,-1.,0.));
#14443=DIRECTION('center_axis',(0.,0.,-1.));
#14444=DIRECTION('ref_axis',(0.,-1.,0.));
#14445=DIRECTION('',(-1.,0.,0.));
#14446=DIRECTION('center_axis',(0.,0.,-1.));
#14447=DIRECTION('ref_axis',(-1.,0.,0.));
#14448=DIRECTION('',(0.,1.,0.));
#14449=DIRECTION('center_axis',(0.,0.,-1.));
#14450=DIRECTION('ref_axis',(0.,1.,0.));
#14451=DIRECTION('',(1.,0.,0.));
#14452=DIRECTION('center_axis',(0.,0.,-1.));
#14453=DIRECTION('ref_axis',(1.,0.,0.));
#14454=DIRECTION('',(0.,-1.,0.));
#14455=DIRECTION('center_axis',(0.,0.,-1.));
#14456=DIRECTION('ref_axis',(0.,-1.,0.));
#14457=DIRECTION('',(-1.,0.,0.));
#14458=DIRECTION('center_axis',(0.,0.,-1.));
#14459=DIRECTION('ref_axis',(-1.,0.,0.));
#14460=DIRECTION('',(0.,1.,0.));
#14461=DIRECTION('center_axis',(0.,0.,-1.));
#14462=DIRECTION('ref_axis',(0.,1.,0.));
#14463=DIRECTION('',(1.,0.,0.));
#14464=DIRECTION('center_axis',(0.,0.,-1.));
#14465=DIRECTION('ref_axis',(1.,0.,0.));
#14466=DIRECTION('',(0.,-1.,0.));
#14467=DIRECTION('center_axis',(0.,0.,-1.));
#14468=DIRECTION('ref_axis',(0.,-1.,0.));
#14469=DIRECTION('',(-1.,0.,0.));
#14470=DIRECTION('center_axis',(0.,0.,-1.));
#14471=DIRECTION('ref_axis',(-1.,0.,0.));
#14472=DIRECTION('',(0.,1.,0.));
#14473=DIRECTION('center_axis',(0.,0.,-1.));
#14474=DIRECTION('ref_axis',(0.,1.,0.));
#14475=DIRECTION('',(1.,0.,0.));
#14476=DIRECTION('center_axis',(0.,0.,-1.));
#14477=DIRECTION('ref_axis',(1.,0.,0.));
#14478=DIRECTION('',(0.,-1.,0.));
#14479=DIRECTION('center_axis',(0.,0.,-1.));
#14480=DIRECTION('ref_axis',(0.,-1.,0.));
#14481=DIRECTION('',(-1.,0.,0.));
#14482=DIRECTION('center_axis',(0.,0.,-1.));
#14483=DIRECTION('ref_axis',(-1.,0.,0.));
#14484=DIRECTION('',(0.,1.,0.));
#14485=DIRECTION('center_axis',(0.,0.,-1.));
#14486=DIRECTION('ref_axis',(0.,1.,0.));
#14487=DIRECTION('',(1.,0.,0.));
#14488=DIRECTION('center_axis',(0.,0.,-1.));
#14489=DIRECTION('ref_axis',(1.,0.,0.));
#14490=DIRECTION('',(0.,-1.,0.));
#14491=DIRECTION('center_axis',(0.,0.,-1.));
#14492=DIRECTION('ref_axis',(0.,-1.,0.));
#14493=DIRECTION('',(-1.,0.,0.));
#14494=DIRECTION('center_axis',(0.,0.,-1.));
#14495=DIRECTION('ref_axis',(-1.,0.,0.));
#14496=DIRECTION('',(0.,1.,0.));
#14497=DIRECTION('center_axis',(0.,0.,-1.));
#14498=DIRECTION('ref_axis',(0.,1.,0.));
#14499=DIRECTION('',(1.,0.,0.));
#14500=DIRECTION('center_axis',(0.,0.,-1.));
#14501=DIRECTION('ref_axis',(1.,0.,0.));
#14502=DIRECTION('',(0.,-1.,0.));
#14503=DIRECTION('center_axis',(0.,0.,-1.));
#14504=DIRECTION('ref_axis',(0.,-1.,0.));
#14505=DIRECTION('',(-1.,0.,0.));
#14506=DIRECTION('center_axis',(0.,0.,-1.));
#14507=DIRECTION('ref_axis',(-1.,0.,0.));
#14508=DIRECTION('',(0.,1.,0.));
#14509=DIRECTION('center_axis',(0.,0.,-1.));
#14510=DIRECTION('ref_axis',(0.,1.,0.));
#14511=DIRECTION('',(1.,-6.93889390390725E-17,0.));
#14512=DIRECTION('center_axis',(0.,0.,-1.));
#14513=DIRECTION('ref_axis',(0.,-1.,0.));
#14514=DIRECTION('',(-1.,-3.30423571284168E-17,0.));
#14515=DIRECTION('center_axis',(0.,0.,-1.));
#14516=DIRECTION('ref_axis',(0.,1.,0.));
#14517=DIRECTION('',(1.,-6.93889390390723E-17,0.));
#14518=DIRECTION('center_axis',(0.,0.,-1.));
#14519=DIRECTION('ref_axis',(0.,-1.,0.));
#14520=DIRECTION('',(-1.,-3.30423571284167E-17,0.));
#14521=DIRECTION('',(-1.,0.,0.));
#14522=DIRECTION('center_axis',(0.,0.,-1.));
#14523=DIRECTION('ref_axis',(0.,1.,0.));
#14524=DIRECTION('',(1.,0.,0.));
#14525=DIRECTION('center_axis',(0.,0.,-1.));
#14526=DIRECTION('ref_axis',(0.,-1.,0.));
#14527=DIRECTION('',(0.999996196158631,0.00275820018664776,0.));
#14528=DIRECTION('center_axis',(0.,0.,-1.));
#14529=DIRECTION('ref_axis',(0.00275820018664789,-0.999996196158631,0.));
#14530=DIRECTION('',(-0.99999619615863,-0.00275820018665662,0.));
#14531=DIRECTION('center_axis',(0.,0.,-1.));
#14532=DIRECTION('ref_axis',(-0.00275820018664779,0.999996196158631,0.));
#14533=DIRECTION('',(1.,0.,0.));
#14534=DIRECTION('center_axis',(0.,0.,-1.));
#14535=DIRECTION('ref_axis',(0.,-1.,0.));
#14536=DIRECTION('',(-1.,0.,0.));
#14537=DIRECTION('center_axis',(0.,0.,-1.));
#14538=DIRECTION('ref_axis',(0.,1.,0.));
#14539=DIRECTION('',(0.999994799426603,0.00322507670433404,0.));
#14540=DIRECTION('center_axis',(0.,0.,-1.));
#14541=DIRECTION('ref_axis',(0.00322507670432538,-0.999994799426603,0.));
#14542=DIRECTION('',(-0.999994799426603,-0.00322507670432516,0.));
#14543=DIRECTION('center_axis',(0.,0.,-1.));
#14544=DIRECTION('ref_axis',(-0.00322507670431673,0.999994799426603,0.));
#14545=DIRECTION('',(0.,1.,0.));
#14546=DIRECTION('center_axis',(0.,0.,-1.));
#14547=DIRECTION('ref_axis',(0.,1.,0.));
#14548=DIRECTION('',(1.,0.,0.));
#14549=DIRECTION('center_axis',(0.,0.,-1.));
#14550=DIRECTION('ref_axis',(1.,0.,0.));
#14551=DIRECTION('',(0.,-1.,0.));
#14552=DIRECTION('center_axis',(0.,0.,-1.));
#14553=DIRECTION('ref_axis',(0.,-1.,0.));
#14554=DIRECTION('',(-1.,0.,0.));
#14555=DIRECTION('center_axis',(0.,0.,-1.));
#14556=DIRECTION('ref_axis',(-1.,0.,0.));
#14557=DIRECTION('',(0.,-1.,0.));
#14558=DIRECTION('center_axis',(0.,0.,1.));
#14559=DIRECTION('ref_axis',(-0.707106781186541,0.707106781186554,0.));
#14560=DIRECTION('',(-1.,0.,0.));
#14561=DIRECTION('center_axis',(0.,0.,1.));
#14562=DIRECTION('ref_axis',(0.707106781186541,0.707106781186554,0.));
#14563=DIRECTION('',(0.,-1.,0.));
#14564=DIRECTION('center_axis',(0.,0.,-1.));
#14565=DIRECTION('ref_axis',(-0.707106781186541,-0.707106781186554,0.));
#14566=DIRECTION('',(1.,0.,0.));
#14567=DIRECTION('center_axis',(0.,0.,-1.));
#14568=DIRECTION('ref_axis',(0.707106781186541,-0.707106781186554,0.));
#14569=DIRECTION('',(0.,1.,0.));
#14570=DIRECTION('center_axis',(0.,0.,1.));
#14571=DIRECTION('ref_axis',(-0.707106781186541,0.707106781186554,0.));
#14572=DIRECTION('',(-1.,0.,0.));
#14573=DIRECTION('center_axis',(0.,0.,1.));
#14574=DIRECTION('ref_axis',(0.707106781186548,0.707106781186548,0.));
#14575=DIRECTION('',(0.,1.,0.));
#14576=DIRECTION('center_axis',(0.,0.,1.));
#14577=DIRECTION('ref_axis',(0.707106781186554,-0.707106781186541,0.));
#14578=DIRECTION('',(1.,0.,0.));
#14579=DIRECTION('center_axis',(0.,0.,1.));
#14580=DIRECTION('ref_axis',(-0.707106781186554,-0.707106781186541,0.));
#14581=DIRECTION('',(0.,1.,0.));
#14582=DIRECTION('center_axis',(0.,0.,-1.));
#14583=DIRECTION('ref_axis',(0.707106781186554,0.707106781186541,0.));
#14584=DIRECTION('',(-1.,0.,0.));
#14585=DIRECTION('center_axis',(0.,0.,-1.));
#14586=DIRECTION('ref_axis',(-0.707106781186554,0.707106781186541,0.));
#14587=DIRECTION('',(0.,-1.,0.));
#14588=DIRECTION('center_axis',(0.,0.,1.));
#14589=DIRECTION('ref_axis',(0.707106781186554,-0.707106781186541,0.));
#14590=DIRECTION('',(1.,0.,0.));
#14591=DIRECTION('center_axis',(0.,0.,1.));
#14592=DIRECTION('ref_axis',(-0.707106781186555,-0.70710678118654,0.));
#14593=DIRECTION('',(0.,1.,0.));
#14594=DIRECTION('center_axis',(0.,0.,-1.));
#14595=DIRECTION('ref_axis',(-0.707106781186547,-0.707106781186547,0.));
#14596=DIRECTION('',(1.,-7.89491928622332E-16,0.));
#14597=DIRECTION('center_axis',(0.,0.,-1.));
#14598=DIRECTION('ref_axis',(0.707106781186532,-0.707106781186563,0.));
#14599=DIRECTION('',(1.61486985400024E-14,-1.,0.));
#14600=DIRECTION('center_axis',(0.,0.,1.));
#14601=DIRECTION('ref_axis',(-0.707106781186548,0.707106781186548,0.));
#14602=DIRECTION('',(-1.,0.,0.));
#14603=DIRECTION('center_axis',(0.,0.,1.));
#14604=DIRECTION('ref_axis',(0.707106781186548,0.707106781186548,0.));
#14605=DIRECTION('',(0.,1.,0.));
#14606=DIRECTION('center_axis',(0.,0.,1.));
#14607=DIRECTION('ref_axis',(0.707106781186548,-0.707106781186548,0.));
#14608=DIRECTION('',(-1.,0.,0.));
#14609=DIRECTION('center_axis',(0.,0.,1.));
#14610=DIRECTION('ref_axis',(-0.707106781186548,-0.707106781186548,0.));
#14611=DIRECTION('',(0.,-1.,0.));
#14612=DIRECTION('center_axis',(0.,0.,1.));
#14613=DIRECTION('ref_axis',(-0.707106781186522,0.707106781186573,0.));
#14614=DIRECTION('',(-1.,0.,0.));
#14615=DIRECTION('center_axis',(0.,0.,1.));
#14616=DIRECTION('ref_axis',(0.707106781186548,0.707106781186548,0.));
#14617=DIRECTION('center_axis',(0.,0.,1.));
#14618=DIRECTION('ref_axis',(0.707106781186516,-0.707106781186579,0.));
#14619=DIRECTION('',(0.,0.,-1.));
#14620=DIRECTION('center_axis',(0.,0.,1.));
#14621=DIRECTION('ref_axis',(0.707106781186516,-0.707106781186579,0.));
#14622=DIRECTION('',(0.,0.,1.));
#14623=DIRECTION('center_axis',(1.,0.,0.));
#14624=DIRECTION('ref_axis',(0.,0.,1.));
#14625=DIRECTION('',(0.,-1.,0.));
#14626=DIRECTION('',(0.,0.,-1.));
#14627=DIRECTION('center_axis',(0.,0.,1.));
#14628=DIRECTION('ref_axis',(1.,0.,0.));
#14629=DIRECTION('center_axis',(0.,0.,1.));
#14630=DIRECTION('ref_axis',(1.,0.,0.));
#14631=DIRECTION('',(1.,0.,0.));
#14632=DIRECTION('center_axis',(0.,0.,1.));
#14633=DIRECTION('ref_axis',(-0.707106781186541,-0.707106781186554,0.));
#14634=DIRECTION('',(0.,1.,0.));
#14635=DIRECTION('center_axis',(0.,0.,-1.));
#14636=DIRECTION('ref_axis',(0.707106781186551,0.707106781186544,0.));
#14637=DIRECTION('',(1.,0.,0.));
#14638=DIRECTION('center_axis',(0.,0.,1.));
#14639=DIRECTION('ref_axis',(-0.707106781186543,-0.707106781186553,0.));
#14640=DIRECTION('',(0.,1.,0.));
#14641=DIRECTION('center_axis',(0.,0.,1.));
#14642=DIRECTION('ref_axis',(1.38777878078145E-16,1.,0.));
#14643=DIRECTION('',(1.,2.59513396228053E-17,0.));
#14644=DIRECTION('center_axis',(0.,0.,-1.));
#14645=DIRECTION('ref_axis',(0.707106781186547,-0.707106781186548,0.));
#14646=DIRECTION('',(0.,1.,0.));
#14647=DIRECTION('center_axis',(0.,0.,1.));
#14648=DIRECTION('ref_axis',(-0.707106781186548,0.707106781186547,0.));
#14649=DIRECTION('',(-1.,0.,0.));
#14650=DIRECTION('center_axis',(0.,0.,1.));
#14651=DIRECTION('ref_axis',(0.707106781186546,0.707106781186549,0.));
#14652=DIRECTION('',(0.,1.,0.));
#14653=DIRECTION('center_axis',(0.,0.,1.));
#14654=DIRECTION('ref_axis',(1.,0.,0.));
#14655=DIRECTION('',(0.,1.,0.));
#14656=DIRECTION('center_axis',(0.,0.,1.));
#14657=DIRECTION('ref_axis',(-0.707106781186547,0.707106781186548,0.));
#14658=DIRECTION('',(-1.,0.,0.));
#14659=DIRECTION('center_axis',(0.,0.,1.));
#14660=DIRECTION('ref_axis',(0.707106781186549,0.707106781186546,0.));
#14661=DIRECTION('',(0.,-1.,0.));
#14662=DIRECTION('center_axis',(0.,0.,-1.));
#14663=DIRECTION('ref_axis',(-0.707106781186548,-0.707106781186547,0.));
#14664=DIRECTION('',(1.,2.59513396228053E-17,0.));
#14665=DIRECTION('center_axis',(0.,0.,-1.));
#14666=DIRECTION('ref_axis',(0.707106781186544,-0.707106781186551,0.));
#14667=DIRECTION('',(0.,1.,0.));
#14668=DIRECTION('center_axis',(0.,0.,1.));
#14669=DIRECTION('ref_axis',(-0.707106781186553,0.707106781186542,0.));
#14670=DIRECTION('',(-1.,0.,0.));
#14671=DIRECTION('center_axis',(0.,0.,1.));
#14672=DIRECTION('ref_axis',(0.707106781186553,0.707106781186542,0.));
#14673=DIRECTION('',(0.,1.,0.));
#14674=DIRECTION('center_axis',(0.,0.,1.));
#14675=DIRECTION('ref_axis',(1.,0.,0.));
#14676=DIRECTION('',(0.,1.,0.));
#14677=DIRECTION('center_axis',(0.,0.,1.));
#14678=DIRECTION('ref_axis',(-0.707106781186553,0.707106781186542,0.));
#14679=DIRECTION('',(-1.,0.,0.));
#14680=DIRECTION('center_axis',(0.,0.,1.));
#14681=DIRECTION('ref_axis',(0.707106781186553,0.707106781186542,0.));
#14682=DIRECTION('',(0.,-1.,0.));
#14683=DIRECTION('center_axis',(0.,0.,-1.));
#14684=DIRECTION('ref_axis',(-0.707106781186544,-0.707106781186551,0.));
#14685=DIRECTION('',(1.,2.59513396228053E-17,0.));
#14686=DIRECTION('center_axis',(0.,0.,1.));
#14687=DIRECTION('ref_axis',(1.,-6.24500451351653E-15,0.));
#14688=DIRECTION('',(0.,-1.,0.));
#14689=DIRECTION('center_axis',(0.,0.,1.));
#14690=DIRECTION('ref_axis',(-1.,6.66133814775096E-15,0.));
#14691=DIRECTION('',(1.,0.,0.));
#14692=DIRECTION('center_axis',(0.,0.,-1.));
#14693=DIRECTION('ref_axis',(0.707106781186553,-0.707106781186542,0.));
#14694=DIRECTION('',(0.,1.,0.));
#14695=DIRECTION('center_axis',(0.,0.,1.));
#14696=DIRECTION('ref_axis',(-0.70710678118654,0.707106781186555,0.));
#14697=DIRECTION('',(-1.,0.,0.));
#14698=DIRECTION('center_axis',(0.,0.,1.));
#14699=DIRECTION('ref_axis',(0.707106781186529,0.707106781186566,0.));
#14700=DIRECTION('',(0.,1.,0.));
#14701=DIRECTION('center_axis',(0.,0.,1.));
#14702=DIRECTION('ref_axis',(1.,0.,0.));
#14703=DIRECTION('',(0.,1.,0.));
#14704=DIRECTION('center_axis',(0.,0.,1.));
#14705=DIRECTION('ref_axis',(-0.707106781186529,0.707106781186566,0.));
#14706=DIRECTION('',(-1.,2.91397119324188E-17,0.));
#14707=DIRECTION('center_axis',(0.,0.,1.));
#14708=DIRECTION('ref_axis',(0.707106781186552,0.707106781186543,0.));
#14709=DIRECTION('',(0.,-1.,0.));
#14710=DIRECTION('center_axis',(0.,0.,-1.));
#14711=DIRECTION('ref_axis',(-0.707106781186544,-0.707106781186551,0.));
#14712=DIRECTION('',(1.,0.,0.));
#14713=DIRECTION('center_axis',(0.,0.,-1.));
#14714=DIRECTION('ref_axis',(0.707106781186544,-0.707106781186551,0.));
#14715=DIRECTION('',(0.,1.,0.));
#14716=DIRECTION('center_axis',(0.,0.,1.));
#14717=DIRECTION('ref_axis',(-0.707106781186552,0.707106781186543,0.));
#14718=DIRECTION('',(-1.,2.91397119324188E-17,0.));
#14719=DIRECTION('center_axis',(0.,0.,1.));
#14720=DIRECTION('ref_axis',(0.707106781186576,0.707106781186519,0.));
#14721=DIRECTION('',(0.,1.,0.));
#14722=DIRECTION('center_axis',(0.,0.,1.));
#14723=DIRECTION('ref_axis',(1.,0.,0.));
#14724=DIRECTION('',(0.,1.,0.));
#14725=DIRECTION('center_axis',(0.,0.,1.));
#14726=DIRECTION('ref_axis',(-0.707106781186576,0.707106781186519,0.));
#14727=DIRECTION('',(-1.,-4.60064070150771E-16,0.));
#14728=DIRECTION('center_axis',(0.,0.,1.));
#14729=DIRECTION('ref_axis',(0.707106781186552,0.707106781186543,0.));
#14730=DIRECTION('',(0.,-1.,0.));
#14731=DIRECTION('center_axis',(0.,0.,-1.));
#14732=DIRECTION('ref_axis',(-0.707106781186544,-0.707106781186551,0.));
#14733=DIRECTION('',(1.,0.,0.));
#14734=DIRECTION('center_axis',(0.,0.,1.));
#14735=DIRECTION('ref_axis',(1.,1.33226762955017E-14,0.));
#14736=DIRECTION('',(0.,1.,0.));
#14737=DIRECTION('center_axis',(0.,0.,1.));
#14738=DIRECTION('ref_axis',(-3.55271367880045E-14,-1.,0.));
#14739=DIRECTION('',(1.,0.,0.));
#14740=DIRECTION('center_axis',(0.,0.,-1.));
#14741=DIRECTION('ref_axis',(-0.707106781186548,0.707106781186548,0.));
#14742=DIRECTION('',(0.,-1.,0.));
#14743=DIRECTION('center_axis',(0.,0.,1.));
#14744=DIRECTION('ref_axis',(0.707106781186548,-0.707106781186548,0.));
#14745=DIRECTION('',(1.,0.,0.));
#14746=DIRECTION('center_axis',(0.,0.,1.));
#14747=DIRECTION('ref_axis',(-0.707106781186548,-0.707106781186548,0.));
#14748=DIRECTION('',(0.,-1.,0.));
#14749=DIRECTION('center_axis',(0.,0.,1.));
#14750=DIRECTION('ref_axis',(1.,0.,0.));
#14751=DIRECTION('',(0.,-1.,0.));
#14752=DIRECTION('center_axis',(0.,0.,1.));
#14753=DIRECTION('ref_axis',(0.707106781186548,-0.707106781186548,0.));
#14754=DIRECTION('',(1.,0.,0.));
#14755=DIRECTION('center_axis',(0.,0.,1.));
#14756=DIRECTION('ref_axis',(-0.707106781186548,-0.707106781186548,0.));
#14757=DIRECTION('',(0.,1.,0.));
#14758=DIRECTION('center_axis',(0.,0.,-1.));
#14759=DIRECTION('ref_axis',(0.707106781186548,0.707106781186548,0.));
#14760=DIRECTION('',(1.,0.,0.));
#14761=DIRECTION('center_axis',(0.,0.,-1.));
#14762=DIRECTION('ref_axis',(-0.707106781186548,0.707106781186548,0.));
#14763=DIRECTION('',(0.,-1.,0.));
#14764=DIRECTION('center_axis',(0.,0.,1.));
#14765=DIRECTION('ref_axis',(0.707106781186548,-0.707106781186548,0.));
#14766=DIRECTION('',(1.,0.,0.));
#14767=DIRECTION('center_axis',(0.,0.,1.));
#14768=DIRECTION('ref_axis',(-0.707106781186497,-0.707106781186598,0.));
#14769=DIRECTION('',(0.,-1.,0.));
#14770=DIRECTION('center_axis',(0.,0.,1.));
#14771=DIRECTION('ref_axis',(1.,0.,0.));
#14772=DIRECTION('',(0.,-1.,0.));
#14773=DIRECTION('center_axis',(0.,0.,1.));
#14774=DIRECTION('ref_axis',(0.707106781186497,-0.707106781186598,0.));
#14775=DIRECTION('',(1.,0.,0.));
#14776=DIRECTION('center_axis',(0.,0.,1.));
#14777=DIRECTION('ref_axis',(-0.707106781186548,-0.707106781186548,0.));
#14778=DIRECTION('',(0.,1.,0.));
#14779=DIRECTION('center_axis',(0.,0.,-1.));
#14780=DIRECTION('ref_axis',(0.707106781186548,0.707106781186548,0.));
#14781=DIRECTION('center_axis',(0.,0.,1.));
#14782=DIRECTION('ref_axis',(1.,0.,0.));
#14783=DIRECTION('',(0.,1.,0.));
#14784=DIRECTION('center_axis',(0.,0.,-1.));
#14785=DIRECTION('ref_axis',(0.707106781186573,0.707106781186522,0.));
#14786=DIRECTION('',(-1.,0.,0.));
#14787=DIRECTION('center_axis',(0.,0.,-1.));
#14788=DIRECTION('ref_axis',(-0.707106781186522,0.707106781186573,0.));
#14789=DIRECTION('',(0.,-1.,0.));
#14790=DIRECTION('center_axis',(0.,0.,1.));
#14791=DIRECTION('ref_axis',(0.707106781186543,-0.707106781186552,0.));
#14792=DIRECTION('',(1.,0.,0.));
#14793=DIRECTION('center_axis',(0.,0.,1.));
#14794=DIRECTION('ref_axis',(-0.707106781186543,-0.707106781186552,0.));
#14795=DIRECTION('',(0.,1.,0.));
#14796=DIRECTION('center_axis',(0.,0.,-1.));
#14797=DIRECTION('ref_axis',(0.707106781186573,0.707106781186522,0.));
#14798=DIRECTION('',(-1.,0.,0.));
#14799=DIRECTION('center_axis',(0.,0.,-1.));
#14800=DIRECTION('ref_axis',(-0.707106781186548,0.707106781186548,0.));
#14801=DIRECTION('',(0.,-1.,0.));
#14802=DIRECTION('center_axis',(0.,0.,1.));
#14803=DIRECTION('ref_axis',(-1.,0.,0.));
#14804=DIRECTION('center_axis',(0.,0.,-1.));
#14805=DIRECTION('ref_axis',(-0.707106781186552,0.707106781186543,0.));
#14806=DIRECTION('',(0.,-1.,0.));
#14807=DIRECTION('center_axis',(0.,0.,1.));
#14808=DIRECTION('ref_axis',(0.707106781186541,-0.707106781186554,0.));
#14809=DIRECTION('',(1.,0.,0.));
#14810=DIRECTION('center_axis',(0.,0.,1.));
#14811=DIRECTION('ref_axis',(-0.70710678118651,-0.707106781186585,0.));
#14812=DIRECTION('',(0.,-1.,0.));
#14813=DIRECTION('center_axis',(0.,0.,1.));
#14814=DIRECTION('ref_axis',(1.,0.,0.));
#14815=DIRECTION('',(0.,-1.,0.));
#14816=DIRECTION('center_axis',(0.,0.,1.));
#14817=DIRECTION('ref_axis',(0.70710678118651,-0.707106781186585,0.));
#14818=DIRECTION('',(1.,0.,0.));
#14819=DIRECTION('center_axis',(0.,0.,1.));
#14820=DIRECTION('ref_axis',(-0.707106781186541,-0.707106781186554,0.));
#14821=DIRECTION('',(0.,1.,0.));
#14822=DIRECTION('center_axis',(0.,0.,-1.));
#14823=DIRECTION('ref_axis',(0.707106781186552,0.707106781186543,0.));
#14824=DIRECTION('',(1.,0.,0.));
#14825=DIRECTION('center_axis',(0.,0.,-1.));
#14826=DIRECTION('ref_axis',(-0.707106781186552,0.707106781186543,0.));
#14827=DIRECTION('',(0.,-1.,0.));
#14828=DIRECTION('center_axis',(0.,0.,1.));
#14829=DIRECTION('ref_axis',(0.707106781186541,-0.707106781186554,0.));
#14830=DIRECTION('',(1.,0.,0.));
#14831=DIRECTION('',(0.,1.,0.));
#14832=DIRECTION('center_axis',(0.,0.,-1.));
#14833=DIRECTION('ref_axis',(-1.,0.,0.));
#14834=DIRECTION('',(-1.,0.,0.));
#14835=DIRECTION('center_axis',(0.,0.,-1.));
#14836=DIRECTION('ref_axis',(0.,-1.,0.));
#14837=DIRECTION('',(0.,-1.,0.));
#14838=DIRECTION('center_axis',(0.,0.,-1.));
#14839=DIRECTION('ref_axis',(1.,0.,0.));
#14840=DIRECTION('',(1.,0.,0.));
#14841=DIRECTION('center_axis',(0.,0.,-1.));
#14842=DIRECTION('ref_axis',(0.,1.,0.));
#14843=DIRECTION('',(0.,1.,0.));
#14844=DIRECTION('center_axis',(0.,0.,-1.));
#14845=DIRECTION('ref_axis',(-1.,0.,0.));
#14846=DIRECTION('',(-1.,0.,0.));
#14847=DIRECTION('center_axis',(0.,0.,-1.));
#14848=DIRECTION('ref_axis',(0.,-1.,0.));
#14849=DIRECTION('',(0.,-1.,0.));
#14850=DIRECTION('center_axis',(0.,0.,-1.));
#14851=DIRECTION('ref_axis',(1.,0.,0.));
#14852=DIRECTION('',(1.,0.,0.));
#14853=DIRECTION('center_axis',(0.,0.,-1.));
#14854=DIRECTION('ref_axis',(0.,1.,0.));
#14855=DIRECTION('',(-0.999995728098623,-0.00292297528299729,0.));
#14856=DIRECTION('center_axis',(0.,0.,1.));
#14857=DIRECTION('ref_axis',(-0.00292297528304181,0.999995728098623,0.));
#14858=DIRECTION('',(0.999995728098623,0.0029229752829974,0.));
#14859=DIRECTION('center_axis',(0.,0.,1.));
#14860=DIRECTION('ref_axis',(0.00292297528304181,-0.999995728098623,0.));
#14861=DIRECTION('',(-0.999996534502493,-0.0026326760156259,0.));
#14862=DIRECTION('center_axis',(0.,0.,1.));
#14863=DIRECTION('ref_axis',(-0.00263267601567914,0.999996534502493,0.));
#14864=DIRECTION('',(0.999996534502493,0.00263267601562585,0.));
#14865=DIRECTION('center_axis',(0.,0.,1.));
#14866=DIRECTION('ref_axis',(0.00263267601567924,-0.999996534502493,0.));
#14867=DIRECTION('',(0.,-1.,0.));
#14868=DIRECTION('center_axis',(0.,0.,-1.));
#14869=DIRECTION('ref_axis',(1.,0.,0.));
#14870=DIRECTION('',(1.,0.,0.));
#14871=DIRECTION('center_axis',(0.,0.,-1.));
#14872=DIRECTION('ref_axis',(0.,1.,0.));
#14873=DIRECTION('',(0.,1.,0.));
#14874=DIRECTION('center_axis',(0.,0.,-1.));
#14875=DIRECTION('ref_axis',(-1.,0.,0.));
#14876=DIRECTION('',(-1.,0.,0.));
#14877=DIRECTION('center_axis',(0.,0.,-1.));
#14878=DIRECTION('ref_axis',(0.,-1.,0.));
#14879=DIRECTION('',(0.,-1.,0.));
#14880=DIRECTION('center_axis',(0.,0.,-1.));
#14881=DIRECTION('ref_axis',(1.,0.,0.));
#14882=DIRECTION('',(1.,0.,0.));
#14883=DIRECTION('center_axis',(0.,0.,-1.));
#14884=DIRECTION('ref_axis',(0.,1.,0.));
#14885=DIRECTION('',(0.,1.,0.));
#14886=DIRECTION('center_axis',(0.,0.,-1.));
#14887=DIRECTION('ref_axis',(-1.,0.,0.));
#14888=DIRECTION('',(-1.,0.,0.));
#14889=DIRECTION('center_axis',(0.,0.,-1.));
#14890=DIRECTION('ref_axis',(0.,-1.,0.));
#14891=DIRECTION('',(0.,-1.,0.));
#14892=DIRECTION('center_axis',(0.,0.,-1.));
#14893=DIRECTION('ref_axis',(1.,0.,0.));
#14894=DIRECTION('',(1.,0.,0.));
#14895=DIRECTION('center_axis',(0.,0.,-1.));
#14896=DIRECTION('ref_axis',(0.,1.,0.));
#14897=DIRECTION('',(0.,1.,0.));
#14898=DIRECTION('center_axis',(0.,0.,-1.));
#14899=DIRECTION('ref_axis',(-1.,0.,0.));
#14900=DIRECTION('',(-1.,0.,0.));
#14901=DIRECTION('center_axis',(0.,0.,-1.));
#14902=DIRECTION('ref_axis',(0.,-1.,0.));
#14903=DIRECTION('',(0.,-1.,0.));
#14904=DIRECTION('center_axis',(0.,0.,-1.));
#14905=DIRECTION('ref_axis',(-0.707106781186548,-0.707106781186548,0.));
#14906=DIRECTION('',(1.,0.,0.));
#14907=DIRECTION('center_axis',(0.,0.,-1.));
#14908=DIRECTION('ref_axis',(0.707106781186548,-0.707106781186548,0.));
#14909=DIRECTION('',(0.,1.,0.));
#14910=DIRECTION('center_axis',(0.,0.,-1.));
#14911=DIRECTION('ref_axis',(0.707106781186548,0.707106781186548,0.));
#14912=DIRECTION('',(-1.,0.,0.));
#14913=DIRECTION('center_axis',(0.,0.,-1.));
#14914=DIRECTION('ref_axis',(-0.707106781186548,0.707106781186548,0.));
#14915=DIRECTION('',(1.61486985400024E-14,-1.,0.));
#14916=DIRECTION('center_axis',(0.,0.,1.));
#14917=DIRECTION('ref_axis',(0.707106781186532,-0.707106781186563,0.));
#14918=DIRECTION('',(1.,-7.89491928622332E-16,0.));
#14919=DIRECTION('center_axis',(0.,0.,1.));
#14920=DIRECTION('ref_axis',(-0.707106781186547,-0.707106781186547,0.));
#14921=DIRECTION('',(0.,1.,0.));
#14922=DIRECTION('center_axis',(0.,0.,-1.));
#14923=DIRECTION('ref_axis',(0.707106781186548,0.707106781186548,0.));
#14924=DIRECTION('',(-1.,0.,0.));
#14925=DIRECTION('center_axis',(0.,0.,-1.));
#14926=DIRECTION('ref_axis',(-0.707106781186522,0.707106781186573,0.));
#14927=DIRECTION('',(1.,0.,0.));
#14928=DIRECTION('center_axis',(0.,0.,-1.));
#14929=DIRECTION('ref_axis',(0.707106781186554,-0.707106781186541,0.));
#14930=DIRECTION('',(0.,-1.,0.));
#14931=DIRECTION('center_axis',(0.,0.,1.));
#14932=DIRECTION('ref_axis',(-0.707106781186554,0.707106781186541,0.));
#14933=DIRECTION('',(1.,0.,0.));
#14934=DIRECTION('center_axis',(0.,0.,1.));
#14935=DIRECTION('ref_axis',(0.707106781186554,0.707106781186541,0.));
#14936=DIRECTION('',(0.,1.,0.));
#14937=DIRECTION('center_axis',(0.,0.,-1.));
#14938=DIRECTION('ref_axis',(-0.707106781186554,-0.707106781186541,0.));
#14939=DIRECTION('',(1.,0.,0.));
#14940=DIRECTION('center_axis',(0.,0.,-1.));
#14941=DIRECTION('ref_axis',(0.707106781186554,-0.707106781186541,0.));
#14942=DIRECTION('',(0.,1.,0.));
#14943=DIRECTION('center_axis',(0.,0.,-1.));
#14944=DIRECTION('ref_axis',(0.707106781186548,0.707106781186548,0.));
#14945=DIRECTION('',(-1.,0.,0.));
#14946=DIRECTION('center_axis',(0.,0.,-1.));
#14947=DIRECTION('ref_axis',(-0.707106781186541,0.707106781186554,0.));
#14948=DIRECTION('',(0.,1.,0.));
#14949=DIRECTION('center_axis',(0.,0.,1.));
#14950=DIRECTION('ref_axis',(0.707106781186541,-0.707106781186554,0.));
#14951=DIRECTION('',(-1.,0.,0.));
#14952=DIRECTION('center_axis',(0.,0.,1.));
#14953=DIRECTION('ref_axis',(-0.707106781186541,-0.707106781186554,0.));
#14954=DIRECTION('',(0.,-1.,0.));
#14955=DIRECTION('center_axis',(0.,0.,-1.));
#14956=DIRECTION('ref_axis',(0.707106781186541,0.707106781186554,0.));
#14957=DIRECTION('',(-1.,0.,0.));
#14958=DIRECTION('center_axis',(0.,0.,-1.));
#14959=DIRECTION('ref_axis',(-0.707106781186541,0.707106781186554,0.));
#14960=DIRECTION('',(0.,-1.,0.));
#14961=DIRECTION('center_axis',(0.,0.,-1.));
#14962=DIRECTION('ref_axis',(-0.707106781186555,-0.70710678118654,0.));
#14963=DIRECTION('',(0.,1.,0.));
#14964=DIRECTION('center_axis',(0.,0.,-1.));
#14965=DIRECTION('ref_axis',(-1.,0.,0.));
#14966=DIRECTION('',(-1.,0.,0.));
#14967=DIRECTION('center_axis',(0.,0.,-1.));
#14968=DIRECTION('ref_axis',(0.,-1.,0.));
#14969=DIRECTION('',(0.,-1.,0.));
#14970=DIRECTION('center_axis',(0.,0.,-1.));
#14971=DIRECTION('ref_axis',(1.,0.,0.));
#14972=DIRECTION('',(1.,0.,0.));
#14973=DIRECTION('center_axis',(0.,0.,-1.));
#14974=DIRECTION('ref_axis',(0.,1.,0.));
#14975=DIRECTION('',(-0.999994799426603,-0.00322507670433404,0.));
#14976=DIRECTION('center_axis',(0.,0.,1.));
#14977=DIRECTION('ref_axis',(-0.00322507670431673,0.999994799426603,0.));
#14978=DIRECTION('',(0.999994799426603,0.00322507670432516,0.));
#14979=DIRECTION('center_axis',(0.,0.,1.));
#14980=DIRECTION('ref_axis',(0.00322507670432538,-0.999994799426603,0.));
#14981=DIRECTION('',(-1.,0.,0.));
#14982=DIRECTION('center_axis',(0.,0.,1.));
#14983=DIRECTION('ref_axis',(0.,1.,0.));
#14984=DIRECTION('',(1.,0.,0.));
#14985=DIRECTION('center_axis',(0.,0.,1.));
#14986=DIRECTION('ref_axis',(0.,-1.,0.));
#14987=DIRECTION('',(-0.999996196158631,-0.00275820018664776,0.));
#14988=DIRECTION('center_axis',(0.,0.,1.));
#14989=DIRECTION('ref_axis',(-0.00275820018664779,0.999996196158631,0.));
#14990=DIRECTION('',(0.99999619615863,0.00275820018665662,0.));
#14991=DIRECTION('center_axis',(0.,0.,1.));
#14992=DIRECTION('ref_axis',(0.00275820018664789,-0.999996196158631,0.));
#14993=DIRECTION('',(1.,0.,0.));
#14994=DIRECTION('center_axis',(0.,0.,1.));
#14995=DIRECTION('ref_axis',(0.,-1.,0.));
#14996=DIRECTION('',(-1.,0.,0.));
#14997=DIRECTION('center_axis',(0.,0.,1.));
#14998=DIRECTION('ref_axis',(0.,1.,0.));
#14999=DIRECTION('center_axis',(0.,0.,1.));
#15000=DIRECTION('ref_axis',(0.,1.,0.));
#15001=DIRECTION('',(1.,3.30423571284167E-17,0.));
#15002=DIRECTION('center_axis',(0.,0.,1.));
#15003=DIRECTION('ref_axis',(0.,-1.,0.));
#15004=DIRECTION('',(-1.,6.93889390390723E-17,0.));
#15005=DIRECTION('center_axis',(0.,0.,1.));
#15006=DIRECTION('ref_axis',(0.,1.,0.));
#15007=DIRECTION('',(1.,3.30423571284168E-17,0.));
#15008=DIRECTION('center_axis',(0.,0.,1.));
#15009=DIRECTION('ref_axis',(0.,-1.,0.));
#15010=DIRECTION('',(-1.,6.93889390390725E-17,0.));
#15011=DIRECTION('center_axis',(0.,0.,-1.));
#15012=DIRECTION('ref_axis',(0.,1.,0.));
#15013=DIRECTION('',(0.,1.,0.));
#15014=DIRECTION('center_axis',(0.,0.,-1.));
#15015=DIRECTION('ref_axis',(-1.,0.,0.));
#15016=DIRECTION('',(-1.,0.,0.));
#15017=DIRECTION('center_axis',(0.,0.,-1.));
#15018=DIRECTION('ref_axis',(0.,-1.,0.));
#15019=DIRECTION('',(0.,-1.,0.));
#15020=DIRECTION('center_axis',(0.,0.,-1.));
#15021=DIRECTION('ref_axis',(1.,0.,0.));
#15022=DIRECTION('',(1.,0.,0.));
#15023=DIRECTION('center_axis',(0.,0.,-1.));
#15024=DIRECTION('ref_axis',(0.,1.,0.));
#15025=DIRECTION('',(0.,1.,0.));
#15026=DIRECTION('center_axis',(0.,0.,-1.));
#15027=DIRECTION('ref_axis',(-1.,0.,0.));
#15028=DIRECTION('',(-1.,0.,0.));
#15029=DIRECTION('center_axis',(0.,0.,-1.));
#15030=DIRECTION('ref_axis',(0.,-1.,0.));
#15031=DIRECTION('',(0.,-1.,0.));
#15032=DIRECTION('center_axis',(0.,0.,-1.));
#15033=DIRECTION('ref_axis',(1.,0.,0.));
#15034=DIRECTION('',(1.,0.,0.));
#15035=DIRECTION('center_axis',(0.,0.,-1.));
#15036=DIRECTION('ref_axis',(0.,1.,0.));
#15037=DIRECTION('',(0.,1.,0.));
#15038=DIRECTION('center_axis',(0.,0.,-1.));
#15039=DIRECTION('ref_axis',(-1.,0.,0.));
#15040=DIRECTION('',(-1.,0.,0.));
#15041=DIRECTION('center_axis',(0.,0.,-1.));
#15042=DIRECTION('ref_axis',(0.,-1.,0.));
#15043=DIRECTION('',(0.,-1.,0.));
#15044=DIRECTION('center_axis',(0.,0.,-1.));
#15045=DIRECTION('ref_axis',(1.,0.,0.));
#15046=DIRECTION('',(1.,0.,0.));
#15047=DIRECTION('center_axis',(0.,0.,-1.));
#15048=DIRECTION('ref_axis',(0.,1.,0.));
#15049=DIRECTION('',(0.,1.,0.));
#15050=DIRECTION('center_axis',(0.,0.,-1.));
#15051=DIRECTION('ref_axis',(-1.,0.,0.));
#15052=DIRECTION('',(-1.,0.,0.));
#15053=DIRECTION('center_axis',(0.,0.,-1.));
#15054=DIRECTION('ref_axis',(0.,-1.,0.));
#15055=DIRECTION('',(0.,-1.,0.));
#15056=DIRECTION('center_axis',(0.,0.,-1.));
#15057=DIRECTION('ref_axis',(1.,0.,0.));
#15058=DIRECTION('',(1.,0.,0.));
#15059=DIRECTION('center_axis',(0.,0.,-1.));
#15060=DIRECTION('ref_axis',(0.,1.,0.));
#15061=DIRECTION('',(0.,1.,0.));
#15062=DIRECTION('center_axis',(0.,0.,-1.));
#15063=DIRECTION('ref_axis',(-1.,0.,0.));
#15064=DIRECTION('',(-1.,0.,0.));
#15065=DIRECTION('center_axis',(0.,0.,-1.));
#15066=DIRECTION('ref_axis',(0.,-1.,0.));
#15067=DIRECTION('',(0.,-1.,0.));
#15068=DIRECTION('center_axis',(0.,0.,-1.));
#15069=DIRECTION('ref_axis',(1.,0.,0.));
#15070=DIRECTION('',(1.,0.,0.));
#15071=DIRECTION('center_axis',(0.,0.,-1.));
#15072=DIRECTION('ref_axis',(0.,1.,0.));
#15073=DIRECTION('',(0.,1.,0.));
#15074=DIRECTION('center_axis',(0.,0.,-1.));
#15075=DIRECTION('ref_axis',(-1.,0.,0.));
#15076=DIRECTION('',(-1.,0.,0.));
#15077=DIRECTION('center_axis',(0.,0.,-1.));
#15078=DIRECTION('ref_axis',(0.,-1.,0.));
#15079=DIRECTION('',(0.,-1.,0.));
#15080=DIRECTION('center_axis',(0.,0.,-1.));
#15081=DIRECTION('ref_axis',(1.,0.,0.));
#15082=DIRECTION('',(1.,0.,0.));
#15083=DIRECTION('center_axis',(0.,0.,-1.));
#15084=DIRECTION('ref_axis',(0.,1.,0.));
#15085=DIRECTION('',(0.,1.,0.));
#15086=DIRECTION('center_axis',(0.,0.,-1.));
#15087=DIRECTION('ref_axis',(-1.,0.,0.));
#15088=DIRECTION('',(-1.,0.,0.));
#15089=DIRECTION('center_axis',(0.,0.,-1.));
#15090=DIRECTION('ref_axis',(0.,-1.,0.));
#15091=DIRECTION('',(0.,-1.,0.));
#15092=DIRECTION('center_axis',(0.,0.,-1.));
#15093=DIRECTION('ref_axis',(1.,0.,0.));
#15094=DIRECTION('',(1.,0.,0.));
#15095=DIRECTION('center_axis',(0.,0.,-1.));
#15096=DIRECTION('ref_axis',(0.,1.,0.));
#15097=DIRECTION('',(0.,1.,0.));
#15098=DIRECTION('center_axis',(0.,0.,-1.));
#15099=DIRECTION('ref_axis',(-1.,0.,0.));
#15100=DIRECTION('',(-1.,0.,0.));
#15101=DIRECTION('center_axis',(0.,0.,-1.));
#15102=DIRECTION('ref_axis',(0.,-1.,0.));
#15103=DIRECTION('',(0.,-1.,0.));
#15104=DIRECTION('center_axis',(0.,0.,-1.));
#15105=DIRECTION('ref_axis',(1.,0.,0.));
#15106=DIRECTION('',(1.,0.,0.));
#15107=DIRECTION('center_axis',(0.,0.,-1.));
#15108=DIRECTION('ref_axis',(0.,1.,0.));
#15109=DIRECTION('',(0.,1.,0.));
#15110=DIRECTION('center_axis',(0.,0.,-1.));
#15111=DIRECTION('ref_axis',(-1.,0.,0.));
#15112=DIRECTION('',(-1.,0.,0.));
#15113=DIRECTION('center_axis',(0.,0.,-1.));
#15114=DIRECTION('ref_axis',(0.,-1.,0.));
#15115=DIRECTION('',(0.,-1.,0.));
#15116=DIRECTION('center_axis',(0.,0.,-1.));
#15117=DIRECTION('ref_axis',(1.,0.,0.));
#15118=DIRECTION('',(1.,0.,0.));
#15119=DIRECTION('center_axis',(0.,0.,-1.));
#15120=DIRECTION('ref_axis',(0.,1.,0.));
#15121=DIRECTION('',(0.,1.,0.));
#15122=DIRECTION('center_axis',(0.,0.,-1.));
#15123=DIRECTION('ref_axis',(-1.,0.,0.));
#15124=DIRECTION('',(-1.,0.,0.));
#15125=DIRECTION('center_axis',(0.,0.,-1.));
#15126=DIRECTION('ref_axis',(0.,-1.,0.));
#15127=DIRECTION('',(0.,-1.,0.));
#15128=DIRECTION('center_axis',(0.,0.,-1.));
#15129=DIRECTION('ref_axis',(1.,0.,0.));
#15130=DIRECTION('',(1.,0.,0.));
#15131=DIRECTION('center_axis',(0.,0.,-1.));
#15132=DIRECTION('ref_axis',(0.,1.,0.));
#15133=DIRECTION('',(0.,1.,0.));
#15134=DIRECTION('center_axis',(0.,0.,-1.));
#15135=DIRECTION('ref_axis',(-1.,0.,0.));
#15136=DIRECTION('',(-1.,0.,0.));
#15137=DIRECTION('center_axis',(0.,0.,-1.));
#15138=DIRECTION('ref_axis',(0.,-1.,0.));
#15139=DIRECTION('',(0.,-1.,0.));
#15140=DIRECTION('center_axis',(0.,0.,-1.));
#15141=DIRECTION('ref_axis',(1.,0.,0.));
#15142=DIRECTION('',(1.,0.,0.));
#15143=DIRECTION('center_axis',(0.,0.,-1.));
#15144=DIRECTION('ref_axis',(0.,1.,0.));
#15145=DIRECTION('',(0.,1.,0.));
#15146=DIRECTION('center_axis',(0.,0.,-1.));
#15147=DIRECTION('ref_axis',(-1.,0.,0.));
#15148=DIRECTION('',(-1.,0.,0.));
#15149=DIRECTION('center_axis',(0.,0.,-1.));
#15150=DIRECTION('ref_axis',(0.,-1.,0.));
#15151=DIRECTION('',(0.,-1.,0.));
#15152=DIRECTION('center_axis',(0.,0.,-1.));
#15153=DIRECTION('ref_axis',(1.,0.,0.));
#15154=DIRECTION('',(1.,0.,0.));
#15155=DIRECTION('center_axis',(0.,0.,-1.));
#15156=DIRECTION('ref_axis',(0.,1.,0.));
#15157=DIRECTION('',(0.,1.,0.));
#15158=DIRECTION('center_axis',(0.,0.,-1.));
#15159=DIRECTION('ref_axis',(-1.,0.,0.));
#15160=DIRECTION('',(-1.,0.,0.));
#15161=DIRECTION('center_axis',(0.,0.,-1.));
#15162=DIRECTION('ref_axis',(0.,-1.,0.));
#15163=DIRECTION('',(0.,-1.,0.));
#15164=DIRECTION('center_axis',(0.,0.,-1.));
#15165=DIRECTION('ref_axis',(1.,0.,0.));
#15166=DIRECTION('',(1.,0.,0.));
#15167=DIRECTION('center_axis',(0.,0.,-1.));
#15168=DIRECTION('ref_axis',(0.,1.,0.));
#15169=DIRECTION('',(0.,1.,0.));
#15170=DIRECTION('center_axis',(0.,0.,-1.));
#15171=DIRECTION('ref_axis',(-1.,0.,0.));
#15172=DIRECTION('',(-1.,0.,0.));
#15173=DIRECTION('center_axis',(0.,0.,-1.));
#15174=DIRECTION('ref_axis',(0.,-1.,0.));
#15175=DIRECTION('',(0.,-1.,0.));
#15176=DIRECTION('center_axis',(0.,0.,-1.));
#15177=DIRECTION('ref_axis',(1.,0.,0.));
#15178=DIRECTION('',(1.,0.,0.));
#15179=DIRECTION('center_axis',(0.,0.,-1.));
#15180=DIRECTION('ref_axis',(0.,1.,0.));
#15181=DIRECTION('',(0.,1.,0.));
#15182=DIRECTION('center_axis',(0.,0.,-1.));
#15183=DIRECTION('ref_axis',(-1.,0.,0.));
#15184=DIRECTION('',(-1.,0.,0.));
#15185=DIRECTION('center_axis',(0.,0.,-1.));
#15186=DIRECTION('ref_axis',(0.,-1.,0.));
#15187=DIRECTION('',(0.,-1.,0.));
#15188=DIRECTION('center_axis',(0.,0.,-1.));
#15189=DIRECTION('ref_axis',(1.,0.,0.));
#15190=DIRECTION('',(1.,0.,0.));
#15191=DIRECTION('center_axis',(0.,0.,-1.));
#15192=DIRECTION('ref_axis',(0.,1.,0.));
#15193=DIRECTION('',(0.,1.,0.));
#15194=DIRECTION('center_axis',(0.,0.,-1.));
#15195=DIRECTION('ref_axis',(-1.,0.,0.));
#15196=DIRECTION('',(-1.,0.,0.));
#15197=DIRECTION('center_axis',(0.,0.,-1.));
#15198=DIRECTION('ref_axis',(0.,-1.,0.));
#15199=DIRECTION('',(0.,-1.,0.));
#15200=DIRECTION('center_axis',(0.,0.,-1.));
#15201=DIRECTION('ref_axis',(1.,0.,0.));
#15202=DIRECTION('',(1.,0.,0.));
#15203=DIRECTION('center_axis',(0.,0.,-1.));
#15204=DIRECTION('ref_axis',(0.,1.,0.));
#15205=DIRECTION('',(0.,1.,0.));
#15206=DIRECTION('center_axis',(0.,0.,-1.));
#15207=DIRECTION('ref_axis',(-1.,0.,0.));
#15208=DIRECTION('',(-1.,0.,0.));
#15209=DIRECTION('center_axis',(0.,0.,-1.));
#15210=DIRECTION('ref_axis',(0.,-1.,0.));
#15211=DIRECTION('',(0.,-1.,0.));
#15212=DIRECTION('center_axis',(0.,0.,-1.));
#15213=DIRECTION('ref_axis',(1.,0.,0.));
#15214=DIRECTION('',(1.,0.,0.));
#15215=DIRECTION('center_axis',(0.,0.,-1.));
#15216=DIRECTION('ref_axis',(0.,1.,0.));
#15217=DIRECTION('',(0.,1.,0.));
#15218=DIRECTION('center_axis',(0.,0.,-1.));
#15219=DIRECTION('ref_axis',(-1.,0.,0.));
#15220=DIRECTION('',(-1.,0.,0.));
#15221=DIRECTION('center_axis',(0.,0.,-1.));
#15222=DIRECTION('ref_axis',(0.,-1.,0.));
#15223=DIRECTION('',(0.,-1.,0.));
#15224=DIRECTION('center_axis',(0.,0.,-1.));
#15225=DIRECTION('ref_axis',(1.,0.,0.));
#15226=DIRECTION('',(1.,0.,0.));
#15227=DIRECTION('center_axis',(0.,0.,-1.));
#15228=DIRECTION('ref_axis',(0.,1.,0.));
#15229=DIRECTION('',(0.,1.,0.));
#15230=DIRECTION('center_axis',(0.,0.,-1.));
#15231=DIRECTION('ref_axis',(-1.,0.,0.));
#15232=DIRECTION('',(-1.,0.,0.));
#15233=DIRECTION('center_axis',(0.,0.,-1.));
#15234=DIRECTION('ref_axis',(0.,-1.,0.));
#15235=DIRECTION('',(0.,-1.,0.));
#15236=DIRECTION('center_axis',(0.,0.,-1.));
#15237=DIRECTION('ref_axis',(1.,0.,0.));
#15238=DIRECTION('',(1.,0.,0.));
#15239=DIRECTION('center_axis',(0.,0.,-1.));
#15240=DIRECTION('ref_axis',(0.,1.,0.));
#15241=DIRECTION('',(0.,1.,0.));
#15242=DIRECTION('center_axis',(0.,0.,-1.));
#15243=DIRECTION('ref_axis',(-1.,0.,0.));
#15244=DIRECTION('',(-1.,0.,0.));
#15245=DIRECTION('center_axis',(0.,0.,-1.));
#15246=DIRECTION('ref_axis',(0.,-1.,0.));
#15247=DIRECTION('',(0.,-1.,0.));
#15248=DIRECTION('center_axis',(0.,0.,-1.));
#15249=DIRECTION('ref_axis',(1.,0.,0.));
#15250=DIRECTION('',(1.,0.,0.));
#15251=DIRECTION('center_axis',(0.,0.,-1.));
#15252=DIRECTION('ref_axis',(0.,1.,0.));
#15253=DIRECTION('',(0.,1.,0.));
#15254=DIRECTION('center_axis',(0.,0.,-1.));
#15255=DIRECTION('ref_axis',(-1.,0.,0.));
#15256=DIRECTION('',(-1.,0.,0.));
#15257=DIRECTION('center_axis',(0.,0.,-1.));
#15258=DIRECTION('ref_axis',(0.,-1.,0.));
#15259=DIRECTION('',(0.,-1.,0.));
#15260=DIRECTION('center_axis',(0.,0.,-1.));
#15261=DIRECTION('ref_axis',(1.,0.,0.));
#15262=DIRECTION('',(1.,0.,0.));
#15263=DIRECTION('center_axis',(0.,0.,-1.));
#15264=DIRECTION('ref_axis',(0.,1.,0.));
#15265=DIRECTION('',(0.,1.,0.));
#15266=DIRECTION('center_axis',(0.,0.,-1.));
#15267=DIRECTION('ref_axis',(-1.,0.,0.));
#15268=DIRECTION('',(-1.,0.,0.));
#15269=DIRECTION('center_axis',(0.,0.,-1.));
#15270=DIRECTION('ref_axis',(0.,-1.,0.));
#15271=DIRECTION('',(0.,-1.,0.));
#15272=DIRECTION('center_axis',(0.,0.,-1.));
#15273=DIRECTION('ref_axis',(1.,0.,0.));
#15274=DIRECTION('',(1.,0.,0.));
#15275=DIRECTION('center_axis',(0.,0.,-1.));
#15276=DIRECTION('ref_axis',(0.,1.,0.));
#15277=DIRECTION('',(0.,1.,0.));
#15278=DIRECTION('center_axis',(0.,0.,-1.));
#15279=DIRECTION('ref_axis',(-1.,0.,0.));
#15280=DIRECTION('',(-1.,0.,0.));
#15281=DIRECTION('center_axis',(0.,0.,-1.));
#15282=DIRECTION('ref_axis',(0.,-1.,0.));
#15283=DIRECTION('',(0.,-1.,0.));
#15284=DIRECTION('center_axis',(0.,0.,-1.));
#15285=DIRECTION('ref_axis',(1.,0.,0.));
#15286=DIRECTION('',(1.,0.,0.));
#15287=DIRECTION('center_axis',(0.,0.,-1.));
#15288=DIRECTION('ref_axis',(0.,1.,0.));
#15289=DIRECTION('',(0.,1.,0.));
#15290=DIRECTION('center_axis',(0.,0.,-1.));
#15291=DIRECTION('ref_axis',(-1.,0.,0.));
#15292=DIRECTION('',(-1.,0.,0.));
#15293=DIRECTION('center_axis',(0.,0.,-1.));
#15294=DIRECTION('ref_axis',(0.,-1.,0.));
#15295=DIRECTION('',(0.,-1.,0.));
#15296=DIRECTION('center_axis',(0.,0.,-1.));
#15297=DIRECTION('ref_axis',(1.,0.,0.));
#15298=DIRECTION('',(1.,0.,0.));
#15299=DIRECTION('center_axis',(0.,0.,-1.));
#15300=DIRECTION('ref_axis',(0.,1.,0.));
#15301=DIRECTION('',(0.,1.,0.));
#15302=DIRECTION('center_axis',(0.,0.,-1.));
#15303=DIRECTION('ref_axis',(-1.,0.,0.));
#15304=DIRECTION('',(-1.,0.,0.));
#15305=DIRECTION('center_axis',(0.,0.,-1.));
#15306=DIRECTION('ref_axis',(0.,-1.,0.));
#15307=DIRECTION('',(0.,-1.,0.));
#15308=DIRECTION('center_axis',(0.,0.,-1.));
#15309=DIRECTION('ref_axis',(1.,0.,0.));
#15310=DIRECTION('',(1.,0.,0.));
#15311=DIRECTION('center_axis',(0.,0.,-1.));
#15312=DIRECTION('ref_axis',(0.,1.,0.));
#15313=DIRECTION('',(0.,1.,0.));
#15314=DIRECTION('center_axis',(0.,0.,-1.));
#15315=DIRECTION('ref_axis',(-1.,0.,0.));
#15316=DIRECTION('',(-1.,0.,0.));
#15317=DIRECTION('center_axis',(0.,0.,-1.));
#15318=DIRECTION('ref_axis',(0.,-1.,0.));
#15319=DIRECTION('',(0.,-1.,0.));
#15320=DIRECTION('center_axis',(0.,0.,-1.));
#15321=DIRECTION('ref_axis',(1.,0.,0.));
#15322=DIRECTION('',(1.,0.,0.));
#15323=DIRECTION('center_axis',(0.,0.,-1.));
#15324=DIRECTION('ref_axis',(0.,1.,0.));
#15325=DIRECTION('',(0.,1.,0.));
#15326=DIRECTION('center_axis',(0.,0.,-1.));
#15327=DIRECTION('ref_axis',(-1.,0.,0.));
#15328=DIRECTION('',(-1.,0.,0.));
#15329=DIRECTION('center_axis',(0.,0.,-1.));
#15330=DIRECTION('ref_axis',(0.,-1.,0.));
#15331=DIRECTION('',(0.,-1.,0.));
#15332=DIRECTION('center_axis',(0.,0.,-1.));
#15333=DIRECTION('ref_axis',(1.,0.,0.));
#15334=DIRECTION('',(1.,0.,0.));
#15335=DIRECTION('center_axis',(0.,0.,-1.));
#15336=DIRECTION('ref_axis',(0.,1.,0.));
#15337=DIRECTION('',(0.,1.,0.));
#15338=DIRECTION('center_axis',(0.,0.,-1.));
#15339=DIRECTION('ref_axis',(-1.,0.,0.));
#15340=DIRECTION('',(-1.,0.,0.));
#15341=DIRECTION('center_axis',(0.,0.,-1.));
#15342=DIRECTION('ref_axis',(0.,-1.,0.));
#15343=DIRECTION('',(0.,-1.,0.));
#15344=DIRECTION('center_axis',(0.,0.,-1.));
#15345=DIRECTION('ref_axis',(1.,0.,0.));
#15346=DIRECTION('',(1.,0.,0.));
#15347=DIRECTION('center_axis',(0.,0.,-1.));
#15348=DIRECTION('ref_axis',(0.,1.,0.));
#15349=DIRECTION('',(0.,1.,0.));
#15350=DIRECTION('center_axis',(0.,0.,-1.));
#15351=DIRECTION('ref_axis',(-1.,0.,0.));
#15352=DIRECTION('',(-1.,0.,0.));
#15353=DIRECTION('center_axis',(0.,0.,-1.));
#15354=DIRECTION('ref_axis',(0.,-1.,0.));
#15355=DIRECTION('',(0.,-1.,0.));
#15356=DIRECTION('center_axis',(0.,0.,-1.));
#15357=DIRECTION('ref_axis',(1.,0.,0.));
#15358=DIRECTION('',(1.,0.,0.));
#15359=DIRECTION('center_axis',(0.,0.,-1.));
#15360=DIRECTION('ref_axis',(0.,1.,0.));
#15361=DIRECTION('',(0.,1.,0.));
#15362=DIRECTION('center_axis',(0.,0.,-1.));
#15363=DIRECTION('ref_axis',(-1.,0.,0.));
#15364=DIRECTION('',(-1.,0.,0.));
#15365=DIRECTION('center_axis',(0.,0.,-1.));
#15366=DIRECTION('ref_axis',(0.,-1.,0.));
#15367=DIRECTION('',(0.,-1.,0.));
#15368=DIRECTION('center_axis',(0.,0.,-1.));
#15369=DIRECTION('ref_axis',(1.,0.,0.));
#15370=DIRECTION('',(1.,0.,0.));
#15371=DIRECTION('center_axis',(0.,0.,-1.));
#15372=DIRECTION('ref_axis',(0.,1.,0.));
#15373=DIRECTION('',(0.,1.,0.));
#15374=DIRECTION('center_axis',(0.,0.,-1.));
#15375=DIRECTION('ref_axis',(-1.,0.,0.));
#15376=DIRECTION('',(-1.,0.,0.));
#15377=DIRECTION('center_axis',(0.,0.,-1.));
#15378=DIRECTION('ref_axis',(0.,-1.,0.));
#15379=DIRECTION('',(0.,-1.,0.));
#15380=DIRECTION('center_axis',(0.,0.,-1.));
#15381=DIRECTION('ref_axis',(1.,0.,0.));
#15382=DIRECTION('',(1.,0.,0.));
#15383=DIRECTION('center_axis',(0.,0.,-1.));
#15384=DIRECTION('ref_axis',(0.,1.,0.));
#15385=DIRECTION('',(0.,1.,0.));
#15386=DIRECTION('center_axis',(0.,0.,-1.));
#15387=DIRECTION('ref_axis',(-1.,0.,0.));
#15388=DIRECTION('',(-1.,0.,0.));
#15389=DIRECTION('center_axis',(0.,0.,-1.));
#15390=DIRECTION('ref_axis',(0.,-1.,0.));
#15391=DIRECTION('',(0.,-1.,0.));
#15392=DIRECTION('center_axis',(0.,0.,-1.));
#15393=DIRECTION('ref_axis',(1.,0.,0.));
#15394=DIRECTION('',(1.,0.,0.));
#15395=DIRECTION('center_axis',(0.,0.,-1.));
#15396=DIRECTION('ref_axis',(0.,1.,0.));
#15397=DIRECTION('',(0.,1.,0.));
#15398=DIRECTION('center_axis',(0.,0.,-1.));
#15399=DIRECTION('ref_axis',(-1.,0.,0.));
#15400=DIRECTION('',(-1.,0.,0.));
#15401=DIRECTION('center_axis',(0.,0.,-1.));
#15402=DIRECTION('ref_axis',(0.,-1.,0.));
#15403=DIRECTION('',(0.,-1.,0.));
#15404=DIRECTION('center_axis',(0.,0.,-1.));
#15405=DIRECTION('ref_axis',(1.,0.,0.));
#15406=DIRECTION('',(1.,0.,0.));
#15407=DIRECTION('center_axis',(0.,0.,-1.));
#15408=DIRECTION('ref_axis',(0.,1.,0.));
#15409=DIRECTION('',(0.,1.,0.));
#15410=DIRECTION('center_axis',(0.,0.,-1.));
#15411=DIRECTION('ref_axis',(-1.,0.,0.));
#15412=DIRECTION('',(-1.,0.,0.));
#15413=DIRECTION('center_axis',(0.,0.,-1.));
#15414=DIRECTION('ref_axis',(0.,-1.,0.));
#15415=DIRECTION('',(0.,-1.,0.));
#15416=DIRECTION('center_axis',(0.,0.,-1.));
#15417=DIRECTION('ref_axis',(1.,0.,0.));
#15418=DIRECTION('',(1.,0.,0.));
#15419=DIRECTION('center_axis',(0.,0.,-1.));
#15420=DIRECTION('ref_axis',(0.,1.,0.));
#15421=DIRECTION('',(0.,1.,0.));
#15422=DIRECTION('center_axis',(0.,0.,-1.));
#15423=DIRECTION('ref_axis',(-1.,0.,0.));
#15424=DIRECTION('',(-1.,0.,0.));
#15425=DIRECTION('center_axis',(0.,0.,-1.));
#15426=DIRECTION('ref_axis',(0.,-1.,0.));
#15427=DIRECTION('',(0.,-1.,0.));
#15428=DIRECTION('center_axis',(0.,0.,-1.));
#15429=DIRECTION('ref_axis',(1.,0.,0.));
#15430=DIRECTION('',(1.,0.,0.));
#15431=DIRECTION('center_axis',(0.,0.,-1.));
#15432=DIRECTION('ref_axis',(0.,1.,0.));
#15433=DIRECTION('',(0.,1.,0.));
#15434=DIRECTION('center_axis',(0.,0.,-1.));
#15435=DIRECTION('ref_axis',(-1.,0.,0.));
#15436=DIRECTION('',(-1.,0.,0.));
#15437=DIRECTION('center_axis',(0.,0.,-1.));
#15438=DIRECTION('ref_axis',(0.,-1.,0.));
#15439=DIRECTION('',(0.,-1.,0.));
#15440=DIRECTION('center_axis',(0.,0.,-1.));
#15441=DIRECTION('ref_axis',(1.,0.,0.));
#15442=DIRECTION('',(1.,0.,0.));
#15443=DIRECTION('center_axis',(0.,0.,-1.));
#15444=DIRECTION('ref_axis',(0.,1.,0.));
#15445=DIRECTION('',(0.,1.,0.));
#15446=DIRECTION('center_axis',(0.,0.,-1.));
#15447=DIRECTION('ref_axis',(-1.,0.,0.));
#15448=DIRECTION('',(-1.,0.,0.));
#15449=DIRECTION('center_axis',(0.,0.,-1.));
#15450=DIRECTION('ref_axis',(0.,-1.,0.));
#15451=DIRECTION('',(0.,-1.,0.));
#15452=DIRECTION('center_axis',(0.,0.,-1.));
#15453=DIRECTION('ref_axis',(1.,0.,0.));
#15454=DIRECTION('',(1.,0.,0.));
#15455=DIRECTION('center_axis',(0.,0.,-1.));
#15456=DIRECTION('ref_axis',(0.,1.,0.));
#15457=DIRECTION('',(0.,1.,0.));
#15458=DIRECTION('center_axis',(0.,0.,-1.));
#15459=DIRECTION('ref_axis',(-1.,0.,0.));
#15460=DIRECTION('',(-1.,0.,0.));
#15461=DIRECTION('center_axis',(0.,0.,-1.));
#15462=DIRECTION('ref_axis',(0.,-1.,0.));
#15463=DIRECTION('',(0.,-1.,0.));
#15464=DIRECTION('center_axis',(0.,0.,-1.));
#15465=DIRECTION('ref_axis',(1.,0.,0.));
#15466=DIRECTION('',(1.,0.,0.));
#15467=DIRECTION('center_axis',(0.,0.,-1.));
#15468=DIRECTION('ref_axis',(0.,1.,0.));
#15469=DIRECTION('',(0.,1.,0.));
#15470=DIRECTION('center_axis',(0.,0.,-1.));
#15471=DIRECTION('ref_axis',(-1.,0.,0.));
#15472=DIRECTION('',(-1.,0.,0.));
#15473=DIRECTION('center_axis',(0.,0.,-1.));
#15474=DIRECTION('ref_axis',(0.,-1.,0.));
#15475=DIRECTION('',(0.,-1.,0.));
#15476=DIRECTION('center_axis',(0.,0.,-1.));
#15477=DIRECTION('ref_axis',(1.,0.,0.));
#15478=DIRECTION('',(1.,0.,0.));
#15479=DIRECTION('center_axis',(0.,0.,-1.));
#15480=DIRECTION('ref_axis',(0.,1.,0.));
#15481=DIRECTION('',(0.,1.,0.));
#15482=DIRECTION('center_axis',(0.,0.,-1.));
#15483=DIRECTION('ref_axis',(-1.,0.,0.));
#15484=DIRECTION('',(-1.,0.,0.));
#15485=DIRECTION('center_axis',(0.,0.,-1.));
#15486=DIRECTION('ref_axis',(0.,-1.,0.));
#15487=DIRECTION('',(0.,-1.,0.));
#15488=DIRECTION('center_axis',(0.,0.,-1.));
#15489=DIRECTION('ref_axis',(1.,0.,0.));
#15490=DIRECTION('',(1.,0.,0.));
#15491=DIRECTION('center_axis',(0.,0.,-1.));
#15492=DIRECTION('ref_axis',(0.,1.,0.));
#15493=DIRECTION('',(0.,1.,0.));
#15494=DIRECTION('center_axis',(0.,0.,-1.));
#15495=DIRECTION('ref_axis',(-1.,0.,0.));
#15496=DIRECTION('',(-1.,0.,0.));
#15497=DIRECTION('center_axis',(0.,0.,-1.));
#15498=DIRECTION('ref_axis',(0.,-1.,0.));
#15499=DIRECTION('',(0.,-1.,0.));
#15500=DIRECTION('center_axis',(0.,0.,-1.));
#15501=DIRECTION('ref_axis',(1.,0.,0.));
#15502=DIRECTION('',(1.,0.,0.));
#15503=DIRECTION('center_axis',(0.,0.,-1.));
#15504=DIRECTION('ref_axis',(0.,1.,0.));
#15505=DIRECTION('',(0.,1.,0.));
#15506=DIRECTION('center_axis',(0.,0.,-1.));
#15507=DIRECTION('ref_axis',(-1.,0.,0.));
#15508=DIRECTION('',(-1.,0.,0.));
#15509=DIRECTION('center_axis',(0.,0.,-1.));
#15510=DIRECTION('ref_axis',(0.,-1.,0.));
#15511=DIRECTION('',(0.,-1.,0.));
#15512=DIRECTION('center_axis',(0.,0.,-1.));
#15513=DIRECTION('ref_axis',(1.,0.,0.));
#15514=DIRECTION('',(1.,0.,0.));
#15515=DIRECTION('center_axis',(0.,0.,-1.));
#15516=DIRECTION('ref_axis',(0.,1.,0.));
#15517=DIRECTION('',(0.,1.,0.));
#15518=DIRECTION('center_axis',(0.,0.,-1.));
#15519=DIRECTION('ref_axis',(-1.,0.,0.));
#15520=DIRECTION('',(-1.,0.,0.));
#15521=DIRECTION('center_axis',(0.,0.,-1.));
#15522=DIRECTION('ref_axis',(0.,-1.,0.));
#15523=DIRECTION('',(0.,-1.,0.));
#15524=DIRECTION('center_axis',(0.,0.,-1.));
#15525=DIRECTION('ref_axis',(1.,0.,0.));
#15526=DIRECTION('',(1.,0.,0.));
#15527=DIRECTION('center_axis',(0.,0.,-1.));
#15528=DIRECTION('ref_axis',(0.,1.,0.));
#15529=DIRECTION('',(0.,1.,0.));
#15530=DIRECTION('center_axis',(0.,0.,-1.));
#15531=DIRECTION('ref_axis',(-1.,0.,0.));
#15532=DIRECTION('',(-1.,0.,0.));
#15533=DIRECTION('center_axis',(0.,0.,-1.));
#15534=DIRECTION('ref_axis',(0.,-1.,0.));
#15535=DIRECTION('',(0.,-1.,0.));
#15536=DIRECTION('center_axis',(0.,0.,-1.));
#15537=DIRECTION('ref_axis',(1.,0.,0.));
#15538=DIRECTION('',(1.,0.,0.));
#15539=DIRECTION('center_axis',(0.,0.,-1.));
#15540=DIRECTION('ref_axis',(-0.70710678118651,-0.707106781186585,0.));
#15541=DIRECTION('',(0.,0.,1.));
#15542=DIRECTION('',(0.,0.,-1.));
#15543=DIRECTION('center_axis',(-1.,0.,0.));
#15544=DIRECTION('ref_axis',(0.,0.,-1.));
#15545=DIRECTION('',(0.,0.,1.));
#15546=DIRECTION('center_axis',(0.,0.,1.));
#15547=DIRECTION('ref_axis',(0.70710678118651,-0.707106781186585,0.));
#15548=DIRECTION('',(0.,0.,-1.));
#15549=DIRECTION('',(0.,0.,1.));
#15550=DIRECTION('center_axis',(1.,0.,0.));
#15551=DIRECTION('ref_axis',(0.,0.,1.));
#15552=DIRECTION('',(0.,0.,-1.));
#15553=DIRECTION('center_axis',(0.,0.,-1.));
#15554=DIRECTION('ref_axis',(-0.707106781186497,-0.707106781186598,0.));
#15555=DIRECTION('',(0.,0.,1.));
#15556=DIRECTION('',(0.,0.,-1.));
#15557=DIRECTION('center_axis',(-1.,0.,0.));
#15558=DIRECTION('ref_axis',(0.,0.,-1.));
#15559=DIRECTION('',(0.,0.,1.));
#15560=DIRECTION('center_axis',(0.,0.,1.));
#15561=DIRECTION('ref_axis',(0.707106781186497,-0.707106781186598,0.));
#15562=DIRECTION('',(0.,0.,-1.));
#15563=DIRECTION('',(0.,0.,1.));
#15564=DIRECTION('center_axis',(1.,0.,0.));
#15565=DIRECTION('ref_axis',(0.,0.,1.));
#15566=DIRECTION('',(0.,0.,-1.));
#15567=DIRECTION('center_axis',(0.,0.,1.));
#15568=DIRECTION('ref_axis',(0.707106781186548,-0.707106781186548,0.));
#15569=DIRECTION('',(0.,0.,-1.));
#15570=DIRECTION('',(0.,0.,1.));
#15571=DIRECTION('center_axis',(0.,-1.,0.));
#15572=DIRECTION('ref_axis',(0.,0.,-1.));
#15573=DIRECTION('',(0.,0.,1.));
#15574=DIRECTION('center_axis',(0.,0.,-1.));
#15575=DIRECTION('ref_axis',(-0.707106781186548,-0.707106781186548,0.));
#15576=DIRECTION('',(0.,0.,1.));
#15577=DIRECTION('',(0.,0.,-1.));
#15578=DIRECTION('center_axis',(0.,-1.,0.));
#15579=DIRECTION('ref_axis',(0.,0.,-1.));
#15580=DIRECTION('',(0.,0.,-1.));
#15581=DIRECTION('center_axis',(0.,0.,1.));
#15582=DIRECTION('ref_axis',(-0.707106781186576,0.707106781186519,0.));
#15583=DIRECTION('',(0.,0.,-1.));
#15584=DIRECTION('',(0.,0.,1.));
#15585=DIRECTION('center_axis',(0.,1.,0.));
#15586=DIRECTION('ref_axis',(0.,0.,1.));
#15587=DIRECTION('',(0.,0.,1.));
#15588=DIRECTION('center_axis',(0.,0.,-1.));
#15589=DIRECTION('ref_axis',(0.707106781186576,0.707106781186519,0.));
#15590=DIRECTION('',(0.,0.,1.));
#15591=DIRECTION('',(0.,0.,-1.));
#15592=DIRECTION('center_axis',(0.,1.,0.));
#15593=DIRECTION('ref_axis',(0.,0.,1.));
#15594=DIRECTION('',(0.,0.,-1.));
#15595=DIRECTION('center_axis',(0.,0.,1.));
#15596=DIRECTION('ref_axis',(-0.707106781186529,0.707106781186566,0.));
#15597=DIRECTION('',(0.,0.,-1.));
#15598=DIRECTION('',(0.,0.,1.));
#15599=DIRECTION('center_axis',(0.,1.,0.));
#15600=DIRECTION('ref_axis',(0.,0.,1.));
#15601=DIRECTION('',(0.,0.,1.));
#15602=DIRECTION('center_axis',(0.,0.,-1.));
#15603=DIRECTION('ref_axis',(0.707106781186529,0.707106781186566,0.));
#15604=DIRECTION('',(0.,0.,1.));
#15605=DIRECTION('',(0.,0.,-1.));
#15606=DIRECTION('center_axis',(0.,1.,0.));
#15607=DIRECTION('ref_axis',(0.,0.,1.));
#15608=DIRECTION('',(0.,0.,-1.));
#15609=DIRECTION('center_axis',(0.,0.,1.));
#15610=DIRECTION('ref_axis',(-0.707106781186553,0.707106781186542,0.));
#15611=DIRECTION('',(0.,0.,-1.));
#15612=DIRECTION('',(0.,0.,1.));
#15613=DIRECTION('center_axis',(0.,1.,0.));
#15614=DIRECTION('ref_axis',(0.,0.,1.));
#15615=DIRECTION('',(0.,0.,1.));
#15616=DIRECTION('center_axis',(0.,0.,-1.));
#15617=DIRECTION('ref_axis',(0.707106781186553,0.707106781186542,0.));
#15618=DIRECTION('',(0.,0.,1.));
#15619=DIRECTION('',(0.,0.,-1.));
#15620=DIRECTION('center_axis',(0.,1.,0.));
#15621=DIRECTION('ref_axis',(0.,0.,1.));
#15622=DIRECTION('',(0.,0.,-1.));
#15623=DIRECTION('center_axis',(0.,0.,1.));
#15624=DIRECTION('ref_axis',(-0.707106781186547,0.707106781186548,0.));
#15625=DIRECTION('',(0.,0.,-1.));
#15626=DIRECTION('',(0.,0.,1.));
#15627=DIRECTION('center_axis',(0.,1.,0.));
#15628=DIRECTION('ref_axis',(0.,0.,1.));
#15629=DIRECTION('',(0.,0.,1.));
#15630=DIRECTION('center_axis',(0.,0.,-1.));
#15631=DIRECTION('ref_axis',(0.707106781186546,0.707106781186549,0.));
#15632=DIRECTION('',(0.,0.,1.));
#15633=DIRECTION('',(0.,0.,-1.));
#15634=DIRECTION('center_axis',(0.,1.,0.));
#15635=DIRECTION('ref_axis',(0.,0.,1.));
#15636=DIRECTION('',(0.,0.,-1.));
#15637=DIRECTION('center_axis',(0.,0.,1.));
#15638=DIRECTION('ref_axis',(-0.707106781186522,0.707106781186573,0.));
#15639=DIRECTION('',(0.,0.,1.));
#15640=DIRECTION('',(0.,0.,-1.));
#15641=DIRECTION('center_axis',(0.,-1.,0.));
#15642=DIRECTION('ref_axis',(1.,0.,0.));
#15643=DIRECTION('',(0.,0.,-1.));
#15644=DIRECTION('center_axis',(0.,0.,-1.));
#15645=DIRECTION('ref_axis',(0.707106781186548,0.707106781186548,0.));
#15646=DIRECTION('',(0.,0.,1.));
#15647=DIRECTION('center_axis',(0.,0.,1.));
#15648=DIRECTION('ref_axis',(-0.707106781186548,0.707106781186548,0.));
#15649=DIRECTION('',(0.,0.,1.));
#15650=DIRECTION('',(0.,0.,-1.));
#15651=DIRECTION('center_axis',(0.,-1.,0.));
#15652=DIRECTION('ref_axis',(1.,0.,0.));
#15653=DIRECTION('',(0.,0.,-1.));
#15654=DIRECTION('center_axis',(0.,0.,-1.));
#15655=DIRECTION('ref_axis',(0.707106781186548,0.707106781186548,0.));
#15656=DIRECTION('',(0.,0.,1.));
#15657=DIRECTION('center_axis',(0.,0.,1.));
#15658=DIRECTION('ref_axis',(-0.707106781186522,0.707106781186573,0.));
#15659=DIRECTION('',(0.,0.,1.));
#15660=DIRECTION('',(0.,0.,-1.));
#15661=DIRECTION('center_axis',(0.,-1.,0.));
#15662=DIRECTION('ref_axis',(1.,0.,0.));
#15663=DIRECTION('',(0.,0.,-1.));
#15664=DIRECTION('center_axis',(0.,0.,-1.));
#15665=DIRECTION('ref_axis',(0.707106781186573,0.707106781186522,0.));
#15666=DIRECTION('',(0.,0.,1.));
#15667=DIRECTION('center_axis',(0.,0.,1.));
#15668=DIRECTION('ref_axis',(-0.707106781186548,0.707106781186548,0.));
#15669=DIRECTION('',(0.,0.,1.));
#15670=DIRECTION('',(0.,0.,-1.));
#15671=DIRECTION('center_axis',(0.,-1.,0.));
#15672=DIRECTION('ref_axis',(1.,0.,0.));
#15673=DIRECTION('',(0.,0.,-1.));
#15674=DIRECTION('center_axis',(0.,0.,-1.));
#15675=DIRECTION('ref_axis',(0.707106781186573,0.707106781186522,0.));
#15676=DIRECTION('',(0.,0.,1.));
#15677=DIRECTION('center_axis',(-1.,0.,0.));
#15678=DIRECTION('ref_axis',(0.,-1.,0.));
#15679=DIRECTION('',(0.,0.,-1.));
#15680=DIRECTION('center_axis',(1.,0.,0.));
#15681=DIRECTION('ref_axis',(0.,1.,0.));
#15682=DIRECTION('',(0.,0.,1.));
#15683=DIRECTION('center_axis',(-1.,0.,0.));
#15684=DIRECTION('ref_axis',(0.,-1.,0.));
#15685=DIRECTION('',(0.,0.,-1.));
#15686=DIRECTION('center_axis',(1.,1.61486985400024E-14,0.));
#15687=DIRECTION('ref_axis',(-1.61486985400024E-14,1.,0.));
#15688=DIRECTION('',(0.,0.,1.));
#15689=DIRECTION('center_axis',(-1.,0.,0.));
#15690=DIRECTION('ref_axis',(0.,-1.,0.));
#15691=DIRECTION('',(0.,0.,-1.));
#15692=DIRECTION('center_axis',(1.,0.,0.));
#15693=DIRECTION('ref_axis',(0.,1.,0.));
#15694=DIRECTION('',(0.,0.,1.));
#15695=DIRECTION('center_axis',(-1.,0.,0.));
#15696=DIRECTION('ref_axis',(0.,-1.,0.));
#15697=DIRECTION('',(0.,0.,-1.));
#15698=DIRECTION('center_axis',(1.,0.,0.));
#15699=DIRECTION('ref_axis',(0.,1.,0.));
#15700=DIRECTION('',(0.,0.,1.));
#15701=DIRECTION('center_axis',(0.,0.,1.));
#15702=DIRECTION('ref_axis',(0.707106781186548,-0.707106781186548,0.));
#15703=DIRECTION('',(0.,0.,1.));
#15704=DIRECTION('center_axis',(0.,1.,0.));
#15705=DIRECTION('ref_axis',(-1.,0.,0.));
#15706=DIRECTION('',(0.,0.,-1.));
#15707=DIRECTION('center_axis',(0.,0.,-1.));
#15708=DIRECTION('ref_axis',(-0.707106781186548,-0.707106781186548,0.));
#15709=DIRECTION('center_axis',(0.,0.,1.));
#15710=DIRECTION('ref_axis',(0.707106781186532,-0.707106781186563,0.));
#15711=DIRECTION('',(0.,0.,-1.));
#15712=DIRECTION('center_axis',(-7.89491928622332E-16,-1.,0.));
#15713=DIRECTION('ref_axis',(1.,-7.89491928622332E-16,0.));
#15714=DIRECTION('',(0.,0.,1.));
#15715=DIRECTION('center_axis',(0.,0.,1.));
#15716=DIRECTION('ref_axis',(-0.707106781186547,-0.707106781186547,0.));
#15717=DIRECTION('center_axis',(0.,0.,-1.));
#15718=DIRECTION('ref_axis',(-1.,0.,0.));
#15719=DIRECTION('',(0.,0.,-1.));
#15720=DIRECTION('center_axis',(0.,0.,1.));
#15721=DIRECTION('ref_axis',(1.,0.,0.));
#15722=DIRECTION('',(0.,0.,1.));
#15723=DIRECTION('center_axis',(0.,0.,1.));
#15724=DIRECTION('ref_axis',(0.707106781186543,-0.707106781186552,0.));
#15725=DIRECTION('',(0.,0.,-1.));
#15726=DIRECTION('center_axis',(0.,-1.,0.));
#15727=DIRECTION('ref_axis',(1.,0.,0.));
#15728=DIRECTION('',(0.,0.,1.));
#15729=DIRECTION('center_axis',(0.,0.,-1.));
#15730=DIRECTION('ref_axis',(-0.707106781186543,-0.707106781186552,0.));
#15731=DIRECTION('center_axis',(0.,0.,1.));
#15732=DIRECTION('ref_axis',(-0.707106781186541,0.707106781186554,0.));
#15733=DIRECTION('',(0.,0.,1.));
#15734=DIRECTION('',(0.,0.,-1.));
#15735=DIRECTION('center_axis',(0.,-1.,0.));
#15736=DIRECTION('ref_axis',(1.,0.,0.));
#15737=DIRECTION('',(0.,0.,-1.));
#15738=DIRECTION('center_axis',(0.,0.,-1.));
#15739=DIRECTION('ref_axis',(-0.707106781186555,-0.70710678118654,0.));
#15740=DIRECTION('',(0.,0.,-1.));
#15741=DIRECTION('',(0.,0.,1.));
#15742=DIRECTION('center_axis',(0.,1.,0.));
#15743=DIRECTION('ref_axis',(-1.,0.,0.));
#15744=DIRECTION('',(0.,0.,1.));
#15745=DIRECTION('center_axis',(0.,0.,1.));
#15746=DIRECTION('ref_axis',(0.707106781186548,0.707106781186548,0.));
#15747=DIRECTION('',(0.,0.,1.));
#15748=DIRECTION('',(0.,0.,-1.));
#15749=DIRECTION('center_axis',(-1.,0.,0.));
#15750=DIRECTION('ref_axis',(0.,-1.,0.));
#15751=DIRECTION('',(0.,0.,-1.));
#15752=DIRECTION('center_axis',(0.,0.,1.));
#15753=DIRECTION('ref_axis',(0.707106781186554,-0.707106781186541,0.));
#15754=DIRECTION('',(0.,0.,1.));
#15755=DIRECTION('center_axis',(0.,1.,0.));
#15756=DIRECTION('ref_axis',(-1.,0.,0.));
#15757=DIRECTION('',(0.,0.,-1.));
#15758=DIRECTION('center_axis',(1.,0.,0.));
#15759=DIRECTION('ref_axis',(0.,1.,0.));
#15760=DIRECTION('center_axis',(0.,0.,1.));
#15761=DIRECTION('ref_axis',(0.707106781186554,0.707106781186541,0.));
#15762=DIRECTION('',(0.,0.,-1.));
#15763=DIRECTION('',(0.,0.,1.));
#15764=DIRECTION('center_axis',(0.,1.,0.));
#15765=DIRECTION('ref_axis',(-1.,0.,0.));
#15766=DIRECTION('',(0.,0.,-1.));
#15767=DIRECTION('center_axis',(0.,0.,-1.));
#15768=DIRECTION('ref_axis',(-0.707106781186554,0.707106781186541,0.));
#15769=DIRECTION('',(0.,0.,1.));
#15770=DIRECTION('center_axis',(0.,0.,-1.));
#15771=DIRECTION('ref_axis',(0.707106781186541,-0.707106781186554,0.));
#15772=DIRECTION('',(0.,0.,1.));
#15773=DIRECTION('',(0.,0.,-1.));
#15774=DIRECTION('center_axis',(0.,-1.,0.));
#15775=DIRECTION('ref_axis',(1.,0.,0.));
#15776=DIRECTION('',(0.,0.,1.));
#15777=DIRECTION('center_axis',(0.,0.,1.));
#15778=DIRECTION('ref_axis',(-0.707106781186541,-0.707106781186554,0.));
#15779=DIRECTION('',(0.,0.,-1.));
#15780=DIRECTION('center_axis',(-1.,0.,0.));
#15781=DIRECTION('ref_axis',(0.,-1.,0.));
#15782=DIRECTION('',(0.,0.,1.));
#15783=DIRECTION('center_axis',(1.,0.,0.));
#15784=DIRECTION('ref_axis',(0.,1.,0.));
#15785=DIRECTION('',(0.,0.,-1.));
#15786=DIRECTION('center_axis',(-1.,0.,0.));
#15787=DIRECTION('ref_axis',(0.,-1.,0.));
#15788=DIRECTION('',(0.,0.,-1.));
#15789=DIRECTION('center_axis',(0.,0.,-1.));
#15790=DIRECTION('ref_axis',(-0.707106781186554,-0.707106781186541,0.));
#15791=DIRECTION('',(0.,0.,1.));
#15792=DIRECTION('center_axis',(0.,0.,1.));
#15793=DIRECTION('ref_axis',(0.707106781186554,-0.707106781186541,0.));
#15794=DIRECTION('center_axis',(1.,0.,0.));
#15795=DIRECTION('ref_axis',(0.,1.,0.));
#15796=DIRECTION('center_axis',(0.,0.,1.));
#15797=DIRECTION('ref_axis',(-0.707106781186541,0.707106781186554,0.));
#15798=DIRECTION('',(0.,0.,1.));
#15799=DIRECTION('center_axis',(0.,-1.,0.));
#15800=DIRECTION('ref_axis',(1.,0.,0.));
#15801=DIRECTION('center_axis',(0.,0.,1.));
#15802=DIRECTION('ref_axis',(0.707106781186541,0.707106781186554,0.));
#15803=DIRECTION('center_axis',(0.0029229752829974,-0.999995728098623,0.));
#15804=DIRECTION('ref_axis',(-0.999995728098623,-0.0029229752829974,0.));
#15805=DIRECTION('',(0.,0.,-1.));
#15806=DIRECTION('',(0.,0.,-1.));
#15807=DIRECTION('center_axis',(0.,0.,-1.));
#15808=DIRECTION('ref_axis',(0.00292297528304181,-0.999995728098623,0.));
#15809=DIRECTION('',(0.,0.,-1.));
#15810=DIRECTION('center_axis',(-0.00292297528299729,0.999995728098623,
0.));
#15811=DIRECTION('ref_axis',(0.999995728098623,0.00292297528299729,0.));
#15812=DIRECTION('',(0.,0.,-1.));
#15813=DIRECTION('center_axis',(0.,0.,-1.));
#15814=DIRECTION('ref_axis',(-0.00292297528304181,0.999995728098623,0.));
#15815=DIRECTION('center_axis',(0.00322507670432516,-0.999994799426603,
0.));
#15816=DIRECTION('ref_axis',(-0.999994799426603,-0.00322507670432516,0.));
#15817=DIRECTION('',(0.,0.,-1.));
#15818=DIRECTION('',(0.,0.,-1.));
#15819=DIRECTION('center_axis',(0.,0.,-1.));
#15820=DIRECTION('ref_axis',(0.00322507670432538,-0.999994799426603,0.));
#15821=DIRECTION('',(0.,0.,-1.));
#15822=DIRECTION('center_axis',(-0.00322507670433404,0.999994799426603,
0.));
#15823=DIRECTION('ref_axis',(0.999994799426603,0.00322507670433404,0.));
#15824=DIRECTION('',(0.,0.,-1.));
#15825=DIRECTION('center_axis',(0.,0.,-1.));
#15826=DIRECTION('ref_axis',(-0.00322507670431673,0.999994799426603,0.));
#15827=DIRECTION('center_axis',(0.,-1.,0.));
#15828=DIRECTION('ref_axis',(-1.,0.,0.));
#15829=DIRECTION('',(0.,0.,-1.));
#15830=DIRECTION('',(0.,0.,-1.));
#15831=DIRECTION('center_axis',(0.,0.,-1.));
#15832=DIRECTION('ref_axis',(0.,-1.,0.));
#15833=DIRECTION('',(0.,0.,-1.));
#15834=DIRECTION('center_axis',(0.,1.,0.));
#15835=DIRECTION('ref_axis',(1.,0.,0.));
#15836=DIRECTION('',(0.,0.,-1.));
#15837=DIRECTION('center_axis',(0.,0.,-1.));
#15838=DIRECTION('ref_axis',(0.,1.,0.));
#15839=DIRECTION('center_axis',(0.00263267601562585,-0.999996534502494,
0.));
#15840=DIRECTION('ref_axis',(-0.999996534502493,-0.00263267601562585,0.));
#15841=DIRECTION('',(0.,0.,-1.));
#15842=DIRECTION('',(0.,0.,-1.));
#15843=DIRECTION('center_axis',(0.,0.,-1.));
#15844=DIRECTION('ref_axis',(0.00263267601567924,-0.999996534502493,0.));
#15845=DIRECTION('',(0.,0.,-1.));
#15846=DIRECTION('center_axis',(-0.0026326760156259,0.999996534502493,0.));
#15847=DIRECTION('ref_axis',(0.999996534502493,0.0026326760156259,0.));
#15848=DIRECTION('',(0.,0.,-1.));
#15849=DIRECTION('center_axis',(0.,0.,-1.));
#15850=DIRECTION('ref_axis',(-0.00263267601567914,0.999996534502493,0.));
#15851=DIRECTION('center_axis',(0.00275820018665662,-0.999996196158631,
0.));
#15852=DIRECTION('ref_axis',(-0.99999619615863,-0.00275820018665662,0.));
#15853=DIRECTION('',(0.,0.,-1.));
#15854=DIRECTION('',(0.,0.,-1.));
#15855=DIRECTION('center_axis',(0.,0.,-1.));
#15856=DIRECTION('ref_axis',(0.00275820018664789,-0.999996196158631,0.));
#15857=DIRECTION('',(0.,0.,-1.));
#15858=DIRECTION('center_axis',(-0.00275820018664776,0.999996196158631,
0.));
#15859=DIRECTION('ref_axis',(0.999996196158631,0.00275820018664776,0.));
#15860=DIRECTION('',(0.,0.,-1.));
#15861=DIRECTION('center_axis',(0.,0.,-1.));
#15862=DIRECTION('ref_axis',(-0.00275820018664779,0.999996196158631,0.));
#15863=DIRECTION('center_axis',(0.,1.,0.));
#15864=DIRECTION('ref_axis',(1.,0.,0.));
#15865=DIRECTION('',(0.,0.,-1.));
#15866=DIRECTION('',(0.,0.,-1.));
#15867=DIRECTION('center_axis',(0.,0.,-1.));
#15868=DIRECTION('ref_axis',(0.,1.,0.));
#15869=DIRECTION('',(0.,0.,-1.));
#15870=DIRECTION('center_axis',(0.,-1.,0.));
#15871=DIRECTION('ref_axis',(-1.,0.,0.));
#15872=DIRECTION('',(0.,0.,-1.));
#15873=DIRECTION('center_axis',(0.,0.,-1.));
#15874=DIRECTION('ref_axis',(0.,-1.,0.));
#15875=DIRECTION('center_axis',(0.,0.,-1.));
#15876=DIRECTION('ref_axis',(0.,-1.,0.));
#15877=DIRECTION('',(0.,0.,-1.));
#15878=DIRECTION('',(0.,0.,-1.));
#15879=DIRECTION('center_axis',(6.93889390390723E-17,1.,0.));
#15880=DIRECTION('ref_axis',(1.,-6.93889390390723E-17,0.));
#15881=DIRECTION('',(0.,0.,-1.));
#15882=DIRECTION('center_axis',(0.,0.,-1.));
#15883=DIRECTION('ref_axis',(0.,1.,0.));
#15884=DIRECTION('',(0.,0.,-1.));
#15885=DIRECTION('center_axis',(3.30423571284167E-17,-1.,0.));
#15886=DIRECTION('ref_axis',(-1.,-3.30423571284167E-17,0.));
#15887=DIRECTION('center_axis',(0.,0.,-1.));
#15888=DIRECTION('ref_axis',(0.,-1.,0.));
#15889=DIRECTION('',(0.,0.,-1.));
#15890=DIRECTION('',(0.,0.,-1.));
#15891=DIRECTION('center_axis',(6.93889390390725E-17,1.,0.));
#15892=DIRECTION('ref_axis',(1.,-6.93889390390725E-17,0.));
#15893=DIRECTION('',(0.,0.,-1.));
#15894=DIRECTION('center_axis',(0.,0.,-1.));
#15895=DIRECTION('ref_axis',(0.,1.,0.));
#15896=DIRECTION('',(0.,0.,-1.));
#15897=DIRECTION('center_axis',(3.30423571284168E-17,-1.,0.));
#15898=DIRECTION('ref_axis',(-1.,-3.30423571284168E-17,0.));
#15899=DIRECTION('center_axis',(0.,0.,-1.));
#15900=DIRECTION('ref_axis',(-0.707106781186544,-0.707106781186551,0.));
#15901=DIRECTION('',(0.,0.,-1.));
#15902=DIRECTION('',(0.,0.,1.));
#15903=DIRECTION('center_axis',(0.,1.,0.));
#15904=DIRECTION('ref_axis',(-1.,0.,0.));
#15905=DIRECTION('',(0.,0.,1.));
#15906=DIRECTION('center_axis',(0.,0.,-1.));
#15907=DIRECTION('ref_axis',(0.707106781186552,0.707106781186543,0.));
#15908=DIRECTION('',(0.,0.,-1.));
#15909=DIRECTION('center_axis',(1.,0.,0.));
#15910=DIRECTION('ref_axis',(0.,1.,0.));
#15911=DIRECTION('center_axis',(0.,0.,-1.));
#15912=DIRECTION('ref_axis',(0.707106781186544,-0.707106781186551,0.));
#15913=DIRECTION('',(0.,0.,-1.));
#15914=DIRECTION('',(0.,0.,1.));
#15915=DIRECTION('center_axis',(-1.,0.,0.));
#15916=DIRECTION('ref_axis',(0.,-1.,0.));
#15917=DIRECTION('',(0.,0.,1.));
#15918=DIRECTION('center_axis',(0.,0.,1.));
#15919=DIRECTION('ref_axis',(-0.707106781186552,0.707106781186543,0.));
#15920=DIRECTION('center_axis',(0.,0.,-1.));
#15921=DIRECTION('ref_axis',(-0.707106781186544,-0.707106781186551,0.));
#15922=DIRECTION('',(0.,0.,-1.));
#15923=DIRECTION('',(0.,0.,1.));
#15924=DIRECTION('center_axis',(0.,1.,0.));
#15925=DIRECTION('ref_axis',(-1.,0.,0.));
#15926=DIRECTION('center_axis',(0.,0.,-1.));
#15927=DIRECTION('ref_axis',(0.707106781186552,0.707106781186543,0.));
#15928=DIRECTION('',(0.,0.,-1.));
#15929=DIRECTION('center_axis',(1.,0.,0.));
#15930=DIRECTION('ref_axis',(0.,1.,0.));
#15931=DIRECTION('center_axis',(0.,0.,-1.));
#15932=DIRECTION('ref_axis',(0.707106781186553,-0.707106781186542,0.));
#15933=DIRECTION('',(0.,0.,-1.));
#15934=DIRECTION('',(0.,0.,1.));
#15935=DIRECTION('center_axis',(-1.,0.,0.));
#15936=DIRECTION('ref_axis',(0.,-1.,0.));
#15937=DIRECTION('',(0.,0.,1.));
#15938=DIRECTION('center_axis',(0.,0.,1.));
#15939=DIRECTION('ref_axis',(-0.70710678118654,0.707106781186555,0.));
#15940=DIRECTION('center_axis',(0.,0.,1.));
#15941=DIRECTION('ref_axis',(0.707106781186548,-0.707106781186548,0.));
#15942=DIRECTION('',(0.,0.,1.));
#15943=DIRECTION('center_axis',(1.,0.,0.));
#15944=DIRECTION('ref_axis',(0.,1.,0.));
#15945=DIRECTION('',(0.,0.,-1.));
#15946=DIRECTION('center_axis',(0.,0.,-1.));
#15947=DIRECTION('ref_axis',(-0.707106781186548,-0.707106781186548,0.));
#15948=DIRECTION('',(0.,0.,-1.));
#15949=DIRECTION('center_axis',(-1.,0.,0.));
#15950=DIRECTION('ref_axis',(0.,-1.,0.));
#15951=DIRECTION('',(0.,0.,1.));
#15952=DIRECTION('center_axis',(0.,0.,1.));
#15953=DIRECTION('ref_axis',(0.707106781186548,-0.707106781186548,0.));
#15954=DIRECTION('',(0.,0.,-1.));
#15955=DIRECTION('',(0.,0.,1.));
#15956=DIRECTION('center_axis',(1.,0.,0.));
#15957=DIRECTION('ref_axis',(0.,1.,0.));
#15958=DIRECTION('',(0.,0.,-1.));
#15959=DIRECTION('center_axis',(0.,0.,-1.));
#15960=DIRECTION('ref_axis',(-0.707106781186548,-0.707106781186548,0.));
#15961=DIRECTION('',(0.,0.,1.));
#15962=DIRECTION('',(0.,0.,-1.));
#15963=DIRECTION('center_axis',(-1.,0.,0.));
#15964=DIRECTION('ref_axis',(0.,-1.,0.));
#15965=DIRECTION('',(0.,0.,1.));
#15966=DIRECTION('center_axis',(0.,0.,1.));
#15967=DIRECTION('ref_axis',(0.707106781186541,-0.707106781186554,0.));
#15968=DIRECTION('',(0.,0.,-1.));
#15969=DIRECTION('',(0.,0.,1.));
#15970=DIRECTION('center_axis',(1.,0.,0.));
#15971=DIRECTION('ref_axis',(0.,1.,0.));
#15972=DIRECTION('',(0.,0.,-1.));
#15973=DIRECTION('center_axis',(0.,0.,-1.));
#15974=DIRECTION('ref_axis',(-0.707106781186541,-0.707106781186554,0.));
#15975=DIRECTION('',(0.,0.,1.));
#15976=DIRECTION('',(0.,0.,-1.));
#15977=DIRECTION('center_axis',(-1.,0.,0.));
#15978=DIRECTION('ref_axis',(0.,-1.,0.));
#15979=DIRECTION('',(0.,0.,1.));
#15980=DIRECTION('center_axis',(0.,0.,1.));
#15981=DIRECTION('ref_axis',(0.707106781186541,-0.707106781186554,0.));
#15982=DIRECTION('',(0.,0.,-1.));
#15983=DIRECTION('',(0.,0.,1.));
#15984=DIRECTION('center_axis',(1.,0.,0.));
#15985=DIRECTION('ref_axis',(0.,1.,0.));
#15986=DIRECTION('',(0.,0.,-1.));
#15987=DIRECTION('center_axis',(0.,0.,-1.));
#15988=DIRECTION('ref_axis',(-0.707106781186541,-0.707106781186554,0.));
#15989=DIRECTION('',(0.,0.,1.));
#15990=DIRECTION('',(0.,0.,-1.));
#15991=DIRECTION('center_axis',(-1.,0.,0.));
#15992=DIRECTION('ref_axis',(0.,-1.,0.));
#15993=DIRECTION('',(0.,0.,1.));
#15994=DIRECTION('center_axis',(0.,0.,1.));
#15995=DIRECTION('ref_axis',(-0.707106781186548,0.707106781186547,0.));
#15996=DIRECTION('',(0.,0.,1.));
#15997=DIRECTION('center_axis',(-1.,0.,0.));
#15998=DIRECTION('ref_axis',(0.,-1.,0.));
#15999=DIRECTION('',(0.,0.,-1.));
#16000=DIRECTION('center_axis',(0.,0.,-1.));
#16001=DIRECTION('ref_axis',(0.707106781186549,0.707106781186546,0.));
#16002=DIRECTION('',(0.,0.,-1.));
#16003=DIRECTION('center_axis',(1.,0.,0.));
#16004=DIRECTION('ref_axis',(0.,1.,0.));
#16005=DIRECTION('',(0.,0.,1.));
#16006=DIRECTION('center_axis',(0.,0.,1.));
#16007=DIRECTION('ref_axis',(-0.707106781186553,0.707106781186542,0.));
#16008=DIRECTION('',(0.,0.,1.));
#16009=DIRECTION('center_axis',(-1.,0.,0.));
#16010=DIRECTION('ref_axis',(0.,-1.,0.));
#16011=DIRECTION('',(0.,0.,-1.));
#16012=DIRECTION('center_axis',(0.,0.,-1.));
#16013=DIRECTION('ref_axis',(0.707106781186553,0.707106781186542,0.));
#16014=DIRECTION('',(0.,0.,-1.));
#16015=DIRECTION('center_axis',(1.,0.,0.));
#16016=DIRECTION('ref_axis',(0.,1.,0.));
#16017=DIRECTION('',(0.,0.,1.));
#16018=DIRECTION('center_axis',(0.,-1.,0.));
#16019=DIRECTION('ref_axis',(0.,0.,-1.));
#16020=DIRECTION('center_axis',(1.,0.,0.));
#16021=DIRECTION('ref_axis',(0.,0.,1.));
#16022=DIRECTION('',(0.,0.,-1.));
#16023=DIRECTION('center_axis',(0.,-1.,0.));
#16024=DIRECTION('ref_axis',(0.,0.,-1.));
#16025=DIRECTION('center_axis',(0.,-1.,0.));
#16026=DIRECTION('ref_axis',(0.,0.,-1.));
#16027=DIRECTION('center_axis',(0.,-1.,0.));
#16028=DIRECTION('ref_axis',(0.,0.,-1.));
#16029=DIRECTION('center_axis',(0.,-1.,0.));
#16030=DIRECTION('ref_axis',(0.,0.,-1.));
#16031=DIRECTION('center_axis',(-1.,0.,0.));
#16032=DIRECTION('ref_axis',(0.,0.,-1.));
#16033=DIRECTION('',(0.,0.,1.));
#16034=DIRECTION('center_axis',(0.,-1.,0.));
#16035=DIRECTION('ref_axis',(0.,0.,-1.));
#16036=DIRECTION('center_axis',(1.,0.,0.));
#16037=DIRECTION('ref_axis',(0.,0.,-1.));
#16038=DIRECTION('',(0.,0.,1.));
#16039=DIRECTION('center_axis',(1.,0.,0.));
#16040=DIRECTION('ref_axis',(0.,0.,-1.));
#16041=DIRECTION('',(0.,0.,1.));
#16042=DIRECTION('center_axis',(-1.,0.,0.));
#16043=DIRECTION('ref_axis',(0.,0.,1.));
#16044=DIRECTION('',(0.,0.,-1.));
#16045=DIRECTION('center_axis',(-1.,0.,0.));
#16046=DIRECTION('ref_axis',(0.,0.,1.));
#16047=DIRECTION('',(0.,0.,-1.));
#16048=DIRECTION('center_axis',(1.,0.,0.));
#16049=DIRECTION('ref_axis',(0.,0.,-1.));
#16050=DIRECTION('',(0.,0.,1.));
#16051=DIRECTION('center_axis',(1.,0.,0.));
#16052=DIRECTION('ref_axis',(0.,0.,-1.));
#16053=DIRECTION('',(0.,0.,1.));
#16054=DIRECTION('center_axis',(-1.,0.,0.));
#16055=DIRECTION('ref_axis',(0.,0.,1.));
#16056=DIRECTION('',(0.,0.,-1.));
#16057=DIRECTION('center_axis',(-1.,0.,0.));
#16058=DIRECTION('ref_axis',(0.,0.,1.));
#16059=DIRECTION('',(0.,0.,-1.));
#16060=DIRECTION('center_axis',(0.,0.,1.));
#16061=DIRECTION('ref_axis',(1.,0.,0.));
#16062=DIRECTION('center_axis',(0.,0.,1.));
#16063=DIRECTION('ref_axis',(-0.707106781186548,0.707106781186548,0.));
#16064=DIRECTION('',(0.,0.,1.));
#16065=DIRECTION('center_axis',(0.,-1.,0.));
#16066=DIRECTION('ref_axis',(1.,0.,0.));
#16067=DIRECTION('',(0.,0.,1.));
#16068=DIRECTION('center_axis',(0.,0.,1.));
#16069=DIRECTION('ref_axis',(-0.707106781186548,0.707106781186548,0.));
#16070=DIRECTION('',(0.,0.,1.));
#16071=DIRECTION('center_axis',(0.,-1.,0.));
#16072=DIRECTION('ref_axis',(1.,0.,0.));
#16073=DIRECTION('',(0.,0.,-1.));
#16074=DIRECTION('center_axis',(0.,0.,-1.));
#16075=DIRECTION('ref_axis',(0.707106781186548,0.707106781186548,0.));
#16076=DIRECTION('center_axis',(0.,0.,1.));
#16077=DIRECTION('ref_axis',(-0.707106781186552,0.707106781186543,0.));
#16078=DIRECTION('center_axis',(0.,0.,-1.));
#16079=DIRECTION('ref_axis',(0.707106781186548,0.707106781186548,0.));
#16080=DIRECTION('center_axis',(0.,0.,-1.));
#16081=DIRECTION('ref_axis',(0.707106781186551,0.707106781186544,0.));
#16082=DIRECTION('',(0.,0.,-1.));
#16083=DIRECTION('center_axis',(0.,-1.,0.));
#16084=DIRECTION('ref_axis',(1.,0.,0.));
#16085=DIRECTION('',(0.,0.,1.));
#16086=DIRECTION('center_axis',(0.,0.,-1.));
#16087=DIRECTION('ref_axis',(-0.707106781186552,0.707106781186543,0.));
#16088=DIRECTION('',(0.,0.,1.));
#16089=DIRECTION('center_axis',(0.,0.,-1.));
#16090=DIRECTION('ref_axis',(0.707106781186552,0.707106781186543,0.));
#16091=DIRECTION('',(0.,0.,-1.));
#16092=DIRECTION('center_axis',(0.,-1.,0.));
#16093=DIRECTION('ref_axis',(1.,0.,0.));
#16094=DIRECTION('center_axis',(0.,0.,1.));
#16095=DIRECTION('ref_axis',(0.707106781186547,-0.707106781186548,0.));
#16096=DIRECTION('',(0.,0.,1.));
#16097=DIRECTION('center_axis',(-2.59513396228053E-17,1.,0.));
#16098=DIRECTION('ref_axis',(-1.,-2.59513396228053E-17,0.));
#16099=DIRECTION('',(0.,0.,1.));
#16100=DIRECTION('center_axis',(0.,0.,-1.));
#16101=DIRECTION('ref_axis',(-0.707106781186544,-0.707106781186551,0.));
#16102=DIRECTION('',(0.,0.,-1.));
#16103=DIRECTION('center_axis',(-2.59513396228053E-17,1.,0.));
#16104=DIRECTION('ref_axis',(-1.,-2.59513396228053E-17,0.));
#16105=DIRECTION('',(0.,0.,1.));
#16106=DIRECTION('center_axis',(0.,0.,-1.));
#16107=DIRECTION('ref_axis',(-0.707106781186548,-0.707106781186547,0.));
#16108=DIRECTION('',(0.,0.,-1.));
#16109=DIRECTION('center_axis',(-2.59513396228053E-17,1.,0.));
#16110=DIRECTION('ref_axis',(-1.,-2.59513396228053E-17,0.));
#16111=DIRECTION('',(0.,0.,1.));
#16112=DIRECTION('center_axis',(0.,0.,-1.));
#16113=DIRECTION('ref_axis',(0.707106781186544,-0.707106781186551,0.));
#16114=DIRECTION('center_axis',(0.,0.,1.));
#16115=DIRECTION('ref_axis',(1.,0.,0.));
#16116=DIRECTION('center_axis',(0.,0.,1.));
#16117=DIRECTION('ref_axis',(1.,0.,0.));
#16118=DIRECTION('center_axis',(0.,0.,1.));
#16119=DIRECTION('ref_axis',(1.,0.,0.));
#16120=DIRECTION('center_axis',(0.,0.,1.));
#16121=DIRECTION('ref_axis',(1.,0.,0.));
#16122=DIRECTION('center_axis',(0.,0.,1.));
#16123=DIRECTION('ref_axis',(1.,0.,0.));
#16124=DIRECTION('center_axis',(0.,1.,0.));
#16125=DIRECTION('ref_axis',(-1.,0.,0.));
#16126=DIRECTION('',(0.,0.,1.));
#16127=DIRECTION('center_axis',(0.,0.,1.));
#16128=DIRECTION('ref_axis',(1.,0.,0.));
#16129=DIRECTION('center_axis',(0.,0.,1.));
#16130=DIRECTION('ref_axis',(1.,0.,0.));
#16131=DIRECTION('center_axis',(0.,0.,1.));
#16132=DIRECTION('ref_axis',(-0.707106781186543,-0.707106781186553,0.));
#16133=DIRECTION('',(0.,0.,-1.));
#16134=DIRECTION('center_axis',(1.,0.,0.));
#16135=DIRECTION('ref_axis',(0.,1.,0.));
#16136=DIRECTION('',(0.,0.,1.));
#16137=DIRECTION('',(0.,0.,1.));
#16138=DIRECTION('center_axis',(0.,0.,1.));
#16139=DIRECTION('ref_axis',(-1.,0.,0.));
#16140=DIRECTION('',(0.,0.,1.));
#16141=DIRECTION('center_axis',(0.,1.,0.));
#16142=DIRECTION('ref_axis',(-1.,0.,0.));
#16143=DIRECTION('',(0.,0.,1.));
#16144=DIRECTION('center_axis',(0.,0.,1.));
#16145=DIRECTION('ref_axis',(0.,-1.,0.));
#16146=DIRECTION('',(0.,0.,1.));
#16147=DIRECTION('center_axis',(-1.,0.,0.));
#16148=DIRECTION('ref_axis',(0.,-1.,0.));
#16149=DIRECTION('',(0.,0.,1.));
#16150=DIRECTION('center_axis',(0.,0.,1.));
#16151=DIRECTION('ref_axis',(1.,0.,0.));
#16152=DIRECTION('',(0.,0.,1.));
#16153=DIRECTION('center_axis',(0.,-1.,0.));
#16154=DIRECTION('ref_axis',(1.,0.,0.));
#16155=DIRECTION('',(0.,0.,1.));
#16156=DIRECTION('center_axis',(0.,0.,1.));
#16157=DIRECTION('ref_axis',(0.,1.,0.));
#16158=DIRECTION('center_axis',(1.,0.,0.));
#16159=DIRECTION('ref_axis',(0.,1.,0.));
#16160=DIRECTION('',(0.,0.,1.));
#16161=DIRECTION('',(0.,0.,1.));
#16162=DIRECTION('center_axis',(0.,0.,1.));
#16163=DIRECTION('ref_axis',(-1.,0.,0.));
#16164=DIRECTION('',(0.,0.,1.));
#16165=DIRECTION('center_axis',(0.,1.,0.));
#16166=DIRECTION('ref_axis',(-1.,0.,0.));
#16167=DIRECTION('',(0.,0.,1.));
#16168=DIRECTION('center_axis',(0.,0.,1.));
#16169=DIRECTION('ref_axis',(0.,-1.,0.));
#16170=DIRECTION('',(0.,0.,1.));
#16171=DIRECTION('center_axis',(-1.,0.,0.));
#16172=DIRECTION('ref_axis',(0.,-1.,0.));
#16173=DIRECTION('',(0.,0.,1.));
#16174=DIRECTION('center_axis',(0.,0.,1.));
#16175=DIRECTION('ref_axis',(1.,0.,0.));
#16176=DIRECTION('',(0.,0.,1.));
#16177=DIRECTION('center_axis',(0.,-1.,0.));
#16178=DIRECTION('ref_axis',(1.,0.,0.));
#16179=DIRECTION('',(0.,0.,1.));
#16180=DIRECTION('center_axis',(0.,0.,1.));
#16181=DIRECTION('ref_axis',(0.,1.,0.));
#16182=DIRECTION('center_axis',(1.,0.,0.));
#16183=DIRECTION('ref_axis',(0.,1.,0.));
#16184=DIRECTION('',(0.,0.,1.));
#16185=DIRECTION('',(0.,0.,1.));
#16186=DIRECTION('center_axis',(0.,0.,1.));
#16187=DIRECTION('ref_axis',(-1.,0.,0.));
#16188=DIRECTION('',(0.,0.,1.));
#16189=DIRECTION('center_axis',(0.,1.,0.));
#16190=DIRECTION('ref_axis',(-1.,0.,0.));
#16191=DIRECTION('',(0.,0.,1.));
#16192=DIRECTION('center_axis',(0.,0.,1.));
#16193=DIRECTION('ref_axis',(0.,-1.,0.));
#16194=DIRECTION('',(0.,0.,1.));
#16195=DIRECTION('center_axis',(-1.,0.,0.));
#16196=DIRECTION('ref_axis',(0.,-1.,0.));
#16197=DIRECTION('',(0.,0.,1.));
#16198=DIRECTION('center_axis',(0.,0.,1.));
#16199=DIRECTION('ref_axis',(1.,0.,0.));
#16200=DIRECTION('',(0.,0.,1.));
#16201=DIRECTION('center_axis',(0.,-1.,0.));
#16202=DIRECTION('ref_axis',(1.,0.,0.));
#16203=DIRECTION('',(0.,0.,1.));
#16204=DIRECTION('center_axis',(0.,0.,1.));
#16205=DIRECTION('ref_axis',(0.,1.,0.));
#16206=DIRECTION('center_axis',(1.,0.,0.));
#16207=DIRECTION('ref_axis',(0.,1.,0.));
#16208=DIRECTION('',(0.,0.,1.));
#16209=DIRECTION('',(0.,0.,1.));
#16210=DIRECTION('center_axis',(0.,0.,1.));
#16211=DIRECTION('ref_axis',(-1.,0.,0.));
#16212=DIRECTION('',(0.,0.,1.));
#16213=DIRECTION('center_axis',(0.,1.,0.));
#16214=DIRECTION('ref_axis',(-1.,0.,0.));
#16215=DIRECTION('',(0.,0.,1.));
#16216=DIRECTION('center_axis',(0.,0.,1.));
#16217=DIRECTION('ref_axis',(0.,-1.,0.));
#16218=DIRECTION('',(0.,0.,1.));
#16219=DIRECTION('center_axis',(-1.,0.,0.));
#16220=DIRECTION('ref_axis',(0.,-1.,0.));
#16221=DIRECTION('',(0.,0.,1.));
#16222=DIRECTION('center_axis',(0.,0.,1.));
#16223=DIRECTION('ref_axis',(1.,0.,0.));
#16224=DIRECTION('',(0.,0.,1.));
#16225=DIRECTION('center_axis',(0.,-1.,0.));
#16226=DIRECTION('ref_axis',(1.,0.,0.));
#16227=DIRECTION('',(0.,0.,1.));
#16228=DIRECTION('center_axis',(0.,0.,1.));
#16229=DIRECTION('ref_axis',(0.,1.,0.));
#16230=DIRECTION('center_axis',(1.,0.,0.));
#16231=DIRECTION('ref_axis',(0.,1.,0.));
#16232=DIRECTION('',(0.,0.,1.));
#16233=DIRECTION('',(0.,0.,1.));
#16234=DIRECTION('center_axis',(0.,0.,1.));
#16235=DIRECTION('ref_axis',(-1.,0.,0.));
#16236=DIRECTION('',(0.,0.,1.));
#16237=DIRECTION('center_axis',(0.,1.,0.));
#16238=DIRECTION('ref_axis',(-1.,0.,0.));
#16239=DIRECTION('',(0.,0.,1.));
#16240=DIRECTION('center_axis',(0.,0.,1.));
#16241=DIRECTION('ref_axis',(0.,-1.,0.));
#16242=DIRECTION('',(0.,0.,1.));
#16243=DIRECTION('center_axis',(-1.,0.,0.));
#16244=DIRECTION('ref_axis',(0.,-1.,0.));
#16245=DIRECTION('',(0.,0.,1.));
#16246=DIRECTION('center_axis',(0.,0.,1.));
#16247=DIRECTION('ref_axis',(1.,0.,0.));
#16248=DIRECTION('',(0.,0.,1.));
#16249=DIRECTION('center_axis',(0.,-1.,0.));
#16250=DIRECTION('ref_axis',(1.,0.,0.));
#16251=DIRECTION('',(0.,0.,1.));
#16252=DIRECTION('center_axis',(0.,0.,1.));
#16253=DIRECTION('ref_axis',(0.,1.,0.));
#16254=DIRECTION('center_axis',(1.,0.,0.));
#16255=DIRECTION('ref_axis',(0.,1.,0.));
#16256=DIRECTION('',(0.,0.,1.));
#16257=DIRECTION('',(0.,0.,1.));
#16258=DIRECTION('center_axis',(0.,0.,1.));
#16259=DIRECTION('ref_axis',(-1.,0.,0.));
#16260=DIRECTION('',(0.,0.,1.));
#16261=DIRECTION('center_axis',(0.,1.,0.));
#16262=DIRECTION('ref_axis',(-1.,0.,0.));
#16263=DIRECTION('',(0.,0.,1.));
#16264=DIRECTION('center_axis',(0.,0.,1.));
#16265=DIRECTION('ref_axis',(0.,-1.,0.));
#16266=DIRECTION('',(0.,0.,1.));
#16267=DIRECTION('center_axis',(-1.,0.,0.));
#16268=DIRECTION('ref_axis',(0.,-1.,0.));
#16269=DIRECTION('',(0.,0.,1.));
#16270=DIRECTION('center_axis',(0.,0.,1.));
#16271=DIRECTION('ref_axis',(1.,0.,0.));
#16272=DIRECTION('',(0.,0.,1.));
#16273=DIRECTION('center_axis',(0.,-1.,0.));
#16274=DIRECTION('ref_axis',(1.,0.,0.));
#16275=DIRECTION('',(0.,0.,1.));
#16276=DIRECTION('center_axis',(0.,0.,1.));
#16277=DIRECTION('ref_axis',(0.,1.,0.));
#16278=DIRECTION('center_axis',(1.,0.,0.));
#16279=DIRECTION('ref_axis',(0.,1.,0.));
#16280=DIRECTION('',(0.,0.,1.));
#16281=DIRECTION('',(0.,0.,1.));
#16282=DIRECTION('center_axis',(0.,0.,1.));
#16283=DIRECTION('ref_axis',(-1.,0.,0.));
#16284=DIRECTION('',(0.,0.,1.));
#16285=DIRECTION('center_axis',(0.,1.,0.));
#16286=DIRECTION('ref_axis',(-1.,0.,0.));
#16287=DIRECTION('',(0.,0.,1.));
#16288=DIRECTION('center_axis',(0.,0.,1.));
#16289=DIRECTION('ref_axis',(0.,-1.,0.));
#16290=DIRECTION('',(0.,0.,1.));
#16291=DIRECTION('center_axis',(-1.,0.,0.));
#16292=DIRECTION('ref_axis',(0.,-1.,0.));
#16293=DIRECTION('',(0.,0.,1.));
#16294=DIRECTION('center_axis',(0.,0.,1.));
#16295=DIRECTION('ref_axis',(1.,0.,0.));
#16296=DIRECTION('',(0.,0.,1.));
#16297=DIRECTION('center_axis',(0.,-1.,0.));
#16298=DIRECTION('ref_axis',(1.,0.,0.));
#16299=DIRECTION('',(0.,0.,1.));
#16300=DIRECTION('center_axis',(0.,0.,1.));
#16301=DIRECTION('ref_axis',(0.,1.,0.));
#16302=DIRECTION('center_axis',(1.,0.,0.));
#16303=DIRECTION('ref_axis',(0.,1.,0.));
#16304=DIRECTION('',(0.,0.,1.));
#16305=DIRECTION('',(0.,0.,1.));
#16306=DIRECTION('center_axis',(0.,0.,1.));
#16307=DIRECTION('ref_axis',(-1.,0.,0.));
#16308=DIRECTION('',(0.,0.,1.));
#16309=DIRECTION('center_axis',(0.,1.,0.));
#16310=DIRECTION('ref_axis',(-1.,0.,0.));
#16311=DIRECTION('',(0.,0.,1.));
#16312=DIRECTION('center_axis',(0.,0.,1.));
#16313=DIRECTION('ref_axis',(0.,-1.,0.));
#16314=DIRECTION('',(0.,0.,1.));
#16315=DIRECTION('center_axis',(-1.,0.,0.));
#16316=DIRECTION('ref_axis',(0.,-1.,0.));
#16317=DIRECTION('',(0.,0.,1.));
#16318=DIRECTION('center_axis',(0.,0.,1.));
#16319=DIRECTION('ref_axis',(1.,0.,0.));
#16320=DIRECTION('',(0.,0.,1.));
#16321=DIRECTION('center_axis',(0.,-1.,0.));
#16322=DIRECTION('ref_axis',(1.,0.,0.));
#16323=DIRECTION('',(0.,0.,1.));
#16324=DIRECTION('center_axis',(0.,0.,1.));
#16325=DIRECTION('ref_axis',(0.,1.,0.));
#16326=DIRECTION('center_axis',(1.,0.,0.));
#16327=DIRECTION('ref_axis',(0.,1.,0.));
#16328=DIRECTION('',(0.,0.,1.));
#16329=DIRECTION('',(0.,0.,1.));
#16330=DIRECTION('center_axis',(0.,0.,1.));
#16331=DIRECTION('ref_axis',(-1.,0.,0.));
#16332=DIRECTION('',(0.,0.,1.));
#16333=DIRECTION('center_axis',(0.,1.,0.));
#16334=DIRECTION('ref_axis',(-1.,0.,0.));
#16335=DIRECTION('',(0.,0.,1.));
#16336=DIRECTION('center_axis',(0.,0.,1.));
#16337=DIRECTION('ref_axis',(0.,-1.,0.));
#16338=DIRECTION('',(0.,0.,1.));
#16339=DIRECTION('center_axis',(-1.,0.,0.));
#16340=DIRECTION('ref_axis',(0.,-1.,0.));
#16341=DIRECTION('',(0.,0.,1.));
#16342=DIRECTION('center_axis',(0.,0.,1.));
#16343=DIRECTION('ref_axis',(1.,0.,0.));
#16344=DIRECTION('',(0.,0.,1.));
#16345=DIRECTION('center_axis',(0.,-1.,0.));
#16346=DIRECTION('ref_axis',(1.,0.,0.));
#16347=DIRECTION('',(0.,0.,1.));
#16348=DIRECTION('center_axis',(0.,0.,1.));
#16349=DIRECTION('ref_axis',(0.,1.,0.));
#16350=DIRECTION('center_axis',(1.,0.,0.));
#16351=DIRECTION('ref_axis',(0.,1.,0.));
#16352=DIRECTION('',(0.,0.,1.));
#16353=DIRECTION('',(0.,0.,1.));
#16354=DIRECTION('center_axis',(0.,0.,1.));
#16355=DIRECTION('ref_axis',(-1.,0.,0.));
#16356=DIRECTION('',(0.,0.,1.));
#16357=DIRECTION('center_axis',(0.,1.,0.));
#16358=DIRECTION('ref_axis',(-1.,0.,0.));
#16359=DIRECTION('',(0.,0.,1.));
#16360=DIRECTION('center_axis',(0.,0.,1.));
#16361=DIRECTION('ref_axis',(0.,-1.,0.));
#16362=DIRECTION('',(0.,0.,1.));
#16363=DIRECTION('center_axis',(-1.,0.,0.));
#16364=DIRECTION('ref_axis',(0.,-1.,0.));
#16365=DIRECTION('',(0.,0.,1.));
#16366=DIRECTION('center_axis',(0.,0.,1.));
#16367=DIRECTION('ref_axis',(1.,0.,0.));
#16368=DIRECTION('',(0.,0.,1.));
#16369=DIRECTION('center_axis',(0.,-1.,0.));
#16370=DIRECTION('ref_axis',(1.,0.,0.));
#16371=DIRECTION('',(0.,0.,1.));
#16372=DIRECTION('center_axis',(0.,0.,1.));
#16373=DIRECTION('ref_axis',(0.,1.,0.));
#16374=DIRECTION('center_axis',(1.,0.,0.));
#16375=DIRECTION('ref_axis',(0.,1.,0.));
#16376=DIRECTION('',(0.,0.,1.));
#16377=DIRECTION('',(0.,0.,1.));
#16378=DIRECTION('center_axis',(0.,0.,1.));
#16379=DIRECTION('ref_axis',(-1.,0.,0.));
#16380=DIRECTION('',(0.,0.,1.));
#16381=DIRECTION('center_axis',(0.,1.,0.));
#16382=DIRECTION('ref_axis',(-1.,0.,0.));
#16383=DIRECTION('',(0.,0.,1.));
#16384=DIRECTION('center_axis',(0.,0.,1.));
#16385=DIRECTION('ref_axis',(0.,-1.,0.));
#16386=DIRECTION('',(0.,0.,1.));
#16387=DIRECTION('center_axis',(-1.,0.,0.));
#16388=DIRECTION('ref_axis',(0.,-1.,0.));
#16389=DIRECTION('',(0.,0.,1.));
#16390=DIRECTION('center_axis',(0.,0.,1.));
#16391=DIRECTION('ref_axis',(1.,0.,0.));
#16392=DIRECTION('',(0.,0.,1.));
#16393=DIRECTION('center_axis',(0.,-1.,0.));
#16394=DIRECTION('ref_axis',(1.,0.,0.));
#16395=DIRECTION('',(0.,0.,1.));
#16396=DIRECTION('center_axis',(0.,0.,1.));
#16397=DIRECTION('ref_axis',(0.,1.,0.));
#16398=DIRECTION('center_axis',(1.,0.,0.));
#16399=DIRECTION('ref_axis',(0.,1.,0.));
#16400=DIRECTION('',(0.,0.,1.));
#16401=DIRECTION('',(0.,0.,1.));
#16402=DIRECTION('center_axis',(0.,0.,1.));
#16403=DIRECTION('ref_axis',(-1.,0.,0.));
#16404=DIRECTION('',(0.,0.,1.));
#16405=DIRECTION('center_axis',(0.,1.,0.));
#16406=DIRECTION('ref_axis',(-1.,0.,0.));
#16407=DIRECTION('',(0.,0.,1.));
#16408=DIRECTION('center_axis',(0.,0.,1.));
#16409=DIRECTION('ref_axis',(0.,-1.,0.));
#16410=DIRECTION('',(0.,0.,1.));
#16411=DIRECTION('center_axis',(-1.,0.,0.));
#16412=DIRECTION('ref_axis',(0.,-1.,0.));
#16413=DIRECTION('',(0.,0.,1.));
#16414=DIRECTION('center_axis',(0.,0.,1.));
#16415=DIRECTION('ref_axis',(1.,0.,0.));
#16416=DIRECTION('',(0.,0.,1.));
#16417=DIRECTION('center_axis',(0.,-1.,0.));
#16418=DIRECTION('ref_axis',(1.,0.,0.));
#16419=DIRECTION('',(0.,0.,1.));
#16420=DIRECTION('center_axis',(0.,0.,1.));
#16421=DIRECTION('ref_axis',(0.,1.,0.));
#16422=DIRECTION('center_axis',(1.,0.,0.));
#16423=DIRECTION('ref_axis',(0.,1.,0.));
#16424=DIRECTION('',(0.,0.,1.));
#16425=DIRECTION('',(0.,0.,1.));
#16426=DIRECTION('center_axis',(0.,0.,1.));
#16427=DIRECTION('ref_axis',(-1.,0.,0.));
#16428=DIRECTION('',(0.,0.,1.));
#16429=DIRECTION('center_axis',(0.,1.,0.));
#16430=DIRECTION('ref_axis',(-1.,0.,0.));
#16431=DIRECTION('',(0.,0.,1.));
#16432=DIRECTION('center_axis',(0.,0.,1.));
#16433=DIRECTION('ref_axis',(0.,-1.,0.));
#16434=DIRECTION('',(0.,0.,1.));
#16435=DIRECTION('center_axis',(-1.,0.,0.));
#16436=DIRECTION('ref_axis',(0.,-1.,0.));
#16437=DIRECTION('',(0.,0.,1.));
#16438=DIRECTION('center_axis',(0.,0.,1.));
#16439=DIRECTION('ref_axis',(1.,0.,0.));
#16440=DIRECTION('',(0.,0.,1.));
#16441=DIRECTION('center_axis',(0.,-1.,0.));
#16442=DIRECTION('ref_axis',(1.,0.,0.));
#16443=DIRECTION('',(0.,0.,1.));
#16444=DIRECTION('center_axis',(0.,0.,1.));
#16445=DIRECTION('ref_axis',(0.,1.,0.));
#16446=DIRECTION('center_axis',(1.,0.,0.));
#16447=DIRECTION('ref_axis',(0.,1.,0.));
#16448=DIRECTION('',(0.,0.,1.));
#16449=DIRECTION('',(0.,0.,1.));
#16450=DIRECTION('center_axis',(0.,0.,1.));
#16451=DIRECTION('ref_axis',(-1.,0.,0.));
#16452=DIRECTION('',(0.,0.,1.));
#16453=DIRECTION('center_axis',(0.,1.,0.));
#16454=DIRECTION('ref_axis',(-1.,0.,0.));
#16455=DIRECTION('',(0.,0.,1.));
#16456=DIRECTION('center_axis',(0.,0.,1.));
#16457=DIRECTION('ref_axis',(0.,-1.,0.));
#16458=DIRECTION('',(0.,0.,1.));
#16459=DIRECTION('center_axis',(-1.,0.,0.));
#16460=DIRECTION('ref_axis',(0.,-1.,0.));
#16461=DIRECTION('',(0.,0.,1.));
#16462=DIRECTION('center_axis',(0.,0.,1.));
#16463=DIRECTION('ref_axis',(1.,0.,0.));
#16464=DIRECTION('',(0.,0.,1.));
#16465=DIRECTION('center_axis',(0.,-1.,0.));
#16466=DIRECTION('ref_axis',(1.,0.,0.));
#16467=DIRECTION('',(0.,0.,1.));
#16468=DIRECTION('center_axis',(0.,0.,1.));
#16469=DIRECTION('ref_axis',(0.,1.,0.));
#16470=DIRECTION('center_axis',(1.,0.,0.));
#16471=DIRECTION('ref_axis',(0.,1.,0.));
#16472=DIRECTION('',(0.,0.,1.));
#16473=DIRECTION('',(0.,0.,1.));
#16474=DIRECTION('center_axis',(0.,0.,1.));
#16475=DIRECTION('ref_axis',(-1.,0.,0.));
#16476=DIRECTION('',(0.,0.,1.));
#16477=DIRECTION('center_axis',(0.,1.,0.));
#16478=DIRECTION('ref_axis',(-1.,0.,0.));
#16479=DIRECTION('',(0.,0.,1.));
#16480=DIRECTION('center_axis',(0.,0.,1.));
#16481=DIRECTION('ref_axis',(0.,-1.,0.));
#16482=DIRECTION('',(0.,0.,1.));
#16483=DIRECTION('center_axis',(-1.,0.,0.));
#16484=DIRECTION('ref_axis',(0.,-1.,0.));
#16485=DIRECTION('',(0.,0.,1.));
#16486=DIRECTION('center_axis',(0.,0.,1.));
#16487=DIRECTION('ref_axis',(1.,0.,0.));
#16488=DIRECTION('',(0.,0.,1.));
#16489=DIRECTION('center_axis',(0.,-1.,0.));
#16490=DIRECTION('ref_axis',(1.,0.,0.));
#16491=DIRECTION('',(0.,0.,1.));
#16492=DIRECTION('center_axis',(0.,0.,1.));
#16493=DIRECTION('ref_axis',(0.,1.,0.));
#16494=DIRECTION('center_axis',(1.,0.,0.));
#16495=DIRECTION('ref_axis',(0.,1.,0.));
#16496=DIRECTION('',(0.,0.,1.));
#16497=DIRECTION('',(0.,0.,1.));
#16498=DIRECTION('center_axis',(0.,0.,1.));
#16499=DIRECTION('ref_axis',(-1.,0.,0.));
#16500=DIRECTION('',(0.,0.,1.));
#16501=DIRECTION('center_axis',(0.,1.,0.));
#16502=DIRECTION('ref_axis',(-1.,0.,0.));
#16503=DIRECTION('',(0.,0.,1.));
#16504=DIRECTION('center_axis',(0.,0.,1.));
#16505=DIRECTION('ref_axis',(0.,-1.,0.));
#16506=DIRECTION('',(0.,0.,1.));
#16507=DIRECTION('center_axis',(-1.,0.,0.));
#16508=DIRECTION('ref_axis',(0.,-1.,0.));
#16509=DIRECTION('',(0.,0.,1.));
#16510=DIRECTION('center_axis',(0.,0.,1.));
#16511=DIRECTION('ref_axis',(1.,0.,0.));
#16512=DIRECTION('',(0.,0.,1.));
#16513=DIRECTION('center_axis',(0.,-1.,0.));
#16514=DIRECTION('ref_axis',(1.,0.,0.));
#16515=DIRECTION('',(0.,0.,1.));
#16516=DIRECTION('center_axis',(0.,0.,1.));
#16517=DIRECTION('ref_axis',(0.,1.,0.));
#16518=DIRECTION('center_axis',(1.,0.,0.));
#16519=DIRECTION('ref_axis',(0.,1.,0.));
#16520=DIRECTION('',(0.,0.,1.));
#16521=DIRECTION('',(0.,0.,1.));
#16522=DIRECTION('center_axis',(0.,0.,1.));
#16523=DIRECTION('ref_axis',(-1.,0.,0.));
#16524=DIRECTION('',(0.,0.,1.));
#16525=DIRECTION('center_axis',(0.,1.,0.));
#16526=DIRECTION('ref_axis',(-1.,0.,0.));
#16527=DIRECTION('',(0.,0.,1.));
#16528=DIRECTION('center_axis',(0.,0.,1.));
#16529=DIRECTION('ref_axis',(0.,-1.,0.));
#16530=DIRECTION('',(0.,0.,1.));
#16531=DIRECTION('center_axis',(-1.,0.,0.));
#16532=DIRECTION('ref_axis',(0.,-1.,0.));
#16533=DIRECTION('',(0.,0.,1.));
#16534=DIRECTION('center_axis',(0.,0.,1.));
#16535=DIRECTION('ref_axis',(1.,0.,0.));
#16536=DIRECTION('',(0.,0.,1.));
#16537=DIRECTION('center_axis',(0.,-1.,0.));
#16538=DIRECTION('ref_axis',(1.,0.,0.));
#16539=DIRECTION('',(0.,0.,1.));
#16540=DIRECTION('center_axis',(0.,0.,1.));
#16541=DIRECTION('ref_axis',(0.,1.,0.));
#16542=DIRECTION('center_axis',(1.,0.,0.));
#16543=DIRECTION('ref_axis',(0.,1.,0.));
#16544=DIRECTION('',(0.,0.,1.));
#16545=DIRECTION('',(0.,0.,1.));
#16546=DIRECTION('center_axis',(0.,0.,1.));
#16547=DIRECTION('ref_axis',(-1.,0.,0.));
#16548=DIRECTION('',(0.,0.,1.));
#16549=DIRECTION('center_axis',(0.,1.,0.));
#16550=DIRECTION('ref_axis',(-1.,0.,0.));
#16551=DIRECTION('',(0.,0.,1.));
#16552=DIRECTION('center_axis',(0.,0.,1.));
#16553=DIRECTION('ref_axis',(0.,-1.,0.));
#16554=DIRECTION('',(0.,0.,1.));
#16555=DIRECTION('center_axis',(-1.,0.,0.));
#16556=DIRECTION('ref_axis',(0.,-1.,0.));
#16557=DIRECTION('',(0.,0.,1.));
#16558=DIRECTION('center_axis',(0.,0.,1.));
#16559=DIRECTION('ref_axis',(1.,0.,0.));
#16560=DIRECTION('',(0.,0.,1.));
#16561=DIRECTION('center_axis',(0.,-1.,0.));
#16562=DIRECTION('ref_axis',(1.,0.,0.));
#16563=DIRECTION('',(0.,0.,1.));
#16564=DIRECTION('center_axis',(0.,0.,1.));
#16565=DIRECTION('ref_axis',(0.,1.,0.));
#16566=DIRECTION('center_axis',(1.,0.,0.));
#16567=DIRECTION('ref_axis',(0.,1.,0.));
#16568=DIRECTION('',(0.,0.,1.));
#16569=DIRECTION('',(0.,0.,1.));
#16570=DIRECTION('center_axis',(0.,0.,1.));
#16571=DIRECTION('ref_axis',(-1.,0.,0.));
#16572=DIRECTION('',(0.,0.,1.));
#16573=DIRECTION('center_axis',(0.,1.,0.));
#16574=DIRECTION('ref_axis',(-1.,0.,0.));
#16575=DIRECTION('',(0.,0.,1.));
#16576=DIRECTION('center_axis',(0.,0.,1.));
#16577=DIRECTION('ref_axis',(0.,-1.,0.));
#16578=DIRECTION('',(0.,0.,1.));
#16579=DIRECTION('center_axis',(-1.,0.,0.));
#16580=DIRECTION('ref_axis',(0.,-1.,0.));
#16581=DIRECTION('',(0.,0.,1.));
#16582=DIRECTION('center_axis',(0.,0.,1.));
#16583=DIRECTION('ref_axis',(1.,0.,0.));
#16584=DIRECTION('',(0.,0.,1.));
#16585=DIRECTION('center_axis',(0.,-1.,0.));
#16586=DIRECTION('ref_axis',(1.,0.,0.));
#16587=DIRECTION('',(0.,0.,1.));
#16588=DIRECTION('center_axis',(0.,0.,1.));
#16589=DIRECTION('ref_axis',(0.,1.,0.));
#16590=DIRECTION('center_axis',(1.,0.,0.));
#16591=DIRECTION('ref_axis',(0.,1.,0.));
#16592=DIRECTION('',(0.,0.,1.));
#16593=DIRECTION('',(0.,0.,1.));
#16594=DIRECTION('center_axis',(0.,0.,1.));
#16595=DIRECTION('ref_axis',(-1.,0.,0.));
#16596=DIRECTION('',(0.,0.,1.));
#16597=DIRECTION('center_axis',(0.,1.,0.));
#16598=DIRECTION('ref_axis',(-1.,0.,0.));
#16599=DIRECTION('',(0.,0.,1.));
#16600=DIRECTION('center_axis',(0.,0.,1.));
#16601=DIRECTION('ref_axis',(0.,-1.,0.));
#16602=DIRECTION('',(0.,0.,1.));
#16603=DIRECTION('center_axis',(-1.,0.,0.));
#16604=DIRECTION('ref_axis',(0.,-1.,0.));
#16605=DIRECTION('',(0.,0.,1.));
#16606=DIRECTION('center_axis',(0.,0.,1.));
#16607=DIRECTION('ref_axis',(1.,0.,0.));
#16608=DIRECTION('',(0.,0.,1.));
#16609=DIRECTION('center_axis',(0.,-1.,0.));
#16610=DIRECTION('ref_axis',(1.,0.,0.));
#16611=DIRECTION('',(0.,0.,1.));
#16612=DIRECTION('center_axis',(0.,0.,1.));
#16613=DIRECTION('ref_axis',(0.,1.,0.));
#16614=DIRECTION('center_axis',(1.,0.,0.));
#16615=DIRECTION('ref_axis',(0.,1.,0.));
#16616=DIRECTION('',(0.,0.,1.));
#16617=DIRECTION('',(0.,0.,1.));
#16618=DIRECTION('center_axis',(0.,0.,1.));
#16619=DIRECTION('ref_axis',(-1.,0.,0.));
#16620=DIRECTION('',(0.,0.,1.));
#16621=DIRECTION('center_axis',(0.,1.,0.));
#16622=DIRECTION('ref_axis',(-1.,0.,0.));
#16623=DIRECTION('',(0.,0.,1.));
#16624=DIRECTION('center_axis',(0.,0.,1.));
#16625=DIRECTION('ref_axis',(0.,-1.,0.));
#16626=DIRECTION('',(0.,0.,1.));
#16627=DIRECTION('center_axis',(-1.,0.,0.));
#16628=DIRECTION('ref_axis',(0.,-1.,0.));
#16629=DIRECTION('',(0.,0.,1.));
#16630=DIRECTION('center_axis',(0.,0.,1.));
#16631=DIRECTION('ref_axis',(1.,0.,0.));
#16632=DIRECTION('',(0.,0.,1.));
#16633=DIRECTION('center_axis',(0.,-1.,0.));
#16634=DIRECTION('ref_axis',(1.,0.,0.));
#16635=DIRECTION('',(0.,0.,1.));
#16636=DIRECTION('center_axis',(0.,0.,1.));
#16637=DIRECTION('ref_axis',(0.,1.,0.));
#16638=DIRECTION('center_axis',(1.,0.,0.));
#16639=DIRECTION('ref_axis',(0.,1.,0.));
#16640=DIRECTION('',(0.,0.,1.));
#16641=DIRECTION('',(0.,0.,1.));
#16642=DIRECTION('center_axis',(0.,0.,1.));
#16643=DIRECTION('ref_axis',(-1.,0.,0.));
#16644=DIRECTION('',(0.,0.,1.));
#16645=DIRECTION('center_axis',(0.,1.,0.));
#16646=DIRECTION('ref_axis',(-1.,0.,0.));
#16647=DIRECTION('',(0.,0.,1.));
#16648=DIRECTION('center_axis',(0.,0.,1.));
#16649=DIRECTION('ref_axis',(0.,-1.,0.));
#16650=DIRECTION('',(0.,0.,1.));
#16651=DIRECTION('center_axis',(-1.,0.,0.));
#16652=DIRECTION('ref_axis',(0.,-1.,0.));
#16653=DIRECTION('',(0.,0.,1.));
#16654=DIRECTION('center_axis',(0.,0.,1.));
#16655=DIRECTION('ref_axis',(1.,0.,0.));
#16656=DIRECTION('',(0.,0.,1.));
#16657=DIRECTION('center_axis',(0.,-1.,0.));
#16658=DIRECTION('ref_axis',(1.,0.,0.));
#16659=DIRECTION('',(0.,0.,1.));
#16660=DIRECTION('center_axis',(0.,0.,1.));
#16661=DIRECTION('ref_axis',(0.,1.,0.));
#16662=DIRECTION('center_axis',(1.,0.,0.));
#16663=DIRECTION('ref_axis',(0.,1.,0.));
#16664=DIRECTION('',(0.,0.,1.));
#16665=DIRECTION('',(0.,0.,1.));
#16666=DIRECTION('center_axis',(0.,0.,1.));
#16667=DIRECTION('ref_axis',(-1.,0.,0.));
#16668=DIRECTION('',(0.,0.,1.));
#16669=DIRECTION('center_axis',(0.,1.,0.));
#16670=DIRECTION('ref_axis',(-1.,0.,0.));
#16671=DIRECTION('',(0.,0.,1.));
#16672=DIRECTION('center_axis',(0.,0.,1.));
#16673=DIRECTION('ref_axis',(0.,-1.,0.));
#16674=DIRECTION('',(0.,0.,1.));
#16675=DIRECTION('center_axis',(-1.,0.,0.));
#16676=DIRECTION('ref_axis',(0.,-1.,0.));
#16677=DIRECTION('',(0.,0.,1.));
#16678=DIRECTION('center_axis',(0.,0.,1.));
#16679=DIRECTION('ref_axis',(1.,0.,0.));
#16680=DIRECTION('',(0.,0.,1.));
#16681=DIRECTION('center_axis',(0.,-1.,0.));
#16682=DIRECTION('ref_axis',(1.,0.,0.));
#16683=DIRECTION('',(0.,0.,1.));
#16684=DIRECTION('center_axis',(0.,0.,1.));
#16685=DIRECTION('ref_axis',(0.,1.,0.));
#16686=DIRECTION('center_axis',(1.,0.,0.));
#16687=DIRECTION('ref_axis',(0.,1.,0.));
#16688=DIRECTION('',(0.,0.,1.));
#16689=DIRECTION('',(0.,0.,1.));
#16690=DIRECTION('center_axis',(0.,0.,1.));
#16691=DIRECTION('ref_axis',(-1.,0.,0.));
#16692=DIRECTION('',(0.,0.,1.));
#16693=DIRECTION('center_axis',(0.,1.,0.));
#16694=DIRECTION('ref_axis',(-1.,0.,0.));
#16695=DIRECTION('',(0.,0.,1.));
#16696=DIRECTION('center_axis',(0.,0.,1.));
#16697=DIRECTION('ref_axis',(0.,-1.,0.));
#16698=DIRECTION('',(0.,0.,1.));
#16699=DIRECTION('center_axis',(-1.,0.,0.));
#16700=DIRECTION('ref_axis',(0.,-1.,0.));
#16701=DIRECTION('',(0.,0.,1.));
#16702=DIRECTION('center_axis',(0.,0.,1.));
#16703=DIRECTION('ref_axis',(1.,0.,0.));
#16704=DIRECTION('',(0.,0.,1.));
#16705=DIRECTION('center_axis',(0.,-1.,0.));
#16706=DIRECTION('ref_axis',(1.,0.,0.));
#16707=DIRECTION('',(0.,0.,1.));
#16708=DIRECTION('center_axis',(0.,0.,1.));
#16709=DIRECTION('ref_axis',(0.,1.,0.));
#16710=DIRECTION('center_axis',(1.,0.,0.));
#16711=DIRECTION('ref_axis',(0.,1.,0.));
#16712=DIRECTION('',(0.,0.,1.));
#16713=DIRECTION('',(0.,0.,1.));
#16714=DIRECTION('center_axis',(0.,0.,1.));
#16715=DIRECTION('ref_axis',(-1.,0.,0.));
#16716=DIRECTION('',(0.,0.,1.));
#16717=DIRECTION('center_axis',(0.,1.,0.));
#16718=DIRECTION('ref_axis',(-1.,0.,0.));
#16719=DIRECTION('',(0.,0.,1.));
#16720=DIRECTION('center_axis',(0.,0.,1.));
#16721=DIRECTION('ref_axis',(0.,-1.,0.));
#16722=DIRECTION('',(0.,0.,1.));
#16723=DIRECTION('center_axis',(-1.,0.,0.));
#16724=DIRECTION('ref_axis',(0.,-1.,0.));
#16725=DIRECTION('',(0.,0.,1.));
#16726=DIRECTION('center_axis',(0.,0.,1.));
#16727=DIRECTION('ref_axis',(1.,0.,0.));
#16728=DIRECTION('',(0.,0.,1.));
#16729=DIRECTION('center_axis',(0.,-1.,0.));
#16730=DIRECTION('ref_axis',(1.,0.,0.));
#16731=DIRECTION('',(0.,0.,1.));
#16732=DIRECTION('center_axis',(0.,0.,1.));
#16733=DIRECTION('ref_axis',(0.,1.,0.));
#16734=DIRECTION('center_axis',(1.,0.,0.));
#16735=DIRECTION('ref_axis',(0.,1.,0.));
#16736=DIRECTION('',(0.,0.,1.));
#16737=DIRECTION('',(0.,0.,1.));
#16738=DIRECTION('center_axis',(0.,0.,1.));
#16739=DIRECTION('ref_axis',(-1.,0.,0.));
#16740=DIRECTION('',(0.,0.,1.));
#16741=DIRECTION('center_axis',(0.,1.,0.));
#16742=DIRECTION('ref_axis',(-1.,0.,0.));
#16743=DIRECTION('',(0.,0.,1.));
#16744=DIRECTION('center_axis',(0.,0.,1.));
#16745=DIRECTION('ref_axis',(0.,-1.,0.));
#16746=DIRECTION('',(0.,0.,1.));
#16747=DIRECTION('center_axis',(-1.,0.,0.));
#16748=DIRECTION('ref_axis',(0.,-1.,0.));
#16749=DIRECTION('',(0.,0.,1.));
#16750=DIRECTION('center_axis',(0.,0.,1.));
#16751=DIRECTION('ref_axis',(1.,0.,0.));
#16752=DIRECTION('',(0.,0.,1.));
#16753=DIRECTION('center_axis',(0.,-1.,0.));
#16754=DIRECTION('ref_axis',(1.,0.,0.));
#16755=DIRECTION('',(0.,0.,1.));
#16756=DIRECTION('center_axis',(0.,0.,1.));
#16757=DIRECTION('ref_axis',(0.,1.,0.));
#16758=DIRECTION('center_axis',(1.,0.,0.));
#16759=DIRECTION('ref_axis',(0.,1.,0.));
#16760=DIRECTION('',(0.,0.,1.));
#16761=DIRECTION('',(0.,0.,1.));
#16762=DIRECTION('center_axis',(0.,0.,1.));
#16763=DIRECTION('ref_axis',(-1.,0.,0.));
#16764=DIRECTION('',(0.,0.,1.));
#16765=DIRECTION('center_axis',(0.,1.,0.));
#16766=DIRECTION('ref_axis',(-1.,0.,0.));
#16767=DIRECTION('',(0.,0.,1.));
#16768=DIRECTION('center_axis',(0.,0.,1.));
#16769=DIRECTION('ref_axis',(0.,-1.,0.));
#16770=DIRECTION('',(0.,0.,1.));
#16771=DIRECTION('center_axis',(-1.,0.,0.));
#16772=DIRECTION('ref_axis',(0.,-1.,0.));
#16773=DIRECTION('',(0.,0.,1.));
#16774=DIRECTION('center_axis',(0.,0.,1.));
#16775=DIRECTION('ref_axis',(1.,0.,0.));
#16776=DIRECTION('',(0.,0.,1.));
#16777=DIRECTION('center_axis',(0.,-1.,0.));
#16778=DIRECTION('ref_axis',(1.,0.,0.));
#16779=DIRECTION('',(0.,0.,1.));
#16780=DIRECTION('center_axis',(0.,0.,1.));
#16781=DIRECTION('ref_axis',(0.,1.,0.));
#16782=DIRECTION('center_axis',(1.,0.,0.));
#16783=DIRECTION('ref_axis',(0.,1.,0.));
#16784=DIRECTION('',(0.,0.,1.));
#16785=DIRECTION('',(0.,0.,1.));
#16786=DIRECTION('center_axis',(0.,0.,1.));
#16787=DIRECTION('ref_axis',(-1.,0.,0.));
#16788=DIRECTION('',(0.,0.,1.));
#16789=DIRECTION('center_axis',(0.,1.,0.));
#16790=DIRECTION('ref_axis',(-1.,0.,0.));
#16791=DIRECTION('',(0.,0.,1.));
#16792=DIRECTION('center_axis',(0.,0.,1.));
#16793=DIRECTION('ref_axis',(0.,-1.,0.));
#16794=DIRECTION('',(0.,0.,1.));
#16795=DIRECTION('center_axis',(-1.,0.,0.));
#16796=DIRECTION('ref_axis',(0.,-1.,0.));
#16797=DIRECTION('',(0.,0.,1.));
#16798=DIRECTION('center_axis',(0.,0.,1.));
#16799=DIRECTION('ref_axis',(1.,0.,0.));
#16800=DIRECTION('',(0.,0.,1.));
#16801=DIRECTION('center_axis',(0.,-1.,0.));
#16802=DIRECTION('ref_axis',(1.,0.,0.));
#16803=DIRECTION('',(0.,0.,1.));
#16804=DIRECTION('center_axis',(0.,0.,1.));
#16805=DIRECTION('ref_axis',(0.,1.,0.));
#16806=DIRECTION('center_axis',(1.,0.,0.));
#16807=DIRECTION('ref_axis',(0.,1.,0.));
#16808=DIRECTION('',(0.,0.,1.));
#16809=DIRECTION('',(0.,0.,1.));
#16810=DIRECTION('center_axis',(0.,0.,1.));
#16811=DIRECTION('ref_axis',(-1.,0.,0.));
#16812=DIRECTION('',(0.,0.,1.));
#16813=DIRECTION('center_axis',(0.,1.,0.));
#16814=DIRECTION('ref_axis',(-1.,0.,0.));
#16815=DIRECTION('',(0.,0.,1.));
#16816=DIRECTION('center_axis',(0.,0.,1.));
#16817=DIRECTION('ref_axis',(0.,-1.,0.));
#16818=DIRECTION('',(0.,0.,1.));
#16819=DIRECTION('center_axis',(-1.,0.,0.));
#16820=DIRECTION('ref_axis',(0.,-1.,0.));
#16821=DIRECTION('',(0.,0.,1.));
#16822=DIRECTION('center_axis',(0.,0.,1.));
#16823=DIRECTION('ref_axis',(1.,0.,0.));
#16824=DIRECTION('',(0.,0.,1.));
#16825=DIRECTION('center_axis',(0.,-1.,0.));
#16826=DIRECTION('ref_axis',(1.,0.,0.));
#16827=DIRECTION('',(0.,0.,1.));
#16828=DIRECTION('center_axis',(0.,0.,1.));
#16829=DIRECTION('ref_axis',(0.,1.,0.));
#16830=DIRECTION('center_axis',(1.,0.,0.));
#16831=DIRECTION('ref_axis',(0.,1.,0.));
#16832=DIRECTION('',(0.,0.,1.));
#16833=DIRECTION('',(0.,0.,1.));
#16834=DIRECTION('center_axis',(0.,0.,1.));
#16835=DIRECTION('ref_axis',(-1.,0.,0.));
#16836=DIRECTION('',(0.,0.,1.));
#16837=DIRECTION('center_axis',(0.,1.,0.));
#16838=DIRECTION('ref_axis',(-1.,0.,0.));
#16839=DIRECTION('',(0.,0.,1.));
#16840=DIRECTION('center_axis',(0.,0.,1.));
#16841=DIRECTION('ref_axis',(0.,-1.,0.));
#16842=DIRECTION('',(0.,0.,1.));
#16843=DIRECTION('center_axis',(-1.,0.,0.));
#16844=DIRECTION('ref_axis',(0.,-1.,0.));
#16845=DIRECTION('',(0.,0.,1.));
#16846=DIRECTION('center_axis',(0.,0.,1.));
#16847=DIRECTION('ref_axis',(1.,0.,0.));
#16848=DIRECTION('',(0.,0.,1.));
#16849=DIRECTION('center_axis',(0.,-1.,0.));
#16850=DIRECTION('ref_axis',(1.,0.,0.));
#16851=DIRECTION('',(0.,0.,1.));
#16852=DIRECTION('center_axis',(0.,0.,1.));
#16853=DIRECTION('ref_axis',(0.,1.,0.));
#16854=DIRECTION('center_axis',(1.,0.,0.));
#16855=DIRECTION('ref_axis',(0.,1.,0.));
#16856=DIRECTION('',(0.,0.,1.));
#16857=DIRECTION('',(0.,0.,1.));
#16858=DIRECTION('center_axis',(0.,0.,1.));
#16859=DIRECTION('ref_axis',(-1.,0.,0.));
#16860=DIRECTION('',(0.,0.,1.));
#16861=DIRECTION('center_axis',(0.,1.,0.));
#16862=DIRECTION('ref_axis',(-1.,0.,0.));
#16863=DIRECTION('',(0.,0.,1.));
#16864=DIRECTION('center_axis',(0.,0.,1.));
#16865=DIRECTION('ref_axis',(0.,-1.,0.));
#16866=DIRECTION('',(0.,0.,1.));
#16867=DIRECTION('center_axis',(-1.,0.,0.));
#16868=DIRECTION('ref_axis',(0.,-1.,0.));
#16869=DIRECTION('',(0.,0.,1.));
#16870=DIRECTION('center_axis',(0.,0.,1.));
#16871=DIRECTION('ref_axis',(1.,0.,0.));
#16872=DIRECTION('',(0.,0.,1.));
#16873=DIRECTION('center_axis',(0.,-1.,0.));
#16874=DIRECTION('ref_axis',(1.,0.,0.));
#16875=DIRECTION('',(0.,0.,1.));
#16876=DIRECTION('center_axis',(0.,0.,1.));
#16877=DIRECTION('ref_axis',(0.,1.,0.));
#16878=DIRECTION('center_axis',(1.,0.,0.));
#16879=DIRECTION('ref_axis',(0.,1.,0.));
#16880=DIRECTION('',(0.,0.,1.));
#16881=DIRECTION('',(0.,0.,1.));
#16882=DIRECTION('center_axis',(0.,0.,1.));
#16883=DIRECTION('ref_axis',(-1.,0.,0.));
#16884=DIRECTION('',(0.,0.,1.));
#16885=DIRECTION('center_axis',(0.,1.,0.));
#16886=DIRECTION('ref_axis',(-1.,0.,0.));
#16887=DIRECTION('',(0.,0.,1.));
#16888=DIRECTION('center_axis',(0.,0.,1.));
#16889=DIRECTION('ref_axis',(0.,-1.,0.));
#16890=DIRECTION('',(0.,0.,1.));
#16891=DIRECTION('center_axis',(-1.,0.,0.));
#16892=DIRECTION('ref_axis',(0.,-1.,0.));
#16893=DIRECTION('',(0.,0.,1.));
#16894=DIRECTION('center_axis',(0.,0.,1.));
#16895=DIRECTION('ref_axis',(1.,0.,0.));
#16896=DIRECTION('',(0.,0.,1.));
#16897=DIRECTION('center_axis',(0.,-1.,0.));
#16898=DIRECTION('ref_axis',(1.,0.,0.));
#16899=DIRECTION('',(0.,0.,1.));
#16900=DIRECTION('center_axis',(0.,0.,1.));
#16901=DIRECTION('ref_axis',(0.,1.,0.));
#16902=DIRECTION('center_axis',(1.,0.,0.));
#16903=DIRECTION('ref_axis',(0.,1.,0.));
#16904=DIRECTION('',(0.,0.,1.));
#16905=DIRECTION('',(0.,0.,1.));
#16906=DIRECTION('center_axis',(0.,0.,1.));
#16907=DIRECTION('ref_axis',(-1.,0.,0.));
#16908=DIRECTION('',(0.,0.,1.));
#16909=DIRECTION('center_axis',(0.,1.,0.));
#16910=DIRECTION('ref_axis',(-1.,0.,0.));
#16911=DIRECTION('',(0.,0.,1.));
#16912=DIRECTION('center_axis',(0.,0.,1.));
#16913=DIRECTION('ref_axis',(0.,-1.,0.));
#16914=DIRECTION('',(0.,0.,1.));
#16915=DIRECTION('center_axis',(-1.,0.,0.));
#16916=DIRECTION('ref_axis',(0.,-1.,0.));
#16917=DIRECTION('',(0.,0.,1.));
#16918=DIRECTION('center_axis',(0.,0.,1.));
#16919=DIRECTION('ref_axis',(1.,0.,0.));
#16920=DIRECTION('',(0.,0.,1.));
#16921=DIRECTION('center_axis',(0.,-1.,0.));
#16922=DIRECTION('ref_axis',(1.,0.,0.));
#16923=DIRECTION('',(0.,0.,1.));
#16924=DIRECTION('center_axis',(0.,0.,1.));
#16925=DIRECTION('ref_axis',(0.,1.,0.));
#16926=DIRECTION('center_axis',(1.,0.,0.));
#16927=DIRECTION('ref_axis',(0.,1.,0.));
#16928=DIRECTION('',(0.,0.,1.));
#16929=DIRECTION('',(0.,0.,1.));
#16930=DIRECTION('center_axis',(0.,0.,1.));
#16931=DIRECTION('ref_axis',(-1.,0.,0.));
#16932=DIRECTION('',(0.,0.,1.));
#16933=DIRECTION('center_axis',(0.,1.,0.));
#16934=DIRECTION('ref_axis',(-1.,0.,0.));
#16935=DIRECTION('',(0.,0.,1.));
#16936=DIRECTION('center_axis',(0.,0.,1.));
#16937=DIRECTION('ref_axis',(0.,-1.,0.));
#16938=DIRECTION('',(0.,0.,1.));
#16939=DIRECTION('center_axis',(-1.,0.,0.));
#16940=DIRECTION('ref_axis',(0.,-1.,0.));
#16941=DIRECTION('',(0.,0.,1.));
#16942=DIRECTION('center_axis',(0.,0.,1.));
#16943=DIRECTION('ref_axis',(1.,0.,0.));
#16944=DIRECTION('',(0.,0.,1.));
#16945=DIRECTION('center_axis',(0.,-1.,0.));
#16946=DIRECTION('ref_axis',(1.,0.,0.));
#16947=DIRECTION('',(0.,0.,1.));
#16948=DIRECTION('center_axis',(0.,0.,1.));
#16949=DIRECTION('ref_axis',(0.,1.,0.));
#16950=DIRECTION('center_axis',(1.,0.,0.));
#16951=DIRECTION('ref_axis',(0.,1.,0.));
#16952=DIRECTION('',(0.,0.,1.));
#16953=DIRECTION('',(0.,0.,1.));
#16954=DIRECTION('center_axis',(0.,0.,1.));
#16955=DIRECTION('ref_axis',(-1.,0.,0.));
#16956=DIRECTION('',(0.,0.,1.));
#16957=DIRECTION('center_axis',(0.,1.,0.));
#16958=DIRECTION('ref_axis',(-1.,0.,0.));
#16959=DIRECTION('',(0.,0.,1.));
#16960=DIRECTION('center_axis',(0.,0.,1.));
#16961=DIRECTION('ref_axis',(0.,-1.,0.));
#16962=DIRECTION('',(0.,0.,1.));
#16963=DIRECTION('center_axis',(-1.,0.,0.));
#16964=DIRECTION('ref_axis',(0.,-1.,0.));
#16965=DIRECTION('',(0.,0.,1.));
#16966=DIRECTION('center_axis',(0.,0.,1.));
#16967=DIRECTION('ref_axis',(1.,0.,0.));
#16968=DIRECTION('',(0.,0.,1.));
#16969=DIRECTION('center_axis',(0.,-1.,0.));
#16970=DIRECTION('ref_axis',(1.,0.,0.));
#16971=DIRECTION('',(0.,0.,1.));
#16972=DIRECTION('center_axis',(0.,0.,1.));
#16973=DIRECTION('ref_axis',(0.,1.,0.));
#16974=DIRECTION('center_axis',(1.,0.,0.));
#16975=DIRECTION('ref_axis',(0.,1.,0.));
#16976=DIRECTION('',(0.,0.,1.));
#16977=DIRECTION('',(0.,0.,1.));
#16978=DIRECTION('center_axis',(0.,0.,1.));
#16979=DIRECTION('ref_axis',(-1.,0.,0.));
#16980=DIRECTION('',(0.,0.,1.));
#16981=DIRECTION('center_axis',(0.,1.,0.));
#16982=DIRECTION('ref_axis',(-1.,0.,0.));
#16983=DIRECTION('',(0.,0.,1.));
#16984=DIRECTION('center_axis',(0.,0.,1.));
#16985=DIRECTION('ref_axis',(0.,-1.,0.));
#16986=DIRECTION('',(0.,0.,1.));
#16987=DIRECTION('center_axis',(-1.,0.,0.));
#16988=DIRECTION('ref_axis',(0.,-1.,0.));
#16989=DIRECTION('',(0.,0.,1.));
#16990=DIRECTION('center_axis',(0.,0.,1.));
#16991=DIRECTION('ref_axis',(1.,0.,0.));
#16992=DIRECTION('',(0.,0.,1.));
#16993=DIRECTION('center_axis',(0.,-1.,0.));
#16994=DIRECTION('ref_axis',(1.,0.,0.));
#16995=DIRECTION('',(0.,0.,1.));
#16996=DIRECTION('center_axis',(0.,0.,1.));
#16997=DIRECTION('ref_axis',(0.,1.,0.));
#16998=DIRECTION('center_axis',(1.,0.,0.));
#16999=DIRECTION('ref_axis',(0.,1.,0.));
#17000=DIRECTION('',(0.,0.,1.));
#17001=DIRECTION('',(0.,0.,1.));
#17002=DIRECTION('center_axis',(0.,0.,1.));
#17003=DIRECTION('ref_axis',(-1.,0.,0.));
#17004=DIRECTION('',(0.,0.,1.));
#17005=DIRECTION('center_axis',(0.,1.,0.));
#17006=DIRECTION('ref_axis',(-1.,0.,0.));
#17007=DIRECTION('',(0.,0.,1.));
#17008=DIRECTION('center_axis',(0.,0.,1.));
#17009=DIRECTION('ref_axis',(0.,-1.,0.));
#17010=DIRECTION('',(0.,0.,1.));
#17011=DIRECTION('center_axis',(-1.,0.,0.));
#17012=DIRECTION('ref_axis',(0.,-1.,0.));
#17013=DIRECTION('',(0.,0.,1.));
#17014=DIRECTION('center_axis',(0.,0.,1.));
#17015=DIRECTION('ref_axis',(1.,0.,0.));
#17016=DIRECTION('',(0.,0.,1.));
#17017=DIRECTION('center_axis',(0.,-1.,0.));
#17018=DIRECTION('ref_axis',(1.,0.,0.));
#17019=DIRECTION('',(0.,0.,1.));
#17020=DIRECTION('center_axis',(0.,0.,1.));
#17021=DIRECTION('ref_axis',(0.,1.,0.));
#17022=DIRECTION('center_axis',(1.,0.,0.));
#17023=DIRECTION('ref_axis',(0.,1.,0.));
#17024=DIRECTION('',(0.,0.,1.));
#17025=DIRECTION('',(0.,0.,1.));
#17026=DIRECTION('center_axis',(0.,0.,1.));
#17027=DIRECTION('ref_axis',(-1.,0.,0.));
#17028=DIRECTION('',(0.,0.,1.));
#17029=DIRECTION('center_axis',(0.,1.,0.));
#17030=DIRECTION('ref_axis',(-1.,0.,0.));
#17031=DIRECTION('',(0.,0.,1.));
#17032=DIRECTION('center_axis',(0.,0.,1.));
#17033=DIRECTION('ref_axis',(0.,-1.,0.));
#17034=DIRECTION('',(0.,0.,1.));
#17035=DIRECTION('center_axis',(-1.,0.,0.));
#17036=DIRECTION('ref_axis',(0.,-1.,0.));
#17037=DIRECTION('',(0.,0.,1.));
#17038=DIRECTION('center_axis',(0.,0.,1.));
#17039=DIRECTION('ref_axis',(1.,0.,0.));
#17040=DIRECTION('',(0.,0.,1.));
#17041=DIRECTION('center_axis',(0.,-1.,0.));
#17042=DIRECTION('ref_axis',(1.,0.,0.));
#17043=DIRECTION('',(0.,0.,1.));
#17044=DIRECTION('center_axis',(0.,0.,1.));
#17045=DIRECTION('ref_axis',(0.,1.,0.));
#17046=DIRECTION('center_axis',(1.,0.,0.));
#17047=DIRECTION('ref_axis',(0.,1.,0.));
#17048=DIRECTION('',(0.,0.,1.));
#17049=DIRECTION('',(0.,0.,1.));
#17050=DIRECTION('center_axis',(0.,0.,1.));
#17051=DIRECTION('ref_axis',(-1.,0.,0.));
#17052=DIRECTION('',(0.,0.,1.));
#17053=DIRECTION('center_axis',(0.,1.,0.));
#17054=DIRECTION('ref_axis',(-1.,0.,0.));
#17055=DIRECTION('',(0.,0.,1.));
#17056=DIRECTION('center_axis',(0.,0.,1.));
#17057=DIRECTION('ref_axis',(0.,-1.,0.));
#17058=DIRECTION('',(0.,0.,1.));
#17059=DIRECTION('center_axis',(-1.,0.,0.));
#17060=DIRECTION('ref_axis',(0.,-1.,0.));
#17061=DIRECTION('',(0.,0.,1.));
#17062=DIRECTION('center_axis',(0.,0.,1.));
#17063=DIRECTION('ref_axis',(1.,0.,0.));
#17064=DIRECTION('',(0.,0.,1.));
#17065=DIRECTION('center_axis',(0.,-1.,0.));
#17066=DIRECTION('ref_axis',(1.,0.,0.));
#17067=DIRECTION('',(0.,0.,1.));
#17068=DIRECTION('center_axis',(0.,0.,1.));
#17069=DIRECTION('ref_axis',(0.,1.,0.));
#17070=DIRECTION('center_axis',(1.,0.,0.));
#17071=DIRECTION('ref_axis',(0.,1.,0.));
#17072=DIRECTION('',(0.,0.,1.));
#17073=DIRECTION('',(0.,0.,1.));
#17074=DIRECTION('center_axis',(0.,0.,1.));
#17075=DIRECTION('ref_axis',(-1.,0.,0.));
#17076=DIRECTION('',(0.,0.,1.));
#17077=DIRECTION('center_axis',(0.,1.,0.));
#17078=DIRECTION('ref_axis',(-1.,0.,0.));
#17079=DIRECTION('',(0.,0.,1.));
#17080=DIRECTION('center_axis',(0.,0.,1.));
#17081=DIRECTION('ref_axis',(0.,-1.,0.));
#17082=DIRECTION('',(0.,0.,1.));
#17083=DIRECTION('center_axis',(-1.,0.,0.));
#17084=DIRECTION('ref_axis',(0.,-1.,0.));
#17085=DIRECTION('',(0.,0.,1.));
#17086=DIRECTION('center_axis',(0.,0.,1.));
#17087=DIRECTION('ref_axis',(1.,0.,0.));
#17088=DIRECTION('',(0.,0.,1.));
#17089=DIRECTION('center_axis',(0.,-1.,0.));
#17090=DIRECTION('ref_axis',(1.,0.,0.));
#17091=DIRECTION('',(0.,0.,1.));
#17092=DIRECTION('center_axis',(0.,0.,1.));
#17093=DIRECTION('ref_axis',(0.,1.,0.));
#17094=DIRECTION('center_axis',(1.,0.,0.));
#17095=DIRECTION('ref_axis',(0.,1.,0.));
#17096=DIRECTION('',(0.,0.,1.));
#17097=DIRECTION('',(0.,0.,1.));
#17098=DIRECTION('center_axis',(0.,0.,1.));
#17099=DIRECTION('ref_axis',(-1.,0.,0.));
#17100=DIRECTION('',(0.,0.,1.));
#17101=DIRECTION('center_axis',(0.,1.,0.));
#17102=DIRECTION('ref_axis',(-1.,0.,0.));
#17103=DIRECTION('',(0.,0.,1.));
#17104=DIRECTION('center_axis',(0.,0.,1.));
#17105=DIRECTION('ref_axis',(0.,-1.,0.));
#17106=DIRECTION('',(0.,0.,1.));
#17107=DIRECTION('center_axis',(-1.,0.,0.));
#17108=DIRECTION('ref_axis',(0.,-1.,0.));
#17109=DIRECTION('',(0.,0.,1.));
#17110=DIRECTION('center_axis',(0.,0.,1.));
#17111=DIRECTION('ref_axis',(1.,0.,0.));
#17112=DIRECTION('',(0.,0.,1.));
#17113=DIRECTION('center_axis',(0.,-1.,0.));
#17114=DIRECTION('ref_axis',(1.,0.,0.));
#17115=DIRECTION('',(0.,0.,1.));
#17116=DIRECTION('center_axis',(0.,0.,1.));
#17117=DIRECTION('ref_axis',(0.,1.,0.));
#17118=DIRECTION('center_axis',(1.,0.,0.));
#17119=DIRECTION('ref_axis',(0.,1.,0.));
#17120=DIRECTION('',(0.,0.,1.));
#17121=DIRECTION('',(0.,0.,1.));
#17122=DIRECTION('center_axis',(0.,0.,1.));
#17123=DIRECTION('ref_axis',(-1.,0.,0.));
#17124=DIRECTION('',(0.,0.,1.));
#17125=DIRECTION('center_axis',(0.,1.,0.));
#17126=DIRECTION('ref_axis',(-1.,0.,0.));
#17127=DIRECTION('',(0.,0.,1.));
#17128=DIRECTION('center_axis',(0.,0.,1.));
#17129=DIRECTION('ref_axis',(0.,-1.,0.));
#17130=DIRECTION('',(0.,0.,1.));
#17131=DIRECTION('center_axis',(-1.,0.,0.));
#17132=DIRECTION('ref_axis',(0.,-1.,0.));
#17133=DIRECTION('',(0.,0.,1.));
#17134=DIRECTION('center_axis',(0.,0.,1.));
#17135=DIRECTION('ref_axis',(1.,0.,0.));
#17136=DIRECTION('',(0.,0.,1.));
#17137=DIRECTION('center_axis',(0.,-1.,0.));
#17138=DIRECTION('ref_axis',(1.,0.,0.));
#17139=DIRECTION('',(0.,0.,1.));
#17140=DIRECTION('center_axis',(0.,0.,1.));
#17141=DIRECTION('ref_axis',(0.,1.,0.));
#17142=DIRECTION('center_axis',(1.,0.,0.));
#17143=DIRECTION('ref_axis',(0.,1.,0.));
#17144=DIRECTION('',(0.,0.,1.));
#17145=DIRECTION('',(0.,0.,1.));
#17146=DIRECTION('center_axis',(0.,0.,1.));
#17147=DIRECTION('ref_axis',(-1.,0.,0.));
#17148=DIRECTION('',(0.,0.,1.));
#17149=DIRECTION('center_axis',(0.,1.,0.));
#17150=DIRECTION('ref_axis',(-1.,0.,0.));
#17151=DIRECTION('',(0.,0.,1.));
#17152=DIRECTION('center_axis',(0.,0.,1.));
#17153=DIRECTION('ref_axis',(0.,-1.,0.));
#17154=DIRECTION('',(0.,0.,1.));
#17155=DIRECTION('center_axis',(-1.,0.,0.));
#17156=DIRECTION('ref_axis',(0.,-1.,0.));
#17157=DIRECTION('',(0.,0.,1.));
#17158=DIRECTION('center_axis',(0.,0.,1.));
#17159=DIRECTION('ref_axis',(1.,0.,0.));
#17160=DIRECTION('',(0.,0.,1.));
#17161=DIRECTION('center_axis',(0.,-1.,0.));
#17162=DIRECTION('ref_axis',(1.,0.,0.));
#17163=DIRECTION('',(0.,0.,1.));
#17164=DIRECTION('center_axis',(0.,0.,1.));
#17165=DIRECTION('ref_axis',(0.,1.,0.));
#17166=DIRECTION('center_axis',(1.,0.,0.));
#17167=DIRECTION('ref_axis',(0.,1.,0.));
#17168=DIRECTION('',(0.,0.,1.));
#17169=DIRECTION('',(0.,0.,1.));
#17170=DIRECTION('center_axis',(0.,0.,1.));
#17171=DIRECTION('ref_axis',(-1.,0.,0.));
#17172=DIRECTION('',(0.,0.,1.));
#17173=DIRECTION('center_axis',(0.,1.,0.));
#17174=DIRECTION('ref_axis',(-1.,0.,0.));
#17175=DIRECTION('',(0.,0.,1.));
#17176=DIRECTION('center_axis',(0.,0.,1.));
#17177=DIRECTION('ref_axis',(0.,-1.,0.));
#17178=DIRECTION('',(0.,0.,1.));
#17179=DIRECTION('center_axis',(-1.,0.,0.));
#17180=DIRECTION('ref_axis',(0.,-1.,0.));
#17181=DIRECTION('',(0.,0.,1.));
#17182=DIRECTION('center_axis',(0.,0.,1.));
#17183=DIRECTION('ref_axis',(1.,0.,0.));
#17184=DIRECTION('',(0.,0.,1.));
#17185=DIRECTION('center_axis',(0.,-1.,0.));
#17186=DIRECTION('ref_axis',(1.,0.,0.));
#17187=DIRECTION('',(0.,0.,1.));
#17188=DIRECTION('center_axis',(0.,0.,1.));
#17189=DIRECTION('ref_axis',(0.,1.,0.));
#17190=DIRECTION('center_axis',(1.,0.,0.));
#17191=DIRECTION('ref_axis',(0.,1.,0.));
#17192=DIRECTION('',(0.,0.,1.));
#17193=DIRECTION('',(0.,0.,1.));
#17194=DIRECTION('center_axis',(0.,0.,1.));
#17195=DIRECTION('ref_axis',(-1.,0.,0.));
#17196=DIRECTION('',(0.,0.,1.));
#17197=DIRECTION('center_axis',(0.,1.,0.));
#17198=DIRECTION('ref_axis',(-1.,0.,0.));
#17199=DIRECTION('',(0.,0.,1.));
#17200=DIRECTION('center_axis',(0.,0.,1.));
#17201=DIRECTION('ref_axis',(0.,-1.,0.));
#17202=DIRECTION('',(0.,0.,1.));
#17203=DIRECTION('center_axis',(-1.,0.,0.));
#17204=DIRECTION('ref_axis',(0.,-1.,0.));
#17205=DIRECTION('',(0.,0.,1.));
#17206=DIRECTION('center_axis',(0.,0.,1.));
#17207=DIRECTION('ref_axis',(1.,0.,0.));
#17208=DIRECTION('',(0.,0.,1.));
#17209=DIRECTION('center_axis',(0.,-1.,0.));
#17210=DIRECTION('ref_axis',(1.,0.,0.));
#17211=DIRECTION('',(0.,0.,1.));
#17212=DIRECTION('center_axis',(0.,0.,1.));
#17213=DIRECTION('ref_axis',(0.,1.,0.));
#17214=DIRECTION('center_axis',(1.,0.,0.));
#17215=DIRECTION('ref_axis',(0.,1.,0.));
#17216=DIRECTION('',(0.,0.,1.));
#17217=DIRECTION('',(0.,0.,1.));
#17218=DIRECTION('center_axis',(0.,0.,1.));
#17219=DIRECTION('ref_axis',(-1.,0.,0.));
#17220=DIRECTION('',(0.,0.,1.));
#17221=DIRECTION('center_axis',(0.,1.,0.));
#17222=DIRECTION('ref_axis',(-1.,0.,0.));
#17223=DIRECTION('',(0.,0.,1.));
#17224=DIRECTION('center_axis',(0.,0.,1.));
#17225=DIRECTION('ref_axis',(0.,-1.,0.));
#17226=DIRECTION('',(0.,0.,1.));
#17227=DIRECTION('center_axis',(-1.,0.,0.));
#17228=DIRECTION('ref_axis',(0.,-1.,0.));
#17229=DIRECTION('',(0.,0.,1.));
#17230=DIRECTION('center_axis',(0.,0.,1.));
#17231=DIRECTION('ref_axis',(1.,0.,0.));
#17232=DIRECTION('',(0.,0.,1.));
#17233=DIRECTION('center_axis',(0.,-1.,0.));
#17234=DIRECTION('ref_axis',(1.,0.,0.));
#17235=DIRECTION('',(0.,0.,1.));
#17236=DIRECTION('center_axis',(0.,0.,1.));
#17237=DIRECTION('ref_axis',(0.,1.,0.));
#17238=DIRECTION('center_axis',(1.,0.,0.));
#17239=DIRECTION('ref_axis',(0.,1.,0.));
#17240=DIRECTION('',(0.,0.,1.));
#17241=DIRECTION('',(0.,0.,1.));
#17242=DIRECTION('center_axis',(0.,0.,1.));
#17243=DIRECTION('ref_axis',(-1.,0.,0.));
#17244=DIRECTION('',(0.,0.,1.));
#17245=DIRECTION('center_axis',(0.,1.,0.));
#17246=DIRECTION('ref_axis',(-1.,0.,0.));
#17247=DIRECTION('',(0.,0.,1.));
#17248=DIRECTION('center_axis',(0.,0.,1.));
#17249=DIRECTION('ref_axis',(0.,-1.,0.));
#17250=DIRECTION('',(0.,0.,1.));
#17251=DIRECTION('center_axis',(-1.,0.,0.));
#17252=DIRECTION('ref_axis',(0.,-1.,0.));
#17253=DIRECTION('',(0.,0.,1.));
#17254=DIRECTION('center_axis',(0.,0.,1.));
#17255=DIRECTION('ref_axis',(1.,0.,0.));
#17256=DIRECTION('',(0.,0.,1.));
#17257=DIRECTION('center_axis',(0.,-1.,0.));
#17258=DIRECTION('ref_axis',(1.,0.,0.));
#17259=DIRECTION('',(0.,0.,1.));
#17260=DIRECTION('center_axis',(0.,0.,1.));
#17261=DIRECTION('ref_axis',(0.,1.,0.));
#17262=DIRECTION('center_axis',(1.,0.,0.));
#17263=DIRECTION('ref_axis',(0.,1.,0.));
#17264=DIRECTION('',(0.,0.,1.));
#17265=DIRECTION('',(0.,0.,1.));
#17266=DIRECTION('center_axis',(0.,0.,1.));
#17267=DIRECTION('ref_axis',(-1.,0.,0.));
#17268=DIRECTION('',(0.,0.,1.));
#17269=DIRECTION('center_axis',(0.,1.,0.));
#17270=DIRECTION('ref_axis',(-1.,0.,0.));
#17271=DIRECTION('',(0.,0.,1.));
#17272=DIRECTION('center_axis',(0.,0.,1.));
#17273=DIRECTION('ref_axis',(0.,-1.,0.));
#17274=DIRECTION('',(0.,0.,1.));
#17275=DIRECTION('center_axis',(-1.,0.,0.));
#17276=DIRECTION('ref_axis',(0.,-1.,0.));
#17277=DIRECTION('',(0.,0.,1.));
#17278=DIRECTION('center_axis',(0.,0.,1.));
#17279=DIRECTION('ref_axis',(1.,0.,0.));
#17280=DIRECTION('',(0.,0.,1.));
#17281=DIRECTION('center_axis',(0.,-1.,0.));
#17282=DIRECTION('ref_axis',(1.,0.,0.));
#17283=DIRECTION('',(0.,0.,1.));
#17284=DIRECTION('center_axis',(0.,0.,1.));
#17285=DIRECTION('ref_axis',(0.,1.,0.));
#17286=DIRECTION('center_axis',(1.,0.,0.));
#17287=DIRECTION('ref_axis',(0.,1.,0.));
#17288=DIRECTION('',(0.,0.,1.));
#17289=DIRECTION('',(0.,0.,1.));
#17290=DIRECTION('center_axis',(0.,0.,1.));
#17291=DIRECTION('ref_axis',(-1.,0.,0.));
#17292=DIRECTION('',(0.,0.,1.));
#17293=DIRECTION('center_axis',(0.,1.,0.));
#17294=DIRECTION('ref_axis',(-1.,0.,0.));
#17295=DIRECTION('',(0.,0.,1.));
#17296=DIRECTION('center_axis',(0.,0.,1.));
#17297=DIRECTION('ref_axis',(0.,-1.,0.));
#17298=DIRECTION('',(0.,0.,1.));
#17299=DIRECTION('center_axis',(-1.,0.,0.));
#17300=DIRECTION('ref_axis',(0.,-1.,0.));
#17301=DIRECTION('',(0.,0.,1.));
#17302=DIRECTION('center_axis',(0.,0.,1.));
#17303=DIRECTION('ref_axis',(1.,0.,0.));
#17304=DIRECTION('',(0.,0.,1.));
#17305=DIRECTION('center_axis',(0.,-1.,0.));
#17306=DIRECTION('ref_axis',(1.,0.,0.));
#17307=DIRECTION('',(0.,0.,1.));
#17308=DIRECTION('center_axis',(0.,0.,1.));
#17309=DIRECTION('ref_axis',(0.,1.,0.));
#17310=DIRECTION('center_axis',(1.,0.,0.));
#17311=DIRECTION('ref_axis',(0.,1.,0.));
#17312=DIRECTION('',(0.,0.,1.));
#17313=DIRECTION('',(0.,0.,1.));
#17314=DIRECTION('center_axis',(0.,0.,1.));
#17315=DIRECTION('ref_axis',(-1.,0.,0.));
#17316=DIRECTION('',(0.,0.,1.));
#17317=DIRECTION('center_axis',(0.,1.,0.));
#17318=DIRECTION('ref_axis',(-1.,0.,0.));
#17319=DIRECTION('',(0.,0.,1.));
#17320=DIRECTION('center_axis',(0.,0.,1.));
#17321=DIRECTION('ref_axis',(0.,-1.,0.));
#17322=DIRECTION('',(0.,0.,1.));
#17323=DIRECTION('center_axis',(-1.,0.,0.));
#17324=DIRECTION('ref_axis',(0.,-1.,0.));
#17325=DIRECTION('',(0.,0.,1.));
#17326=DIRECTION('center_axis',(0.,0.,1.));
#17327=DIRECTION('ref_axis',(1.,0.,0.));
#17328=DIRECTION('',(0.,0.,1.));
#17329=DIRECTION('center_axis',(0.,-1.,0.));
#17330=DIRECTION('ref_axis',(1.,0.,0.));
#17331=DIRECTION('',(0.,0.,1.));
#17332=DIRECTION('center_axis',(0.,0.,1.));
#17333=DIRECTION('ref_axis',(0.,1.,0.));
#17334=DIRECTION('center_axis',(-1.,0.,0.));
#17335=DIRECTION('ref_axis',(0.,-1.,0.));
#17336=DIRECTION('',(0.,0.,1.));
#17337=DIRECTION('center_axis',(0.,0.,1.));
#17338=DIRECTION('ref_axis',(1.38777878078145E-16,1.,0.));
#17339=DIRECTION('center_axis',(0.,0.,1.));
#17340=DIRECTION('ref_axis',(1.,-6.24500451351653E-15,0.));
#17341=DIRECTION('',(0.,0.,1.));
#17342=DIRECTION('center_axis',(1.,0.,0.));
#17343=DIRECTION('ref_axis',(0.,1.,0.));
#17344=DIRECTION('',(0.,0.,1.));
#17345=DIRECTION('center_axis',(0.,0.,1.));
#17346=DIRECTION('ref_axis',(-1.,6.66133814775096E-15,0.));
#17347=DIRECTION('center_axis',(0.,0.,1.));
#17348=DIRECTION('ref_axis',(1.,1.33226762955017E-14,0.));
#17349=DIRECTION('',(0.,0.,1.));
#17350=DIRECTION('center_axis',(1.,0.,0.));
#17351=DIRECTION('ref_axis',(0.,1.,0.));
#17352=DIRECTION('',(0.,0.,1.));
#17353=DIRECTION('center_axis',(0.,0.,1.));
#17354=DIRECTION('ref_axis',(-3.55271367880045E-14,-1.,0.));
#17355=CARTESIAN_POINT('',(0.,0.,0.));
#17356=CARTESIAN_POINT('Origin',(24.121875,-99.245,51.55));
#17357=CARTESIAN_POINT('',(23.621875,-99.245,50.8));
#17358=CARTESIAN_POINT('',(24.121875,-99.745,50.8));
#17359=CARTESIAN_POINT('Origin',(24.121875,-99.245,50.8));
#17360=CARTESIAN_POINT('',(24.121875,-99.745,52.3));
#17361=CARTESIAN_POINT('',(24.121875,-99.745,51.55));
#17362=CARTESIAN_POINT('',(23.621875,-99.245,52.3));
#17363=CARTESIAN_POINT('Origin',(24.121875,-99.245,52.3));
#17364=CARTESIAN_POINT('',(23.621875,-99.245,51.55));
#17365=CARTESIAN_POINT('Origin',(23.621875,-98.745,52.3));
#17366=CARTESIAN_POINT('',(23.621875,-98.745,52.3));
#17367=CARTESIAN_POINT('',(23.621875,-98.745,52.3));
#17368=CARTESIAN_POINT('',(23.621875,-98.745,50.8));
#17369=CARTESIAN_POINT('',(23.621875,-98.745,50.8));
#17370=CARTESIAN_POINT('',(23.621875,-98.745,50.8));
#17371=CARTESIAN_POINT('Origin',(128.5875,-47.625,52.3));
#17372=CARTESIAN_POINT('',(24.621875,-99.745,52.3));
#17373=CARTESIAN_POINT('',(77.1046875,-99.745,52.3));
#17374=CARTESIAN_POINT('',(25.621875,-98.745,52.3));
#17375=CARTESIAN_POINT('Origin',(24.621875,-98.745,52.3));
#17376=CARTESIAN_POINT('',(25.621875,-96.75,52.3));
#17377=CARTESIAN_POINT('',(25.621875,-98.745,52.3));
#17378=CARTESIAN_POINT('',(27.121875,-95.25,52.3));
#17379=CARTESIAN_POINT('Origin',(27.121875,-96.75,52.3));
#17380=CARTESIAN_POINT('',(66.30625,-95.25,52.3));
#17381=CARTESIAN_POINT('',(0.,-95.25,52.3));
#17382=CARTESIAN_POINT('',(67.80625,-96.75,52.3));
#17383=CARTESIAN_POINT('Origin',(66.30625,-96.75,52.3));
#17384=CARTESIAN_POINT('',(67.80625,-98.745,52.3));
#17385=CARTESIAN_POINT('',(67.80625,-71.4375,52.3));
#17386=CARTESIAN_POINT('',(68.80625,-99.745,52.3));
#17387=CARTESIAN_POINT('Origin',(68.80625,-98.745,52.3));
#17388=CARTESIAN_POINT('',(69.30625,-99.745,52.3));
#17389=CARTESIAN_POINT('',(99.196875,-99.745,52.3));
#17390=CARTESIAN_POINT('',(69.80625,-99.245,52.3));
#17391=CARTESIAN_POINT('Origin',(69.30625,-99.245,52.3));
#17392=CARTESIAN_POINT('',(69.80625,-98.745,52.3));
#17393=CARTESIAN_POINT('',(69.80625,-98.745,52.3));
#17394=CARTESIAN_POINT('',(71.80625,-98.745,52.3));
#17395=CARTESIAN_POINT('Origin',(70.80625,-98.745,52.3));
#17396=CARTESIAN_POINT('',(71.80625,-99.245,52.3));
#17397=CARTESIAN_POINT('',(71.80625,-98.745,52.3));
#17398=CARTESIAN_POINT('',(72.30625,-99.745,52.3));
#17399=CARTESIAN_POINT('Origin',(72.30625,-99.245,52.3));
#17400=CARTESIAN_POINT('',(72.80625,-99.745,52.3));
#17401=CARTESIAN_POINT('',(101.196875,-99.745,52.3));
#17402=CARTESIAN_POINT('',(73.80625,-98.745,52.3));
#17403=CARTESIAN_POINT('Origin',(72.80625,-98.745,52.3));
#17404=CARTESIAN_POINT('',(73.80625,-96.75,52.3));
#17405=CARTESIAN_POINT('',(73.80625,-98.745,52.3));
#17406=CARTESIAN_POINT('',(74.8583333333333,-95.3184376857006,52.3));
#17407=CARTESIAN_POINT('Origin',(75.30625,-96.75,52.3));
#17408=CARTESIAN_POINT('',(76.9625,-92.4553130571018,52.3));
#17409=CARTESIAN_POINT('Origin',(73.9625,-92.4553130571018,52.3));
#17410=CARTESIAN_POINT('',(76.9625,-75.725,52.3));
#17411=CARTESIAN_POINT('',(76.9625,-69.425,52.3));
#17412=CARTESIAN_POINT('',(77.4625,-75.225,52.3));
#17413=CARTESIAN_POINT('Origin',(77.4625,-75.725,52.3));
#17414=CARTESIAN_POINT('',(84.4625,-75.225,52.3));
#17415=CARTESIAN_POINT('',(103.275,-75.225,52.3));
#17416=CARTESIAN_POINT('',(84.9625,-75.725,52.3));
#17417=CARTESIAN_POINT('Origin',(84.4625,-75.725,52.3));
#17418=CARTESIAN_POINT('',(84.9625,-92.25,52.3));
#17419=CARTESIAN_POINT('',(84.9625,-62.425,52.3));
#17420=CARTESIAN_POINT('',(87.9625,-95.25,52.3));
#17421=CARTESIAN_POINT('Origin',(87.9625,-92.25,52.3));
#17422=CARTESIAN_POINT('',(169.2125,-95.25,52.3));
#17423=CARTESIAN_POINT('',(0.,-95.25,52.3));
#17424=CARTESIAN_POINT('',(172.2125,-92.25,52.3));
#17425=CARTESIAN_POINT('Origin',(169.2125,-92.25,52.3));
#17426=CARTESIAN_POINT('',(172.2125,-75.725,52.3));
#17427=CARTESIAN_POINT('',(172.2125,-69.425,52.3));
#17428=CARTESIAN_POINT('',(172.7125,-75.225,52.3));
#17429=CARTESIAN_POINT('Origin',(172.7125,-75.725,52.3));
#17430=CARTESIAN_POINT('',(179.7125,-75.225,52.3));
#17431=CARTESIAN_POINT('',(103.275,-75.225,52.3));
#17432=CARTESIAN_POINT('',(180.2125,-75.725,52.3));
#17433=CARTESIAN_POINT('Origin',(179.7125,-75.725,52.3));
#17434=CARTESIAN_POINT('',(180.2125,-92.4553130571018,52.3));
#17435=CARTESIAN_POINT('',(180.2125,-62.425,52.3));
#17436=CARTESIAN_POINT('',(182.316666666667,-95.3184376857006,52.3));
#17437=CARTESIAN_POINT('Origin',(183.2125,-92.4553130571018,52.3));
#17438=CARTESIAN_POINT('',(183.36875,-96.75,52.3));
#17439=CARTESIAN_POINT('Origin',(181.86875,-96.75,52.3));
#17440=CARTESIAN_POINT('',(183.36875,-98.745,52.3));
#17441=CARTESIAN_POINT('',(183.36875,-71.4375,52.3));
#17442=CARTESIAN_POINT('',(184.36875,-99.745,52.3));
#17443=CARTESIAN_POINT('Origin',(184.36875,-98.745,52.3));
#17444=CARTESIAN_POINT('',(184.86875,-99.745,52.3));
#17445=CARTESIAN_POINT('',(156.978125,-99.745,52.3));
#17446=CARTESIAN_POINT('',(185.36875,-99.245,52.3));
#17447=CARTESIAN_POINT('Origin',(184.86875,-99.245,52.3));
#17448=CARTESIAN_POINT('',(185.36875,-98.745,52.3));
#17449=CARTESIAN_POINT('',(185.36875,-98.745,52.3));
#17450=CARTESIAN_POINT('',(187.36875,-98.745,52.3));
#17451=CARTESIAN_POINT('Origin',(186.36875,-98.745,52.3));
#17452=CARTESIAN_POINT('',(187.36875,-99.245,52.3));
#17453=CARTESIAN_POINT('',(187.36875,-98.745,52.3));
#17454=CARTESIAN_POINT('',(187.86875,-99.745,52.3));
#17455=CARTESIAN_POINT('Origin',(187.86875,-99.245,52.3));
#17456=CARTESIAN_POINT('',(188.36875,-99.745,52.3));
#17457=CARTESIAN_POINT('',(158.978125,-99.745,52.3));
#17458=CARTESIAN_POINT('',(189.36875,-98.745,52.3));
#17459=CARTESIAN_POINT('Origin',(188.36875,-98.745,52.3));
#17460=CARTESIAN_POINT('',(189.36875,-96.75,52.3));
#17461=CARTESIAN_POINT('',(189.36875,-98.745,52.3));
#17462=CARTESIAN_POINT('',(190.86875,-95.25,52.3));
#17463=CARTESIAN_POINT('Origin',(190.86875,-96.75,52.3));
#17464=CARTESIAN_POINT('',(230.053125,-95.25,52.3));
#17465=CARTESIAN_POINT('',(0.,-95.25,52.3));
#17466=CARTESIAN_POINT('',(231.553125,-96.75,52.3));
#17467=CARTESIAN_POINT('Origin',(230.053125,-96.75,52.3));
#17468=CARTESIAN_POINT('',(231.553125,-98.745,52.3));
#17469=CARTESIAN_POINT('',(231.553125,-71.4375,52.3));
#17470=CARTESIAN_POINT('',(232.553125,-99.745,52.3));
#17471=CARTESIAN_POINT('Origin',(232.553125,-98.745,52.3));
#17472=CARTESIAN_POINT('',(233.053125,-99.745,52.3));
#17473=CARTESIAN_POINT('',(181.0703125,-99.745,52.3));
#17474=CARTESIAN_POINT('',(233.553125,-99.245,52.3));
#17475=CARTESIAN_POINT('Origin',(233.053125,-99.245,52.3));
#17476=CARTESIAN_POINT('',(233.553125,-98.745,52.3));
#17477=CARTESIAN_POINT('',(233.553125,-98.745,52.3));
#17478=CARTESIAN_POINT('',(235.553125,-98.745,52.3));
#17479=CARTESIAN_POINT('Origin',(234.553125,-98.745,52.3));
#17480=CARTESIAN_POINT('',(235.553125,-99.245,52.3));
#17481=CARTESIAN_POINT('',(235.553125,-98.745,52.3));
#17482=CARTESIAN_POINT('',(236.053125,-99.745,52.3));
#17483=CARTESIAN_POINT('Origin',(236.053125,-99.245,52.3));
#17484=CARTESIAN_POINT('',(236.553125,-99.745,52.3));
#17485=CARTESIAN_POINT('',(183.0703125,-99.745,52.3));
#17486=CARTESIAN_POINT('',(237.553125,-98.745,52.3));
#17487=CARTESIAN_POINT('Origin',(236.553125,-98.745,52.3));
#17488=CARTESIAN_POINT('',(237.553125,-96.75,52.3));
#17489=CARTESIAN_POINT('',(237.553125,-98.745,52.3));
#17490=CARTESIAN_POINT('',(239.053125,-95.25,52.3));
#17491=CARTESIAN_POINT('Origin',(239.053125,-96.75,52.3));
#17492=CARTESIAN_POINT('',(256.175,-95.25,52.3));
#17493=CARTESIAN_POINT('',(0.,-95.25,52.3));
#17494=CARTESIAN_POINT('',(257.175,-94.25,52.3));
#17495=CARTESIAN_POINT('Origin',(256.175,-94.25,52.3));
#17496=CARTESIAN_POINT('',(257.175,-20.05,52.3));
#17497=CARTESIAN_POINT('',(257.175,-94.25,52.3));
#17498=CARTESIAN_POINT('',(256.175,-19.05,52.3));
#17499=CARTESIAN_POINT('Origin',(256.175,-20.05,52.3));
#17500=CARTESIAN_POINT('',(242.625,-19.05,52.3));
#17501=CARTESIAN_POINT('',(188.2625,-19.05,52.3));
#17502=CARTESIAN_POINT('',(241.125,-17.55,52.3));
#17503=CARTESIAN_POINT('Origin',(242.625,-17.55,52.3));
#17504=CARTESIAN_POINT('',(241.125,-15.555,52.3));
#17505=CARTESIAN_POINT('',(241.125,-33.3375,52.3));
#17506=CARTESIAN_POINT('',(240.125,-14.555,52.3));
#17507=CARTESIAN_POINT('Origin',(240.125,-15.555,52.3));
#17508=CARTESIAN_POINT('',(239.625,-14.555,52.3));
#17509=CARTESIAN_POINT('',(183.85625,-14.555,52.3));
#17510=CARTESIAN_POINT('',(239.125,-15.055,52.3));
#17511=CARTESIAN_POINT('Origin',(239.625,-15.055,52.3));
#17512=CARTESIAN_POINT('',(239.125,-15.555,52.3));
#17513=CARTESIAN_POINT('',(239.125,-15.555,52.3));
#17514=CARTESIAN_POINT('',(237.125,-15.555,52.3));
#17515=CARTESIAN_POINT('Origin',(238.125,-15.555,52.3));
#17516=CARTESIAN_POINT('',(237.125,-15.055,52.3));
#17517=CARTESIAN_POINT('',(237.125,-15.555,52.3));
#17518=CARTESIAN_POINT('',(236.625,-14.555,52.3));
#17519=CARTESIAN_POINT('Origin',(236.625,-15.055,52.3));
#17520=CARTESIAN_POINT('',(236.125,-14.555,52.3));
#17521=CARTESIAN_POINT('',(181.98125,-14.555,52.3));
#17522=CARTESIAN_POINT('',(235.125,-15.555,52.3));
#17523=CARTESIAN_POINT('Origin',(236.125,-15.555,52.3));
#17524=CARTESIAN_POINT('',(235.125,-17.55,52.3));
#17525=CARTESIAN_POINT('',(235.125,-31.59,52.3));
#17526=CARTESIAN_POINT('',(233.625,-19.05,52.3));
#17527=CARTESIAN_POINT('Origin',(233.625,-17.55,52.3));
#17528=CARTESIAN_POINT('',(166.425,-19.05,52.3));
#17529=CARTESIAN_POINT('',(188.2625,-19.05,52.3));
#17530=CARTESIAN_POINT('',(164.925,-17.55,52.3));
#17531=CARTESIAN_POINT('Origin',(166.425,-17.55,52.3));
#17532=CARTESIAN_POINT('',(164.925,-15.555,52.3));
#17533=CARTESIAN_POINT('',(164.925,-33.3375,52.3));
#17534=CARTESIAN_POINT('',(163.925,-14.555,52.3));
#17535=CARTESIAN_POINT('Origin',(163.925,-15.555,52.3));
#17536=CARTESIAN_POINT('',(163.425,-14.555,52.3));
#17537=CARTESIAN_POINT('',(143.88125,-14.555,52.3));
#17538=CARTESIAN_POINT('',(162.925,-15.055,52.3));
#17539=CARTESIAN_POINT('Origin',(163.425,-15.055,52.3));
#17540=CARTESIAN_POINT('',(162.925,-15.555,52.3));
#17541=CARTESIAN_POINT('',(162.925,-15.555,52.3));
#17542=CARTESIAN_POINT('',(160.925,-15.555,52.3));
#17543=CARTESIAN_POINT('Origin',(161.925,-15.555,52.3));
#17544=CARTESIAN_POINT('',(160.925,-15.055,52.3));
#17545=CARTESIAN_POINT('',(160.925,-15.555,52.3));
#17546=CARTESIAN_POINT('',(160.425,-14.555,52.3));
#17547=CARTESIAN_POINT('Origin',(160.425,-15.055,52.3));
#17548=CARTESIAN_POINT('',(159.925,-14.555,52.3));
#17549=CARTESIAN_POINT('',(143.88125,-14.555,52.3));
#17550=CARTESIAN_POINT('',(158.925,-15.555,52.3));
#17551=CARTESIAN_POINT('Origin',(159.925,-15.555,52.3));
#17552=CARTESIAN_POINT('',(158.925,-17.55,52.3));
#17553=CARTESIAN_POINT('',(158.925,-31.59,52.3));
#17554=CARTESIAN_POINT('',(157.425,-19.05,52.3));
#17555=CARTESIAN_POINT('Origin',(157.425,-17.55,52.3));
#17556=CARTESIAN_POINT('',(115.3,-19.05,52.3));
#17557=CARTESIAN_POINT('',(188.2625,-19.05,52.3));
#17558=CARTESIAN_POINT('',(114.3,-18.05,52.3));
#17559=CARTESIAN_POINT('Origin',(115.3,-18.05,52.3));
#17560=CARTESIAN_POINT('',(114.3,-1.,52.3));
#17561=CARTESIAN_POINT('',(114.3,-4.93383184139207,52.3));
#17562=CARTESIAN_POINT('',(113.3,4.44089209850063E-15,52.3));
#17563=CARTESIAN_POINT('Origin',(113.3,-0.999999999999994,52.3));
#17564=CARTESIAN_POINT('',(99.75,2.56269478775202E-15,52.3));
#17565=CARTESIAN_POINT('',(1.,0.,52.3));
#17566=CARTESIAN_POINT('',(98.25,1.5,52.3));
#17567=CARTESIAN_POINT('Origin',(99.75,1.5,52.3));
#17568=CARTESIAN_POINT('',(98.25,3.49500000000001,52.3));
#17569=CARTESIAN_POINT('',(98.25,-23.8125,52.3));
#17570=CARTESIAN_POINT('',(97.25,4.49500000000001,52.3));
#17571=CARTESIAN_POINT('Origin',(97.25,3.49500000000001,52.3));
#17572=CARTESIAN_POINT('',(96.75,4.49500000000001,52.3));
#17573=CARTESIAN_POINT('',(112.41875,4.49500000000001,52.3));
#17574=CARTESIAN_POINT('',(96.25,3.99500000000001,52.3));
#17575=CARTESIAN_POINT('Origin',(96.75,3.99500000000001,52.3));
#17576=CARTESIAN_POINT('',(96.25,3.49500000000001,52.3));
#17577=CARTESIAN_POINT('',(96.25,3.49500000000001,52.3));
#17578=CARTESIAN_POINT('',(94.25,3.49500000000001,52.3));
#17579=CARTESIAN_POINT('Origin',(95.25,3.49500000000001,52.3));
#17580=CARTESIAN_POINT('',(94.25,3.99500000000001,52.3));
#17581=CARTESIAN_POINT('',(94.25,3.49500000000001,52.3));
#17582=CARTESIAN_POINT('',(93.75,4.49500000000001,52.3));
#17583=CARTESIAN_POINT('Origin',(93.75,3.99500000000001,52.3));
#17584=CARTESIAN_POINT('',(93.25,4.49500000000001,52.3));
#17585=CARTESIAN_POINT('',(110.41875,4.49500000000001,52.3));
#17586=CARTESIAN_POINT('',(92.25,3.49500000000001,52.3));
#17587=CARTESIAN_POINT('Origin',(93.25,3.49500000000001,52.3));
#17588=CARTESIAN_POINT('',(92.25,1.5,52.3));
#17589=CARTESIAN_POINT('',(92.25,3.49500000000001,52.3));
#17590=CARTESIAN_POINT('',(90.75,2.32913273114678E-15,52.3));
#17591=CARTESIAN_POINT('Origin',(90.75,1.5,52.3));
#17592=CARTESIAN_POINT('',(23.55,5.8520270849426E-16,52.3));
#17593=CARTESIAN_POINT('',(1.,0.,52.3));
#17594=CARTESIAN_POINT('',(22.05,1.5,52.3));
#17595=CARTESIAN_POINT('Origin',(23.55,1.5,52.3));
#17596=CARTESIAN_POINT('',(22.05,3.495,52.3));
#17597=CARTESIAN_POINT('',(22.05,-23.8125,52.3));
#17598=CARTESIAN_POINT('',(21.05,4.49500000000001,52.3));
#17599=CARTESIAN_POINT('Origin',(21.05,3.495,52.3));
#17600=CARTESIAN_POINT('',(20.55,4.49500000000001,52.3));
#17601=CARTESIAN_POINT('',(74.31875,4.49500000000001,52.3));
#17602=CARTESIAN_POINT('',(20.05,3.995,52.3));
#17603=CARTESIAN_POINT('Origin',(20.55,3.995,52.3));
#17604=CARTESIAN_POINT('',(20.05,3.49500000000001,52.3));
#17605=CARTESIAN_POINT('',(20.05,3.49500000000001,52.3));
#17606=CARTESIAN_POINT('',(18.05,3.495,52.3));
#17607=CARTESIAN_POINT('Origin',(19.05,3.495,52.3));
#17608=CARTESIAN_POINT('',(18.05,3.995,52.3));
#17609=CARTESIAN_POINT('',(18.05,3.495,52.3));
#17610=CARTESIAN_POINT('',(17.55,4.49500000000001,52.3));
#17611=CARTESIAN_POINT('Origin',(17.55,3.995,52.3));
#17612=CARTESIAN_POINT('',(17.05,4.49500000000001,52.3));
#17613=CARTESIAN_POINT('',(72.31875,4.49500000000001,52.3));
#17614=CARTESIAN_POINT('',(16.05,3.495,52.3));
#17615=CARTESIAN_POINT('Origin',(17.05,3.495,52.3));
#17616=CARTESIAN_POINT('',(16.05,1.5,52.3));
#17617=CARTESIAN_POINT('',(16.05,3.495,52.3));
#17618=CARTESIAN_POINT('',(14.55,3.51640651889012E-16,52.3));
#17619=CARTESIAN_POINT('Origin',(14.55,1.5,52.3));
#17620=CARTESIAN_POINT('',(0.999999999999996,0.,52.3));
#17621=CARTESIAN_POINT('',(1.,0.,52.3));
#17622=CARTESIAN_POINT('',(0.,-0.999999999999996,52.3));
#17623=CARTESIAN_POINT('Origin',(1.,-1.,52.3));
#17624=CARTESIAN_POINT('',(0.,-94.25,52.3));
#17625=CARTESIAN_POINT('',(0.,-95.25,52.3));
#17626=CARTESIAN_POINT('',(1.,-95.25,52.3));
#17627=CARTESIAN_POINT('Origin',(1.,-94.25,52.3));
#17628=CARTESIAN_POINT('',(18.121875,-95.25,52.3));
#17629=CARTESIAN_POINT('',(0.,-95.25,52.3));
#17630=CARTESIAN_POINT('',(19.621875,-96.75,52.3));
#17631=CARTESIAN_POINT('Origin',(18.121875,-96.75,52.3));
#17632=CARTESIAN_POINT('',(19.621875,-98.745,52.3));
#17633=CARTESIAN_POINT('',(19.621875,-71.4375,52.3));
#17634=CARTESIAN_POINT('',(20.621875,-99.745,52.3));
#17635=CARTESIAN_POINT('Origin',(20.621875,-98.745,52.3));
#17636=CARTESIAN_POINT('',(21.121875,-99.745,52.3));
#17637=CARTESIAN_POINT('',(75.1046875,-99.745,52.3));
#17638=CARTESIAN_POINT('',(21.621875,-99.245,52.3));
#17639=CARTESIAN_POINT('Origin',(21.121875,-99.245,52.3));
#17640=CARTESIAN_POINT('',(21.621875,-98.745,52.3));
#17641=CARTESIAN_POINT('',(21.621875,-98.745,52.3));
#17642=CARTESIAN_POINT('Origin',(22.621875,-98.745,52.3));
#17643=CARTESIAN_POINT('',(252.26875,-79.225,52.3));
#17644=CARTESIAN_POINT('',(252.26875,-92.225,52.3));
#17645=CARTESIAN_POINT('',(252.26875,-79.225,52.3));
#17646=CARTESIAN_POINT('',(251.76875,-92.725,52.3));
#17647=CARTESIAN_POINT('Origin',(251.76875,-92.225,52.3));
#17648=CARTESIAN_POINT('',(238.76875,-92.725,52.3));
#17649=CARTESIAN_POINT('',(238.76875,-92.725,52.3));
#17650=CARTESIAN_POINT('',(238.26875,-92.225,52.3));
#17651=CARTESIAN_POINT('Origin',(238.76875,-92.225,52.3));
#17652=CARTESIAN_POINT('',(238.26875,-79.225,52.3));
#17653=CARTESIAN_POINT('',(238.26875,-79.225,52.3));
#17654=CARTESIAN_POINT('',(238.76875,-78.725,52.3));
#17655=CARTESIAN_POINT('Origin',(238.76875,-79.225,52.3));
#17656=CARTESIAN_POINT('',(251.76875,-78.725,52.3));
#17657=CARTESIAN_POINT('',(238.76875,-78.725,52.3));
#17658=CARTESIAN_POINT('Origin',(251.76875,-79.225,52.3));
#17659=CARTESIAN_POINT('',(230.8375,-79.225,52.3));
#17660=CARTESIAN_POINT('',(230.8375,-92.225,52.3));
#17661=CARTESIAN_POINT('',(230.8375,-79.225,52.3));
#17662=CARTESIAN_POINT('',(230.3375,-92.725,52.3));
#17663=CARTESIAN_POINT('Origin',(230.3375,-92.225,52.3));
#17664=CARTESIAN_POINT('',(217.3375,-92.725,52.3));
#17665=CARTESIAN_POINT('',(217.3375,-92.725,52.3));
#17666=CARTESIAN_POINT('',(216.8375,-92.225,52.3));
#17667=CARTESIAN_POINT('Origin',(217.3375,-92.225,52.3));
#17668=CARTESIAN_POINT('',(216.8375,-79.225,52.3));
#17669=CARTESIAN_POINT('',(216.8375,-79.225,52.3));
#17670=CARTESIAN_POINT('',(217.3375,-78.725,52.3));
#17671=CARTESIAN_POINT('Origin',(217.3375,-79.225,52.3));
#17672=CARTESIAN_POINT('',(230.3375,-78.725,52.3));
#17673=CARTESIAN_POINT('',(217.3375,-78.725,52.3));
#17674=CARTESIAN_POINT('Origin',(230.3375,-79.225,52.3));
#17675=CARTESIAN_POINT('',(207.025,-79.225,52.3));
#17676=CARTESIAN_POINT('',(207.025,-92.225,52.3));
#17677=CARTESIAN_POINT('',(207.025,-79.225,52.3));
#17678=CARTESIAN_POINT('',(206.525,-92.725,52.3));
#17679=CARTESIAN_POINT('Origin',(206.525,-92.225,52.3));
#17680=CARTESIAN_POINT('',(193.525,-92.725,52.3));
#17681=CARTESIAN_POINT('',(193.525,-92.725,52.3));
#17682=CARTESIAN_POINT('',(193.025,-92.225,52.3));
#17683=CARTESIAN_POINT('Origin',(193.525,-92.225,52.3));
#17684=CARTESIAN_POINT('',(193.025,-79.225,52.3));
#17685=CARTESIAN_POINT('',(193.025,-79.225,52.3));
#17686=CARTESIAN_POINT('',(193.525,-78.725,52.3));
#17687=CARTESIAN_POINT('Origin',(193.525,-79.225,52.3));
#17688=CARTESIAN_POINT('',(206.525,-78.725,52.3));
#17689=CARTESIAN_POINT('',(193.525,-78.725,52.3));
#17690=CARTESIAN_POINT('Origin',(206.525,-79.225,52.3));
#17691=CARTESIAN_POINT('',(233.551672056161,-95.2529123043477,52.3));
#17692=CARTESIAN_POINT('',(235.551663512358,-95.2470663537817,52.3));
#17693=CARTESIAN_POINT('',(181.13964173158,-95.4061120279723,52.3));
#17694=CARTESIAN_POINT('',(235.554586487641,-96.2470620818804,52.3));
#17695=CARTESIAN_POINT('Origin',(235.553125,-95.7470642178311,52.3));
#17696=CARTESIAN_POINT('',(233.554595031444,-96.2529080324464,52.3));
#17697=CARTESIAN_POINT('',(182.142560434962,-96.4031847807879,52.3));
#17698=CARTESIAN_POINT('Origin',(233.553133543803,-95.752910168397,52.3));
#17699=CARTESIAN_POINT('',(185.367440592987,-95.2526240204398,52.3));
#17700=CARTESIAN_POINT('',(187.367433672529,-95.2473586683808,52.3));
#17701=CARTESIAN_POINT('',(157.040360901349,-95.3272003021807,52.3));
#17702=CARTESIAN_POINT('',(187.370066338008,-96.2473552029111,52.3));
#17703=CARTESIAN_POINT('Origin',(187.36875,-95.7473569356598,52.3));
#17704=CARTESIAN_POINT('',(185.370073269003,-96.2526205549423,52.3));
#17705=CARTESIAN_POINT('',(158.042990111867,-96.3245641606675,52.3));
#17706=CARTESIAN_POINT('Origin',(185.368756930995,-95.7526222876911,52.3));
#17707=CARTESIAN_POINT('',(150.1625,-92.225,52.3));
#17708=CARTESIAN_POINT('',(150.1625,-79.225,52.3));
#17709=CARTESIAN_POINT('',(150.1625,-79.225,52.3));
#17710=CARTESIAN_POINT('',(150.6625,-78.725,52.3));
#17711=CARTESIAN_POINT('Origin',(150.6625,-79.225,52.3));
#17712=CARTESIAN_POINT('',(163.6625,-78.725,52.3));
#17713=CARTESIAN_POINT('',(150.6625,-78.725,52.3));
#17714=CARTESIAN_POINT('',(164.1625,-79.225,52.3));
#17715=CARTESIAN_POINT('Origin',(163.6625,-79.225,52.3));
#17716=CARTESIAN_POINT('',(164.1625,-92.225,52.3));
#17717=CARTESIAN_POINT('',(164.1625,-79.225,52.3));
#17718=CARTESIAN_POINT('',(163.6625,-92.725,52.3));
#17719=CARTESIAN_POINT('Origin',(163.6625,-92.225,52.3));
#17720=CARTESIAN_POINT('',(150.6625,-92.725,52.3));
#17721=CARTESIAN_POINT('',(150.6625,-92.725,52.3));
#17722=CARTESIAN_POINT('Origin',(150.6625,-92.225,52.3));
#17723=CARTESIAN_POINT('',(93.0125,-92.225,52.3));
#17724=CARTESIAN_POINT('',(93.0125,-79.225,52.3));
#17725=CARTESIAN_POINT('',(93.0125,-79.225,52.3));
#17726=CARTESIAN_POINT('',(93.5125,-78.725,52.3));
#17727=CARTESIAN_POINT('Origin',(93.5125,-79.225,52.3));
#17728=CARTESIAN_POINT('',(106.5125,-78.725,52.3));
#17729=CARTESIAN_POINT('',(93.5125,-78.725,52.3));
#17730=CARTESIAN_POINT('',(107.0125,-79.225,52.3));
#17731=CARTESIAN_POINT('Origin',(106.5125,-79.225,52.3));
#17732=CARTESIAN_POINT('',(107.0125,-92.225,52.3));
#17733=CARTESIAN_POINT('',(107.0125,-79.225,52.3));
#17734=CARTESIAN_POINT('',(106.5125,-92.725,52.3));
#17735=CARTESIAN_POINT('Origin',(106.5125,-92.225,52.3));
#17736=CARTESIAN_POINT('',(93.5125,-92.725,52.3));
#17737=CARTESIAN_POINT('',(93.5125,-92.725,52.3));
#17738=CARTESIAN_POINT('Origin',(93.5125,-92.225,52.3));
#17739=CARTESIAN_POINT('',(107.3,-22.075,52.3));
#17740=CARTESIAN_POINT('',(107.8,-21.575,52.3));
#17741=CARTESIAN_POINT('Origin',(107.8,-22.075,52.3));
#17742=CARTESIAN_POINT('',(120.8,-21.575,52.3));
#17743=CARTESIAN_POINT('',(107.8,-21.575,52.3));
#17744=CARTESIAN_POINT('',(121.3,-22.075,52.3));
#17745=CARTESIAN_POINT('Origin',(120.8,-22.075,52.3));
#17746=CARTESIAN_POINT('',(121.3,-35.075,52.3));
#17747=CARTESIAN_POINT('',(121.3,-22.075,52.3));
#17748=CARTESIAN_POINT('',(120.8,-35.575,52.3));
#17749=CARTESIAN_POINT('Origin',(120.8,-35.075,52.3));
#17750=CARTESIAN_POINT('',(107.8,-35.575,52.3));
#17751=CARTESIAN_POINT('',(107.8,-35.575,52.3));
#17752=CARTESIAN_POINT('',(107.3,-35.075,52.3));
#17753=CARTESIAN_POINT('Origin',(107.8,-35.075,52.3));
#17754=CARTESIAN_POINT('',(107.3,-22.075,52.3));
#17755=CARTESIAN_POINT('',(126.35,-22.075,52.3));
#17756=CARTESIAN_POINT('',(126.85,-21.575,52.3));
#17757=CARTESIAN_POINT('Origin',(126.85,-22.075,52.3));
#17758=CARTESIAN_POINT('',(139.85,-21.575,52.3));
#17759=CARTESIAN_POINT('',(126.85,-21.575,52.3));
#17760=CARTESIAN_POINT('',(140.35,-22.075,52.3));
#17761=CARTESIAN_POINT('Origin',(139.85,-22.075,52.3));
#17762=CARTESIAN_POINT('',(140.35,-35.075,52.3));
#17763=CARTESIAN_POINT('',(140.35,-22.075,52.3));
#17764=CARTESIAN_POINT('',(139.85,-35.575,52.3));
#17765=CARTESIAN_POINT('Origin',(139.85,-35.075,52.3));
#17766=CARTESIAN_POINT('',(126.85,-35.575,52.3));
#17767=CARTESIAN_POINT('',(126.85,-35.575,52.3));
#17768=CARTESIAN_POINT('',(126.35,-35.075,52.3));
#17769=CARTESIAN_POINT('Origin',(126.85,-35.075,52.3));
#17770=CARTESIAN_POINT('',(126.35,-22.075,52.3));
#17771=CARTESIAN_POINT('',(145.4,-22.075,52.3));
#17772=CARTESIAN_POINT('',(145.9,-21.575,52.3));
#17773=CARTESIAN_POINT('Origin',(145.9,-22.075,52.3));
#17774=CARTESIAN_POINT('',(158.9,-21.575,52.3));
#17775=CARTESIAN_POINT('',(145.9,-21.575,52.3));
#17776=CARTESIAN_POINT('',(159.4,-22.075,52.3));
#17777=CARTESIAN_POINT('Origin',(158.9,-22.075,52.3));
#17778=CARTESIAN_POINT('',(159.4,-35.075,52.3));
#17779=CARTESIAN_POINT('',(159.4,-22.075,52.3));
#17780=CARTESIAN_POINT('',(158.9,-35.575,52.3));
#17781=CARTESIAN_POINT('Origin',(158.9,-35.075,52.3));
#17782=CARTESIAN_POINT('',(145.9,-35.575,52.3));
#17783=CARTESIAN_POINT('',(145.9,-35.575,52.3));
#17784=CARTESIAN_POINT('',(145.4,-35.075,52.3));
#17785=CARTESIAN_POINT('Origin',(145.9,-35.075,52.3));
#17786=CARTESIAN_POINT('',(145.4,-22.075,52.3));
#17787=CARTESIAN_POINT('',(164.45,-22.075,52.3));
#17788=CARTESIAN_POINT('',(164.95,-21.575,52.3));
#17789=CARTESIAN_POINT('Origin',(164.95,-22.075,52.3));
#17790=CARTESIAN_POINT('',(177.95,-21.575,52.3));
#17791=CARTESIAN_POINT('',(164.95,-21.575,52.3));
#17792=CARTESIAN_POINT('',(178.45,-22.075,52.3));
#17793=CARTESIAN_POINT('Origin',(177.95,-22.075,52.3));
#17794=CARTESIAN_POINT('',(178.45,-35.075,52.3));
#17795=CARTESIAN_POINT('',(178.45,-22.075,52.3));
#17796=CARTESIAN_POINT('',(177.95,-35.575,52.3));
#17797=CARTESIAN_POINT('Origin',(177.95,-35.075,52.3));
#17798=CARTESIAN_POINT('',(164.95,-35.575,52.3));
#17799=CARTESIAN_POINT('',(164.95,-35.575,52.3));
#17800=CARTESIAN_POINT('',(164.45,-35.075,52.3));
#17801=CARTESIAN_POINT('Origin',(164.95,-35.075,52.3));
#17802=CARTESIAN_POINT('',(164.45,-22.075,52.3));
#17803=CARTESIAN_POINT('',(183.5,-22.075,52.3));
#17804=CARTESIAN_POINT('',(184.,-21.575,52.3));
#17805=CARTESIAN_POINT('Origin',(184.,-22.075,52.3));
#17806=CARTESIAN_POINT('',(197.,-21.575,52.3));
#17807=CARTESIAN_POINT('',(184.,-21.575,52.3));
#17808=CARTESIAN_POINT('',(197.5,-22.075,52.3));
#17809=CARTESIAN_POINT('Origin',(197.,-22.075,52.3));
#17810=CARTESIAN_POINT('',(197.5,-35.075,52.3));
#17811=CARTESIAN_POINT('',(197.5,-22.075,52.3));
#17812=CARTESIAN_POINT('',(197.,-35.575,52.3));
#17813=CARTESIAN_POINT('Origin',(197.,-35.075,52.3));
#17814=CARTESIAN_POINT('',(184.,-35.575,52.3));
#17815=CARTESIAN_POINT('',(184.,-35.575,52.3));
#17816=CARTESIAN_POINT('',(183.5,-35.075,52.3));
#17817=CARTESIAN_POINT('Origin',(184.,-35.075,52.3));
#17818=CARTESIAN_POINT('',(183.5,-22.075,52.3));
#17819=CARTESIAN_POINT('',(202.55,-22.075,52.3));
#17820=CARTESIAN_POINT('',(203.05,-21.575,52.3));
#17821=CARTESIAN_POINT('Origin',(203.05,-22.075,52.3));
#17822=CARTESIAN_POINT('',(216.05,-21.575,52.3));
#17823=CARTESIAN_POINT('',(203.05,-21.575,52.3));
#17824=CARTESIAN_POINT('',(216.55,-22.075,52.3));
#17825=CARTESIAN_POINT('Origin',(216.05,-22.075,52.3));
#17826=CARTESIAN_POINT('',(216.55,-35.075,52.3));
#17827=CARTESIAN_POINT('',(216.55,-22.075,52.3));
#17828=CARTESIAN_POINT('',(216.05,-35.575,52.3));
#17829=CARTESIAN_POINT('Origin',(216.05,-35.075,52.3));
#17830=CARTESIAN_POINT('',(203.05,-35.575,52.3));
#17831=CARTESIAN_POINT('',(203.05,-35.575,52.3));
#17832=CARTESIAN_POINT('',(202.55,-35.075,52.3));
#17833=CARTESIAN_POINT('Origin',(203.05,-35.075,52.3));
#17834=CARTESIAN_POINT('',(202.55,-22.075,52.3));
#17835=CARTESIAN_POINT('',(221.6,-22.075,52.3));
#17836=CARTESIAN_POINT('',(222.1,-21.575,52.3));
#17837=CARTESIAN_POINT('Origin',(222.1,-22.075,52.3));
#17838=CARTESIAN_POINT('',(235.1,-21.575,52.3));
#17839=CARTESIAN_POINT('',(222.1,-21.575,52.3));
#17840=CARTESIAN_POINT('',(235.6,-22.075,52.3));
#17841=CARTESIAN_POINT('Origin',(235.1,-22.075,52.3));
#17842=CARTESIAN_POINT('',(235.6,-35.075,52.3));
#17843=CARTESIAN_POINT('',(235.6,-22.075,52.3));
#17844=CARTESIAN_POINT('',(235.1,-35.575,52.3));
#17845=CARTESIAN_POINT('Origin',(235.1,-35.075,52.3));
#17846=CARTESIAN_POINT('',(222.1,-35.575,52.3));
#17847=CARTESIAN_POINT('',(222.1,-35.575,52.3));
#17848=CARTESIAN_POINT('',(221.6,-35.075,52.3));
#17849=CARTESIAN_POINT('Origin',(222.1,-35.075,52.3));
#17850=CARTESIAN_POINT('',(221.6,-22.075,52.3));
#17851=CARTESIAN_POINT('',(240.65,-22.075,52.3));
#17852=CARTESIAN_POINT('',(241.15,-21.575,52.3));
#17853=CARTESIAN_POINT('Origin',(241.15,-22.075,52.3));
#17854=CARTESIAN_POINT('',(254.15,-21.575,52.3));
#17855=CARTESIAN_POINT('',(241.15,-21.575,52.3));
#17856=CARTESIAN_POINT('',(254.65,-22.075,52.3));
#17857=CARTESIAN_POINT('Origin',(254.15,-22.075,52.3));
#17858=CARTESIAN_POINT('',(254.65,-35.075,52.3));
#17859=CARTESIAN_POINT('',(254.65,-22.075,52.3));
#17860=CARTESIAN_POINT('',(254.15,-35.575,52.3));
#17861=CARTESIAN_POINT('Origin',(254.15,-35.075,52.3));
#17862=CARTESIAN_POINT('',(241.15,-35.575,52.3));
#17863=CARTESIAN_POINT('',(241.15,-35.575,52.3));
#17864=CARTESIAN_POINT('',(240.65,-35.075,52.3));
#17865=CARTESIAN_POINT('Origin',(241.15,-35.075,52.3));
#17866=CARTESIAN_POINT('',(240.65,-22.075,52.3));
#17867=CARTESIAN_POINT('',(4.90625,-41.125,52.3));
#17868=CARTESIAN_POINT('',(5.40625,-40.625,52.3));
#17869=CARTESIAN_POINT('Origin',(5.40625,-41.125,52.3));
#17870=CARTESIAN_POINT('',(23.16875,-40.625,52.3));
#17871=CARTESIAN_POINT('',(5.40625,-40.625,52.3));
#17872=CARTESIAN_POINT('',(23.66875,-41.125,52.3));
#17873=CARTESIAN_POINT('Origin',(23.16875,-41.125,52.3));
#17874=CARTESIAN_POINT('',(23.66875,-54.125,52.3));
#17875=CARTESIAN_POINT('',(23.66875,-41.125,52.3));
#17876=CARTESIAN_POINT('',(23.16875,-54.625,52.3));
#17877=CARTESIAN_POINT('Origin',(23.16875,-54.125,52.3));
#17878=CARTESIAN_POINT('',(5.40625,-54.625,52.3));
#17879=CARTESIAN_POINT('',(5.40625,-54.625,52.3));
#17880=CARTESIAN_POINT('',(4.90625,-54.125,52.3));
#17881=CARTESIAN_POINT('Origin',(5.40625,-54.125,52.3));
#17882=CARTESIAN_POINT('',(4.90625,-41.125,52.3));
#17883=CARTESIAN_POINT('',(35.8625,-41.125,52.3));
#17884=CARTESIAN_POINT('',(36.3625,-40.625,52.3));
#17885=CARTESIAN_POINT('Origin',(36.3625,-41.125,52.3));
#17886=CARTESIAN_POINT('',(49.3625,-40.625,52.3));
#17887=CARTESIAN_POINT('',(36.3625,-40.625,52.3));
#17888=CARTESIAN_POINT('',(49.8625,-41.125,52.3));
#17889=CARTESIAN_POINT('Origin',(49.3625,-41.125,52.3));
#17890=CARTESIAN_POINT('',(49.8625,-54.125,52.3));
#17891=CARTESIAN_POINT('',(49.8625,-41.125,52.3));
#17892=CARTESIAN_POINT('',(49.3625,-54.625,52.3));
#17893=CARTESIAN_POINT('Origin',(49.3625,-54.125,52.3));
#17894=CARTESIAN_POINT('',(36.3625,-54.625,52.3));
#17895=CARTESIAN_POINT('',(36.3625,-54.625,52.3));
#17896=CARTESIAN_POINT('',(35.8625,-54.125,52.3));
#17897=CARTESIAN_POINT('Origin',(36.3625,-54.125,52.3));
#17898=CARTESIAN_POINT('',(35.8625,-41.125,52.3));
#17899=CARTESIAN_POINT('',(54.9125,-41.125,52.3));
#17900=CARTESIAN_POINT('',(55.4125,-40.625,52.3));
#17901=CARTESIAN_POINT('Origin',(55.4125,-41.125,52.3));
#17902=CARTESIAN_POINT('',(68.4125,-40.625,52.3));
#17903=CARTESIAN_POINT('',(55.4125,-40.625,52.3));
#17904=CARTESIAN_POINT('',(68.9125,-41.125,52.3));
#17905=CARTESIAN_POINT('Origin',(68.4125,-41.125,52.3));
#17906=CARTESIAN_POINT('',(68.9125,-54.125,52.3));
#17907=CARTESIAN_POINT('',(68.9125,-41.125,52.3));
#17908=CARTESIAN_POINT('',(68.4125,-54.625,52.3));
#17909=CARTESIAN_POINT('Origin',(68.4125,-54.125,52.3));
#17910=CARTESIAN_POINT('',(55.4125,-54.625,52.3));
#17911=CARTESIAN_POINT('',(55.4125,-54.625,52.3));
#17912=CARTESIAN_POINT('',(54.9125,-54.125,52.3));
#17913=CARTESIAN_POINT('Origin',(55.4125,-54.125,52.3));
#17914=CARTESIAN_POINT('',(54.9125,-41.125,52.3));
#17915=CARTESIAN_POINT('',(73.9625,-41.125,52.3));
#17916=CARTESIAN_POINT('',(74.4625,-40.625,52.3));
#17917=CARTESIAN_POINT('Origin',(74.4625,-41.125,52.3));
#17918=CARTESIAN_POINT('',(87.4625,-40.625,52.3));
#17919=CARTESIAN_POINT('',(74.4625,-40.625,52.3));
#17920=CARTESIAN_POINT('',(87.9625,-41.125,52.3));
#17921=CARTESIAN_POINT('Origin',(87.4625,-41.125,52.3));
#17922=CARTESIAN_POINT('',(87.9625,-54.125,52.3));
#17923=CARTESIAN_POINT('',(87.9625,-41.125,52.3));
#17924=CARTESIAN_POINT('',(87.4625,-54.625,52.3));
#17925=CARTESIAN_POINT('Origin',(87.4625,-54.125,52.3));
#17926=CARTESIAN_POINT('',(74.4625,-54.625,52.3));
#17927=CARTESIAN_POINT('',(74.4625,-54.625,52.3));
#17928=CARTESIAN_POINT('',(73.9625,-54.125,52.3));
#17929=CARTESIAN_POINT('Origin',(74.4625,-54.125,52.3));
#17930=CARTESIAN_POINT('',(73.9625,-41.125,52.3));
#17931=CARTESIAN_POINT('',(93.0125,-41.125,52.3));
#17932=CARTESIAN_POINT('',(93.5125,-40.625,52.3));
#17933=CARTESIAN_POINT('Origin',(93.5125,-41.125,52.3));
#17934=CARTESIAN_POINT('',(106.5125,-40.625,52.3));
#17935=CARTESIAN_POINT('',(93.5125,-40.625,52.3));
#17936=CARTESIAN_POINT('',(107.0125,-41.125,52.3));
#17937=CARTESIAN_POINT('Origin',(106.5125,-41.125,52.3));
#17938=CARTESIAN_POINT('',(107.0125,-54.125,52.3));
#17939=CARTESIAN_POINT('',(107.0125,-41.125,52.3));
#17940=CARTESIAN_POINT('',(106.5125,-54.625,52.3));
#17941=CARTESIAN_POINT('Origin',(106.5125,-54.125,52.3));
#17942=CARTESIAN_POINT('',(93.5125,-54.625,52.3));
#17943=CARTESIAN_POINT('',(93.5125,-54.625,52.3));
#17944=CARTESIAN_POINT('',(93.0125,-54.125,52.3));
#17945=CARTESIAN_POINT('Origin',(93.5125,-54.125,52.3));
#17946=CARTESIAN_POINT('',(93.0125,-41.125,52.3));
#17947=CARTESIAN_POINT('',(112.0625,-41.125,52.3));
#17948=CARTESIAN_POINT('',(112.5625,-40.625,52.3));
#17949=CARTESIAN_POINT('Origin',(112.5625,-41.125,52.3));
#17950=CARTESIAN_POINT('',(125.5625,-40.625,52.3));
#17951=CARTESIAN_POINT('',(112.5625,-40.625,52.3));
#17952=CARTESIAN_POINT('',(126.0625,-41.125,52.3));
#17953=CARTESIAN_POINT('Origin',(125.5625,-41.125,52.3));
#17954=CARTESIAN_POINT('',(126.0625,-54.125,52.3));
#17955=CARTESIAN_POINT('',(126.0625,-41.125,52.3));
#17956=CARTESIAN_POINT('',(125.5625,-54.625,52.3));
#17957=CARTESIAN_POINT('Origin',(125.5625,-54.125,52.3));
#17958=CARTESIAN_POINT('',(112.5625,-54.625,52.3));
#17959=CARTESIAN_POINT('',(112.5625,-54.625,52.3));
#17960=CARTESIAN_POINT('',(112.0625,-54.125,52.3));
#17961=CARTESIAN_POINT('Origin',(112.5625,-54.125,52.3));
#17962=CARTESIAN_POINT('',(112.0625,-41.125,52.3));
#17963=CARTESIAN_POINT('',(131.1125,-41.125,52.3));
#17964=CARTESIAN_POINT('',(131.6125,-40.625,52.3));
#17965=CARTESIAN_POINT('Origin',(131.6125,-41.125,52.3));
#17966=CARTESIAN_POINT('',(144.6125,-40.625,52.3));
#17967=CARTESIAN_POINT('',(131.6125,-40.625,52.3));
#17968=CARTESIAN_POINT('',(145.1125,-41.125,52.3));
#17969=CARTESIAN_POINT('Origin',(144.6125,-41.125,52.3));
#17970=CARTESIAN_POINT('',(145.1125,-54.125,52.3));
#17971=CARTESIAN_POINT('',(145.1125,-41.125,52.3));
#17972=CARTESIAN_POINT('',(144.6125,-54.625,52.3));
#17973=CARTESIAN_POINT('Origin',(144.6125,-54.125,52.3));
#17974=CARTESIAN_POINT('',(131.6125,-54.625,52.3));
#17975=CARTESIAN_POINT('',(131.6125,-54.625,52.3));
#17976=CARTESIAN_POINT('',(131.1125,-54.125,52.3));
#17977=CARTESIAN_POINT('Origin',(131.6125,-54.125,52.3));
#17978=CARTESIAN_POINT('',(131.1125,-41.125,52.3));
#17979=CARTESIAN_POINT('',(150.1625,-41.125,52.3));
#17980=CARTESIAN_POINT('',(150.6625,-40.625,52.3));
#17981=CARTESIAN_POINT('Origin',(150.6625,-41.125,52.3));
#17982=CARTESIAN_POINT('',(163.6625,-40.625,52.3));
#17983=CARTESIAN_POINT('',(150.6625,-40.625,52.3));
#17984=CARTESIAN_POINT('',(164.1625,-41.125,52.3));
#17985=CARTESIAN_POINT('Origin',(163.6625,-41.125,52.3));
#17986=CARTESIAN_POINT('',(164.1625,-54.125,52.3));
#17987=CARTESIAN_POINT('',(164.1625,-41.125,52.3));
#17988=CARTESIAN_POINT('',(163.6625,-54.625,52.3));
#17989=CARTESIAN_POINT('Origin',(163.6625,-54.125,52.3));
#17990=CARTESIAN_POINT('',(150.6625,-54.625,52.3));
#17991=CARTESIAN_POINT('',(150.6625,-54.625,52.3));
#17992=CARTESIAN_POINT('',(150.1625,-54.125,52.3));
#17993=CARTESIAN_POINT('Origin',(150.6625,-54.125,52.3));
#17994=CARTESIAN_POINT('',(150.1625,-41.125,52.3));
#17995=CARTESIAN_POINT('',(169.2125,-41.125,52.3));
#17996=CARTESIAN_POINT('',(169.7125,-40.625,52.3));
#17997=CARTESIAN_POINT('Origin',(169.7125,-41.125,52.3));
#17998=CARTESIAN_POINT('',(182.7125,-40.625,52.3));
#17999=CARTESIAN_POINT('',(169.7125,-40.625,52.3));
#18000=CARTESIAN_POINT('',(183.2125,-41.125,52.3));
#18001=CARTESIAN_POINT('Origin',(182.7125,-41.125,52.3));
#18002=CARTESIAN_POINT('',(183.2125,-54.125,52.3));
#18003=CARTESIAN_POINT('',(183.2125,-41.125,52.3));
#18004=CARTESIAN_POINT('',(182.7125,-54.625,52.3));
#18005=CARTESIAN_POINT('Origin',(182.7125,-54.125,52.3));
#18006=CARTESIAN_POINT('',(169.7125,-54.625,52.3));
#18007=CARTESIAN_POINT('',(169.7125,-54.625,52.3));
#18008=CARTESIAN_POINT('',(169.2125,-54.125,52.3));
#18009=CARTESIAN_POINT('Origin',(169.7125,-54.125,52.3));
#18010=CARTESIAN_POINT('',(169.2125,-41.125,52.3));
#18011=CARTESIAN_POINT('',(188.2625,-41.125,52.3));
#18012=CARTESIAN_POINT('',(188.7625,-40.625,52.3));
#18013=CARTESIAN_POINT('Origin',(188.7625,-41.125,52.3));
#18014=CARTESIAN_POINT('',(201.7625,-40.625,52.3));
#18015=CARTESIAN_POINT('',(188.7625,-40.625,52.3));
#18016=CARTESIAN_POINT('',(202.2625,-41.125,52.3));
#18017=CARTESIAN_POINT('Origin',(201.7625,-41.125,52.3));
#18018=CARTESIAN_POINT('',(202.2625,-54.125,52.3));
#18019=CARTESIAN_POINT('',(202.2625,-41.125,52.3));
#18020=CARTESIAN_POINT('',(201.7625,-54.625,52.3));
#18021=CARTESIAN_POINT('Origin',(201.7625,-54.125,52.3));
#18022=CARTESIAN_POINT('',(188.7625,-54.625,52.3));
#18023=CARTESIAN_POINT('',(188.7625,-54.625,52.3));
#18024=CARTESIAN_POINT('',(188.2625,-54.125,52.3));
#18025=CARTESIAN_POINT('Origin',(188.7625,-54.125,52.3));
#18026=CARTESIAN_POINT('',(188.2625,-41.125,52.3));
#18027=CARTESIAN_POINT('',(207.3125,-41.125,52.3));
#18028=CARTESIAN_POINT('',(207.8125,-40.625,52.3));
#18029=CARTESIAN_POINT('Origin',(207.8125,-41.125,52.3));
#18030=CARTESIAN_POINT('',(220.8125,-40.625,52.3));
#18031=CARTESIAN_POINT('',(207.8125,-40.625,52.3));
#18032=CARTESIAN_POINT('',(221.3125,-41.125,52.3));
#18033=CARTESIAN_POINT('Origin',(220.8125,-41.125,52.3));
#18034=CARTESIAN_POINT('',(221.3125,-54.125,52.3));
#18035=CARTESIAN_POINT('',(221.3125,-41.125,52.3));
#18036=CARTESIAN_POINT('',(220.8125,-54.625,52.3));
#18037=CARTESIAN_POINT('Origin',(220.8125,-54.125,52.3));
#18038=CARTESIAN_POINT('',(207.8125,-54.625,52.3));
#18039=CARTESIAN_POINT('',(207.8125,-54.625,52.3));
#18040=CARTESIAN_POINT('',(207.3125,-54.125,52.3));
#18041=CARTESIAN_POINT('Origin',(207.8125,-54.125,52.3));
#18042=CARTESIAN_POINT('',(207.3125,-41.125,52.3));
#18043=CARTESIAN_POINT('',(233.50625,-41.125,52.3));
#18044=CARTESIAN_POINT('',(234.00625,-40.625,52.3));
#18045=CARTESIAN_POINT('Origin',(234.00625,-41.125,52.3));
#18046=CARTESIAN_POINT('',(247.00625,-40.625,52.3));
#18047=CARTESIAN_POINT('',(234.00625,-40.625,52.3));
#18048=CARTESIAN_POINT('',(247.50625,-41.125,52.3));
#18049=CARTESIAN_POINT('Origin',(247.00625,-41.125,52.3));
#18050=CARTESIAN_POINT('',(247.50625,-54.125,52.3));
#18051=CARTESIAN_POINT('',(247.50625,-41.125,52.3));
#18052=CARTESIAN_POINT('',(247.00625,-54.625,52.3));
#18053=CARTESIAN_POINT('Origin',(247.00625,-54.125,52.3));
#18054=CARTESIAN_POINT('',(234.00625,-54.625,52.3));
#18055=CARTESIAN_POINT('',(234.00625,-54.625,52.3));
#18056=CARTESIAN_POINT('',(233.50625,-54.125,52.3));
#18057=CARTESIAN_POINT('Origin',(234.00625,-54.125,52.3));
#18058=CARTESIAN_POINT('',(233.50625,-41.125,52.3));
#18059=CARTESIAN_POINT('',(59.675,-60.175,52.3));
#18060=CARTESIAN_POINT('',(60.175,-59.675,52.3));
#18061=CARTESIAN_POINT('Origin',(60.175,-60.175,52.3));
#18062=CARTESIAN_POINT('',(73.175,-59.675,52.3));
#18063=CARTESIAN_POINT('',(60.175,-59.675,52.3));
#18064=CARTESIAN_POINT('',(73.675,-60.175,52.3));
#18065=CARTESIAN_POINT('Origin',(73.175,-60.175,52.3));
#18066=CARTESIAN_POINT('',(73.675,-73.175,52.3));
#18067=CARTESIAN_POINT('',(73.675,-60.175,52.3));
#18068=CARTESIAN_POINT('',(73.175,-73.675,52.3));
#18069=CARTESIAN_POINT('Origin',(73.175,-73.175,52.3));
#18070=CARTESIAN_POINT('',(60.175,-73.675,52.3));
#18071=CARTESIAN_POINT('',(60.175,-73.675,52.3));
#18072=CARTESIAN_POINT('',(59.675,-73.175,52.3));
#18073=CARTESIAN_POINT('Origin',(60.175,-73.175,52.3));
#18074=CARTESIAN_POINT('',(59.675,-60.175,52.3));
#18075=CARTESIAN_POINT('',(78.725,-60.175,52.3));
#18076=CARTESIAN_POINT('',(79.225,-59.675,52.3));
#18077=CARTESIAN_POINT('Origin',(79.225,-60.175,52.3));
#18078=CARTESIAN_POINT('',(92.225,-59.675,52.3));
#18079=CARTESIAN_POINT('',(79.225,-59.675,52.3));
#18080=CARTESIAN_POINT('',(92.725,-60.175,52.3));
#18081=CARTESIAN_POINT('Origin',(92.225,-60.175,52.3));
#18082=CARTESIAN_POINT('',(92.725,-73.175,52.3));
#18083=CARTESIAN_POINT('',(92.725,-60.175,52.3));
#18084=CARTESIAN_POINT('',(92.225,-73.675,52.3));
#18085=CARTESIAN_POINT('Origin',(92.225,-73.175,52.3));
#18086=CARTESIAN_POINT('',(79.225,-73.675,52.3));
#18087=CARTESIAN_POINT('',(79.225,-73.675,52.3));
#18088=CARTESIAN_POINT('',(78.725,-73.175,52.3));
#18089=CARTESIAN_POINT('Origin',(79.225,-73.175,52.3));
#18090=CARTESIAN_POINT('',(78.725,-60.175,52.3));
#18091=CARTESIAN_POINT('',(97.775,-60.175,52.3));
#18092=CARTESIAN_POINT('',(98.275,-59.675,52.3));
#18093=CARTESIAN_POINT('Origin',(98.275,-60.175,52.3));
#18094=CARTESIAN_POINT('',(111.275,-59.675,52.3));
#18095=CARTESIAN_POINT('',(98.275,-59.675,52.3));
#18096=CARTESIAN_POINT('',(111.775,-60.175,52.3));
#18097=CARTESIAN_POINT('Origin',(111.275,-60.175,52.3));
#18098=CARTESIAN_POINT('',(111.775,-73.175,52.3));
#18099=CARTESIAN_POINT('',(111.775,-60.175,52.3));
#18100=CARTESIAN_POINT('',(111.275,-73.675,52.3));
#18101=CARTESIAN_POINT('Origin',(111.275,-73.175,52.3));
#18102=CARTESIAN_POINT('',(98.275,-73.675,52.3));
#18103=CARTESIAN_POINT('',(98.275,-73.675,52.3));
#18104=CARTESIAN_POINT('',(97.775,-73.175,52.3));
#18105=CARTESIAN_POINT('Origin',(98.275,-73.175,52.3));
#18106=CARTESIAN_POINT('',(97.775,-60.175,52.3));
#18107=CARTESIAN_POINT('',(116.825,-60.175,52.3));
#18108=CARTESIAN_POINT('',(117.325,-59.675,52.3));
#18109=CARTESIAN_POINT('Origin',(117.325,-60.175,52.3));
#18110=CARTESIAN_POINT('',(130.325,-59.675,52.3));
#18111=CARTESIAN_POINT('',(117.325,-59.675,52.3));
#18112=CARTESIAN_POINT('',(130.825,-60.175,52.3));
#18113=CARTESIAN_POINT('Origin',(130.325,-60.175,52.3));
#18114=CARTESIAN_POINT('',(130.825,-73.175,52.3));
#18115=CARTESIAN_POINT('',(130.825,-60.175,52.3));
#18116=CARTESIAN_POINT('',(130.325,-73.675,52.3));
#18117=CARTESIAN_POINT('Origin',(130.325,-73.175,52.3));
#18118=CARTESIAN_POINT('',(117.325,-73.675,52.3));
#18119=CARTESIAN_POINT('',(117.325,-73.675,52.3));
#18120=CARTESIAN_POINT('',(116.825,-73.175,52.3));
#18121=CARTESIAN_POINT('Origin',(117.325,-73.175,52.3));
#18122=CARTESIAN_POINT('',(116.825,-60.175,52.3));
#18123=CARTESIAN_POINT('',(135.875,-60.175,52.3));
#18124=CARTESIAN_POINT('',(136.375,-59.675,52.3));
#18125=CARTESIAN_POINT('Origin',(136.375,-60.175,52.3));
#18126=CARTESIAN_POINT('',(149.375,-59.675,52.3));
#18127=CARTESIAN_POINT('',(136.375,-59.675,52.3));
#18128=CARTESIAN_POINT('',(149.875,-60.175,52.3));
#18129=CARTESIAN_POINT('Origin',(149.375,-60.175,52.3));
#18130=CARTESIAN_POINT('',(149.875,-73.175,52.3));
#18131=CARTESIAN_POINT('',(149.875,-60.175,52.3));
#18132=CARTESIAN_POINT('',(149.375,-73.675,52.3));
#18133=CARTESIAN_POINT('Origin',(149.375,-73.175,52.3));
#18134=CARTESIAN_POINT('',(136.375,-73.675,52.3));
#18135=CARTESIAN_POINT('',(136.375,-73.675,52.3));
#18136=CARTESIAN_POINT('',(135.875,-73.175,52.3));
#18137=CARTESIAN_POINT('Origin',(136.375,-73.175,52.3));
#18138=CARTESIAN_POINT('',(135.875,-60.175,52.3));
#18139=CARTESIAN_POINT('',(154.925,-60.175,52.3));
#18140=CARTESIAN_POINT('',(155.425,-59.675,52.3));
#18141=CARTESIAN_POINT('Origin',(155.425,-60.175,52.3));
#18142=CARTESIAN_POINT('',(168.425,-59.675,52.3));
#18143=CARTESIAN_POINT('',(155.425,-59.675,52.3));
#18144=CARTESIAN_POINT('',(168.925,-60.175,52.3));
#18145=CARTESIAN_POINT('Origin',(168.425,-60.175,52.3));
#18146=CARTESIAN_POINT('',(168.925,-73.175,52.3));
#18147=CARTESIAN_POINT('',(168.925,-60.175,52.3));
#18148=CARTESIAN_POINT('',(168.425,-73.675,52.3));
#18149=CARTESIAN_POINT('Origin',(168.425,-73.175,52.3));
#18150=CARTESIAN_POINT('',(155.425,-73.675,52.3));
#18151=CARTESIAN_POINT('',(155.425,-73.675,52.3));
#18152=CARTESIAN_POINT('',(154.925,-73.175,52.3));
#18153=CARTESIAN_POINT('Origin',(155.425,-73.175,52.3));
#18154=CARTESIAN_POINT('',(154.925,-60.175,52.3));
#18155=CARTESIAN_POINT('',(173.975,-60.175,52.3));
#18156=CARTESIAN_POINT('',(174.475,-59.675,52.3));
#18157=CARTESIAN_POINT('Origin',(174.475,-60.175,52.3));
#18158=CARTESIAN_POINT('',(187.475,-59.675,52.3));
#18159=CARTESIAN_POINT('',(174.475,-59.675,52.3));
#18160=CARTESIAN_POINT('',(187.975,-60.175,52.3));
#18161=CARTESIAN_POINT('Origin',(187.475,-60.175,52.3));
#18162=CARTESIAN_POINT('',(187.975,-73.175,52.3));
#18163=CARTESIAN_POINT('',(187.975,-60.175,52.3));
#18164=CARTESIAN_POINT('',(187.475,-73.675,52.3));
#18165=CARTESIAN_POINT('Origin',(187.475,-73.175,52.3));
#18166=CARTESIAN_POINT('',(174.475,-73.675,52.3));
#18167=CARTESIAN_POINT('',(174.475,-73.675,52.3));
#18168=CARTESIAN_POINT('',(173.975,-73.175,52.3));
#18169=CARTESIAN_POINT('Origin',(174.475,-73.175,52.3));
#18170=CARTESIAN_POINT('',(173.975,-60.175,52.3));
#18171=CARTESIAN_POINT('',(193.025,-60.175,52.3));
#18172=CARTESIAN_POINT('',(193.525,-59.675,52.3));
#18173=CARTESIAN_POINT('Origin',(193.525,-60.175,52.3));
#18174=CARTESIAN_POINT('',(206.525,-59.675,52.3));
#18175=CARTESIAN_POINT('',(193.525,-59.675,52.3));
#18176=CARTESIAN_POINT('',(207.025,-60.175,52.3));
#18177=CARTESIAN_POINT('Origin',(206.525,-60.175,52.3));
#18178=CARTESIAN_POINT('',(207.025,-73.175,52.3));
#18179=CARTESIAN_POINT('',(207.025,-60.175,52.3));
#18180=CARTESIAN_POINT('',(206.525,-73.675,52.3));
#18181=CARTESIAN_POINT('Origin',(206.525,-73.175,52.3));
#18182=CARTESIAN_POINT('',(193.525,-73.675,52.3));
#18183=CARTESIAN_POINT('',(193.525,-73.675,52.3));
#18184=CARTESIAN_POINT('',(193.025,-73.175,52.3));
#18185=CARTESIAN_POINT('Origin',(193.525,-73.175,52.3));
#18186=CARTESIAN_POINT('',(193.025,-60.175,52.3));
#18187=CARTESIAN_POINT('',(212.075,-60.175,52.3));
#18188=CARTESIAN_POINT('',(212.575,-59.675,52.3));
#18189=CARTESIAN_POINT('Origin',(212.575,-60.175,52.3));
#18190=CARTESIAN_POINT('',(225.575,-59.675,52.3));
#18191=CARTESIAN_POINT('',(212.575,-59.675,52.3));
#18192=CARTESIAN_POINT('',(226.075,-60.175,52.3));
#18193=CARTESIAN_POINT('Origin',(225.575,-60.175,52.3));
#18194=CARTESIAN_POINT('',(226.075,-73.175,52.3));
#18195=CARTESIAN_POINT('',(226.075,-60.175,52.3));
#18196=CARTESIAN_POINT('',(225.575,-73.675,52.3));
#18197=CARTESIAN_POINT('Origin',(225.575,-73.175,52.3));
#18198=CARTESIAN_POINT('',(212.575,-73.675,52.3));
#18199=CARTESIAN_POINT('',(212.575,-73.675,52.3));
#18200=CARTESIAN_POINT('',(212.075,-73.175,52.3));
#18201=CARTESIAN_POINT('Origin',(212.575,-73.175,52.3));
#18202=CARTESIAN_POINT('',(212.075,-60.175,52.3));
#18203=CARTESIAN_POINT('',(235.8875,-60.175,52.3));
#18204=CARTESIAN_POINT('',(236.3875,-59.675,52.3));
#18205=CARTESIAN_POINT('Origin',(236.3875,-60.175,52.3));
#18206=CARTESIAN_POINT('',(249.3875,-59.675,52.3));
#18207=CARTESIAN_POINT('',(236.3875,-59.675,52.3));
#18208=CARTESIAN_POINT('',(249.8875,-60.175,52.3));
#18209=CARTESIAN_POINT('Origin',(249.3875,-60.175,52.3));
#18210=CARTESIAN_POINT('',(249.8875,-73.175,52.3));
#18211=CARTESIAN_POINT('',(249.8875,-60.175,52.3));
#18212=CARTESIAN_POINT('',(249.3875,-73.675,52.3));
#18213=CARTESIAN_POINT('Origin',(249.3875,-73.175,52.3));
#18214=CARTESIAN_POINT('',(236.3875,-73.675,52.3));
#18215=CARTESIAN_POINT('',(236.3875,-73.675,52.3));
#18216=CARTESIAN_POINT('',(235.8875,-73.175,52.3));
#18217=CARTESIAN_POINT('Origin',(236.3875,-73.175,52.3));
#18218=CARTESIAN_POINT('',(235.8875,-60.175,52.3));
#18219=CARTESIAN_POINT('',(4.90625,-79.225,52.3));
#18220=CARTESIAN_POINT('',(5.40625,-78.725,52.3));
#18221=CARTESIAN_POINT('Origin',(5.40625,-79.225,52.3));
#18222=CARTESIAN_POINT('',(18.40625,-78.725,52.3));
#18223=CARTESIAN_POINT('',(5.40625,-78.725,52.3));
#18224=CARTESIAN_POINT('',(18.90625,-79.225,52.3));
#18225=CARTESIAN_POINT('Origin',(18.40625,-79.225,52.3));
#18226=CARTESIAN_POINT('',(18.90625,-92.225,52.3));
#18227=CARTESIAN_POINT('',(18.90625,-79.225,52.3));
#18228=CARTESIAN_POINT('',(18.40625,-92.725,52.3));
#18229=CARTESIAN_POINT('Origin',(18.40625,-92.225,52.3));
#18230=CARTESIAN_POINT('',(5.40625,-92.725,52.3));
#18231=CARTESIAN_POINT('',(5.40625,-92.725,52.3));
#18232=CARTESIAN_POINT('',(4.90625,-92.225,52.3));
#18233=CARTESIAN_POINT('Origin',(5.40625,-92.225,52.3));
#18234=CARTESIAN_POINT('',(4.90625,-79.225,52.3));
#18235=CARTESIAN_POINT('',(26.3375,-79.225,52.3));
#18236=CARTESIAN_POINT('',(26.8375,-78.725,52.3));
#18237=CARTESIAN_POINT('Origin',(26.8375,-79.225,52.3));
#18238=CARTESIAN_POINT('',(39.8375,-78.725,52.3));
#18239=CARTESIAN_POINT('',(26.8375,-78.725,52.3));
#18240=CARTESIAN_POINT('',(40.3375,-79.225,52.3));
#18241=CARTESIAN_POINT('Origin',(39.8375,-79.225,52.3));
#18242=CARTESIAN_POINT('',(40.3375,-92.225,52.3));
#18243=CARTESIAN_POINT('',(40.3375,-79.225,52.3));
#18244=CARTESIAN_POINT('',(39.8375,-92.725,52.3));
#18245=CARTESIAN_POINT('Origin',(39.8375,-92.225,52.3));
#18246=CARTESIAN_POINT('',(26.8375,-92.725,52.3));
#18247=CARTESIAN_POINT('',(26.8375,-92.725,52.3));
#18248=CARTESIAN_POINT('',(26.3375,-92.225,52.3));
#18249=CARTESIAN_POINT('Origin',(26.8375,-92.225,52.3));
#18250=CARTESIAN_POINT('',(26.3375,-79.225,52.3));
#18251=CARTESIAN_POINT('',(50.15,-79.225,52.3));
#18252=CARTESIAN_POINT('',(50.65,-78.725,52.3));
#18253=CARTESIAN_POINT('Origin',(50.65,-79.225,52.3));
#18254=CARTESIAN_POINT('',(63.65,-78.725,52.3));
#18255=CARTESIAN_POINT('',(50.65,-78.725,52.3));
#18256=CARTESIAN_POINT('',(64.15,-79.225,52.3));
#18257=CARTESIAN_POINT('Origin',(63.65,-79.225,52.3));
#18258=CARTESIAN_POINT('',(64.15,-92.225,52.3));
#18259=CARTESIAN_POINT('',(64.15,-79.225,52.3));
#18260=CARTESIAN_POINT('',(63.65,-92.725,52.3));
#18261=CARTESIAN_POINT('Origin',(63.65,-92.225,52.3));
#18262=CARTESIAN_POINT('',(50.65,-92.725,52.3));
#18263=CARTESIAN_POINT('',(50.65,-92.725,52.3));
#18264=CARTESIAN_POINT('',(50.15,-92.225,52.3));
#18265=CARTESIAN_POINT('Origin',(50.65,-92.225,52.3));
#18266=CARTESIAN_POINT('',(50.15,-79.225,52.3));
#18267=CARTESIAN_POINT('',(2.525,-3.025,52.3));
#18268=CARTESIAN_POINT('',(3.025,-2.525,52.3));
#18269=CARTESIAN_POINT('Origin',(3.025,-3.025,52.3));
#18270=CARTESIAN_POINT('',(16.025,-2.525,52.3));
#18271=CARTESIAN_POINT('',(3.025,-2.525,52.3));
#18272=CARTESIAN_POINT('',(16.525,-3.025,52.3));
#18273=CARTESIAN_POINT('Origin',(16.025,-3.025,52.3));
#18274=CARTESIAN_POINT('',(16.525,-16.025,52.3));
#18275=CARTESIAN_POINT('',(16.525,-3.025,52.3));
#18276=CARTESIAN_POINT('',(16.025,-16.525,52.3));
#18277=CARTESIAN_POINT('Origin',(16.025,-16.025,52.3));
#18278=CARTESIAN_POINT('',(3.025,-16.525,52.3));
#18279=CARTESIAN_POINT('',(3.025,-16.525,52.3));
#18280=CARTESIAN_POINT('',(2.525,-16.025,52.3));
#18281=CARTESIAN_POINT('Origin',(3.025,-16.025,52.3));
#18282=CARTESIAN_POINT('',(2.525,-3.025,52.3));
#18283=CARTESIAN_POINT('',(21.575,-3.025,52.3));
#18284=CARTESIAN_POINT('',(22.075,-2.525,52.3));
#18285=CARTESIAN_POINT('Origin',(22.075,-3.025,52.3));
#18286=CARTESIAN_POINT('',(35.075,-2.525,52.3));
#18287=CARTESIAN_POINT('',(22.075,-2.525,52.3));
#18288=CARTESIAN_POINT('',(35.575,-3.025,52.3));
#18289=CARTESIAN_POINT('Origin',(35.075,-3.025,52.3));
#18290=CARTESIAN_POINT('',(35.575,-16.025,52.3));
#18291=CARTESIAN_POINT('',(35.575,-3.025,52.3));
#18292=CARTESIAN_POINT('',(35.075,-16.525,52.3));
#18293=CARTESIAN_POINT('Origin',(35.075,-16.025,52.3));
#18294=CARTESIAN_POINT('',(22.075,-16.525,52.3));
#18295=CARTESIAN_POINT('',(22.075,-16.525,52.3));
#18296=CARTESIAN_POINT('',(21.575,-16.025,52.3));
#18297=CARTESIAN_POINT('Origin',(22.075,-16.025,52.3));
#18298=CARTESIAN_POINT('',(21.575,-3.025,52.3));
#18299=CARTESIAN_POINT('',(59.675,-3.025,52.3));
#18300=CARTESIAN_POINT('',(60.175,-2.525,52.3));
#18301=CARTESIAN_POINT('Origin',(60.175,-3.025,52.3));
#18302=CARTESIAN_POINT('',(73.175,-2.525,52.3));
#18303=CARTESIAN_POINT('',(60.175,-2.525,52.3));
#18304=CARTESIAN_POINT('',(73.675,-3.025,52.3));
#18305=CARTESIAN_POINT('Origin',(73.175,-3.025,52.3));
#18306=CARTESIAN_POINT('',(73.675,-16.025,52.3));
#18307=CARTESIAN_POINT('',(73.675,-3.025,52.3));
#18308=CARTESIAN_POINT('',(73.175,-16.525,52.3));
#18309=CARTESIAN_POINT('Origin',(73.175,-16.025,52.3));
#18310=CARTESIAN_POINT('',(60.175,-16.525,52.3));
#18311=CARTESIAN_POINT('',(60.175,-16.525,52.3));
#18312=CARTESIAN_POINT('',(59.675,-16.025,52.3));
#18313=CARTESIAN_POINT('Origin',(60.175,-16.025,52.3));
#18314=CARTESIAN_POINT('',(59.675,-3.025,52.3));
#18315=CARTESIAN_POINT('',(40.625,-3.025,52.3));
#18316=CARTESIAN_POINT('',(41.125,-2.525,52.3));
#18317=CARTESIAN_POINT('Origin',(41.125,-3.025,52.3));
#18318=CARTESIAN_POINT('',(54.125,-2.525,52.3));
#18319=CARTESIAN_POINT('',(41.125,-2.525,52.3));
#18320=CARTESIAN_POINT('',(54.625,-3.025,52.3));
#18321=CARTESIAN_POINT('Origin',(54.125,-3.025,52.3));
#18322=CARTESIAN_POINT('',(54.625,-16.025,52.3));
#18323=CARTESIAN_POINT('',(54.625,-3.025,52.3));
#18324=CARTESIAN_POINT('',(54.125,-16.525,52.3));
#18325=CARTESIAN_POINT('Origin',(54.125,-16.025,52.3));
#18326=CARTESIAN_POINT('',(41.125,-16.525,52.3));
#18327=CARTESIAN_POINT('',(41.125,-16.525,52.3));
#18328=CARTESIAN_POINT('',(40.625,-16.025,52.3));
#18329=CARTESIAN_POINT('Origin',(41.125,-16.025,52.3));
#18330=CARTESIAN_POINT('',(40.625,-3.025,52.3));
#18331=CARTESIAN_POINT('',(7.2875,-22.075,52.3));
#18332=CARTESIAN_POINT('',(7.7875,-21.575,52.3));
#18333=CARTESIAN_POINT('Origin',(7.7875,-22.075,52.3));
#18334=CARTESIAN_POINT('',(20.7875,-21.575,52.3));
#18335=CARTESIAN_POINT('',(7.7875,-21.575,52.3));
#18336=CARTESIAN_POINT('',(21.2875,-22.075,52.3));
#18337=CARTESIAN_POINT('Origin',(20.7875,-22.075,52.3));
#18338=CARTESIAN_POINT('',(21.2875,-35.075,52.3));
#18339=CARTESIAN_POINT('',(21.2875,-22.075,52.3));
#18340=CARTESIAN_POINT('',(20.7875,-35.575,52.3));
#18341=CARTESIAN_POINT('Origin',(20.7875,-35.075,52.3));
#18342=CARTESIAN_POINT('',(7.7875,-35.575,52.3));
#18343=CARTESIAN_POINT('',(7.7875,-35.575,52.3));
#18344=CARTESIAN_POINT('',(7.2875,-35.075,52.3));
#18345=CARTESIAN_POINT('Origin',(7.7875,-35.075,52.3));
#18346=CARTESIAN_POINT('',(7.2875,-22.075,52.3));
#18347=CARTESIAN_POINT('',(88.25,-22.075,52.3));
#18348=CARTESIAN_POINT('',(88.75,-21.575,52.3));
#18349=CARTESIAN_POINT('Origin',(88.75,-22.075,52.3));
#18350=CARTESIAN_POINT('',(101.75,-21.575,52.3));
#18351=CARTESIAN_POINT('',(88.75,-21.575,52.3));
#18352=CARTESIAN_POINT('',(102.25,-22.075,52.3));
#18353=CARTESIAN_POINT('Origin',(101.75,-22.075,52.3));
#18354=CARTESIAN_POINT('',(102.25,-35.075,52.3));
#18355=CARTESIAN_POINT('',(102.25,-22.075,52.3));
#18356=CARTESIAN_POINT('',(101.75,-35.575,52.3));
#18357=CARTESIAN_POINT('Origin',(101.75,-35.075,52.3));
#18358=CARTESIAN_POINT('',(88.75,-35.575,52.3));
#18359=CARTESIAN_POINT('',(88.75,-35.575,52.3));
#18360=CARTESIAN_POINT('',(88.25,-35.075,52.3));
#18361=CARTESIAN_POINT('Origin',(88.75,-35.075,52.3));
#18362=CARTESIAN_POINT('',(88.25,-22.075,52.3));
#18363=CARTESIAN_POINT('',(50.15,-22.075,52.3));
#18364=CARTESIAN_POINT('',(50.65,-21.575,52.3));
#18365=CARTESIAN_POINT('Origin',(50.65,-22.075,52.3));
#18366=CARTESIAN_POINT('',(63.65,-21.575,52.3));
#18367=CARTESIAN_POINT('',(50.65,-21.575,52.3));
#18368=CARTESIAN_POINT('',(64.15,-22.075,52.3));
#18369=CARTESIAN_POINT('Origin',(63.65,-22.075,52.3));
#18370=CARTESIAN_POINT('',(64.15,-35.075,52.3));
#18371=CARTESIAN_POINT('',(64.15,-22.075,52.3));
#18372=CARTESIAN_POINT('',(63.65,-35.575,52.3));
#18373=CARTESIAN_POINT('Origin',(63.65,-35.075,52.3));
#18374=CARTESIAN_POINT('',(50.65,-35.575,52.3));
#18375=CARTESIAN_POINT('',(50.65,-35.575,52.3));
#18376=CARTESIAN_POINT('',(50.15,-35.075,52.3));
#18377=CARTESIAN_POINT('Origin',(50.65,-35.075,52.3));
#18378=CARTESIAN_POINT('',(50.15,-22.075,52.3));
#18379=CARTESIAN_POINT('',(97.775,-3.025,52.3));
#18380=CARTESIAN_POINT('',(98.275,-2.525,52.3));
#18381=CARTESIAN_POINT('Origin',(98.275,-3.025,52.3));
#18382=CARTESIAN_POINT('',(111.275,-2.52499999999999,52.3));
#18383=CARTESIAN_POINT('',(98.275,-2.525,52.3));
#18384=CARTESIAN_POINT('',(111.775,-3.025,52.3));
#18385=CARTESIAN_POINT('Origin',(111.275,-3.025,52.3));
#18386=CARTESIAN_POINT('',(111.775,-16.025,52.3));
#18387=CARTESIAN_POINT('',(111.775,-3.025,52.3));
#18388=CARTESIAN_POINT('',(111.275,-16.525,52.3));
#18389=CARTESIAN_POINT('Origin',(111.275,-16.025,52.3));
#18390=CARTESIAN_POINT('',(98.275,-16.525,52.3));
#18391=CARTESIAN_POINT('',(98.275,-16.525,52.3));
#18392=CARTESIAN_POINT('',(97.775,-16.025,52.3));
#18393=CARTESIAN_POINT('Origin',(98.275,-16.025,52.3));
#18394=CARTESIAN_POINT('',(97.775,-3.025,52.3));
#18395=CARTESIAN_POINT('',(31.1,-22.075,52.3));
#18396=CARTESIAN_POINT('',(31.6,-21.575,52.3));
#18397=CARTESIAN_POINT('Origin',(31.6,-22.075,52.3));
#18398=CARTESIAN_POINT('',(44.6,-21.575,52.3));
#18399=CARTESIAN_POINT('',(31.6,-21.575,52.3));
#18400=CARTESIAN_POINT('',(45.1,-22.075,52.3));
#18401=CARTESIAN_POINT('Origin',(44.6,-22.075,52.3));
#18402=CARTESIAN_POINT('',(45.1,-35.075,52.3));
#18403=CARTESIAN_POINT('',(45.1,-22.075,52.3));
#18404=CARTESIAN_POINT('',(44.6,-35.575,52.3));
#18405=CARTESIAN_POINT('Origin',(44.6,-35.075,52.3));
#18406=CARTESIAN_POINT('',(31.6,-35.575,52.3));
#18407=CARTESIAN_POINT('',(31.6,-35.575,52.3));
#18408=CARTESIAN_POINT('',(31.1,-35.075,52.3));
#18409=CARTESIAN_POINT('Origin',(31.6,-35.075,52.3));
#18410=CARTESIAN_POINT('',(31.1,-22.075,52.3));
#18411=CARTESIAN_POINT('',(78.725,-3.025,52.3));
#18412=CARTESIAN_POINT('',(79.225,-2.525,52.3));
#18413=CARTESIAN_POINT('Origin',(79.225,-3.025,52.3));
#18414=CARTESIAN_POINT('',(92.225,-2.52500000000001,52.3));
#18415=CARTESIAN_POINT('',(79.225,-2.525,52.3));
#18416=CARTESIAN_POINT('',(92.725,-3.025,52.3));
#18417=CARTESIAN_POINT('Origin',(92.225,-3.025,52.3));
#18418=CARTESIAN_POINT('',(92.725,-16.025,52.3));
#18419=CARTESIAN_POINT('',(92.725,-3.025,52.3));
#18420=CARTESIAN_POINT('',(92.225,-16.525,52.3));
#18421=CARTESIAN_POINT('Origin',(92.225,-16.025,52.3));
#18422=CARTESIAN_POINT('',(79.225,-16.525,52.3));
#18423=CARTESIAN_POINT('',(79.225,-16.525,52.3));
#18424=CARTESIAN_POINT('',(78.725,-16.025,52.3));
#18425=CARTESIAN_POINT('Origin',(79.225,-16.025,52.3));
#18426=CARTESIAN_POINT('',(78.725,-3.025,52.3));
#18427=CARTESIAN_POINT('',(69.2,-22.075,52.3));
#18428=CARTESIAN_POINT('',(69.7,-21.575,52.3));
#18429=CARTESIAN_POINT('Origin',(69.7,-22.075,52.3));
#18430=CARTESIAN_POINT('',(82.7,-21.575,52.3));
#18431=CARTESIAN_POINT('',(69.7,-21.575,52.3));
#18432=CARTESIAN_POINT('',(83.2,-22.075,52.3));
#18433=CARTESIAN_POINT('Origin',(82.7,-22.075,52.3));
#18434=CARTESIAN_POINT('',(83.2,-35.075,52.3));
#18435=CARTESIAN_POINT('',(83.2,-22.075,52.3));
#18436=CARTESIAN_POINT('',(82.7,-35.575,52.3));
#18437=CARTESIAN_POINT('Origin',(82.7,-35.075,52.3));
#18438=CARTESIAN_POINT('',(69.7,-35.575,52.3));
#18439=CARTESIAN_POINT('',(69.7,-35.575,52.3));
#18440=CARTESIAN_POINT('',(69.2,-35.075,52.3));
#18441=CARTESIAN_POINT('Origin',(69.7,-35.075,52.3));
#18442=CARTESIAN_POINT('',(69.2,-22.075,52.3));
#18443=CARTESIAN_POINT('',(94.25,4.16333634234434E-16,52.3));
#18444=CARTESIAN_POINT('',(94.25,1.,52.3));
#18445=CARTESIAN_POINT('Origin',(94.25,0.5,52.3));
#18446=CARTESIAN_POINT('',(96.25,1.,52.3));
#18447=CARTESIAN_POINT('',(111.41875,0.999999999999996,52.3));
#18448=CARTESIAN_POINT('',(96.25,4.85722573273506E-16,52.3));
#18449=CARTESIAN_POINT('Origin',(96.25,0.500000000000001,52.3));
#18450=CARTESIAN_POINT('',(112.41875,0.,52.3));
#18451=CARTESIAN_POINT('',(18.05,4.16333634234434E-16,52.3));
#18452=CARTESIAN_POINT('',(18.05,1.,52.3));
#18453=CARTESIAN_POINT('Origin',(18.05,0.5,52.3));
#18454=CARTESIAN_POINT('',(20.05,1.,52.3));
#18455=CARTESIAN_POINT('',(73.31875,0.999999999999992,52.3));
#18456=CARTESIAN_POINT('',(20.05,4.85722573273506E-16,52.3));
#18457=CARTESIAN_POINT('Origin',(20.05,0.500000000000001,52.3));
#18458=CARTESIAN_POINT('',(74.31875,0.,52.3));
#18459=CARTESIAN_POINT('',(162.925,-19.05,52.3));
#18460=CARTESIAN_POINT('',(160.925,-19.05,52.3));
#18461=CARTESIAN_POINT('',(145.75625,-19.05,52.3));
#18462=CARTESIAN_POINT('',(160.925,-18.05,52.3));
#18463=CARTESIAN_POINT('Origin',(160.925,-18.55,52.3));
#18464=CARTESIAN_POINT('',(162.925,-18.05,52.3));
#18465=CARTESIAN_POINT('',(144.75625,-18.05,52.3));
#18466=CARTESIAN_POINT('Origin',(162.925,-18.55,52.3));
#18467=CARTESIAN_POINT('',(69.8048785075894,-95.2527486990673,52.3));
#18468=CARTESIAN_POINT('',(71.8048708999067,-95.2472322986941,52.3));
#18469=CARTESIAN_POINT('',(99.2616488372789,-95.1715007205915,52.3));
#18470=CARTESIAN_POINT('',(71.8076291000933,-96.2472284948526,52.3));
#18471=CARTESIAN_POINT('Origin',(71.80625,-95.7472303967733,52.3));
#18472=CARTESIAN_POINT('',(69.8076367077761,-96.2527448952259,52.3));
#18473=CARTESIAN_POINT('',(100.264403233624,-96.1687387165632,52.3));
#18474=CARTESIAN_POINT('Origin',(69.8062576076827,-95.7527467971466,52.3));
#18475=CARTESIAN_POINT('',(237.125,-18.05,52.3));
#18476=CARTESIAN_POINT('',(239.125,-18.05,52.3));
#18477=CARTESIAN_POINT('',(182.85625,-18.05,52.3));
#18478=CARTESIAN_POINT('',(239.125,-19.05,52.3));
#18479=CARTESIAN_POINT('Origin',(239.125,-18.55,52.3));
#18480=CARTESIAN_POINT('',(237.125,-19.05,52.3));
#18481=CARTESIAN_POINT('',(183.85625,-19.05,52.3));
#18482=CARTESIAN_POINT('Origin',(237.125,-18.55,52.3));
#18483=CARTESIAN_POINT('',(21.6202728627946,-95.2532120844204,52.3));
#18484=CARTESIAN_POINT('',(23.6202624616478,-95.2467619310118,52.3));
#18485=CARTESIAN_POINT('',(75.1801320611432,-95.0804765319085,52.3));
#18486=CARTESIAN_POINT('',(23.6234875383521,-96.2467567304383,52.3));
#18487=CARTESIAN_POINT('Origin',(23.621875,-95.746759330725,52.3));
#18488=CARTESIAN_POINT('',(21.6234979394989,-96.253206883847,52.3));
#18489=CARTESIAN_POINT('',(76.1833519372739,-96.0772462546312,52.3));
#18490=CARTESIAN_POINT('Origin',(21.6218854011468,-95.7532094841337,52.3));
#18491=CARTESIAN_POINT('',(40.625,-73.175,52.3));
#18492=CARTESIAN_POINT('',(40.625,-60.175,52.3));
#18493=CARTESIAN_POINT('',(40.625,-60.175,52.3));
#18494=CARTESIAN_POINT('',(41.125,-59.675,52.3));
#18495=CARTESIAN_POINT('Origin',(41.125,-60.175,52.3));
#18496=CARTESIAN_POINT('',(54.125,-59.675,52.3));
#18497=CARTESIAN_POINT('',(41.125,-59.675,52.3));
#18498=CARTESIAN_POINT('',(54.625,-60.175,52.3));
#18499=CARTESIAN_POINT('Origin',(54.125,-60.175,52.3));
#18500=CARTESIAN_POINT('',(54.625,-73.175,52.3));
#18501=CARTESIAN_POINT('',(54.625,-60.175,52.3));
#18502=CARTESIAN_POINT('',(54.125,-73.675,52.3));
#18503=CARTESIAN_POINT('Origin',(54.125,-73.175,52.3));
#18504=CARTESIAN_POINT('',(41.125,-73.675,52.3));
#18505=CARTESIAN_POINT('',(41.125,-73.675,52.3));
#18506=CARTESIAN_POINT('Origin',(41.125,-73.175,52.3));
#18507=CARTESIAN_POINT('',(2.61200000000001,-75.675,52.3));
#18508=CARTESIAN_POINT('',(2.61200000000001,-57.675,52.3));
#18509=CARTESIAN_POINT('',(2.61200000000001,-59.9,52.3));
#18510=CARTESIAN_POINT('',(3.11199999999999,-57.175,52.3));
#18511=CARTESIAN_POINT('Origin',(3.112,-57.675,52.3));
#18512=CARTESIAN_POINT('',(10.112,-57.175,52.3));
#18513=CARTESIAN_POINT('',(66.34975,-57.175,52.3));
#18514=CARTESIAN_POINT('',(10.612,-57.675,52.3));
#18515=CARTESIAN_POINT('Origin',(10.112,-57.675,52.3));
#18516=CARTESIAN_POINT('',(10.612,-59.175,52.3));
#18517=CARTESIAN_POINT('',(10.612,-72.175,52.3));
#18518=CARTESIAN_POINT('',(11.112,-59.675,52.3));
#18519=CARTESIAN_POINT('Origin',(11.112,-59.175,52.3));
#18520=CARTESIAN_POINT('',(26.988,-59.675,52.3));
#18521=CARTESIAN_POINT('',(70.31875,-59.675,52.3));
#18522=CARTESIAN_POINT('',(27.488,-59.175,52.3));
#18523=CARTESIAN_POINT('Origin',(26.988,-59.175,52.3));
#18524=CARTESIAN_POINT('',(27.488,-57.675,52.3));
#18525=CARTESIAN_POINT('',(27.488,-72.175,52.3));
#18526=CARTESIAN_POINT('',(27.988,-57.175,52.3));
#18527=CARTESIAN_POINT('Origin',(27.988,-57.675,52.3));
#18528=CARTESIAN_POINT('',(34.988,-57.175,52.3));
#18529=CARTESIAN_POINT('',(66.34975,-57.175,52.3));
#18530=CARTESIAN_POINT('',(35.488,-57.675,52.3));
#18531=CARTESIAN_POINT('Origin',(34.988,-57.675,52.3));
#18532=CARTESIAN_POINT('',(35.488,-75.675,52.3));
#18533=CARTESIAN_POINT('',(35.488,-52.9,52.3));
#18534=CARTESIAN_POINT('',(34.988,-76.175,52.3));
#18535=CARTESIAN_POINT('Origin',(34.988,-75.675,52.3));
#18536=CARTESIAN_POINT('',(27.988,-76.175,52.3));
#18537=CARTESIAN_POINT('',(69.34975,-76.175,52.3));
#18538=CARTESIAN_POINT('',(27.488,-75.675,52.3));
#18539=CARTESIAN_POINT('Origin',(27.988,-75.675,52.3));
#18540=CARTESIAN_POINT('',(27.488,-74.175,52.3));
#18541=CARTESIAN_POINT('',(27.488,-72.175,52.3));
#18542=CARTESIAN_POINT('',(26.988,-73.675,52.3));
#18543=CARTESIAN_POINT('Origin',(26.988,-74.175,52.3));
#18544=CARTESIAN_POINT('',(11.112,-73.675,52.3));
#18545=CARTESIAN_POINT('',(77.31875,-73.675,52.3));
#18546=CARTESIAN_POINT('',(10.612,-74.175,52.3));
#18547=CARTESIAN_POINT('Origin',(11.112,-74.175,52.3));
#18548=CARTESIAN_POINT('',(10.612,-75.675,52.3));
#18549=CARTESIAN_POINT('',(10.612,-72.175,52.3));
#18550=CARTESIAN_POINT('',(10.112,-76.175,52.3));
#18551=CARTESIAN_POINT('Origin',(10.112,-75.675,52.3));
#18552=CARTESIAN_POINT('',(3.112,-76.175,52.3));
#18553=CARTESIAN_POINT('',(69.34975,-76.175,52.3));
#18554=CARTESIAN_POINT('Origin',(3.112,-75.675,52.3));
#18555=CARTESIAN_POINT('',(123.0625,-75.725,52.3));
#18556=CARTESIAN_POINT('',(123.0625,-78.325,52.3));
#18557=CARTESIAN_POINT('',(123.0625,-62.425,52.3));
#18558=CARTESIAN_POINT('',(123.4625,-78.725,52.3));
#18559=CARTESIAN_POINT('Origin',(123.4625,-78.325,52.3));
#18560=CARTESIAN_POINT('',(133.7125,-78.725,52.3));
#18561=CARTESIAN_POINT('',(122.9625,-78.725,52.3));
#18562=CARTESIAN_POINT('',(134.1125,-78.325,52.3));
#18563=CARTESIAN_POINT('Origin',(133.7125,-78.325,52.3));
#18564=CARTESIAN_POINT('',(134.1125,-75.725,52.3));
#18565=CARTESIAN_POINT('',(134.1125,-62.975,52.3));
#18566=CARTESIAN_POINT('',(134.6125,-75.225,52.3));
#18567=CARTESIAN_POINT('Origin',(134.6125,-75.725,52.3));
#18568=CARTESIAN_POINT('',(141.6125,-75.225,52.3));
#18569=CARTESIAN_POINT('',(103.275,-75.225,52.3));
#18570=CARTESIAN_POINT('',(142.1125,-75.725,52.3));
#18571=CARTESIAN_POINT('Origin',(141.6125,-75.725,52.3));
#18572=CARTESIAN_POINT('',(142.1125,-92.225,52.3));
#18573=CARTESIAN_POINT('',(142.1125,-62.425,52.3));
#18574=CARTESIAN_POINT('',(141.6125,-92.7250034332275,52.3));
#18575=CARTESIAN_POINT('Origin',(141.6125,-92.225,52.3));
#18576=CARTESIAN_POINT('',(115.5625,-92.7250034332275,52.3));
#18577=CARTESIAN_POINT('',(134.85,-92.7250034332275,52.3));
#18578=CARTESIAN_POINT('',(115.0625,-92.225,52.3));
#18579=CARTESIAN_POINT('Origin',(115.5625,-92.225,52.3));
#18580=CARTESIAN_POINT('',(115.0625,-75.725,52.3));
#18581=CARTESIAN_POINT('',(115.0625,-69.425,52.3));
#18582=CARTESIAN_POINT('',(115.5625,-75.225,52.3));
#18583=CARTESIAN_POINT('Origin',(115.5625,-75.725,52.3));
#18584=CARTESIAN_POINT('',(122.5625,-75.225,52.3));
#18585=CARTESIAN_POINT('',(103.275,-75.225,52.3));
#18586=CARTESIAN_POINT('Origin',(122.5625,-75.725,52.3));
#18587=CARTESIAN_POINT('Origin',(21.121875,-99.245,50.8));
#18588=CARTESIAN_POINT('',(21.121875,-99.745,50.8));
#18589=CARTESIAN_POINT('',(21.121875,-99.745,50.8));
#18590=CARTESIAN_POINT('',(21.621875,-99.245,50.8));
#18591=CARTESIAN_POINT('Origin',(21.121875,-99.245,50.8));
#18592=CARTESIAN_POINT('',(21.621875,-99.245,50.8));
#18593=CARTESIAN_POINT('Origin',(21.621875,-98.745,50.8));
#18594=CARTESIAN_POINT('',(21.621875,-98.745,50.8));
#18595=CARTESIAN_POINT('',(21.621875,-98.745,50.8));
#18596=CARTESIAN_POINT('',(21.621875,-98.745,50.8));
#18597=CARTESIAN_POINT('Origin',(128.5875,-47.625,50.8));
#18598=CARTESIAN_POINT('Origin',(22.621875,-98.745,50.8));
#18599=CARTESIAN_POINT('',(20.621875,-99.745,50.8));
#18600=CARTESIAN_POINT('',(75.1046875,-99.745,50.8));
#18601=CARTESIAN_POINT('',(19.621875,-98.745,50.8));
#18602=CARTESIAN_POINT('Origin',(20.621875,-98.745,50.8));
#18603=CARTESIAN_POINT('',(19.621875,-96.75,50.8));
#18604=CARTESIAN_POINT('',(19.621875,-71.4375,50.8));
#18605=CARTESIAN_POINT('',(18.121875,-95.25,50.8));
#18606=CARTESIAN_POINT('Origin',(18.121875,-96.75,50.8));
#18607=CARTESIAN_POINT('',(1.,-95.25,50.8));
#18608=CARTESIAN_POINT('',(0.,-95.25,50.8));
#18609=CARTESIAN_POINT('',(0.,-94.25,50.8));
#18610=CARTESIAN_POINT('Origin',(1.,-94.25,50.8));
#18611=CARTESIAN_POINT('',(0.,-0.999999999999996,50.8));
#18612=CARTESIAN_POINT('',(0.,-95.25,50.8));
#18613=CARTESIAN_POINT('',(1.,0.,50.8));
#18614=CARTESIAN_POINT('Origin',(1.,-1.,50.8));
#18615=CARTESIAN_POINT('',(14.55,3.51640651889012E-16,50.8));
#18616=CARTESIAN_POINT('',(1.,0.,50.8));
#18617=CARTESIAN_POINT('',(16.05,1.5,50.8));
#18618=CARTESIAN_POINT('Origin',(14.55,1.5,50.8));
#18619=CARTESIAN_POINT('',(16.05,3.495,50.8));
#18620=CARTESIAN_POINT('',(16.05,-22.065,50.8));
#18621=CARTESIAN_POINT('',(17.05,4.49500000000001,50.8));
#18622=CARTESIAN_POINT('Origin',(17.05,3.495,50.8));
#18623=CARTESIAN_POINT('',(17.55,4.49500000000001,50.8));
#18624=CARTESIAN_POINT('',(72.31875,4.49500000000001,50.8));
#18625=CARTESIAN_POINT('',(18.05,3.995,50.8));
#18626=CARTESIAN_POINT('Origin',(17.55,3.995,50.8));
#18627=CARTESIAN_POINT('',(18.05,3.495,50.8));
#18628=CARTESIAN_POINT('',(18.05,3.495,50.8));
#18629=CARTESIAN_POINT('',(20.05,3.49500000000001,50.8));
#18630=CARTESIAN_POINT('Origin',(19.05,3.495,50.8));
#18631=CARTESIAN_POINT('',(20.05,3.995,50.8));
#18632=CARTESIAN_POINT('',(20.05,3.49500000000001,50.8));
#18633=CARTESIAN_POINT('',(20.55,4.49500000000001,50.8));
#18634=CARTESIAN_POINT('Origin',(20.55,3.995,50.8));
#18635=CARTESIAN_POINT('',(21.05,4.49500000000001,50.8));
#18636=CARTESIAN_POINT('',(74.31875,4.49500000000001,50.8));
#18637=CARTESIAN_POINT('',(22.05,3.495,50.8));
#18638=CARTESIAN_POINT('Origin',(21.05,3.495,50.8));
#18639=CARTESIAN_POINT('',(22.05,1.5,50.8));
#18640=CARTESIAN_POINT('',(22.05,-23.8125,50.8));
#18641=CARTESIAN_POINT('',(23.55,5.8520270849426E-16,50.8));
#18642=CARTESIAN_POINT('Origin',(23.55,1.5,50.8));
#18643=CARTESIAN_POINT('',(90.75,2.32913273114678E-15,50.8));
#18644=CARTESIAN_POINT('',(1.,0.,50.8));
#18645=CARTESIAN_POINT('',(92.25,1.5,50.8));
#18646=CARTESIAN_POINT('Origin',(90.75,1.5,50.8));
#18647=CARTESIAN_POINT('',(92.25,3.49500000000001,50.8));
#18648=CARTESIAN_POINT('',(92.25,-22.065,50.8));
#18649=CARTESIAN_POINT('',(93.25,4.49500000000001,50.8));
#18650=CARTESIAN_POINT('Origin',(93.25,3.49500000000001,50.8));
#18651=CARTESIAN_POINT('',(93.75,4.49500000000001,50.8));
#18652=CARTESIAN_POINT('',(110.41875,4.49500000000001,50.8));
#18653=CARTESIAN_POINT('',(94.25,3.99500000000001,50.8));
#18654=CARTESIAN_POINT('Origin',(93.75,3.99500000000001,50.8));
#18655=CARTESIAN_POINT('',(94.25,3.49500000000001,50.8));
#18656=CARTESIAN_POINT('',(94.25,3.49500000000001,50.8));
#18657=CARTESIAN_POINT('',(96.25,3.49500000000001,50.8));
#18658=CARTESIAN_POINT('Origin',(95.25,3.49500000000001,50.8));
#18659=CARTESIAN_POINT('',(96.25,3.99500000000001,50.8));
#18660=CARTESIAN_POINT('',(96.25,3.49500000000001,50.8));
#18661=CARTESIAN_POINT('',(96.75,4.49500000000001,50.8));
#18662=CARTESIAN_POINT('Origin',(96.75,3.99500000000001,50.8));
#18663=CARTESIAN_POINT('',(97.25,4.49500000000001,50.8));
#18664=CARTESIAN_POINT('',(112.41875,4.49500000000001,50.8));
#18665=CARTESIAN_POINT('',(98.25,3.49500000000001,50.8));
#18666=CARTESIAN_POINT('Origin',(97.25,3.49500000000001,50.8));
#18667=CARTESIAN_POINT('',(98.25,1.5,50.8));
#18668=CARTESIAN_POINT('',(98.25,-23.8125,50.8));
#18669=CARTESIAN_POINT('',(99.75,2.56269478775202E-15,50.8));
#18670=CARTESIAN_POINT('Origin',(99.75,1.5,50.8));
#18671=CARTESIAN_POINT('',(113.3,2.91433543964104E-15,50.8));
#18672=CARTESIAN_POINT('',(1.,0.,50.8));
#18673=CARTESIAN_POINT('',(114.3,-1.,50.8));
#18674=CARTESIAN_POINT('Origin',(113.3,-0.999999999999994,50.8));
#18675=CARTESIAN_POINT('',(114.3,-18.05,50.8));
#18676=CARTESIAN_POINT('',(114.3,-4.93383184139207,50.8));
#18677=CARTESIAN_POINT('',(115.3,-19.05,50.8));
#18678=CARTESIAN_POINT('Origin',(115.3,-18.05,50.8));
#18679=CARTESIAN_POINT('',(157.425,-19.05,50.8));
#18680=CARTESIAN_POINT('',(188.2625,-19.05,50.8));
#18681=CARTESIAN_POINT('',(158.925,-17.55,50.8));
#18682=CARTESIAN_POINT('Origin',(157.425,-17.55,50.8));
#18683=CARTESIAN_POINT('',(158.925,-15.555,50.8));
#18684=CARTESIAN_POINT('',(158.925,-31.59,50.8));
#18685=CARTESIAN_POINT('',(159.925,-14.555,50.8));
#18686=CARTESIAN_POINT('Origin',(159.925,-15.555,50.8));
#18687=CARTESIAN_POINT('',(160.425,-14.555,50.8));
#18688=CARTESIAN_POINT('',(143.88125,-14.555,50.8));
#18689=CARTESIAN_POINT('',(160.925,-15.055,50.8));
#18690=CARTESIAN_POINT('Origin',(160.425,-15.055,50.8));
#18691=CARTESIAN_POINT('',(160.925,-15.555,50.8));
#18692=CARTESIAN_POINT('',(160.925,-15.555,50.8));
#18693=CARTESIAN_POINT('',(162.925,-15.555,50.8));
#18694=CARTESIAN_POINT('Origin',(161.925,-15.555,50.8));
#18695=CARTESIAN_POINT('',(162.925,-15.055,50.8));
#18696=CARTESIAN_POINT('',(162.925,-15.555,50.8));
#18697=CARTESIAN_POINT('',(163.425,-14.555,50.8));
#18698=CARTESIAN_POINT('Origin',(163.425,-15.055,50.8));
#18699=CARTESIAN_POINT('',(163.925,-14.555,50.8));
#18700=CARTESIAN_POINT('',(145.75625,-14.555,50.8));
#18701=CARTESIAN_POINT('',(164.925,-15.555,50.8));
#18702=CARTESIAN_POINT('Origin',(163.925,-15.555,50.8));
#18703=CARTESIAN_POINT('',(164.925,-17.55,50.8));
#18704=CARTESIAN_POINT('',(164.925,-33.3375,50.8));
#18705=CARTESIAN_POINT('',(166.425,-19.05,50.8));
#18706=CARTESIAN_POINT('Origin',(166.425,-17.55,50.8));
#18707=CARTESIAN_POINT('',(233.625,-19.05,50.8));
#18708=CARTESIAN_POINT('',(188.2625,-19.05,50.8));
#18709=CARTESIAN_POINT('',(235.125,-17.55,50.8));
#18710=CARTESIAN_POINT('Origin',(233.625,-17.55,50.8));
#18711=CARTESIAN_POINT('',(235.125,-15.555,50.8));
#18712=CARTESIAN_POINT('',(235.125,-31.59,50.8));
#18713=CARTESIAN_POINT('',(236.125,-14.555,50.8));
#18714=CARTESIAN_POINT('Origin',(236.125,-15.555,50.8));
#18715=CARTESIAN_POINT('',(236.625,-14.555,50.8));
#18716=CARTESIAN_POINT('',(181.98125,-14.555,50.8));
#18717=CARTESIAN_POINT('',(237.125,-15.055,50.8));
#18718=CARTESIAN_POINT('Origin',(236.625,-15.055,50.8));
#18719=CARTESIAN_POINT('',(237.125,-15.555,50.8));
#18720=CARTESIAN_POINT('',(237.125,-15.555,50.8));
#18721=CARTESIAN_POINT('',(239.125,-15.555,50.8));
#18722=CARTESIAN_POINT('Origin',(238.125,-15.555,50.8));
#18723=CARTESIAN_POINT('',(239.125,-15.055,50.8));
#18724=CARTESIAN_POINT('',(239.125,-15.555,50.8));
#18725=CARTESIAN_POINT('',(239.625,-14.555,50.8));
#18726=CARTESIAN_POINT('Origin',(239.625,-15.055,50.8));
#18727=CARTESIAN_POINT('',(240.125,-14.555,50.8));
#18728=CARTESIAN_POINT('',(183.85625,-14.555,50.8));
#18729=CARTESIAN_POINT('',(241.125,-15.555,50.8));
#18730=CARTESIAN_POINT('Origin',(240.125,-15.555,50.8));
#18731=CARTESIAN_POINT('',(241.125,-17.55,50.8));
#18732=CARTESIAN_POINT('',(241.125,-33.3375,50.8));
#18733=CARTESIAN_POINT('',(242.625,-19.05,50.8));
#18734=CARTESIAN_POINT('Origin',(242.625,-17.55,50.8));
#18735=CARTESIAN_POINT('',(256.175,-19.05,50.8));
#18736=CARTESIAN_POINT('',(188.2625,-19.05,50.8));
#18737=CARTESIAN_POINT('',(257.175,-20.05,50.8));
#18738=CARTESIAN_POINT('Origin',(256.175,-20.05,50.8));
#18739=CARTESIAN_POINT('',(257.175,-94.25,50.8));
#18740=CARTESIAN_POINT('',(257.175,-94.25,50.8));
#18741=CARTESIAN_POINT('',(256.175,-95.25,50.8));
#18742=CARTESIAN_POINT('Origin',(256.175,-94.25,50.8));
#18743=CARTESIAN_POINT('',(239.053125,-95.25,50.8));
#18744=CARTESIAN_POINT('',(0.,-95.25,50.8));
#18745=CARTESIAN_POINT('',(237.553125,-96.75,50.8));
#18746=CARTESIAN_POINT('Origin',(239.053125,-96.75,50.8));
#18747=CARTESIAN_POINT('',(237.553125,-98.745,50.8));
#18748=CARTESIAN_POINT('',(237.553125,-98.745,50.8));
#18749=CARTESIAN_POINT('',(236.553125,-99.745,50.8));
#18750=CARTESIAN_POINT('Origin',(236.553125,-98.745,50.8));
#18751=CARTESIAN_POINT('',(236.053125,-99.745,50.8));
#18752=CARTESIAN_POINT('',(183.0703125,-99.745,50.8));
#18753=CARTESIAN_POINT('',(235.553125,-99.245,50.8));
#18754=CARTESIAN_POINT('Origin',(236.053125,-99.245,50.8));
#18755=CARTESIAN_POINT('',(235.553125,-98.745,50.8));
#18756=CARTESIAN_POINT('',(235.553125,-98.745,50.8));
#18757=CARTESIAN_POINT('',(233.553125,-98.745,50.8));
#18758=CARTESIAN_POINT('Origin',(234.553125,-98.745,50.8));
#18759=CARTESIAN_POINT('',(233.553125,-99.245,50.8));
#18760=CARTESIAN_POINT('',(233.553125,-98.745,50.8));
#18761=CARTESIAN_POINT('',(233.053125,-99.745,50.8));
#18762=CARTESIAN_POINT('Origin',(233.053125,-99.245,50.8));
#18763=CARTESIAN_POINT('',(232.553125,-99.745,50.8));
#18764=CARTESIAN_POINT('',(181.0703125,-99.745,50.8));
#18765=CARTESIAN_POINT('',(231.553125,-98.745,50.8));
#18766=CARTESIAN_POINT('Origin',(232.553125,-98.745,50.8));
#18767=CARTESIAN_POINT('',(231.553125,-96.75,50.8));
#18768=CARTESIAN_POINT('',(231.553125,-71.4375,50.8));
#18769=CARTESIAN_POINT('',(230.053125,-95.25,50.8));
#18770=CARTESIAN_POINT('Origin',(230.053125,-96.75,50.8));
#18771=CARTESIAN_POINT('',(190.86875,-95.25,50.8));
#18772=CARTESIAN_POINT('',(0.,-95.25,50.8));
#18773=CARTESIAN_POINT('',(189.36875,-96.75,50.8));
#18774=CARTESIAN_POINT('Origin',(190.86875,-96.75,50.8));
#18775=CARTESIAN_POINT('',(189.36875,-98.745,50.8));
#18776=CARTESIAN_POINT('',(189.36875,-98.745,50.8));
#18777=CARTESIAN_POINT('',(188.36875,-99.745,50.8));
#18778=CARTESIAN_POINT('Origin',(188.36875,-98.745,50.8));
#18779=CARTESIAN_POINT('',(187.86875,-99.745,50.8));
#18780=CARTESIAN_POINT('',(158.978125,-99.745,50.8));
#18781=CARTESIAN_POINT('',(187.36875,-99.245,50.8));
#18782=CARTESIAN_POINT('Origin',(187.86875,-99.245,50.8));
#18783=CARTESIAN_POINT('',(187.36875,-98.745,50.8));
#18784=CARTESIAN_POINT('',(187.36875,-98.745,50.8));
#18785=CARTESIAN_POINT('',(185.36875,-98.745,50.8));
#18786=CARTESIAN_POINT('Origin',(186.36875,-98.745,50.8));
#18787=CARTESIAN_POINT('',(185.36875,-99.245,50.8));
#18788=CARTESIAN_POINT('',(185.36875,-98.745,50.8));
#18789=CARTESIAN_POINT('',(184.86875,-99.745,50.8));
#18790=CARTESIAN_POINT('Origin',(184.86875,-99.245,50.8));
#18791=CARTESIAN_POINT('',(184.36875,-99.745,50.8));
#18792=CARTESIAN_POINT('',(156.978125,-99.745,50.8));
#18793=CARTESIAN_POINT('',(183.36875,-98.745,50.8));
#18794=CARTESIAN_POINT('Origin',(184.36875,-98.745,50.8));
#18795=CARTESIAN_POINT('',(183.36875,-96.75,50.8));
#18796=CARTESIAN_POINT('',(183.36875,-71.4375,50.8));
#18797=CARTESIAN_POINT('',(182.316666666667,-95.3184376857006,50.8));
#18798=CARTESIAN_POINT('Origin',(181.86875,-96.75,50.8));
#18799=CARTESIAN_POINT('',(180.2125,-92.4553130571018,50.8));
#18800=CARTESIAN_POINT('Origin',(183.2125,-92.4553130571018,50.8));
#18801=CARTESIAN_POINT('',(180.2125,-75.725,50.8));
#18802=CARTESIAN_POINT('',(180.2125,-62.425,50.8));
#18803=CARTESIAN_POINT('',(179.7125,-75.225,50.8));
#18804=CARTESIAN_POINT('Origin',(179.7125,-75.725,50.8));
#18805=CARTESIAN_POINT('',(172.7125,-75.225,50.8));
#18806=CARTESIAN_POINT('',(103.275,-75.225,50.8));
#18807=CARTESIAN_POINT('',(172.2125,-75.725,50.8));
#18808=CARTESIAN_POINT('Origin',(172.7125,-75.725,50.8));
#18809=CARTESIAN_POINT('',(172.2125,-92.25,50.8));
#18810=CARTESIAN_POINT('',(172.2125,-69.425,50.8));
#18811=CARTESIAN_POINT('',(169.2125,-95.25,50.8));
#18812=CARTESIAN_POINT('Origin',(169.2125,-92.25,50.8));
#18813=CARTESIAN_POINT('',(87.9625,-95.25,50.8));
#18814=CARTESIAN_POINT('',(0.,-95.25,50.8));
#18815=CARTESIAN_POINT('',(84.9625,-92.25,50.8));
#18816=CARTESIAN_POINT('Origin',(87.9625,-92.25,50.8));
#18817=CARTESIAN_POINT('',(84.9625,-75.725,50.8));
#18818=CARTESIAN_POINT('',(84.9625,-62.425,50.8));
#18819=CARTESIAN_POINT('',(84.4625,-75.225,50.8));
#18820=CARTESIAN_POINT('Origin',(84.4625,-75.725,50.8));
#18821=CARTESIAN_POINT('',(77.4625,-75.225,50.8));
#18822=CARTESIAN_POINT('',(103.275,-75.225,50.8));
#18823=CARTESIAN_POINT('',(76.9625,-75.725,50.8));
#18824=CARTESIAN_POINT('Origin',(77.4625,-75.725,50.8));
#18825=CARTESIAN_POINT('',(76.9625,-92.4553130571018,50.8));
#18826=CARTESIAN_POINT('',(76.9625,-69.425,50.8));
#18827=CARTESIAN_POINT('',(74.8583333333333,-95.3184376857006,50.8));
#18828=CARTESIAN_POINT('Origin',(73.9625,-92.4553130571018,50.8));
#18829=CARTESIAN_POINT('',(73.80625,-96.75,50.8));
#18830=CARTESIAN_POINT('Origin',(75.30625,-96.75,50.8));
#18831=CARTESIAN_POINT('',(73.80625,-98.745,50.8));
#18832=CARTESIAN_POINT('',(73.80625,-98.745,50.8));
#18833=CARTESIAN_POINT('',(72.80625,-99.745,50.8));
#18834=CARTESIAN_POINT('Origin',(72.80625,-98.745,50.8));
#18835=CARTESIAN_POINT('',(72.30625,-99.745,50.8));
#18836=CARTESIAN_POINT('',(101.196875,-99.745,50.8));
#18837=CARTESIAN_POINT('',(71.80625,-99.245,50.8));
#18838=CARTESIAN_POINT('Origin',(72.30625,-99.245,50.8));
#18839=CARTESIAN_POINT('',(71.80625,-98.745,50.8));
#18840=CARTESIAN_POINT('',(71.80625,-98.745,50.8));
#18841=CARTESIAN_POINT('',(69.80625,-98.745,50.8));
#18842=CARTESIAN_POINT('Origin',(70.80625,-98.745,50.8));
#18843=CARTESIAN_POINT('',(69.80625,-99.245,50.8));
#18844=CARTESIAN_POINT('',(69.80625,-98.745,50.8));
#18845=CARTESIAN_POINT('',(69.30625,-99.745,50.8));
#18846=CARTESIAN_POINT('Origin',(69.30625,-99.245,50.8));
#18847=CARTESIAN_POINT('',(68.80625,-99.745,50.8));
#18848=CARTESIAN_POINT('',(99.196875,-99.745,50.8));
#18849=CARTESIAN_POINT('',(67.80625,-98.745,50.8));
#18850=CARTESIAN_POINT('Origin',(68.80625,-98.745,50.8));
#18851=CARTESIAN_POINT('',(67.80625,-96.75,50.8));
#18852=CARTESIAN_POINT('',(67.80625,-71.4375,50.8));
#18853=CARTESIAN_POINT('',(66.30625,-95.25,50.8));
#18854=CARTESIAN_POINT('Origin',(66.30625,-96.75,50.8));
#18855=CARTESIAN_POINT('',(27.121875,-95.25,50.8));
#18856=CARTESIAN_POINT('',(0.,-95.25,50.8));
#18857=CARTESIAN_POINT('',(25.621875,-96.75,50.8));
#18858=CARTESIAN_POINT('Origin',(27.121875,-96.75,50.8));
#18859=CARTESIAN_POINT('',(25.621875,-98.745,50.8));
#18860=CARTESIAN_POINT('',(25.621875,-98.745,50.8));
#18861=CARTESIAN_POINT('',(24.621875,-99.745,50.8));
#18862=CARTESIAN_POINT('Origin',(24.621875,-98.745,50.8));
#18863=CARTESIAN_POINT('',(77.1046875,-99.745,50.8));
#18864=CARTESIAN_POINT('',(150.1625,-92.225,50.8));
#18865=CARTESIAN_POINT('',(150.1625,-79.225,50.8));
#18866=CARTESIAN_POINT('',(150.1625,-79.225,50.8));
#18867=CARTESIAN_POINT('',(150.6625,-92.725,50.8));
#18868=CARTESIAN_POINT('Origin',(150.6625,-92.225,50.8));
#18869=CARTESIAN_POINT('',(163.6625,-92.725,50.8));
#18870=CARTESIAN_POINT('',(150.6625,-92.725,50.8));
#18871=CARTESIAN_POINT('',(164.1625,-92.225,50.8));
#18872=CARTESIAN_POINT('Origin',(163.6625,-92.225,50.8));
#18873=CARTESIAN_POINT('',(164.1625,-79.225,50.8));
#18874=CARTESIAN_POINT('',(164.1625,-79.225,50.8));
#18875=CARTESIAN_POINT('',(163.6625,-78.725,50.8));
#18876=CARTESIAN_POINT('Origin',(163.6625,-79.225,50.8));
#18877=CARTESIAN_POINT('',(150.6625,-78.725,50.8));
#18878=CARTESIAN_POINT('',(150.6625,-78.725,50.8));
#18879=CARTESIAN_POINT('Origin',(150.6625,-79.225,50.8));
#18880=CARTESIAN_POINT('',(93.0125,-92.225,50.8));
#18881=CARTESIAN_POINT('',(93.0125,-79.225,50.8));
#18882=CARTESIAN_POINT('',(93.0125,-79.225,50.8));
#18883=CARTESIAN_POINT('',(93.5125,-92.725,50.8));
#18884=CARTESIAN_POINT('Origin',(93.5125,-92.225,50.8));
#18885=CARTESIAN_POINT('',(106.5125,-92.725,50.8));
#18886=CARTESIAN_POINT('',(93.5125,-92.725,50.8));
#18887=CARTESIAN_POINT('',(107.0125,-92.225,50.8));
#18888=CARTESIAN_POINT('Origin',(106.5125,-92.225,50.8));
#18889=CARTESIAN_POINT('',(107.0125,-79.225,50.8));
#18890=CARTESIAN_POINT('',(107.0125,-79.225,50.8));
#18891=CARTESIAN_POINT('',(106.5125,-78.725,50.8));
#18892=CARTESIAN_POINT('Origin',(106.5125,-79.225,50.8));
#18893=CARTESIAN_POINT('',(93.5125,-78.725,50.8));
#18894=CARTESIAN_POINT('',(93.5125,-78.725,50.8));
#18895=CARTESIAN_POINT('Origin',(93.5125,-79.225,50.8));
#18896=CARTESIAN_POINT('',(235.551663512358,-95.2470663537817,50.8));
#18897=CARTESIAN_POINT('',(233.551672056161,-95.2529123043477,50.8));
#18898=CARTESIAN_POINT('',(181.13964173158,-95.4061120279723,50.8));
#18899=CARTESIAN_POINT('',(233.554595031444,-96.2529080324464,50.8));
#18900=CARTESIAN_POINT('Origin',(233.553133543803,-95.752910168397,50.8));
#18901=CARTESIAN_POINT('',(235.554586487641,-96.2470620818804,50.8));
#18902=CARTESIAN_POINT('',(182.142560434962,-96.4031847807879,50.8));
#18903=CARTESIAN_POINT('Origin',(235.553125,-95.7470642178311,50.8));
#18904=CARTESIAN_POINT('',(187.367433672529,-95.2473586683808,50.8));
#18905=CARTESIAN_POINT('',(185.367440592987,-95.2526240204398,50.8));
#18906=CARTESIAN_POINT('',(157.040360901349,-95.3272003021807,50.8));
#18907=CARTESIAN_POINT('',(185.370073269003,-96.2526205549423,50.8));
#18908=CARTESIAN_POINT('Origin',(185.368756930995,-95.7526222876911,50.8));
#18909=CARTESIAN_POINT('',(187.370066338008,-96.2473552029111,50.8));
#18910=CARTESIAN_POINT('',(158.042990111867,-96.3245641606675,50.8));
#18911=CARTESIAN_POINT('Origin',(187.36875,-95.7473569356598,50.8));
#18912=CARTESIAN_POINT('',(207.025,-79.225,50.8));
#18913=CARTESIAN_POINT('',(207.025,-92.225,50.8));
#18914=CARTESIAN_POINT('',(207.025,-79.225,50.8));
#18915=CARTESIAN_POINT('',(206.525,-78.725,50.8));
#18916=CARTESIAN_POINT('Origin',(206.525,-79.225,50.8));
#18917=CARTESIAN_POINT('',(193.525,-78.725,50.8));
#18918=CARTESIAN_POINT('',(193.525,-78.725,50.8));
#18919=CARTESIAN_POINT('',(193.025,-79.225,50.8));
#18920=CARTESIAN_POINT('Origin',(193.525,-79.225,50.8));
#18921=CARTESIAN_POINT('',(193.025,-92.225,50.8));
#18922=CARTESIAN_POINT('',(193.025,-79.225,50.8));
#18923=CARTESIAN_POINT('',(193.525,-92.725,50.8));
#18924=CARTESIAN_POINT('Origin',(193.525,-92.225,50.8));
#18925=CARTESIAN_POINT('',(206.525,-92.725,50.8));
#18926=CARTESIAN_POINT('',(193.525,-92.725,50.8));
#18927=CARTESIAN_POINT('Origin',(206.525,-92.225,50.8));
#18928=CARTESIAN_POINT('',(230.8375,-79.225,50.8));
#18929=CARTESIAN_POINT('',(230.8375,-92.225,50.8));
#18930=CARTESIAN_POINT('',(230.8375,-79.225,50.8));
#18931=CARTESIAN_POINT('',(230.3375,-78.725,50.8));
#18932=CARTESIAN_POINT('Origin',(230.3375,-79.225,50.8));
#18933=CARTESIAN_POINT('',(217.3375,-78.725,50.8));
#18934=CARTESIAN_POINT('',(217.3375,-78.725,50.8));
#18935=CARTESIAN_POINT('',(216.8375,-79.225,50.8));
#18936=CARTESIAN_POINT('Origin',(217.3375,-79.225,50.8));
#18937=CARTESIAN_POINT('',(216.8375,-92.225,50.8));
#18938=CARTESIAN_POINT('',(216.8375,-79.225,50.8));
#18939=CARTESIAN_POINT('',(217.3375,-92.725,50.8));
#18940=CARTESIAN_POINT('Origin',(217.3375,-92.225,50.8));
#18941=CARTESIAN_POINT('',(230.3375,-92.725,50.8));
#18942=CARTESIAN_POINT('',(217.3375,-92.725,50.8));
#18943=CARTESIAN_POINT('Origin',(230.3375,-92.225,50.8));
#18944=CARTESIAN_POINT('',(252.26875,-79.225,50.8));
#18945=CARTESIAN_POINT('',(252.26875,-92.225,50.8));
#18946=CARTESIAN_POINT('',(252.26875,-79.225,50.8));
#18947=CARTESIAN_POINT('',(251.76875,-78.725,50.8));
#18948=CARTESIAN_POINT('Origin',(251.76875,-79.225,50.8));
#18949=CARTESIAN_POINT('',(238.76875,-78.725,50.8));
#18950=CARTESIAN_POINT('',(238.76875,-78.725,50.8));
#18951=CARTESIAN_POINT('',(238.26875,-79.225,50.8));
#18952=CARTESIAN_POINT('Origin',(238.76875,-79.225,50.8));
#18953=CARTESIAN_POINT('',(238.26875,-92.225,50.8));
#18954=CARTESIAN_POINT('',(238.26875,-79.225,50.8));
#18955=CARTESIAN_POINT('',(238.76875,-92.725,50.8));
#18956=CARTESIAN_POINT('Origin',(238.76875,-92.225,50.8));
#18957=CARTESIAN_POINT('',(251.76875,-92.725,50.8));
#18958=CARTESIAN_POINT('',(238.76875,-92.725,50.8));
#18959=CARTESIAN_POINT('Origin',(251.76875,-92.225,50.8));
#18960=CARTESIAN_POINT('',(115.0625,-75.725,50.8));
#18961=CARTESIAN_POINT('',(115.0625,-92.225,50.8));
#18962=CARTESIAN_POINT('',(115.0625,-69.425,50.8));
#18963=CARTESIAN_POINT('',(115.5625,-92.7250034332275,50.8));
#18964=CARTESIAN_POINT('Origin',(115.5625,-92.225,50.8));
#18965=CARTESIAN_POINT('',(141.6125,-92.7250034332275,50.8));
#18966=CARTESIAN_POINT('',(134.85,-92.7250034332275,50.8));
#18967=CARTESIAN_POINT('',(142.1125,-92.225,50.8));
#18968=CARTESIAN_POINT('Origin',(141.6125,-92.225,50.8));
#18969=CARTESIAN_POINT('',(142.1125,-75.725,50.8));
#18970=CARTESIAN_POINT('',(142.1125,-62.425,50.8));
#18971=CARTESIAN_POINT('',(141.6125,-75.225,50.8));
#18972=CARTESIAN_POINT('Origin',(141.6125,-75.725,50.8));
#18973=CARTESIAN_POINT('',(134.6125,-75.225,50.8));
#18974=CARTESIAN_POINT('',(103.275,-75.225,50.8));
#18975=CARTESIAN_POINT('',(134.1125,-75.725,50.8));
#18976=CARTESIAN_POINT('Origin',(134.6125,-75.725,50.8));
#18977=CARTESIAN_POINT('',(134.1125,-78.325,50.8));
#18978=CARTESIAN_POINT('',(134.1125,-62.975,50.8));
#18979=CARTESIAN_POINT('',(133.7125,-78.725,50.8));
#18980=CARTESIAN_POINT('Origin',(133.7125,-78.325,50.8));
#18981=CARTESIAN_POINT('',(123.4625,-78.725,50.8));
#18982=CARTESIAN_POINT('',(122.9625,-78.725,50.8));
#18983=CARTESIAN_POINT('',(123.0625,-78.325,50.8));
#18984=CARTESIAN_POINT('Origin',(123.4625,-78.325,50.8));
#18985=CARTESIAN_POINT('',(123.0625,-75.725,50.8));
#18986=CARTESIAN_POINT('',(123.0625,-62.425,50.8));
#18987=CARTESIAN_POINT('',(122.5625,-75.225,50.8));
#18988=CARTESIAN_POINT('Origin',(122.5625,-75.725,50.8));
#18989=CARTESIAN_POINT('',(115.5625,-75.225,50.8));
#18990=CARTESIAN_POINT('',(103.275,-75.225,50.8));
#18991=CARTESIAN_POINT('Origin',(115.5625,-75.725,50.8));
#18992=CARTESIAN_POINT('',(10.112,-76.175,50.8));
#18993=CARTESIAN_POINT('',(3.112,-76.175,50.8));
#18994=CARTESIAN_POINT('',(69.34975,-76.175,50.8));
#18995=CARTESIAN_POINT('',(10.612,-75.675,50.8));
#18996=CARTESIAN_POINT('Origin',(10.112,-75.675,50.8));
#18997=CARTESIAN_POINT('',(10.612,-74.175,50.8));
#18998=CARTESIAN_POINT('',(10.612,-72.175,50.8));
#18999=CARTESIAN_POINT('',(11.112,-73.675,50.8));
#19000=CARTESIAN_POINT('Origin',(11.112,-74.175,50.8));
#19001=CARTESIAN_POINT('',(26.988,-73.675,50.8));
#19002=CARTESIAN_POINT('',(77.31875,-73.675,50.8));
#19003=CARTESIAN_POINT('',(27.488,-74.175,50.8));
#19004=CARTESIAN_POINT('Origin',(26.988,-74.175,50.8));
#19005=CARTESIAN_POINT('',(27.488,-75.675,50.8));
#19006=CARTESIAN_POINT('',(27.488,-72.175,50.8));
#19007=CARTESIAN_POINT('',(27.988,-76.175,50.8));
#19008=CARTESIAN_POINT('Origin',(27.988,-75.675,50.8));
#19009=CARTESIAN_POINT('',(34.988,-76.175,50.8));
#19010=CARTESIAN_POINT('',(69.34975,-76.175,50.8));
#19011=CARTESIAN_POINT('',(35.488,-75.675,50.8));
#19012=CARTESIAN_POINT('Origin',(34.988,-75.675,50.8));
#19013=CARTESIAN_POINT('',(35.488,-57.675,50.8));
#19014=CARTESIAN_POINT('',(35.488,-52.9,50.8));
#19015=CARTESIAN_POINT('',(34.988,-57.175,50.8));
#19016=CARTESIAN_POINT('Origin',(34.988,-57.675,50.8));
#19017=CARTESIAN_POINT('',(27.988,-57.175,50.8));
#19018=CARTESIAN_POINT('',(66.34975,-57.175,50.8));
#19019=CARTESIAN_POINT('',(27.488,-57.675,50.8));
#19020=CARTESIAN_POINT('Origin',(27.988,-57.675,50.8));
#19021=CARTESIAN_POINT('',(27.488,-59.175,50.8));
#19022=CARTESIAN_POINT('',(27.488,-72.175,50.8));
#19023=CARTESIAN_POINT('',(26.988,-59.675,50.8));
#19024=CARTESIAN_POINT('Origin',(26.988,-59.175,50.8));
#19025=CARTESIAN_POINT('',(11.112,-59.675,50.8));
#19026=CARTESIAN_POINT('',(70.31875,-59.675,50.8));
#19027=CARTESIAN_POINT('',(10.612,-59.175,50.8));
#19028=CARTESIAN_POINT('Origin',(11.112,-59.175,50.8));
#19029=CARTESIAN_POINT('',(10.612,-57.675,50.8));
#19030=CARTESIAN_POINT('',(10.612,-72.175,50.8));
#19031=CARTESIAN_POINT('',(10.112,-57.175,50.8));
#19032=CARTESIAN_POINT('Origin',(10.112,-57.675,50.8));
#19033=CARTESIAN_POINT('',(3.11199999999999,-57.175,50.8));
#19034=CARTESIAN_POINT('',(66.34975,-57.175,50.8));
#19035=CARTESIAN_POINT('',(2.61200000000001,-57.675,50.8));
#19036=CARTESIAN_POINT('Origin',(3.112,-57.675,50.8));
#19037=CARTESIAN_POINT('',(2.61200000000001,-75.675,50.8));
#19038=CARTESIAN_POINT('',(2.61200000000001,-59.9,50.8));
#19039=CARTESIAN_POINT('Origin',(3.112,-75.675,50.8));
#19040=CARTESIAN_POINT('',(40.625,-73.175,50.8));
#19041=CARTESIAN_POINT('',(40.625,-60.175,50.8));
#19042=CARTESIAN_POINT('',(40.625,-60.175,50.8));
#19043=CARTESIAN_POINT('',(41.125,-73.675,50.8));
#19044=CARTESIAN_POINT('Origin',(41.125,-73.175,50.8));
#19045=CARTESIAN_POINT('',(54.125,-73.675,50.8));
#19046=CARTESIAN_POINT('',(41.125,-73.675,50.8));
#19047=CARTESIAN_POINT('',(54.625,-73.175,50.8));
#19048=CARTESIAN_POINT('Origin',(54.125,-73.175,50.8));
#19049=CARTESIAN_POINT('',(54.625,-60.175,50.8));
#19050=CARTESIAN_POINT('',(54.625,-60.175,50.8));
#19051=CARTESIAN_POINT('',(54.125,-59.675,50.8));
#19052=CARTESIAN_POINT('Origin',(54.125,-60.175,50.8));
#19053=CARTESIAN_POINT('',(41.125,-59.675,50.8));
#19054=CARTESIAN_POINT('',(41.125,-59.675,50.8));
#19055=CARTESIAN_POINT('Origin',(41.125,-60.175,50.8));
#19056=CARTESIAN_POINT('',(23.6202624616478,-95.2467619310118,50.8));
#19057=CARTESIAN_POINT('',(21.6202728627946,-95.2532120844204,50.8));
#19058=CARTESIAN_POINT('',(75.1801320611432,-95.0804765319085,50.8));
#19059=CARTESIAN_POINT('',(21.6234979394989,-96.253206883847,50.8));
#19060=CARTESIAN_POINT('Origin',(21.6218854011468,-95.7532094841337,50.8));
#19061=CARTESIAN_POINT('',(23.6234875383521,-96.2467567304383,50.8));
#19062=CARTESIAN_POINT('',(76.1833519372739,-96.0772462546312,50.8));
#19063=CARTESIAN_POINT('Origin',(23.621875,-95.746759330725,50.8));
#19064=CARTESIAN_POINT('',(239.125,-18.05,50.8));
#19065=CARTESIAN_POINT('',(237.125,-18.05,50.8));
#19066=CARTESIAN_POINT('',(182.85625,-18.05,50.8));
#19067=CARTESIAN_POINT('',(237.125,-19.05,50.8));
#19068=CARTESIAN_POINT('Origin',(237.125,-18.55,50.8));
#19069=CARTESIAN_POINT('',(239.125,-19.05,50.8));
#19070=CARTESIAN_POINT('',(183.85625,-19.05,50.8));
#19071=CARTESIAN_POINT('Origin',(239.125,-18.55,50.8));
#19072=CARTESIAN_POINT('',(71.8048708999067,-95.2472322986941,50.8));
#19073=CARTESIAN_POINT('',(69.8048785075894,-95.2527486990673,50.8));
#19074=CARTESIAN_POINT('',(99.2616488372789,-95.1715007205915,50.8));
#19075=CARTESIAN_POINT('',(69.8076367077761,-96.2527448952259,50.8));
#19076=CARTESIAN_POINT('Origin',(69.8062576076827,-95.7527467971466,50.8));
#19077=CARTESIAN_POINT('',(71.8076291000933,-96.2472284948526,50.8));
#19078=CARTESIAN_POINT('',(100.264403233624,-96.1687387165632,50.8));
#19079=CARTESIAN_POINT('Origin',(71.80625,-95.7472303967733,50.8));
#19080=CARTESIAN_POINT('',(160.925,-19.05,50.8));
#19081=CARTESIAN_POINT('',(162.925,-19.05,50.8));
#19082=CARTESIAN_POINT('',(145.75625,-19.05,50.8));
#19083=CARTESIAN_POINT('',(162.925,-18.05,50.8));
#19084=CARTESIAN_POINT('Origin',(162.925,-18.55,50.8));
#19085=CARTESIAN_POINT('',(160.925,-18.05,50.8));
#19086=CARTESIAN_POINT('',(144.75625,-18.05,50.8));
#19087=CARTESIAN_POINT('Origin',(160.925,-18.55,50.8));
#19088=CARTESIAN_POINT('',(18.05,1.,50.8));
#19089=CARTESIAN_POINT('',(18.05,4.16333634234434E-16,50.8));
#19090=CARTESIAN_POINT('Origin',(18.05,0.5,50.8));
#19091=CARTESIAN_POINT('',(20.05,4.85722573273506E-16,50.8));
#19092=CARTESIAN_POINT('',(74.31875,0.,50.8));
#19093=CARTESIAN_POINT('',(20.05,1.,50.8));
#19094=CARTESIAN_POINT('Origin',(20.05,0.500000000000001,50.8));
#19095=CARTESIAN_POINT('',(73.31875,0.999999999999992,50.8));
#19096=CARTESIAN_POINT('',(94.25,1.,50.8));
#19097=CARTESIAN_POINT('',(94.25,4.16333634234434E-16,50.8));
#19098=CARTESIAN_POINT('Origin',(94.25,0.5,50.8));
#19099=CARTESIAN_POINT('',(96.25,4.85722573273506E-16,50.8));
#19100=CARTESIAN_POINT('',(112.41875,0.,50.8));
#19101=CARTESIAN_POINT('',(96.25,1.,50.8));
#19102=CARTESIAN_POINT('Origin',(96.25,0.500000000000001,50.8));
#19103=CARTESIAN_POINT('',(111.41875,0.999999999999996,50.8));
#19104=CARTESIAN_POINT('',(107.3,-22.075,50.8));
#19105=CARTESIAN_POINT('',(107.8,-21.575,50.8));
#19106=CARTESIAN_POINT('Origin',(107.8,-22.075,50.8));
#19107=CARTESIAN_POINT('',(107.3,-35.075,50.8));
#19108=CARTESIAN_POINT('',(107.3,-22.075,50.8));
#19109=CARTESIAN_POINT('',(107.8,-35.575,50.8));
#19110=CARTESIAN_POINT('Origin',(107.8,-35.075,50.8));
#19111=CARTESIAN_POINT('',(120.8,-35.575,50.8));
#19112=CARTESIAN_POINT('',(107.8,-35.575,50.8));
#19113=CARTESIAN_POINT('',(121.3,-35.075,50.8));
#19114=CARTESIAN_POINT('Origin',(120.8,-35.075,50.8));
#19115=CARTESIAN_POINT('',(121.3,-22.075,50.8));
#19116=CARTESIAN_POINT('',(121.3,-22.075,50.8));
#19117=CARTESIAN_POINT('',(120.8,-21.575,50.8));
#19118=CARTESIAN_POINT('Origin',(120.8,-22.075,50.8));
#19119=CARTESIAN_POINT('',(107.8,-21.575,50.8));
#19120=CARTESIAN_POINT('',(126.35,-22.075,50.8));
#19121=CARTESIAN_POINT('',(126.85,-21.575,50.8));
#19122=CARTESIAN_POINT('Origin',(126.85,-22.075,50.8));
#19123=CARTESIAN_POINT('',(126.35,-35.075,50.8));
#19124=CARTESIAN_POINT('',(126.35,-22.075,50.8));
#19125=CARTESIAN_POINT('',(126.85,-35.575,50.8));
#19126=CARTESIAN_POINT('Origin',(126.85,-35.075,50.8));
#19127=CARTESIAN_POINT('',(139.85,-35.575,50.8));
#19128=CARTESIAN_POINT('',(126.85,-35.575,50.8));
#19129=CARTESIAN_POINT('',(140.35,-35.075,50.8));
#19130=CARTESIAN_POINT('Origin',(139.85,-35.075,50.8));
#19131=CARTESIAN_POINT('',(140.35,-22.075,50.8));
#19132=CARTESIAN_POINT('',(140.35,-22.075,50.8));
#19133=CARTESIAN_POINT('',(139.85,-21.575,50.8));
#19134=CARTESIAN_POINT('Origin',(139.85,-22.075,50.8));
#19135=CARTESIAN_POINT('',(126.85,-21.575,50.8));
#19136=CARTESIAN_POINT('',(145.4,-22.075,50.8));
#19137=CARTESIAN_POINT('',(145.9,-21.575,50.8));
#19138=CARTESIAN_POINT('Origin',(145.9,-22.075,50.8));
#19139=CARTESIAN_POINT('',(145.4,-35.075,50.8));
#19140=CARTESIAN_POINT('',(145.4,-22.075,50.8));
#19141=CARTESIAN_POINT('',(145.9,-35.575,50.8));
#19142=CARTESIAN_POINT('Origin',(145.9,-35.075,50.8));
#19143=CARTESIAN_POINT('',(158.9,-35.575,50.8));
#19144=CARTESIAN_POINT('',(145.9,-35.575,50.8));
#19145=CARTESIAN_POINT('',(159.4,-35.075,50.8));
#19146=CARTESIAN_POINT('Origin',(158.9,-35.075,50.8));
#19147=CARTESIAN_POINT('',(159.4,-22.075,50.8));
#19148=CARTESIAN_POINT('',(159.4,-22.075,50.8));
#19149=CARTESIAN_POINT('',(158.9,-21.575,50.8));
#19150=CARTESIAN_POINT('Origin',(158.9,-22.075,50.8));
#19151=CARTESIAN_POINT('',(145.9,-21.575,50.8));
#19152=CARTESIAN_POINT('',(164.45,-22.075,50.8));
#19153=CARTESIAN_POINT('',(164.95,-21.575,50.8));
#19154=CARTESIAN_POINT('Origin',(164.95,-22.075,50.8));
#19155=CARTESIAN_POINT('',(164.45,-35.075,50.8));
#19156=CARTESIAN_POINT('',(164.45,-22.075,50.8));
#19157=CARTESIAN_POINT('',(164.95,-35.575,50.8));
#19158=CARTESIAN_POINT('Origin',(164.95,-35.075,50.8));
#19159=CARTESIAN_POINT('',(177.95,-35.575,50.8));
#19160=CARTESIAN_POINT('',(164.95,-35.575,50.8));
#19161=CARTESIAN_POINT('',(178.45,-35.075,50.8));
#19162=CARTESIAN_POINT('Origin',(177.95,-35.075,50.8));
#19163=CARTESIAN_POINT('',(178.45,-22.075,50.8));
#19164=CARTESIAN_POINT('',(178.45,-22.075,50.8));
#19165=CARTESIAN_POINT('',(177.95,-21.575,50.8));
#19166=CARTESIAN_POINT('Origin',(177.95,-22.075,50.8));
#19167=CARTESIAN_POINT('',(164.95,-21.575,50.8));
#19168=CARTESIAN_POINT('',(183.5,-22.075,50.8));
#19169=CARTESIAN_POINT('',(184.,-21.575,50.8));
#19170=CARTESIAN_POINT('Origin',(184.,-22.075,50.8));
#19171=CARTESIAN_POINT('',(183.5,-35.075,50.8));
#19172=CARTESIAN_POINT('',(183.5,-22.075,50.8));
#19173=CARTESIAN_POINT('',(184.,-35.575,50.8));
#19174=CARTESIAN_POINT('Origin',(184.,-35.075,50.8));
#19175=CARTESIAN_POINT('',(197.,-35.575,50.8));
#19176=CARTESIAN_POINT('',(184.,-35.575,50.8));
#19177=CARTESIAN_POINT('',(197.5,-35.075,50.8));
#19178=CARTESIAN_POINT('Origin',(197.,-35.075,50.8));
#19179=CARTESIAN_POINT('',(197.5,-22.075,50.8));
#19180=CARTESIAN_POINT('',(197.5,-22.075,50.8));
#19181=CARTESIAN_POINT('',(197.,-21.575,50.8));
#19182=CARTESIAN_POINT('Origin',(197.,-22.075,50.8));
#19183=CARTESIAN_POINT('',(184.,-21.575,50.8));
#19184=CARTESIAN_POINT('',(202.55,-22.075,50.8));
#19185=CARTESIAN_POINT('',(203.05,-21.575,50.8));
#19186=CARTESIAN_POINT('Origin',(203.05,-22.075,50.8));
#19187=CARTESIAN_POINT('',(202.55,-35.075,50.8));
#19188=CARTESIAN_POINT('',(202.55,-22.075,50.8));
#19189=CARTESIAN_POINT('',(203.05,-35.575,50.8));
#19190=CARTESIAN_POINT('Origin',(203.05,-35.075,50.8));
#19191=CARTESIAN_POINT('',(216.05,-35.575,50.8));
#19192=CARTESIAN_POINT('',(203.05,-35.575,50.8));
#19193=CARTESIAN_POINT('',(216.55,-35.075,50.8));
#19194=CARTESIAN_POINT('Origin',(216.05,-35.075,50.8));
#19195=CARTESIAN_POINT('',(216.55,-22.075,50.8));
#19196=CARTESIAN_POINT('',(216.55,-22.075,50.8));
#19197=CARTESIAN_POINT('',(216.05,-21.575,50.8));
#19198=CARTESIAN_POINT('Origin',(216.05,-22.075,50.8));
#19199=CARTESIAN_POINT('',(203.05,-21.575,50.8));
#19200=CARTESIAN_POINT('',(221.6,-22.075,50.8));
#19201=CARTESIAN_POINT('',(222.1,-21.575,50.8));
#19202=CARTESIAN_POINT('Origin',(222.1,-22.075,50.8));
#19203=CARTESIAN_POINT('',(221.6,-35.075,50.8));
#19204=CARTESIAN_POINT('',(221.6,-22.075,50.8));
#19205=CARTESIAN_POINT('',(222.1,-35.575,50.8));
#19206=CARTESIAN_POINT('Origin',(222.1,-35.075,50.8));
#19207=CARTESIAN_POINT('',(235.1,-35.575,50.8));
#19208=CARTESIAN_POINT('',(222.1,-35.575,50.8));
#19209=CARTESIAN_POINT('',(235.6,-35.075,50.8));
#19210=CARTESIAN_POINT('Origin',(235.1,-35.075,50.8));
#19211=CARTESIAN_POINT('',(235.6,-22.075,50.8));
#19212=CARTESIAN_POINT('',(235.6,-22.075,50.8));
#19213=CARTESIAN_POINT('',(235.1,-21.575,50.8));
#19214=CARTESIAN_POINT('Origin',(235.1,-22.075,50.8));
#19215=CARTESIAN_POINT('',(222.1,-21.575,50.8));
#19216=CARTESIAN_POINT('',(240.65,-22.075,50.8));
#19217=CARTESIAN_POINT('',(241.15,-21.575,50.8));
#19218=CARTESIAN_POINT('Origin',(241.15,-22.075,50.8));
#19219=CARTESIAN_POINT('',(240.65,-35.075,50.8));
#19220=CARTESIAN_POINT('',(240.65,-22.075,50.8));
#19221=CARTESIAN_POINT('',(241.15,-35.575,50.8));
#19222=CARTESIAN_POINT('Origin',(241.15,-35.075,50.8));
#19223=CARTESIAN_POINT('',(254.15,-35.575,50.8));
#19224=CARTESIAN_POINT('',(241.15,-35.575,50.8));
#19225=CARTESIAN_POINT('',(254.65,-35.075,50.8));
#19226=CARTESIAN_POINT('Origin',(254.15,-35.075,50.8));
#19227=CARTESIAN_POINT('',(254.65,-22.075,50.8));
#19228=CARTESIAN_POINT('',(254.65,-22.075,50.8));
#19229=CARTESIAN_POINT('',(254.15,-21.575,50.8));
#19230=CARTESIAN_POINT('Origin',(254.15,-22.075,50.8));
#19231=CARTESIAN_POINT('',(241.15,-21.575,50.8));
#19232=CARTESIAN_POINT('',(4.90625,-41.125,50.8));
#19233=CARTESIAN_POINT('',(5.40625,-40.625,50.8));
#19234=CARTESIAN_POINT('Origin',(5.40625,-41.125,50.8));
#19235=CARTESIAN_POINT('',(4.90625,-54.125,50.8));
#19236=CARTESIAN_POINT('',(4.90625,-41.125,50.8));
#19237=CARTESIAN_POINT('',(5.40625,-54.625,50.8));
#19238=CARTESIAN_POINT('Origin',(5.40625,-54.125,50.8));
#19239=CARTESIAN_POINT('',(23.16875,-54.625,50.8));
#19240=CARTESIAN_POINT('',(5.40625,-54.625,50.8));
#19241=CARTESIAN_POINT('',(23.66875,-54.125,50.8));
#19242=CARTESIAN_POINT('Origin',(23.16875,-54.125,50.8));
#19243=CARTESIAN_POINT('',(23.66875,-41.125,50.8));
#19244=CARTESIAN_POINT('',(23.66875,-41.125,50.8));
#19245=CARTESIAN_POINT('',(23.16875,-40.625,50.8));
#19246=CARTESIAN_POINT('Origin',(23.16875,-41.125,50.8));
#19247=CARTESIAN_POINT('',(5.40625,-40.625,50.8));
#19248=CARTESIAN_POINT('',(35.8625,-41.125,50.8));
#19249=CARTESIAN_POINT('',(36.3625,-40.625,50.8));
#19250=CARTESIAN_POINT('Origin',(36.3625,-41.125,50.8));
#19251=CARTESIAN_POINT('',(35.8625,-54.125,50.8));
#19252=CARTESIAN_POINT('',(35.8625,-41.125,50.8));
#19253=CARTESIAN_POINT('',(36.3625,-54.625,50.8));
#19254=CARTESIAN_POINT('Origin',(36.3625,-54.125,50.8));
#19255=CARTESIAN_POINT('',(49.3625,-54.625,50.8));
#19256=CARTESIAN_POINT('',(36.3625,-54.625,50.8));
#19257=CARTESIAN_POINT('',(49.8625,-54.125,50.8));
#19258=CARTESIAN_POINT('Origin',(49.3625,-54.125,50.8));
#19259=CARTESIAN_POINT('',(49.8625,-41.125,50.8));
#19260=CARTESIAN_POINT('',(49.8625,-41.125,50.8));
#19261=CARTESIAN_POINT('',(49.3625,-40.625,50.8));
#19262=CARTESIAN_POINT('Origin',(49.3625,-41.125,50.8));
#19263=CARTESIAN_POINT('',(36.3625,-40.625,50.8));
#19264=CARTESIAN_POINT('',(54.9125,-41.125,50.8));
#19265=CARTESIAN_POINT('',(55.4125,-40.625,50.8));
#19266=CARTESIAN_POINT('Origin',(55.4125,-41.125,50.8));
#19267=CARTESIAN_POINT('',(54.9125,-54.125,50.8));
#19268=CARTESIAN_POINT('',(54.9125,-41.125,50.8));
#19269=CARTESIAN_POINT('',(55.4125,-54.625,50.8));
#19270=CARTESIAN_POINT('Origin',(55.4125,-54.125,50.8));
#19271=CARTESIAN_POINT('',(68.4125,-54.625,50.8));
#19272=CARTESIAN_POINT('',(55.4125,-54.625,50.8));
#19273=CARTESIAN_POINT('',(68.9125,-54.125,50.8));
#19274=CARTESIAN_POINT('Origin',(68.4125,-54.125,50.8));
#19275=CARTESIAN_POINT('',(68.9125,-41.125,50.8));
#19276=CARTESIAN_POINT('',(68.9125,-41.125,50.8));
#19277=CARTESIAN_POINT('',(68.4125,-40.625,50.8));
#19278=CARTESIAN_POINT('Origin',(68.4125,-41.125,50.8));
#19279=CARTESIAN_POINT('',(55.4125,-40.625,50.8));
#19280=CARTESIAN_POINT('',(73.9625,-41.125,50.8));
#19281=CARTESIAN_POINT('',(74.4625,-40.625,50.8));
#19282=CARTESIAN_POINT('Origin',(74.4625,-41.125,50.8));
#19283=CARTESIAN_POINT('',(73.9625,-54.125,50.8));
#19284=CARTESIAN_POINT('',(73.9625,-41.125,50.8));
#19285=CARTESIAN_POINT('',(74.4625,-54.625,50.8));
#19286=CARTESIAN_POINT('Origin',(74.4625,-54.125,50.8));
#19287=CARTESIAN_POINT('',(87.4625,-54.625,50.8));
#19288=CARTESIAN_POINT('',(74.4625,-54.625,50.8));
#19289=CARTESIAN_POINT('',(87.9625,-54.125,50.8));
#19290=CARTESIAN_POINT('Origin',(87.4625,-54.125,50.8));
#19291=CARTESIAN_POINT('',(87.9625,-41.125,50.8));
#19292=CARTESIAN_POINT('',(87.9625,-41.125,50.8));
#19293=CARTESIAN_POINT('',(87.4625,-40.625,50.8));
#19294=CARTESIAN_POINT('Origin',(87.4625,-41.125,50.8));
#19295=CARTESIAN_POINT('',(74.4625,-40.625,50.8));
#19296=CARTESIAN_POINT('',(93.0125,-41.125,50.8));
#19297=CARTESIAN_POINT('',(93.5125,-40.625,50.8));
#19298=CARTESIAN_POINT('Origin',(93.5125,-41.125,50.8));
#19299=CARTESIAN_POINT('',(93.0125,-54.125,50.8));
#19300=CARTESIAN_POINT('',(93.0125,-41.125,50.8));
#19301=CARTESIAN_POINT('',(93.5125,-54.625,50.8));
#19302=CARTESIAN_POINT('Origin',(93.5125,-54.125,50.8));
#19303=CARTESIAN_POINT('',(106.5125,-54.625,50.8));
#19304=CARTESIAN_POINT('',(93.5125,-54.625,50.8));
#19305=CARTESIAN_POINT('',(107.0125,-54.125,50.8));
#19306=CARTESIAN_POINT('Origin',(106.5125,-54.125,50.8));
#19307=CARTESIAN_POINT('',(107.0125,-41.125,50.8));
#19308=CARTESIAN_POINT('',(107.0125,-41.125,50.8));
#19309=CARTESIAN_POINT('',(106.5125,-40.625,50.8));
#19310=CARTESIAN_POINT('Origin',(106.5125,-41.125,50.8));
#19311=CARTESIAN_POINT('',(93.5125,-40.625,50.8));
#19312=CARTESIAN_POINT('',(112.0625,-41.125,50.8));
#19313=CARTESIAN_POINT('',(112.5625,-40.625,50.8));
#19314=CARTESIAN_POINT('Origin',(112.5625,-41.125,50.8));
#19315=CARTESIAN_POINT('',(112.0625,-54.125,50.8));
#19316=CARTESIAN_POINT('',(112.0625,-41.125,50.8));
#19317=CARTESIAN_POINT('',(112.5625,-54.625,50.8));
#19318=CARTESIAN_POINT('Origin',(112.5625,-54.125,50.8));
#19319=CARTESIAN_POINT('',(125.5625,-54.625,50.8));
#19320=CARTESIAN_POINT('',(112.5625,-54.625,50.8));
#19321=CARTESIAN_POINT('',(126.0625,-54.125,50.8));
#19322=CARTESIAN_POINT('Origin',(125.5625,-54.125,50.8));
#19323=CARTESIAN_POINT('',(126.0625,-41.125,50.8));
#19324=CARTESIAN_POINT('',(126.0625,-41.125,50.8));
#19325=CARTESIAN_POINT('',(125.5625,-40.625,50.8));
#19326=CARTESIAN_POINT('Origin',(125.5625,-41.125,50.8));
#19327=CARTESIAN_POINT('',(112.5625,-40.625,50.8));
#19328=CARTESIAN_POINT('',(131.1125,-41.125,50.8));
#19329=CARTESIAN_POINT('',(131.6125,-40.625,50.8));
#19330=CARTESIAN_POINT('Origin',(131.6125,-41.125,50.8));
#19331=CARTESIAN_POINT('',(131.1125,-54.125,50.8));
#19332=CARTESIAN_POINT('',(131.1125,-41.125,50.8));
#19333=CARTESIAN_POINT('',(131.6125,-54.625,50.8));
#19334=CARTESIAN_POINT('Origin',(131.6125,-54.125,50.8));
#19335=CARTESIAN_POINT('',(144.6125,-54.625,50.8));
#19336=CARTESIAN_POINT('',(131.6125,-54.625,50.8));
#19337=CARTESIAN_POINT('',(145.1125,-54.125,50.8));
#19338=CARTESIAN_POINT('Origin',(144.6125,-54.125,50.8));
#19339=CARTESIAN_POINT('',(145.1125,-41.125,50.8));
#19340=CARTESIAN_POINT('',(145.1125,-41.125,50.8));
#19341=CARTESIAN_POINT('',(144.6125,-40.625,50.8));
#19342=CARTESIAN_POINT('Origin',(144.6125,-41.125,50.8));
#19343=CARTESIAN_POINT('',(131.6125,-40.625,50.8));
#19344=CARTESIAN_POINT('',(150.1625,-41.125,50.8));
#19345=CARTESIAN_POINT('',(150.6625,-40.625,50.8));
#19346=CARTESIAN_POINT('Origin',(150.6625,-41.125,50.8));
#19347=CARTESIAN_POINT('',(150.1625,-54.125,50.8));
#19348=CARTESIAN_POINT('',(150.1625,-41.125,50.8));
#19349=CARTESIAN_POINT('',(150.6625,-54.625,50.8));
#19350=CARTESIAN_POINT('Origin',(150.6625,-54.125,50.8));
#19351=CARTESIAN_POINT('',(163.6625,-54.625,50.8));
#19352=CARTESIAN_POINT('',(150.6625,-54.625,50.8));
#19353=CARTESIAN_POINT('',(164.1625,-54.125,50.8));
#19354=CARTESIAN_POINT('Origin',(163.6625,-54.125,50.8));
#19355=CARTESIAN_POINT('',(164.1625,-41.125,50.8));
#19356=CARTESIAN_POINT('',(164.1625,-41.125,50.8));
#19357=CARTESIAN_POINT('',(163.6625,-40.625,50.8));
#19358=CARTESIAN_POINT('Origin',(163.6625,-41.125,50.8));
#19359=CARTESIAN_POINT('',(150.6625,-40.625,50.8));
#19360=CARTESIAN_POINT('',(169.2125,-41.125,50.8));
#19361=CARTESIAN_POINT('',(169.7125,-40.625,50.8));
#19362=CARTESIAN_POINT('Origin',(169.7125,-41.125,50.8));
#19363=CARTESIAN_POINT('',(169.2125,-54.125,50.8));
#19364=CARTESIAN_POINT('',(169.2125,-41.125,50.8));
#19365=CARTESIAN_POINT('',(169.7125,-54.625,50.8));
#19366=CARTESIAN_POINT('Origin',(169.7125,-54.125,50.8));
#19367=CARTESIAN_POINT('',(182.7125,-54.625,50.8));
#19368=CARTESIAN_POINT('',(169.7125,-54.625,50.8));
#19369=CARTESIAN_POINT('',(183.2125,-54.125,50.8));
#19370=CARTESIAN_POINT('Origin',(182.7125,-54.125,50.8));
#19371=CARTESIAN_POINT('',(183.2125,-41.125,50.8));
#19372=CARTESIAN_POINT('',(183.2125,-41.125,50.8));
#19373=CARTESIAN_POINT('',(182.7125,-40.625,50.8));
#19374=CARTESIAN_POINT('Origin',(182.7125,-41.125,50.8));
#19375=CARTESIAN_POINT('',(169.7125,-40.625,50.8));
#19376=CARTESIAN_POINT('',(188.2625,-41.125,50.8));
#19377=CARTESIAN_POINT('',(188.7625,-40.625,50.8));
#19378=CARTESIAN_POINT('Origin',(188.7625,-41.125,50.8));
#19379=CARTESIAN_POINT('',(188.2625,-54.125,50.8));
#19380=CARTESIAN_POINT('',(188.2625,-41.125,50.8));
#19381=CARTESIAN_POINT('',(188.7625,-54.625,50.8));
#19382=CARTESIAN_POINT('Origin',(188.7625,-54.125,50.8));
#19383=CARTESIAN_POINT('',(201.7625,-54.625,50.8));
#19384=CARTESIAN_POINT('',(188.7625,-54.625,50.8));
#19385=CARTESIAN_POINT('',(202.2625,-54.125,50.8));
#19386=CARTESIAN_POINT('Origin',(201.7625,-54.125,50.8));
#19387=CARTESIAN_POINT('',(202.2625,-41.125,50.8));
#19388=CARTESIAN_POINT('',(202.2625,-41.125,50.8));
#19389=CARTESIAN_POINT('',(201.7625,-40.625,50.8));
#19390=CARTESIAN_POINT('Origin',(201.7625,-41.125,50.8));
#19391=CARTESIAN_POINT('',(188.7625,-40.625,50.8));
#19392=CARTESIAN_POINT('',(207.3125,-41.125,50.8));
#19393=CARTESIAN_POINT('',(207.8125,-40.625,50.8));
#19394=CARTESIAN_POINT('Origin',(207.8125,-41.125,50.8));
#19395=CARTESIAN_POINT('',(207.3125,-54.125,50.8));
#19396=CARTESIAN_POINT('',(207.3125,-41.125,50.8));
#19397=CARTESIAN_POINT('',(207.8125,-54.625,50.8));
#19398=CARTESIAN_POINT('Origin',(207.8125,-54.125,50.8));
#19399=CARTESIAN_POINT('',(220.8125,-54.625,50.8));
#19400=CARTESIAN_POINT('',(207.8125,-54.625,50.8));
#19401=CARTESIAN_POINT('',(221.3125,-54.125,50.8));
#19402=CARTESIAN_POINT('Origin',(220.8125,-54.125,50.8));
#19403=CARTESIAN_POINT('',(221.3125,-41.125,50.8));
#19404=CARTESIAN_POINT('',(221.3125,-41.125,50.8));
#19405=CARTESIAN_POINT('',(220.8125,-40.625,50.8));
#19406=CARTESIAN_POINT('Origin',(220.8125,-41.125,50.8));
#19407=CARTESIAN_POINT('',(207.8125,-40.625,50.8));
#19408=CARTESIAN_POINT('',(233.50625,-41.125,50.8));
#19409=CARTESIAN_POINT('',(234.00625,-40.625,50.8));
#19410=CARTESIAN_POINT('Origin',(234.00625,-41.125,50.8));
#19411=CARTESIAN_POINT('',(233.50625,-54.125,50.8));
#19412=CARTESIAN_POINT('',(233.50625,-41.125,50.8));
#19413=CARTESIAN_POINT('',(234.00625,-54.625,50.8));
#19414=CARTESIAN_POINT('Origin',(234.00625,-54.125,50.8));
#19415=CARTESIAN_POINT('',(247.00625,-54.625,50.8));
#19416=CARTESIAN_POINT('',(234.00625,-54.625,50.8));
#19417=CARTESIAN_POINT('',(247.50625,-54.125,50.8));
#19418=CARTESIAN_POINT('Origin',(247.00625,-54.125,50.8));
#19419=CARTESIAN_POINT('',(247.50625,-41.125,50.8));
#19420=CARTESIAN_POINT('',(247.50625,-41.125,50.8));
#19421=CARTESIAN_POINT('',(247.00625,-40.625,50.8));
#19422=CARTESIAN_POINT('Origin',(247.00625,-41.125,50.8));
#19423=CARTESIAN_POINT('',(234.00625,-40.625,50.8));
#19424=CARTESIAN_POINT('',(59.675,-60.175,50.8));
#19425=CARTESIAN_POINT('',(60.175,-59.675,50.8));
#19426=CARTESIAN_POINT('Origin',(60.175,-60.175,50.8));
#19427=CARTESIAN_POINT('',(59.675,-73.175,50.8));
#19428=CARTESIAN_POINT('',(59.675,-60.175,50.8));
#19429=CARTESIAN_POINT('',(60.175,-73.675,50.8));
#19430=CARTESIAN_POINT('Origin',(60.175,-73.175,50.8));
#19431=CARTESIAN_POINT('',(73.175,-73.675,50.8));
#19432=CARTESIAN_POINT('',(60.175,-73.675,50.8));
#19433=CARTESIAN_POINT('',(73.675,-73.175,50.8));
#19434=CARTESIAN_POINT('Origin',(73.175,-73.175,50.8));
#19435=CARTESIAN_POINT('',(73.675,-60.175,50.8));
#19436=CARTESIAN_POINT('',(73.675,-60.175,50.8));
#19437=CARTESIAN_POINT('',(73.175,-59.675,50.8));
#19438=CARTESIAN_POINT('Origin',(73.175,-60.175,50.8));
#19439=CARTESIAN_POINT('',(60.175,-59.675,50.8));
#19440=CARTESIAN_POINT('',(78.725,-60.175,50.8));
#19441=CARTESIAN_POINT('',(79.225,-59.675,50.8));
#19442=CARTESIAN_POINT('Origin',(79.225,-60.175,50.8));
#19443=CARTESIAN_POINT('',(78.725,-73.175,50.8));
#19444=CARTESIAN_POINT('',(78.725,-60.175,50.8));
#19445=CARTESIAN_POINT('',(79.225,-73.675,50.8));
#19446=CARTESIAN_POINT('Origin',(79.225,-73.175,50.8));
#19447=CARTESIAN_POINT('',(92.225,-73.675,50.8));
#19448=CARTESIAN_POINT('',(79.225,-73.675,50.8));
#19449=CARTESIAN_POINT('',(92.725,-73.175,50.8));
#19450=CARTESIAN_POINT('Origin',(92.225,-73.175,50.8));
#19451=CARTESIAN_POINT('',(92.725,-60.175,50.8));
#19452=CARTESIAN_POINT('',(92.725,-60.175,50.8));
#19453=CARTESIAN_POINT('',(92.225,-59.675,50.8));
#19454=CARTESIAN_POINT('Origin',(92.225,-60.175,50.8));
#19455=CARTESIAN_POINT('',(79.225,-59.675,50.8));
#19456=CARTESIAN_POINT('',(97.775,-60.175,50.8));
#19457=CARTESIAN_POINT('',(98.275,-59.675,50.8));
#19458=CARTESIAN_POINT('Origin',(98.275,-60.175,50.8));
#19459=CARTESIAN_POINT('',(97.775,-73.175,50.8));
#19460=CARTESIAN_POINT('',(97.775,-60.175,50.8));
#19461=CARTESIAN_POINT('',(98.275,-73.675,50.8));
#19462=CARTESIAN_POINT('Origin',(98.275,-73.175,50.8));
#19463=CARTESIAN_POINT('',(111.275,-73.675,50.8));
#19464=CARTESIAN_POINT('',(98.275,-73.675,50.8));
#19465=CARTESIAN_POINT('',(111.775,-73.175,50.8));
#19466=CARTESIAN_POINT('Origin',(111.275,-73.175,50.8));
#19467=CARTESIAN_POINT('',(111.775,-60.175,50.8));
#19468=CARTESIAN_POINT('',(111.775,-60.175,50.8));
#19469=CARTESIAN_POINT('',(111.275,-59.675,50.8));
#19470=CARTESIAN_POINT('Origin',(111.275,-60.175,50.8));
#19471=CARTESIAN_POINT('',(98.275,-59.675,50.8));
#19472=CARTESIAN_POINT('',(116.825,-60.175,50.8));
#19473=CARTESIAN_POINT('',(117.325,-59.675,50.8));
#19474=CARTESIAN_POINT('Origin',(117.325,-60.175,50.8));
#19475=CARTESIAN_POINT('',(116.825,-73.175,50.8));
#19476=CARTESIAN_POINT('',(116.825,-60.175,50.8));
#19477=CARTESIAN_POINT('',(117.325,-73.675,50.8));
#19478=CARTESIAN_POINT('Origin',(117.325,-73.175,50.8));
#19479=CARTESIAN_POINT('',(130.325,-73.675,50.8));
#19480=CARTESIAN_POINT('',(117.325,-73.675,50.8));
#19481=CARTESIAN_POINT('',(130.825,-73.175,50.8));
#19482=CARTESIAN_POINT('Origin',(130.325,-73.175,50.8));
#19483=CARTESIAN_POINT('',(130.825,-60.175,50.8));
#19484=CARTESIAN_POINT('',(130.825,-60.175,50.8));
#19485=CARTESIAN_POINT('',(130.325,-59.675,50.8));
#19486=CARTESIAN_POINT('Origin',(130.325,-60.175,50.8));
#19487=CARTESIAN_POINT('',(117.325,-59.675,50.8));
#19488=CARTESIAN_POINT('',(135.875,-60.175,50.8));
#19489=CARTESIAN_POINT('',(136.375,-59.675,50.8));
#19490=CARTESIAN_POINT('Origin',(136.375,-60.175,50.8));
#19491=CARTESIAN_POINT('',(135.875,-73.175,50.8));
#19492=CARTESIAN_POINT('',(135.875,-60.175,50.8));
#19493=CARTESIAN_POINT('',(136.375,-73.675,50.8));
#19494=CARTESIAN_POINT('Origin',(136.375,-73.175,50.8));
#19495=CARTESIAN_POINT('',(149.375,-73.675,50.8));
#19496=CARTESIAN_POINT('',(136.375,-73.675,50.8));
#19497=CARTESIAN_POINT('',(149.875,-73.175,50.8));
#19498=CARTESIAN_POINT('Origin',(149.375,-73.175,50.8));
#19499=CARTESIAN_POINT('',(149.875,-60.175,50.8));
#19500=CARTESIAN_POINT('',(149.875,-60.175,50.8));
#19501=CARTESIAN_POINT('',(149.375,-59.675,50.8));
#19502=CARTESIAN_POINT('Origin',(149.375,-60.175,50.8));
#19503=CARTESIAN_POINT('',(136.375,-59.675,50.8));
#19504=CARTESIAN_POINT('',(154.925,-60.175,50.8));
#19505=CARTESIAN_POINT('',(155.425,-59.675,50.8));
#19506=CARTESIAN_POINT('Origin',(155.425,-60.175,50.8));
#19507=CARTESIAN_POINT('',(154.925,-73.175,50.8));
#19508=CARTESIAN_POINT('',(154.925,-60.175,50.8));
#19509=CARTESIAN_POINT('',(155.425,-73.675,50.8));
#19510=CARTESIAN_POINT('Origin',(155.425,-73.175,50.8));
#19511=CARTESIAN_POINT('',(168.425,-73.675,50.8));
#19512=CARTESIAN_POINT('',(155.425,-73.675,50.8));
#19513=CARTESIAN_POINT('',(168.925,-73.175,50.8));
#19514=CARTESIAN_POINT('Origin',(168.425,-73.175,50.8));
#19515=CARTESIAN_POINT('',(168.925,-60.175,50.8));
#19516=CARTESIAN_POINT('',(168.925,-60.175,50.8));
#19517=CARTESIAN_POINT('',(168.425,-59.675,50.8));
#19518=CARTESIAN_POINT('Origin',(168.425,-60.175,50.8));
#19519=CARTESIAN_POINT('',(155.425,-59.675,50.8));
#19520=CARTESIAN_POINT('',(173.975,-60.175,50.8));
#19521=CARTESIAN_POINT('',(174.475,-59.675,50.8));
#19522=CARTESIAN_POINT('Origin',(174.475,-60.175,50.8));
#19523=CARTESIAN_POINT('',(173.975,-73.175,50.8));
#19524=CARTESIAN_POINT('',(173.975,-60.175,50.8));
#19525=CARTESIAN_POINT('',(174.475,-73.675,50.8));
#19526=CARTESIAN_POINT('Origin',(174.475,-73.175,50.8));
#19527=CARTESIAN_POINT('',(187.475,-73.675,50.8));
#19528=CARTESIAN_POINT('',(174.475,-73.675,50.8));
#19529=CARTESIAN_POINT('',(187.975,-73.175,50.8));
#19530=CARTESIAN_POINT('Origin',(187.475,-73.175,50.8));
#19531=CARTESIAN_POINT('',(187.975,-60.175,50.8));
#19532=CARTESIAN_POINT('',(187.975,-60.175,50.8));
#19533=CARTESIAN_POINT('',(187.475,-59.675,50.8));
#19534=CARTESIAN_POINT('Origin',(187.475,-60.175,50.8));
#19535=CARTESIAN_POINT('',(174.475,-59.675,50.8));
#19536=CARTESIAN_POINT('',(193.025,-60.175,50.8));
#19537=CARTESIAN_POINT('',(193.525,-59.675,50.8));
#19538=CARTESIAN_POINT('Origin',(193.525,-60.175,50.8));
#19539=CARTESIAN_POINT('',(193.025,-73.175,50.8));
#19540=CARTESIAN_POINT('',(193.025,-60.175,50.8));
#19541=CARTESIAN_POINT('',(193.525,-73.675,50.8));
#19542=CARTESIAN_POINT('Origin',(193.525,-73.175,50.8));
#19543=CARTESIAN_POINT('',(206.525,-73.675,50.8));
#19544=CARTESIAN_POINT('',(193.525,-73.675,50.8));
#19545=CARTESIAN_POINT('',(207.025,-73.175,50.8));
#19546=CARTESIAN_POINT('Origin',(206.525,-73.175,50.8));
#19547=CARTESIAN_POINT('',(207.025,-60.175,50.8));
#19548=CARTESIAN_POINT('',(207.025,-60.175,50.8));
#19549=CARTESIAN_POINT('',(206.525,-59.675,50.8));
#19550=CARTESIAN_POINT('Origin',(206.525,-60.175,50.8));
#19551=CARTESIAN_POINT('',(193.525,-59.675,50.8));
#19552=CARTESIAN_POINT('',(212.075,-60.175,50.8));
#19553=CARTESIAN_POINT('',(212.575,-59.675,50.8));
#19554=CARTESIAN_POINT('Origin',(212.575,-60.175,50.8));
#19555=CARTESIAN_POINT('',(212.075,-73.175,50.8));
#19556=CARTESIAN_POINT('',(212.075,-60.175,50.8));
#19557=CARTESIAN_POINT('',(212.575,-73.675,50.8));
#19558=CARTESIAN_POINT('Origin',(212.575,-73.175,50.8));
#19559=CARTESIAN_POINT('',(225.575,-73.675,50.8));
#19560=CARTESIAN_POINT('',(212.575,-73.675,50.8));
#19561=CARTESIAN_POINT('',(226.075,-73.175,50.8));
#19562=CARTESIAN_POINT('Origin',(225.575,-73.175,50.8));
#19563=CARTESIAN_POINT('',(226.075,-60.175,50.8));
#19564=CARTESIAN_POINT('',(226.075,-60.175,50.8));
#19565=CARTESIAN_POINT('',(225.575,-59.675,50.8));
#19566=CARTESIAN_POINT('Origin',(225.575,-60.175,50.8));
#19567=CARTESIAN_POINT('',(212.575,-59.675,50.8));
#19568=CARTESIAN_POINT('',(235.8875,-60.175,50.8));
#19569=CARTESIAN_POINT('',(236.3875,-59.675,50.8));
#19570=CARTESIAN_POINT('Origin',(236.3875,-60.175,50.8));
#19571=CARTESIAN_POINT('',(235.8875,-73.175,50.8));
#19572=CARTESIAN_POINT('',(235.8875,-60.175,50.8));
#19573=CARTESIAN_POINT('',(236.3875,-73.675,50.8));
#19574=CARTESIAN_POINT('Origin',(236.3875,-73.175,50.8));
#19575=CARTESIAN_POINT('',(249.3875,-73.675,50.8));
#19576=CARTESIAN_POINT('',(236.3875,-73.675,50.8));
#19577=CARTESIAN_POINT('',(249.8875,-73.175,50.8));
#19578=CARTESIAN_POINT('Origin',(249.3875,-73.175,50.8));
#19579=CARTESIAN_POINT('',(249.8875,-60.175,50.8));
#19580=CARTESIAN_POINT('',(249.8875,-60.175,50.8));
#19581=CARTESIAN_POINT('',(249.3875,-59.675,50.8));
#19582=CARTESIAN_POINT('Origin',(249.3875,-60.175,50.8));
#19583=CARTESIAN_POINT('',(236.3875,-59.675,50.8));
#19584=CARTESIAN_POINT('',(4.90625,-79.225,50.8));
#19585=CARTESIAN_POINT('',(5.40625,-78.725,50.8));
#19586=CARTESIAN_POINT('Origin',(5.40625,-79.225,50.8));
#19587=CARTESIAN_POINT('',(4.90625,-92.225,50.8));
#19588=CARTESIAN_POINT('',(4.90625,-79.225,50.8));
#19589=CARTESIAN_POINT('',(5.40625,-92.725,50.8));
#19590=CARTESIAN_POINT('Origin',(5.40625,-92.225,50.8));
#19591=CARTESIAN_POINT('',(18.40625,-92.725,50.8));
#19592=CARTESIAN_POINT('',(5.40625,-92.725,50.8));
#19593=CARTESIAN_POINT('',(18.90625,-92.225,50.8));
#19594=CARTESIAN_POINT('Origin',(18.40625,-92.225,50.8));
#19595=CARTESIAN_POINT('',(18.90625,-79.225,50.8));
#19596=CARTESIAN_POINT('',(18.90625,-79.225,50.8));
#19597=CARTESIAN_POINT('',(18.40625,-78.725,50.8));
#19598=CARTESIAN_POINT('Origin',(18.40625,-79.225,50.8));
#19599=CARTESIAN_POINT('',(5.40625,-78.725,50.8));
#19600=CARTESIAN_POINT('',(26.3375,-79.225,50.8));
#19601=CARTESIAN_POINT('',(26.8375,-78.725,50.8));
#19602=CARTESIAN_POINT('Origin',(26.8375,-79.225,50.8));
#19603=CARTESIAN_POINT('',(26.3375,-92.225,50.8));
#19604=CARTESIAN_POINT('',(26.3375,-79.225,50.8));
#19605=CARTESIAN_POINT('',(26.8375,-92.725,50.8));
#19606=CARTESIAN_POINT('Origin',(26.8375,-92.225,50.8));
#19607=CARTESIAN_POINT('',(39.8375,-92.725,50.8));
#19608=CARTESIAN_POINT('',(26.8375,-92.725,50.8));
#19609=CARTESIAN_POINT('',(40.3375,-92.225,50.8));
#19610=CARTESIAN_POINT('Origin',(39.8375,-92.225,50.8));
#19611=CARTESIAN_POINT('',(40.3375,-79.225,50.8));
#19612=CARTESIAN_POINT('',(40.3375,-79.225,50.8));
#19613=CARTESIAN_POINT('',(39.8375,-78.725,50.8));
#19614=CARTESIAN_POINT('Origin',(39.8375,-79.225,50.8));
#19615=CARTESIAN_POINT('',(26.8375,-78.725,50.8));
#19616=CARTESIAN_POINT('',(50.15,-79.225,50.8));
#19617=CARTESIAN_POINT('',(50.65,-78.725,50.8));
#19618=CARTESIAN_POINT('Origin',(50.65,-79.225,50.8));
#19619=CARTESIAN_POINT('',(50.15,-92.225,50.8));
#19620=CARTESIAN_POINT('',(50.15,-79.225,50.8));
#19621=CARTESIAN_POINT('',(50.65,-92.725,50.8));
#19622=CARTESIAN_POINT('Origin',(50.65,-92.225,50.8));
#19623=CARTESIAN_POINT('',(63.65,-92.725,50.8));
#19624=CARTESIAN_POINT('',(50.65,-92.725,50.8));
#19625=CARTESIAN_POINT('',(64.15,-92.225,50.8));
#19626=CARTESIAN_POINT('Origin',(63.65,-92.225,50.8));
#19627=CARTESIAN_POINT('',(64.15,-79.225,50.8));
#19628=CARTESIAN_POINT('',(64.15,-79.225,50.8));
#19629=CARTESIAN_POINT('',(63.65,-78.725,50.8));
#19630=CARTESIAN_POINT('Origin',(63.65,-79.225,50.8));
#19631=CARTESIAN_POINT('',(50.65,-78.725,50.8));
#19632=CARTESIAN_POINT('',(2.525,-3.025,50.8));
#19633=CARTESIAN_POINT('',(3.025,-2.525,50.8));
#19634=CARTESIAN_POINT('Origin',(3.025,-3.025,50.8));
#19635=CARTESIAN_POINT('',(2.525,-16.025,50.8));
#19636=CARTESIAN_POINT('',(2.525,-3.025,50.8));
#19637=CARTESIAN_POINT('',(3.025,-16.525,50.8));
#19638=CARTESIAN_POINT('Origin',(3.025,-16.025,50.8));
#19639=CARTESIAN_POINT('',(16.025,-16.525,50.8));
#19640=CARTESIAN_POINT('',(3.025,-16.525,50.8));
#19641=CARTESIAN_POINT('',(16.525,-16.025,50.8));
#19642=CARTESIAN_POINT('Origin',(16.025,-16.025,50.8));
#19643=CARTESIAN_POINT('',(16.525,-3.025,50.8));
#19644=CARTESIAN_POINT('',(16.525,-3.025,50.8));
#19645=CARTESIAN_POINT('',(16.025,-2.525,50.8));
#19646=CARTESIAN_POINT('Origin',(16.025,-3.025,50.8));
#19647=CARTESIAN_POINT('',(3.025,-2.525,50.8));
#19648=CARTESIAN_POINT('',(21.575,-3.025,50.8));
#19649=CARTESIAN_POINT('',(22.075,-2.525,50.8));
#19650=CARTESIAN_POINT('Origin',(22.075,-3.025,50.8));
#19651=CARTESIAN_POINT('',(21.575,-16.025,50.8));
#19652=CARTESIAN_POINT('',(21.575,-3.025,50.8));
#19653=CARTESIAN_POINT('',(22.075,-16.525,50.8));
#19654=CARTESIAN_POINT('Origin',(22.075,-16.025,50.8));
#19655=CARTESIAN_POINT('',(35.075,-16.525,50.8));
#19656=CARTESIAN_POINT('',(22.075,-16.525,50.8));
#19657=CARTESIAN_POINT('',(35.575,-16.025,50.8));
#19658=CARTESIAN_POINT('Origin',(35.075,-16.025,50.8));
#19659=CARTESIAN_POINT('',(35.575,-3.025,50.8));
#19660=CARTESIAN_POINT('',(35.575,-3.025,50.8));
#19661=CARTESIAN_POINT('',(35.075,-2.525,50.8));
#19662=CARTESIAN_POINT('Origin',(35.075,-3.025,50.8));
#19663=CARTESIAN_POINT('',(22.075,-2.525,50.8));
#19664=CARTESIAN_POINT('',(59.675,-3.025,50.8));
#19665=CARTESIAN_POINT('',(60.175,-2.525,50.8));
#19666=CARTESIAN_POINT('Origin',(60.175,-3.025,50.8));
#19667=CARTESIAN_POINT('',(59.675,-16.025,50.8));
#19668=CARTESIAN_POINT('',(59.675,-3.025,50.8));
#19669=CARTESIAN_POINT('',(60.175,-16.525,50.8));
#19670=CARTESIAN_POINT('Origin',(60.175,-16.025,50.8));
#19671=CARTESIAN_POINT('',(73.175,-16.525,50.8));
#19672=CARTESIAN_POINT('',(60.175,-16.525,50.8));
#19673=CARTESIAN_POINT('',(73.675,-16.025,50.8));
#19674=CARTESIAN_POINT('Origin',(73.175,-16.025,50.8));
#19675=CARTESIAN_POINT('',(73.675,-3.025,50.8));
#19676=CARTESIAN_POINT('',(73.675,-3.025,50.8));
#19677=CARTESIAN_POINT('',(73.175,-2.525,50.8));
#19678=CARTESIAN_POINT('Origin',(73.175,-3.025,50.8));
#19679=CARTESIAN_POINT('',(60.175,-2.525,50.8));
#19680=CARTESIAN_POINT('',(40.625,-3.025,50.8));
#19681=CARTESIAN_POINT('',(41.125,-2.525,50.8));
#19682=CARTESIAN_POINT('Origin',(41.125,-3.025,50.8));
#19683=CARTESIAN_POINT('',(40.625,-16.025,50.8));
#19684=CARTESIAN_POINT('',(40.625,-3.025,50.8));
#19685=CARTESIAN_POINT('',(41.125,-16.525,50.8));
#19686=CARTESIAN_POINT('Origin',(41.125,-16.025,50.8));
#19687=CARTESIAN_POINT('',(54.125,-16.525,50.8));
#19688=CARTESIAN_POINT('',(41.125,-16.525,50.8));
#19689=CARTESIAN_POINT('',(54.625,-16.025,50.8));
#19690=CARTESIAN_POINT('Origin',(54.125,-16.025,50.8));
#19691=CARTESIAN_POINT('',(54.625,-3.025,50.8));
#19692=CARTESIAN_POINT('',(54.625,-3.025,50.8));
#19693=CARTESIAN_POINT('',(54.125,-2.525,50.8));
#19694=CARTESIAN_POINT('Origin',(54.125,-3.025,50.8));
#19695=CARTESIAN_POINT('',(41.125,-2.525,50.8));
#19696=CARTESIAN_POINT('',(7.2875,-22.075,50.8));
#19697=CARTESIAN_POINT('',(7.7875,-21.575,50.8));
#19698=CARTESIAN_POINT('Origin',(7.7875,-22.075,50.8));
#19699=CARTESIAN_POINT('',(7.2875,-35.075,50.8));
#19700=CARTESIAN_POINT('',(7.2875,-22.075,50.8));
#19701=CARTESIAN_POINT('',(7.7875,-35.575,50.8));
#19702=CARTESIAN_POINT('Origin',(7.7875,-35.075,50.8));
#19703=CARTESIAN_POINT('',(20.7875,-35.575,50.8));
#19704=CARTESIAN_POINT('',(7.7875,-35.575,50.8));
#19705=CARTESIAN_POINT('',(21.2875,-35.075,50.8));
#19706=CARTESIAN_POINT('Origin',(20.7875,-35.075,50.8));
#19707=CARTESIAN_POINT('',(21.2875,-22.075,50.8));
#19708=CARTESIAN_POINT('',(21.2875,-22.075,50.8));
#19709=CARTESIAN_POINT('',(20.7875,-21.575,50.8));
#19710=CARTESIAN_POINT('Origin',(20.7875,-22.075,50.8));
#19711=CARTESIAN_POINT('',(7.7875,-21.575,50.8));
#19712=CARTESIAN_POINT('',(88.25,-22.075,50.8));
#19713=CARTESIAN_POINT('',(88.75,-21.575,50.8));
#19714=CARTESIAN_POINT('Origin',(88.75,-22.075,50.8));
#19715=CARTESIAN_POINT('',(88.25,-35.075,50.8));
#19716=CARTESIAN_POINT('',(88.25,-22.075,50.8));
#19717=CARTESIAN_POINT('',(88.75,-35.575,50.8));
#19718=CARTESIAN_POINT('Origin',(88.75,-35.075,50.8));
#19719=CARTESIAN_POINT('',(101.75,-35.575,50.8));
#19720=CARTESIAN_POINT('',(88.75,-35.575,50.8));
#19721=CARTESIAN_POINT('',(102.25,-35.075,50.8));
#19722=CARTESIAN_POINT('Origin',(101.75,-35.075,50.8));
#19723=CARTESIAN_POINT('',(102.25,-22.075,50.8));
#19724=CARTESIAN_POINT('',(102.25,-22.075,50.8));
#19725=CARTESIAN_POINT('',(101.75,-21.575,50.8));
#19726=CARTESIAN_POINT('Origin',(101.75,-22.075,50.8));
#19727=CARTESIAN_POINT('',(88.75,-21.575,50.8));
#19728=CARTESIAN_POINT('',(50.15,-22.075,50.8));
#19729=CARTESIAN_POINT('',(50.65,-21.575,50.8));
#19730=CARTESIAN_POINT('Origin',(50.65,-22.075,50.8));
#19731=CARTESIAN_POINT('',(50.15,-35.075,50.8));
#19732=CARTESIAN_POINT('',(50.15,-22.075,50.8));
#19733=CARTESIAN_POINT('',(50.65,-35.575,50.8));
#19734=CARTESIAN_POINT('Origin',(50.65,-35.075,50.8));
#19735=CARTESIAN_POINT('',(63.65,-35.575,50.8));
#19736=CARTESIAN_POINT('',(50.65,-35.575,50.8));
#19737=CARTESIAN_POINT('',(64.15,-35.075,50.8));
#19738=CARTESIAN_POINT('Origin',(63.65,-35.075,50.8));
#19739=CARTESIAN_POINT('',(64.15,-22.075,50.8));
#19740=CARTESIAN_POINT('',(64.15,-22.075,50.8));
#19741=CARTESIAN_POINT('',(63.65,-21.575,50.8));
#19742=CARTESIAN_POINT('Origin',(63.65,-22.075,50.8));
#19743=CARTESIAN_POINT('',(50.65,-21.575,50.8));
#19744=CARTESIAN_POINT('',(97.775,-3.025,50.8));
#19745=CARTESIAN_POINT('',(98.275,-2.525,50.8));
#19746=CARTESIAN_POINT('Origin',(98.275,-3.025,50.8));
#19747=CARTESIAN_POINT('',(97.775,-16.025,50.8));
#19748=CARTESIAN_POINT('',(97.775,-3.025,50.8));
#19749=CARTESIAN_POINT('',(98.275,-16.525,50.8));
#19750=CARTESIAN_POINT('Origin',(98.275,-16.025,50.8));
#19751=CARTESIAN_POINT('',(111.275,-16.525,50.8));
#19752=CARTESIAN_POINT('',(98.275,-16.525,50.8));
#19753=CARTESIAN_POINT('',(111.775,-16.025,50.8));
#19754=CARTESIAN_POINT('Origin',(111.275,-16.025,50.8));
#19755=CARTESIAN_POINT('',(111.775,-3.025,50.8));
#19756=CARTESIAN_POINT('',(111.775,-3.025,50.8));
#19757=CARTESIAN_POINT('',(111.275,-2.52499999999999,50.8));
#19758=CARTESIAN_POINT('Origin',(111.275,-3.025,50.8));
#19759=CARTESIAN_POINT('',(98.275,-2.525,50.8));
#19760=CARTESIAN_POINT('',(31.1,-22.075,50.8));
#19761=CARTESIAN_POINT('',(31.6,-21.575,50.8));
#19762=CARTESIAN_POINT('Origin',(31.6,-22.075,50.8));
#19763=CARTESIAN_POINT('',(31.1,-35.075,50.8));
#19764=CARTESIAN_POINT('',(31.1,-22.075,50.8));
#19765=CARTESIAN_POINT('',(31.6,-35.575,50.8));
#19766=CARTESIAN_POINT('Origin',(31.6,-35.075,50.8));
#19767=CARTESIAN_POINT('',(44.6,-35.575,50.8));
#19768=CARTESIAN_POINT('',(31.6,-35.575,50.8));
#19769=CARTESIAN_POINT('',(45.1,-35.075,50.8));
#19770=CARTESIAN_POINT('Origin',(44.6,-35.075,50.8));
#19771=CARTESIAN_POINT('',(45.1,-22.075,50.8));
#19772=CARTESIAN_POINT('',(45.1,-22.075,50.8));
#19773=CARTESIAN_POINT('',(44.6,-21.575,50.8));
#19774=CARTESIAN_POINT('Origin',(44.6,-22.075,50.8));
#19775=CARTESIAN_POINT('',(31.6,-21.575,50.8));
#19776=CARTESIAN_POINT('',(78.725,-3.025,50.8));
#19777=CARTESIAN_POINT('',(79.225,-2.525,50.8));
#19778=CARTESIAN_POINT('Origin',(79.225,-3.025,50.8));
#19779=CARTESIAN_POINT('',(78.725,-16.025,50.8));
#19780=CARTESIAN_POINT('',(78.725,-3.025,50.8));
#19781=CARTESIAN_POINT('',(79.225,-16.525,50.8));
#19782=CARTESIAN_POINT('Origin',(79.225,-16.025,50.8));
#19783=CARTESIAN_POINT('',(92.225,-16.525,50.8));
#19784=CARTESIAN_POINT('',(79.225,-16.525,50.8));
#19785=CARTESIAN_POINT('',(92.725,-16.025,50.8));
#19786=CARTESIAN_POINT('Origin',(92.225,-16.025,50.8));
#19787=CARTESIAN_POINT('',(92.725,-3.025,50.8));
#19788=CARTESIAN_POINT('',(92.725,-3.025,50.8));
#19789=CARTESIAN_POINT('',(92.225,-2.52500000000001,50.8));
#19790=CARTESIAN_POINT('Origin',(92.225,-3.025,50.8));
#19791=CARTESIAN_POINT('',(79.225,-2.525,50.8));
#19792=CARTESIAN_POINT('',(69.2,-22.075,50.8));
#19793=CARTESIAN_POINT('',(69.7,-21.575,50.8));
#19794=CARTESIAN_POINT('Origin',(69.7,-22.075,50.8));
#19795=CARTESIAN_POINT('',(69.2,-35.075,50.8));
#19796=CARTESIAN_POINT('',(69.2,-22.075,50.8));
#19797=CARTESIAN_POINT('',(69.7,-35.575,50.8));
#19798=CARTESIAN_POINT('Origin',(69.7,-35.075,50.8));
#19799=CARTESIAN_POINT('',(82.7,-35.575,50.8));
#19800=CARTESIAN_POINT('',(69.7,-35.575,50.8));
#19801=CARTESIAN_POINT('',(83.2,-35.075,50.8));
#19802=CARTESIAN_POINT('Origin',(82.7,-35.075,50.8));
#19803=CARTESIAN_POINT('',(83.2,-22.075,50.8));
#19804=CARTESIAN_POINT('',(83.2,-22.075,50.8));
#19805=CARTESIAN_POINT('',(82.7,-21.575,50.8));
#19806=CARTESIAN_POINT('Origin',(82.7,-22.075,50.8));
#19807=CARTESIAN_POINT('',(69.7,-21.575,50.8));
#19808=CARTESIAN_POINT('Origin',(72.30625,-99.245,51.55));
#19809=CARTESIAN_POINT('',(72.30625,-99.745,51.55));
#19810=CARTESIAN_POINT('',(71.80625,-99.245,51.55));
#19811=CARTESIAN_POINT('Origin',(71.80625,-98.745,52.3));
#19812=CARTESIAN_POINT('',(71.80625,-98.745,50.8));
#19813=CARTESIAN_POINT('Origin',(69.30625,-99.245,50.8));
#19814=CARTESIAN_POINT('',(69.30625,-99.745,50.8));
#19815=CARTESIAN_POINT('',(69.80625,-99.245,50.8));
#19816=CARTESIAN_POINT('Origin',(69.80625,-98.745,50.8));
#19817=CARTESIAN_POINT('',(69.80625,-98.745,50.8));
#19818=CARTESIAN_POINT('Origin',(187.86875,-99.245,51.55));
#19819=CARTESIAN_POINT('',(187.86875,-99.745,51.55));
#19820=CARTESIAN_POINT('',(187.36875,-99.245,51.55));
#19821=CARTESIAN_POINT('Origin',(187.36875,-98.745,52.3));
#19822=CARTESIAN_POINT('',(187.36875,-98.745,50.8));
#19823=CARTESIAN_POINT('Origin',(184.86875,-99.245,50.8));
#19824=CARTESIAN_POINT('',(184.86875,-99.745,50.8));
#19825=CARTESIAN_POINT('',(185.36875,-99.245,50.8));
#19826=CARTESIAN_POINT('Origin',(185.36875,-98.745,50.8));
#19827=CARTESIAN_POINT('',(185.36875,-98.745,50.8));
#19828=CARTESIAN_POINT('Origin',(233.053125,-99.245,50.8));
#19829=CARTESIAN_POINT('',(233.053125,-99.745,50.8));
#19830=CARTESIAN_POINT('',(233.553125,-99.245,50.8));
#19831=CARTESIAN_POINT('Origin',(233.553125,-99.745,50.8));
#19832=CARTESIAN_POINT('',(232.553125,-99.745,50.8));
#19833=CARTESIAN_POINT('Origin',(236.053125,-99.245,51.55));
#19834=CARTESIAN_POINT('',(236.053125,-99.745,51.55));
#19835=CARTESIAN_POINT('',(235.553125,-99.245,51.55));
#19836=CARTESIAN_POINT('Origin',(237.553125,-99.745,50.8));
#19837=CARTESIAN_POINT('',(236.553125,-99.745,50.8));
#19838=CARTESIAN_POINT('Origin',(239.625,-15.055,50.8));
#19839=CARTESIAN_POINT('',(239.625,-14.555,50.8));
#19840=CARTESIAN_POINT('',(239.125,-15.055,50.8));
#19841=CARTESIAN_POINT('Origin',(235.375,-14.555,50.8));
#19842=CARTESIAN_POINT('',(240.125,-14.555,50.8));
#19843=CARTESIAN_POINT('Origin',(236.625,-15.055,51.55));
#19844=CARTESIAN_POINT('',(236.625,-14.555,51.55));
#19845=CARTESIAN_POINT('',(237.125,-15.055,51.55));
#19846=CARTESIAN_POINT('Origin',(235.375,-14.555,50.8));
#19847=CARTESIAN_POINT('',(236.125,-14.555,50.8));
#19848=CARTESIAN_POINT('Origin',(163.425,-15.055,50.8));
#19849=CARTESIAN_POINT('',(163.425,-14.555,50.8));
#19850=CARTESIAN_POINT('',(162.925,-15.055,50.8));
#19851=CARTESIAN_POINT('Origin',(159.175,-14.555,50.8));
#19852=CARTESIAN_POINT('',(163.925,-14.555,50.8));
#19853=CARTESIAN_POINT('Origin',(160.425,-15.055,51.55));
#19854=CARTESIAN_POINT('',(160.425,-14.555,51.55));
#19855=CARTESIAN_POINT('',(160.925,-15.055,51.55));
#19856=CARTESIAN_POINT('Origin',(159.175,-14.555,50.8));
#19857=CARTESIAN_POINT('',(159.925,-14.555,50.8));
#19858=CARTESIAN_POINT('Origin',(96.75,3.99500000000001,50.8));
#19859=CARTESIAN_POINT('',(96.75,4.49500000000001,50.8));
#19860=CARTESIAN_POINT('',(96.25,3.99500000000001,50.8));
#19861=CARTESIAN_POINT('Origin',(96.25,4.49500000000001,50.8));
#19862=CARTESIAN_POINT('',(97.25,4.49500000000001,50.8));
#19863=CARTESIAN_POINT('Origin',(93.75,3.99500000000001,51.55));
#19864=CARTESIAN_POINT('',(93.75,4.49500000000001,51.55));
#19865=CARTESIAN_POINT('',(94.25,3.99500000000001,51.55));
#19866=CARTESIAN_POINT('Origin',(92.25,4.49500000000001,50.8));
#19867=CARTESIAN_POINT('',(93.25,4.49500000000001,50.8));
#19868=CARTESIAN_POINT('Origin',(20.55,3.995,50.8));
#19869=CARTESIAN_POINT('',(20.55,4.495,50.8));
#19870=CARTESIAN_POINT('',(20.05,3.995,50.8));
#19871=CARTESIAN_POINT('Origin',(20.05,4.495,50.8));
#19872=CARTESIAN_POINT('',(21.05,4.495,50.8));
#19873=CARTESIAN_POINT('Origin',(17.55,3.995,51.55));
#19874=CARTESIAN_POINT('',(17.55,4.495,51.55));
#19875=CARTESIAN_POINT('',(18.05,3.995,51.55));
#19876=CARTESIAN_POINT('Origin',(16.05,4.495,50.8));
#19877=CARTESIAN_POINT('',(17.05,4.495,50.8));
#19878=CARTESIAN_POINT('Origin',(115.5625,-75.725,50.8));
#19879=CARTESIAN_POINT('',(115.5625,-75.225,50.8));
#19880=CARTESIAN_POINT('',(115.0625,-75.725,50.8));
#19881=CARTESIAN_POINT('Origin',(77.9625,-75.225,50.8));
#19882=CARTESIAN_POINT('',(122.5625,-75.225,50.8));
#19883=CARTESIAN_POINT('Origin',(122.5625,-75.725,50.8));
#19884=CARTESIAN_POINT('',(123.0625,-75.725,50.8));
#19885=CARTESIAN_POINT('Origin',(134.6125,-75.725,50.8));
#19886=CARTESIAN_POINT('',(134.6125,-75.225,50.8));
#19887=CARTESIAN_POINT('',(134.1125,-75.725,50.8));
#19888=CARTESIAN_POINT('Origin',(77.9625,-75.225,50.8));
#19889=CARTESIAN_POINT('',(141.6125,-75.225,50.8));
#19890=CARTESIAN_POINT('Origin',(141.6125,-75.725,50.8));
#19891=CARTESIAN_POINT('',(142.1125,-75.725,50.8));
#19892=CARTESIAN_POINT('Origin',(172.7125,-75.725,50.8));
#19893=CARTESIAN_POINT('',(172.7125,-75.225,50.8));
#19894=CARTESIAN_POINT('',(172.2125,-75.725,50.8));
#19895=CARTESIAN_POINT('Origin',(77.9625,-75.225,50.8));
#19896=CARTESIAN_POINT('',(179.7125,-75.225,50.8));
#19897=CARTESIAN_POINT('Origin',(179.7125,-75.725,50.8));
#19898=CARTESIAN_POINT('',(180.2125,-75.725,50.8));
#19899=CARTESIAN_POINT('Origin',(77.4625,-75.725,50.8));
#19900=CARTESIAN_POINT('',(77.4625,-75.225,50.8));
#19901=CARTESIAN_POINT('',(76.9625,-75.725,50.8));
#19902=CARTESIAN_POINT('Origin',(77.9625,-75.225,50.8));
#19903=CARTESIAN_POINT('',(84.4625,-75.225,50.8));
#19904=CARTESIAN_POINT('Origin',(84.4625,-75.725,50.8));
#19905=CARTESIAN_POINT('',(84.9625,-75.725,50.8));
#19906=CARTESIAN_POINT('Origin',(123.0625,-77.225,50.8));
#19907=CARTESIAN_POINT('',(123.0625,-78.325,50.8));
#19908=CARTESIAN_POINT('Origin',(115.0625,-91.225,50.8));
#19909=CARTESIAN_POINT('',(115.0625,-92.225,50.8));
#19910=CARTESIAN_POINT('Origin',(142.1125,-77.225,50.8));
#19911=CARTESIAN_POINT('',(142.1125,-92.225,50.8));
#19912=CARTESIAN_POINT('Origin',(134.1125,-78.325,50.8));
#19913=CARTESIAN_POINT('',(134.1125,-78.325,50.8));
#19914=CARTESIAN_POINT('Origin',(180.2125,-77.225,50.8));
#19915=CARTESIAN_POINT('',(180.2125,-92.4553130571018,50.8));
#19916=CARTESIAN_POINT('Origin',(172.2125,-91.225,50.8));
#19917=CARTESIAN_POINT('',(172.2125,-92.25,50.8));
#19918=CARTESIAN_POINT('Origin',(84.9625,-77.225,50.8));
#19919=CARTESIAN_POINT('',(84.9625,-92.25,50.8));
#19920=CARTESIAN_POINT('Origin',(76.9625,-91.225,50.8));
#19921=CARTESIAN_POINT('',(76.9625,-92.4553130571018,50.8));
#19922=CARTESIAN_POINT('Origin',(141.6125,-92.225,50.8));
#19923=CARTESIAN_POINT('',(141.6125,-92.725,50.8));
#19924=CARTESIAN_POINT('Origin',(135.0875,-92.725,50.8));
#19925=CARTESIAN_POINT('',(115.5625,-92.725,50.8));
#19926=CARTESIAN_POINT('Origin',(115.5625,-92.225,50.8));
#19927=CARTESIAN_POINT('Origin',(133.7125,-78.325,50.8));
#19928=CARTESIAN_POINT('',(133.7125,-78.725,50.8));
#19929=CARTESIAN_POINT('Origin',(122.9625,-78.725,50.8));
#19930=CARTESIAN_POINT('',(123.4625,-78.725,50.8));
#19931=CARTESIAN_POINT('Origin',(123.4625,-78.325,50.8));
#19932=CARTESIAN_POINT('Origin',(73.9625,-92.4553130571018,50.8));
#19933=CARTESIAN_POINT('',(74.8583333333333,-95.3184376857006,50.8));
#19934=CARTESIAN_POINT('Origin',(183.2125,-92.4553130571018,50.8));
#19935=CARTESIAN_POINT('',(182.316666666667,-95.3184376857006,50.8));
#19936=CARTESIAN_POINT('Origin',(169.2125,-92.25,50.8));
#19937=CARTESIAN_POINT('',(169.2125,-95.25,50.8));
#19938=CARTESIAN_POINT('Origin',(0.,-95.25,50.8));
#19939=CARTESIAN_POINT('',(87.9625,-95.25,50.8));
#19940=CARTESIAN_POINT('Origin',(87.9625,-92.25,50.8));
#19941=CARTESIAN_POINT('Origin',(3.112,-57.675,50.8));
#19942=CARTESIAN_POINT('',(3.112,-57.175,50.8));
#19943=CARTESIAN_POINT('',(2.612,-57.675,50.8));
#19944=CARTESIAN_POINT('Origin',(4.112,-57.175,50.8));
#19945=CARTESIAN_POINT('',(10.112,-57.175,50.8));
#19946=CARTESIAN_POINT('Origin',(3.112,-75.675,50.8));
#19947=CARTESIAN_POINT('',(3.112,-76.175,50.8));
#19948=CARTESIAN_POINT('',(2.612,-75.675,50.8));
#19949=CARTESIAN_POINT('Origin',(10.112,-76.175,50.8));
#19950=CARTESIAN_POINT('',(10.112,-76.175,50.8));
#19951=CARTESIAN_POINT('Origin',(34.988,-57.675,50.8));
#19952=CARTESIAN_POINT('',(35.488,-57.675,50.8));
#19953=CARTESIAN_POINT('',(34.988,-57.175,50.8));
#19954=CARTESIAN_POINT('Origin',(35.488,-58.175,50.8));
#19955=CARTESIAN_POINT('',(35.488,-75.675,50.8));
#19956=CARTESIAN_POINT('Origin',(34.988,-75.675,50.8));
#19957=CARTESIAN_POINT('',(34.988,-76.175,50.8));
#19958=CARTESIAN_POINT('Origin',(10.112,-76.175,50.8));
#19959=CARTESIAN_POINT('',(27.988,-76.175,50.8));
#19960=CARTESIAN_POINT('Origin',(2.612,-72.175,50.8));
#19961=CARTESIAN_POINT('Origin',(26.988,-74.175,50.8));
#19962=CARTESIAN_POINT('',(27.488,-74.175,50.8));
#19963=CARTESIAN_POINT('',(26.988,-73.675,50.8));
#19964=CARTESIAN_POINT('Origin',(25.55,-73.675,50.8));
#19965=CARTESIAN_POINT('',(11.112,-73.675,50.8));
#19966=CARTESIAN_POINT('Origin',(11.112,-74.175,50.8));
#19967=CARTESIAN_POINT('',(10.612,-74.175,50.8));
#19968=CARTESIAN_POINT('Origin',(26.988,-59.175,50.8));
#19969=CARTESIAN_POINT('',(27.488,-59.175,50.8));
#19970=CARTESIAN_POINT('',(26.988,-59.675,50.8));
#19971=CARTESIAN_POINT('Origin',(12.55,-59.675,50.8));
#19972=CARTESIAN_POINT('',(11.112,-59.675,50.8));
#19973=CARTESIAN_POINT('Origin',(11.112,-59.175,50.8));
#19974=CARTESIAN_POINT('',(10.612,-59.175,50.8));
#19975=CARTESIAN_POINT('Origin',(10.612,-58.175,50.8));
#19976=CARTESIAN_POINT('',(10.612,-57.675,50.8));
#19977=CARTESIAN_POINT('Origin',(27.488,-72.175,50.8));
#19978=CARTESIAN_POINT('',(27.488,-57.675,50.8));
#19979=CARTESIAN_POINT('Origin',(10.612,-58.175,50.8));
#19980=CARTESIAN_POINT('',(10.612,-75.675,50.8));
#19981=CARTESIAN_POINT('Origin',(27.988,-75.675,50.8));
#19982=CARTESIAN_POINT('',(27.488,-75.675,50.8));
#19983=CARTESIAN_POINT('Origin',(10.112,-75.675,50.8));
#19984=CARTESIAN_POINT('Origin',(27.488,-72.175,50.8));
#19985=CARTESIAN_POINT('Origin',(27.988,-57.675,50.8));
#19986=CARTESIAN_POINT('',(27.988,-57.175,50.8));
#19987=CARTESIAN_POINT('Origin',(4.112,-57.175,50.8));
#19988=CARTESIAN_POINT('Origin',(10.112,-57.675,50.8));
#19989=CARTESIAN_POINT('Origin',(235.554586487641,-96.2470620818804,52.3));
#19990=CARTESIAN_POINT('',(233.554595031444,-96.2529080324464,52.3));
#19991=CARTESIAN_POINT('',(235.554586487641,-96.2470620818804,52.3));
#19992=CARTESIAN_POINT('Origin',(235.553125,-95.7470642178311,52.3));
#19993=CARTESIAN_POINT('',(235.551663512358,-95.2470663537817,52.3));
#19994=CARTESIAN_POINT('Origin',(233.551672056161,-95.2529123043477,52.3));
#19995=CARTESIAN_POINT('',(233.551672056161,-95.2529123043477,52.3));
#19996=CARTESIAN_POINT('Origin',(233.553133543803,-95.752910168397,52.3));
#19997=CARTESIAN_POINT('Origin',(23.6234875383521,-96.2467567304383,52.3));
#19998=CARTESIAN_POINT('',(21.6234979394989,-96.253206883847,52.3));
#19999=CARTESIAN_POINT('',(23.6234875383521,-96.2467567304383,52.3));
#20000=CARTESIAN_POINT('Origin',(23.621875,-95.746759330725,52.3));
#20001=CARTESIAN_POINT('',(23.6202624616478,-95.2467619310118,52.3));
#20002=CARTESIAN_POINT('Origin',(21.6202728627946,-95.2532120844204,52.3));
#20003=CARTESIAN_POINT('',(21.6202728627946,-95.2532120844204,52.3));
#20004=CARTESIAN_POINT('Origin',(21.6218854011468,-95.7532094841337,52.3));
#20005=CARTESIAN_POINT('Origin',(239.125,-19.05,52.3));
#20006=CARTESIAN_POINT('',(237.125,-19.05,52.3));
#20007=CARTESIAN_POINT('',(239.125,-19.05,52.3));
#20008=CARTESIAN_POINT('Origin',(239.125,-18.55,52.3));
#20009=CARTESIAN_POINT('',(239.125,-18.05,52.3));
#20010=CARTESIAN_POINT('Origin',(237.125,-18.05,52.3));
#20011=CARTESIAN_POINT('',(237.125,-18.05,52.3));
#20012=CARTESIAN_POINT('Origin',(237.125,-18.55,52.3));
#20013=CARTESIAN_POINT('Origin',(187.370066338008,-96.2473552029111,52.3));
#20014=CARTESIAN_POINT('',(185.370073269003,-96.2526205549423,52.3));
#20015=CARTESIAN_POINT('',(187.370066338008,-96.2473552029111,52.3));
#20016=CARTESIAN_POINT('Origin',(187.36875,-95.7473569356598,52.3));
#20017=CARTESIAN_POINT('',(187.367433672529,-95.2473586683808,52.3));
#20018=CARTESIAN_POINT('Origin',(185.367440592987,-95.2526240204398,52.3));
#20019=CARTESIAN_POINT('',(185.367440592987,-95.2526240204398,52.3));
#20020=CARTESIAN_POINT('Origin',(185.368756930995,-95.7526222876911,52.3));
#20021=CARTESIAN_POINT('Origin',(71.8076291000933,-96.2472284948526,52.3));
#20022=CARTESIAN_POINT('',(69.8076367077761,-96.2527448952259,52.3));
#20023=CARTESIAN_POINT('',(71.8076291000933,-96.2472284948526,52.3));
#20024=CARTESIAN_POINT('Origin',(71.80625,-95.7472303967733,52.3));
#20025=CARTESIAN_POINT('',(71.8048708999067,-95.2472322986941,52.3));
#20026=CARTESIAN_POINT('Origin',(69.8048785075894,-95.2527486990673,52.3));
#20027=CARTESIAN_POINT('',(69.8048785075894,-95.2527486990673,52.3));
#20028=CARTESIAN_POINT('Origin',(69.8062576076827,-95.7527467971466,52.3));
#20029=CARTESIAN_POINT('Origin',(160.925,-18.05,52.3));
#20030=CARTESIAN_POINT('',(162.925,-18.05,52.3));
#20031=CARTESIAN_POINT('',(160.925,-18.05,52.3));
#20032=CARTESIAN_POINT('Origin',(160.925,-18.55,52.3));
#20033=CARTESIAN_POINT('',(160.925,-19.05,52.3));
#20034=CARTESIAN_POINT('Origin',(162.925,-19.05,52.3));
#20035=CARTESIAN_POINT('',(162.925,-19.05,52.3));
#20036=CARTESIAN_POINT('Origin',(162.925,-18.55,52.3));
#20037=CARTESIAN_POINT('Origin',(20.05,0.500000000000001,52.3));
#20038=CARTESIAN_POINT('',(20.05,4.85722573273506E-16,52.3));
#20039=CARTESIAN_POINT('',(20.05,1.,52.3));
#20040=CARTESIAN_POINT('Origin',(18.05,1.,52.3));
#20041=CARTESIAN_POINT('',(18.05,1.,52.3));
#20042=CARTESIAN_POINT('Origin',(18.05,0.5,52.3));
#20043=CARTESIAN_POINT('',(18.05,4.16333634234434E-16,52.3));
#20044=CARTESIAN_POINT('Origin',(20.05,4.82418348491267E-16,52.3));
#20045=CARTESIAN_POINT('Origin',(96.25,0.500000000000001,52.3));
#20046=CARTESIAN_POINT('',(96.25,4.85722573273506E-16,52.3));
#20047=CARTESIAN_POINT('',(96.25,1.,52.3));
#20048=CARTESIAN_POINT('Origin',(94.25,1.,52.3));
#20049=CARTESIAN_POINT('',(94.25,1.,52.3));
#20050=CARTESIAN_POINT('Origin',(94.25,0.5,52.3));
#20051=CARTESIAN_POINT('',(94.25,4.16333634234434E-16,52.3));
#20052=CARTESIAN_POINT('Origin',(96.25,4.82418348491267E-16,52.3));
#20053=CARTESIAN_POINT('Origin',(242.625,-17.55,50.8));
#20054=CARTESIAN_POINT('',(242.625,-19.05,50.8));
#20055=CARTESIAN_POINT('',(241.125,-17.55,50.8));
#20056=CARTESIAN_POINT('Origin',(256.175,-19.05,50.8));
#20057=CARTESIAN_POINT('',(256.175,-19.05,50.8));
#20058=CARTESIAN_POINT('Origin',(240.125,-15.555,50.8));
#20059=CARTESIAN_POINT('',(241.125,-15.555,50.8));
#20060=CARTESIAN_POINT('Origin',(241.125,-19.05,50.8));
#20061=CARTESIAN_POINT('Origin',(233.625,-17.55,50.8));
#20062=CARTESIAN_POINT('',(235.125,-17.55,50.8));
#20063=CARTESIAN_POINT('',(233.625,-19.05,50.8));
#20064=CARTESIAN_POINT('Origin',(235.125,-15.555,50.8));
#20065=CARTESIAN_POINT('',(235.125,-15.555,50.8));
#20066=CARTESIAN_POINT('Origin',(236.125,-15.555,50.8));
#20067=CARTESIAN_POINT('Origin',(166.425,-17.55,50.8));
#20068=CARTESIAN_POINT('',(166.425,-19.05,50.8));
#20069=CARTESIAN_POINT('',(164.925,-17.55,50.8));
#20070=CARTESIAN_POINT('Origin',(256.175,-19.05,50.8));
#20071=CARTESIAN_POINT('Origin',(163.925,-15.555,50.8));
#20072=CARTESIAN_POINT('',(164.925,-15.555,50.8));
#20073=CARTESIAN_POINT('Origin',(164.925,-19.05,50.8));
#20074=CARTESIAN_POINT('Origin',(157.425,-17.55,50.8));
#20075=CARTESIAN_POINT('',(158.925,-17.55,50.8));
#20076=CARTESIAN_POINT('',(157.425,-19.05,50.8));
#20077=CARTESIAN_POINT('Origin',(158.925,-15.555,50.8));
#20078=CARTESIAN_POINT('',(158.925,-15.555,50.8));
#20079=CARTESIAN_POINT('Origin',(159.925,-15.555,50.8));
#20080=CARTESIAN_POINT('Origin',(236.553125,-98.745,50.8));
#20081=CARTESIAN_POINT('',(237.553125,-98.745,50.8));
#20082=CARTESIAN_POINT('Origin',(237.553125,-98.745,50.8));
#20083=CARTESIAN_POINT('',(237.553125,-96.75,50.8));
#20084=CARTESIAN_POINT('Origin',(232.553125,-98.745,50.8));
#20085=CARTESIAN_POINT('',(231.553125,-98.745,50.8));
#20086=CARTESIAN_POINT('Origin',(231.553125,-95.25,50.8));
#20087=CARTESIAN_POINT('',(231.553125,-96.75,50.8));
#20088=CARTESIAN_POINT('Origin',(188.36875,-98.745,50.8));
#20089=CARTESIAN_POINT('',(188.36875,-99.745,50.8));
#20090=CARTESIAN_POINT('',(189.36875,-98.745,50.8));
#20091=CARTESIAN_POINT('Origin',(189.36875,-98.745,50.8));
#20092=CARTESIAN_POINT('',(189.36875,-96.75,50.8));
#20093=CARTESIAN_POINT('Origin',(184.36875,-98.745,50.8));
#20094=CARTESIAN_POINT('',(184.36875,-99.745,50.8));
#20095=CARTESIAN_POINT('',(183.36875,-98.745,50.8));
#20096=CARTESIAN_POINT('Origin',(183.36875,-95.25,50.8));
#20097=CARTESIAN_POINT('',(183.36875,-96.75,50.8));
#20098=CARTESIAN_POINT('Origin',(72.80625,-98.745,50.8));
#20099=CARTESIAN_POINT('',(72.80625,-99.745,50.8));
#20100=CARTESIAN_POINT('',(73.80625,-98.745,50.8));
#20101=CARTESIAN_POINT('Origin',(73.80625,-98.745,50.8));
#20102=CARTESIAN_POINT('',(73.80625,-96.75,50.8));
#20103=CARTESIAN_POINT('Origin',(68.80625,-98.745,50.8));
#20104=CARTESIAN_POINT('',(68.80625,-99.745,50.8));
#20105=CARTESIAN_POINT('',(67.80625,-98.745,50.8));
#20106=CARTESIAN_POINT('Origin',(67.80625,-95.25,50.8));
#20107=CARTESIAN_POINT('',(67.80625,-96.75,50.8));
#20108=CARTESIAN_POINT('Origin',(24.621875,-98.745,50.8));
#20109=CARTESIAN_POINT('',(24.621875,-99.745,50.8));
#20110=CARTESIAN_POINT('',(25.621875,-98.745,50.8));
#20111=CARTESIAN_POINT('Origin',(25.621875,-98.745,50.8));
#20112=CARTESIAN_POINT('',(25.621875,-96.75,50.8));
#20113=CARTESIAN_POINT('Origin',(20.621875,-98.745,50.8));
#20114=CARTESIAN_POINT('',(20.621875,-99.745,50.8));
#20115=CARTESIAN_POINT('',(19.621875,-98.745,50.8));
#20116=CARTESIAN_POINT('Origin',(19.621875,-95.25,50.8));
#20117=CARTESIAN_POINT('',(19.621875,-96.75,50.8));
#20118=CARTESIAN_POINT('Origin',(17.05,3.495,50.8));
#20119=CARTESIAN_POINT('',(16.05,3.495,50.8));
#20120=CARTESIAN_POINT('Origin',(16.05,3.495,50.8));
#20121=CARTESIAN_POINT('',(16.05,1.5,50.8));
#20122=CARTESIAN_POINT('Origin',(21.05,3.495,50.8));
#20123=CARTESIAN_POINT('',(22.05,3.495,50.8));
#20124=CARTESIAN_POINT('Origin',(22.05,0.,50.8));
#20125=CARTESIAN_POINT('',(22.05,1.5,50.8));
#20126=CARTESIAN_POINT('Origin',(93.25,3.49500000000001,50.8));
#20127=CARTESIAN_POINT('',(92.25,3.49500000000001,50.8));
#20128=CARTESIAN_POINT('Origin',(92.25,3.49500000000001,50.8));
#20129=CARTESIAN_POINT('',(92.25,1.5,50.8));
#20130=CARTESIAN_POINT('Origin',(97.25,3.49500000000001,50.8));
#20131=CARTESIAN_POINT('',(98.25,3.49500000000001,50.8));
#20132=CARTESIAN_POINT('Origin',(98.25,0.,50.8));
#20133=CARTESIAN_POINT('',(98.25,1.5,50.8));
#20134=CARTESIAN_POINT('Origin',(185.36875,-99.745,50.8));
#20135=CARTESIAN_POINT('Origin',(233.553125,-98.745,50.8));
#20136=CARTESIAN_POINT('',(233.553125,-98.745,50.8));
#20137=CARTESIAN_POINT('Origin',(69.80625,-99.745,50.8));
#20138=CARTESIAN_POINT('Origin',(25.621875,-99.745,50.8));
#20139=CARTESIAN_POINT('Origin',(21.621875,-99.745,50.8));
#20140=CARTESIAN_POINT('Origin',(73.80625,-99.745,50.8));
#20141=CARTESIAN_POINT('Origin',(235.553125,-98.745,52.3));
#20142=CARTESIAN_POINT('',(235.553125,-98.745,50.8));
#20143=CARTESIAN_POINT('Origin',(189.36875,-99.745,50.8));
#20144=CARTESIAN_POINT('Origin',(18.05,3.49500000000001,52.3));
#20145=CARTESIAN_POINT('',(18.05,3.49500000000001,50.8));
#20146=CARTESIAN_POINT('Origin',(94.25,3.49500000000001,52.3));
#20147=CARTESIAN_POINT('',(94.25,3.49500000000001,50.8));
#20148=CARTESIAN_POINT('Origin',(96.25,3.49500000000001,50.8));
#20149=CARTESIAN_POINT('',(96.25,3.49500000000001,50.8));
#20150=CARTESIAN_POINT('Origin',(20.05,3.49500000000001,50.8));
#20151=CARTESIAN_POINT('',(20.05,3.49500000000001,50.8));
#20152=CARTESIAN_POINT('Origin',(160.925,-15.555,52.3));
#20153=CARTESIAN_POINT('',(160.925,-15.555,50.8));
#20154=CARTESIAN_POINT('Origin',(237.125,-15.555,52.3));
#20155=CARTESIAN_POINT('',(237.125,-15.555,50.8));
#20156=CARTESIAN_POINT('Origin',(239.125,-15.555,50.8));
#20157=CARTESIAN_POINT('',(239.125,-15.555,50.8));
#20158=CARTESIAN_POINT('Origin',(162.925,-15.555,50.8));
#20159=CARTESIAN_POINT('',(162.925,-15.555,50.8));
#20160=CARTESIAN_POINT('Origin',(161.925,-15.555,50.8));
#20161=CARTESIAN_POINT('Origin',(239.053125,-96.75,50.8));
#20162=CARTESIAN_POINT('',(239.053125,-95.25,50.8));
#20163=CARTESIAN_POINT('Origin',(0.,-95.25,50.8));
#20164=CARTESIAN_POINT('',(256.175,-95.25,50.8));
#20165=CARTESIAN_POINT('Origin',(190.86875,-96.75,50.8));
#20166=CARTESIAN_POINT('',(190.86875,-95.25,50.8));
#20167=CARTESIAN_POINT('Origin',(0.,-95.25,50.8));
#20168=CARTESIAN_POINT('',(230.053125,-95.25,50.8));
#20169=CARTESIAN_POINT('Origin',(230.053125,-96.75,50.8));
#20170=CARTESIAN_POINT('Origin',(75.30625,-96.75,50.8));
#20171=CARTESIAN_POINT('Origin',(181.86875,-96.75,50.8));
#20172=CARTESIAN_POINT('Origin',(18.121875,-96.75,50.8));
#20173=CARTESIAN_POINT('',(18.121875,-95.25,50.8));
#20174=CARTESIAN_POINT('Origin',(0.,-95.25,50.8));
#20175=CARTESIAN_POINT('',(1.,-95.25,50.8));
#20176=CARTESIAN_POINT('Origin',(27.121875,-96.75,50.8));
#20177=CARTESIAN_POINT('',(27.121875,-95.25,50.8));
#20178=CARTESIAN_POINT('Origin',(66.30625,-96.75,50.8));
#20179=CARTESIAN_POINT('',(66.30625,-95.25,50.8));
#20180=CARTESIAN_POINT('Origin',(0.,-95.25,50.8));
#20181=CARTESIAN_POINT('Origin',(14.55,1.5,50.8));
#20182=CARTESIAN_POINT('',(14.55,5.55111512312578E-16,50.8));
#20183=CARTESIAN_POINT('Origin',(113.3,2.91433543964104E-15,50.8));
#20184=CARTESIAN_POINT('',(1.,0.,50.8));
#20185=CARTESIAN_POINT('Origin',(99.75,1.5,50.8));
#20186=CARTESIAN_POINT('',(99.75,2.4980018054066E-15,50.8));
#20187=CARTESIAN_POINT('Origin',(113.3,2.91433543964104E-15,50.8));
#20188=CARTESIAN_POINT('',(113.3,2.91433543964104E-15,50.8));
#20189=CARTESIAN_POINT('Origin',(23.55,1.5,50.8));
#20190=CARTESIAN_POINT('',(23.55,5.55111512312578E-16,50.8));
#20191=CARTESIAN_POINT('Origin',(113.3,2.91433543964104E-15,50.8));
#20192=CARTESIAN_POINT('',(90.75,2.22044604925031E-15,50.8));
#20193=CARTESIAN_POINT('Origin',(90.75,1.5,50.8));
#20194=CARTESIAN_POINT('Origin',(22.621875,-98.745,50.8));
#20195=CARTESIAN_POINT('Origin',(234.553125,-98.745,50.8));
#20196=CARTESIAN_POINT('Origin',(70.80625,-98.745,50.8));
#20197=CARTESIAN_POINT('Origin',(186.36875,-98.745,50.8));
#20198=CARTESIAN_POINT('Origin',(238.125,-15.555,50.8));
#20199=CARTESIAN_POINT('Origin',(256.175,-19.05,50.8));
#20200=CARTESIAN_POINT('',(115.3,-19.05,50.8));
#20201=CARTESIAN_POINT('Origin',(19.05,3.495,50.8));
#20202=CARTESIAN_POINT('Origin',(95.25,3.49500000000001,50.8));
#20203=CARTESIAN_POINT('Origin',(1.,-94.25,50.8));
#20204=CARTESIAN_POINT('',(0.,-94.25,50.8));
#20205=CARTESIAN_POINT('Origin',(69.2,-35.075,50.8));
#20206=CARTESIAN_POINT('',(69.2,-22.075,50.8));
#20207=CARTESIAN_POINT('',(69.2,-35.075,50.8));
#20208=CARTESIAN_POINT('Origin',(69.7,-35.075,50.8));
#20209=CARTESIAN_POINT('',(69.7,-35.575,50.8));
#20210=CARTESIAN_POINT('Origin',(82.7,-35.575,50.8));
#20211=CARTESIAN_POINT('',(82.7,-35.575,50.8));
#20212=CARTESIAN_POINT('Origin',(82.7,-35.075,50.8));
#20213=CARTESIAN_POINT('',(83.2,-35.075,50.8));
#20214=CARTESIAN_POINT('Origin',(83.2,-22.075,50.8));
#20215=CARTESIAN_POINT('',(83.2,-22.075,50.8));
#20216=CARTESIAN_POINT('Origin',(82.7,-22.075,50.8));
#20217=CARTESIAN_POINT('',(82.7,-21.575,50.8));
#20218=CARTESIAN_POINT('Origin',(69.7,-21.575,50.8));
#20219=CARTESIAN_POINT('',(69.7,-21.575,50.8));
#20220=CARTESIAN_POINT('Origin',(69.7,-22.075,50.8));
#20221=CARTESIAN_POINT('Origin',(78.725,-16.025,50.8));
#20222=CARTESIAN_POINT('',(78.725,-3.025,50.8));
#20223=CARTESIAN_POINT('',(78.725,-16.025,50.8));
#20224=CARTESIAN_POINT('Origin',(79.225,-16.025,50.8));
#20225=CARTESIAN_POINT('',(79.225,-16.525,50.8));
#20226=CARTESIAN_POINT('Origin',(92.225,-16.525,50.8));
#20227=CARTESIAN_POINT('',(92.225,-16.525,50.8));
#20228=CARTESIAN_POINT('Origin',(92.225,-16.025,50.8));
#20229=CARTESIAN_POINT('',(92.725,-16.025,50.8));
#20230=CARTESIAN_POINT('Origin',(92.725,-3.025,50.8));
#20231=CARTESIAN_POINT('',(92.725,-3.025,50.8));
#20232=CARTESIAN_POINT('Origin',(92.225,-3.025,50.8));
#20233=CARTESIAN_POINT('',(92.225,-2.52500000000001,50.8));
#20234=CARTESIAN_POINT('Origin',(79.225,-2.525,50.8));
#20235=CARTESIAN_POINT('',(79.225,-2.525,50.8));
#20236=CARTESIAN_POINT('Origin',(79.225,-3.025,50.8));
#20237=CARTESIAN_POINT('Origin',(31.1,-35.075,50.8));
#20238=CARTESIAN_POINT('',(31.1,-22.075,50.8));
#20239=CARTESIAN_POINT('',(31.1,-35.075,50.8));
#20240=CARTESIAN_POINT('Origin',(31.6,-35.075,50.8));
#20241=CARTESIAN_POINT('',(31.6,-35.575,50.8));
#20242=CARTESIAN_POINT('Origin',(44.6,-35.575,50.8));
#20243=CARTESIAN_POINT('',(44.6,-35.575,50.8));
#20244=CARTESIAN_POINT('Origin',(44.6,-35.075,50.8));
#20245=CARTESIAN_POINT('',(45.1,-35.075,50.8));
#20246=CARTESIAN_POINT('Origin',(45.1,-22.075,50.8));
#20247=CARTESIAN_POINT('',(45.1,-22.075,50.8));
#20248=CARTESIAN_POINT('Origin',(44.6,-22.075,50.8));
#20249=CARTESIAN_POINT('',(44.6,-21.575,50.8));
#20250=CARTESIAN_POINT('Origin',(31.6,-21.575,50.8));
#20251=CARTESIAN_POINT('',(31.6,-21.575,50.8));
#20252=CARTESIAN_POINT('Origin',(31.6,-22.075,50.8));
#20253=CARTESIAN_POINT('Origin',(97.775,-16.025,50.8));
#20254=CARTESIAN_POINT('',(97.775,-3.025,50.8));
#20255=CARTESIAN_POINT('',(97.775,-16.025,50.8));
#20256=CARTESIAN_POINT('Origin',(98.275,-16.025,50.8));
#20257=CARTESIAN_POINT('',(98.275,-16.525,50.8));
#20258=CARTESIAN_POINT('Origin',(111.275,-16.525,50.8));
#20259=CARTESIAN_POINT('',(111.275,-16.525,50.8));
#20260=CARTESIAN_POINT('Origin',(111.275,-16.025,50.8));
#20261=CARTESIAN_POINT('',(111.775,-16.025,50.8));
#20262=CARTESIAN_POINT('Origin',(111.775,-3.025,50.8));
#20263=CARTESIAN_POINT('',(111.775,-3.025,50.8));
#20264=CARTESIAN_POINT('Origin',(111.275,-3.025,50.8));
#20265=CARTESIAN_POINT('',(111.275,-2.52499999999999,50.8));
#20266=CARTESIAN_POINT('Origin',(98.275,-2.525,50.8));
#20267=CARTESIAN_POINT('',(98.275,-2.525,50.8));
#20268=CARTESIAN_POINT('Origin',(98.275,-3.025,50.8));
#20269=CARTESIAN_POINT('Origin',(50.15,-35.075,50.8));
#20270=CARTESIAN_POINT('',(50.15,-22.075,50.8));
#20271=CARTESIAN_POINT('',(50.15,-35.075,50.8));
#20272=CARTESIAN_POINT('Origin',(50.65,-35.075,50.8));
#20273=CARTESIAN_POINT('',(50.65,-35.575,50.8));
#20274=CARTESIAN_POINT('Origin',(63.65,-35.575,50.8));
#20275=CARTESIAN_POINT('',(63.65,-35.575,50.8));
#20276=CARTESIAN_POINT('Origin',(63.65,-35.075,50.8));
#20277=CARTESIAN_POINT('',(64.15,-35.075,50.8));
#20278=CARTESIAN_POINT('Origin',(64.15,-22.075,50.8));
#20279=CARTESIAN_POINT('',(64.15,-22.075,50.8));
#20280=CARTESIAN_POINT('Origin',(63.65,-22.075,50.8));
#20281=CARTESIAN_POINT('',(63.65,-21.575,50.8));
#20282=CARTESIAN_POINT('Origin',(50.65,-21.575,50.8));
#20283=CARTESIAN_POINT('',(50.65,-21.575,50.8));
#20284=CARTESIAN_POINT('Origin',(50.65,-22.075,50.8));
#20285=CARTESIAN_POINT('Origin',(88.25,-35.075,50.8));
#20286=CARTESIAN_POINT('',(88.25,-22.075,50.8));
#20287=CARTESIAN_POINT('',(88.25,-35.075,50.8));
#20288=CARTESIAN_POINT('Origin',(88.75,-35.075,50.8));
#20289=CARTESIAN_POINT('',(88.75,-35.575,50.8));
#20290=CARTESIAN_POINT('Origin',(101.75,-35.575,50.8));
#20291=CARTESIAN_POINT('',(101.75,-35.575,50.8));
#20292=CARTESIAN_POINT('Origin',(101.75,-35.075,50.8));
#20293=CARTESIAN_POINT('',(102.25,-35.075,50.8));
#20294=CARTESIAN_POINT('Origin',(102.25,-22.075,50.8));
#20295=CARTESIAN_POINT('',(102.25,-22.075,50.8));
#20296=CARTESIAN_POINT('Origin',(101.75,-22.075,50.8));
#20297=CARTESIAN_POINT('',(101.75,-21.575,50.8));
#20298=CARTESIAN_POINT('Origin',(88.75,-21.575,50.8));
#20299=CARTESIAN_POINT('',(88.75,-21.575,50.8));
#20300=CARTESIAN_POINT('Origin',(88.75,-22.075,50.8));
#20301=CARTESIAN_POINT('Origin',(7.2875,-35.075,50.8));
#20302=CARTESIAN_POINT('',(7.2875,-22.075,50.8));
#20303=CARTESIAN_POINT('',(7.2875,-35.075,50.8));
#20304=CARTESIAN_POINT('Origin',(7.7875,-35.075,50.8));
#20305=CARTESIAN_POINT('',(7.7875,-35.575,50.8));
#20306=CARTESIAN_POINT('Origin',(20.7875,-35.575,50.8));
#20307=CARTESIAN_POINT('',(20.7875,-35.575,50.8));
#20308=CARTESIAN_POINT('Origin',(20.7875,-35.075,50.8));
#20309=CARTESIAN_POINT('',(21.2875,-35.075,50.8));
#20310=CARTESIAN_POINT('Origin',(21.2875,-22.075,50.8));
#20311=CARTESIAN_POINT('',(21.2875,-22.075,50.8));
#20312=CARTESIAN_POINT('Origin',(20.7875,-22.075,50.8));
#20313=CARTESIAN_POINT('',(20.7875,-21.575,50.8));
#20314=CARTESIAN_POINT('Origin',(7.7875,-21.575,50.8));
#20315=CARTESIAN_POINT('',(7.7875,-21.575,50.8));
#20316=CARTESIAN_POINT('Origin',(7.7875,-22.075,50.8));
#20317=CARTESIAN_POINT('Origin',(40.625,-16.025,50.8));
#20318=CARTESIAN_POINT('',(40.625,-3.025,50.8));
#20319=CARTESIAN_POINT('',(40.625,-16.025,50.8));
#20320=CARTESIAN_POINT('Origin',(41.125,-16.025,50.8));
#20321=CARTESIAN_POINT('',(41.125,-16.525,50.8));
#20322=CARTESIAN_POINT('Origin',(54.125,-16.525,50.8));
#20323=CARTESIAN_POINT('',(54.125,-16.525,50.8));
#20324=CARTESIAN_POINT('Origin',(54.125,-16.025,50.8));
#20325=CARTESIAN_POINT('',(54.625,-16.025,50.8));
#20326=CARTESIAN_POINT('Origin',(54.625,-3.025,50.8));
#20327=CARTESIAN_POINT('',(54.625,-3.025,50.8));
#20328=CARTESIAN_POINT('Origin',(54.125,-3.025,50.8));
#20329=CARTESIAN_POINT('',(54.125,-2.525,50.8));
#20330=CARTESIAN_POINT('Origin',(41.125,-2.525,50.8));
#20331=CARTESIAN_POINT('',(41.125,-2.525,50.8));
#20332=CARTESIAN_POINT('Origin',(41.125,-3.025,50.8));
#20333=CARTESIAN_POINT('Origin',(59.675,-16.025,50.8));
#20334=CARTESIAN_POINT('',(59.675,-3.025,50.8));
#20335=CARTESIAN_POINT('',(59.675,-16.025,50.8));
#20336=CARTESIAN_POINT('Origin',(60.175,-16.025,50.8));
#20337=CARTESIAN_POINT('',(60.175,-16.525,50.8));
#20338=CARTESIAN_POINT('Origin',(73.175,-16.525,50.8));
#20339=CARTESIAN_POINT('',(73.175,-16.525,50.8));
#20340=CARTESIAN_POINT('Origin',(73.175,-16.025,50.8));
#20341=CARTESIAN_POINT('',(73.675,-16.025,50.8));
#20342=CARTESIAN_POINT('Origin',(73.675,-3.025,50.8));
#20343=CARTESIAN_POINT('',(73.675,-3.025,50.8));
#20344=CARTESIAN_POINT('Origin',(73.175,-3.025,50.8));
#20345=CARTESIAN_POINT('',(73.175,-2.525,50.8));
#20346=CARTESIAN_POINT('Origin',(60.175,-2.525,50.8));
#20347=CARTESIAN_POINT('',(60.175,-2.525,50.8));
#20348=CARTESIAN_POINT('Origin',(60.175,-3.025,50.8));
#20349=CARTESIAN_POINT('Origin',(21.575,-16.025,50.8));
#20350=CARTESIAN_POINT('',(21.575,-3.025,50.8));
#20351=CARTESIAN_POINT('',(21.575,-16.025,50.8));
#20352=CARTESIAN_POINT('Origin',(22.075,-16.025,50.8));
#20353=CARTESIAN_POINT('',(22.075,-16.525,50.8));
#20354=CARTESIAN_POINT('Origin',(35.075,-16.525,50.8));
#20355=CARTESIAN_POINT('',(35.075,-16.525,50.8));
#20356=CARTESIAN_POINT('Origin',(35.075,-16.025,50.8));
#20357=CARTESIAN_POINT('',(35.575,-16.025,50.8));
#20358=CARTESIAN_POINT('Origin',(35.575,-3.025,50.8));
#20359=CARTESIAN_POINT('',(35.575,-3.025,50.8));
#20360=CARTESIAN_POINT('Origin',(35.075,-3.025,50.8));
#20361=CARTESIAN_POINT('',(35.075,-2.525,50.8));
#20362=CARTESIAN_POINT('Origin',(22.075,-2.525,50.8));
#20363=CARTESIAN_POINT('',(22.075,-2.525,50.8));
#20364=CARTESIAN_POINT('Origin',(22.075,-3.025,50.8));
#20365=CARTESIAN_POINT('Origin',(2.525,-16.025,50.8));
#20366=CARTESIAN_POINT('',(2.525,-3.025,50.8));
#20367=CARTESIAN_POINT('',(2.525,-16.025,50.8));
#20368=CARTESIAN_POINT('Origin',(3.025,-16.025,50.8));
#20369=CARTESIAN_POINT('',(3.025,-16.525,50.8));
#20370=CARTESIAN_POINT('Origin',(16.025,-16.525,50.8));
#20371=CARTESIAN_POINT('',(16.025,-16.525,50.8));
#20372=CARTESIAN_POINT('Origin',(16.025,-16.025,50.8));
#20373=CARTESIAN_POINT('',(16.525,-16.025,50.8));
#20374=CARTESIAN_POINT('Origin',(16.525,-3.025,50.8));
#20375=CARTESIAN_POINT('',(16.525,-3.025,50.8));
#20376=CARTESIAN_POINT('Origin',(16.025,-3.025,50.8));
#20377=CARTESIAN_POINT('',(16.025,-2.525,50.8));
#20378=CARTESIAN_POINT('Origin',(3.025,-2.525,50.8));
#20379=CARTESIAN_POINT('',(3.025,-2.525,50.8));
#20380=CARTESIAN_POINT('Origin',(3.025,-3.025,50.8));
#20381=CARTESIAN_POINT('Origin',(238.26875,-92.225,50.8));
#20382=CARTESIAN_POINT('',(238.26875,-79.225,50.8));
#20383=CARTESIAN_POINT('',(238.26875,-92.225,50.8));
#20384=CARTESIAN_POINT('Origin',(238.76875,-92.225,50.8));
#20385=CARTESIAN_POINT('',(238.76875,-92.725,50.8));
#20386=CARTESIAN_POINT('Origin',(251.76875,-92.725,50.8));
#20387=CARTESIAN_POINT('',(251.76875,-92.725,50.8));
#20388=CARTESIAN_POINT('Origin',(251.76875,-92.225,50.8));
#20389=CARTESIAN_POINT('',(252.26875,-92.225,50.8));
#20390=CARTESIAN_POINT('Origin',(252.26875,-79.225,50.8));
#20391=CARTESIAN_POINT('',(252.26875,-79.225,50.8));
#20392=CARTESIAN_POINT('Origin',(251.76875,-79.225,50.8));
#20393=CARTESIAN_POINT('',(251.76875,-78.725,50.8));
#20394=CARTESIAN_POINT('Origin',(238.76875,-78.725,50.8));
#20395=CARTESIAN_POINT('',(238.76875,-78.725,50.8));
#20396=CARTESIAN_POINT('Origin',(238.76875,-79.225,50.8));
#20397=CARTESIAN_POINT('Origin',(216.8375,-92.225,50.8));
#20398=CARTESIAN_POINT('',(216.8375,-79.225,50.8));
#20399=CARTESIAN_POINT('',(216.8375,-92.225,50.8));
#20400=CARTESIAN_POINT('Origin',(217.3375,-92.225,50.8));
#20401=CARTESIAN_POINT('',(217.3375,-92.725,50.8));
#20402=CARTESIAN_POINT('Origin',(230.3375,-92.725,50.8));
#20403=CARTESIAN_POINT('',(230.3375,-92.725,50.8));
#20404=CARTESIAN_POINT('Origin',(230.3375,-92.225,50.8));
#20405=CARTESIAN_POINT('',(230.8375,-92.225,50.8));
#20406=CARTESIAN_POINT('Origin',(230.8375,-79.225,50.8));
#20407=CARTESIAN_POINT('',(230.8375,-79.225,50.8));
#20408=CARTESIAN_POINT('Origin',(230.3375,-79.225,50.8));
#20409=CARTESIAN_POINT('',(230.3375,-78.725,50.8));
#20410=CARTESIAN_POINT('Origin',(217.3375,-78.725,50.8));
#20411=CARTESIAN_POINT('',(217.3375,-78.725,50.8));
#20412=CARTESIAN_POINT('Origin',(217.3375,-79.225,50.8));
#20413=CARTESIAN_POINT('Origin',(193.025,-92.225,50.8));
#20414=CARTESIAN_POINT('',(193.025,-79.225,50.8));
#20415=CARTESIAN_POINT('',(193.025,-92.225,50.8));
#20416=CARTESIAN_POINT('Origin',(193.525,-92.225,50.8));
#20417=CARTESIAN_POINT('',(193.525,-92.725,50.8));
#20418=CARTESIAN_POINT('Origin',(206.525,-92.725,50.8));
#20419=CARTESIAN_POINT('',(206.525,-92.725,50.8));
#20420=CARTESIAN_POINT('Origin',(206.525,-92.225,50.8));
#20421=CARTESIAN_POINT('',(207.025,-92.225,50.8));
#20422=CARTESIAN_POINT('Origin',(207.025,-79.225,50.8));
#20423=CARTESIAN_POINT('',(207.025,-79.225,50.8));
#20424=CARTESIAN_POINT('Origin',(206.525,-79.225,50.8));
#20425=CARTESIAN_POINT('',(206.525,-78.725,50.8));
#20426=CARTESIAN_POINT('Origin',(193.525,-78.725,50.8));
#20427=CARTESIAN_POINT('',(193.525,-78.725,50.8));
#20428=CARTESIAN_POINT('Origin',(193.525,-79.225,50.8));
#20429=CARTESIAN_POINT('Origin',(150.1625,-92.225,50.8));
#20430=CARTESIAN_POINT('',(150.1625,-79.225,50.8));
#20431=CARTESIAN_POINT('',(150.1625,-92.225,50.8));
#20432=CARTESIAN_POINT('Origin',(150.6625,-92.225,50.8));
#20433=CARTESIAN_POINT('',(150.6625,-92.725,50.8));
#20434=CARTESIAN_POINT('Origin',(163.6625,-92.725,50.8));
#20435=CARTESIAN_POINT('',(163.6625,-92.725,50.8));
#20436=CARTESIAN_POINT('Origin',(163.6625,-92.225,50.8));
#20437=CARTESIAN_POINT('',(164.1625,-92.225,50.8));
#20438=CARTESIAN_POINT('Origin',(164.1625,-79.225,50.8));
#20439=CARTESIAN_POINT('',(164.1625,-79.225,50.8));
#20440=CARTESIAN_POINT('Origin',(163.6625,-79.225,50.8));
#20441=CARTESIAN_POINT('',(163.6625,-78.725,50.8));
#20442=CARTESIAN_POINT('Origin',(150.6625,-78.725,50.8));
#20443=CARTESIAN_POINT('',(150.6625,-78.725,50.8));
#20444=CARTESIAN_POINT('Origin',(150.6625,-79.225,50.8));
#20445=CARTESIAN_POINT('Origin',(93.0125,-92.225,50.8));
#20446=CARTESIAN_POINT('',(93.0125,-79.225,50.8));
#20447=CARTESIAN_POINT('',(93.0125,-92.225,50.8));
#20448=CARTESIAN_POINT('Origin',(93.5125,-92.225,50.8));
#20449=CARTESIAN_POINT('',(93.5125,-92.725,50.8));
#20450=CARTESIAN_POINT('Origin',(106.5125,-92.725,50.8));
#20451=CARTESIAN_POINT('',(106.5125,-92.725,50.8));
#20452=CARTESIAN_POINT('Origin',(106.5125,-92.225,50.8));
#20453=CARTESIAN_POINT('',(107.0125,-92.225,50.8));
#20454=CARTESIAN_POINT('Origin',(107.0125,-79.225,50.8));
#20455=CARTESIAN_POINT('',(107.0125,-79.225,50.8));
#20456=CARTESIAN_POINT('Origin',(106.5125,-79.225,50.8));
#20457=CARTESIAN_POINT('',(106.5125,-78.725,50.8));
#20458=CARTESIAN_POINT('Origin',(93.5125,-78.725,50.8));
#20459=CARTESIAN_POINT('',(93.5125,-78.725,50.8));
#20460=CARTESIAN_POINT('Origin',(93.5125,-79.225,50.8));
#20461=CARTESIAN_POINT('Origin',(50.15,-92.225,50.8));
#20462=CARTESIAN_POINT('',(50.15,-79.225,50.8));
#20463=CARTESIAN_POINT('',(50.15,-92.225,50.8));
#20464=CARTESIAN_POINT('Origin',(50.65,-92.225,50.8));
#20465=CARTESIAN_POINT('',(50.65,-92.725,50.8));
#20466=CARTESIAN_POINT('Origin',(63.65,-92.725,50.8));
#20467=CARTESIAN_POINT('',(63.65,-92.725,50.8));
#20468=CARTESIAN_POINT('Origin',(63.65,-92.225,50.8));
#20469=CARTESIAN_POINT('',(64.15,-92.225,50.8));
#20470=CARTESIAN_POINT('Origin',(64.15,-79.225,50.8));
#20471=CARTESIAN_POINT('',(64.15,-79.225,50.8));
#20472=CARTESIAN_POINT('Origin',(63.65,-79.225,50.8));
#20473=CARTESIAN_POINT('',(63.65,-78.725,50.8));
#20474=CARTESIAN_POINT('Origin',(50.65,-78.725,50.8));
#20475=CARTESIAN_POINT('',(50.65,-78.725,50.8));
#20476=CARTESIAN_POINT('Origin',(50.65,-79.225,50.8));
#20477=CARTESIAN_POINT('Origin',(26.3375,-92.225,50.8));
#20478=CARTESIAN_POINT('',(26.3375,-79.225,50.8));
#20479=CARTESIAN_POINT('',(26.3375,-92.225,50.8));
#20480=CARTESIAN_POINT('Origin',(26.8375,-92.225,50.8));
#20481=CARTESIAN_POINT('',(26.8375,-92.725,50.8));
#20482=CARTESIAN_POINT('Origin',(39.8375,-92.725,50.8));
#20483=CARTESIAN_POINT('',(39.8375,-92.725,50.8));
#20484=CARTESIAN_POINT('Origin',(39.8375,-92.225,50.8));
#20485=CARTESIAN_POINT('',(40.3375,-92.225,50.8));
#20486=CARTESIAN_POINT('Origin',(40.3375,-79.225,50.8));
#20487=CARTESIAN_POINT('',(40.3375,-79.225,50.8));
#20488=CARTESIAN_POINT('Origin',(39.8375,-79.225,50.8));
#20489=CARTESIAN_POINT('',(39.8375,-78.725,50.8));
#20490=CARTESIAN_POINT('Origin',(26.8375,-78.725,50.8));
#20491=CARTESIAN_POINT('',(26.8375,-78.725,50.8));
#20492=CARTESIAN_POINT('Origin',(26.8375,-79.225,50.8));
#20493=CARTESIAN_POINT('Origin',(4.90625,-92.225,50.8));
#20494=CARTESIAN_POINT('',(4.90625,-79.225,50.8));
#20495=CARTESIAN_POINT('',(4.90625,-92.225,50.8));
#20496=CARTESIAN_POINT('Origin',(5.40625,-92.225,50.8));
#20497=CARTESIAN_POINT('',(5.40625,-92.725,50.8));
#20498=CARTESIAN_POINT('Origin',(18.40625,-92.725,50.8));
#20499=CARTESIAN_POINT('',(18.40625,-92.725,50.8));
#20500=CARTESIAN_POINT('Origin',(18.40625,-92.225,50.8));
#20501=CARTESIAN_POINT('',(18.90625,-92.225,50.8));
#20502=CARTESIAN_POINT('Origin',(18.90625,-79.225,50.8));
#20503=CARTESIAN_POINT('',(18.90625,-79.225,50.8));
#20504=CARTESIAN_POINT('Origin',(18.40625,-79.225,50.8));
#20505=CARTESIAN_POINT('',(18.40625,-78.725,50.8));
#20506=CARTESIAN_POINT('Origin',(5.40625,-78.725,50.8));
#20507=CARTESIAN_POINT('',(5.40625,-78.725,50.8));
#20508=CARTESIAN_POINT('Origin',(5.40625,-79.225,50.8));
#20509=CARTESIAN_POINT('Origin',(235.8875,-73.175,50.8));
#20510=CARTESIAN_POINT('',(235.8875,-60.175,50.8));
#20511=CARTESIAN_POINT('',(235.8875,-73.175,50.8));
#20512=CARTESIAN_POINT('Origin',(236.3875,-73.175,50.8));
#20513=CARTESIAN_POINT('',(236.3875,-73.675,50.8));
#20514=CARTESIAN_POINT('Origin',(249.3875,-73.675,50.8));
#20515=CARTESIAN_POINT('',(249.3875,-73.675,50.8));
#20516=CARTESIAN_POINT('Origin',(249.3875,-73.175,50.8));
#20517=CARTESIAN_POINT('',(249.8875,-73.175,50.8));
#20518=CARTESIAN_POINT('Origin',(249.8875,-60.175,50.8));
#20519=CARTESIAN_POINT('',(249.8875,-60.175,50.8));
#20520=CARTESIAN_POINT('Origin',(249.3875,-60.175,50.8));
#20521=CARTESIAN_POINT('',(249.3875,-59.675,50.8));
#20522=CARTESIAN_POINT('Origin',(236.3875,-59.675,50.8));
#20523=CARTESIAN_POINT('',(236.3875,-59.675,50.8));
#20524=CARTESIAN_POINT('Origin',(236.3875,-60.175,50.8));
#20525=CARTESIAN_POINT('Origin',(212.075,-73.175,50.8));
#20526=CARTESIAN_POINT('',(212.075,-60.175,50.8));
#20527=CARTESIAN_POINT('',(212.075,-73.175,50.8));
#20528=CARTESIAN_POINT('Origin',(212.575,-73.175,50.8));
#20529=CARTESIAN_POINT('',(212.575,-73.675,50.8));
#20530=CARTESIAN_POINT('Origin',(225.575,-73.675,50.8));
#20531=CARTESIAN_POINT('',(225.575,-73.675,50.8));
#20532=CARTESIAN_POINT('Origin',(225.575,-73.175,50.8));
#20533=CARTESIAN_POINT('',(226.075,-73.175,50.8));
#20534=CARTESIAN_POINT('Origin',(226.075,-60.175,50.8));
#20535=CARTESIAN_POINT('',(226.075,-60.175,50.8));
#20536=CARTESIAN_POINT('Origin',(225.575,-60.175,50.8));
#20537=CARTESIAN_POINT('',(225.575,-59.675,50.8));
#20538=CARTESIAN_POINT('Origin',(212.575,-59.675,50.8));
#20539=CARTESIAN_POINT('',(212.575,-59.675,50.8));
#20540=CARTESIAN_POINT('Origin',(212.575,-60.175,50.8));
#20541=CARTESIAN_POINT('Origin',(193.025,-73.175,50.8));
#20542=CARTESIAN_POINT('',(193.025,-60.175,50.8));
#20543=CARTESIAN_POINT('',(193.025,-73.175,50.8));
#20544=CARTESIAN_POINT('Origin',(193.525,-73.175,50.8));
#20545=CARTESIAN_POINT('',(193.525,-73.675,50.8));
#20546=CARTESIAN_POINT('Origin',(206.525,-73.675,50.8));
#20547=CARTESIAN_POINT('',(206.525,-73.675,50.8));
#20548=CARTESIAN_POINT('Origin',(206.525,-73.175,50.8));
#20549=CARTESIAN_POINT('',(207.025,-73.175,50.8));
#20550=CARTESIAN_POINT('Origin',(207.025,-60.175,50.8));
#20551=CARTESIAN_POINT('',(207.025,-60.175,50.8));
#20552=CARTESIAN_POINT('Origin',(206.525,-60.175,50.8));
#20553=CARTESIAN_POINT('',(206.525,-59.675,50.8));
#20554=CARTESIAN_POINT('Origin',(193.525,-59.675,50.8));
#20555=CARTESIAN_POINT('',(193.525,-59.675,50.8));
#20556=CARTESIAN_POINT('Origin',(193.525,-60.175,50.8));
#20557=CARTESIAN_POINT('Origin',(173.975,-73.175,50.8));
#20558=CARTESIAN_POINT('',(173.975,-60.175,50.8));
#20559=CARTESIAN_POINT('',(173.975,-73.175,50.8));
#20560=CARTESIAN_POINT('Origin',(174.475,-73.175,50.8));
#20561=CARTESIAN_POINT('',(174.475,-73.675,50.8));
#20562=CARTESIAN_POINT('Origin',(187.475,-73.675,50.8));
#20563=CARTESIAN_POINT('',(187.475,-73.675,50.8));
#20564=CARTESIAN_POINT('Origin',(187.475,-73.175,50.8));
#20565=CARTESIAN_POINT('',(187.975,-73.175,50.8));
#20566=CARTESIAN_POINT('Origin',(187.975,-60.175,50.8));
#20567=CARTESIAN_POINT('',(187.975,-60.175,50.8));
#20568=CARTESIAN_POINT('Origin',(187.475,-60.175,50.8));
#20569=CARTESIAN_POINT('',(187.475,-59.675,50.8));
#20570=CARTESIAN_POINT('Origin',(174.475,-59.675,50.8));
#20571=CARTESIAN_POINT('',(174.475,-59.675,50.8));
#20572=CARTESIAN_POINT('Origin',(174.475,-60.175,50.8));
#20573=CARTESIAN_POINT('Origin',(154.925,-73.175,50.8));
#20574=CARTESIAN_POINT('',(154.925,-60.175,50.8));
#20575=CARTESIAN_POINT('',(154.925,-73.175,50.8));
#20576=CARTESIAN_POINT('Origin',(155.425,-73.175,50.8));
#20577=CARTESIAN_POINT('',(155.425,-73.675,50.8));
#20578=CARTESIAN_POINT('Origin',(168.425,-73.675,50.8));
#20579=CARTESIAN_POINT('',(168.425,-73.675,50.8));
#20580=CARTESIAN_POINT('Origin',(168.425,-73.175,50.8));
#20581=CARTESIAN_POINT('',(168.925,-73.175,50.8));
#20582=CARTESIAN_POINT('Origin',(168.925,-60.175,50.8));
#20583=CARTESIAN_POINT('',(168.925,-60.175,50.8));
#20584=CARTESIAN_POINT('Origin',(168.425,-60.175,50.8));
#20585=CARTESIAN_POINT('',(168.425,-59.675,50.8));
#20586=CARTESIAN_POINT('Origin',(155.425,-59.675,50.8));
#20587=CARTESIAN_POINT('',(155.425,-59.675,50.8));
#20588=CARTESIAN_POINT('Origin',(155.425,-60.175,50.8));
#20589=CARTESIAN_POINT('Origin',(135.875,-73.175,50.8));
#20590=CARTESIAN_POINT('',(135.875,-60.175,50.8));
#20591=CARTESIAN_POINT('',(135.875,-73.175,50.8));
#20592=CARTESIAN_POINT('Origin',(136.375,-73.175,50.8));
#20593=CARTESIAN_POINT('',(136.375,-73.675,50.8));
#20594=CARTESIAN_POINT('Origin',(149.375,-73.675,50.8));
#20595=CARTESIAN_POINT('',(149.375,-73.675,50.8));
#20596=CARTESIAN_POINT('Origin',(149.375,-73.175,50.8));
#20597=CARTESIAN_POINT('',(149.875,-73.175,50.8));
#20598=CARTESIAN_POINT('Origin',(149.875,-60.175,50.8));
#20599=CARTESIAN_POINT('',(149.875,-60.175,50.8));
#20600=CARTESIAN_POINT('Origin',(149.375,-60.175,50.8));
#20601=CARTESIAN_POINT('',(149.375,-59.675,50.8));
#20602=CARTESIAN_POINT('Origin',(136.375,-59.675,50.8));
#20603=CARTESIAN_POINT('',(136.375,-59.675,50.8));
#20604=CARTESIAN_POINT('Origin',(136.375,-60.175,50.8));
#20605=CARTESIAN_POINT('Origin',(116.825,-73.175,50.8));
#20606=CARTESIAN_POINT('',(116.825,-60.175,50.8));
#20607=CARTESIAN_POINT('',(116.825,-73.175,50.8));
#20608=CARTESIAN_POINT('Origin',(117.325,-73.175,50.8));
#20609=CARTESIAN_POINT('',(117.325,-73.675,50.8));
#20610=CARTESIAN_POINT('Origin',(130.325,-73.675,50.8));
#20611=CARTESIAN_POINT('',(130.325,-73.675,50.8));
#20612=CARTESIAN_POINT('Origin',(130.325,-73.175,50.8));
#20613=CARTESIAN_POINT('',(130.825,-73.175,50.8));
#20614=CARTESIAN_POINT('Origin',(130.825,-60.175,50.8));
#20615=CARTESIAN_POINT('',(130.825,-60.175,50.8));
#20616=CARTESIAN_POINT('Origin',(130.325,-60.175,50.8));
#20617=CARTESIAN_POINT('',(130.325,-59.675,50.8));
#20618=CARTESIAN_POINT('Origin',(117.325,-59.675,50.8));
#20619=CARTESIAN_POINT('',(117.325,-59.675,50.8));
#20620=CARTESIAN_POINT('Origin',(117.325,-60.175,50.8));
#20621=CARTESIAN_POINT('Origin',(97.775,-73.175,50.8));
#20622=CARTESIAN_POINT('',(97.775,-60.175,50.8));
#20623=CARTESIAN_POINT('',(97.775,-73.175,50.8));
#20624=CARTESIAN_POINT('Origin',(98.275,-73.175,50.8));
#20625=CARTESIAN_POINT('',(98.275,-73.675,50.8));
#20626=CARTESIAN_POINT('Origin',(111.275,-73.675,50.8));
#20627=CARTESIAN_POINT('',(111.275,-73.675,50.8));
#20628=CARTESIAN_POINT('Origin',(111.275,-73.175,50.8));
#20629=CARTESIAN_POINT('',(111.775,-73.175,50.8));
#20630=CARTESIAN_POINT('Origin',(111.775,-60.175,50.8));
#20631=CARTESIAN_POINT('',(111.775,-60.175,50.8));
#20632=CARTESIAN_POINT('Origin',(111.275,-60.175,50.8));
#20633=CARTESIAN_POINT('',(111.275,-59.675,50.8));
#20634=CARTESIAN_POINT('Origin',(98.275,-59.675,50.8));
#20635=CARTESIAN_POINT('',(98.275,-59.675,50.8));
#20636=CARTESIAN_POINT('Origin',(98.275,-60.175,50.8));
#20637=CARTESIAN_POINT('Origin',(78.725,-73.175,50.8));
#20638=CARTESIAN_POINT('',(78.725,-60.175,50.8));
#20639=CARTESIAN_POINT('',(78.725,-73.175,50.8));
#20640=CARTESIAN_POINT('Origin',(79.225,-73.175,50.8));
#20641=CARTESIAN_POINT('',(79.225,-73.675,50.8));
#20642=CARTESIAN_POINT('Origin',(92.225,-73.675,50.8));
#20643=CARTESIAN_POINT('',(92.225,-73.675,50.8));
#20644=CARTESIAN_POINT('Origin',(92.225,-73.175,50.8));
#20645=CARTESIAN_POINT('',(92.725,-73.175,50.8));
#20646=CARTESIAN_POINT('Origin',(92.725,-60.175,50.8));
#20647=CARTESIAN_POINT('',(92.725,-60.175,50.8));
#20648=CARTESIAN_POINT('Origin',(92.225,-60.175,50.8));
#20649=CARTESIAN_POINT('',(92.225,-59.675,50.8));
#20650=CARTESIAN_POINT('Origin',(79.225,-59.675,50.8));
#20651=CARTESIAN_POINT('',(79.225,-59.675,50.8));
#20652=CARTESIAN_POINT('Origin',(79.225,-60.175,50.8));
#20653=CARTESIAN_POINT('Origin',(59.675,-73.175,50.8));
#20654=CARTESIAN_POINT('',(59.675,-60.175,50.8));
#20655=CARTESIAN_POINT('',(59.675,-73.175,50.8));
#20656=CARTESIAN_POINT('Origin',(60.175,-73.175,50.8));
#20657=CARTESIAN_POINT('',(60.175,-73.675,50.8));
#20658=CARTESIAN_POINT('Origin',(73.175,-73.675,50.8));
#20659=CARTESIAN_POINT('',(73.175,-73.675,50.8));
#20660=CARTESIAN_POINT('Origin',(73.175,-73.175,50.8));
#20661=CARTESIAN_POINT('',(73.675,-73.175,50.8));
#20662=CARTESIAN_POINT('Origin',(73.675,-60.175,50.8));
#20663=CARTESIAN_POINT('',(73.675,-60.175,50.8));
#20664=CARTESIAN_POINT('Origin',(73.175,-60.175,50.8));
#20665=CARTESIAN_POINT('',(73.175,-59.675,50.8));
#20666=CARTESIAN_POINT('Origin',(60.175,-59.675,50.8));
#20667=CARTESIAN_POINT('',(60.175,-59.675,50.8));
#20668=CARTESIAN_POINT('Origin',(60.175,-60.175,50.8));
#20669=CARTESIAN_POINT('Origin',(40.625,-73.175,50.8));
#20670=CARTESIAN_POINT('',(40.625,-60.175,50.8));
#20671=CARTESIAN_POINT('',(40.625,-73.175,50.8));
#20672=CARTESIAN_POINT('Origin',(41.125,-73.175,50.8));
#20673=CARTESIAN_POINT('',(41.125,-73.675,50.8));
#20674=CARTESIAN_POINT('Origin',(54.125,-73.675,50.8));
#20675=CARTESIAN_POINT('',(54.125,-73.675,50.8));
#20676=CARTESIAN_POINT('Origin',(54.125,-73.175,50.8));
#20677=CARTESIAN_POINT('',(54.625,-73.175,50.8));
#20678=CARTESIAN_POINT('Origin',(54.625,-60.175,50.8));
#20679=CARTESIAN_POINT('',(54.625,-60.175,50.8));
#20680=CARTESIAN_POINT('Origin',(54.125,-60.175,50.8));
#20681=CARTESIAN_POINT('',(54.125,-59.675,50.8));
#20682=CARTESIAN_POINT('Origin',(41.125,-59.675,50.8));
#20683=CARTESIAN_POINT('',(41.125,-59.675,50.8));
#20684=CARTESIAN_POINT('Origin',(41.125,-60.175,50.8));
#20685=CARTESIAN_POINT('Origin',(233.50625,-54.125,50.8));
#20686=CARTESIAN_POINT('',(233.50625,-41.125,50.8));
#20687=CARTESIAN_POINT('',(233.50625,-54.125,50.8));
#20688=CARTESIAN_POINT('Origin',(234.00625,-54.125,50.8));
#20689=CARTESIAN_POINT('',(234.00625,-54.625,50.8));
#20690=CARTESIAN_POINT('Origin',(247.00625,-54.625,50.8));
#20691=CARTESIAN_POINT('',(247.00625,-54.625,50.8));
#20692=CARTESIAN_POINT('Origin',(247.00625,-54.125,50.8));
#20693=CARTESIAN_POINT('',(247.50625,-54.125,50.8));
#20694=CARTESIAN_POINT('Origin',(247.50625,-41.125,50.8));
#20695=CARTESIAN_POINT('',(247.50625,-41.125,50.8));
#20696=CARTESIAN_POINT('Origin',(247.00625,-41.125,50.8));
#20697=CARTESIAN_POINT('',(247.00625,-40.625,50.8));
#20698=CARTESIAN_POINT('Origin',(234.00625,-40.625,50.8));
#20699=CARTESIAN_POINT('',(234.00625,-40.625,50.8));
#20700=CARTESIAN_POINT('Origin',(234.00625,-41.125,50.8));
#20701=CARTESIAN_POINT('Origin',(207.3125,-54.125,50.8));
#20702=CARTESIAN_POINT('',(207.3125,-41.125,50.8));
#20703=CARTESIAN_POINT('',(207.3125,-54.125,50.8));
#20704=CARTESIAN_POINT('Origin',(207.8125,-54.125,50.8));
#20705=CARTESIAN_POINT('',(207.8125,-54.625,50.8));
#20706=CARTESIAN_POINT('Origin',(220.8125,-54.625,50.8));
#20707=CARTESIAN_POINT('',(220.8125,-54.625,50.8));
#20708=CARTESIAN_POINT('Origin',(220.8125,-54.125,50.8));
#20709=CARTESIAN_POINT('',(221.3125,-54.125,50.8));
#20710=CARTESIAN_POINT('Origin',(221.3125,-41.125,50.8));
#20711=CARTESIAN_POINT('',(221.3125,-41.125,50.8));
#20712=CARTESIAN_POINT('Origin',(220.8125,-41.125,50.8));
#20713=CARTESIAN_POINT('',(220.8125,-40.625,50.8));
#20714=CARTESIAN_POINT('Origin',(207.8125,-40.625,50.8));
#20715=CARTESIAN_POINT('',(207.8125,-40.625,50.8));
#20716=CARTESIAN_POINT('Origin',(207.8125,-41.125,50.8));
#20717=CARTESIAN_POINT('Origin',(188.2625,-54.125,50.8));
#20718=CARTESIAN_POINT('',(188.2625,-41.125,50.8));
#20719=CARTESIAN_POINT('',(188.2625,-54.125,50.8));
#20720=CARTESIAN_POINT('Origin',(188.7625,-54.125,50.8));
#20721=CARTESIAN_POINT('',(188.7625,-54.625,50.8));
#20722=CARTESIAN_POINT('Origin',(201.7625,-54.625,50.8));
#20723=CARTESIAN_POINT('',(201.7625,-54.625,50.8));
#20724=CARTESIAN_POINT('Origin',(201.7625,-54.125,50.8));
#20725=CARTESIAN_POINT('',(202.2625,-54.125,50.8));
#20726=CARTESIAN_POINT('Origin',(202.2625,-41.125,50.8));
#20727=CARTESIAN_POINT('',(202.2625,-41.125,50.8));
#20728=CARTESIAN_POINT('Origin',(201.7625,-41.125,50.8));
#20729=CARTESIAN_POINT('',(201.7625,-40.625,50.8));
#20730=CARTESIAN_POINT('Origin',(188.7625,-40.625,50.8));
#20731=CARTESIAN_POINT('',(188.7625,-40.625,50.8));
#20732=CARTESIAN_POINT('Origin',(188.7625,-41.125,50.8));
#20733=CARTESIAN_POINT('Origin',(169.2125,-54.125,50.8));
#20734=CARTESIAN_POINT('',(169.2125,-41.125,50.8));
#20735=CARTESIAN_POINT('',(169.2125,-54.125,50.8));
#20736=CARTESIAN_POINT('Origin',(169.7125,-54.125,50.8));
#20737=CARTESIAN_POINT('',(169.7125,-54.625,50.8));
#20738=CARTESIAN_POINT('Origin',(182.7125,-54.625,50.8));
#20739=CARTESIAN_POINT('',(182.7125,-54.625,50.8));
#20740=CARTESIAN_POINT('Origin',(182.7125,-54.125,50.8));
#20741=CARTESIAN_POINT('',(183.2125,-54.125,50.8));
#20742=CARTESIAN_POINT('Origin',(183.2125,-41.125,50.8));
#20743=CARTESIAN_POINT('',(183.2125,-41.125,50.8));
#20744=CARTESIAN_POINT('Origin',(182.7125,-41.125,50.8));
#20745=CARTESIAN_POINT('',(182.7125,-40.625,50.8));
#20746=CARTESIAN_POINT('Origin',(169.7125,-40.625,50.8));
#20747=CARTESIAN_POINT('',(169.7125,-40.625,50.8));
#20748=CARTESIAN_POINT('Origin',(169.7125,-41.125,50.8));
#20749=CARTESIAN_POINT('Origin',(150.1625,-54.125,50.8));
#20750=CARTESIAN_POINT('',(150.1625,-41.125,50.8));
#20751=CARTESIAN_POINT('',(150.1625,-54.125,50.8));
#20752=CARTESIAN_POINT('Origin',(150.6625,-54.125,50.8));
#20753=CARTESIAN_POINT('',(150.6625,-54.625,50.8));
#20754=CARTESIAN_POINT('Origin',(163.6625,-54.625,50.8));
#20755=CARTESIAN_POINT('',(163.6625,-54.625,50.8));
#20756=CARTESIAN_POINT('Origin',(163.6625,-54.125,50.8));
#20757=CARTESIAN_POINT('',(164.1625,-54.125,50.8));
#20758=CARTESIAN_POINT('Origin',(164.1625,-41.125,50.8));
#20759=CARTESIAN_POINT('',(164.1625,-41.125,50.8));
#20760=CARTESIAN_POINT('Origin',(163.6625,-41.125,50.8));
#20761=CARTESIAN_POINT('',(163.6625,-40.625,50.8));
#20762=CARTESIAN_POINT('Origin',(150.6625,-40.625,50.8));
#20763=CARTESIAN_POINT('',(150.6625,-40.625,50.8));
#20764=CARTESIAN_POINT('Origin',(150.6625,-41.125,50.8));
#20765=CARTESIAN_POINT('Origin',(131.1125,-54.125,50.8));
#20766=CARTESIAN_POINT('',(131.1125,-41.125,50.8));
#20767=CARTESIAN_POINT('',(131.1125,-54.125,50.8));
#20768=CARTESIAN_POINT('Origin',(131.6125,-54.125,50.8));
#20769=CARTESIAN_POINT('',(131.6125,-54.625,50.8));
#20770=CARTESIAN_POINT('Origin',(144.6125,-54.625,50.8));
#20771=CARTESIAN_POINT('',(144.6125,-54.625,50.8));
#20772=CARTESIAN_POINT('Origin',(144.6125,-54.125,50.8));
#20773=CARTESIAN_POINT('',(145.1125,-54.125,50.8));
#20774=CARTESIAN_POINT('Origin',(145.1125,-41.125,50.8));
#20775=CARTESIAN_POINT('',(145.1125,-41.125,50.8));
#20776=CARTESIAN_POINT('Origin',(144.6125,-41.125,50.8));
#20777=CARTESIAN_POINT('',(144.6125,-40.625,50.8));
#20778=CARTESIAN_POINT('Origin',(131.6125,-40.625,50.8));
#20779=CARTESIAN_POINT('',(131.6125,-40.625,50.8));
#20780=CARTESIAN_POINT('Origin',(131.6125,-41.125,50.8));
#20781=CARTESIAN_POINT('Origin',(112.0625,-54.125,50.8));
#20782=CARTESIAN_POINT('',(112.0625,-41.125,50.8));
#20783=CARTESIAN_POINT('',(112.0625,-54.125,50.8));
#20784=CARTESIAN_POINT('Origin',(112.5625,-54.125,50.8));
#20785=CARTESIAN_POINT('',(112.5625,-54.625,50.8));
#20786=CARTESIAN_POINT('Origin',(125.5625,-54.625,50.8));
#20787=CARTESIAN_POINT('',(125.5625,-54.625,50.8));
#20788=CARTESIAN_POINT('Origin',(125.5625,-54.125,50.8));
#20789=CARTESIAN_POINT('',(126.0625,-54.125,50.8));
#20790=CARTESIAN_POINT('Origin',(126.0625,-41.125,50.8));
#20791=CARTESIAN_POINT('',(126.0625,-41.125,50.8));
#20792=CARTESIAN_POINT('Origin',(125.5625,-41.125,50.8));
#20793=CARTESIAN_POINT('',(125.5625,-40.625,50.8));
#20794=CARTESIAN_POINT('Origin',(112.5625,-40.625,50.8));
#20795=CARTESIAN_POINT('',(112.5625,-40.625,50.8));
#20796=CARTESIAN_POINT('Origin',(112.5625,-41.125,50.8));
#20797=CARTESIAN_POINT('Origin',(93.0125,-54.125,50.8));
#20798=CARTESIAN_POINT('',(93.0125,-41.125,50.8));
#20799=CARTESIAN_POINT('',(93.0125,-54.125,50.8));
#20800=CARTESIAN_POINT('Origin',(93.5125,-54.125,50.8));
#20801=CARTESIAN_POINT('',(93.5125,-54.625,50.8));
#20802=CARTESIAN_POINT('Origin',(106.5125,-54.625,50.8));
#20803=CARTESIAN_POINT('',(106.5125,-54.625,50.8));
#20804=CARTESIAN_POINT('Origin',(106.5125,-54.125,50.8));
#20805=CARTESIAN_POINT('',(107.0125,-54.125,50.8));
#20806=CARTESIAN_POINT('Origin',(107.0125,-41.125,50.8));
#20807=CARTESIAN_POINT('',(107.0125,-41.125,50.8));
#20808=CARTESIAN_POINT('Origin',(106.5125,-41.125,50.8));
#20809=CARTESIAN_POINT('',(106.5125,-40.625,50.8));
#20810=CARTESIAN_POINT('Origin',(93.5125,-40.625,50.8));
#20811=CARTESIAN_POINT('',(93.5125,-40.625,50.8));
#20812=CARTESIAN_POINT('Origin',(93.5125,-41.125,50.8));
#20813=CARTESIAN_POINT('Origin',(73.9625,-54.125,50.8));
#20814=CARTESIAN_POINT('',(73.9625,-41.125,50.8));
#20815=CARTESIAN_POINT('',(73.9625,-54.125,50.8));
#20816=CARTESIAN_POINT('Origin',(74.4625,-54.125,50.8));
#20817=CARTESIAN_POINT('',(74.4625,-54.625,50.8));
#20818=CARTESIAN_POINT('Origin',(87.4625,-54.625,50.8));
#20819=CARTESIAN_POINT('',(87.4625,-54.625,50.8));
#20820=CARTESIAN_POINT('Origin',(87.4625,-54.125,50.8));
#20821=CARTESIAN_POINT('',(87.9625,-54.125,50.8));
#20822=CARTESIAN_POINT('Origin',(87.9625,-41.125,50.8));
#20823=CARTESIAN_POINT('',(87.9625,-41.125,50.8));
#20824=CARTESIAN_POINT('Origin',(87.4625,-41.125,50.8));
#20825=CARTESIAN_POINT('',(87.4625,-40.625,50.8));
#20826=CARTESIAN_POINT('Origin',(74.4625,-40.625,50.8));
#20827=CARTESIAN_POINT('',(74.4625,-40.625,50.8));
#20828=CARTESIAN_POINT('Origin',(74.4625,-41.125,50.8));
#20829=CARTESIAN_POINT('Origin',(54.9125,-54.125,50.8));
#20830=CARTESIAN_POINT('',(54.9125,-41.125,50.8));
#20831=CARTESIAN_POINT('',(54.9125,-54.125,50.8));
#20832=CARTESIAN_POINT('Origin',(55.4125,-54.125,50.8));
#20833=CARTESIAN_POINT('',(55.4125,-54.625,50.8));
#20834=CARTESIAN_POINT('Origin',(68.4125,-54.625,50.8));
#20835=CARTESIAN_POINT('',(68.4125,-54.625,50.8));
#20836=CARTESIAN_POINT('Origin',(68.4125,-54.125,50.8));
#20837=CARTESIAN_POINT('',(68.9125,-54.125,50.8));
#20838=CARTESIAN_POINT('Origin',(68.9125,-41.125,50.8));
#20839=CARTESIAN_POINT('',(68.9125,-41.125,50.8));
#20840=CARTESIAN_POINT('Origin',(68.4125,-41.125,50.8));
#20841=CARTESIAN_POINT('',(68.4125,-40.625,50.8));
#20842=CARTESIAN_POINT('Origin',(55.4125,-40.625,50.8));
#20843=CARTESIAN_POINT('',(55.4125,-40.625,50.8));
#20844=CARTESIAN_POINT('Origin',(55.4125,-41.125,50.8));
#20845=CARTESIAN_POINT('Origin',(35.8625,-54.125,50.8));
#20846=CARTESIAN_POINT('',(35.8625,-41.125,50.8));
#20847=CARTESIAN_POINT('',(35.8625,-54.125,50.8));
#20848=CARTESIAN_POINT('Origin',(36.3625,-54.125,50.8));
#20849=CARTESIAN_POINT('',(36.3625,-54.625,50.8));
#20850=CARTESIAN_POINT('Origin',(49.3625,-54.625,50.8));
#20851=CARTESIAN_POINT('',(49.3625,-54.625,50.8));
#20852=CARTESIAN_POINT('Origin',(49.3625,-54.125,50.8));
#20853=CARTESIAN_POINT('',(49.8625,-54.125,50.8));
#20854=CARTESIAN_POINT('Origin',(49.8625,-41.125,50.8));
#20855=CARTESIAN_POINT('',(49.8625,-41.125,50.8));
#20856=CARTESIAN_POINT('Origin',(49.3625,-41.125,50.8));
#20857=CARTESIAN_POINT('',(49.3625,-40.625,50.8));
#20858=CARTESIAN_POINT('Origin',(36.3625,-40.625,50.8));
#20859=CARTESIAN_POINT('',(36.3625,-40.625,50.8));
#20860=CARTESIAN_POINT('Origin',(36.3625,-41.125,50.8));
#20861=CARTESIAN_POINT('Origin',(4.90625,-54.125,50.8));
#20862=CARTESIAN_POINT('',(4.90625,-41.125,50.8));
#20863=CARTESIAN_POINT('',(4.90625,-54.125,50.8));
#20864=CARTESIAN_POINT('Origin',(5.40625,-54.125,50.8));
#20865=CARTESIAN_POINT('',(5.40625,-54.625,50.8));
#20866=CARTESIAN_POINT('Origin',(23.16875,-54.625,50.8));
#20867=CARTESIAN_POINT('',(23.16875,-54.625,50.8));
#20868=CARTESIAN_POINT('Origin',(23.16875,-54.125,50.8));
#20869=CARTESIAN_POINT('',(23.66875,-54.125,50.8));
#20870=CARTESIAN_POINT('Origin',(23.66875,-41.125,50.8));
#20871=CARTESIAN_POINT('',(23.66875,-41.125,50.8));
#20872=CARTESIAN_POINT('Origin',(23.16875,-41.125,50.8));
#20873=CARTESIAN_POINT('',(23.16875,-40.625,50.8));
#20874=CARTESIAN_POINT('Origin',(5.40625,-40.625,50.8));
#20875=CARTESIAN_POINT('',(5.40625,-40.625,50.8));
#20876=CARTESIAN_POINT('Origin',(5.40625,-41.125,50.8));
#20877=CARTESIAN_POINT('Origin',(240.65,-35.075,50.8));
#20878=CARTESIAN_POINT('',(240.65,-22.075,50.8));
#20879=CARTESIAN_POINT('',(240.65,-35.075,50.8));
#20880=CARTESIAN_POINT('Origin',(241.15,-35.075,50.8));
#20881=CARTESIAN_POINT('',(241.15,-35.575,50.8));
#20882=CARTESIAN_POINT('Origin',(254.15,-35.575,50.8));
#20883=CARTESIAN_POINT('',(254.15,-35.575,50.8));
#20884=CARTESIAN_POINT('Origin',(254.15,-35.075,50.8));
#20885=CARTESIAN_POINT('',(254.65,-35.075,50.8));
#20886=CARTESIAN_POINT('Origin',(254.65,-22.075,50.8));
#20887=CARTESIAN_POINT('',(254.65,-22.075,50.8));
#20888=CARTESIAN_POINT('Origin',(254.15,-22.075,50.8));
#20889=CARTESIAN_POINT('',(254.15,-21.575,50.8));
#20890=CARTESIAN_POINT('Origin',(241.15,-21.575,50.8));
#20891=CARTESIAN_POINT('',(241.15,-21.575,50.8));
#20892=CARTESIAN_POINT('Origin',(241.15,-22.075,50.8));
#20893=CARTESIAN_POINT('Origin',(221.6,-35.075,50.8));
#20894=CARTESIAN_POINT('',(221.6,-22.075,50.8));
#20895=CARTESIAN_POINT('',(221.6,-35.075,50.8));
#20896=CARTESIAN_POINT('Origin',(222.1,-35.075,50.8));
#20897=CARTESIAN_POINT('',(222.1,-35.575,50.8));
#20898=CARTESIAN_POINT('Origin',(235.1,-35.575,50.8));
#20899=CARTESIAN_POINT('',(235.1,-35.575,50.8));
#20900=CARTESIAN_POINT('Origin',(235.1,-35.075,50.8));
#20901=CARTESIAN_POINT('',(235.6,-35.075,50.8));
#20902=CARTESIAN_POINT('Origin',(235.6,-22.075,50.8));
#20903=CARTESIAN_POINT('',(235.6,-22.075,50.8));
#20904=CARTESIAN_POINT('Origin',(235.1,-22.075,50.8));
#20905=CARTESIAN_POINT('',(235.1,-21.575,50.8));
#20906=CARTESIAN_POINT('Origin',(222.1,-21.575,50.8));
#20907=CARTESIAN_POINT('',(222.1,-21.575,50.8));
#20908=CARTESIAN_POINT('Origin',(222.1,-22.075,50.8));
#20909=CARTESIAN_POINT('Origin',(202.55,-35.075,50.8));
#20910=CARTESIAN_POINT('',(202.55,-22.075,50.8));
#20911=CARTESIAN_POINT('',(202.55,-35.075,50.8));
#20912=CARTESIAN_POINT('Origin',(203.05,-35.075,50.8));
#20913=CARTESIAN_POINT('',(203.05,-35.575,50.8));
#20914=CARTESIAN_POINT('Origin',(216.05,-35.575,50.8));
#20915=CARTESIAN_POINT('',(216.05,-35.575,50.8));
#20916=CARTESIAN_POINT('Origin',(216.05,-35.075,50.8));
#20917=CARTESIAN_POINT('',(216.55,-35.075,50.8));
#20918=CARTESIAN_POINT('Origin',(216.55,-22.075,50.8));
#20919=CARTESIAN_POINT('',(216.55,-22.075,50.8));
#20920=CARTESIAN_POINT('Origin',(216.05,-22.075,50.8));
#20921=CARTESIAN_POINT('',(216.05,-21.575,50.8));
#20922=CARTESIAN_POINT('Origin',(203.05,-21.575,50.8));
#20923=CARTESIAN_POINT('',(203.05,-21.575,50.8));
#20924=CARTESIAN_POINT('Origin',(203.05,-22.075,50.8));
#20925=CARTESIAN_POINT('Origin',(183.5,-35.075,50.8));
#20926=CARTESIAN_POINT('',(183.5,-22.075,50.8));
#20927=CARTESIAN_POINT('',(183.5,-35.075,50.8));
#20928=CARTESIAN_POINT('Origin',(184.,-35.075,50.8));
#20929=CARTESIAN_POINT('',(184.,-35.575,50.8));
#20930=CARTESIAN_POINT('Origin',(197.,-35.575,50.8));
#20931=CARTESIAN_POINT('',(197.,-35.575,50.8));
#20932=CARTESIAN_POINT('Origin',(197.,-35.075,50.8));
#20933=CARTESIAN_POINT('',(197.5,-35.075,50.8));
#20934=CARTESIAN_POINT('Origin',(197.5,-22.075,50.8));
#20935=CARTESIAN_POINT('',(197.5,-22.075,50.8));
#20936=CARTESIAN_POINT('Origin',(197.,-22.075,50.8));
#20937=CARTESIAN_POINT('',(197.,-21.575,50.8));
#20938=CARTESIAN_POINT('Origin',(184.,-21.575,50.8));
#20939=CARTESIAN_POINT('',(184.,-21.575,50.8));
#20940=CARTESIAN_POINT('Origin',(184.,-22.075,50.8));
#20941=CARTESIAN_POINT('Origin',(164.45,-35.075,50.8));
#20942=CARTESIAN_POINT('',(164.45,-22.075,50.8));
#20943=CARTESIAN_POINT('',(164.45,-35.075,50.8));
#20944=CARTESIAN_POINT('Origin',(164.95,-35.075,50.8));
#20945=CARTESIAN_POINT('',(164.95,-35.575,50.8));
#20946=CARTESIAN_POINT('Origin',(177.95,-35.575,50.8));
#20947=CARTESIAN_POINT('',(177.95,-35.575,50.8));
#20948=CARTESIAN_POINT('Origin',(177.95,-35.075,50.8));
#20949=CARTESIAN_POINT('',(178.45,-35.075,50.8));
#20950=CARTESIAN_POINT('Origin',(178.45,-22.075,50.8));
#20951=CARTESIAN_POINT('',(178.45,-22.075,50.8));
#20952=CARTESIAN_POINT('Origin',(177.95,-22.075,50.8));
#20953=CARTESIAN_POINT('',(177.95,-21.575,50.8));
#20954=CARTESIAN_POINT('Origin',(164.95,-21.575,50.8));
#20955=CARTESIAN_POINT('',(164.95,-21.575,50.8));
#20956=CARTESIAN_POINT('Origin',(164.95,-22.075,50.8));
#20957=CARTESIAN_POINT('Origin',(145.4,-35.075,50.8));
#20958=CARTESIAN_POINT('',(145.4,-22.075,50.8));
#20959=CARTESIAN_POINT('',(145.4,-35.075,50.8));
#20960=CARTESIAN_POINT('Origin',(145.9,-35.075,50.8));
#20961=CARTESIAN_POINT('',(145.9,-35.575,50.8));
#20962=CARTESIAN_POINT('Origin',(158.9,-35.575,50.8));
#20963=CARTESIAN_POINT('',(158.9,-35.575,50.8));
#20964=CARTESIAN_POINT('Origin',(158.9,-35.075,50.8));
#20965=CARTESIAN_POINT('',(159.4,-35.075,50.8));
#20966=CARTESIAN_POINT('Origin',(159.4,-22.075,50.8));
#20967=CARTESIAN_POINT('',(159.4,-22.075,50.8));
#20968=CARTESIAN_POINT('Origin',(158.9,-22.075,50.8));
#20969=CARTESIAN_POINT('',(158.9,-21.575,50.8));
#20970=CARTESIAN_POINT('Origin',(145.9,-21.575,50.8));
#20971=CARTESIAN_POINT('',(145.9,-21.575,50.8));
#20972=CARTESIAN_POINT('Origin',(145.9,-22.075,50.8));
#20973=CARTESIAN_POINT('Origin',(126.35,-35.075,50.8));
#20974=CARTESIAN_POINT('',(126.35,-22.075,50.8));
#20975=CARTESIAN_POINT('',(126.35,-35.075,50.8));
#20976=CARTESIAN_POINT('Origin',(126.85,-35.075,50.8));
#20977=CARTESIAN_POINT('',(126.85,-35.575,50.8));
#20978=CARTESIAN_POINT('Origin',(139.85,-35.575,50.8));
#20979=CARTESIAN_POINT('',(139.85,-35.575,50.8));
#20980=CARTESIAN_POINT('Origin',(139.85,-35.075,50.8));
#20981=CARTESIAN_POINT('',(140.35,-35.075,50.8));
#20982=CARTESIAN_POINT('Origin',(140.35,-22.075,50.8));
#20983=CARTESIAN_POINT('',(140.35,-22.075,50.8));
#20984=CARTESIAN_POINT('Origin',(139.85,-22.075,50.8));
#20985=CARTESIAN_POINT('',(139.85,-21.575,50.8));
#20986=CARTESIAN_POINT('Origin',(126.85,-21.575,50.8));
#20987=CARTESIAN_POINT('',(126.85,-21.575,50.8));
#20988=CARTESIAN_POINT('Origin',(126.85,-22.075,50.8));
#20989=CARTESIAN_POINT('Origin',(107.3,-35.075,50.8));
#20990=CARTESIAN_POINT('',(107.3,-22.075,50.8));
#20991=CARTESIAN_POINT('',(107.3,-35.075,50.8));
#20992=CARTESIAN_POINT('Origin',(107.8,-35.075,50.8));
#20993=CARTESIAN_POINT('',(107.8,-35.575,50.8));
#20994=CARTESIAN_POINT('Origin',(120.8,-35.575,50.8));
#20995=CARTESIAN_POINT('',(120.8,-35.575,50.8));
#20996=CARTESIAN_POINT('Origin',(120.8,-35.075,50.8));
#20997=CARTESIAN_POINT('',(121.3,-35.075,50.8));
#20998=CARTESIAN_POINT('Origin',(121.3,-22.075,50.8));
#20999=CARTESIAN_POINT('',(121.3,-22.075,50.8));
#21000=CARTESIAN_POINT('Origin',(120.8,-22.075,50.8));
#21001=CARTESIAN_POINT('',(120.8,-21.575,50.8));
#21002=CARTESIAN_POINT('Origin',(107.8,-21.575,50.8));
#21003=CARTESIAN_POINT('',(107.8,-21.575,50.8));
#21004=CARTESIAN_POINT('Origin',(107.8,-22.075,50.8));
#21005=CARTESIAN_POINT('Origin',(0.,-0.999999999999996,50.8));
#21006=CARTESIAN_POINT('',(0.,-0.999999999999996,50.8));
#21007=CARTESIAN_POINT('Origin',(1.,-1.,50.8));
#21008=CARTESIAN_POINT('Origin',(113.3,-0.999999999999994,50.8));
#21009=CARTESIAN_POINT('',(114.3,-1.,50.8));
#21010=CARTESIAN_POINT('Origin',(114.3,-18.05,50.8));
#21011=CARTESIAN_POINT('',(114.3,-18.05,50.8));
#21012=CARTESIAN_POINT('Origin',(115.3,-18.05,50.8));
#21013=CARTESIAN_POINT('Origin',(256.175,-20.05,50.8));
#21014=CARTESIAN_POINT('',(257.175,-20.05,50.8));
#21015=CARTESIAN_POINT('Origin',(257.175,-94.25,50.8));
#21016=CARTESIAN_POINT('',(257.175,-94.25,50.8));
#21017=CARTESIAN_POINT('Origin',(256.175,-94.25,50.8));
#21018=UNCERTAINTY_MEASURE_WITH_UNIT(LENGTH_MEASURE(0.01),#21022,
'DISTANCE_ACCURACY_VALUE',
'Maximum model space distance between geometric entities at asserted c
onnectivities');
#21019=UNCERTAINTY_MEASURE_WITH_UNIT(LENGTH_MEASURE(0.01),#21022,
'DISTANCE_ACCURACY_VALUE',
'Maximum model space distance between geometric entities at asserted c
onnectivities');
#21020=(
GEOMETRIC_REPRESENTATION_CONTEXT(3)
GLOBAL_UNCERTAINTY_ASSIGNED_CONTEXT((#21018))
GLOBAL_UNIT_ASSIGNED_CONTEXT((#21022,#21023,#21024))
REPRESENTATION_CONTEXT('','3D')
);
#21021=(
GEOMETRIC_REPRESENTATION_CONTEXT(3)
GLOBAL_UNCERTAINTY_ASSIGNED_CONTEXT((#21019))
GLOBAL_UNIT_ASSIGNED_CONTEXT((#21022,#21023,#21024))
REPRESENTATION_CONTEXT('','3D')
);
#21022=(
LENGTH_UNIT()
NAMED_UNIT(*)
SI_UNIT(.MILLI.,.METRE.)
);
#21023=(
NAMED_UNIT(*)
PLANE_ANGLE_UNIT()
SI_UNIT($,.RADIAN.)
);
#21024=(
NAMED_UNIT(*)
SI_UNIT($,.STERADIAN.)
SOLID_ANGLE_UNIT()
);
#21025=SHAPE_DEFINITION_REPRESENTATION(#21026,#21027);
#21026=PRODUCT_DEFINITION_SHAPE('',$,#21029);
#21027=SHAPE_REPRESENTATION('',(#12462),#21020);
#21028=PRODUCT_DEFINITION_CONTEXT('part definition',#21033,'design');
#21029=PRODUCT_DEFINITION('laika v29','laika v29 v61',#21030,#21028);
#21030=PRODUCT_DEFINITION_FORMATION('',$,#21035);
#21031=PRODUCT_RELATED_PRODUCT_CATEGORY('laika v29 v61','laika v29 v61',
(#21035));
#21032=APPLICATION_PROTOCOL_DEFINITION('international standard',
'automotive_design',2009,#21033);
#21033=APPLICATION_CONTEXT(
'Core Data for Automotive Mechanical Design Process');
#21034=PRODUCT_CONTEXT('part definition',#21033,'mechanical');
#21035=PRODUCT('laika v29','laika v29 v61',$,(#21034));
#21036=PRESENTATION_STYLE_ASSIGNMENT((#21050));
#21037=PRESENTATION_STYLE_ASSIGNMENT((#21051));
#21038=PRESENTATION_STYLE_ASSIGNMENT((#21052));
#21039=PRESENTATION_STYLE_ASSIGNMENT((#21053));
#21040=PRESENTATION_STYLE_ASSIGNMENT((#21054));
#21041=PRESENTATION_STYLE_ASSIGNMENT((#21055));
#21042=PRESENTATION_STYLE_ASSIGNMENT((#21056));
#21043=PRESENTATION_STYLE_ASSIGNMENT((#21057));
#21044=PRESENTATION_STYLE_ASSIGNMENT((#21058));
#21045=PRESENTATION_STYLE_ASSIGNMENT((#21059));
#21046=PRESENTATION_STYLE_ASSIGNMENT((#21060));
#21047=PRESENTATION_STYLE_ASSIGNMENT((#21061));
#21048=PRESENTATION_STYLE_ASSIGNMENT((#21062));
#21049=PRESENTATION_STYLE_ASSIGNMENT((#21063));
#21050=SURFACE_STYLE_USAGE(.BOTH.,#21064);
#21051=SURFACE_STYLE_USAGE(.BOTH.,#21065);
#21052=SURFACE_STYLE_USAGE(.BOTH.,#21066);
#21053=SURFACE_STYLE_USAGE(.BOTH.,#21067);
#21054=SURFACE_STYLE_USAGE(.BOTH.,#21068);
#21055=SURFACE_STYLE_USAGE(.BOTH.,#21069);
#21056=SURFACE_STYLE_USAGE(.BOTH.,#21070);
#21057=SURFACE_STYLE_USAGE(.BOTH.,#21071);
#21058=SURFACE_STYLE_USAGE(.BOTH.,#21072);
#21059=SURFACE_STYLE_USAGE(.BOTH.,#21073);
#21060=SURFACE_STYLE_USAGE(.BOTH.,#21074);
#21061=SURFACE_STYLE_USAGE(.BOTH.,#21075);
#21062=SURFACE_STYLE_USAGE(.BOTH.,#21076);
#21063=SURFACE_STYLE_USAGE(.BOTH.,#21077);
#21064=SURFACE_SIDE_STYLE('',(#21078));
#21065=SURFACE_SIDE_STYLE('',(#21079));
#21066=SURFACE_SIDE_STYLE('',(#21080));
#21067=SURFACE_SIDE_STYLE('',(#21081));
#21068=SURFACE_SIDE_STYLE('',(#21082));
#21069=SURFACE_SIDE_STYLE('',(#21083));
#21070=SURFACE_SIDE_STYLE('',(#21084));
#21071=SURFACE_SIDE_STYLE('',(#21085));
#21072=SURFACE_SIDE_STYLE('',(#21086));
#21073=SURFACE_SIDE_STYLE('',(#21087));
#21074=SURFACE_SIDE_STYLE('',(#21088));
#21075=SURFACE_SIDE_STYLE('',(#21089));
#21076=SURFACE_SIDE_STYLE('',(#21090));
#21077=SURFACE_SIDE_STYLE('',(#21091));
#21078=SURFACE_STYLE_FILL_AREA(#21092);
#21079=SURFACE_STYLE_FILL_AREA(#21093);
#21080=SURFACE_STYLE_FILL_AREA(#21094);
#21081=SURFACE_STYLE_FILL_AREA(#21095);
#21082=SURFACE_STYLE_FILL_AREA(#21096);
#21083=SURFACE_STYLE_FILL_AREA(#21097);
#21084=SURFACE_STYLE_FILL_AREA(#21098);
#21085=SURFACE_STYLE_FILL_AREA(#21099);
#21086=SURFACE_STYLE_FILL_AREA(#21100);
#21087=SURFACE_STYLE_FILL_AREA(#21101);
#21088=SURFACE_STYLE_FILL_AREA(#21102);
#21089=SURFACE_STYLE_FILL_AREA(#21103);
#21090=SURFACE_STYLE_FILL_AREA(#21104);
#21091=SURFACE_STYLE_FILL_AREA(#21105);
#21092=FILL_AREA_STYLE('Steel - Satin',(#21106));
#21093=FILL_AREA_STYLE('Aluminum - Polished',(#21107));
#21094=FILL_AREA_STYLE('Opaque(190,190,190)',(#21108));
#21095=FILL_AREA_STYLE('Opaque(64,64,64)',(#21109));
#21096=FILL_AREA_STYLE('Opaque(154,24,18)',(#21110));
#21097=FILL_AREA_STYLE('Opaque(37,36,36)',(#21111));
#21098=FILL_AREA_STYLE('Brass - Matte',(#21112));
#21099=FILL_AREA_STYLE('Aluminum - Anodized Glossy (Red)',(#21113));
#21100=FILL_AREA_STYLE('Brass - Polished',(#21114));
#21101=FILL_AREA_STYLE('Brass - Matte (1)',(#21115));
#21102=FILL_AREA_STYLE('Steel - Satin',(#21116));
#21103=FILL_AREA_STYLE('Opaque(210,209,199)',(#21117));
#21104=FILL_AREA_STYLE('Fabric (Light Brown)',(#21118));
#21105=FILL_AREA_STYLE('Fabric (Denim)',(#21119));
#21106=FILL_AREA_STYLE_COLOUR('Steel - Satin',#21120);
#21107=FILL_AREA_STYLE_COLOUR('Aluminum - Polished',#21121);
#21108=FILL_AREA_STYLE_COLOUR('Opaque(190,190,190)',#21122);
#21109=FILL_AREA_STYLE_COLOUR('Opaque(64,64,64)',#21123);
#21110=FILL_AREA_STYLE_COLOUR('Opaque(154,24,18)',#21124);
#21111=FILL_AREA_STYLE_COLOUR('Opaque(37,36,36)',#21125);
#21112=FILL_AREA_STYLE_COLOUR('Brass - Matte',#21126);
#21113=FILL_AREA_STYLE_COLOUR('Aluminum - Anodized Glossy (Red)',#21127);
#21114=FILL_AREA_STYLE_COLOUR('Brass - Polished',#21128);
#21115=FILL_AREA_STYLE_COLOUR('Brass - Matte (1)',#21129);
#21116=FILL_AREA_STYLE_COLOUR('Steel - Satin',#21130);
#21117=FILL_AREA_STYLE_COLOUR('Opaque(210,209,199)',#21131);
#21118=FILL_AREA_STYLE_COLOUR('Fabric (Light Brown)',#21132);
#21119=FILL_AREA_STYLE_COLOUR('Fabric (Denim)',#21133);
#21120=COLOUR_RGB('Steel - Satin',0.627450980392157,0.627450980392157,0.627450980392157);
#21121=COLOUR_RGB('Aluminum - Polished',0.96078431372549,0.96078431372549,
0.964705882352941);
#21122=COLOUR_RGB('Opaque(190,190,190)',0.745098039215686,0.745098039215686,
0.745098039215686);
#21123=COLOUR_RGB('Opaque(64,64,64)',0.250980392156863,0.250980392156863,
0.250980392156863);
#21124=COLOUR_RGB('Opaque(154,24,18)',0.603921568627451,0.0941176470588235,
0.0705882352941176);
#21125=COLOUR_RGB('Opaque(37,36,36)',0.145098039215686,0.141176470588235,
0.141176470588235);
#21126=COLOUR_RGB('Brass - Matte',0.952941176470588,0.796078431372549,0.486274509803922);
#21127=COLOUR_RGB('Aluminum - Anodized Glossy (Red)',0.0941176470588235,
0.431372549019608,0.392156862745098);
#21128=COLOUR_RGB('Brass - Polished',0.952941176470588,0.796078431372549,
0.486274509803922);
#21129=COLOUR_RGB('Brass - Matte (1)',0.952941176470588,0.796078431372549,
0.486274509803922);
#21130=COLOUR_RGB('Steel - Satin',0.627450980392157,0.627450980392157,0.627450980392157);
#21131=COLOUR_RGB('Opaque(210,209,199)',0.823529411764706,0.819607843137255,
0.780392156862745);
#21132=COLOUR_RGB('Fabric (Light Brown)',0.,0.,0.);
#21133=COLOUR_RGB('Fabric (Denim)',0.,0.,0.);
ENDSEC;
END-ISO-10303-21;
