ISO-10303-21;
HEADER;
/* Generated by software containing ST-Developer
 * from STEP Tools, Inc. (www.steptools.com) 
 */

FILE_DESCRIPTION(
/* description */ (''),
/* implementation_level */ '2;1');

FILE_NAME(
/* name */ 'standart-plate.step',
/* time_stamp */ '2026-04-08T16:32:26+03:00',
/* author */ (''),
/* organization */ (''),
/* preprocessor_version */ 'ST-DEVELOPER v20.1',
/* originating_system */ 'Autodesk Translation Framework v14.24.0.0',
/* authorisation */ '');

FILE_SCHEMA (('AUTOMOTIVE_DESIGN { 1 0 10303 214 3 1 1 }'));
ENDSEC;

DATA;
#10=MECHANICAL_DESIGN_GEOMETRIC_PRESENTATION_REPRESENTATION('',(#13),#20815);
#11=SHAPE_REPRESENTATION_RELATIONSHIP('SRR','None',#20821,#12);
#12=ADVANCED_BREP_SHAPE_REPRESENTATION('',(#14),#20814);
#13=STYLED_ITEM('',(#20830),#14);
#14=MANIFOLD_SOLID_BREP('ExtraPlate',#12375);
#15=FACE_BOUND('',#1668,.T.);
#16=FACE_BOUND('',#1669,.T.);
#17=FACE_BOUND('',#1670,.T.);
#18=FACE_BOUND('',#1671,.T.);
#19=FACE_BOUND('',#1672,.T.);
#20=FACE_BOUND('',#1673,.T.);
#21=FACE_BOUND('',#1674,.T.);
#22=FACE_BOUND('',#1675,.T.);
#23=FACE_BOUND('',#1676,.T.);
#24=FACE_BOUND('',#1677,.T.);
#25=FACE_BOUND('',#1678,.T.);
#26=FACE_BOUND('',#1679,.T.);
#27=FACE_BOUND('',#1680,.T.);
#28=FACE_BOUND('',#1681,.T.);
#29=FACE_BOUND('',#1682,.T.);
#30=FACE_BOUND('',#1683,.T.);
#31=FACE_BOUND('',#1684,.T.);
#32=FACE_BOUND('',#1685,.T.);
#33=FACE_BOUND('',#1686,.T.);
#34=FACE_BOUND('',#1687,.T.);
#35=FACE_BOUND('',#1688,.T.);
#36=FACE_BOUND('',#1689,.T.);
#37=FACE_BOUND('',#1690,.T.);
#38=FACE_BOUND('',#1691,.T.);
#39=FACE_BOUND('',#1692,.T.);
#40=FACE_BOUND('',#1693,.T.);
#41=FACE_BOUND('',#1694,.T.);
#42=FACE_BOUND('',#1695,.T.);
#43=FACE_BOUND('',#1696,.T.);
#44=FACE_BOUND('',#1697,.T.);
#45=FACE_BOUND('',#1698,.T.);
#46=FACE_BOUND('',#1699,.T.);
#47=FACE_BOUND('',#1700,.T.);
#48=FACE_BOUND('',#1701,.T.);
#49=FACE_BOUND('',#1702,.T.);
#50=FACE_BOUND('',#1703,.T.);
#51=FACE_BOUND('',#1704,.T.);
#52=FACE_BOUND('',#1705,.T.);
#53=FACE_BOUND('',#1706,.T.);
#54=FACE_BOUND('',#1707,.T.);
#55=FACE_BOUND('',#1708,.T.);
#56=FACE_BOUND('',#1709,.T.);
#57=FACE_BOUND('',#1710,.T.);
#58=FACE_BOUND('',#1711,.T.);
#59=FACE_BOUND('',#1712,.T.);
#60=FACE_BOUND('',#1713,.T.);
#61=FACE_BOUND('',#1714,.T.);
#62=FACE_BOUND('',#1715,.T.);
#63=FACE_BOUND('',#1716,.T.);
#64=FACE_BOUND('',#1717,.T.);
#65=FACE_BOUND('',#1718,.T.);
#66=FACE_BOUND('',#1719,.T.);
#67=FACE_BOUND('',#1720,.T.);
#68=FACE_BOUND('',#1721,.T.);
#69=FACE_BOUND('',#1722,.T.);
#70=FACE_BOUND('',#1723,.T.);
#71=FACE_BOUND('',#1724,.T.);
#72=FACE_BOUND('',#1725,.T.);
#73=FACE_BOUND('',#1726,.T.);
#74=FACE_BOUND('',#1727,.T.);
#75=FACE_BOUND('',#1728,.T.);
#76=FACE_BOUND('',#1729,.T.);
#77=FACE_BOUND('',#1730,.T.);
#78=FACE_BOUND('',#1731,.T.);
#79=FACE_BOUND('',#1745,.T.);
#80=FACE_BOUND('',#1746,.T.);
#81=FACE_BOUND('',#1747,.T.);
#82=FACE_BOUND('',#1748,.T.);
#83=FACE_BOUND('',#1749,.T.);
#84=FACE_BOUND('',#1750,.T.);
#85=FACE_BOUND('',#1751,.T.);
#86=FACE_BOUND('',#1752,.T.);
#87=FACE_BOUND('',#1753,.T.);
#88=FACE_BOUND('',#1754,.T.);
#89=FACE_BOUND('',#1755,.T.);
#90=FACE_BOUND('',#1756,.T.);
#91=FACE_BOUND('',#1757,.T.);
#92=FACE_BOUND('',#1758,.T.);
#93=FACE_BOUND('',#1759,.T.);
#94=FACE_BOUND('',#1760,.T.);
#95=FACE_BOUND('',#1761,.T.);
#96=FACE_BOUND('',#1762,.T.);
#97=FACE_BOUND('',#1763,.T.);
#98=FACE_BOUND('',#1764,.T.);
#99=FACE_BOUND('',#1765,.T.);
#100=FACE_BOUND('',#1766,.T.);
#101=FACE_BOUND('',#1767,.T.);
#102=FACE_BOUND('',#1768,.T.);
#103=FACE_BOUND('',#1769,.T.);
#104=FACE_BOUND('',#1770,.T.);
#105=FACE_BOUND('',#1771,.T.);
#106=FACE_BOUND('',#1772,.T.);
#107=FACE_BOUND('',#1773,.T.);
#108=FACE_BOUND('',#1774,.T.);
#109=FACE_BOUND('',#1775,.T.);
#110=FACE_BOUND('',#1776,.T.);
#111=FACE_BOUND('',#1777,.T.);
#112=FACE_BOUND('',#1778,.T.);
#113=FACE_BOUND('',#1779,.T.);
#114=FACE_BOUND('',#1780,.T.);
#115=FACE_BOUND('',#1781,.T.);
#116=FACE_BOUND('',#1782,.T.);
#117=FACE_BOUND('',#1783,.T.);
#118=FACE_BOUND('',#1784,.T.);
#119=FACE_BOUND('',#1785,.T.);
#120=FACE_BOUND('',#1786,.T.);
#121=FACE_BOUND('',#1787,.T.);
#122=FACE_BOUND('',#1788,.T.);
#123=FACE_BOUND('',#1789,.T.);
#124=FACE_BOUND('',#1790,.T.);
#125=FACE_BOUND('',#1791,.T.);
#126=FACE_BOUND('',#1792,.T.);
#127=FACE_BOUND('',#1793,.T.);
#128=FACE_BOUND('',#1794,.T.);
#129=FACE_BOUND('',#1795,.T.);
#130=FACE_BOUND('',#1796,.T.);
#131=FACE_BOUND('',#1797,.T.);
#132=FACE_BOUND('',#1798,.T.);
#133=FACE_BOUND('',#1799,.T.);
#134=FACE_BOUND('',#1800,.T.);
#135=FACE_BOUND('',#1801,.T.);
#136=FACE_BOUND('',#1802,.T.);
#137=FACE_BOUND('',#1803,.T.);
#138=FACE_BOUND('',#1804,.T.);
#139=FACE_BOUND('',#1805,.T.);
#140=FACE_BOUND('',#1806,.T.);
#141=FACE_BOUND('',#1807,.T.);
#142=FACE_BOUND('',#1808,.T.);
#143=CIRCLE('',#12379,0.499999999999991);
#144=CIRCLE('',#12380,0.499999999999991);
#145=CIRCLE('',#12383,0.499999999999991);
#146=CIRCLE('',#12384,0.499999999999991);
#147=CIRCLE('',#12387,0.499999999999964);
#148=CIRCLE('',#12388,0.499999999999964);
#149=CIRCLE('',#12391,0.499999999999929);
#150=CIRCLE('',#12392,0.499999999999929);
#151=CIRCLE('',#12395,0.5);
#152=CIRCLE('',#12396,0.5);
#153=CIRCLE('',#12399,0.5);
#154=CIRCLE('',#12400,0.5);
#155=CIRCLE('',#12403,0.499999999999989);
#156=CIRCLE('',#12404,0.499999999999989);
#157=CIRCLE('',#12407,0.500000000000007);
#158=CIRCLE('',#12408,0.500000000000007);
#159=CIRCLE('',#12411,0.499999999999973);
#160=CIRCLE('',#12412,0.499999999999973);
#161=CIRCLE('',#12415,0.499999999999991);
#162=CIRCLE('',#12416,0.499999999999991);
#163=CIRCLE('',#12419,0.5);
#164=CIRCLE('',#12420,0.5);
#165=CIRCLE('',#12423,0.5);
#166=CIRCLE('',#12424,0.5);
#167=CIRCLE('',#12426,0.5);
#168=CIRCLE('',#12427,0.5);
#169=CIRCLE('',#12430,0.5);
#170=CIRCLE('',#12431,0.5);
#171=CIRCLE('',#12434,0.5);
#172=CIRCLE('',#12435,0.5);
#173=CIRCLE('',#12438,0.5);
#174=CIRCLE('',#12439,0.5);
#175=CIRCLE('',#12442,1.5);
#176=CIRCLE('',#12443,1.5);
#177=CIRCLE('',#12446,1.);
#178=CIRCLE('',#12447,1.);
#179=CIRCLE('',#12450,1.00000000000002);
#180=CIRCLE('',#12451,1.);
#181=CIRCLE('',#12452,1.5);
#182=CIRCLE('',#12453,1.5);
#183=CIRCLE('',#12454,1.);
#184=CIRCLE('',#12455,0.999999999999986);
#185=CIRCLE('',#12456,1.);
#186=CIRCLE('',#12457,1.5);
#187=CIRCLE('',#12458,0.999999999999996);
#188=CIRCLE('',#12459,0.999999999999996);
#189=CIRCLE('',#12460,1.5);
#190=CIRCLE('',#12461,1.);
#191=CIRCLE('',#12462,1.);
#192=CIRCLE('',#12463,1.);
#193=CIRCLE('',#12464,1.5);
#194=CIRCLE('',#12465,1.5);
#195=CIRCLE('',#12466,1.);
#196=CIRCLE('',#12467,1.);
#197=CIRCLE('',#12468,1.);
#198=CIRCLE('',#12469,1.5);
#199=CIRCLE('',#12470,1.);
#200=CIRCLE('',#12471,1.);
#201=CIRCLE('',#12472,1.5);
#202=CIRCLE('',#12473,1.);
#203=CIRCLE('',#12474,0.99999999999999);
#204=CIRCLE('',#12475,1.);
#205=CIRCLE('',#12476,1.5);
#206=CIRCLE('',#12477,1.5);
#207=CIRCLE('',#12478,1.);
#208=CIRCLE('',#12479,0.999999999999994);
#209=CIRCLE('',#12480,1.);
#210=CIRCLE('',#12481,1.5);
#211=CIRCLE('',#12482,1.5);
#212=CIRCLE('',#12483,1.);
#213=CIRCLE('',#12484,0.999999999999986);
#214=CIRCLE('',#12485,1.);
#215=CIRCLE('',#12486,1.5);
#216=CIRCLE('',#12487,1.5);
#217=CIRCLE('',#12488,1.);
#218=CIRCLE('',#12489,0.999999999999986);
#219=CIRCLE('',#12490,1.);
#220=CIRCLE('',#12491,1.5);
#221=CIRCLE('',#12492,1.00000000000001);
#222=CIRCLE('',#12493,1.00000000000001);
#223=CIRCLE('',#12494,0.499999999999998);
#224=CIRCLE('',#12495,0.499999999999989);
#225=CIRCLE('',#12496,0.500000000000003);
#226=CIRCLE('',#12497,0.499999999999998);
#227=CIRCLE('',#12498,0.5);
#228=CIRCLE('',#12499,0.499999999999989);
#229=CIRCLE('',#12500,0.499999999999998);
#230=CIRCLE('',#12501,0.499999999999998);
#231=CIRCLE('',#12502,0.499999999999998);
#232=CIRCLE('',#12503,0.500000000000007);
#233=CIRCLE('',#12504,0.500000000000003);
#234=CIRCLE('',#12505,0.499999999999998);
#235=CIRCLE('',#12506,0.5);
#236=CIRCLE('',#12507,0.500000000000007);
#237=CIRCLE('',#12508,0.499999999999998);
#238=CIRCLE('',#12509,0.499999999999989);
#239=CIRCLE('',#12510,0.499999999999998);
#240=CIRCLE('',#12511,0.500000000000007);
#241=CIRCLE('',#12512,0.500000000000003);
#242=CIRCLE('',#12513,0.499999999999998);
#243=CIRCLE('',#12514,0.499999999999998);
#244=CIRCLE('',#12515,0.500000000000007);
#245=CIRCLE('',#12516,0.500000000000003);
#246=CIRCLE('',#12517,0.499999999999989);
#247=CIRCLE('',#12518,0.499999999999998);
#248=CIRCLE('',#12519,0.499999999999998);
#249=CIRCLE('',#12520,0.500000000000003);
#250=CIRCLE('',#12521,0.5);
#251=CIRCLE('',#12522,0.5);
#252=CIRCLE('',#12523,0.499999999999998);
#253=CIRCLE('',#12524,0.499999999999998);
#254=CIRCLE('',#12525,0.499999999999998);
#255=CIRCLE('',#12526,0.5);
#256=CIRCLE('',#12527,0.499999999999998);
#257=CIRCLE('',#12528,0.499999999999998);
#258=CIRCLE('',#12529,0.499999999999998);
#259=CIRCLE('',#12530,0.5);
#260=CIRCLE('',#12531,0.500000000000003);
#261=CIRCLE('',#12532,0.499999999999998);
#262=CIRCLE('',#12533,0.499999999999998);
#263=CIRCLE('',#12534,0.5);
#264=CIRCLE('',#12535,0.499999999999998);
#265=CIRCLE('',#12536,0.499999999999998);
#266=CIRCLE('',#12537,0.5);
#267=CIRCLE('',#12538,0.499999999999989);
#268=CIRCLE('',#12539,0.399999999999991);
#269=CIRCLE('',#12540,0.499999999999989);
#270=CIRCLE('',#12541,0.500000000000007);
#271=CIRCLE('',#12542,0.399999999999991);
#272=CIRCLE('',#12543,0.500000000000007);
#273=CIRCLE('',#12544,0.500000000000007);
#274=CIRCLE('',#12545,0.500000000000007);
#275=CIRCLE('',#12546,0.399999999999991);
#276=CIRCLE('',#12547,0.4);
#277=CIRCLE('',#12548,0.500000000000007);
#278=CIRCLE('',#12549,0.500000000000007);
#279=CIRCLE('',#12550,0.499999999999998);
#280=CIRCLE('',#12551,0.500000000000007);
#281=CIRCLE('',#12552,0.499999999999989);
#282=CIRCLE('',#12553,0.500000000000007);
#283=CIRCLE('',#12554,0.499999999999998);
#284=CIRCLE('',#12555,0.500000000000007);
#285=CIRCLE('',#12556,0.499999999999989);
#286=CIRCLE('',#12557,0.499999999999972);
#287=CIRCLE('',#12558,0.499999999999998);
#288=CIRCLE('',#12559,0.499999999999972);
#289=CIRCLE('',#12560,0.499999999999989);
#290=CIRCLE('',#12561,0.500000000000007);
#291=CIRCLE('',#12562,0.499999999999989);
#292=CIRCLE('',#12563,0.500000000000007);
#293=CIRCLE('',#12564,0.500000000000007);
#294=CIRCLE('',#12565,0.500000000000007);
#295=CIRCLE('',#12566,0.499999999999998);
#296=CIRCLE('',#12567,0.500000000000007);
#297=CIRCLE('',#12568,0.499999999999989);
#298=CIRCLE('',#12569,0.500000000000007);
#299=CIRCLE('',#12570,0.499999999999989);
#300=CIRCLE('',#12571,0.499999999999998);
#301=CIRCLE('',#12572,0.500000000000007);
#302=CIRCLE('',#12573,0.500000000000007);
#303=CIRCLE('',#12574,0.499999999999998);
#304=CIRCLE('',#12575,0.500000000000007);
#305=CIRCLE('',#12576,0.499999999999989);
#306=CIRCLE('',#12577,0.499999999999989);
#307=CIRCLE('',#12578,0.499999999999998);
#308=CIRCLE('',#12579,0.500000000000007);
#309=CIRCLE('',#12580,0.499999999999989);
#310=CIRCLE('',#12581,0.499999999999998);
#311=CIRCLE('',#12582,0.499999999999998);
#312=CIRCLE('',#12583,0.500000000000003);
#313=CIRCLE('',#12584,0.499999999999989);
#314=CIRCLE('',#12585,0.499999999999998);
#315=CIRCLE('',#12586,0.499999999999998);
#316=CIRCLE('',#12587,0.499999999999998);
#317=CIRCLE('',#12588,0.499999999999989);
#318=CIRCLE('',#12589,0.5);
#319=CIRCLE('',#12590,0.499999999999998);
#320=CIRCLE('',#12591,0.500000000000007);
#321=CIRCLE('',#12592,0.499999999999998);
#322=CIRCLE('',#12593,0.500000000000007);
#323=CIRCLE('',#12594,0.499999999999998);
#324=CIRCLE('',#12595,0.500000000000007);
#325=CIRCLE('',#12596,0.499999999999998);
#326=CIRCLE('',#12597,0.500000000000007);
#327=CIRCLE('',#12598,0.499999999999998);
#328=CIRCLE('',#12599,0.499999999999972);
#329=CIRCLE('',#12600,0.499999999999998);
#330=CIRCLE('',#12601,0.500000000000007);
#331=CIRCLE('',#12602,0.499999999999998);
#332=CIRCLE('',#12603,0.500000000000007);
#333=CIRCLE('',#12604,0.499999999999998);
#334=CIRCLE('',#12605,0.500000000000007);
#335=CIRCLE('',#12606,0.499999999999998);
#336=CIRCLE('',#12607,0.500000000000007);
#337=CIRCLE('',#12608,0.499999999999998);
#338=CIRCLE('',#12609,0.500000000000007);
#339=CIRCLE('',#12610,0.499999999999998);
#340=CIRCLE('',#12611,0.500000000000007);
#341=CIRCLE('',#12612,0.499999999999998);
#342=CIRCLE('',#12613,0.500000000000007);
#343=CIRCLE('',#12614,0.499999999999998);
#344=CIRCLE('',#12615,0.500000000000007);
#345=CIRCLE('',#12616,0.499999999999998);
#346=CIRCLE('',#12617,0.500000000000007);
#347=CIRCLE('',#12618,0.499999999999998);
#348=CIRCLE('',#12619,0.500000000000007);
#349=CIRCLE('',#12620,0.499999999999998);
#350=CIRCLE('',#12621,0.499999999999989);
#351=CIRCLE('',#12622,0.499999999999998);
#352=CIRCLE('',#12623,0.499999999999989);
#353=CIRCLE('',#12624,0.499999999999998);
#354=CIRCLE('',#12625,0.499999999999998);
#355=CIRCLE('',#12626,0.499999999999998);
#356=CIRCLE('',#12627,0.499999999999998);
#357=CIRCLE('',#12628,0.499999999999998);
#358=CIRCLE('',#12629,0.499999999999998);
#359=CIRCLE('',#12630,0.499999999999998);
#360=CIRCLE('',#12631,0.499999999999998);
#361=CIRCLE('',#12632,0.499999999999998);
#362=CIRCLE('',#12633,0.499999999999998);
#363=CIRCLE('',#12634,0.499999999999998);
#364=CIRCLE('',#12635,0.5);
#365=CIRCLE('',#12636,0.499999999999998);
#366=CIRCLE('',#12637,0.5);
#367=CIRCLE('',#12638,0.499999999999998);
#368=CIRCLE('',#12639,0.499999999999998);
#369=CIRCLE('',#12640,0.499999999999998);
#370=CIRCLE('',#12641,0.500000000000003);
#371=CIRCLE('',#12642,0.499999999999998);
#372=CIRCLE('',#12643,0.500000000000003);
#373=CIRCLE('',#12644,0.499999999999998);
#374=CIRCLE('',#12645,0.5);
#375=CIRCLE('',#12646,0.499999999999998);
#376=CIRCLE('',#12647,0.499999999999972);
#377=CIRCLE('',#12648,0.499999999999998);
#378=CIRCLE('',#12649,0.500000000000007);
#379=CIRCLE('',#12650,0.499999999999998);
#380=CIRCLE('',#12651,0.500000000000007);
#381=CIRCLE('',#12652,0.499999999999998);
#382=CIRCLE('',#12653,0.499999999999972);
#383=CIRCLE('',#12654,0.499999999999998);
#384=CIRCLE('',#12655,0.500000000000007);
#385=CIRCLE('',#12656,0.499999999999998);
#386=CIRCLE('',#12657,0.500000000000007);
#387=CIRCLE('',#12658,0.499999999999998);
#388=CIRCLE('',#12659,0.500000000000007);
#389=CIRCLE('',#12660,0.499999999999998);
#390=CIRCLE('',#12661,0.500000000000007);
#391=CIRCLE('',#12662,0.499999999999998);
#392=CIRCLE('',#12663,0.500000000000007);
#393=CIRCLE('',#12664,0.499999999999998);
#394=CIRCLE('',#12665,0.500000000000007);
#395=CIRCLE('',#12666,0.499999999999998);
#396=CIRCLE('',#12667,0.500000000000007);
#397=CIRCLE('',#12668,0.499999999999998);
#398=CIRCLE('',#12669,0.500000000000007);
#399=CIRCLE('',#12670,0.499999999999998);
#400=CIRCLE('',#12671,0.500000000000007);
#401=CIRCLE('',#12672,0.499999999999998);
#402=CIRCLE('',#12673,0.500000000000007);
#403=CIRCLE('',#12674,0.499999999999998);
#404=CIRCLE('',#12675,0.500000000000007);
#405=CIRCLE('',#12676,0.499999999999998);
#406=CIRCLE('',#12677,0.499999999999989);
#407=CIRCLE('',#12678,0.499999999999998);
#408=CIRCLE('',#12679,0.499999999999989);
#409=CIRCLE('',#12680,0.499999999999998);
#410=CIRCLE('',#12681,0.499999999999998);
#411=CIRCLE('',#12682,0.499999999999998);
#412=CIRCLE('',#12683,0.499999999999998);
#413=CIRCLE('',#12684,0.499999999999998);
#414=CIRCLE('',#12685,0.499999999999998);
#415=CIRCLE('',#12686,0.499999999999998);
#416=CIRCLE('',#12687,0.499999999999998);
#417=CIRCLE('',#12688,0.499999999999998);
#418=CIRCLE('',#12689,0.500000000000003);
#419=CIRCLE('',#12690,0.499999999999998);
#420=CIRCLE('',#12691,0.499999999999998);
#421=CIRCLE('',#12692,0.499999999999998);
#422=CIRCLE('',#12693,0.5);
#423=CIRCLE('',#12694,0.499999999999998);
#424=CIRCLE('',#12695,0.500000000000007);
#425=CIRCLE('',#12696,0.500000000000003);
#426=CIRCLE('',#12697,0.500000000000007);
#427=CIRCLE('',#12698,0.499999999999998);
#428=CIRCLE('',#12699,0.500000000000007);
#429=CIRCLE('',#12700,0.500000000000003);
#430=CIRCLE('',#12701,0.500000000000007);
#431=CIRCLE('',#12702,0.499999999999998);
#432=CIRCLE('',#12703,0.499999999999972);
#433=CIRCLE('',#12704,0.500000000000003);
#434=CIRCLE('',#12705,0.500000000000007);
#435=CIRCLE('',#12706,0.499999999999998);
#436=CIRCLE('',#12707,0.499999999999972);
#437=CIRCLE('',#12708,0.500000000000003);
#438=CIRCLE('',#12709,0.500000000000007);
#439=CIRCLE('',#12710,0.499999999999998);
#440=CIRCLE('',#12711,0.500000000000007);
#441=CIRCLE('',#12712,0.500000000000003);
#442=CIRCLE('',#12713,0.500000000000007);
#443=CIRCLE('',#12714,0.499999999999998);
#444=CIRCLE('',#12715,0.500000000000007);
#445=CIRCLE('',#12716,0.500000000000003);
#446=CIRCLE('',#12717,0.500000000000007);
#447=CIRCLE('',#12718,0.499999999999998);
#448=CIRCLE('',#12719,0.500000000000007);
#449=CIRCLE('',#12720,0.500000000000003);
#450=CIRCLE('',#12721,0.500000000000007);
#451=CIRCLE('',#12722,0.499999999999998);
#452=CIRCLE('',#12723,0.500000000000007);
#453=CIRCLE('',#12724,0.500000000000003);
#454=CIRCLE('',#12725,0.500000000000007);
#455=CIRCLE('',#12727,1.5);
#456=CIRCLE('',#12730,1.);
#457=CIRCLE('',#12732,1.5);
#458=CIRCLE('',#12735,1.);
#459=CIRCLE('',#12738,1.5);
#460=CIRCLE('',#12741,1.);
#461=CIRCLE('',#12743,1.);
#462=CIRCLE('',#12746,1.00000000000001);
#463=CIRCLE('',#12747,1.00000000000001);
#464=CIRCLE('',#12748,1.5);
#465=CIRCLE('',#12749,0.999999999999986);
#466=CIRCLE('',#12750,1.);
#467=CIRCLE('',#12751,1.5);
#468=CIRCLE('',#12752,1.5);
#469=CIRCLE('',#12753,1.);
#470=CIRCLE('',#12754,0.999999999999986);
#471=CIRCLE('',#12755,1.);
#472=CIRCLE('',#12756,1.5);
#473=CIRCLE('',#12757,1.5);
#474=CIRCLE('',#12758,1.);
#475=CIRCLE('',#12759,0.999999999999994);
#476=CIRCLE('',#12760,1.);
#477=CIRCLE('',#12761,1.5);
#478=CIRCLE('',#12762,1.5);
#479=CIRCLE('',#12763,1.);
#480=CIRCLE('',#12764,0.99999999999999);
#481=CIRCLE('',#12765,1.);
#482=CIRCLE('',#12766,1.5);
#483=CIRCLE('',#12767,1.);
#484=CIRCLE('',#12768,1.);
#485=CIRCLE('',#12769,1.5);
#486=CIRCLE('',#12770,1.);
#487=CIRCLE('',#12771,1.);
#488=CIRCLE('',#12772,1.);
#489=CIRCLE('',#12773,1.5);
#490=CIRCLE('',#12774,1.5);
#491=CIRCLE('',#12775,1.);
#492=CIRCLE('',#12776,1.);
#493=CIRCLE('',#12777,1.);
#494=CIRCLE('',#12778,1.5);
#495=CIRCLE('',#12779,0.999999999999996);
#496=CIRCLE('',#12780,0.999999999999996);
#497=CIRCLE('',#12781,0.999999999999986);
#498=CIRCLE('',#12782,1.00000000000002);
#499=CIRCLE('',#12783,0.499999999999998);
#500=CIRCLE('',#12784,0.500000000000007);
#501=CIRCLE('',#12785,0.500000000000003);
#502=CIRCLE('',#12786,0.500000000000007);
#503=CIRCLE('',#12787,0.499999999999998);
#504=CIRCLE('',#12788,0.500000000000007);
#505=CIRCLE('',#12789,0.500000000000003);
#506=CIRCLE('',#12790,0.500000000000007);
#507=CIRCLE('',#12791,0.499999999999998);
#508=CIRCLE('',#12792,0.500000000000007);
#509=CIRCLE('',#12793,0.500000000000003);
#510=CIRCLE('',#12794,0.500000000000007);
#511=CIRCLE('',#12795,0.499999999999998);
#512=CIRCLE('',#12796,0.500000000000007);
#513=CIRCLE('',#12797,0.500000000000003);
#514=CIRCLE('',#12798,0.500000000000007);
#515=CIRCLE('',#12799,0.499999999999998);
#516=CIRCLE('',#12800,0.500000000000007);
#517=CIRCLE('',#12801,0.500000000000003);
#518=CIRCLE('',#12802,0.499999999999972);
#519=CIRCLE('',#12803,0.499999999999998);
#520=CIRCLE('',#12804,0.500000000000007);
#521=CIRCLE('',#12805,0.500000000000003);
#522=CIRCLE('',#12806,0.499999999999972);
#523=CIRCLE('',#12807,0.499999999999998);
#524=CIRCLE('',#12808,0.500000000000007);
#525=CIRCLE('',#12809,0.500000000000003);
#526=CIRCLE('',#12810,0.500000000000007);
#527=CIRCLE('',#12811,0.499999999999998);
#528=CIRCLE('',#12812,0.500000000000007);
#529=CIRCLE('',#12813,0.500000000000003);
#530=CIRCLE('',#12814,0.500000000000007);
#531=CIRCLE('',#12815,0.499999999999998);
#532=CIRCLE('',#12816,0.5);
#533=CIRCLE('',#12817,0.499999999999998);
#534=CIRCLE('',#12818,0.499999999999998);
#535=CIRCLE('',#12819,0.499999999999998);
#536=CIRCLE('',#12820,0.500000000000003);
#537=CIRCLE('',#12821,0.499999999999998);
#538=CIRCLE('',#12822,0.499999999999998);
#539=CIRCLE('',#12823,0.499999999999998);
#540=CIRCLE('',#12824,0.499999999999998);
#541=CIRCLE('',#12825,0.499999999999998);
#542=CIRCLE('',#12826,0.499999999999998);
#543=CIRCLE('',#12827,0.499999999999998);
#544=CIRCLE('',#12828,0.499999999999998);
#545=CIRCLE('',#12829,0.499999999999998);
#546=CIRCLE('',#12830,0.499999999999989);
#547=CIRCLE('',#12831,0.499999999999998);
#548=CIRCLE('',#12832,0.499999999999989);
#549=CIRCLE('',#12833,0.499999999999998);
#550=CIRCLE('',#12834,0.500000000000007);
#551=CIRCLE('',#12835,0.499999999999998);
#552=CIRCLE('',#12836,0.500000000000007);
#553=CIRCLE('',#12837,0.499999999999998);
#554=CIRCLE('',#12838,0.500000000000007);
#555=CIRCLE('',#12839,0.499999999999998);
#556=CIRCLE('',#12840,0.500000000000007);
#557=CIRCLE('',#12841,0.499999999999998);
#558=CIRCLE('',#12842,0.500000000000007);
#559=CIRCLE('',#12843,0.499999999999998);
#560=CIRCLE('',#12844,0.500000000000007);
#561=CIRCLE('',#12845,0.499999999999998);
#562=CIRCLE('',#12846,0.500000000000007);
#563=CIRCLE('',#12847,0.499999999999998);
#564=CIRCLE('',#12848,0.500000000000007);
#565=CIRCLE('',#12849,0.499999999999998);
#566=CIRCLE('',#12850,0.500000000000007);
#567=CIRCLE('',#12851,0.499999999999998);
#568=CIRCLE('',#12852,0.500000000000007);
#569=CIRCLE('',#12853,0.499999999999998);
#570=CIRCLE('',#12854,0.500000000000007);
#571=CIRCLE('',#12855,0.499999999999998);
#572=CIRCLE('',#12856,0.499999999999972);
#573=CIRCLE('',#12857,0.499999999999998);
#574=CIRCLE('',#12858,0.500000000000007);
#575=CIRCLE('',#12859,0.499999999999998);
#576=CIRCLE('',#12860,0.500000000000007);
#577=CIRCLE('',#12861,0.499999999999998);
#578=CIRCLE('',#12862,0.499999999999972);
#579=CIRCLE('',#12863,0.499999999999998);
#580=CIRCLE('',#12864,0.5);
#581=CIRCLE('',#12865,0.499999999999998);
#582=CIRCLE('',#12866,0.500000000000003);
#583=CIRCLE('',#12867,0.499999999999998);
#584=CIRCLE('',#12868,0.500000000000003);
#585=CIRCLE('',#12869,0.499999999999998);
#586=CIRCLE('',#12870,0.499999999999998);
#587=CIRCLE('',#12871,0.499999999999998);
#588=CIRCLE('',#12872,0.5);
#589=CIRCLE('',#12873,0.499999999999998);
#590=CIRCLE('',#12874,0.5);
#591=CIRCLE('',#12875,0.499999999999998);
#592=CIRCLE('',#12876,0.499999999999998);
#593=CIRCLE('',#12877,0.499999999999998);
#594=CIRCLE('',#12878,0.499999999999998);
#595=CIRCLE('',#12879,0.499999999999998);
#596=CIRCLE('',#12880,0.499999999999998);
#597=CIRCLE('',#12881,0.499999999999998);
#598=CIRCLE('',#12882,0.499999999999998);
#599=CIRCLE('',#12883,0.499999999999998);
#600=CIRCLE('',#12884,0.499999999999998);
#601=CIRCLE('',#12885,0.499999999999998);
#602=CIRCLE('',#12886,0.499999999999989);
#603=CIRCLE('',#12887,0.499999999999998);
#604=CIRCLE('',#12888,0.499999999999989);
#605=CIRCLE('',#12889,0.499999999999998);
#606=CIRCLE('',#12890,0.500000000000007);
#607=CIRCLE('',#12891,0.499999999999998);
#608=CIRCLE('',#12892,0.500000000000007);
#609=CIRCLE('',#12893,0.499999999999998);
#610=CIRCLE('',#12894,0.500000000000007);
#611=CIRCLE('',#12895,0.499999999999998);
#612=CIRCLE('',#12896,0.500000000000007);
#613=CIRCLE('',#12897,0.499999999999998);
#614=CIRCLE('',#12898,0.500000000000007);
#615=CIRCLE('',#12899,0.499999999999998);
#616=CIRCLE('',#12900,0.500000000000007);
#617=CIRCLE('',#12901,0.499999999999998);
#618=CIRCLE('',#12902,0.500000000000007);
#619=CIRCLE('',#12903,0.499999999999998);
#620=CIRCLE('',#12904,0.500000000000007);
#621=CIRCLE('',#12905,0.499999999999998);
#622=CIRCLE('',#12906,0.500000000000007);
#623=CIRCLE('',#12907,0.499999999999998);
#624=CIRCLE('',#12908,0.500000000000007);
#625=CIRCLE('',#12909,0.499999999999998);
#626=CIRCLE('',#12910,0.499999999999972);
#627=CIRCLE('',#12911,0.499999999999998);
#628=CIRCLE('',#12912,0.500000000000007);
#629=CIRCLE('',#12913,0.499999999999998);
#630=CIRCLE('',#12914,0.500000000000007);
#631=CIRCLE('',#12915,0.499999999999998);
#632=CIRCLE('',#12916,0.500000000000007);
#633=CIRCLE('',#12917,0.499999999999998);
#634=CIRCLE('',#12918,0.500000000000007);
#635=CIRCLE('',#12919,0.499999999999998);
#636=CIRCLE('',#12920,0.5);
#637=CIRCLE('',#12921,0.499999999999989);
#638=CIRCLE('',#12922,0.499999999999998);
#639=CIRCLE('',#12923,0.499999999999998);
#640=CIRCLE('',#12924,0.499999999999998);
#641=CIRCLE('',#12925,0.499999999999989);
#642=CIRCLE('',#12926,0.500000000000003);
#643=CIRCLE('',#12927,0.499999999999998);
#644=CIRCLE('',#12928,0.499999999999998);
#645=CIRCLE('',#12929,0.499999999999989);
#646=CIRCLE('',#12930,0.500000000000007);
#647=CIRCLE('',#12931,0.499999999999998);
#648=CIRCLE('',#12932,0.499999999999989);
#649=CIRCLE('',#12933,0.499999999999989);
#650=CIRCLE('',#12934,0.500000000000007);
#651=CIRCLE('',#12935,0.499999999999989);
#652=CIRCLE('',#12936,0.500000000000007);
#653=CIRCLE('',#12937,0.500000000000007);
#654=CIRCLE('',#12938,0.499999999999998);
#655=CIRCLE('',#12939,0.499999999999998);
#656=CIRCLE('',#12940,0.500000000000007);
#657=CIRCLE('',#12941,0.499999999999989);
#658=CIRCLE('',#12942,0.500000000000007);
#659=CIRCLE('',#12943,0.499999999999989);
#660=CIRCLE('',#12944,0.500000000000007);
#661=CIRCLE('',#12945,0.500000000000007);
#662=CIRCLE('',#12946,0.500000000000007);
#663=CIRCLE('',#12947,0.499999999999998);
#664=CIRCLE('',#12948,0.500000000000007);
#665=CIRCLE('',#12949,0.499999999999989);
#666=CIRCLE('',#12950,0.499999999999972);
#667=CIRCLE('',#12951,0.499999999999998);
#668=CIRCLE('',#12952,0.499999999999972);
#669=CIRCLE('',#12953,0.499999999999989);
#670=CIRCLE('',#12954,0.500000000000007);
#671=CIRCLE('',#12955,0.499999999999998);
#672=CIRCLE('',#12956,0.500000000000007);
#673=CIRCLE('',#12957,0.499999999999989);
#674=CIRCLE('',#12958,0.500000000000007);
#675=CIRCLE('',#12959,0.499999999999989);
#676=CIRCLE('',#12960,0.500000000000007);
#677=CIRCLE('',#12961,0.500000000000007);
#678=CIRCLE('',#12962,0.4);
#679=CIRCLE('',#12963,0.399999999999991);
#680=CIRCLE('',#12964,0.500000000000007);
#681=CIRCLE('',#12965,0.500000000000007);
#682=CIRCLE('',#12966,0.500000000000007);
#683=CIRCLE('',#12967,0.399999999999991);
#684=CIRCLE('',#12968,0.500000000000007);
#685=CIRCLE('',#12969,0.499999999999989);
#686=CIRCLE('',#12970,0.399999999999991);
#687=CIRCLE('',#12971,0.5);
#688=CIRCLE('',#12972,0.5);
#689=CIRCLE('',#12973,0.499999999999998);
#690=CIRCLE('',#12974,0.499999999999998);
#691=CIRCLE('',#12975,0.5);
#692=CIRCLE('',#12976,0.499999999999998);
#693=CIRCLE('',#12977,0.499999999999998);
#694=CIRCLE('',#12978,0.500000000000003);
#695=CIRCLE('',#12979,0.5);
#696=CIRCLE('',#12980,0.499999999999998);
#697=CIRCLE('',#12981,0.499999999999998);
#698=CIRCLE('',#12982,0.499999999999998);
#699=CIRCLE('',#12983,0.5);
#700=CIRCLE('',#12984,0.499999999999998);
#701=CIRCLE('',#12985,0.499999999999998);
#702=CIRCLE('',#12986,0.499999999999998);
#703=CIRCLE('',#12987,0.499999999999998);
#704=CIRCLE('',#12988,0.5);
#705=CIRCLE('',#12989,0.500000000000003);
#706=CIRCLE('',#12990,0.499999999999998);
#707=CIRCLE('',#12991,0.499999999999998);
#708=CIRCLE('',#12992,0.499999999999989);
#709=CIRCLE('',#12993,0.500000000000003);
#710=CIRCLE('',#12994,0.500000000000007);
#711=CIRCLE('',#12995,0.499999999999998);
#712=CIRCLE('',#12996,0.499999999999998);
#713=CIRCLE('',#12997,0.500000000000003);
#714=CIRCLE('',#12998,0.500000000000007);
#715=CIRCLE('',#12999,0.5);
#716=CIRCLE('',#13000,0.499999999999989);
#717=CIRCLE('',#13001,0.499999999999998);
#718=CIRCLE('',#13002,0.500000000000007);
#719=CIRCLE('',#13003,0.499999999999998);
#720=CIRCLE('',#13004,0.499999999999998);
#721=CIRCLE('',#13005,0.500000000000003);
#722=CIRCLE('',#13006,0.500000000000007);
#723=CIRCLE('',#13007,0.5);
#724=CIRCLE('',#13008,0.499999999999998);
#725=CIRCLE('',#13009,0.499999999999998);
#726=CIRCLE('',#13010,0.499999999999989);
#727=CIRCLE('',#13011,0.499999999999998);
#728=CIRCLE('',#13012,0.499999999999998);
#729=CIRCLE('',#13013,0.500000000000003);
#730=CIRCLE('',#13014,0.499999999999989);
#731=CYLINDRICAL_SURFACE('',#12378,0.499999999999991);
#732=CYLINDRICAL_SURFACE('',#12382,0.499999999999991);
#733=CYLINDRICAL_SURFACE('',#12386,0.499999999999964);
#734=CYLINDRICAL_SURFACE('',#12390,0.499999999999929);
#735=CYLINDRICAL_SURFACE('',#12394,0.5);
#736=CYLINDRICAL_SURFACE('',#12398,0.5);
#737=CYLINDRICAL_SURFACE('',#12402,0.499999999999989);
#738=CYLINDRICAL_SURFACE('',#12406,0.500000000000007);
#739=CYLINDRICAL_SURFACE('',#12410,0.499999999999973);
#740=CYLINDRICAL_SURFACE('',#12414,0.499999999999991);
#741=CYLINDRICAL_SURFACE('',#12418,0.5);
#742=CYLINDRICAL_SURFACE('',#12422,0.5);
#743=CYLINDRICAL_SURFACE('',#12425,0.5);
#744=CYLINDRICAL_SURFACE('',#12429,0.5);
#745=CYLINDRICAL_SURFACE('',#12433,0.5);
#746=CYLINDRICAL_SURFACE('',#12437,0.5);
#747=CYLINDRICAL_SURFACE('',#12441,1.5);
#748=CYLINDRICAL_SURFACE('',#12445,1.);
#749=CYLINDRICAL_SURFACE('',#12726,1.5);
#750=CYLINDRICAL_SURFACE('',#12729,1.);
#751=CYLINDRICAL_SURFACE('',#12731,1.5);
#752=CYLINDRICAL_SURFACE('',#12734,1.);
#753=CYLINDRICAL_SURFACE('',#12737,1.5);
#754=CYLINDRICAL_SURFACE('',#12740,1.);
#755=CYLINDRICAL_SURFACE('',#12742,1.);
#756=CYLINDRICAL_SURFACE('',#13015,1.);
#757=CYLINDRICAL_SURFACE('',#13017,1.);
#758=CYLINDRICAL_SURFACE('',#13019,1.);
#759=CYLINDRICAL_SURFACE('',#13021,1.);
#760=CYLINDRICAL_SURFACE('',#13023,1.);
#761=CYLINDRICAL_SURFACE('',#13025,1.);
#762=CYLINDRICAL_SURFACE('',#13027,1.);
#763=CYLINDRICAL_SURFACE('',#13029,1.);
#764=CYLINDRICAL_SURFACE('',#13031,1.);
#765=CYLINDRICAL_SURFACE('',#13033,1.);
#766=CYLINDRICAL_SURFACE('',#13035,1.);
#767=CYLINDRICAL_SURFACE('',#13069,0.999999999999986);
#768=CYLINDRICAL_SURFACE('',#13070,1.5);
#769=CYLINDRICAL_SURFACE('',#13072,1.5);
#770=CYLINDRICAL_SURFACE('',#13074,1.5);
#771=CYLINDRICAL_SURFACE('',#13075,1.5);
#772=CYLINDRICAL_SURFACE('',#13077,1.5);
#773=CYLINDRICAL_SURFACE('',#13078,1.5);
#774=CYLINDRICAL_SURFACE('',#13080,1.5);
#775=CYLINDRICAL_SURFACE('',#13081,1.5);
#776=CYLINDRICAL_SURFACE('',#13083,1.5);
#777=CYLINDRICAL_SURFACE('',#13085,1.5);
#778=CYLINDRICAL_SURFACE('',#13087,1.5);
#779=CYLINDRICAL_SURFACE('',#13089,1.5);
#780=CYLINDRICAL_SURFACE('',#13090,0.99999999999999);
#781=CYLINDRICAL_SURFACE('',#13091,0.999999999999986);
#782=CYLINDRICAL_SURFACE('',#13092,0.999999999999994);
#783=CYLINDRICAL_SURFACE('',#13093,0.999999999999986);
#784=CYLINDRICAL_SURFACE('',#13094,1.00000000000002);
#785=CYLINDRICAL_SURFACE('',#13096,1.);
#786=CYLINDRICAL_SURFACE('',#13097,1.);
#787=CYLINDRICAL_SURFACE('',#13098,1.);
#788=CYLINDRICAL_SURFACE('',#13100,0.499999999999998);
#789=CYLINDRICAL_SURFACE('',#13102,0.500000000000003);
#790=CYLINDRICAL_SURFACE('',#13104,0.499999999999989);
#791=CYLINDRICAL_SURFACE('',#13106,0.499999999999998);
#792=CYLINDRICAL_SURFACE('',#13108,0.499999999999998);
#793=CYLINDRICAL_SURFACE('',#13110,0.499999999999998);
#794=CYLINDRICAL_SURFACE('',#13112,0.499999999999989);
#795=CYLINDRICAL_SURFACE('',#13114,0.5);
#796=CYLINDRICAL_SURFACE('',#13116,0.499999999999998);
#797=CYLINDRICAL_SURFACE('',#13118,0.500000000000003);
#798=CYLINDRICAL_SURFACE('',#13120,0.500000000000007);
#799=CYLINDRICAL_SURFACE('',#13122,0.499999999999998);
#800=CYLINDRICAL_SURFACE('',#13124,0.499999999999989);
#801=CYLINDRICAL_SURFACE('',#13126,0.499999999999998);
#802=CYLINDRICAL_SURFACE('',#13128,0.500000000000007);
#803=CYLINDRICAL_SURFACE('',#13130,0.5);
#804=CYLINDRICAL_SURFACE('',#13132,0.499999999999998);
#805=CYLINDRICAL_SURFACE('',#13134,0.500000000000003);
#806=CYLINDRICAL_SURFACE('',#13136,0.500000000000007);
#807=CYLINDRICAL_SURFACE('',#13138,0.499999999999998);
#808=CYLINDRICAL_SURFACE('',#13140,0.499999999999989);
#809=CYLINDRICAL_SURFACE('',#13142,0.500000000000003);
#810=CYLINDRICAL_SURFACE('',#13144,0.500000000000007);
#811=CYLINDRICAL_SURFACE('',#13146,0.499999999999998);
#812=CYLINDRICAL_SURFACE('',#13148,0.5);
#813=CYLINDRICAL_SURFACE('',#13150,0.500000000000003);
#814=CYLINDRICAL_SURFACE('',#13152,0.499999999999998);
#815=CYLINDRICAL_SURFACE('',#13154,0.499999999999998);
#816=CYLINDRICAL_SURFACE('',#13156,0.499999999999998);
#817=CYLINDRICAL_SURFACE('',#13158,0.499999999999998);
#818=CYLINDRICAL_SURFACE('',#13160,0.499999999999998);
#819=CYLINDRICAL_SURFACE('',#13162,0.5);
#820=CYLINDRICAL_SURFACE('',#13164,0.499999999999998);
#821=CYLINDRICAL_SURFACE('',#13166,0.499999999999998);
#822=CYLINDRICAL_SURFACE('',#13168,0.499999999999998);
#823=CYLINDRICAL_SURFACE('',#13170,0.5);
#824=CYLINDRICAL_SURFACE('',#13172,0.499999999999998);
#825=CYLINDRICAL_SURFACE('',#13174,0.499999999999998);
#826=CYLINDRICAL_SURFACE('',#13176,0.500000000000003);
#827=CYLINDRICAL_SURFACE('',#13178,0.5);
#828=CYLINDRICAL_SURFACE('',#13180,0.5);
#829=CYLINDRICAL_SURFACE('',#13182,0.499999999999998);
#830=CYLINDRICAL_SURFACE('',#13184,0.499999999999998);
#831=CYLINDRICAL_SURFACE('',#13186,0.5);
#832=CYLINDRICAL_SURFACE('',#13188,0.500000000000007);
#833=CYLINDRICAL_SURFACE('',#13190,0.500000000000007);
#834=CYLINDRICAL_SURFACE('',#13192,0.4);
#835=CYLINDRICAL_SURFACE('',#13194,0.399999999999991);
#836=CYLINDRICAL_SURFACE('',#13196,0.500000000000007);
#837=CYLINDRICAL_SURFACE('',#13198,0.500000000000007);
#838=CYLINDRICAL_SURFACE('',#13200,0.500000000000007);
#839=CYLINDRICAL_SURFACE('',#13202,0.399999999999991);
#840=CYLINDRICAL_SURFACE('',#13204,0.500000000000007);
#841=CYLINDRICAL_SURFACE('',#13206,0.499999999999989);
#842=CYLINDRICAL_SURFACE('',#13208,0.399999999999991);
#843=CYLINDRICAL_SURFACE('',#13210,0.499999999999989);
#844=CYLINDRICAL_SURFACE('',#13212,0.500000000000007);
#845=CYLINDRICAL_SURFACE('',#13214,0.499999999999989);
#846=CYLINDRICAL_SURFACE('',#13216,0.500000000000007);
#847=CYLINDRICAL_SURFACE('',#13218,0.499999999999998);
#848=CYLINDRICAL_SURFACE('',#13220,0.499999999999972);
#849=CYLINDRICAL_SURFACE('',#13222,0.499999999999989);
#850=CYLINDRICAL_SURFACE('',#13224,0.500000000000007);
#851=CYLINDRICAL_SURFACE('',#13226,0.499999999999998);
#852=CYLINDRICAL_SURFACE('',#13228,0.500000000000007);
#853=CYLINDRICAL_SURFACE('',#13230,0.499999999999989);
#854=CYLINDRICAL_SURFACE('',#13232,0.499999999999972);
#855=CYLINDRICAL_SURFACE('',#13234,0.499999999999998);
#856=CYLINDRICAL_SURFACE('',#13236,0.500000000000007);
#857=CYLINDRICAL_SURFACE('',#13238,0.500000000000007);
#858=CYLINDRICAL_SURFACE('',#13240,0.500000000000007);
#859=CYLINDRICAL_SURFACE('',#13242,0.499999999999989);
#860=CYLINDRICAL_SURFACE('',#13244,0.500000000000007);
#861=CYLINDRICAL_SURFACE('',#13246,0.499999999999989);
#862=CYLINDRICAL_SURFACE('',#13248,0.500000000000007);
#863=CYLINDRICAL_SURFACE('',#13250,0.499999999999998);
#864=CYLINDRICAL_SURFACE('',#13252,0.500000000000007);
#865=CYLINDRICAL_SURFACE('',#13254,0.500000000000007);
#866=CYLINDRICAL_SURFACE('',#13256,0.499999999999998);
#867=CYLINDRICAL_SURFACE('',#13258,0.499999999999989);
#868=CYLINDRICAL_SURFACE('',#13260,0.499999999999989);
#869=CYLINDRICAL_SURFACE('',#13262,0.499999999999989);
#870=CYLINDRICAL_SURFACE('',#13264,0.500000000000007);
#871=CYLINDRICAL_SURFACE('',#13266,0.499999999999998);
#872=CYLINDRICAL_SURFACE('',#13268,0.499999999999998);
#873=CYLINDRICAL_SURFACE('',#13270,0.499999999999989);
#874=CYLINDRICAL_SURFACE('',#13272,0.500000000000007);
#875=CYLINDRICAL_SURFACE('',#13274,0.499999999999998);
#876=CYLINDRICAL_SURFACE('',#13276,0.499999999999998);
#877=CYLINDRICAL_SURFACE('',#13278,0.499999999999989);
#878=CYLINDRICAL_SURFACE('',#13280,0.500000000000003);
#879=CYLINDRICAL_SURFACE('',#13282,0.499999999999998);
#880=CYLINDRICAL_SURFACE('',#13284,0.5);
#881=CYLINDRICAL_SURFACE('',#13286,0.499999999999989);
#882=CYLINDRICAL_SURFACE('',#13288,0.499999999999998);
#883=CYLINDRICAL_SURFACE('',#13290,0.499999999999998);
#884=CYLINDRICAL_SURFACE('',#13292,0.500000000000007);
#885=CYLINDRICAL_SURFACE('',#13294,0.499999999999998);
#886=CYLINDRICAL_SURFACE('',#13296,0.500000000000007);
#887=CYLINDRICAL_SURFACE('',#13298,0.499999999999998);
#888=CYLINDRICAL_SURFACE('',#13300,0.500000000000007);
#889=CYLINDRICAL_SURFACE('',#13302,0.499999999999998);
#890=CYLINDRICAL_SURFACE('',#13304,0.500000000000007);
#891=CYLINDRICAL_SURFACE('',#13306,0.499999999999998);
#892=CYLINDRICAL_SURFACE('',#13308,0.500000000000007);
#893=CYLINDRICAL_SURFACE('',#13310,0.499999999999998);
#894=CYLINDRICAL_SURFACE('',#13312,0.499999999999972);
#895=CYLINDRICAL_SURFACE('',#13314,0.499999999999998);
#896=CYLINDRICAL_SURFACE('',#13316,0.500000000000007);
#897=CYLINDRICAL_SURFACE('',#13318,0.499999999999998);
#898=CYLINDRICAL_SURFACE('',#13320,0.500000000000007);
#899=CYLINDRICAL_SURFACE('',#13322,0.499999999999998);
#900=CYLINDRICAL_SURFACE('',#13324,0.500000000000007);
#901=CYLINDRICAL_SURFACE('',#13326,0.499999999999998);
#902=CYLINDRICAL_SURFACE('',#13328,0.500000000000007);
#903=CYLINDRICAL_SURFACE('',#13330,0.499999999999998);
#904=CYLINDRICAL_SURFACE('',#13332,0.500000000000007);
#905=CYLINDRICAL_SURFACE('',#13334,0.499999999999998);
#906=CYLINDRICAL_SURFACE('',#13336,0.500000000000007);
#907=CYLINDRICAL_SURFACE('',#13338,0.499999999999998);
#908=CYLINDRICAL_SURFACE('',#13340,0.500000000000007);
#909=CYLINDRICAL_SURFACE('',#13342,0.499999999999998);
#910=CYLINDRICAL_SURFACE('',#13344,0.500000000000007);
#911=CYLINDRICAL_SURFACE('',#13346,0.499999999999998);
#912=CYLINDRICAL_SURFACE('',#13348,0.499999999999989);
#913=CYLINDRICAL_SURFACE('',#13350,0.499999999999998);
#914=CYLINDRICAL_SURFACE('',#13352,0.500000000000007);
#915=CYLINDRICAL_SURFACE('',#13354,0.499999999999998);
#916=CYLINDRICAL_SURFACE('',#13356,0.499999999999998);
#917=CYLINDRICAL_SURFACE('',#13358,0.499999999999998);
#918=CYLINDRICAL_SURFACE('',#13360,0.499999999999989);
#919=CYLINDRICAL_SURFACE('',#13362,0.499999999999998);
#920=CYLINDRICAL_SURFACE('',#13364,0.499999999999998);
#921=CYLINDRICAL_SURFACE('',#13366,0.499999999999998);
#922=CYLINDRICAL_SURFACE('',#13368,0.499999999999998);
#923=CYLINDRICAL_SURFACE('',#13370,0.499999999999998);
#924=CYLINDRICAL_SURFACE('',#13372,0.499999999999998);
#925=CYLINDRICAL_SURFACE('',#13374,0.499999999999998);
#926=CYLINDRICAL_SURFACE('',#13376,0.499999999999998);
#927=CYLINDRICAL_SURFACE('',#13378,0.499999999999998);
#928=CYLINDRICAL_SURFACE('',#13380,0.5);
#929=CYLINDRICAL_SURFACE('',#13382,0.499999999999998);
#930=CYLINDRICAL_SURFACE('',#13384,0.5);
#931=CYLINDRICAL_SURFACE('',#13386,0.499999999999998);
#932=CYLINDRICAL_SURFACE('',#13388,0.500000000000003);
#933=CYLINDRICAL_SURFACE('',#13390,0.499999999999998);
#934=CYLINDRICAL_SURFACE('',#13392,0.499999999999998);
#935=CYLINDRICAL_SURFACE('',#13394,0.499999999999998);
#936=CYLINDRICAL_SURFACE('',#13396,0.5);
#937=CYLINDRICAL_SURFACE('',#13398,0.499999999999998);
#938=CYLINDRICAL_SURFACE('',#13400,0.500000000000003);
#939=CYLINDRICAL_SURFACE('',#13402,0.499999999999998);
#940=CYLINDRICAL_SURFACE('',#13404,0.500000000000007);
#941=CYLINDRICAL_SURFACE('',#13406,0.499999999999998);
#942=CYLINDRICAL_SURFACE('',#13408,0.499999999999972);
#943=CYLINDRICAL_SURFACE('',#13410,0.499999999999998);
#944=CYLINDRICAL_SURFACE('',#13412,0.499999999999972);
#945=CYLINDRICAL_SURFACE('',#13414,0.499999999999998);
#946=CYLINDRICAL_SURFACE('',#13416,0.500000000000007);
#947=CYLINDRICAL_SURFACE('',#13418,0.499999999999998);
#948=CYLINDRICAL_SURFACE('',#13420,0.500000000000007);
#949=CYLINDRICAL_SURFACE('',#13422,0.499999999999998);
#950=CYLINDRICAL_SURFACE('',#13424,0.500000000000007);
#951=CYLINDRICAL_SURFACE('',#13426,0.499999999999998);
#952=CYLINDRICAL_SURFACE('',#13428,0.500000000000007);
#953=CYLINDRICAL_SURFACE('',#13430,0.499999999999998);
#954=CYLINDRICAL_SURFACE('',#13432,0.500000000000007);
#955=CYLINDRICAL_SURFACE('',#13434,0.499999999999998);
#956=CYLINDRICAL_SURFACE('',#13436,0.500000000000007);
#957=CYLINDRICAL_SURFACE('',#13438,0.499999999999998);
#958=CYLINDRICAL_SURFACE('',#13440,0.500000000000007);
#959=CYLINDRICAL_SURFACE('',#13442,0.499999999999998);
#960=CYLINDRICAL_SURFACE('',#13444,0.500000000000007);
#961=CYLINDRICAL_SURFACE('',#13446,0.499999999999998);
#962=CYLINDRICAL_SURFACE('',#13448,0.500000000000007);
#963=CYLINDRICAL_SURFACE('',#13450,0.499999999999998);
#964=CYLINDRICAL_SURFACE('',#13452,0.500000000000007);
#965=CYLINDRICAL_SURFACE('',#13454,0.499999999999998);
#966=CYLINDRICAL_SURFACE('',#13456,0.500000000000007);
#967=CYLINDRICAL_SURFACE('',#13458,0.499999999999998);
#968=CYLINDRICAL_SURFACE('',#13460,0.499999999999989);
#969=CYLINDRICAL_SURFACE('',#13462,0.499999999999998);
#970=CYLINDRICAL_SURFACE('',#13464,0.500000000000007);
#971=CYLINDRICAL_SURFACE('',#13466,0.499999999999998);
#972=CYLINDRICAL_SURFACE('',#13468,0.499999999999998);
#973=CYLINDRICAL_SURFACE('',#13470,0.499999999999998);
#974=CYLINDRICAL_SURFACE('',#13472,0.499999999999989);
#975=CYLINDRICAL_SURFACE('',#13474,0.499999999999998);
#976=CYLINDRICAL_SURFACE('',#13476,0.499999999999998);
#977=CYLINDRICAL_SURFACE('',#13478,0.499999999999998);
#978=CYLINDRICAL_SURFACE('',#13480,0.499999999999998);
#979=CYLINDRICAL_SURFACE('',#13482,0.499999999999998);
#980=CYLINDRICAL_SURFACE('',#13484,0.500000000000003);
#981=CYLINDRICAL_SURFACE('',#13486,0.499999999999998);
#982=CYLINDRICAL_SURFACE('',#13488,0.499999999999998);
#983=CYLINDRICAL_SURFACE('',#13490,0.499999999999998);
#984=CYLINDRICAL_SURFACE('',#13492,0.5);
#985=CYLINDRICAL_SURFACE('',#13494,0.499999999999998);
#986=CYLINDRICAL_SURFACE('',#13496,0.499999999999998);
#987=CYLINDRICAL_SURFACE('',#13498,0.499999999999998);
#988=CYLINDRICAL_SURFACE('',#13500,0.500000000000007);
#989=CYLINDRICAL_SURFACE('',#13502,0.500000000000003);
#990=CYLINDRICAL_SURFACE('',#13504,0.500000000000007);
#991=CYLINDRICAL_SURFACE('',#13506,0.499999999999998);
#992=CYLINDRICAL_SURFACE('',#13508,0.500000000000007);
#993=CYLINDRICAL_SURFACE('',#13510,0.500000000000003);
#994=CYLINDRICAL_SURFACE('',#13512,0.500000000000007);
#995=CYLINDRICAL_SURFACE('',#13514,0.499999999999998);
#996=CYLINDRICAL_SURFACE('',#13516,0.500000000000007);
#997=CYLINDRICAL_SURFACE('',#13518,0.500000000000003);
#998=CYLINDRICAL_SURFACE('',#13520,0.499999999999972);
#999=CYLINDRICAL_SURFACE('',#13522,0.499999999999998);
#1000=CYLINDRICAL_SURFACE('',#13524,0.500000000000007);
#1001=CYLINDRICAL_SURFACE('',#13526,0.500000000000003);
#1002=CYLINDRICAL_SURFACE('',#13528,0.499999999999972);
#1003=CYLINDRICAL_SURFACE('',#13530,0.499999999999998);
#1004=CYLINDRICAL_SURFACE('',#13532,0.500000000000007);
#1005=CYLINDRICAL_SURFACE('',#13534,0.500000000000003);
#1006=CYLINDRICAL_SURFACE('',#13536,0.500000000000007);
#1007=CYLINDRICAL_SURFACE('',#13538,0.499999999999998);
#1008=CYLINDRICAL_SURFACE('',#13540,0.500000000000007);
#1009=CYLINDRICAL_SURFACE('',#13542,0.500000000000003);
#1010=CYLINDRICAL_SURFACE('',#13544,0.500000000000007);
#1011=CYLINDRICAL_SURFACE('',#13546,0.499999999999998);
#1012=CYLINDRICAL_SURFACE('',#13548,0.500000000000007);
#1013=CYLINDRICAL_SURFACE('',#13550,0.500000000000003);
#1014=CYLINDRICAL_SURFACE('',#13552,0.500000000000007);
#1015=CYLINDRICAL_SURFACE('',#13554,0.499999999999998);
#1016=CYLINDRICAL_SURFACE('',#13556,0.500000000000007);
#1017=CYLINDRICAL_SURFACE('',#13558,0.500000000000003);
#1018=CYLINDRICAL_SURFACE('',#13560,0.500000000000007);
#1019=CYLINDRICAL_SURFACE('',#13562,0.499999999999998);
#1020=CYLINDRICAL_SURFACE('',#13564,1.);
#1021=CYLINDRICAL_SURFACE('',#13565,0.999999999999996);
#1022=CYLINDRICAL_SURFACE('',#13567,0.999999999999996);
#1023=CYLINDRICAL_SURFACE('',#13568,1.00000000000001);
#1024=CYLINDRICAL_SURFACE('',#13570,1.00000000000001);
#1025=FACE_OUTER_BOUND('',#1631,.T.);
#1026=FACE_OUTER_BOUND('',#1632,.T.);
#1027=FACE_OUTER_BOUND('',#1633,.T.);
#1028=FACE_OUTER_BOUND('',#1634,.T.);
#1029=FACE_OUTER_BOUND('',#1635,.T.);
#1030=FACE_OUTER_BOUND('',#1636,.T.);
#1031=FACE_OUTER_BOUND('',#1637,.T.);
#1032=FACE_OUTER_BOUND('',#1638,.T.);
#1033=FACE_OUTER_BOUND('',#1639,.T.);
#1034=FACE_OUTER_BOUND('',#1640,.T.);
#1035=FACE_OUTER_BOUND('',#1641,.T.);
#1036=FACE_OUTER_BOUND('',#1642,.T.);
#1037=FACE_OUTER_BOUND('',#1643,.T.);
#1038=FACE_OUTER_BOUND('',#1644,.T.);
#1039=FACE_OUTER_BOUND('',#1645,.T.);
#1040=FACE_OUTER_BOUND('',#1646,.T.);
#1041=FACE_OUTER_BOUND('',#1647,.T.);
#1042=FACE_OUTER_BOUND('',#1648,.T.);
#1043=FACE_OUTER_BOUND('',#1649,.T.);
#1044=FACE_OUTER_BOUND('',#1650,.T.);
#1045=FACE_OUTER_BOUND('',#1651,.T.);
#1046=FACE_OUTER_BOUND('',#1652,.T.);
#1047=FACE_OUTER_BOUND('',#1653,.T.);
#1048=FACE_OUTER_BOUND('',#1654,.T.);
#1049=FACE_OUTER_BOUND('',#1655,.T.);
#1050=FACE_OUTER_BOUND('',#1656,.T.);
#1051=FACE_OUTER_BOUND('',#1657,.T.);
#1052=FACE_OUTER_BOUND('',#1658,.T.);
#1053=FACE_OUTER_BOUND('',#1659,.T.);
#1054=FACE_OUTER_BOUND('',#1660,.T.);
#1055=FACE_OUTER_BOUND('',#1661,.T.);
#1056=FACE_OUTER_BOUND('',#1662,.T.);
#1057=FACE_OUTER_BOUND('',#1663,.T.);
#1058=FACE_OUTER_BOUND('',#1664,.T.);
#1059=FACE_OUTER_BOUND('',#1665,.T.);
#1060=FACE_OUTER_BOUND('',#1666,.T.);
#1061=FACE_OUTER_BOUND('',#1667,.T.);
#1062=FACE_OUTER_BOUND('',#1732,.T.);
#1063=FACE_OUTER_BOUND('',#1733,.T.);
#1064=FACE_OUTER_BOUND('',#1734,.T.);
#1065=FACE_OUTER_BOUND('',#1735,.T.);
#1066=FACE_OUTER_BOUND('',#1736,.T.);
#1067=FACE_OUTER_BOUND('',#1737,.T.);
#1068=FACE_OUTER_BOUND('',#1738,.T.);
#1069=FACE_OUTER_BOUND('',#1739,.T.);
#1070=FACE_OUTER_BOUND('',#1740,.T.);
#1071=FACE_OUTER_BOUND('',#1741,.T.);
#1072=FACE_OUTER_BOUND('',#1742,.T.);
#1073=FACE_OUTER_BOUND('',#1743,.T.);
#1074=FACE_OUTER_BOUND('',#1744,.T.);
#1075=FACE_OUTER_BOUND('',#1809,.T.);
#1076=FACE_OUTER_BOUND('',#1810,.T.);
#1077=FACE_OUTER_BOUND('',#1811,.T.);
#1078=FACE_OUTER_BOUND('',#1812,.T.);
#1079=FACE_OUTER_BOUND('',#1813,.T.);
#1080=FACE_OUTER_BOUND('',#1814,.T.);
#1081=FACE_OUTER_BOUND('',#1815,.T.);
#1082=FACE_OUTER_BOUND('',#1816,.T.);
#1083=FACE_OUTER_BOUND('',#1817,.T.);
#1084=FACE_OUTER_BOUND('',#1818,.T.);
#1085=FACE_OUTER_BOUND('',#1819,.T.);
#1086=FACE_OUTER_BOUND('',#1820,.T.);
#1087=FACE_OUTER_BOUND('',#1821,.T.);
#1088=FACE_OUTER_BOUND('',#1822,.T.);
#1089=FACE_OUTER_BOUND('',#1823,.T.);
#1090=FACE_OUTER_BOUND('',#1824,.T.);
#1091=FACE_OUTER_BOUND('',#1825,.T.);
#1092=FACE_OUTER_BOUND('',#1826,.T.);
#1093=FACE_OUTER_BOUND('',#1827,.T.);
#1094=FACE_OUTER_BOUND('',#1828,.T.);
#1095=FACE_OUTER_BOUND('',#1829,.T.);
#1096=FACE_OUTER_BOUND('',#1830,.T.);
#1097=FACE_OUTER_BOUND('',#1831,.T.);
#1098=FACE_OUTER_BOUND('',#1832,.T.);
#1099=FACE_OUTER_BOUND('',#1833,.T.);
#1100=FACE_OUTER_BOUND('',#1834,.T.);
#1101=FACE_OUTER_BOUND('',#1835,.T.);
#1102=FACE_OUTER_BOUND('',#1836,.T.);
#1103=FACE_OUTER_BOUND('',#1837,.T.);
#1104=FACE_OUTER_BOUND('',#1838,.T.);
#1105=FACE_OUTER_BOUND('',#1839,.T.);
#1106=FACE_OUTER_BOUND('',#1840,.T.);
#1107=FACE_OUTER_BOUND('',#1841,.T.);
#1108=FACE_OUTER_BOUND('',#1842,.T.);
#1109=FACE_OUTER_BOUND('',#1843,.T.);
#1110=FACE_OUTER_BOUND('',#1844,.T.);
#1111=FACE_OUTER_BOUND('',#1845,.T.);
#1112=FACE_OUTER_BOUND('',#1846,.T.);
#1113=FACE_OUTER_BOUND('',#1847,.T.);
#1114=FACE_OUTER_BOUND('',#1848,.T.);
#1115=FACE_OUTER_BOUND('',#1849,.T.);
#1116=FACE_OUTER_BOUND('',#1850,.T.);
#1117=FACE_OUTER_BOUND('',#1851,.T.);
#1118=FACE_OUTER_BOUND('',#1852,.T.);
#1119=FACE_OUTER_BOUND('',#1853,.T.);
#1120=FACE_OUTER_BOUND('',#1854,.T.);
#1121=FACE_OUTER_BOUND('',#1855,.T.);
#1122=FACE_OUTER_BOUND('',#1856,.T.);
#1123=FACE_OUTER_BOUND('',#1857,.T.);
#1124=FACE_OUTER_BOUND('',#1858,.T.);
#1125=FACE_OUTER_BOUND('',#1859,.T.);
#1126=FACE_OUTER_BOUND('',#1860,.T.);
#1127=FACE_OUTER_BOUND('',#1861,.T.);
#1128=FACE_OUTER_BOUND('',#1862,.T.);
#1129=FACE_OUTER_BOUND('',#1863,.T.);
#1130=FACE_OUTER_BOUND('',#1864,.T.);
#1131=FACE_OUTER_BOUND('',#1865,.T.);
#1132=FACE_OUTER_BOUND('',#1866,.T.);
#1133=FACE_OUTER_BOUND('',#1867,.T.);
#1134=FACE_OUTER_BOUND('',#1868,.T.);
#1135=FACE_OUTER_BOUND('',#1869,.T.);
#1136=FACE_OUTER_BOUND('',#1870,.T.);
#1137=FACE_OUTER_BOUND('',#1871,.T.);
#1138=FACE_OUTER_BOUND('',#1872,.T.);
#1139=FACE_OUTER_BOUND('',#1873,.T.);
#1140=FACE_OUTER_BOUND('',#1874,.T.);
#1141=FACE_OUTER_BOUND('',#1875,.T.);
#1142=FACE_OUTER_BOUND('',#1876,.T.);
#1143=FACE_OUTER_BOUND('',#1877,.T.);
#1144=FACE_OUTER_BOUND('',#1878,.T.);
#1145=FACE_OUTER_BOUND('',#1879,.T.);
#1146=FACE_OUTER_BOUND('',#1880,.T.);
#1147=FACE_OUTER_BOUND('',#1881,.T.);
#1148=FACE_OUTER_BOUND('',#1882,.T.);
#1149=FACE_OUTER_BOUND('',#1883,.T.);
#1150=FACE_OUTER_BOUND('',#1884,.T.);
#1151=FACE_OUTER_BOUND('',#1885,.T.);
#1152=FACE_OUTER_BOUND('',#1886,.T.);
#1153=FACE_OUTER_BOUND('',#1887,.T.);
#1154=FACE_OUTER_BOUND('',#1888,.T.);
#1155=FACE_OUTER_BOUND('',#1889,.T.);
#1156=FACE_OUTER_BOUND('',#1890,.T.);
#1157=FACE_OUTER_BOUND('',#1891,.T.);
#1158=FACE_OUTER_BOUND('',#1892,.T.);
#1159=FACE_OUTER_BOUND('',#1893,.T.);
#1160=FACE_OUTER_BOUND('',#1894,.T.);
#1161=FACE_OUTER_BOUND('',#1895,.T.);
#1162=FACE_OUTER_BOUND('',#1896,.T.);
#1163=FACE_OUTER_BOUND('',#1897,.T.);
#1164=FACE_OUTER_BOUND('',#1898,.T.);
#1165=FACE_OUTER_BOUND('',#1899,.T.);
#1166=FACE_OUTER_BOUND('',#1900,.T.);
#1167=FACE_OUTER_BOUND('',#1901,.T.);
#1168=FACE_OUTER_BOUND('',#1902,.T.);
#1169=FACE_OUTER_BOUND('',#1903,.T.);
#1170=FACE_OUTER_BOUND('',#1904,.T.);
#1171=FACE_OUTER_BOUND('',#1905,.T.);
#1172=FACE_OUTER_BOUND('',#1906,.T.);
#1173=FACE_OUTER_BOUND('',#1907,.T.);
#1174=FACE_OUTER_BOUND('',#1908,.T.);
#1175=FACE_OUTER_BOUND('',#1909,.T.);
#1176=FACE_OUTER_BOUND('',#1910,.T.);
#1177=FACE_OUTER_BOUND('',#1911,.T.);
#1178=FACE_OUTER_BOUND('',#1912,.T.);
#1179=FACE_OUTER_BOUND('',#1913,.T.);
#1180=FACE_OUTER_BOUND('',#1914,.T.);
#1181=FACE_OUTER_BOUND('',#1915,.T.);
#1182=FACE_OUTER_BOUND('',#1916,.T.);
#1183=FACE_OUTER_BOUND('',#1917,.T.);
#1184=FACE_OUTER_BOUND('',#1918,.T.);
#1185=FACE_OUTER_BOUND('',#1919,.T.);
#1186=FACE_OUTER_BOUND('',#1920,.T.);
#1187=FACE_OUTER_BOUND('',#1921,.T.);
#1188=FACE_OUTER_BOUND('',#1922,.T.);
#1189=FACE_OUTER_BOUND('',#1923,.T.);
#1190=FACE_OUTER_BOUND('',#1924,.T.);
#1191=FACE_OUTER_BOUND('',#1925,.T.);
#1192=FACE_OUTER_BOUND('',#1926,.T.);
#1193=FACE_OUTER_BOUND('',#1927,.T.);
#1194=FACE_OUTER_BOUND('',#1928,.T.);
#1195=FACE_OUTER_BOUND('',#1929,.T.);
#1196=FACE_OUTER_BOUND('',#1930,.T.);
#1197=FACE_OUTER_BOUND('',#1931,.T.);
#1198=FACE_OUTER_BOUND('',#1932,.T.);
#1199=FACE_OUTER_BOUND('',#1933,.T.);
#1200=FACE_OUTER_BOUND('',#1934,.T.);
#1201=FACE_OUTER_BOUND('',#1935,.T.);
#1202=FACE_OUTER_BOUND('',#1936,.T.);
#1203=FACE_OUTER_BOUND('',#1937,.T.);
#1204=FACE_OUTER_BOUND('',#1938,.T.);
#1205=FACE_OUTER_BOUND('',#1939,.T.);
#1206=FACE_OUTER_BOUND('',#1940,.T.);
#1207=FACE_OUTER_BOUND('',#1941,.T.);
#1208=FACE_OUTER_BOUND('',#1942,.T.);
#1209=FACE_OUTER_BOUND('',#1943,.T.);
#1210=FACE_OUTER_BOUND('',#1944,.T.);
#1211=FACE_OUTER_BOUND('',#1945,.T.);
#1212=FACE_OUTER_BOUND('',#1946,.T.);
#1213=FACE_OUTER_BOUND('',#1947,.T.);
#1214=FACE_OUTER_BOUND('',#1948,.T.);
#1215=FACE_OUTER_BOUND('',#1949,.T.);
#1216=FACE_OUTER_BOUND('',#1950,.T.);
#1217=FACE_OUTER_BOUND('',#1951,.T.);
#1218=FACE_OUTER_BOUND('',#1952,.T.);
#1219=FACE_OUTER_BOUND('',#1953,.T.);
#1220=FACE_OUTER_BOUND('',#1954,.T.);
#1221=FACE_OUTER_BOUND('',#1955,.T.);
#1222=FACE_OUTER_BOUND('',#1956,.T.);
#1223=FACE_OUTER_BOUND('',#1957,.T.);
#1224=FACE_OUTER_BOUND('',#1958,.T.);
#1225=FACE_OUTER_BOUND('',#1959,.T.);
#1226=FACE_OUTER_BOUND('',#1960,.T.);
#1227=FACE_OUTER_BOUND('',#1961,.T.);
#1228=FACE_OUTER_BOUND('',#1962,.T.);
#1229=FACE_OUTER_BOUND('',#1963,.T.);
#1230=FACE_OUTER_BOUND('',#1964,.T.);
#1231=FACE_OUTER_BOUND('',#1965,.T.);
#1232=FACE_OUTER_BOUND('',#1966,.T.);
#1233=FACE_OUTER_BOUND('',#1967,.T.);
#1234=FACE_OUTER_BOUND('',#1968,.T.);
#1235=FACE_OUTER_BOUND('',#1969,.T.);
#1236=FACE_OUTER_BOUND('',#1970,.T.);
#1237=FACE_OUTER_BOUND('',#1971,.T.);
#1238=FACE_OUTER_BOUND('',#1972,.T.);
#1239=FACE_OUTER_BOUND('',#1973,.T.);
#1240=FACE_OUTER_BOUND('',#1974,.T.);
#1241=FACE_OUTER_BOUND('',#1975,.T.);
#1242=FACE_OUTER_BOUND('',#1976,.T.);
#1243=FACE_OUTER_BOUND('',#1977,.T.);
#1244=FACE_OUTER_BOUND('',#1978,.T.);
#1245=FACE_OUTER_BOUND('',#1979,.T.);
#1246=FACE_OUTER_BOUND('',#1980,.T.);
#1247=FACE_OUTER_BOUND('',#1981,.T.);
#1248=FACE_OUTER_BOUND('',#1982,.T.);
#1249=FACE_OUTER_BOUND('',#1983,.T.);
#1250=FACE_OUTER_BOUND('',#1984,.T.);
#1251=FACE_OUTER_BOUND('',#1985,.T.);
#1252=FACE_OUTER_BOUND('',#1986,.T.);
#1253=FACE_OUTER_BOUND('',#1987,.T.);
#1254=FACE_OUTER_BOUND('',#1988,.T.);
#1255=FACE_OUTER_BOUND('',#1989,.T.);
#1256=FACE_OUTER_BOUND('',#1990,.T.);
#1257=FACE_OUTER_BOUND('',#1991,.T.);
#1258=FACE_OUTER_BOUND('',#1992,.T.);
#1259=FACE_OUTER_BOUND('',#1993,.T.);
#1260=FACE_OUTER_BOUND('',#1994,.T.);
#1261=FACE_OUTER_BOUND('',#1995,.T.);
#1262=FACE_OUTER_BOUND('',#1996,.T.);
#1263=FACE_OUTER_BOUND('',#1997,.T.);
#1264=FACE_OUTER_BOUND('',#1998,.T.);
#1265=FACE_OUTER_BOUND('',#1999,.T.);
#1266=FACE_OUTER_BOUND('',#2000,.T.);
#1267=FACE_OUTER_BOUND('',#2001,.T.);
#1268=FACE_OUTER_BOUND('',#2002,.T.);
#1269=FACE_OUTER_BOUND('',#2003,.T.);
#1270=FACE_OUTER_BOUND('',#2004,.T.);
#1271=FACE_OUTER_BOUND('',#2005,.T.);
#1272=FACE_OUTER_BOUND('',#2006,.T.);
#1273=FACE_OUTER_BOUND('',#2007,.T.);
#1274=FACE_OUTER_BOUND('',#2008,.T.);
#1275=FACE_OUTER_BOUND('',#2009,.T.);
#1276=FACE_OUTER_BOUND('',#2010,.T.);
#1277=FACE_OUTER_BOUND('',#2011,.T.);
#1278=FACE_OUTER_BOUND('',#2012,.T.);
#1279=FACE_OUTER_BOUND('',#2013,.T.);
#1280=FACE_OUTER_BOUND('',#2014,.T.);
#1281=FACE_OUTER_BOUND('',#2015,.T.);
#1282=FACE_OUTER_BOUND('',#2016,.T.);
#1283=FACE_OUTER_BOUND('',#2017,.T.);
#1284=FACE_OUTER_BOUND('',#2018,.T.);
#1285=FACE_OUTER_BOUND('',#2019,.T.);
#1286=FACE_OUTER_BOUND('',#2020,.T.);
#1287=FACE_OUTER_BOUND('',#2021,.T.);
#1288=FACE_OUTER_BOUND('',#2022,.T.);
#1289=FACE_OUTER_BOUND('',#2023,.T.);
#1290=FACE_OUTER_BOUND('',#2024,.T.);
#1291=FACE_OUTER_BOUND('',#2025,.T.);
#1292=FACE_OUTER_BOUND('',#2026,.T.);
#1293=FACE_OUTER_BOUND('',#2027,.T.);
#1294=FACE_OUTER_BOUND('',#2028,.T.);
#1295=FACE_OUTER_BOUND('',#2029,.T.);
#1296=FACE_OUTER_BOUND('',#2030,.T.);
#1297=FACE_OUTER_BOUND('',#2031,.T.);
#1298=FACE_OUTER_BOUND('',#2032,.T.);
#1299=FACE_OUTER_BOUND('',#2033,.T.);
#1300=FACE_OUTER_BOUND('',#2034,.T.);
#1301=FACE_OUTER_BOUND('',#2035,.T.);
#1302=FACE_OUTER_BOUND('',#2036,.T.);
#1303=FACE_OUTER_BOUND('',#2037,.T.);
#1304=FACE_OUTER_BOUND('',#2038,.T.);
#1305=FACE_OUTER_BOUND('',#2039,.T.);
#1306=FACE_OUTER_BOUND('',#2040,.T.);
#1307=FACE_OUTER_BOUND('',#2041,.T.);
#1308=FACE_OUTER_BOUND('',#2042,.T.);
#1309=FACE_OUTER_BOUND('',#2043,.T.);
#1310=FACE_OUTER_BOUND('',#2044,.T.);
#1311=FACE_OUTER_BOUND('',#2045,.T.);
#1312=FACE_OUTER_BOUND('',#2046,.T.);
#1313=FACE_OUTER_BOUND('',#2047,.T.);
#1314=FACE_OUTER_BOUND('',#2048,.T.);
#1315=FACE_OUTER_BOUND('',#2049,.T.);
#1316=FACE_OUTER_BOUND('',#2050,.T.);
#1317=FACE_OUTER_BOUND('',#2051,.T.);
#1318=FACE_OUTER_BOUND('',#2052,.T.);
#1319=FACE_OUTER_BOUND('',#2053,.T.);
#1320=FACE_OUTER_BOUND('',#2054,.T.);
#1321=FACE_OUTER_BOUND('',#2055,.T.);
#1322=FACE_OUTER_BOUND('',#2056,.T.);
#1323=FACE_OUTER_BOUND('',#2057,.T.);
#1324=FACE_OUTER_BOUND('',#2058,.T.);
#1325=FACE_OUTER_BOUND('',#2059,.T.);
#1326=FACE_OUTER_BOUND('',#2060,.T.);
#1327=FACE_OUTER_BOUND('',#2061,.T.);
#1328=FACE_OUTER_BOUND('',#2062,.T.);
#1329=FACE_OUTER_BOUND('',#2063,.T.);
#1330=FACE_OUTER_BOUND('',#2064,.T.);
#1331=FACE_OUTER_BOUND('',#2065,.T.);
#1332=FACE_OUTER_BOUND('',#2066,.T.);
#1333=FACE_OUTER_BOUND('',#2067,.T.);
#1334=FACE_OUTER_BOUND('',#2068,.T.);
#1335=FACE_OUTER_BOUND('',#2069,.T.);
#1336=FACE_OUTER_BOUND('',#2070,.T.);
#1337=FACE_OUTER_BOUND('',#2071,.T.);
#1338=FACE_OUTER_BOUND('',#2072,.T.);
#1339=FACE_OUTER_BOUND('',#2073,.T.);
#1340=FACE_OUTER_BOUND('',#2074,.T.);
#1341=FACE_OUTER_BOUND('',#2075,.T.);
#1342=FACE_OUTER_BOUND('',#2076,.T.);
#1343=FACE_OUTER_BOUND('',#2077,.T.);
#1344=FACE_OUTER_BOUND('',#2078,.T.);
#1345=FACE_OUTER_BOUND('',#2079,.T.);
#1346=FACE_OUTER_BOUND('',#2080,.T.);
#1347=FACE_OUTER_BOUND('',#2081,.T.);
#1348=FACE_OUTER_BOUND('',#2082,.T.);
#1349=FACE_OUTER_BOUND('',#2083,.T.);
#1350=FACE_OUTER_BOUND('',#2084,.T.);
#1351=FACE_OUTER_BOUND('',#2085,.T.);
#1352=FACE_OUTER_BOUND('',#2086,.T.);
#1353=FACE_OUTER_BOUND('',#2087,.T.);
#1354=FACE_OUTER_BOUND('',#2088,.T.);
#1355=FACE_OUTER_BOUND('',#2089,.T.);
#1356=FACE_OUTER_BOUND('',#2090,.T.);
#1357=FACE_OUTER_BOUND('',#2091,.T.);
#1358=FACE_OUTER_BOUND('',#2092,.T.);
#1359=FACE_OUTER_BOUND('',#2093,.T.);
#1360=FACE_OUTER_BOUND('',#2094,.T.);
#1361=FACE_OUTER_BOUND('',#2095,.T.);
#1362=FACE_OUTER_BOUND('',#2096,.T.);
#1363=FACE_OUTER_BOUND('',#2097,.T.);
#1364=FACE_OUTER_BOUND('',#2098,.T.);
#1365=FACE_OUTER_BOUND('',#2099,.T.);
#1366=FACE_OUTER_BOUND('',#2100,.T.);
#1367=FACE_OUTER_BOUND('',#2101,.T.);
#1368=FACE_OUTER_BOUND('',#2102,.T.);
#1369=FACE_OUTER_BOUND('',#2103,.T.);
#1370=FACE_OUTER_BOUND('',#2104,.T.);
#1371=FACE_OUTER_BOUND('',#2105,.T.);
#1372=FACE_OUTER_BOUND('',#2106,.T.);
#1373=FACE_OUTER_BOUND('',#2107,.T.);
#1374=FACE_OUTER_BOUND('',#2108,.T.);
#1375=FACE_OUTER_BOUND('',#2109,.T.);
#1376=FACE_OUTER_BOUND('',#2110,.T.);
#1377=FACE_OUTER_BOUND('',#2111,.T.);
#1378=FACE_OUTER_BOUND('',#2112,.T.);
#1379=FACE_OUTER_BOUND('',#2113,.T.);
#1380=FACE_OUTER_BOUND('',#2114,.T.);
#1381=FACE_OUTER_BOUND('',#2115,.T.);
#1382=FACE_OUTER_BOUND('',#2116,.T.);
#1383=FACE_OUTER_BOUND('',#2117,.T.);
#1384=FACE_OUTER_BOUND('',#2118,.T.);
#1385=FACE_OUTER_BOUND('',#2119,.T.);
#1386=FACE_OUTER_BOUND('',#2120,.T.);
#1387=FACE_OUTER_BOUND('',#2121,.T.);
#1388=FACE_OUTER_BOUND('',#2122,.T.);
#1389=FACE_OUTER_BOUND('',#2123,.T.);
#1390=FACE_OUTER_BOUND('',#2124,.T.);
#1391=FACE_OUTER_BOUND('',#2125,.T.);
#1392=FACE_OUTER_BOUND('',#2126,.T.);
#1393=FACE_OUTER_BOUND('',#2127,.T.);
#1394=FACE_OUTER_BOUND('',#2128,.T.);
#1395=FACE_OUTER_BOUND('',#2129,.T.);
#1396=FACE_OUTER_BOUND('',#2130,.T.);
#1397=FACE_OUTER_BOUND('',#2131,.T.);
#1398=FACE_OUTER_BOUND('',#2132,.T.);
#1399=FACE_OUTER_BOUND('',#2133,.T.);
#1400=FACE_OUTER_BOUND('',#2134,.T.);
#1401=FACE_OUTER_BOUND('',#2135,.T.);
#1402=FACE_OUTER_BOUND('',#2136,.T.);
#1403=FACE_OUTER_BOUND('',#2137,.T.);
#1404=FACE_OUTER_BOUND('',#2138,.T.);
#1405=FACE_OUTER_BOUND('',#2139,.T.);
#1406=FACE_OUTER_BOUND('',#2140,.T.);
#1407=FACE_OUTER_BOUND('',#2141,.T.);
#1408=FACE_OUTER_BOUND('',#2142,.T.);
#1409=FACE_OUTER_BOUND('',#2143,.T.);
#1410=FACE_OUTER_BOUND('',#2144,.T.);
#1411=FACE_OUTER_BOUND('',#2145,.T.);
#1412=FACE_OUTER_BOUND('',#2146,.T.);
#1413=FACE_OUTER_BOUND('',#2147,.T.);
#1414=FACE_OUTER_BOUND('',#2148,.T.);
#1415=FACE_OUTER_BOUND('',#2149,.T.);
#1416=FACE_OUTER_BOUND('',#2150,.T.);
#1417=FACE_OUTER_BOUND('',#2151,.T.);
#1418=FACE_OUTER_BOUND('',#2152,.T.);
#1419=FACE_OUTER_BOUND('',#2153,.T.);
#1420=FACE_OUTER_BOUND('',#2154,.T.);
#1421=FACE_OUTER_BOUND('',#2155,.T.);
#1422=FACE_OUTER_BOUND('',#2156,.T.);
#1423=FACE_OUTER_BOUND('',#2157,.T.);
#1424=FACE_OUTER_BOUND('',#2158,.T.);
#1425=FACE_OUTER_BOUND('',#2159,.T.);
#1426=FACE_OUTER_BOUND('',#2160,.T.);
#1427=FACE_OUTER_BOUND('',#2161,.T.);
#1428=FACE_OUTER_BOUND('',#2162,.T.);
#1429=FACE_OUTER_BOUND('',#2163,.T.);
#1430=FACE_OUTER_BOUND('',#2164,.T.);
#1431=FACE_OUTER_BOUND('',#2165,.T.);
#1432=FACE_OUTER_BOUND('',#2166,.T.);
#1433=FACE_OUTER_BOUND('',#2167,.T.);
#1434=FACE_OUTER_BOUND('',#2168,.T.);
#1435=FACE_OUTER_BOUND('',#2169,.T.);
#1436=FACE_OUTER_BOUND('',#2170,.T.);
#1437=FACE_OUTER_BOUND('',#2171,.T.);
#1438=FACE_OUTER_BOUND('',#2172,.T.);
#1439=FACE_OUTER_BOUND('',#2173,.T.);
#1440=FACE_OUTER_BOUND('',#2174,.T.);
#1441=FACE_OUTER_BOUND('',#2175,.T.);
#1442=FACE_OUTER_BOUND('',#2176,.T.);
#1443=FACE_OUTER_BOUND('',#2177,.T.);
#1444=FACE_OUTER_BOUND('',#2178,.T.);
#1445=FACE_OUTER_BOUND('',#2179,.T.);
#1446=FACE_OUTER_BOUND('',#2180,.T.);
#1447=FACE_OUTER_BOUND('',#2181,.T.);
#1448=FACE_OUTER_BOUND('',#2182,.T.);
#1449=FACE_OUTER_BOUND('',#2183,.T.);
#1450=FACE_OUTER_BOUND('',#2184,.T.);
#1451=FACE_OUTER_BOUND('',#2185,.T.);
#1452=FACE_OUTER_BOUND('',#2186,.T.);
#1453=FACE_OUTER_BOUND('',#2187,.T.);
#1454=FACE_OUTER_BOUND('',#2188,.T.);
#1455=FACE_OUTER_BOUND('',#2189,.T.);
#1456=FACE_OUTER_BOUND('',#2190,.T.);
#1457=FACE_OUTER_BOUND('',#2191,.T.);
#1458=FACE_OUTER_BOUND('',#2192,.T.);
#1459=FACE_OUTER_BOUND('',#2193,.T.);
#1460=FACE_OUTER_BOUND('',#2194,.T.);
#1461=FACE_OUTER_BOUND('',#2195,.T.);
#1462=FACE_OUTER_BOUND('',#2196,.T.);
#1463=FACE_OUTER_BOUND('',#2197,.T.);
#1464=FACE_OUTER_BOUND('',#2198,.T.);
#1465=FACE_OUTER_BOUND('',#2199,.T.);
#1466=FACE_OUTER_BOUND('',#2200,.T.);
#1467=FACE_OUTER_BOUND('',#2201,.T.);
#1468=FACE_OUTER_BOUND('',#2202,.T.);
#1469=FACE_OUTER_BOUND('',#2203,.T.);
#1470=FACE_OUTER_BOUND('',#2204,.T.);
#1471=FACE_OUTER_BOUND('',#2205,.T.);
#1472=FACE_OUTER_BOUND('',#2206,.T.);
#1473=FACE_OUTER_BOUND('',#2207,.T.);
#1474=FACE_OUTER_BOUND('',#2208,.T.);
#1475=FACE_OUTER_BOUND('',#2209,.T.);
#1476=FACE_OUTER_BOUND('',#2210,.T.);
#1477=FACE_OUTER_BOUND('',#2211,.T.);
#1478=FACE_OUTER_BOUND('',#2212,.T.);
#1479=FACE_OUTER_BOUND('',#2213,.T.);
#1480=FACE_OUTER_BOUND('',#2214,.T.);
#1481=FACE_OUTER_BOUND('',#2215,.T.);
#1482=FACE_OUTER_BOUND('',#2216,.T.);
#1483=FACE_OUTER_BOUND('',#2217,.T.);
#1484=FACE_OUTER_BOUND('',#2218,.T.);
#1485=FACE_OUTER_BOUND('',#2219,.T.);
#1486=FACE_OUTER_BOUND('',#2220,.T.);
#1487=FACE_OUTER_BOUND('',#2221,.T.);
#1488=FACE_OUTER_BOUND('',#2222,.T.);
#1489=FACE_OUTER_BOUND('',#2223,.T.);
#1490=FACE_OUTER_BOUND('',#2224,.T.);
#1491=FACE_OUTER_BOUND('',#2225,.T.);
#1492=FACE_OUTER_BOUND('',#2226,.T.);
#1493=FACE_OUTER_BOUND('',#2227,.T.);
#1494=FACE_OUTER_BOUND('',#2228,.T.);
#1495=FACE_OUTER_BOUND('',#2229,.T.);
#1496=FACE_OUTER_BOUND('',#2230,.T.);
#1497=FACE_OUTER_BOUND('',#2231,.T.);
#1498=FACE_OUTER_BOUND('',#2232,.T.);
#1499=FACE_OUTER_BOUND('',#2233,.T.);
#1500=FACE_OUTER_BOUND('',#2234,.T.);
#1501=FACE_OUTER_BOUND('',#2235,.T.);
#1502=FACE_OUTER_BOUND('',#2236,.T.);
#1503=FACE_OUTER_BOUND('',#2237,.T.);
#1504=FACE_OUTER_BOUND('',#2238,.T.);
#1505=FACE_OUTER_BOUND('',#2239,.T.);
#1506=FACE_OUTER_BOUND('',#2240,.T.);
#1507=FACE_OUTER_BOUND('',#2241,.T.);
#1508=FACE_OUTER_BOUND('',#2242,.T.);
#1509=FACE_OUTER_BOUND('',#2243,.T.);
#1510=FACE_OUTER_BOUND('',#2244,.T.);
#1511=FACE_OUTER_BOUND('',#2245,.T.);
#1512=FACE_OUTER_BOUND('',#2246,.T.);
#1513=FACE_OUTER_BOUND('',#2247,.T.);
#1514=FACE_OUTER_BOUND('',#2248,.T.);
#1515=FACE_OUTER_BOUND('',#2249,.T.);
#1516=FACE_OUTER_BOUND('',#2250,.T.);
#1517=FACE_OUTER_BOUND('',#2251,.T.);
#1518=FACE_OUTER_BOUND('',#2252,.T.);
#1519=FACE_OUTER_BOUND('',#2253,.T.);
#1520=FACE_OUTER_BOUND('',#2254,.T.);
#1521=FACE_OUTER_BOUND('',#2255,.T.);
#1522=FACE_OUTER_BOUND('',#2256,.T.);
#1523=FACE_OUTER_BOUND('',#2257,.T.);
#1524=FACE_OUTER_BOUND('',#2258,.T.);
#1525=FACE_OUTER_BOUND('',#2259,.T.);
#1526=FACE_OUTER_BOUND('',#2260,.T.);
#1527=FACE_OUTER_BOUND('',#2261,.T.);
#1528=FACE_OUTER_BOUND('',#2262,.T.);
#1529=FACE_OUTER_BOUND('',#2263,.T.);
#1530=FACE_OUTER_BOUND('',#2264,.T.);
#1531=FACE_OUTER_BOUND('',#2265,.T.);
#1532=FACE_OUTER_BOUND('',#2266,.T.);
#1533=FACE_OUTER_BOUND('',#2267,.T.);
#1534=FACE_OUTER_BOUND('',#2268,.T.);
#1535=FACE_OUTER_BOUND('',#2269,.T.);
#1536=FACE_OUTER_BOUND('',#2270,.T.);
#1537=FACE_OUTER_BOUND('',#2271,.T.);
#1538=FACE_OUTER_BOUND('',#2272,.T.);
#1539=FACE_OUTER_BOUND('',#2273,.T.);
#1540=FACE_OUTER_BOUND('',#2274,.T.);
#1541=FACE_OUTER_BOUND('',#2275,.T.);
#1542=FACE_OUTER_BOUND('',#2276,.T.);
#1543=FACE_OUTER_BOUND('',#2277,.T.);
#1544=FACE_OUTER_BOUND('',#2278,.T.);
#1545=FACE_OUTER_BOUND('',#2279,.T.);
#1546=FACE_OUTER_BOUND('',#2280,.T.);
#1547=FACE_OUTER_BOUND('',#2281,.T.);
#1548=FACE_OUTER_BOUND('',#2282,.T.);
#1549=FACE_OUTER_BOUND('',#2283,.T.);
#1550=FACE_OUTER_BOUND('',#2284,.T.);
#1551=FACE_OUTER_BOUND('',#2285,.T.);
#1552=FACE_OUTER_BOUND('',#2286,.T.);
#1553=FACE_OUTER_BOUND('',#2287,.T.);
#1554=FACE_OUTER_BOUND('',#2288,.T.);
#1555=FACE_OUTER_BOUND('',#2289,.T.);
#1556=FACE_OUTER_BOUND('',#2290,.T.);
#1557=FACE_OUTER_BOUND('',#2291,.T.);
#1558=FACE_OUTER_BOUND('',#2292,.T.);
#1559=FACE_OUTER_BOUND('',#2293,.T.);
#1560=FACE_OUTER_BOUND('',#2294,.T.);
#1561=FACE_OUTER_BOUND('',#2295,.T.);
#1562=FACE_OUTER_BOUND('',#2296,.T.);
#1563=FACE_OUTER_BOUND('',#2297,.T.);
#1564=FACE_OUTER_BOUND('',#2298,.T.);
#1565=FACE_OUTER_BOUND('',#2299,.T.);
#1566=FACE_OUTER_BOUND('',#2300,.T.);
#1567=FACE_OUTER_BOUND('',#2301,.T.);
#1568=FACE_OUTER_BOUND('',#2302,.T.);
#1569=FACE_OUTER_BOUND('',#2303,.T.);
#1570=FACE_OUTER_BOUND('',#2304,.T.);
#1571=FACE_OUTER_BOUND('',#2305,.T.);
#1572=FACE_OUTER_BOUND('',#2306,.T.);
#1573=FACE_OUTER_BOUND('',#2307,.T.);
#1574=FACE_OUTER_BOUND('',#2308,.T.);
#1575=FACE_OUTER_BOUND('',#2309,.T.);
#1576=FACE_OUTER_BOUND('',#2310,.T.);
#1577=FACE_OUTER_BOUND('',#2311,.T.);
#1578=FACE_OUTER_BOUND('',#2312,.T.);
#1579=FACE_OUTER_BOUND('',#2313,.T.);
#1580=FACE_OUTER_BOUND('',#2314,.T.);
#1581=FACE_OUTER_BOUND('',#2315,.T.);
#1582=FACE_OUTER_BOUND('',#2316,.T.);
#1583=FACE_OUTER_BOUND('',#2317,.T.);
#1584=FACE_OUTER_BOUND('',#2318,.T.);
#1585=FACE_OUTER_BOUND('',#2319,.T.);
#1586=FACE_OUTER_BOUND('',#2320,.T.);
#1587=FACE_OUTER_BOUND('',#2321,.T.);
#1588=FACE_OUTER_BOUND('',#2322,.T.);
#1589=FACE_OUTER_BOUND('',#2323,.T.);
#1590=FACE_OUTER_BOUND('',#2324,.T.);
#1591=FACE_OUTER_BOUND('',#2325,.T.);
#1592=FACE_OUTER_BOUND('',#2326,.T.);
#1593=FACE_OUTER_BOUND('',#2327,.T.);
#1594=FACE_OUTER_BOUND('',#2328,.T.);
#1595=FACE_OUTER_BOUND('',#2329,.T.);
#1596=FACE_OUTER_BOUND('',#2330,.T.);
#1597=FACE_OUTER_BOUND('',#2331,.T.);
#1598=FACE_OUTER_BOUND('',#2332,.T.);
#1599=FACE_OUTER_BOUND('',#2333,.T.);
#1600=FACE_OUTER_BOUND('',#2334,.T.);
#1601=FACE_OUTER_BOUND('',#2335,.T.);
#1602=FACE_OUTER_BOUND('',#2336,.T.);
#1603=FACE_OUTER_BOUND('',#2337,.T.);
#1604=FACE_OUTER_BOUND('',#2338,.T.);
#1605=FACE_OUTER_BOUND('',#2339,.T.);
#1606=FACE_OUTER_BOUND('',#2340,.T.);
#1607=FACE_OUTER_BOUND('',#2341,.T.);
#1608=FACE_OUTER_BOUND('',#2342,.T.);
#1609=FACE_OUTER_BOUND('',#2343,.T.);
#1610=FACE_OUTER_BOUND('',#2344,.T.);
#1611=FACE_OUTER_BOUND('',#2345,.T.);
#1612=FACE_OUTER_BOUND('',#2346,.T.);
#1613=FACE_OUTER_BOUND('',#2347,.T.);
#1614=FACE_OUTER_BOUND('',#2348,.T.);
#1615=FACE_OUTER_BOUND('',#2349,.T.);
#1616=FACE_OUTER_BOUND('',#2350,.T.);
#1617=FACE_OUTER_BOUND('',#2351,.T.);
#1618=FACE_OUTER_BOUND('',#2352,.T.);
#1619=FACE_OUTER_BOUND('',#2353,.T.);
#1620=FACE_OUTER_BOUND('',#2354,.T.);
#1621=FACE_OUTER_BOUND('',#2355,.T.);
#1622=FACE_OUTER_BOUND('',#2356,.T.);
#1623=FACE_OUTER_BOUND('',#2357,.T.);
#1624=FACE_OUTER_BOUND('',#2358,.T.);
#1625=FACE_OUTER_BOUND('',#2359,.T.);
#1626=FACE_OUTER_BOUND('',#2360,.T.);
#1627=FACE_OUTER_BOUND('',#2361,.T.);
#1628=FACE_OUTER_BOUND('',#2362,.T.);
#1629=FACE_OUTER_BOUND('',#2363,.T.);
#1630=FACE_OUTER_BOUND('',#2364,.T.);
#1631=EDGE_LOOP('',(#7833,#7834,#7835,#7836));
#1632=EDGE_LOOP('',(#7837,#7838,#7839,#7840));
#1633=EDGE_LOOP('',(#7841,#7842,#7843,#7844));
#1634=EDGE_LOOP('',(#7845,#7846,#7847,#7848));
#1635=EDGE_LOOP('',(#7849,#7850,#7851,#7852));
#1636=EDGE_LOOP('',(#7853,#7854,#7855,#7856));
#1637=EDGE_LOOP('',(#7857,#7858,#7859,#7860));
#1638=EDGE_LOOP('',(#7861,#7862,#7863,#7864));
#1639=EDGE_LOOP('',(#7865,#7866,#7867,#7868));
#1640=EDGE_LOOP('',(#7869,#7870,#7871,#7872));
#1641=EDGE_LOOP('',(#7873,#7874,#7875,#7876));
#1642=EDGE_LOOP('',(#7877,#7878,#7879,#7880));
#1643=EDGE_LOOP('',(#7881,#7882,#7883,#7884));
#1644=EDGE_LOOP('',(#7885,#7886,#7887,#7888));
#1645=EDGE_LOOP('',(#7889,#7890,#7891,#7892));
#1646=EDGE_LOOP('',(#7893,#7894,#7895,#7896));
#1647=EDGE_LOOP('',(#7897,#7898,#7899,#7900));
#1648=EDGE_LOOP('',(#7901,#7902,#7903,#7904));
#1649=EDGE_LOOP('',(#7905,#7906,#7907,#7908));
#1650=EDGE_LOOP('',(#7909,#7910,#7911,#7912));
#1651=EDGE_LOOP('',(#7913,#7914,#7915,#7916));
#1652=EDGE_LOOP('',(#7917,#7918,#7919,#7920));
#1653=EDGE_LOOP('',(#7921,#7922,#7923,#7924));
#1654=EDGE_LOOP('',(#7925,#7926,#7927,#7928));
#1655=EDGE_LOOP('',(#7929,#7930,#7931,#7932));
#1656=EDGE_LOOP('',(#7933,#7934,#7935,#7936));
#1657=EDGE_LOOP('',(#7937,#7938,#7939,#7940));
#1658=EDGE_LOOP('',(#7941,#7942,#7943,#7944));
#1659=EDGE_LOOP('',(#7945,#7946,#7947,#7948));
#1660=EDGE_LOOP('',(#7949,#7950,#7951,#7952));
#1661=EDGE_LOOP('',(#7953,#7954,#7955,#7956));
#1662=EDGE_LOOP('',(#7957,#7958,#7959,#7960));
#1663=EDGE_LOOP('',(#7961,#7962,#7963,#7964));
#1664=EDGE_LOOP('',(#7965,#7966,#7967,#7968));
#1665=EDGE_LOOP('',(#7969,#7970,#7971,#7972));
#1666=EDGE_LOOP('',(#7973,#7974,#7975,#7976));
#1667=EDGE_LOOP('',(#7977,#7978,#7979,#7980,#7981,#7982,#7983,#7984,#7985,
#7986,#7987,#7988,#7989,#7990,#7991,#7992,#7993,#7994,#7995,#7996,#7997,
#7998,#7999,#8000,#8001,#8002,#8003,#8004,#8005,#8006,#8007,#8008,#8009,
#8010,#8011,#8012,#8013,#8014,#8015,#8016,#8017,#8018,#8019,#8020,#8021,
#8022,#8023,#8024,#8025,#8026,#8027,#8028,#8029,#8030,#8031,#8032,#8033,
#8034,#8035,#8036,#8037,#8038,#8039,#8040,#8041,#8042,#8043,#8044,#8045,
#8046,#8047,#8048,#8049,#8050,#8051,#8052,#8053,#8054,#8055,#8056,#8057,
#8058,#8059,#8060,#8061,#8062,#8063,#8064,#8065,#8066,#8067,#8068,#8069,
#8070,#8071,#8072,#8073,#8074,#8075,#8076,#8077,#8078,#8079,#8080,#8081,
#8082,#8083,#8084));
#1668=EDGE_LOOP('',(#8085,#8086,#8087,#8088));
#1669=EDGE_LOOP('',(#8089,#8090,#8091,#8092));
#1670=EDGE_LOOP('',(#8093,#8094,#8095,#8096));
#1671=EDGE_LOOP('',(#8097,#8098,#8099,#8100));
#1672=EDGE_LOOP('',(#8101,#8102,#8103,#8104));
#1673=EDGE_LOOP('',(#8105,#8106,#8107,#8108));
#1674=EDGE_LOOP('',(#8109,#8110,#8111,#8112));
#1675=EDGE_LOOP('',(#8113,#8114,#8115,#8116));
#1676=EDGE_LOOP('',(#8117,#8118,#8119,#8120,#8121,#8122,#8123,#8124));
#1677=EDGE_LOOP('',(#8125,#8126,#8127,#8128,#8129,#8130,#8131,#8132));
#1678=EDGE_LOOP('',(#8133,#8134,#8135,#8136,#8137,#8138,#8139,#8140));
#1679=EDGE_LOOP('',(#8141,#8142,#8143,#8144,#8145,#8146,#8147,#8148));
#1680=EDGE_LOOP('',(#8149,#8150,#8151,#8152,#8153,#8154,#8155,#8156));
#1681=EDGE_LOOP('',(#8157,#8158,#8159,#8160,#8161,#8162,#8163,#8164));
#1682=EDGE_LOOP('',(#8165,#8166,#8167,#8168,#8169,#8170,#8171,#8172));
#1683=EDGE_LOOP('',(#8173,#8174,#8175,#8176,#8177,#8178,#8179,#8180));
#1684=EDGE_LOOP('',(#8181,#8182,#8183,#8184,#8185,#8186,#8187,#8188));
#1685=EDGE_LOOP('',(#8189,#8190,#8191,#8192,#8193,#8194,#8195,#8196));
#1686=EDGE_LOOP('',(#8197,#8198,#8199,#8200,#8201,#8202,#8203,#8204));
#1687=EDGE_LOOP('',(#8205,#8206,#8207,#8208,#8209,#8210,#8211,#8212,#8213,
#8214,#8215,#8216,#8217,#8218,#8219,#8220,#8221,#8222,#8223,#8224,#8225,
#8226,#8227,#8228));
#1688=EDGE_LOOP('',(#8229,#8230,#8231,#8232,#8233,#8234,#8235,#8236));
#1689=EDGE_LOOP('',(#8237,#8238,#8239,#8240,#8241,#8242,#8243,#8244));
#1690=EDGE_LOOP('',(#8245,#8246,#8247,#8248,#8249,#8250,#8251,#8252));
#1691=EDGE_LOOP('',(#8253,#8254,#8255,#8256,#8257,#8258,#8259,#8260));
#1692=EDGE_LOOP('',(#8261,#8262,#8263,#8264,#8265,#8266,#8267,#8268));
#1693=EDGE_LOOP('',(#8269,#8270,#8271,#8272,#8273,#8274,#8275,#8276));
#1694=EDGE_LOOP('',(#8277,#8278,#8279,#8280,#8281,#8282,#8283,#8284));
#1695=EDGE_LOOP('',(#8285,#8286,#8287,#8288,#8289,#8290,#8291,#8292));
#1696=EDGE_LOOP('',(#8293,#8294,#8295,#8296,#8297,#8298,#8299,#8300));
#1697=EDGE_LOOP('',(#8301,#8302,#8303,#8304,#8305,#8306,#8307,#8308));
#1698=EDGE_LOOP('',(#8309,#8310,#8311,#8312,#8313,#8314,#8315,#8316));
#1699=EDGE_LOOP('',(#8317,#8318,#8319,#8320,#8321,#8322,#8323,#8324));
#1700=EDGE_LOOP('',(#8325,#8326,#8327,#8328,#8329,#8330,#8331,#8332));
#1701=EDGE_LOOP('',(#8333,#8334,#8335,#8336,#8337,#8338,#8339,#8340));
#1702=EDGE_LOOP('',(#8341,#8342,#8343,#8344,#8345,#8346,#8347,#8348));
#1703=EDGE_LOOP('',(#8349,#8350,#8351,#8352,#8353,#8354,#8355,#8356));
#1704=EDGE_LOOP('',(#8357,#8358,#8359,#8360,#8361,#8362,#8363,#8364));
#1705=EDGE_LOOP('',(#8365,#8366,#8367,#8368,#8369,#8370,#8371,#8372));
#1706=EDGE_LOOP('',(#8373,#8374,#8375,#8376,#8377,#8378,#8379,#8380));
#1707=EDGE_LOOP('',(#8381,#8382,#8383,#8384,#8385,#8386,#8387,#8388));
#1708=EDGE_LOOP('',(#8389,#8390,#8391,#8392,#8393,#8394,#8395,#8396));
#1709=EDGE_LOOP('',(#8397,#8398,#8399,#8400,#8401,#8402,#8403,#8404));
#1710=EDGE_LOOP('',(#8405,#8406,#8407,#8408,#8409,#8410,#8411,#8412));
#1711=EDGE_LOOP('',(#8413,#8414,#8415,#8416,#8417,#8418,#8419,#8420));
#1712=EDGE_LOOP('',(#8421,#8422,#8423,#8424,#8425,#8426,#8427,#8428));
#1713=EDGE_LOOP('',(#8429,#8430,#8431,#8432,#8433,#8434,#8435,#8436));
#1714=EDGE_LOOP('',(#8437,#8438,#8439,#8440,#8441,#8442,#8443,#8444));
#1715=EDGE_LOOP('',(#8445,#8446,#8447,#8448,#8449,#8450,#8451,#8452));
#1716=EDGE_LOOP('',(#8453,#8454,#8455,#8456,#8457,#8458,#8459,#8460));
#1717=EDGE_LOOP('',(#8461,#8462,#8463,#8464,#8465,#8466,#8467,#8468));
#1718=EDGE_LOOP('',(#8469,#8470,#8471,#8472,#8473,#8474,#8475,#8476));
#1719=EDGE_LOOP('',(#8477,#8478,#8479,#8480,#8481,#8482,#8483,#8484));
#1720=EDGE_LOOP('',(#8485,#8486,#8487,#8488,#8489,#8490,#8491,#8492));
#1721=EDGE_LOOP('',(#8493,#8494,#8495,#8496,#8497,#8498,#8499,#8500));
#1722=EDGE_LOOP('',(#8501,#8502,#8503,#8504,#8505,#8506,#8507,#8508));
#1723=EDGE_LOOP('',(#8509,#8510,#8511,#8512,#8513,#8514,#8515,#8516));
#1724=EDGE_LOOP('',(#8517,#8518,#8519,#8520,#8521,#8522,#8523,#8524));
#1725=EDGE_LOOP('',(#8525,#8526,#8527,#8528,#8529,#8530,#8531,#8532));
#1726=EDGE_LOOP('',(#8533,#8534,#8535,#8536,#8537,#8538,#8539,#8540));
#1727=EDGE_LOOP('',(#8541,#8542,#8543,#8544,#8545,#8546,#8547,#8548));
#1728=EDGE_LOOP('',(#8549,#8550,#8551,#8552,#8553,#8554,#8555,#8556));
#1729=EDGE_LOOP('',(#8557,#8558,#8559,#8560,#8561,#8562,#8563,#8564));
#1730=EDGE_LOOP('',(#8565,#8566,#8567,#8568,#8569,#8570,#8571,#8572));
#1731=EDGE_LOOP('',(#8573,#8574,#8575,#8576,#8577,#8578,#8579,#8580));
#1732=EDGE_LOOP('',(#8581,#8582,#8583,#8584));
#1733=EDGE_LOOP('',(#8585,#8586,#8587,#8588));
#1734=EDGE_LOOP('',(#8589,#8590,#8591,#8592));
#1735=EDGE_LOOP('',(#8593,#8594,#8595,#8596));
#1736=EDGE_LOOP('',(#8597,#8598,#8599,#8600));
#1737=EDGE_LOOP('',(#8601,#8602,#8603,#8604));
#1738=EDGE_LOOP('',(#8605,#8606,#8607,#8608));
#1739=EDGE_LOOP('',(#8609,#8610,#8611,#8612));
#1740=EDGE_LOOP('',(#8613,#8614,#8615,#8616));
#1741=EDGE_LOOP('',(#8617,#8618,#8619,#8620));
#1742=EDGE_LOOP('',(#8621,#8622,#8623,#8624));
#1743=EDGE_LOOP('',(#8625,#8626,#8627,#8628));
#1744=EDGE_LOOP('',(#8629,#8630,#8631,#8632,#8633,#8634,#8635,#8636,#8637,
#8638,#8639,#8640,#8641,#8642,#8643,#8644,#8645,#8646,#8647,#8648,#8649,
#8650,#8651,#8652,#8653,#8654,#8655,#8656,#8657,#8658,#8659,#8660,#8661,
#8662,#8663,#8664,#8665,#8666,#8667,#8668,#8669,#8670,#8671,#8672,#8673,
#8674,#8675,#8676,#8677,#8678,#8679,#8680,#8681,#8682,#8683,#8684,#8685,
#8686,#8687,#8688,#8689,#8690,#8691,#8692,#8693,#8694,#8695,#8696,#8697,
#8698,#8699,#8700,#8701,#8702,#8703,#8704,#8705,#8706,#8707,#8708,#8709,
#8710,#8711,#8712,#8713,#8714,#8715,#8716,#8717,#8718,#8719,#8720,#8721,
#8722,#8723,#8724,#8725,#8726,#8727,#8728,#8729,#8730,#8731,#8732,#8733,
#8734,#8735,#8736));
#1745=EDGE_LOOP('',(#8737,#8738,#8739,#8740));
#1746=EDGE_LOOP('',(#8741,#8742,#8743,#8744));
#1747=EDGE_LOOP('',(#8745,#8746,#8747,#8748));
#1748=EDGE_LOOP('',(#8749,#8750,#8751,#8752));
#1749=EDGE_LOOP('',(#8753,#8754,#8755,#8756));
#1750=EDGE_LOOP('',(#8757,#8758,#8759,#8760));
#1751=EDGE_LOOP('',(#8761,#8762,#8763,#8764));
#1752=EDGE_LOOP('',(#8765,#8766,#8767,#8768));
#1753=EDGE_LOOP('',(#8769,#8770,#8771,#8772,#8773,#8774,#8775,#8776));
#1754=EDGE_LOOP('',(#8777,#8778,#8779,#8780,#8781,#8782,#8783,#8784));
#1755=EDGE_LOOP('',(#8785,#8786,#8787,#8788,#8789,#8790,#8791,#8792));
#1756=EDGE_LOOP('',(#8793,#8794,#8795,#8796,#8797,#8798,#8799,#8800));
#1757=EDGE_LOOP('',(#8801,#8802,#8803,#8804,#8805,#8806,#8807,#8808));
#1758=EDGE_LOOP('',(#8809,#8810,#8811,#8812,#8813,#8814,#8815,#8816));
#1759=EDGE_LOOP('',(#8817,#8818,#8819,#8820,#8821,#8822,#8823,#8824));
#1760=EDGE_LOOP('',(#8825,#8826,#8827,#8828,#8829,#8830,#8831,#8832));
#1761=EDGE_LOOP('',(#8833,#8834,#8835,#8836,#8837,#8838,#8839,#8840));
#1762=EDGE_LOOP('',(#8841,#8842,#8843,#8844,#8845,#8846,#8847,#8848));
#1763=EDGE_LOOP('',(#8849,#8850,#8851,#8852,#8853,#8854,#8855,#8856));
#1764=EDGE_LOOP('',(#8857,#8858,#8859,#8860,#8861,#8862,#8863,#8864));
#1765=EDGE_LOOP('',(#8865,#8866,#8867,#8868,#8869,#8870,#8871,#8872));
#1766=EDGE_LOOP('',(#8873,#8874,#8875,#8876,#8877,#8878,#8879,#8880));
#1767=EDGE_LOOP('',(#8881,#8882,#8883,#8884,#8885,#8886,#8887,#8888));
#1768=EDGE_LOOP('',(#8889,#8890,#8891,#8892,#8893,#8894,#8895,#8896));
#1769=EDGE_LOOP('',(#8897,#8898,#8899,#8900,#8901,#8902,#8903,#8904));
#1770=EDGE_LOOP('',(#8905,#8906,#8907,#8908,#8909,#8910,#8911,#8912));
#1771=EDGE_LOOP('',(#8913,#8914,#8915,#8916,#8917,#8918,#8919,#8920));
#1772=EDGE_LOOP('',(#8921,#8922,#8923,#8924,#8925,#8926,#8927,#8928));
#1773=EDGE_LOOP('',(#8929,#8930,#8931,#8932,#8933,#8934,#8935,#8936));
#1774=EDGE_LOOP('',(#8937,#8938,#8939,#8940,#8941,#8942,#8943,#8944));
#1775=EDGE_LOOP('',(#8945,#8946,#8947,#8948,#8949,#8950,#8951,#8952));
#1776=EDGE_LOOP('',(#8953,#8954,#8955,#8956,#8957,#8958,#8959,#8960));
#1777=EDGE_LOOP('',(#8961,#8962,#8963,#8964,#8965,#8966,#8967,#8968));
#1778=EDGE_LOOP('',(#8969,#8970,#8971,#8972,#8973,#8974,#8975,#8976));
#1779=EDGE_LOOP('',(#8977,#8978,#8979,#8980,#8981,#8982,#8983,#8984));
#1780=EDGE_LOOP('',(#8985,#8986,#8987,#8988,#8989,#8990,#8991,#8992));
#1781=EDGE_LOOP('',(#8993,#8994,#8995,#8996,#8997,#8998,#8999,#9000));
#1782=EDGE_LOOP('',(#9001,#9002,#9003,#9004,#9005,#9006,#9007,#9008));
#1783=EDGE_LOOP('',(#9009,#9010,#9011,#9012,#9013,#9014,#9015,#9016));
#1784=EDGE_LOOP('',(#9017,#9018,#9019,#9020,#9021,#9022,#9023,#9024));
#1785=EDGE_LOOP('',(#9025,#9026,#9027,#9028,#9029,#9030,#9031,#9032));
#1786=EDGE_LOOP('',(#9033,#9034,#9035,#9036,#9037,#9038,#9039,#9040));
#1787=EDGE_LOOP('',(#9041,#9042,#9043,#9044,#9045,#9046,#9047,#9048));
#1788=EDGE_LOOP('',(#9049,#9050,#9051,#9052,#9053,#9054,#9055,#9056));
#1789=EDGE_LOOP('',(#9057,#9058,#9059,#9060,#9061,#9062,#9063,#9064));
#1790=EDGE_LOOP('',(#9065,#9066,#9067,#9068,#9069,#9070,#9071,#9072));
#1791=EDGE_LOOP('',(#9073,#9074,#9075,#9076,#9077,#9078,#9079,#9080));
#1792=EDGE_LOOP('',(#9081,#9082,#9083,#9084,#9085,#9086,#9087,#9088));
#1793=EDGE_LOOP('',(#9089,#9090,#9091,#9092,#9093,#9094,#9095,#9096));
#1794=EDGE_LOOP('',(#9097,#9098,#9099,#9100,#9101,#9102,#9103,#9104));
#1795=EDGE_LOOP('',(#9105,#9106,#9107,#9108,#9109,#9110,#9111,#9112));
#1796=EDGE_LOOP('',(#9113,#9114,#9115,#9116,#9117,#9118,#9119,#9120));
#1797=EDGE_LOOP('',(#9121,#9122,#9123,#9124,#9125,#9126,#9127,#9128,#9129,
#9130,#9131,#9132,#9133,#9134,#9135,#9136,#9137,#9138,#9139,#9140,#9141,
#9142,#9143,#9144));
#1798=EDGE_LOOP('',(#9145,#9146,#9147,#9148,#9149,#9150,#9151,#9152));
#1799=EDGE_LOOP('',(#9153,#9154,#9155,#9156,#9157,#9158,#9159,#9160));
#1800=EDGE_LOOP('',(#9161,#9162,#9163,#9164,#9165,#9166,#9167,#9168));
#1801=EDGE_LOOP('',(#9169,#9170,#9171,#9172,#9173,#9174,#9175,#9176));
#1802=EDGE_LOOP('',(#9177,#9178,#9179,#9180,#9181,#9182,#9183,#9184));
#1803=EDGE_LOOP('',(#9185,#9186,#9187,#9188,#9189,#9190,#9191,#9192));
#1804=EDGE_LOOP('',(#9193,#9194,#9195,#9196,#9197,#9198,#9199,#9200));
#1805=EDGE_LOOP('',(#9201,#9202,#9203,#9204,#9205,#9206,#9207,#9208));
#1806=EDGE_LOOP('',(#9209,#9210,#9211,#9212,#9213,#9214,#9215,#9216));
#1807=EDGE_LOOP('',(#9217,#9218,#9219,#9220,#9221,#9222,#9223,#9224));
#1808=EDGE_LOOP('',(#9225,#9226,#9227,#9228,#9229,#9230,#9231,#9232));
#1809=EDGE_LOOP('',(#9233,#9234,#9235,#9236));
#1810=EDGE_LOOP('',(#9237,#9238,#9239,#9240));
#1811=EDGE_LOOP('',(#9241,#9242,#9243,#9244));
#1812=EDGE_LOOP('',(#9245,#9246,#9247,#9248));
#1813=EDGE_LOOP('',(#9249,#9250,#9251,#9252));
#1814=EDGE_LOOP('',(#9253,#9254,#9255,#9256));
#1815=EDGE_LOOP('',(#9257,#9258,#9259,#9260));
#1816=EDGE_LOOP('',(#9261,#9262,#9263,#9264));
#1817=EDGE_LOOP('',(#9265,#9266,#9267,#9268));
#1818=EDGE_LOOP('',(#9269,#9270,#9271,#9272));
#1819=EDGE_LOOP('',(#9273,#9274,#9275,#9276));
#1820=EDGE_LOOP('',(#9277,#9278,#9279,#9280));
#1821=EDGE_LOOP('',(#9281,#9282,#9283,#9284));
#1822=EDGE_LOOP('',(#9285,#9286,#9287,#9288));
#1823=EDGE_LOOP('',(#9289,#9290,#9291,#9292));
#1824=EDGE_LOOP('',(#9293,#9294,#9295,#9296));
#1825=EDGE_LOOP('',(#9297,#9298,#9299,#9300));
#1826=EDGE_LOOP('',(#9301,#9302,#9303,#9304));
#1827=EDGE_LOOP('',(#9305,#9306,#9307,#9308));
#1828=EDGE_LOOP('',(#9309,#9310,#9311,#9312));
#1829=EDGE_LOOP('',(#9313,#9314,#9315,#9316));
#1830=EDGE_LOOP('',(#9317,#9318,#9319,#9320));
#1831=EDGE_LOOP('',(#9321,#9322,#9323,#9324));
#1832=EDGE_LOOP('',(#9325,#9326,#9327,#9328));
#1833=EDGE_LOOP('',(#9329,#9330,#9331,#9332));
#1834=EDGE_LOOP('',(#9333,#9334,#9335,#9336));
#1835=EDGE_LOOP('',(#9337,#9338,#9339,#9340));
#1836=EDGE_LOOP('',(#9341,#9342,#9343,#9344));
#1837=EDGE_LOOP('',(#9345,#9346,#9347,#9348));
#1838=EDGE_LOOP('',(#9349,#9350,#9351,#9352));
#1839=EDGE_LOOP('',(#9353,#9354,#9355,#9356));
#1840=EDGE_LOOP('',(#9357,#9358,#9359,#9360));
#1841=EDGE_LOOP('',(#9361,#9362,#9363,#9364));
#1842=EDGE_LOOP('',(#9365,#9366,#9367,#9368));
#1843=EDGE_LOOP('',(#9369,#9370,#9371,#9372));
#1844=EDGE_LOOP('',(#9373,#9374,#9375,#9376));
#1845=EDGE_LOOP('',(#9377,#9378,#9379,#9380));
#1846=EDGE_LOOP('',(#9381,#9382,#9383,#9384));
#1847=EDGE_LOOP('',(#9385,#9386,#9387,#9388));
#1848=EDGE_LOOP('',(#9389,#9390,#9391,#9392));
#1849=EDGE_LOOP('',(#9393,#9394,#9395,#9396));
#1850=EDGE_LOOP('',(#9397,#9398,#9399,#9400));
#1851=EDGE_LOOP('',(#9401,#9402,#9403,#9404));
#1852=EDGE_LOOP('',(#9405,#9406,#9407,#9408));
#1853=EDGE_LOOP('',(#9409,#9410,#9411,#9412));
#1854=EDGE_LOOP('',(#9413,#9414,#9415,#9416));
#1855=EDGE_LOOP('',(#9417,#9418,#9419,#9420));
#1856=EDGE_LOOP('',(#9421,#9422,#9423,#9424));
#1857=EDGE_LOOP('',(#9425,#9426,#9427,#9428));
#1858=EDGE_LOOP('',(#9429,#9430,#9431,#9432));
#1859=EDGE_LOOP('',(#9433,#9434,#9435,#9436));
#1860=EDGE_LOOP('',(#9437,#9438,#9439,#9440));
#1861=EDGE_LOOP('',(#9441,#9442,#9443,#9444));
#1862=EDGE_LOOP('',(#9445,#9446,#9447,#9448));
#1863=EDGE_LOOP('',(#9449,#9450,#9451,#9452));
#1864=EDGE_LOOP('',(#9453,#9454,#9455,#9456));
#1865=EDGE_LOOP('',(#9457,#9458,#9459,#9460));
#1866=EDGE_LOOP('',(#9461,#9462,#9463,#9464));
#1867=EDGE_LOOP('',(#9465,#9466,#9467,#9468));
#1868=EDGE_LOOP('',(#9469,#9470,#9471,#9472));
#1869=EDGE_LOOP('',(#9473,#9474,#9475,#9476));
#1870=EDGE_LOOP('',(#9477,#9478,#9479,#9480));
#1871=EDGE_LOOP('',(#9481,#9482,#9483,#9484));
#1872=EDGE_LOOP('',(#9485,#9486,#9487,#9488));
#1873=EDGE_LOOP('',(#9489,#9490,#9491,#9492));
#1874=EDGE_LOOP('',(#9493,#9494,#9495,#9496));
#1875=EDGE_LOOP('',(#9497,#9498,#9499,#9500));
#1876=EDGE_LOOP('',(#9501,#9502,#9503,#9504));
#1877=EDGE_LOOP('',(#9505,#9506,#9507,#9508));
#1878=EDGE_LOOP('',(#9509,#9510,#9511,#9512));
#1879=EDGE_LOOP('',(#9513,#9514,#9515,#9516));
#1880=EDGE_LOOP('',(#9517,#9518,#9519,#9520));
#1881=EDGE_LOOP('',(#9521,#9522,#9523,#9524));
#1882=EDGE_LOOP('',(#9525,#9526,#9527,#9528));
#1883=EDGE_LOOP('',(#9529,#9530,#9531,#9532));
#1884=EDGE_LOOP('',(#9533,#9534,#9535,#9536));
#1885=EDGE_LOOP('',(#9537,#9538,#9539,#9540));
#1886=EDGE_LOOP('',(#9541,#9542,#9543,#9544));
#1887=EDGE_LOOP('',(#9545,#9546,#9547,#9548));
#1888=EDGE_LOOP('',(#9549,#9550,#9551,#9552));
#1889=EDGE_LOOP('',(#9553,#9554,#9555,#9556));
#1890=EDGE_LOOP('',(#9557,#9558,#9559,#9560));
#1891=EDGE_LOOP('',(#9561,#9562,#9563,#9564));
#1892=EDGE_LOOP('',(#9565,#9566,#9567,#9568));
#1893=EDGE_LOOP('',(#9569,#9570,#9571,#9572));
#1894=EDGE_LOOP('',(#9573,#9574,#9575,#9576));
#1895=EDGE_LOOP('',(#9577,#9578,#9579,#9580));
#1896=EDGE_LOOP('',(#9581,#9582,#9583,#9584));
#1897=EDGE_LOOP('',(#9585,#9586,#9587,#9588));
#1898=EDGE_LOOP('',(#9589,#9590,#9591,#9592));
#1899=EDGE_LOOP('',(#9593,#9594,#9595,#9596));
#1900=EDGE_LOOP('',(#9597,#9598,#9599,#9600));
#1901=EDGE_LOOP('',(#9601,#9602,#9603,#9604));
#1902=EDGE_LOOP('',(#9605,#9606,#9607,#9608));
#1903=EDGE_LOOP('',(#9609,#9610,#9611,#9612));
#1904=EDGE_LOOP('',(#9613,#9614,#9615,#9616));
#1905=EDGE_LOOP('',(#9617,#9618,#9619,#9620));
#1906=EDGE_LOOP('',(#9621,#9622,#9623,#9624));
#1907=EDGE_LOOP('',(#9625,#9626,#9627,#9628));
#1908=EDGE_LOOP('',(#9629,#9630,#9631,#9632));
#1909=EDGE_LOOP('',(#9633,#9634,#9635,#9636));
#1910=EDGE_LOOP('',(#9637,#9638,#9639,#9640));
#1911=EDGE_LOOP('',(#9641,#9642,#9643,#9644));
#1912=EDGE_LOOP('',(#9645,#9646,#9647,#9648));
#1913=EDGE_LOOP('',(#9649,#9650,#9651,#9652));
#1914=EDGE_LOOP('',(#9653,#9654,#9655,#9656));
#1915=EDGE_LOOP('',(#9657,#9658,#9659,#9660));
#1916=EDGE_LOOP('',(#9661,#9662,#9663,#9664));
#1917=EDGE_LOOP('',(#9665,#9666,#9667,#9668));
#1918=EDGE_LOOP('',(#9669,#9670,#9671,#9672));
#1919=EDGE_LOOP('',(#9673,#9674,#9675,#9676));
#1920=EDGE_LOOP('',(#9677,#9678,#9679,#9680));
#1921=EDGE_LOOP('',(#9681,#9682,#9683,#9684));
#1922=EDGE_LOOP('',(#9685,#9686,#9687,#9688));
#1923=EDGE_LOOP('',(#9689,#9690,#9691,#9692));
#1924=EDGE_LOOP('',(#9693,#9694,#9695,#9696));
#1925=EDGE_LOOP('',(#9697,#9698,#9699,#9700));
#1926=EDGE_LOOP('',(#9701,#9702,#9703,#9704));
#1927=EDGE_LOOP('',(#9705,#9706,#9707,#9708));
#1928=EDGE_LOOP('',(#9709,#9710,#9711,#9712));
#1929=EDGE_LOOP('',(#9713,#9714,#9715,#9716));
#1930=EDGE_LOOP('',(#9717,#9718,#9719,#9720));
#1931=EDGE_LOOP('',(#9721,#9722,#9723,#9724));
#1932=EDGE_LOOP('',(#9725,#9726,#9727,#9728));
#1933=EDGE_LOOP('',(#9729,#9730,#9731,#9732));
#1934=EDGE_LOOP('',(#9733,#9734,#9735,#9736));
#1935=EDGE_LOOP('',(#9737,#9738,#9739,#9740));
#1936=EDGE_LOOP('',(#9741,#9742,#9743,#9744));
#1937=EDGE_LOOP('',(#9745,#9746,#9747,#9748));
#1938=EDGE_LOOP('',(#9749,#9750,#9751,#9752));
#1939=EDGE_LOOP('',(#9753,#9754,#9755,#9756));
#1940=EDGE_LOOP('',(#9757,#9758,#9759,#9760));
#1941=EDGE_LOOP('',(#9761,#9762,#9763,#9764));
#1942=EDGE_LOOP('',(#9765,#9766,#9767,#9768));
#1943=EDGE_LOOP('',(#9769,#9770,#9771,#9772));
#1944=EDGE_LOOP('',(#9773,#9774,#9775,#9776));
#1945=EDGE_LOOP('',(#9777,#9778,#9779,#9780));
#1946=EDGE_LOOP('',(#9781,#9782,#9783,#9784));
#1947=EDGE_LOOP('',(#9785,#9786,#9787,#9788));
#1948=EDGE_LOOP('',(#9789,#9790,#9791,#9792));
#1949=EDGE_LOOP('',(#9793,#9794,#9795,#9796));
#1950=EDGE_LOOP('',(#9797,#9798,#9799,#9800));
#1951=EDGE_LOOP('',(#9801,#9802,#9803,#9804));
#1952=EDGE_LOOP('',(#9805,#9806,#9807,#9808));
#1953=EDGE_LOOP('',(#9809,#9810,#9811,#9812));
#1954=EDGE_LOOP('',(#9813,#9814,#9815,#9816));
#1955=EDGE_LOOP('',(#9817,#9818,#9819,#9820));
#1956=EDGE_LOOP('',(#9821,#9822,#9823,#9824));
#1957=EDGE_LOOP('',(#9825,#9826,#9827,#9828));
#1958=EDGE_LOOP('',(#9829,#9830,#9831,#9832));
#1959=EDGE_LOOP('',(#9833,#9834,#9835,#9836));
#1960=EDGE_LOOP('',(#9837,#9838,#9839,#9840));
#1961=EDGE_LOOP('',(#9841,#9842,#9843,#9844));
#1962=EDGE_LOOP('',(#9845,#9846,#9847,#9848));
#1963=EDGE_LOOP('',(#9849,#9850,#9851,#9852));
#1964=EDGE_LOOP('',(#9853,#9854,#9855,#9856));
#1965=EDGE_LOOP('',(#9857,#9858,#9859,#9860));
#1966=EDGE_LOOP('',(#9861,#9862,#9863,#9864));
#1967=EDGE_LOOP('',(#9865,#9866,#9867,#9868));
#1968=EDGE_LOOP('',(#9869,#9870,#9871,#9872));
#1969=EDGE_LOOP('',(#9873,#9874,#9875,#9876));
#1970=EDGE_LOOP('',(#9877,#9878,#9879,#9880));
#1971=EDGE_LOOP('',(#9881,#9882,#9883,#9884));
#1972=EDGE_LOOP('',(#9885,#9886,#9887,#9888));
#1973=EDGE_LOOP('',(#9889,#9890,#9891,#9892));
#1974=EDGE_LOOP('',(#9893,#9894,#9895,#9896));
#1975=EDGE_LOOP('',(#9897,#9898,#9899,#9900));
#1976=EDGE_LOOP('',(#9901,#9902,#9903,#9904));
#1977=EDGE_LOOP('',(#9905,#9906,#9907,#9908));
#1978=EDGE_LOOP('',(#9909,#9910,#9911,#9912));
#1979=EDGE_LOOP('',(#9913,#9914,#9915,#9916));
#1980=EDGE_LOOP('',(#9917,#9918,#9919,#9920));
#1981=EDGE_LOOP('',(#9921,#9922,#9923,#9924));
#1982=EDGE_LOOP('',(#9925,#9926,#9927,#9928));
#1983=EDGE_LOOP('',(#9929,#9930,#9931,#9932));
#1984=EDGE_LOOP('',(#9933,#9934,#9935,#9936));
#1985=EDGE_LOOP('',(#9937,#9938,#9939,#9940));
#1986=EDGE_LOOP('',(#9941,#9942,#9943,#9944));
#1987=EDGE_LOOP('',(#9945,#9946,#9947,#9948));
#1988=EDGE_LOOP('',(#9949,#9950,#9951,#9952));
#1989=EDGE_LOOP('',(#9953,#9954,#9955,#9956));
#1990=EDGE_LOOP('',(#9957,#9958,#9959,#9960));
#1991=EDGE_LOOP('',(#9961,#9962,#9963,#9964));
#1992=EDGE_LOOP('',(#9965,#9966,#9967,#9968));
#1993=EDGE_LOOP('',(#9969,#9970,#9971,#9972));
#1994=EDGE_LOOP('',(#9973,#9974,#9975,#9976));
#1995=EDGE_LOOP('',(#9977,#9978,#9979,#9980));
#1996=EDGE_LOOP('',(#9981,#9982,#9983,#9984));
#1997=EDGE_LOOP('',(#9985,#9986,#9987,#9988));
#1998=EDGE_LOOP('',(#9989,#9990,#9991,#9992));
#1999=EDGE_LOOP('',(#9993,#9994,#9995,#9996));
#2000=EDGE_LOOP('',(#9997,#9998,#9999,#10000));
#2001=EDGE_LOOP('',(#10001,#10002,#10003,#10004));
#2002=EDGE_LOOP('',(#10005,#10006,#10007,#10008));
#2003=EDGE_LOOP('',(#10009,#10010,#10011,#10012));
#2004=EDGE_LOOP('',(#10013,#10014,#10015,#10016));
#2005=EDGE_LOOP('',(#10017,#10018,#10019,#10020));
#2006=EDGE_LOOP('',(#10021,#10022,#10023,#10024));
#2007=EDGE_LOOP('',(#10025,#10026,#10027,#10028));
#2008=EDGE_LOOP('',(#10029,#10030,#10031,#10032));
#2009=EDGE_LOOP('',(#10033,#10034,#10035,#10036));
#2010=EDGE_LOOP('',(#10037,#10038,#10039,#10040));
#2011=EDGE_LOOP('',(#10041,#10042,#10043,#10044));
#2012=EDGE_LOOP('',(#10045,#10046,#10047,#10048));
#2013=EDGE_LOOP('',(#10049,#10050,#10051,#10052));
#2014=EDGE_LOOP('',(#10053,#10054,#10055,#10056));
#2015=EDGE_LOOP('',(#10057,#10058,#10059,#10060));
#2016=EDGE_LOOP('',(#10061,#10062,#10063,#10064));
#2017=EDGE_LOOP('',(#10065,#10066,#10067,#10068));
#2018=EDGE_LOOP('',(#10069,#10070,#10071,#10072));
#2019=EDGE_LOOP('',(#10073,#10074,#10075,#10076));
#2020=EDGE_LOOP('',(#10077,#10078,#10079,#10080));
#2021=EDGE_LOOP('',(#10081,#10082,#10083,#10084));
#2022=EDGE_LOOP('',(#10085,#10086,#10087,#10088));
#2023=EDGE_LOOP('',(#10089,#10090,#10091,#10092));
#2024=EDGE_LOOP('',(#10093,#10094,#10095,#10096));
#2025=EDGE_LOOP('',(#10097,#10098,#10099,#10100));
#2026=EDGE_LOOP('',(#10101,#10102,#10103,#10104));
#2027=EDGE_LOOP('',(#10105,#10106,#10107,#10108));
#2028=EDGE_LOOP('',(#10109,#10110,#10111,#10112));
#2029=EDGE_LOOP('',(#10113,#10114,#10115,#10116));
#2030=EDGE_LOOP('',(#10117,#10118,#10119,#10120));
#2031=EDGE_LOOP('',(#10121,#10122,#10123,#10124));
#2032=EDGE_LOOP('',(#10125,#10126,#10127,#10128));
#2033=EDGE_LOOP('',(#10129,#10130,#10131,#10132));
#2034=EDGE_LOOP('',(#10133,#10134,#10135,#10136));
#2035=EDGE_LOOP('',(#10137,#10138,#10139,#10140));
#2036=EDGE_LOOP('',(#10141,#10142,#10143,#10144));
#2037=EDGE_LOOP('',(#10145,#10146,#10147,#10148));
#2038=EDGE_LOOP('',(#10149,#10150,#10151,#10152));
#2039=EDGE_LOOP('',(#10153,#10154,#10155,#10156));
#2040=EDGE_LOOP('',(#10157,#10158,#10159,#10160));
#2041=EDGE_LOOP('',(#10161,#10162,#10163,#10164));
#2042=EDGE_LOOP('',(#10165,#10166,#10167,#10168));
#2043=EDGE_LOOP('',(#10169,#10170,#10171,#10172));
#2044=EDGE_LOOP('',(#10173,#10174,#10175,#10176));
#2045=EDGE_LOOP('',(#10177,#10178,#10179,#10180));
#2046=EDGE_LOOP('',(#10181,#10182,#10183,#10184));
#2047=EDGE_LOOP('',(#10185,#10186,#10187,#10188));
#2048=EDGE_LOOP('',(#10189,#10190,#10191,#10192));
#2049=EDGE_LOOP('',(#10193,#10194,#10195,#10196));
#2050=EDGE_LOOP('',(#10197,#10198,#10199,#10200));
#2051=EDGE_LOOP('',(#10201,#10202,#10203,#10204));
#2052=EDGE_LOOP('',(#10205,#10206,#10207,#10208));
#2053=EDGE_LOOP('',(#10209,#10210,#10211,#10212));
#2054=EDGE_LOOP('',(#10213,#10214,#10215,#10216));
#2055=EDGE_LOOP('',(#10217,#10218,#10219,#10220));
#2056=EDGE_LOOP('',(#10221,#10222,#10223,#10224));
#2057=EDGE_LOOP('',(#10225,#10226,#10227,#10228));
#2058=EDGE_LOOP('',(#10229,#10230,#10231,#10232));
#2059=EDGE_LOOP('',(#10233,#10234,#10235,#10236));
#2060=EDGE_LOOP('',(#10237,#10238,#10239,#10240));
#2061=EDGE_LOOP('',(#10241,#10242,#10243,#10244));
#2062=EDGE_LOOP('',(#10245,#10246,#10247,#10248));
#2063=EDGE_LOOP('',(#10249,#10250,#10251,#10252));
#2064=EDGE_LOOP('',(#10253,#10254,#10255,#10256));
#2065=EDGE_LOOP('',(#10257,#10258,#10259,#10260));
#2066=EDGE_LOOP('',(#10261,#10262,#10263,#10264));
#2067=EDGE_LOOP('',(#10265,#10266,#10267,#10268));
#2068=EDGE_LOOP('',(#10269,#10270,#10271,#10272));
#2069=EDGE_LOOP('',(#10273,#10274,#10275,#10276));
#2070=EDGE_LOOP('',(#10277,#10278,#10279,#10280));
#2071=EDGE_LOOP('',(#10281,#10282,#10283,#10284));
#2072=EDGE_LOOP('',(#10285,#10286,#10287,#10288));
#2073=EDGE_LOOP('',(#10289,#10290,#10291,#10292));
#2074=EDGE_LOOP('',(#10293,#10294,#10295,#10296));
#2075=EDGE_LOOP('',(#10297,#10298,#10299,#10300));
#2076=EDGE_LOOP('',(#10301,#10302,#10303,#10304));
#2077=EDGE_LOOP('',(#10305,#10306,#10307,#10308));
#2078=EDGE_LOOP('',(#10309,#10310,#10311,#10312));
#2079=EDGE_LOOP('',(#10313,#10314,#10315,#10316));
#2080=EDGE_LOOP('',(#10317,#10318,#10319,#10320));
#2081=EDGE_LOOP('',(#10321,#10322,#10323,#10324));
#2082=EDGE_LOOP('',(#10325,#10326,#10327,#10328));
#2083=EDGE_LOOP('',(#10329,#10330,#10331,#10332));
#2084=EDGE_LOOP('',(#10333,#10334,#10335,#10336));
#2085=EDGE_LOOP('',(#10337,#10338,#10339,#10340));
#2086=EDGE_LOOP('',(#10341,#10342,#10343,#10344));
#2087=EDGE_LOOP('',(#10345,#10346,#10347,#10348));
#2088=EDGE_LOOP('',(#10349,#10350,#10351,#10352));
#2089=EDGE_LOOP('',(#10353,#10354,#10355,#10356));
#2090=EDGE_LOOP('',(#10357,#10358,#10359,#10360));
#2091=EDGE_LOOP('',(#10361,#10362,#10363,#10364));
#2092=EDGE_LOOP('',(#10365,#10366,#10367,#10368));
#2093=EDGE_LOOP('',(#10369,#10370,#10371,#10372));
#2094=EDGE_LOOP('',(#10373,#10374,#10375,#10376));
#2095=EDGE_LOOP('',(#10377,#10378,#10379,#10380));
#2096=EDGE_LOOP('',(#10381,#10382,#10383,#10384));
#2097=EDGE_LOOP('',(#10385,#10386,#10387,#10388));
#2098=EDGE_LOOP('',(#10389,#10390,#10391,#10392));
#2099=EDGE_LOOP('',(#10393,#10394,#10395,#10396));
#2100=EDGE_LOOP('',(#10397,#10398,#10399,#10400));
#2101=EDGE_LOOP('',(#10401,#10402,#10403,#10404));
#2102=EDGE_LOOP('',(#10405,#10406,#10407,#10408));
#2103=EDGE_LOOP('',(#10409,#10410,#10411,#10412));
#2104=EDGE_LOOP('',(#10413,#10414,#10415,#10416));
#2105=EDGE_LOOP('',(#10417,#10418,#10419,#10420));
#2106=EDGE_LOOP('',(#10421,#10422,#10423,#10424));
#2107=EDGE_LOOP('',(#10425,#10426,#10427,#10428));
#2108=EDGE_LOOP('',(#10429,#10430,#10431,#10432));
#2109=EDGE_LOOP('',(#10433,#10434,#10435,#10436));
#2110=EDGE_LOOP('',(#10437,#10438,#10439,#10440));
#2111=EDGE_LOOP('',(#10441,#10442,#10443,#10444));
#2112=EDGE_LOOP('',(#10445,#10446,#10447,#10448));
#2113=EDGE_LOOP('',(#10449,#10450,#10451,#10452));
#2114=EDGE_LOOP('',(#10453,#10454,#10455,#10456));
#2115=EDGE_LOOP('',(#10457,#10458,#10459,#10460));
#2116=EDGE_LOOP('',(#10461,#10462,#10463,#10464));
#2117=EDGE_LOOP('',(#10465,#10466,#10467,#10468));
#2118=EDGE_LOOP('',(#10469,#10470,#10471,#10472));
#2119=EDGE_LOOP('',(#10473,#10474,#10475,#10476));
#2120=EDGE_LOOP('',(#10477,#10478,#10479,#10480));
#2121=EDGE_LOOP('',(#10481,#10482,#10483,#10484));
#2122=EDGE_LOOP('',(#10485,#10486,#10487,#10488));
#2123=EDGE_LOOP('',(#10489,#10490,#10491,#10492));
#2124=EDGE_LOOP('',(#10493,#10494,#10495,#10496));
#2125=EDGE_LOOP('',(#10497,#10498,#10499,#10500));
#2126=EDGE_LOOP('',(#10501,#10502,#10503,#10504));
#2127=EDGE_LOOP('',(#10505,#10506,#10507,#10508));
#2128=EDGE_LOOP('',(#10509,#10510,#10511,#10512));
#2129=EDGE_LOOP('',(#10513,#10514,#10515,#10516));
#2130=EDGE_LOOP('',(#10517,#10518,#10519,#10520));
#2131=EDGE_LOOP('',(#10521,#10522,#10523,#10524));
#2132=EDGE_LOOP('',(#10525,#10526,#10527,#10528));
#2133=EDGE_LOOP('',(#10529,#10530,#10531,#10532));
#2134=EDGE_LOOP('',(#10533,#10534,#10535,#10536));
#2135=EDGE_LOOP('',(#10537,#10538,#10539,#10540));
#2136=EDGE_LOOP('',(#10541,#10542,#10543,#10544));
#2137=EDGE_LOOP('',(#10545,#10546,#10547,#10548));
#2138=EDGE_LOOP('',(#10549,#10550,#10551,#10552));
#2139=EDGE_LOOP('',(#10553,#10554,#10555,#10556));
#2140=EDGE_LOOP('',(#10557,#10558,#10559,#10560));
#2141=EDGE_LOOP('',(#10561,#10562,#10563,#10564));
#2142=EDGE_LOOP('',(#10565,#10566,#10567,#10568));
#2143=EDGE_LOOP('',(#10569,#10570,#10571,#10572));
#2144=EDGE_LOOP('',(#10573,#10574,#10575,#10576));
#2145=EDGE_LOOP('',(#10577,#10578,#10579,#10580));
#2146=EDGE_LOOP('',(#10581,#10582,#10583,#10584));
#2147=EDGE_LOOP('',(#10585,#10586,#10587,#10588));
#2148=EDGE_LOOP('',(#10589,#10590,#10591,#10592));
#2149=EDGE_LOOP('',(#10593,#10594,#10595,#10596));
#2150=EDGE_LOOP('',(#10597,#10598,#10599,#10600));
#2151=EDGE_LOOP('',(#10601,#10602,#10603,#10604));
#2152=EDGE_LOOP('',(#10605,#10606,#10607,#10608));
#2153=EDGE_LOOP('',(#10609,#10610,#10611,#10612));
#2154=EDGE_LOOP('',(#10613,#10614,#10615,#10616));
#2155=EDGE_LOOP('',(#10617,#10618,#10619,#10620));
#2156=EDGE_LOOP('',(#10621,#10622,#10623,#10624));
#2157=EDGE_LOOP('',(#10625,#10626,#10627,#10628));
#2158=EDGE_LOOP('',(#10629,#10630,#10631,#10632));
#2159=EDGE_LOOP('',(#10633,#10634,#10635,#10636));
#2160=EDGE_LOOP('',(#10637,#10638,#10639,#10640));
#2161=EDGE_LOOP('',(#10641,#10642,#10643,#10644));
#2162=EDGE_LOOP('',(#10645,#10646,#10647,#10648));
#2163=EDGE_LOOP('',(#10649,#10650,#10651,#10652));
#2164=EDGE_LOOP('',(#10653,#10654,#10655,#10656));
#2165=EDGE_LOOP('',(#10657,#10658,#10659,#10660));
#2166=EDGE_LOOP('',(#10661,#10662,#10663,#10664));
#2167=EDGE_LOOP('',(#10665,#10666,#10667,#10668));
#2168=EDGE_LOOP('',(#10669,#10670,#10671,#10672));
#2169=EDGE_LOOP('',(#10673,#10674,#10675,#10676));
#2170=EDGE_LOOP('',(#10677,#10678,#10679,#10680));
#2171=EDGE_LOOP('',(#10681,#10682,#10683,#10684));
#2172=EDGE_LOOP('',(#10685,#10686,#10687,#10688));
#2173=EDGE_LOOP('',(#10689,#10690,#10691,#10692));
#2174=EDGE_LOOP('',(#10693,#10694,#10695,#10696));
#2175=EDGE_LOOP('',(#10697,#10698,#10699,#10700));
#2176=EDGE_LOOP('',(#10701,#10702,#10703,#10704));
#2177=EDGE_LOOP('',(#10705,#10706,#10707,#10708));
#2178=EDGE_LOOP('',(#10709,#10710,#10711,#10712));
#2179=EDGE_LOOP('',(#10713,#10714,#10715,#10716));
#2180=EDGE_LOOP('',(#10717,#10718,#10719,#10720));
#2181=EDGE_LOOP('',(#10721,#10722,#10723,#10724));
#2182=EDGE_LOOP('',(#10725,#10726,#10727,#10728));
#2183=EDGE_LOOP('',(#10729,#10730,#10731,#10732));
#2184=EDGE_LOOP('',(#10733,#10734,#10735,#10736));
#2185=EDGE_LOOP('',(#10737,#10738,#10739,#10740));
#2186=EDGE_LOOP('',(#10741,#10742,#10743,#10744));
#2187=EDGE_LOOP('',(#10745,#10746,#10747,#10748));
#2188=EDGE_LOOP('',(#10749,#10750,#10751,#10752));
#2189=EDGE_LOOP('',(#10753,#10754,#10755,#10756));
#2190=EDGE_LOOP('',(#10757,#10758,#10759,#10760));
#2191=EDGE_LOOP('',(#10761,#10762,#10763,#10764));
#2192=EDGE_LOOP('',(#10765,#10766,#10767,#10768));
#2193=EDGE_LOOP('',(#10769,#10770,#10771,#10772));
#2194=EDGE_LOOP('',(#10773,#10774,#10775,#10776));
#2195=EDGE_LOOP('',(#10777,#10778,#10779,#10780));
#2196=EDGE_LOOP('',(#10781,#10782,#10783,#10784));
#2197=EDGE_LOOP('',(#10785,#10786,#10787,#10788));
#2198=EDGE_LOOP('',(#10789,#10790,#10791,#10792));
#2199=EDGE_LOOP('',(#10793,#10794,#10795,#10796));
#2200=EDGE_LOOP('',(#10797,#10798,#10799,#10800));
#2201=EDGE_LOOP('',(#10801,#10802,#10803,#10804));
#2202=EDGE_LOOP('',(#10805,#10806,#10807,#10808));
#2203=EDGE_LOOP('',(#10809,#10810,#10811,#10812));
#2204=EDGE_LOOP('',(#10813,#10814,#10815,#10816));
#2205=EDGE_LOOP('',(#10817,#10818,#10819,#10820));
#2206=EDGE_LOOP('',(#10821,#10822,#10823,#10824));
#2207=EDGE_LOOP('',(#10825,#10826,#10827,#10828));
#2208=EDGE_LOOP('',(#10829,#10830,#10831,#10832));
#2209=EDGE_LOOP('',(#10833,#10834,#10835,#10836));
#2210=EDGE_LOOP('',(#10837,#10838,#10839,#10840));
#2211=EDGE_LOOP('',(#10841,#10842,#10843,#10844));
#2212=EDGE_LOOP('',(#10845,#10846,#10847,#10848));
#2213=EDGE_LOOP('',(#10849,#10850,#10851,#10852));
#2214=EDGE_LOOP('',(#10853,#10854,#10855,#10856));
#2215=EDGE_LOOP('',(#10857,#10858,#10859,#10860));
#2216=EDGE_LOOP('',(#10861,#10862,#10863,#10864));
#2217=EDGE_LOOP('',(#10865,#10866,#10867,#10868));
#2218=EDGE_LOOP('',(#10869,#10870,#10871,#10872));
#2219=EDGE_LOOP('',(#10873,#10874,#10875,#10876));
#2220=EDGE_LOOP('',(#10877,#10878,#10879,#10880));
#2221=EDGE_LOOP('',(#10881,#10882,#10883,#10884));
#2222=EDGE_LOOP('',(#10885,#10886,#10887,#10888));
#2223=EDGE_LOOP('',(#10889,#10890,#10891,#10892));
#2224=EDGE_LOOP('',(#10893,#10894,#10895,#10896));
#2225=EDGE_LOOP('',(#10897,#10898,#10899,#10900));
#2226=EDGE_LOOP('',(#10901,#10902,#10903,#10904));
#2227=EDGE_LOOP('',(#10905,#10906,#10907,#10908));
#2228=EDGE_LOOP('',(#10909,#10910,#10911,#10912));
#2229=EDGE_LOOP('',(#10913,#10914,#10915,#10916));
#2230=EDGE_LOOP('',(#10917,#10918,#10919,#10920));
#2231=EDGE_LOOP('',(#10921,#10922,#10923,#10924));
#2232=EDGE_LOOP('',(#10925,#10926,#10927,#10928));
#2233=EDGE_LOOP('',(#10929,#10930,#10931,#10932));
#2234=EDGE_LOOP('',(#10933,#10934,#10935,#10936));
#2235=EDGE_LOOP('',(#10937,#10938,#10939,#10940));
#2236=EDGE_LOOP('',(#10941,#10942,#10943,#10944));
#2237=EDGE_LOOP('',(#10945,#10946,#10947,#10948));
#2238=EDGE_LOOP('',(#10949,#10950,#10951,#10952));
#2239=EDGE_LOOP('',(#10953,#10954,#10955,#10956));
#2240=EDGE_LOOP('',(#10957,#10958,#10959,#10960));
#2241=EDGE_LOOP('',(#10961,#10962,#10963,#10964));
#2242=EDGE_LOOP('',(#10965,#10966,#10967,#10968));
#2243=EDGE_LOOP('',(#10969,#10970,#10971,#10972));
#2244=EDGE_LOOP('',(#10973,#10974,#10975,#10976));
#2245=EDGE_LOOP('',(#10977,#10978,#10979,#10980));
#2246=EDGE_LOOP('',(#10981,#10982,#10983,#10984));
#2247=EDGE_LOOP('',(#10985,#10986,#10987,#10988));
#2248=EDGE_LOOP('',(#10989,#10990,#10991,#10992));
#2249=EDGE_LOOP('',(#10993,#10994,#10995,#10996));
#2250=EDGE_LOOP('',(#10997,#10998,#10999,#11000));
#2251=EDGE_LOOP('',(#11001,#11002,#11003,#11004));
#2252=EDGE_LOOP('',(#11005,#11006,#11007,#11008));
#2253=EDGE_LOOP('',(#11009,#11010,#11011,#11012));
#2254=EDGE_LOOP('',(#11013,#11014,#11015,#11016));
#2255=EDGE_LOOP('',(#11017,#11018,#11019,#11020));
#2256=EDGE_LOOP('',(#11021,#11022,#11023,#11024));
#2257=EDGE_LOOP('',(#11025,#11026,#11027,#11028));
#2258=EDGE_LOOP('',(#11029,#11030,#11031,#11032));
#2259=EDGE_LOOP('',(#11033,#11034,#11035,#11036));
#2260=EDGE_LOOP('',(#11037,#11038,#11039,#11040));
#2261=EDGE_LOOP('',(#11041,#11042,#11043,#11044));
#2262=EDGE_LOOP('',(#11045,#11046,#11047,#11048));
#2263=EDGE_LOOP('',(#11049,#11050,#11051,#11052));
#2264=EDGE_LOOP('',(#11053,#11054,#11055,#11056));
#2265=EDGE_LOOP('',(#11057,#11058,#11059,#11060));
#2266=EDGE_LOOP('',(#11061,#11062,#11063,#11064));
#2267=EDGE_LOOP('',(#11065,#11066,#11067,#11068));
#2268=EDGE_LOOP('',(#11069,#11070,#11071,#11072));
#2269=EDGE_LOOP('',(#11073,#11074,#11075,#11076));
#2270=EDGE_LOOP('',(#11077,#11078,#11079,#11080));
#2271=EDGE_LOOP('',(#11081,#11082,#11083,#11084));
#2272=EDGE_LOOP('',(#11085,#11086,#11087,#11088));
#2273=EDGE_LOOP('',(#11089,#11090,#11091,#11092));
#2274=EDGE_LOOP('',(#11093,#11094,#11095,#11096));
#2275=EDGE_LOOP('',(#11097,#11098,#11099,#11100));
#2276=EDGE_LOOP('',(#11101,#11102,#11103,#11104));
#2277=EDGE_LOOP('',(#11105,#11106,#11107,#11108));
#2278=EDGE_LOOP('',(#11109,#11110,#11111,#11112));
#2279=EDGE_LOOP('',(#11113,#11114,#11115,#11116));
#2280=EDGE_LOOP('',(#11117,#11118,#11119,#11120));
#2281=EDGE_LOOP('',(#11121,#11122,#11123,#11124));
#2282=EDGE_LOOP('',(#11125,#11126,#11127,#11128));
#2283=EDGE_LOOP('',(#11129,#11130,#11131,#11132));
#2284=EDGE_LOOP('',(#11133,#11134,#11135,#11136));
#2285=EDGE_LOOP('',(#11137,#11138,#11139,#11140));
#2286=EDGE_LOOP('',(#11141,#11142,#11143,#11144));
#2287=EDGE_LOOP('',(#11145,#11146,#11147,#11148));
#2288=EDGE_LOOP('',(#11149,#11150,#11151,#11152));
#2289=EDGE_LOOP('',(#11153,#11154,#11155,#11156));
#2290=EDGE_LOOP('',(#11157,#11158,#11159,#11160));
#2291=EDGE_LOOP('',(#11161,#11162,#11163,#11164));
#2292=EDGE_LOOP('',(#11165,#11166,#11167,#11168));
#2293=EDGE_LOOP('',(#11169,#11170,#11171,#11172));
#2294=EDGE_LOOP('',(#11173,#11174,#11175,#11176));
#2295=EDGE_LOOP('',(#11177,#11178,#11179,#11180));
#2296=EDGE_LOOP('',(#11181,#11182,#11183,#11184));
#2297=EDGE_LOOP('',(#11185,#11186,#11187,#11188));
#2298=EDGE_LOOP('',(#11189,#11190,#11191,#11192));
#2299=EDGE_LOOP('',(#11193,#11194,#11195,#11196));
#2300=EDGE_LOOP('',(#11197,#11198,#11199,#11200));
#2301=EDGE_LOOP('',(#11201,#11202,#11203,#11204));
#2302=EDGE_LOOP('',(#11205,#11206,#11207,#11208));
#2303=EDGE_LOOP('',(#11209,#11210,#11211,#11212));
#2304=EDGE_LOOP('',(#11213,#11214,#11215,#11216));
#2305=EDGE_LOOP('',(#11217,#11218,#11219,#11220));
#2306=EDGE_LOOP('',(#11221,#11222,#11223,#11224));
#2307=EDGE_LOOP('',(#11225,#11226,#11227,#11228));
#2308=EDGE_LOOP('',(#11229,#11230,#11231,#11232));
#2309=EDGE_LOOP('',(#11233,#11234,#11235,#11236));
#2310=EDGE_LOOP('',(#11237,#11238,#11239,#11240));
#2311=EDGE_LOOP('',(#11241,#11242,#11243,#11244));
#2312=EDGE_LOOP('',(#11245,#11246,#11247,#11248));
#2313=EDGE_LOOP('',(#11249,#11250,#11251,#11252));
#2314=EDGE_LOOP('',(#11253,#11254,#11255,#11256));
#2315=EDGE_LOOP('',(#11257,#11258,#11259,#11260));
#2316=EDGE_LOOP('',(#11261,#11262,#11263,#11264));
#2317=EDGE_LOOP('',(#11265,#11266,#11267,#11268));
#2318=EDGE_LOOP('',(#11269,#11270,#11271,#11272));
#2319=EDGE_LOOP('',(#11273,#11274,#11275,#11276));
#2320=EDGE_LOOP('',(#11277,#11278,#11279,#11280));
#2321=EDGE_LOOP('',(#11281,#11282,#11283,#11284));
#2322=EDGE_LOOP('',(#11285,#11286,#11287,#11288));
#2323=EDGE_LOOP('',(#11289,#11290,#11291,#11292));
#2324=EDGE_LOOP('',(#11293,#11294,#11295,#11296));
#2325=EDGE_LOOP('',(#11297,#11298,#11299,#11300));
#2326=EDGE_LOOP('',(#11301,#11302,#11303,#11304));
#2327=EDGE_LOOP('',(#11305,#11306,#11307,#11308));
#2328=EDGE_LOOP('',(#11309,#11310,#11311,#11312));
#2329=EDGE_LOOP('',(#11313,#11314,#11315,#11316));
#2330=EDGE_LOOP('',(#11317,#11318,#11319,#11320));
#2331=EDGE_LOOP('',(#11321,#11322,#11323,#11324));
#2332=EDGE_LOOP('',(#11325,#11326,#11327,#11328));
#2333=EDGE_LOOP('',(#11329,#11330,#11331,#11332));
#2334=EDGE_LOOP('',(#11333,#11334,#11335,#11336));
#2335=EDGE_LOOP('',(#11337,#11338,#11339,#11340));
#2336=EDGE_LOOP('',(#11341,#11342,#11343,#11344));
#2337=EDGE_LOOP('',(#11345,#11346,#11347,#11348));
#2338=EDGE_LOOP('',(#11349,#11350,#11351,#11352));
#2339=EDGE_LOOP('',(#11353,#11354,#11355,#11356));
#2340=EDGE_LOOP('',(#11357,#11358,#11359,#11360));
#2341=EDGE_LOOP('',(#11361,#11362,#11363,#11364));
#2342=EDGE_LOOP('',(#11365,#11366,#11367,#11368));
#2343=EDGE_LOOP('',(#11369,#11370,#11371,#11372));
#2344=EDGE_LOOP('',(#11373,#11374,#11375,#11376));
#2345=EDGE_LOOP('',(#11377,#11378,#11379,#11380));
#2346=EDGE_LOOP('',(#11381,#11382,#11383,#11384));
#2347=EDGE_LOOP('',(#11385,#11386,#11387,#11388));
#2348=EDGE_LOOP('',(#11389,#11390,#11391,#11392));
#2349=EDGE_LOOP('',(#11393,#11394,#11395,#11396));
#2350=EDGE_LOOP('',(#11397,#11398,#11399,#11400));
#2351=EDGE_LOOP('',(#11401,#11402,#11403,#11404));
#2352=EDGE_LOOP('',(#11405,#11406,#11407,#11408));
#2353=EDGE_LOOP('',(#11409,#11410,#11411,#11412));
#2354=EDGE_LOOP('',(#11413,#11414,#11415,#11416));
#2355=EDGE_LOOP('',(#11417,#11418,#11419,#11420));
#2356=EDGE_LOOP('',(#11421,#11422,#11423,#11424));
#2357=EDGE_LOOP('',(#11425,#11426,#11427,#11428));
#2358=EDGE_LOOP('',(#11429,#11430,#11431,#11432));
#2359=EDGE_LOOP('',(#11433,#11434,#11435,#11436));
#2360=EDGE_LOOP('',(#11437,#11438,#11439,#11440));
#2361=EDGE_LOOP('',(#11441,#11442,#11443,#11444));
#2362=EDGE_LOOP('',(#11445,#11446,#11447,#11448));
#2363=EDGE_LOOP('',(#11449,#11450,#11451,#11452));
#2364=EDGE_LOOP('',(#11453,#11454,#11455,#11456));
#2365=LINE('',#17189,#3589);
#2366=LINE('',#17191,#3590);
#2367=LINE('',#17193,#3591);
#2368=LINE('',#17194,#3592);
#2369=LINE('',#17200,#3593);
#2370=LINE('',#17203,#3594);
#2371=LINE('',#17205,#3595);
#2372=LINE('',#17206,#3596);
#2373=LINE('',#17213,#3597);
#2374=LINE('',#17215,#3598);
#2375=LINE('',#17217,#3599);
#2376=LINE('',#17218,#3600);
#2377=LINE('',#17224,#3601);
#2378=LINE('',#17227,#3602);
#2379=LINE('',#17229,#3603);
#2380=LINE('',#17230,#3604);
#2381=LINE('',#17237,#3605);
#2382=LINE('',#17239,#3606);
#2383=LINE('',#17241,#3607);
#2384=LINE('',#17242,#3608);
#2385=LINE('',#17248,#3609);
#2386=LINE('',#17251,#3610);
#2387=LINE('',#17253,#3611);
#2388=LINE('',#17254,#3612);
#2389=LINE('',#17261,#3613);
#2390=LINE('',#17263,#3614);
#2391=LINE('',#17265,#3615);
#2392=LINE('',#17266,#3616);
#2393=LINE('',#17272,#3617);
#2394=LINE('',#17275,#3618);
#2395=LINE('',#17277,#3619);
#2396=LINE('',#17278,#3620);
#2397=LINE('',#17285,#3621);
#2398=LINE('',#17287,#3622);
#2399=LINE('',#17289,#3623);
#2400=LINE('',#17290,#3624);
#2401=LINE('',#17296,#3625);
#2402=LINE('',#17299,#3626);
#2403=LINE('',#17301,#3627);
#2404=LINE('',#17302,#3628);
#2405=LINE('',#17309,#3629);
#2406=LINE('',#17311,#3630);
#2407=LINE('',#17313,#3631);
#2408=LINE('',#17314,#3632);
#2409=LINE('',#17320,#3633);
#2410=LINE('',#17323,#3634);
#2411=LINE('',#17325,#3635);
#2412=LINE('',#17326,#3636);
#2413=LINE('',#17335,#3637);
#2414=LINE('',#17338,#3638);
#2415=LINE('',#17341,#3639);
#2416=LINE('',#17343,#3640);
#2417=LINE('',#17344,#3641);
#2418=LINE('',#17350,#3642);
#2419=LINE('',#17352,#3643);
#2420=LINE('',#17353,#3644);
#2421=LINE('',#17359,#3645);
#2422=LINE('',#17362,#3646);
#2423=LINE('',#17365,#3647);
#2424=LINE('',#17367,#3648);
#2425=LINE('',#17368,#3649);
#2426=LINE('',#17374,#3650);
#2427=LINE('',#17376,#3651);
#2428=LINE('',#17377,#3652);
#2429=LINE('',#17383,#3653);
#2430=LINE('',#17386,#3654);
#2431=LINE('',#17389,#3655);
#2432=LINE('',#17391,#3656);
#2433=LINE('',#17392,#3657);
#2434=LINE('',#17398,#3658);
#2435=LINE('',#17401,#3659);
#2436=LINE('',#17403,#3660);
#2437=LINE('',#17404,#3661);
#2438=LINE('',#17407,#3662);
#2439=LINE('',#17409,#3663);
#2440=LINE('',#17413,#3664);
#2441=LINE('',#17415,#3665);
#2442=LINE('',#17419,#3666);
#2443=LINE('',#17423,#3667);
#2444=LINE('',#17427,#3668);
#2445=LINE('',#17431,#3669);
#2446=LINE('',#17433,#3670);
#2447=LINE('',#17437,#3671);
#2448=LINE('',#17439,#3672);
#2449=LINE('',#17443,#3673);
#2450=LINE('',#17447,#3674);
#2451=LINE('',#17451,#3675);
#2452=LINE('',#17455,#3676);
#2453=LINE('',#17459,#3677);
#2454=LINE('',#17463,#3678);
#2455=LINE('',#17465,#3679);
#2456=LINE('',#17469,#3680);
#2457=LINE('',#17471,#3681);
#2458=LINE('',#17475,#3682);
#2459=LINE('',#17479,#3683);
#2460=LINE('',#17483,#3684);
#2461=LINE('',#17487,#3685);
#2462=LINE('',#17489,#3686);
#2463=LINE('',#17493,#3687);
#2464=LINE('',#17495,#3688);
#2465=LINE('',#17499,#3689);
#2466=LINE('',#17503,#3690);
#2467=LINE('',#17507,#3691);
#2468=LINE('',#17511,#3692);
#2469=LINE('',#17515,#3693);
#2470=LINE('',#17519,#3694);
#2471=LINE('',#17521,#3695);
#2472=LINE('',#17525,#3696);
#2473=LINE('',#17527,#3697);
#2474=LINE('',#17531,#3698);
#2475=LINE('',#17535,#3699);
#2476=LINE('',#17539,#3700);
#2477=LINE('',#17543,#3701);
#2478=LINE('',#17545,#3702);
#2479=LINE('',#17549,#3703);
#2480=LINE('',#17551,#3704);
#2481=LINE('',#17555,#3705);
#2482=LINE('',#17559,#3706);
#2483=LINE('',#17563,#3707);
#2484=LINE('',#17567,#3708);
#2485=LINE('',#17569,#3709);
#2486=LINE('',#17573,#3710);
#2487=LINE('',#17575,#3711);
#2488=LINE('',#17579,#3712);
#2489=LINE('',#17583,#3713);
#2490=LINE('',#17587,#3714);
#2491=LINE('',#17591,#3715);
#2492=LINE('',#17593,#3716);
#2493=LINE('',#17597,#3717);
#2494=LINE('',#17599,#3718);
#2495=LINE('',#17603,#3719);
#2496=LINE('',#17607,#3720);
#2497=LINE('',#17611,#3721);
#2498=LINE('',#17617,#3722);
#2499=LINE('',#17621,#3723);
#2500=LINE('',#17625,#3724);
#2501=LINE('',#17628,#3725);
#2502=LINE('',#17633,#3726);
#2503=LINE('',#17637,#3727);
#2504=LINE('',#17641,#3728);
#2505=LINE('',#17644,#3729);
#2506=LINE('',#17649,#3730);
#2507=LINE('',#17653,#3731);
#2508=LINE('',#17657,#3732);
#2509=LINE('',#17660,#3733);
#2510=LINE('',#17665,#3734);
#2511=LINE('',#17669,#3735);
#2512=LINE('',#17673,#3736);
#2513=LINE('',#17676,#3737);
#2514=LINE('',#17681,#3738);
#2515=LINE('',#17685,#3739);
#2516=LINE('',#17689,#3740);
#2517=LINE('',#17692,#3741);
#2518=LINE('',#17697,#3742);
#2519=LINE('',#17701,#3743);
#2520=LINE('',#17705,#3744);
#2521=LINE('',#17708,#3745);
#2522=LINE('',#17713,#3746);
#2523=LINE('',#17717,#3747);
#2524=LINE('',#17721,#3748);
#2525=LINE('',#17724,#3749);
#2526=LINE('',#17729,#3750);
#2527=LINE('',#17733,#3751);
#2528=LINE('',#17737,#3752);
#2529=LINE('',#17740,#3753);
#2530=LINE('',#17745,#3754);
#2531=LINE('',#17749,#3755);
#2532=LINE('',#17753,#3756);
#2533=LINE('',#17756,#3757);
#2534=LINE('',#17761,#3758);
#2535=LINE('',#17765,#3759);
#2536=LINE('',#17769,#3760);
#2537=LINE('',#17772,#3761);
#2538=LINE('',#17777,#3762);
#2539=LINE('',#17781,#3763);
#2540=LINE('',#17785,#3764);
#2541=LINE('',#17788,#3765);
#2542=LINE('',#17793,#3766);
#2543=LINE('',#17797,#3767);
#2544=LINE('',#17801,#3768);
#2545=LINE('',#17805,#3769);
#2546=LINE('',#17809,#3770);
#2547=LINE('',#17813,#3771);
#2548=LINE('',#17817,#3772);
#2549=LINE('',#17821,#3773);
#2550=LINE('',#17825,#3774);
#2551=LINE('',#17829,#3775);
#2552=LINE('',#17833,#3776);
#2553=LINE('',#17836,#3777);
#2554=LINE('',#17841,#3778);
#2555=LINE('',#17845,#3779);
#2556=LINE('',#17849,#3780);
#2557=LINE('',#17852,#3781);
#2558=LINE('',#17857,#3782);
#2559=LINE('',#17861,#3783);
#2560=LINE('',#17865,#3784);
#2561=LINE('',#17868,#3785);
#2562=LINE('',#17873,#3786);
#2563=LINE('',#17877,#3787);
#2564=LINE('',#17881,#3788);
#2565=LINE('',#17884,#3789);
#2566=LINE('',#17889,#3790);
#2567=LINE('',#17893,#3791);
#2568=LINE('',#17897,#3792);
#2569=LINE('',#17900,#3793);
#2570=LINE('',#17905,#3794);
#2571=LINE('',#17909,#3795);
#2572=LINE('',#17913,#3796);
#2573=LINE('',#17916,#3797);
#2574=LINE('',#17921,#3798);
#2575=LINE('',#17925,#3799);
#2576=LINE('',#17929,#3800);
#2577=LINE('',#17932,#3801);
#2578=LINE('',#17937,#3802);
#2579=LINE('',#17941,#3803);
#2580=LINE('',#17945,#3804);
#2581=LINE('',#17948,#3805);
#2582=LINE('',#17953,#3806);
#2583=LINE('',#17957,#3807);
#2584=LINE('',#17961,#3808);
#2585=LINE('',#17964,#3809);
#2586=LINE('',#17969,#3810);
#2587=LINE('',#17973,#3811);
#2588=LINE('',#17977,#3812);
#2589=LINE('',#17980,#3813);
#2590=LINE('',#17985,#3814);
#2591=LINE('',#17989,#3815);
#2592=LINE('',#17993,#3816);
#2593=LINE('',#17996,#3817);
#2594=LINE('',#18001,#3818);
#2595=LINE('',#18005,#3819);
#2596=LINE('',#18009,#3820);
#2597=LINE('',#18012,#3821);
#2598=LINE('',#18017,#3822);
#2599=LINE('',#18021,#3823);
#2600=LINE('',#18025,#3824);
#2601=LINE('',#18028,#3825);
#2602=LINE('',#18033,#3826);
#2603=LINE('',#18037,#3827);
#2604=LINE('',#18041,#3828);
#2605=LINE('',#18044,#3829);
#2606=LINE('',#18049,#3830);
#2607=LINE('',#18053,#3831);
#2608=LINE('',#18057,#3832);
#2609=LINE('',#18060,#3833);
#2610=LINE('',#18065,#3834);
#2611=LINE('',#18069,#3835);
#2612=LINE('',#18073,#3836);
#2613=LINE('',#18076,#3837);
#2614=LINE('',#18081,#3838);
#2615=LINE('',#18085,#3839);
#2616=LINE('',#18089,#3840);
#2617=LINE('',#18092,#3841);
#2618=LINE('',#18097,#3842);
#2619=LINE('',#18101,#3843);
#2620=LINE('',#18105,#3844);
#2621=LINE('',#18108,#3845);
#2622=LINE('',#18113,#3846);
#2623=LINE('',#18117,#3847);
#2624=LINE('',#18121,#3848);
#2625=LINE('',#18124,#3849);
#2626=LINE('',#18129,#3850);
#2627=LINE('',#18133,#3851);
#2628=LINE('',#18137,#3852);
#2629=LINE('',#18140,#3853);
#2630=LINE('',#18145,#3854);
#2631=LINE('',#18149,#3855);
#2632=LINE('',#18153,#3856);
#2633=LINE('',#18156,#3857);
#2634=LINE('',#18161,#3858);
#2635=LINE('',#18165,#3859);
#2636=LINE('',#18169,#3860);
#2637=LINE('',#18172,#3861);
#2638=LINE('',#18177,#3862);
#2639=LINE('',#18181,#3863);
#2640=LINE('',#18185,#3864);
#2641=LINE('',#18188,#3865);
#2642=LINE('',#18193,#3866);
#2643=LINE('',#18197,#3867);
#2644=LINE('',#18201,#3868);
#2645=LINE('',#18204,#3869);
#2646=LINE('',#18209,#3870);
#2647=LINE('',#18213,#3871);
#2648=LINE('',#18217,#3872);
#2649=LINE('',#18220,#3873);
#2650=LINE('',#18225,#3874);
#2651=LINE('',#18229,#3875);
#2652=LINE('',#18233,#3876);
#2653=LINE('',#18236,#3877);
#2654=LINE('',#18241,#3878);
#2655=LINE('',#18245,#3879);
#2656=LINE('',#18249,#3880);
#2657=LINE('',#18252,#3881);
#2658=LINE('',#18257,#3882);
#2659=LINE('',#18261,#3883);
#2660=LINE('',#18265,#3884);
#2661=LINE('',#18268,#3885);
#2662=LINE('',#18273,#3886);
#2663=LINE('',#18277,#3887);
#2664=LINE('',#18281,#3888);
#2665=LINE('',#18284,#3889);
#2666=LINE('',#18289,#3890);
#2667=LINE('',#18293,#3891);
#2668=LINE('',#18297,#3892);
#2669=LINE('',#18300,#3893);
#2670=LINE('',#18305,#3894);
#2671=LINE('',#18309,#3895);
#2672=LINE('',#18313,#3896);
#2673=LINE('',#18316,#3897);
#2674=LINE('',#18321,#3898);
#2675=LINE('',#18325,#3899);
#2676=LINE('',#18329,#3900);
#2677=LINE('',#18332,#3901);
#2678=LINE('',#18337,#3902);
#2679=LINE('',#18341,#3903);
#2680=LINE('',#18345,#3904);
#2681=LINE('',#18348,#3905);
#2682=LINE('',#18353,#3906);
#2683=LINE('',#18357,#3907);
#2684=LINE('',#18361,#3908);
#2685=LINE('',#18364,#3909);
#2686=LINE('',#18369,#3910);
#2687=LINE('',#18373,#3911);
#2688=LINE('',#18377,#3912);
#2689=LINE('',#18380,#3913);
#2690=LINE('',#18385,#3914);
#2691=LINE('',#18389,#3915);
#2692=LINE('',#18393,#3916);
#2693=LINE('',#18396,#3917);
#2694=LINE('',#18401,#3918);
#2695=LINE('',#18405,#3919);
#2696=LINE('',#18409,#3920);
#2697=LINE('',#18412,#3921);
#2698=LINE('',#18417,#3922);
#2699=LINE('',#18421,#3923);
#2700=LINE('',#18425,#3924);
#2701=LINE('',#18428,#3925);
#2702=LINE('',#18433,#3926);
#2703=LINE('',#18437,#3927);
#2704=LINE('',#18441,#3928);
#2705=LINE('',#18444,#3929);
#2706=LINE('',#18449,#3930);
#2707=LINE('',#18453,#3931);
#2708=LINE('',#18457,#3932);
#2709=LINE('',#18460,#3933);
#2710=LINE('',#18465,#3934);
#2711=LINE('',#18469,#3935);
#2712=LINE('',#18473,#3936);
#2713=LINE('',#18476,#3937);
#2714=LINE('',#18481,#3938);
#2715=LINE('',#18485,#3939);
#2716=LINE('',#18489,#3940);
#2717=LINE('',#18492,#3941);
#2718=LINE('',#18497,#3942);
#2719=LINE('',#18501,#3943);
#2720=LINE('',#18505,#3944);
#2721=LINE('',#18508,#3945);
#2722=LINE('',#18513,#3946);
#2723=LINE('',#18517,#3947);
#2724=LINE('',#18521,#3948);
#2725=LINE('',#18524,#3949);
#2726=LINE('',#18529,#3950);
#2727=LINE('',#18533,#3951);
#2728=LINE('',#18537,#3952);
#2729=LINE('',#18540,#3953);
#2730=LINE('',#18543,#3954);
#2731=LINE('',#18546,#3955);
#2732=LINE('',#18549,#3956);
#2733=LINE('',#18550,#3957);
#2734=LINE('',#18553,#3958);
#2735=LINE('',#18557,#3959);
#2736=LINE('',#18560,#3960);
#2737=LINE('',#18562,#3961);
#2738=LINE('',#18567,#3962);
#2739=LINE('',#18568,#3963);
#2740=LINE('',#18570,#3964);
#2741=LINE('',#18573,#3965);
#2742=LINE('',#18576,#3966);
#2743=LINE('',#18579,#3967);
#2744=LINE('',#18580,#3968);
#2745=LINE('',#18583,#3969);
#2746=LINE('',#18587,#3970);
#2747=LINE('',#18590,#3971);
#2748=LINE('',#18593,#3972);
#2749=LINE('',#18594,#3973);
#2750=LINE('',#18599,#3974);
#2751=LINE('',#18603,#3975);
#2752=LINE('',#18606,#3976);
#2753=LINE('',#18608,#3977);
#2754=LINE('',#18612,#3978);
#2755=LINE('',#18614,#3979);
#2756=LINE('',#18618,#3980);
#2757=LINE('',#18622,#3981);
#2758=LINE('',#18626,#3982);
#2759=LINE('',#18630,#3983);
#2760=LINE('',#18632,#3984);
#2761=LINE('',#18636,#3985);
#2762=LINE('',#18638,#3986);
#2763=LINE('',#18642,#3987);
#2764=LINE('',#18646,#3988);
#2765=LINE('',#18650,#3989);
#2766=LINE('',#18654,#3990);
#2767=LINE('',#18656,#3991);
#2768=LINE('',#18660,#3992);
#2769=LINE('',#18662,#3993);
#2770=LINE('',#18666,#3994);
#2771=LINE('',#18670,#3995);
#2772=LINE('',#18674,#3996);
#2773=LINE('',#18678,#3997);
#2774=LINE('',#18680,#3998);
#2775=LINE('',#18684,#3999);
#2776=LINE('',#18686,#4000);
#2777=LINE('',#18690,#4001);
#2778=LINE('',#18694,#4002);
#2779=LINE('',#18698,#4003);
#2780=LINE('',#18702,#4004);
#2781=LINE('',#18706,#4005);
#2782=LINE('',#18710,#4006);
#2783=LINE('',#18712,#4007);
#2784=LINE('',#18716,#4008);
#2785=LINE('',#18718,#4009);
#2786=LINE('',#18722,#4010);
#2787=LINE('',#18726,#4011);
#2788=LINE('',#18730,#4012);
#2789=LINE('',#18734,#4013);
#2790=LINE('',#18736,#4014);
#2791=LINE('',#18740,#4015);
#2792=LINE('',#18742,#4016);
#2793=LINE('',#18746,#4017);
#2794=LINE('',#18750,#4018);
#2795=LINE('',#18754,#4019);
#2796=LINE('',#18757,#4020);
#2797=LINE('',#18759,#4021);
#2798=LINE('',#18761,#4022);
#2799=LINE('',#18765,#4023);
#2800=LINE('',#18766,#4024);
#2801=LINE('',#18768,#4025);
#2802=LINE('',#18770,#4026);
#2803=LINE('',#18774,#4027);
#2804=LINE('',#18775,#4028);
#2805=LINE('',#18780,#4029);
#2806=LINE('',#18784,#4030);
#2807=LINE('',#18788,#4031);
#2808=LINE('',#18791,#4032);
#2809=LINE('',#18796,#4033);
#2810=LINE('',#18800,#4034);
#2811=LINE('',#18804,#4035);
#2812=LINE('',#18807,#4036);
#2813=LINE('',#18812,#4037);
#2814=LINE('',#18816,#4038);
#2815=LINE('',#18820,#4039);
#2816=LINE('',#18823,#4040);
#2817=LINE('',#18828,#4041);
#2818=LINE('',#18832,#4042);
#2819=LINE('',#18836,#4043);
#2820=LINE('',#18839,#4044);
#2821=LINE('',#18844,#4045);
#2822=LINE('',#18848,#4046);
#2823=LINE('',#18852,#4047);
#2824=LINE('',#18855,#4048);
#2825=LINE('',#18860,#4049);
#2826=LINE('',#18864,#4050);
#2827=LINE('',#18868,#4051);
#2828=LINE('',#18871,#4052);
#2829=LINE('',#18876,#4053);
#2830=LINE('',#18880,#4054);
#2831=LINE('',#18884,#4055);
#2832=LINE('',#18887,#4056);
#2833=LINE('',#18892,#4057);
#2834=LINE('',#18896,#4058);
#2835=LINE('',#18900,#4059);
#2836=LINE('',#18903,#4060);
#2837=LINE('',#18908,#4061);
#2838=LINE('',#18912,#4062);
#2839=LINE('',#18916,#4063);
#2840=LINE('',#18919,#4064);
#2841=LINE('',#18924,#4065);
#2842=LINE('',#18928,#4066);
#2843=LINE('',#18932,#4067);
#2844=LINE('',#18935,#4068);
#2845=LINE('',#18940,#4069);
#2846=LINE('',#18944,#4070);
#2847=LINE('',#18948,#4071);
#2848=LINE('',#18951,#4072);
#2849=LINE('',#18956,#4073);
#2850=LINE('',#18960,#4074);
#2851=LINE('',#18964,#4075);
#2852=LINE('',#18967,#4076);
#2853=LINE('',#18972,#4077);
#2854=LINE('',#18976,#4078);
#2855=LINE('',#18980,#4079);
#2856=LINE('',#18983,#4080);
#2857=LINE('',#18988,#4081);
#2858=LINE('',#18992,#4082);
#2859=LINE('',#18996,#4083);
#2860=LINE('',#18999,#4084);
#2861=LINE('',#19004,#4085);
#2862=LINE('',#19008,#4086);
#2863=LINE('',#19012,#4087);
#2864=LINE('',#19015,#4088);
#2865=LINE('',#19020,#4089);
#2866=LINE('',#19024,#4090);
#2867=LINE('',#19028,#4091);
#2868=LINE('',#19031,#4092);
#2869=LINE('',#19036,#4093);
#2870=LINE('',#19040,#4094);
#2871=LINE('',#19044,#4095);
#2872=LINE('',#19047,#4096);
#2873=LINE('',#19052,#4097);
#2874=LINE('',#19056,#4098);
#2875=LINE('',#19060,#4099);
#2876=LINE('',#19063,#4100);
#2877=LINE('',#19068,#4101);
#2878=LINE('',#19072,#4102);
#2879=LINE('',#19076,#4103);
#2880=LINE('',#19079,#4104);
#2881=LINE('',#19084,#4105);
#2882=LINE('',#19088,#4106);
#2883=LINE('',#19092,#4107);
#2884=LINE('',#19095,#4108);
#2885=LINE('',#19100,#4109);
#2886=LINE('',#19104,#4110);
#2887=LINE('',#19108,#4111);
#2888=LINE('',#19111,#4112);
#2889=LINE('',#19116,#4113);
#2890=LINE('',#19120,#4114);
#2891=LINE('',#19124,#4115);
#2892=LINE('',#19127,#4116);
#2893=LINE('',#19132,#4117);
#2894=LINE('',#19136,#4118);
#2895=LINE('',#19140,#4119);
#2896=LINE('',#19143,#4120);
#2897=LINE('',#19148,#4121);
#2898=LINE('',#19152,#4122);
#2899=LINE('',#19156,#4123);
#2900=LINE('',#19159,#4124);
#2901=LINE('',#19164,#4125);
#2902=LINE('',#19168,#4126);
#2903=LINE('',#19172,#4127);
#2904=LINE('',#19175,#4128);
#2905=LINE('',#19180,#4129);
#2906=LINE('',#19184,#4130);
#2907=LINE('',#19188,#4131);
#2908=LINE('',#19191,#4132);
#2909=LINE('',#19196,#4133);
#2910=LINE('',#19200,#4134);
#2911=LINE('',#19204,#4135);
#2912=LINE('',#19207,#4136);
#2913=LINE('',#19212,#4137);
#2914=LINE('',#19216,#4138);
#2915=LINE('',#19220,#4139);
#2916=LINE('',#19223,#4140);
#2917=LINE('',#19228,#4141);
#2918=LINE('',#19232,#4142);
#2919=LINE('',#19236,#4143);
#2920=LINE('',#19239,#4144);
#2921=LINE('',#19244,#4145);
#2922=LINE('',#19248,#4146);
#2923=LINE('',#19252,#4147);
#2924=LINE('',#19255,#4148);
#2925=LINE('',#19260,#4149);
#2926=LINE('',#19264,#4150);
#2927=LINE('',#19268,#4151);
#2928=LINE('',#19271,#4152);
#2929=LINE('',#19276,#4153);
#2930=LINE('',#19280,#4154);
#2931=LINE('',#19284,#4155);
#2932=LINE('',#19287,#4156);
#2933=LINE('',#19292,#4157);
#2934=LINE('',#19296,#4158);
#2935=LINE('',#19300,#4159);
#2936=LINE('',#19303,#4160);
#2937=LINE('',#19308,#4161);
#2938=LINE('',#19312,#4162);
#2939=LINE('',#19316,#4163);
#2940=LINE('',#19319,#4164);
#2941=LINE('',#19324,#4165);
#2942=LINE('',#19328,#4166);
#2943=LINE('',#19332,#4167);
#2944=LINE('',#19335,#4168);
#2945=LINE('',#19340,#4169);
#2946=LINE('',#19344,#4170);
#2947=LINE('',#19348,#4171);
#2948=LINE('',#19351,#4172);
#2949=LINE('',#19356,#4173);
#2950=LINE('',#19360,#4174);
#2951=LINE('',#19364,#4175);
#2952=LINE('',#19367,#4176);
#2953=LINE('',#19372,#4177);
#2954=LINE('',#19376,#4178);
#2955=LINE('',#19380,#4179);
#2956=LINE('',#19383,#4180);
#2957=LINE('',#19388,#4181);
#2958=LINE('',#19392,#4182);
#2959=LINE('',#19396,#4183);
#2960=LINE('',#19399,#4184);
#2961=LINE('',#19404,#4185);
#2962=LINE('',#19408,#4186);
#2963=LINE('',#19412,#4187);
#2964=LINE('',#19415,#4188);
#2965=LINE('',#19420,#4189);
#2966=LINE('',#19424,#4190);
#2967=LINE('',#19428,#4191);
#2968=LINE('',#19431,#4192);
#2969=LINE('',#19436,#4193);
#2970=LINE('',#19440,#4194);
#2971=LINE('',#19444,#4195);
#2972=LINE('',#19447,#4196);
#2973=LINE('',#19452,#4197);
#2974=LINE('',#19456,#4198);
#2975=LINE('',#19460,#4199);
#2976=LINE('',#19463,#4200);
#2977=LINE('',#19468,#4201);
#2978=LINE('',#19472,#4202);
#2979=LINE('',#19476,#4203);
#2980=LINE('',#19479,#4204);
#2981=LINE('',#19484,#4205);
#2982=LINE('',#19488,#4206);
#2983=LINE('',#19492,#4207);
#2984=LINE('',#19496,#4208);
#2985=LINE('',#19500,#4209);
#2986=LINE('',#19504,#4210);
#2987=LINE('',#19508,#4211);
#2988=LINE('',#19512,#4212);
#2989=LINE('',#19516,#4213);
#2990=LINE('',#19520,#4214);
#2991=LINE('',#19524,#4215);
#2992=LINE('',#19527,#4216);
#2993=LINE('',#19532,#4217);
#2994=LINE('',#19536,#4218);
#2995=LINE('',#19540,#4219);
#2996=LINE('',#19543,#4220);
#2997=LINE('',#19548,#4221);
#2998=LINE('',#19552,#4222);
#2999=LINE('',#19556,#4223);
#3000=LINE('',#19559,#4224);
#3001=LINE('',#19564,#4225);
#3002=LINE('',#19568,#4226);
#3003=LINE('',#19572,#4227);
#3004=LINE('',#19575,#4228);
#3005=LINE('',#19580,#4229);
#3006=LINE('',#19584,#4230);
#3007=LINE('',#19588,#4231);
#3008=LINE('',#19591,#4232);
#3009=LINE('',#19596,#4233);
#3010=LINE('',#19600,#4234);
#3011=LINE('',#19604,#4235);
#3012=LINE('',#19607,#4236);
#3013=LINE('',#19612,#4237);
#3014=LINE('',#19616,#4238);
#3015=LINE('',#19620,#4239);
#3016=LINE('',#19623,#4240);
#3017=LINE('',#19628,#4241);
#3018=LINE('',#19632,#4242);
#3019=LINE('',#19636,#4243);
#3020=LINE('',#19639,#4244);
#3021=LINE('',#19644,#4245);
#3022=LINE('',#19648,#4246);
#3023=LINE('',#19652,#4247);
#3024=LINE('',#19655,#4248);
#3025=LINE('',#19660,#4249);
#3026=LINE('',#19664,#4250);
#3027=LINE('',#19668,#4251);
#3028=LINE('',#19671,#4252);
#3029=LINE('',#19676,#4253);
#3030=LINE('',#19680,#4254);
#3031=LINE('',#19684,#4255);
#3032=LINE('',#19687,#4256);
#3033=LINE('',#19692,#4257);
#3034=LINE('',#19696,#4258);
#3035=LINE('',#19700,#4259);
#3036=LINE('',#19703,#4260);
#3037=LINE('',#19705,#4261);
#3038=LINE('',#19706,#4262);
#3039=LINE('',#19708,#4263);
#3040=LINE('',#19710,#4264);
#3041=LINE('',#19711,#4265);
#3042=LINE('',#19713,#4266);
#3043=LINE('',#19715,#4267);
#3044=LINE('',#19716,#4268);
#3045=LINE('',#19718,#4269);
#3046=LINE('',#19720,#4270);
#3047=LINE('',#19721,#4271);
#3048=LINE('',#19723,#4272);
#3049=LINE('',#19725,#4273);
#3050=LINE('',#19726,#4274);
#3051=LINE('',#19728,#4275);
#3052=LINE('',#19730,#4276);
#3053=LINE('',#19731,#4277);
#3054=LINE('',#19733,#4278);
#3055=LINE('',#19735,#4279);
#3056=LINE('',#19736,#4280);
#3057=LINE('',#19738,#4281);
#3058=LINE('',#19740,#4282);
#3059=LINE('',#19741,#4283);
#3060=LINE('',#19743,#4284);
#3061=LINE('',#19745,#4285);
#3062=LINE('',#19746,#4286);
#3063=LINE('',#19748,#4287);
#3064=LINE('',#19750,#4288);
#3065=LINE('',#19751,#4289);
#3066=LINE('',#19753,#4290);
#3067=LINE('',#19755,#4291);
#3068=LINE('',#19756,#4292);
#3069=LINE('',#19758,#4293);
#3070=LINE('',#19760,#4294);
#3071=LINE('',#19762,#4295);
#3072=LINE('',#19764,#4296);
#3073=LINE('',#19765,#4297);
#3074=LINE('',#19768,#4298);
#3075=LINE('',#19769,#4299);
#3076=LINE('',#19772,#4300);
#3077=LINE('',#19773,#4301);
#3078=LINE('',#19776,#4302);
#3079=LINE('',#19777,#4303);
#3080=LINE('',#19780,#4304);
#3081=LINE('',#19781,#4305);
#3082=LINE('',#19784,#4306);
#3083=LINE('',#19785,#4307);
#3084=LINE('',#19788,#4308);
#3085=LINE('',#19789,#4309);
#3086=LINE('',#19792,#4310);
#3087=LINE('',#19793,#4311);
#3088=LINE('',#19796,#4312);
#3089=LINE('',#19797,#4313);
#3090=LINE('',#19800,#4314);
#3091=LINE('',#19801,#4315);
#3092=LINE('',#19804,#4316);
#3093=LINE('',#19805,#4317);
#3094=LINE('',#19808,#4318);
#3095=LINE('',#19809,#4319);
#3096=LINE('',#19812,#4320);
#3097=LINE('',#19814,#4321);
#3098=LINE('',#19815,#4322);
#3099=LINE('',#19818,#4323);
#3100=LINE('',#19819,#4324);
#3101=LINE('',#19822,#4325);
#3102=LINE('',#19825,#4326);
#3103=LINE('',#19827,#4327);
#3104=LINE('',#19829,#4328);
#3105=LINE('',#19831,#4329);
#3106=LINE('',#19834,#4330);
#3107=LINE('',#19836,#4331);
#3108=LINE('',#19839,#4332);
#3109=LINE('',#19841,#4333);
#3110=LINE('',#19843,#4334);
#3111=LINE('',#19845,#4335);
#3112=LINE('',#19848,#4336);
#3113=LINE('',#19850,#4337);
#3114=LINE('',#19852,#4338);
#3115=LINE('',#19854,#4339);
#3116=LINE('',#19856,#4340);
#3117=LINE('',#19858,#4341);
#3118=LINE('',#19866,#4342);
#3119=LINE('',#19870,#4343);
#3120=LINE('',#19872,#4344);
#3121=LINE('',#19873,#4345);
#3122=LINE('',#19875,#4346);
#3123=LINE('',#19877,#4347);
#3124=LINE('',#19879,#4348);
#3125=LINE('',#19881,#4349);
#3126=LINE('',#19883,#4350);
#3127=LINE('',#19885,#4351);
#3128=LINE('',#19888,#4352);
#3129=LINE('',#19889,#4353);
#3130=LINE('',#19891,#4354);
#3131=LINE('',#19893,#4355);
#3132=LINE('',#19895,#4356);
#3133=LINE('',#19897,#4357);
#3134=LINE('',#19899,#4358);
#3135=LINE('',#19901,#4359);
#3136=LINE('',#19904,#4360);
#3137=LINE('',#19905,#4361);
#3138=LINE('',#19907,#4362);
#3139=LINE('',#19909,#4363);
#3140=LINE('',#19911,#4364);
#3141=LINE('',#19913,#4365);
#3142=LINE('',#19915,#4366);
#3143=LINE('',#19917,#4367);
#3144=LINE('',#19920,#4368);
#3145=LINE('',#19921,#4369);
#3146=LINE('',#19923,#4370);
#3147=LINE('',#19925,#4371);
#3148=LINE('',#19927,#4372);
#3149=LINE('',#19929,#4373);
#3150=LINE('',#19931,#4374);
#3151=LINE('',#19933,#4375);
#3152=LINE('',#19936,#4376);
#3153=LINE('',#19937,#4377);
#3154=LINE('',#19939,#4378);
#3155=LINE('',#19941,#4379);
#3156=LINE('',#19943,#4380);
#3157=LINE('',#19945,#4381);
#3158=LINE('',#19947,#4382);
#3159=LINE('',#19949,#4383);
#3160=LINE('',#19952,#4384);
#3161=LINE('',#19953,#4385);
#3162=LINE('',#19955,#4386);
#3163=LINE('',#19957,#4387);
#3164=LINE('',#19959,#4388);
#3165=LINE('',#19961,#4389);
#3166=LINE('',#19963,#4390);
#3167=LINE('',#19965,#4391);
#3168=LINE('',#19968,#4392);
#3169=LINE('',#19969,#4393);
#3170=LINE('',#19971,#4394);
#3171=LINE('',#19973,#4395);
#3172=LINE('',#19975,#4396);
#3173=LINE('',#19977,#4397);
#3174=LINE('',#19979,#4398);
#3175=LINE('',#19981,#4399);
#3176=LINE('',#19984,#4400);
#3177=LINE('',#19985,#4401);
#3178=LINE('',#19987,#4402);
#3179=LINE('',#19989,#4403);
#3180=LINE('',#19991,#4404);
#3181=LINE('',#19993,#4405);
#3182=LINE('',#19995,#4406);
#3183=LINE('',#19997,#4407);
#3184=LINE('',#20000,#4408);
#3185=LINE('',#20001,#4409);
#3186=LINE('',#20003,#4410);
#3187=LINE('',#20005,#4411);
#3188=LINE('',#20007,#4412);
#3189=LINE('',#20009,#4413);
#3190=LINE('',#20011,#4414);
#3191=LINE('',#20013,#4415);
#3192=LINE('',#20016,#4416);
#3193=LINE('',#20017,#4417);
#3194=LINE('',#20019,#4418);
#3195=LINE('',#20021,#4419);
#3196=LINE('',#20023,#4420);
#3197=LINE('',#20025,#4421);
#3198=LINE('',#20027,#4422);
#3199=LINE('',#20029,#4423);
#3200=LINE('',#20032,#4424);
#3201=LINE('',#20033,#4425);
#3202=LINE('',#20035,#4426);
#3203=LINE('',#20037,#4427);
#3204=LINE('',#20039,#4428);
#3205=LINE('',#20041,#4429);
#3206=LINE('',#20043,#4430);
#3207=LINE('',#20045,#4431);
#3208=LINE('',#20048,#4432);
#3209=LINE('',#20049,#4433);
#3210=LINE('',#20051,#4434);
#3211=LINE('',#20053,#4435);
#3212=LINE('',#20055,#4436);
#3213=LINE('',#20057,#4437);
#3214=LINE('',#20059,#4438);
#3215=LINE('',#20061,#4439);
#3216=LINE('',#20063,#4440);
#3217=LINE('',#20065,#4441);
#3218=LINE('',#20067,#4442);
#3219=LINE('',#20069,#4443);
#3220=LINE('',#20071,#4444);
#3221=LINE('',#20073,#4445);
#3222=LINE('',#20075,#4446);
#3223=LINE('',#20077,#4447);
#3224=LINE('',#20079,#4448);
#3225=LINE('',#20081,#4449);
#3226=LINE('',#20083,#4450);
#3227=LINE('',#20085,#4451);
#3228=LINE('',#20087,#4452);
#3229=LINE('',#20089,#4453);
#3230=LINE('',#20091,#4454);
#3231=LINE('',#20093,#4455);
#3232=LINE('',#20096,#4456);
#3233=LINE('',#20097,#4457);
#3234=LINE('',#20099,#4458);
#3235=LINE('',#20101,#4459);
#3236=LINE('',#20103,#4460);
#3237=LINE('',#20105,#4461);
#3238=LINE('',#20107,#4462);
#3239=LINE('',#20109,#4463);
#3240=LINE('',#20112,#4464);
#3241=LINE('',#20113,#4465);
#3242=LINE('',#20115,#4466);
#3243=LINE('',#20117,#4467);
#3244=LINE('',#20119,#4468);
#3245=LINE('',#20121,#4469);
#3246=LINE('',#20123,#4470);
#3247=LINE('',#20125,#4471);
#3248=LINE('',#20128,#4472);
#3249=LINE('',#20129,#4473);
#3250=LINE('',#20131,#4474);
#3251=LINE('',#20133,#4475);
#3252=LINE('',#20135,#4476);
#3253=LINE('',#20137,#4477);
#3254=LINE('',#20139,#4478);
#3255=LINE('',#20141,#4479);
#3256=LINE('',#20144,#4480);
#3257=LINE('',#20145,#4481);
#3258=LINE('',#20147,#4482);
#3259=LINE('',#20149,#4483);
#3260=LINE('',#20151,#4484);
#3261=LINE('',#20153,#4485);
#3262=LINE('',#20155,#4486);
#3263=LINE('',#20157,#4487);
#3264=LINE('',#20160,#4488);
#3265=LINE('',#20161,#4489);
#3266=LINE('',#20163,#4490);
#3267=LINE('',#20165,#4491);
#3268=LINE('',#20167,#4492);
#3269=LINE('',#20169,#4493);
#3270=LINE('',#20171,#4494);
#3271=LINE('',#20173,#4495);
#3272=LINE('',#20176,#4496);
#3273=LINE('',#20177,#4497);
#3274=LINE('',#20179,#4498);
#3275=LINE('',#20181,#4499);
#3276=LINE('',#20183,#4500);
#3277=LINE('',#20185,#4501);
#3278=LINE('',#20187,#4502);
#3279=LINE('',#20189,#4503);
#3280=LINE('',#20192,#4504);
#3281=LINE('',#20193,#4505);
#3282=LINE('',#20195,#4506);
#3283=LINE('',#20197,#4507);
#3284=LINE('',#20199,#4508);
#3285=LINE('',#20201,#4509);
#3286=LINE('',#20203,#4510);
#3287=LINE('',#20205,#4511);
#3288=LINE('',#20208,#4512);
#3289=LINE('',#20209,#4513);
#3290=LINE('',#20211,#4514);
#3291=LINE('',#20213,#4515);
#3292=LINE('',#20215,#4516);
#3293=LINE('',#20217,#4517);
#3294=LINE('',#20219,#4518);
#3295=LINE('',#20221,#4519);
#3296=LINE('',#20224,#4520);
#3297=LINE('',#20225,#4521);
#3298=LINE('',#20227,#4522);
#3299=LINE('',#20229,#4523);
#3300=LINE('',#20231,#4524);
#3301=LINE('',#20233,#4525);
#3302=LINE('',#20235,#4526);
#3303=LINE('',#20237,#4527);
#3304=LINE('',#20240,#4528);
#3305=LINE('',#20241,#4529);
#3306=LINE('',#20243,#4530);
#3307=LINE('',#20245,#4531);
#3308=LINE('',#20247,#4532);
#3309=LINE('',#20249,#4533);
#3310=LINE('',#20251,#4534);
#3311=LINE('',#20253,#4535);
#3312=LINE('',#20256,#4536);
#3313=LINE('',#20257,#4537);
#3314=LINE('',#20259,#4538);
#3315=LINE('',#20261,#4539);
#3316=LINE('',#20263,#4540);
#3317=LINE('',#20265,#4541);
#3318=LINE('',#20267,#4542);
#3319=LINE('',#20269,#4543);
#3320=LINE('',#20272,#4544);
#3321=LINE('',#20273,#4545);
#3322=LINE('',#20275,#4546);
#3323=LINE('',#20277,#4547);
#3324=LINE('',#20279,#4548);
#3325=LINE('',#20281,#4549);
#3326=LINE('',#20283,#4550);
#3327=LINE('',#20285,#4551);
#3328=LINE('',#20288,#4552);
#3329=LINE('',#20289,#4553);
#3330=LINE('',#20291,#4554);
#3331=LINE('',#20293,#4555);
#3332=LINE('',#20295,#4556);
#3333=LINE('',#20297,#4557);
#3334=LINE('',#20299,#4558);
#3335=LINE('',#20301,#4559);
#3336=LINE('',#20304,#4560);
#3337=LINE('',#20305,#4561);
#3338=LINE('',#20307,#4562);
#3339=LINE('',#20309,#4563);
#3340=LINE('',#20311,#4564);
#3341=LINE('',#20313,#4565);
#3342=LINE('',#20315,#4566);
#3343=LINE('',#20317,#4567);
#3344=LINE('',#20320,#4568);
#3345=LINE('',#20321,#4569);
#3346=LINE('',#20323,#4570);
#3347=LINE('',#20325,#4571);
#3348=LINE('',#20327,#4572);
#3349=LINE('',#20329,#4573);
#3350=LINE('',#20331,#4574);
#3351=LINE('',#20333,#4575);
#3352=LINE('',#20336,#4576);
#3353=LINE('',#20337,#4577);
#3354=LINE('',#20339,#4578);
#3355=LINE('',#20341,#4579);
#3356=LINE('',#20343,#4580);
#3357=LINE('',#20345,#4581);
#3358=LINE('',#20347,#4582);
#3359=LINE('',#20349,#4583);
#3360=LINE('',#20352,#4584);
#3361=LINE('',#20353,#4585);
#3362=LINE('',#20355,#4586);
#3363=LINE('',#20357,#4587);
#3364=LINE('',#20359,#4588);
#3365=LINE('',#20361,#4589);
#3366=LINE('',#20363,#4590);
#3367=LINE('',#20365,#4591);
#3368=LINE('',#20368,#4592);
#3369=LINE('',#20369,#4593);
#3370=LINE('',#20371,#4594);
#3371=LINE('',#20373,#4595);
#3372=LINE('',#20375,#4596);
#3373=LINE('',#20377,#4597);
#3374=LINE('',#20379,#4598);
#3375=LINE('',#20381,#4599);
#3376=LINE('',#20384,#4600);
#3377=LINE('',#20385,#4601);
#3378=LINE('',#20387,#4602);
#3379=LINE('',#20389,#4603);
#3380=LINE('',#20391,#4604);
#3381=LINE('',#20393,#4605);
#3382=LINE('',#20395,#4606);
#3383=LINE('',#20397,#4607);
#3384=LINE('',#20400,#4608);
#3385=LINE('',#20401,#4609);
#3386=LINE('',#20403,#4610);
#3387=LINE('',#20405,#4611);
#3388=LINE('',#20407,#4612);
#3389=LINE('',#20409,#4613);
#3390=LINE('',#20411,#4614);
#3391=LINE('',#20413,#4615);
#3392=LINE('',#20416,#4616);
#3393=LINE('',#20417,#4617);
#3394=LINE('',#20419,#4618);
#3395=LINE('',#20421,#4619);
#3396=LINE('',#20423,#4620);
#3397=LINE('',#20425,#4621);
#3398=LINE('',#20427,#4622);
#3399=LINE('',#20429,#4623);
#3400=LINE('',#20432,#4624);
#3401=LINE('',#20433,#4625);
#3402=LINE('',#20435,#4626);
#3403=LINE('',#20437,#4627);
#3404=LINE('',#20439,#4628);
#3405=LINE('',#20441,#4629);
#3406=LINE('',#20443,#4630);
#3407=LINE('',#20445,#4631);
#3408=LINE('',#20448,#4632);
#3409=LINE('',#20449,#4633);
#3410=LINE('',#20451,#4634);
#3411=LINE('',#20453,#4635);
#3412=LINE('',#20455,#4636);
#3413=LINE('',#20457,#4637);
#3414=LINE('',#20459,#4638);
#3415=LINE('',#20461,#4639);
#3416=LINE('',#20464,#4640);
#3417=LINE('',#20465,#4641);
#3418=LINE('',#20467,#4642);
#3419=LINE('',#20469,#4643);
#3420=LINE('',#20471,#4644);
#3421=LINE('',#20473,#4645);
#3422=LINE('',#20475,#4646);
#3423=LINE('',#20477,#4647);
#3424=LINE('',#20480,#4648);
#3425=LINE('',#20481,#4649);
#3426=LINE('',#20483,#4650);
#3427=LINE('',#20485,#4651);
#3428=LINE('',#20487,#4652);
#3429=LINE('',#20489,#4653);
#3430=LINE('',#20491,#4654);
#3431=LINE('',#20493,#4655);
#3432=LINE('',#20496,#4656);
#3433=LINE('',#20497,#4657);
#3434=LINE('',#20499,#4658);
#3435=LINE('',#20501,#4659);
#3436=LINE('',#20503,#4660);
#3437=LINE('',#20505,#4661);
#3438=LINE('',#20507,#4662);
#3439=LINE('',#20509,#4663);
#3440=LINE('',#20512,#4664);
#3441=LINE('',#20513,#4665);
#3442=LINE('',#20515,#4666);
#3443=LINE('',#20517,#4667);
#3444=LINE('',#20519,#4668);
#3445=LINE('',#20521,#4669);
#3446=LINE('',#20523,#4670);
#3447=LINE('',#20525,#4671);
#3448=LINE('',#20528,#4672);
#3449=LINE('',#20529,#4673);
#3450=LINE('',#20531,#4674);
#3451=LINE('',#20533,#4675);
#3452=LINE('',#20535,#4676);
#3453=LINE('',#20537,#4677);
#3454=LINE('',#20539,#4678);
#3455=LINE('',#20541,#4679);
#3456=LINE('',#20544,#4680);
#3457=LINE('',#20545,#4681);
#3458=LINE('',#20547,#4682);
#3459=LINE('',#20549,#4683);
#3460=LINE('',#20551,#4684);
#3461=LINE('',#20553,#4685);
#3462=LINE('',#20555,#4686);
#3463=LINE('',#20557,#4687);
#3464=LINE('',#20560,#4688);
#3465=LINE('',#20561,#4689);
#3466=LINE('',#20563,#4690);
#3467=LINE('',#20565,#4691);
#3468=LINE('',#20567,#4692);
#3469=LINE('',#20569,#4693);
#3470=LINE('',#20571,#4694);
#3471=LINE('',#20573,#4695);
#3472=LINE('',#20576,#4696);
#3473=LINE('',#20577,#4697);
#3474=LINE('',#20579,#4698);
#3475=LINE('',#20581,#4699);
#3476=LINE('',#20583,#4700);
#3477=LINE('',#20585,#4701);
#3478=LINE('',#20587,#4702);
#3479=LINE('',#20589,#4703);
#3480=LINE('',#20592,#4704);
#3481=LINE('',#20593,#4705);
#3482=LINE('',#20595,#4706);
#3483=LINE('',#20597,#4707);
#3484=LINE('',#20599,#4708);
#3485=LINE('',#20601,#4709);
#3486=LINE('',#20603,#4710);
#3487=LINE('',#20605,#4711);
#3488=LINE('',#20608,#4712);
#3489=LINE('',#20609,#4713);
#3490=LINE('',#20611,#4714);
#3491=LINE('',#20613,#4715);
#3492=LINE('',#20615,#4716);
#3493=LINE('',#20617,#4717);
#3494=LINE('',#20619,#4718);
#3495=LINE('',#20621,#4719);
#3496=LINE('',#20624,#4720);
#3497=LINE('',#20625,#4721);
#3498=LINE('',#20627,#4722);
#3499=LINE('',#20629,#4723);
#3500=LINE('',#20631,#4724);
#3501=LINE('',#20633,#4725);
#3502=LINE('',#20635,#4726);
#3503=LINE('',#20637,#4727);
#3504=LINE('',#20640,#4728);
#3505=LINE('',#20641,#4729);
#3506=LINE('',#20643,#4730);
#3507=LINE('',#20645,#4731);
#3508=LINE('',#20647,#4732);
#3509=LINE('',#20649,#4733);
#3510=LINE('',#20651,#4734);
#3511=LINE('',#20653,#4735);
#3512=LINE('',#20656,#4736);
#3513=LINE('',#20657,#4737);
#3514=LINE('',#20659,#4738);
#3515=LINE('',#20661,#4739);
#3516=LINE('',#20663,#4740);
#3517=LINE('',#20665,#4741);
#3518=LINE('',#20667,#4742);
#3519=LINE('',#20669,#4743);
#3520=LINE('',#20672,#4744);
#3521=LINE('',#20673,#4745);
#3522=LINE('',#20675,#4746);
#3523=LINE('',#20677,#4747);
#3524=LINE('',#20679,#4748);
#3525=LINE('',#20681,#4749);
#3526=LINE('',#20683,#4750);
#3527=LINE('',#20685,#4751);
#3528=LINE('',#20688,#4752);
#3529=LINE('',#20689,#4753);
#3530=LINE('',#20691,#4754);
#3531=LINE('',#20693,#4755);
#3532=LINE('',#20695,#4756);
#3533=LINE('',#20697,#4757);
#3534=LINE('',#20699,#4758);
#3535=LINE('',#20701,#4759);
#3536=LINE('',#20704,#4760);
#3537=LINE('',#20705,#4761);
#3538=LINE('',#20707,#4762);
#3539=LINE('',#20709,#4763);
#3540=LINE('',#20711,#4764);
#3541=LINE('',#20713,#4765);
#3542=LINE('',#20715,#4766);
#3543=LINE('',#20717,#4767);
#3544=LINE('',#20720,#4768);
#3545=LINE('',#20721,#4769);
#3546=LINE('',#20723,#4770);
#3547=LINE('',#20725,#4771);
#3548=LINE('',#20727,#4772);
#3549=LINE('',#20729,#4773);
#3550=LINE('',#20731,#4774);
#3551=LINE('',#20733,#4775);
#3552=LINE('',#20736,#4776);
#3553=LINE('',#20737,#4777);
#3554=LINE('',#20739,#4778);
#3555=LINE('',#20741,#4779);
#3556=LINE('',#20743,#4780);
#3557=LINE('',#20745,#4781);
#3558=LINE('',#20747,#4782);
#3559=LINE('',#20749,#4783);
#3560=LINE('',#20752,#4784);
#3561=LINE('',#20753,#4785);
#3562=LINE('',#20755,#4786);
#3563=LINE('',#20757,#4787);
#3564=LINE('',#20759,#4788);
#3565=LINE('',#20761,#4789);
#3566=LINE('',#20763,#4790);
#3567=LINE('',#20765,#4791);
#3568=LINE('',#20768,#4792);
#3569=LINE('',#20769,#4793);
#3570=LINE('',#20771,#4794);
#3571=LINE('',#20773,#4795);
#3572=LINE('',#20775,#4796);
#3573=LINE('',#20777,#4797);
#3574=LINE('',#20779,#4798);
#3575=LINE('',#20781,#4799);
#3576=LINE('',#20784,#4800);
#3577=LINE('',#20785,#4801);
#3578=LINE('',#20787,#4802);
#3579=LINE('',#20789,#4803);
#3580=LINE('',#20791,#4804);
#3581=LINE('',#20793,#4805);
#3582=LINE('',#20795,#4806);
#3583=LINE('',#20797,#4807);
#3584=LINE('',#20800,#4808);
#3585=LINE('',#20803,#4809);
#3586=LINE('',#20805,#4810);
#3587=LINE('',#20808,#4811);
#3588=LINE('',#20810,#4812);
#3589=VECTOR('',#13575,10.);
#3590=VECTOR('',#13576,10.);
#3591=VECTOR('',#13577,10.);
#3592=VECTOR('',#13578,10.);
#3593=VECTOR('',#13585,10.);
#3594=VECTOR('',#13588,10.);
#3595=VECTOR('',#13589,10.);
#3596=VECTOR('',#13590,10.);
#3597=VECTOR('',#13599,10.);
#3598=VECTOR('',#13600,10.);
#3599=VECTOR('',#13601,10.);
#3600=VECTOR('',#13602,10.);
#3601=VECTOR('',#13609,10.);
#3602=VECTOR('',#13612,10.);
#3603=VECTOR('',#13613,10.);
#3604=VECTOR('',#13614,10.);
#3605=VECTOR('',#13623,10.);
#3606=VECTOR('',#13624,10.);
#3607=VECTOR('',#13625,10.);
#3608=VECTOR('',#13626,10.);
#3609=VECTOR('',#13633,10.);
#3610=VECTOR('',#13636,10.);
#3611=VECTOR('',#13637,10.);
#3612=VECTOR('',#13638,10.);
#3613=VECTOR('',#13647,10.);
#3614=VECTOR('',#13648,10.);
#3615=VECTOR('',#13649,10.);
#3616=VECTOR('',#13650,10.);
#3617=VECTOR('',#13657,10.);
#3618=VECTOR('',#13660,10.);
#3619=VECTOR('',#13661,10.);
#3620=VECTOR('',#13662,10.);
#3621=VECTOR('',#13671,9.99999999999999);
#3622=VECTOR('',#13672,10.);
#3623=VECTOR('',#13673,9.99999999999999);
#3624=VECTOR('',#13674,10.);
#3625=VECTOR('',#13681,10.);
#3626=VECTOR('',#13684,10.);
#3627=VECTOR('',#13685,10.);
#3628=VECTOR('',#13686,10.);
#3629=VECTOR('',#13695,10.);
#3630=VECTOR('',#13696,10.);
#3631=VECTOR('',#13697,10.);
#3632=VECTOR('',#13698,10.);
#3633=VECTOR('',#13705,10.);
#3634=VECTOR('',#13708,10.);
#3635=VECTOR('',#13709,10.);
#3636=VECTOR('',#13710,10.);
#3637=VECTOR('',#13721,10.);
#3638=VECTOR('',#13724,10.);
#3639=VECTOR('',#13727,10.);
#3640=VECTOR('',#13728,10.);
#3641=VECTOR('',#13729,10.);
#3642=VECTOR('',#13736,10.);
#3643=VECTOR('',#13739,10.);
#3644=VECTOR('',#13740,10.);
#3645=VECTOR('',#13745,10.);
#3646=VECTOR('',#13748,10.);
#3647=VECTOR('',#13751,10.);
#3648=VECTOR('',#13752,10.);
#3649=VECTOR('',#13753,10.);
#3650=VECTOR('',#13760,10.);
#3651=VECTOR('',#13763,10.);
#3652=VECTOR('',#13764,10.);
#3653=VECTOR('',#13769,10.);
#3654=VECTOR('',#13772,10.);
#3655=VECTOR('',#13775,10.);
#3656=VECTOR('',#13776,10.);
#3657=VECTOR('',#13777,10.);
#3658=VECTOR('',#13782,10.);
#3659=VECTOR('',#13785,10.);
#3660=VECTOR('',#13788,10.);
#3661=VECTOR('',#13789,10.);
#3662=VECTOR('',#13792,10.);
#3663=VECTOR('',#13793,10.);
#3664=VECTOR('',#13796,10.);
#3665=VECTOR('',#13797,10.);
#3666=VECTOR('',#13800,10.);
#3667=VECTOR('',#13803,10.);
#3668=VECTOR('',#13806,10.);
#3669=VECTOR('',#13809,10.);
#3670=VECTOR('',#13810,10.);
#3671=VECTOR('',#13813,10.);
#3672=VECTOR('',#13814,10.);
#3673=VECTOR('',#13817,10.);
#3674=VECTOR('',#13820,10.);
#3675=VECTOR('',#13823,10.);
#3676=VECTOR('',#13826,10.);
#3677=VECTOR('',#13829,10.);
#3678=VECTOR('',#13832,10.);
#3679=VECTOR('',#13833,10.);
#3680=VECTOR('',#13836,10.);
#3681=VECTOR('',#13837,10.);
#3682=VECTOR('',#13840,10.);
#3683=VECTOR('',#13843,10.);
#3684=VECTOR('',#13846,10.);
#3685=VECTOR('',#13849,10.);
#3686=VECTOR('',#13850,10.);
#3687=VECTOR('',#13853,10.);
#3688=VECTOR('',#13854,10.);
#3689=VECTOR('',#13857,10.);
#3690=VECTOR('',#13860,10.);
#3691=VECTOR('',#13863,10.);
#3692=VECTOR('',#13866,10.);
#3693=VECTOR('',#13869,10.);
#3694=VECTOR('',#13872,10.);
#3695=VECTOR('',#13873,10.);
#3696=VECTOR('',#13876,10.);
#3697=VECTOR('',#13877,10.);
#3698=VECTOR('',#13880,10.);
#3699=VECTOR('',#13883,10.);
#3700=VECTOR('',#13886,10.);
#3701=VECTOR('',#13889,10.);
#3702=VECTOR('',#13890,10.);
#3703=VECTOR('',#13893,10.);
#3704=VECTOR('',#13894,10.);
#3705=VECTOR('',#13897,10.);
#3706=VECTOR('',#13900,10.);
#3707=VECTOR('',#13903,10.);
#3708=VECTOR('',#13906,10.);
#3709=VECTOR('',#13907,10.);
#3710=VECTOR('',#13910,10.);
#3711=VECTOR('',#13911,10.);
#3712=VECTOR('',#13914,10.);
#3713=VECTOR('',#13917,10.);
#3714=VECTOR('',#13920,10.);
#3715=VECTOR('',#13923,10.);
#3716=VECTOR('',#13924,10.);
#3717=VECTOR('',#13927,10.);
#3718=VECTOR('',#13928,10.);
#3719=VECTOR('',#13931,10.);
#3720=VECTOR('',#13934,10.);
#3721=VECTOR('',#13937,10.);
#3722=VECTOR('',#13942,10.);
#3723=VECTOR('',#13945,10.);
#3724=VECTOR('',#13948,10.);
#3725=VECTOR('',#13951,10.);
#3726=VECTOR('',#13954,10.);
#3727=VECTOR('',#13957,10.);
#3728=VECTOR('',#13960,10.);
#3729=VECTOR('',#13963,10.);
#3730=VECTOR('',#13966,10.);
#3731=VECTOR('',#13969,10.);
#3732=VECTOR('',#13972,10.);
#3733=VECTOR('',#13975,10.);
#3734=VECTOR('',#13978,10.);
#3735=VECTOR('',#13981,10.);
#3736=VECTOR('',#13984,10.);
#3737=VECTOR('',#13987,10.);
#3738=VECTOR('',#13990,10.);
#3739=VECTOR('',#13993,10.);
#3740=VECTOR('',#13996,10.);
#3741=VECTOR('',#13999,10.);
#3742=VECTOR('',#14002,10.);
#3743=VECTOR('',#14005,10.);
#3744=VECTOR('',#14008,10.);
#3745=VECTOR('',#14011,10.);
#3746=VECTOR('',#14014,10.);
#3747=VECTOR('',#14017,10.);
#3748=VECTOR('',#14020,10.);
#3749=VECTOR('',#14023,10.);
#3750=VECTOR('',#14026,10.);
#3751=VECTOR('',#14029,10.);
#3752=VECTOR('',#14032,10.);
#3753=VECTOR('',#14035,10.);
#3754=VECTOR('',#14038,10.);
#3755=VECTOR('',#14041,10.);
#3756=VECTOR('',#14044,10.);
#3757=VECTOR('',#14047,10.);
#3758=VECTOR('',#14050,10.);
#3759=VECTOR('',#14053,10.);
#3760=VECTOR('',#14056,10.);
#3761=VECTOR('',#14059,10.);
#3762=VECTOR('',#14062,10.);
#3763=VECTOR('',#14065,10.);
#3764=VECTOR('',#14068,10.);
#3765=VECTOR('',#14071,10.);
#3766=VECTOR('',#14074,10.);
#3767=VECTOR('',#14077,10.);
#3768=VECTOR('',#14080,10.);
#3769=VECTOR('',#14083,10.);
#3770=VECTOR('',#14086,10.);
#3771=VECTOR('',#14089,10.);
#3772=VECTOR('',#14092,10.);
#3773=VECTOR('',#14095,10.);
#3774=VECTOR('',#14098,10.);
#3775=VECTOR('',#14101,10.);
#3776=VECTOR('',#14104,10.);
#3777=VECTOR('',#14107,10.);
#3778=VECTOR('',#14110,10.);
#3779=VECTOR('',#14113,10.);
#3780=VECTOR('',#14116,10.);
#3781=VECTOR('',#14119,10.);
#3782=VECTOR('',#14122,10.);
#3783=VECTOR('',#14125,10.);
#3784=VECTOR('',#14128,10.);
#3785=VECTOR('',#14131,10.);
#3786=VECTOR('',#14134,10.);
#3787=VECTOR('',#14137,10.);
#3788=VECTOR('',#14140,10.);
#3789=VECTOR('',#14143,10.);
#3790=VECTOR('',#14146,10.);
#3791=VECTOR('',#14149,10.);
#3792=VECTOR('',#14152,10.);
#3793=VECTOR('',#14155,10.);
#3794=VECTOR('',#14158,10.);
#3795=VECTOR('',#14161,10.);
#3796=VECTOR('',#14164,10.);
#3797=VECTOR('',#14167,10.);
#3798=VECTOR('',#14170,10.);
#3799=VECTOR('',#14173,10.);
#3800=VECTOR('',#14176,10.);
#3801=VECTOR('',#14179,10.);
#3802=VECTOR('',#14182,10.);
#3803=VECTOR('',#14185,10.);
#3804=VECTOR('',#14188,10.);
#3805=VECTOR('',#14191,10.);
#3806=VECTOR('',#14194,10.);
#3807=VECTOR('',#14197,10.);
#3808=VECTOR('',#14200,10.);
#3809=VECTOR('',#14203,10.);
#3810=VECTOR('',#14206,10.);
#3811=VECTOR('',#14209,10.);
#3812=VECTOR('',#14212,10.);
#3813=VECTOR('',#14215,10.);
#3814=VECTOR('',#14218,10.);
#3815=VECTOR('',#14221,10.);
#3816=VECTOR('',#14224,10.);
#3817=VECTOR('',#14227,10.);
#3818=VECTOR('',#14230,10.);
#3819=VECTOR('',#14233,10.);
#3820=VECTOR('',#14236,10.);
#3821=VECTOR('',#14239,10.);
#3822=VECTOR('',#14242,10.);
#3823=VECTOR('',#14245,10.);
#3824=VECTOR('',#14248,10.);
#3825=VECTOR('',#14251,10.);
#3826=VECTOR('',#14254,10.);
#3827=VECTOR('',#14257,10.);
#3828=VECTOR('',#14260,10.);
#3829=VECTOR('',#14263,10.);
#3830=VECTOR('',#14266,10.);
#3831=VECTOR('',#14269,10.);
#3832=VECTOR('',#14272,10.);
#3833=VECTOR('',#14275,10.);
#3834=VECTOR('',#14278,10.);
#3835=VECTOR('',#14281,10.);
#3836=VECTOR('',#14284,10.);
#3837=VECTOR('',#14287,10.);
#3838=VECTOR('',#14290,10.);
#3839=VECTOR('',#14293,10.);
#3840=VECTOR('',#14296,10.);
#3841=VECTOR('',#14299,10.);
#3842=VECTOR('',#14302,10.);
#3843=VECTOR('',#14305,10.);
#3844=VECTOR('',#14308,10.);
#3845=VECTOR('',#14311,10.);
#3846=VECTOR('',#14314,10.);
#3847=VECTOR('',#14317,10.);
#3848=VECTOR('',#14320,10.);
#3849=VECTOR('',#14323,10.);
#3850=VECTOR('',#14326,10.);
#3851=VECTOR('',#14329,10.);
#3852=VECTOR('',#14332,10.);
#3853=VECTOR('',#14335,10.);
#3854=VECTOR('',#14338,10.);
#3855=VECTOR('',#14341,10.);
#3856=VECTOR('',#14344,10.);
#3857=VECTOR('',#14347,10.);
#3858=VECTOR('',#14350,10.);
#3859=VECTOR('',#14353,10.);
#3860=VECTOR('',#14356,10.);
#3861=VECTOR('',#14359,10.);
#3862=VECTOR('',#14362,10.);
#3863=VECTOR('',#14365,10.);
#3864=VECTOR('',#14368,10.);
#3865=VECTOR('',#14371,10.);
#3866=VECTOR('',#14374,10.);
#3867=VECTOR('',#14377,10.);
#3868=VECTOR('',#14380,10.);
#3869=VECTOR('',#14383,10.);
#3870=VECTOR('',#14386,10.);
#3871=VECTOR('',#14389,10.);
#3872=VECTOR('',#14392,10.);
#3873=VECTOR('',#14395,10.);
#3874=VECTOR('',#14398,10.);
#3875=VECTOR('',#14401,10.);
#3876=VECTOR('',#14404,10.);
#3877=VECTOR('',#14407,10.);
#3878=VECTOR('',#14410,10.);
#3879=VECTOR('',#14413,10.);
#3880=VECTOR('',#14416,10.);
#3881=VECTOR('',#14419,10.);
#3882=VECTOR('',#14422,10.);
#3883=VECTOR('',#14425,10.);
#3884=VECTOR('',#14428,10.);
#3885=VECTOR('',#14431,10.);
#3886=VECTOR('',#14434,10.);
#3887=VECTOR('',#14437,10.);
#3888=VECTOR('',#14440,10.);
#3889=VECTOR('',#14443,10.);
#3890=VECTOR('',#14446,10.);
#3891=VECTOR('',#14449,10.);
#3892=VECTOR('',#14452,10.);
#3893=VECTOR('',#14455,10.);
#3894=VECTOR('',#14458,10.);
#3895=VECTOR('',#14461,10.);
#3896=VECTOR('',#14464,10.);
#3897=VECTOR('',#14467,10.);
#3898=VECTOR('',#14470,10.);
#3899=VECTOR('',#14473,10.);
#3900=VECTOR('',#14476,10.);
#3901=VECTOR('',#14479,10.);
#3902=VECTOR('',#14482,10.);
#3903=VECTOR('',#14485,10.);
#3904=VECTOR('',#14488,10.);
#3905=VECTOR('',#14491,10.);
#3906=VECTOR('',#14494,10.);
#3907=VECTOR('',#14497,10.);
#3908=VECTOR('',#14500,10.);
#3909=VECTOR('',#14503,10.);
#3910=VECTOR('',#14506,10.);
#3911=VECTOR('',#14509,10.);
#3912=VECTOR('',#14512,10.);
#3913=VECTOR('',#14515,10.);
#3914=VECTOR('',#14518,10.);
#3915=VECTOR('',#14521,10.);
#3916=VECTOR('',#14524,10.);
#3917=VECTOR('',#14527,10.);
#3918=VECTOR('',#14530,10.);
#3919=VECTOR('',#14533,10.);
#3920=VECTOR('',#14536,10.);
#3921=VECTOR('',#14539,10.);
#3922=VECTOR('',#14542,10.);
#3923=VECTOR('',#14545,10.);
#3924=VECTOR('',#14548,10.);
#3925=VECTOR('',#14551,10.);
#3926=VECTOR('',#14554,10.);
#3927=VECTOR('',#14557,10.);
#3928=VECTOR('',#14560,10.);
#3929=VECTOR('',#14563,10.);
#3930=VECTOR('',#14566,10.);
#3931=VECTOR('',#14569,10.);
#3932=VECTOR('',#14572,10.);
#3933=VECTOR('',#14575,10.);
#3934=VECTOR('',#14578,10.);
#3935=VECTOR('',#14581,10.);
#3936=VECTOR('',#14584,10.);
#3937=VECTOR('',#14587,10.);
#3938=VECTOR('',#14590,10.);
#3939=VECTOR('',#14593,10.);
#3940=VECTOR('',#14596,10.);
#3941=VECTOR('',#14599,10.);
#3942=VECTOR('',#14602,10.);
#3943=VECTOR('',#14605,10.);
#3944=VECTOR('',#14608,10.);
#3945=VECTOR('',#14611,10.);
#3946=VECTOR('',#14614,10.);
#3947=VECTOR('',#14617,10.);
#3948=VECTOR('',#14620,10.);
#3949=VECTOR('',#14623,10.);
#3950=VECTOR('',#14626,10.);
#3951=VECTOR('',#14629,10.);
#3952=VECTOR('',#14632,10.);
#3953=VECTOR('',#14635,10.);
#3954=VECTOR('',#14638,10.);
#3955=VECTOR('',#14641,10.);
#3956=VECTOR('',#14644,10.);
#3957=VECTOR('',#14645,10.);
#3958=VECTOR('',#14648,10.);
#3959=VECTOR('',#14653,10.);
#3960=VECTOR('',#14656,10.);
#3961=VECTOR('',#14659,10.);
#3962=VECTOR('',#14664,10.);
#3963=VECTOR('',#14665,10.);
#3964=VECTOR('',#14668,10.);
#3965=VECTOR('',#14671,10.);
#3966=VECTOR('',#14674,10.);
#3967=VECTOR('',#14677,10.);
#3968=VECTOR('',#14678,10.);
#3969=VECTOR('',#14681,10.);
#3970=VECTOR('',#14686,10.);
#3971=VECTOR('',#14689,10.);
#3972=VECTOR('',#14692,10.);
#3973=VECTOR('',#14693,10.);
#3974=VECTOR('',#14698,10.);
#3975=VECTOR('',#14701,10.);
#3976=VECTOR('',#14704,10.);
#3977=VECTOR('',#14705,10.);
#3978=VECTOR('',#14708,10.);
#3979=VECTOR('',#14709,10.);
#3980=VECTOR('',#14712,10.);
#3981=VECTOR('',#14715,10.);
#3982=VECTOR('',#14718,10.);
#3983=VECTOR('',#14721,10.);
#3984=VECTOR('',#14722,10.);
#3985=VECTOR('',#14725,10.);
#3986=VECTOR('',#14726,10.);
#3987=VECTOR('',#14729,10.);
#3988=VECTOR('',#14732,10.);
#3989=VECTOR('',#14735,10.);
#3990=VECTOR('',#14738,10.);
#3991=VECTOR('',#14739,10.);
#3992=VECTOR('',#14742,10.);
#3993=VECTOR('',#14743,10.);
#3994=VECTOR('',#14746,10.);
#3995=VECTOR('',#14749,10.);
#3996=VECTOR('',#14752,10.);
#3997=VECTOR('',#14755,10.);
#3998=VECTOR('',#14756,10.);
#3999=VECTOR('',#14759,10.);
#4000=VECTOR('',#14760,10.);
#4001=VECTOR('',#14763,10.);
#4002=VECTOR('',#14766,10.);
#4003=VECTOR('',#14769,10.);
#4004=VECTOR('',#14772,10.);
#4005=VECTOR('',#14775,10.);
#4006=VECTOR('',#14778,10.);
#4007=VECTOR('',#14779,10.);
#4008=VECTOR('',#14782,10.);
#4009=VECTOR('',#14783,10.);
#4010=VECTOR('',#14786,10.);
#4011=VECTOR('',#14789,10.);
#4012=VECTOR('',#14792,10.);
#4013=VECTOR('',#14795,10.);
#4014=VECTOR('',#14796,10.);
#4015=VECTOR('',#14799,10.);
#4016=VECTOR('',#14800,10.);
#4017=VECTOR('',#14803,10.);
#4018=VECTOR('',#14806,10.);
#4019=VECTOR('',#14809,10.);
#4020=VECTOR('',#14812,10.);
#4021=VECTOR('',#14813,10.);
#4022=VECTOR('',#14814,10.);
#4023=VECTOR('',#14817,10.);
#4024=VECTOR('',#14818,10.);
#4025=VECTOR('',#14819,10.);
#4026=VECTOR('',#14820,10.);
#4027=VECTOR('',#14823,10.);
#4028=VECTOR('',#14824,10.);
#4029=VECTOR('',#14827,10.);
#4030=VECTOR('',#14830,10.);
#4031=VECTOR('',#14833,10.);
#4032=VECTOR('',#14836,10.);
#4033=VECTOR('',#14839,10.);
#4034=VECTOR('',#14842,10.);
#4035=VECTOR('',#14845,10.);
#4036=VECTOR('',#14848,10.);
#4037=VECTOR('',#14851,10.);
#4038=VECTOR('',#14854,10.);
#4039=VECTOR('',#14857,10.);
#4040=VECTOR('',#14860,10.);
#4041=VECTOR('',#14863,10.);
#4042=VECTOR('',#14866,10.);
#4043=VECTOR('',#14869,10.);
#4044=VECTOR('',#14872,10.);
#4045=VECTOR('',#14875,10.);
#4046=VECTOR('',#14878,10.);
#4047=VECTOR('',#14881,10.);
#4048=VECTOR('',#14884,10.);
#4049=VECTOR('',#14887,10.);
#4050=VECTOR('',#14890,10.);
#4051=VECTOR('',#14893,10.);
#4052=VECTOR('',#14896,10.);
#4053=VECTOR('',#14899,10.);
#4054=VECTOR('',#14902,10.);
#4055=VECTOR('',#14905,10.);
#4056=VECTOR('',#14908,10.);
#4057=VECTOR('',#14911,10.);
#4058=VECTOR('',#14914,10.);
#4059=VECTOR('',#14917,10.);
#4060=VECTOR('',#14920,10.);
#4061=VECTOR('',#14923,10.);
#4062=VECTOR('',#14926,10.);
#4063=VECTOR('',#14929,10.);
#4064=VECTOR('',#14932,10.);
#4065=VECTOR('',#14935,10.);
#4066=VECTOR('',#14938,10.);
#4067=VECTOR('',#14941,10.);
#4068=VECTOR('',#14944,10.);
#4069=VECTOR('',#14947,10.);
#4070=VECTOR('',#14950,10.);
#4071=VECTOR('',#14953,10.);
#4072=VECTOR('',#14956,10.);
#4073=VECTOR('',#14959,10.);
#4074=VECTOR('',#14962,10.);
#4075=VECTOR('',#14965,10.);
#4076=VECTOR('',#14968,10.);
#4077=VECTOR('',#14971,10.);
#4078=VECTOR('',#14974,10.);
#4079=VECTOR('',#14977,10.);
#4080=VECTOR('',#14980,10.);
#4081=VECTOR('',#14983,10.);
#4082=VECTOR('',#14986,10.);
#4083=VECTOR('',#14989,10.);
#4084=VECTOR('',#14992,10.);
#4085=VECTOR('',#14995,10.);
#4086=VECTOR('',#14998,10.);
#4087=VECTOR('',#15001,10.);
#4088=VECTOR('',#15004,10.);
#4089=VECTOR('',#15007,10.);
#4090=VECTOR('',#15010,10.);
#4091=VECTOR('',#15013,10.);
#4092=VECTOR('',#15016,10.);
#4093=VECTOR('',#15019,10.);
#4094=VECTOR('',#15022,10.);
#4095=VECTOR('',#15025,10.);
#4096=VECTOR('',#15028,10.);
#4097=VECTOR('',#15031,10.);
#4098=VECTOR('',#15034,10.);
#4099=VECTOR('',#15037,10.);
#4100=VECTOR('',#15040,10.);
#4101=VECTOR('',#15043,10.);
#4102=VECTOR('',#15046,10.);
#4103=VECTOR('',#15049,10.);
#4104=VECTOR('',#15052,10.);
#4105=VECTOR('',#15055,10.);
#4106=VECTOR('',#15058,10.);
#4107=VECTOR('',#15061,10.);
#4108=VECTOR('',#15064,10.);
#4109=VECTOR('',#15067,10.);
#4110=VECTOR('',#15070,10.);
#4111=VECTOR('',#15073,10.);
#4112=VECTOR('',#15076,10.);
#4113=VECTOR('',#15079,10.);
#4114=VECTOR('',#15082,10.);
#4115=VECTOR('',#15085,10.);
#4116=VECTOR('',#15088,10.);
#4117=VECTOR('',#15091,10.);
#4118=VECTOR('',#15094,10.);
#4119=VECTOR('',#15097,10.);
#4120=VECTOR('',#15100,10.);
#4121=VECTOR('',#15103,10.);
#4122=VECTOR('',#15106,10.);
#4123=VECTOR('',#15109,10.);
#4124=VECTOR('',#15112,10.);
#4125=VECTOR('',#15115,10.);
#4126=VECTOR('',#15118,10.);
#4127=VECTOR('',#15121,10.);
#4128=VECTOR('',#15124,10.);
#4129=VECTOR('',#15127,10.);
#4130=VECTOR('',#15130,10.);
#4131=VECTOR('',#15133,10.);
#4132=VECTOR('',#15136,10.);
#4133=VECTOR('',#15139,10.);
#4134=VECTOR('',#15142,10.);
#4135=VECTOR('',#15145,10.);
#4136=VECTOR('',#15148,10.);
#4137=VECTOR('',#15151,10.);
#4138=VECTOR('',#15154,10.);
#4139=VECTOR('',#15157,10.);
#4140=VECTOR('',#15160,10.);
#4141=VECTOR('',#15163,10.);
#4142=VECTOR('',#15166,10.);
#4143=VECTOR('',#15169,10.);
#4144=VECTOR('',#15172,10.);
#4145=VECTOR('',#15175,10.);
#4146=VECTOR('',#15178,10.);
#4147=VECTOR('',#15181,10.);
#4148=VECTOR('',#15184,10.);
#4149=VECTOR('',#15187,10.);
#4150=VECTOR('',#15190,10.);
#4151=VECTOR('',#15193,10.);
#4152=VECTOR('',#15196,10.);
#4153=VECTOR('',#15199,10.);
#4154=VECTOR('',#15202,10.);
#4155=VECTOR('',#15205,10.);
#4156=VECTOR('',#15208,10.);
#4157=VECTOR('',#15211,10.);
#4158=VECTOR('',#15214,10.);
#4159=VECTOR('',#15217,10.);
#4160=VECTOR('',#15220,10.);
#4161=VECTOR('',#15223,10.);
#4162=VECTOR('',#15226,10.);
#4163=VECTOR('',#15229,10.);
#4164=VECTOR('',#15232,10.);
#4165=VECTOR('',#15235,10.);
#4166=VECTOR('',#15238,10.);
#4167=VECTOR('',#15241,10.);
#4168=VECTOR('',#15244,10.);
#4169=VECTOR('',#15247,10.);
#4170=VECTOR('',#15250,10.);
#4171=VECTOR('',#15253,10.);
#4172=VECTOR('',#15256,10.);
#4173=VECTOR('',#15259,10.);
#4174=VECTOR('',#15262,10.);
#4175=VECTOR('',#15265,10.);
#4176=VECTOR('',#15268,10.);
#4177=VECTOR('',#15271,10.);
#4178=VECTOR('',#15274,10.);
#4179=VECTOR('',#15277,10.);
#4180=VECTOR('',#15280,10.);
#4181=VECTOR('',#15283,10.);
#4182=VECTOR('',#15286,10.);
#4183=VECTOR('',#15289,10.);
#4184=VECTOR('',#15292,10.);
#4185=VECTOR('',#15295,10.);
#4186=VECTOR('',#15298,10.);
#4187=VECTOR('',#15301,10.);
#4188=VECTOR('',#15304,10.);
#4189=VECTOR('',#15307,10.);
#4190=VECTOR('',#15310,10.);
#4191=VECTOR('',#15313,10.);
#4192=VECTOR('',#15316,10.);
#4193=VECTOR('',#15319,10.);
#4194=VECTOR('',#15322,10.);
#4195=VECTOR('',#15325,10.);
#4196=VECTOR('',#15328,10.);
#4197=VECTOR('',#15331,10.);
#4198=VECTOR('',#15334,10.);
#4199=VECTOR('',#15337,10.);
#4200=VECTOR('',#15340,10.);
#4201=VECTOR('',#15343,10.);
#4202=VECTOR('',#15346,10.);
#4203=VECTOR('',#15349,10.);
#4204=VECTOR('',#15352,10.);
#4205=VECTOR('',#15355,10.);
#4206=VECTOR('',#15358,10.);
#4207=VECTOR('',#15361,10.);
#4208=VECTOR('',#15364,10.);
#4209=VECTOR('',#15367,10.);
#4210=VECTOR('',#15370,10.);
#4211=VECTOR('',#15373,10.);
#4212=VECTOR('',#15376,10.);
#4213=VECTOR('',#15379,10.);
#4214=VECTOR('',#15382,10.);
#4215=VECTOR('',#15385,10.);
#4216=VECTOR('',#15388,10.);
#4217=VECTOR('',#15391,10.);
#4218=VECTOR('',#15394,10.);
#4219=VECTOR('',#15397,10.);
#4220=VECTOR('',#15400,10.);
#4221=VECTOR('',#15403,10.);
#4222=VECTOR('',#15406,10.);
#4223=VECTOR('',#15409,10.);
#4224=VECTOR('',#15412,10.);
#4225=VECTOR('',#15415,10.);
#4226=VECTOR('',#15418,10.);
#4227=VECTOR('',#15421,10.);
#4228=VECTOR('',#15424,10.);
#4229=VECTOR('',#15427,10.);
#4230=VECTOR('',#15430,10.);
#4231=VECTOR('',#15433,10.);
#4232=VECTOR('',#15436,10.);
#4233=VECTOR('',#15439,10.);
#4234=VECTOR('',#15442,10.);
#4235=VECTOR('',#15445,10.);
#4236=VECTOR('',#15448,10.);
#4237=VECTOR('',#15451,10.);
#4238=VECTOR('',#15454,10.);
#4239=VECTOR('',#15457,10.);
#4240=VECTOR('',#15460,10.);
#4241=VECTOR('',#15463,10.);
#4242=VECTOR('',#15466,10.);
#4243=VECTOR('',#15469,10.);
#4244=VECTOR('',#15472,10.);
#4245=VECTOR('',#15475,10.);
#4246=VECTOR('',#15478,10.);
#4247=VECTOR('',#15481,10.);
#4248=VECTOR('',#15484,10.);
#4249=VECTOR('',#15487,10.);
#4250=VECTOR('',#15490,10.);
#4251=VECTOR('',#15493,10.);
#4252=VECTOR('',#15496,10.);
#4253=VECTOR('',#15499,10.);
#4254=VECTOR('',#15502,10.);
#4255=VECTOR('',#15505,10.);
#4256=VECTOR('',#15508,10.);
#4257=VECTOR('',#15511,10.);
#4258=VECTOR('',#15514,10.);
#4259=VECTOR('',#15517,10.);
#4260=VECTOR('',#15520,10.);
#4261=VECTOR('',#15523,10.);
#4262=VECTOR('',#15524,10.);
#4263=VECTOR('',#15527,10.);
#4264=VECTOR('',#15530,10.);
#4265=VECTOR('',#15531,10.);
#4266=VECTOR('',#15534,10.);
#4267=VECTOR('',#15537,10.);
#4268=VECTOR('',#15538,10.);
#4269=VECTOR('',#15541,10.);
#4270=VECTOR('',#15544,10.);
#4271=VECTOR('',#15545,10.);
#4272=VECTOR('',#15548,10.);
#4273=VECTOR('',#15551,10.);
#4274=VECTOR('',#15552,10.);
#4275=VECTOR('',#15555,10.);
#4276=VECTOR('',#15558,10.);
#4277=VECTOR('',#15559,10.);
#4278=VECTOR('',#15562,10.);
#4279=VECTOR('',#15565,10.);
#4280=VECTOR('',#15566,10.);
#4281=VECTOR('',#15569,10.);
#4282=VECTOR('',#15572,10.);
#4283=VECTOR('',#15573,10.);
#4284=VECTOR('',#15576,10.);
#4285=VECTOR('',#15579,10.);
#4286=VECTOR('',#15580,10.);
#4287=VECTOR('',#15583,10.);
#4288=VECTOR('',#15586,10.);
#4289=VECTOR('',#15587,10.);
#4290=VECTOR('',#15590,10.);
#4291=VECTOR('',#15593,10.);
#4292=VECTOR('',#15594,10.);
#4293=VECTOR('',#15597,10.);
#4294=VECTOR('',#15600,10.);
#4295=VECTOR('',#15603,10.);
#4296=VECTOR('',#15606,10.);
#4297=VECTOR('',#15607,10.);
#4298=VECTOR('',#15612,10.);
#4299=VECTOR('',#15613,10.);
#4300=VECTOR('',#15618,10.);
#4301=VECTOR('',#15619,10.);
#4302=VECTOR('',#15624,10.);
#4303=VECTOR('',#15625,10.);
#4304=VECTOR('',#15630,10.);
#4305=VECTOR('',#15631,10.);
#4306=VECTOR('',#15636,10.);
#4307=VECTOR('',#15637,10.);
#4308=VECTOR('',#15642,10.);
#4309=VECTOR('',#15643,10.);
#4310=VECTOR('',#15648,10.);
#4311=VECTOR('',#15649,10.);
#4312=VECTOR('',#15654,10.);
#4313=VECTOR('',#15655,10.);
#4314=VECTOR('',#15660,10.);
#4315=VECTOR('',#15661,10.);
#4316=VECTOR('',#15666,10.);
#4317=VECTOR('',#15667,10.);
#4318=VECTOR('',#15672,10.);
#4319=VECTOR('',#15673,10.);
#4320=VECTOR('',#15678,10.);
#4321=VECTOR('',#15681,10.);
#4322=VECTOR('',#15682,10.);
#4323=VECTOR('',#15687,10.);
#4324=VECTOR('',#15688,10.);
#4325=VECTOR('',#15693,10.);
#4326=VECTOR('',#15698,10.);
#4327=VECTOR('',#15701,10.);
#4328=VECTOR('',#15704,10.);
#4329=VECTOR('',#15707,10.);
#4330=VECTOR('',#15712,10.);
#4331=VECTOR('',#15715,10.);
#4332=VECTOR('',#15720,10.);
#4333=VECTOR('',#15723,10.);
#4334=VECTOR('',#15726,10.);
#4335=VECTOR('',#15729,10.);
#4336=VECTOR('',#15734,10.);
#4337=VECTOR('',#15737,10.);
#4338=VECTOR('',#15740,10.);
#4339=VECTOR('',#15743,10.);
#4340=VECTOR('',#15746,10.);
#4341=VECTOR('',#15749,10.);
#4342=VECTOR('',#15764,10.);
#4343=VECTOR('',#15771,10.);
#4344=VECTOR('',#15774,10.);
#4345=VECTOR('',#15775,10.);
#4346=VECTOR('',#15778,10.);
#4347=VECTOR('',#15781,10.);
#4348=VECTOR('',#15784,10.);
#4349=VECTOR('',#15787,10.);
#4350=VECTOR('',#15790,10.);
#4351=VECTOR('',#15793,10.);
#4352=VECTOR('',#15798,10.);
#4353=VECTOR('',#15799,10.);
#4354=VECTOR('',#15802,10.);
#4355=VECTOR('',#15805,10.);
#4356=VECTOR('',#15808,10.);
#4357=VECTOR('',#15811,10.);
#4358=VECTOR('',#15814,10.);
#4359=VECTOR('',#15817,10.);
#4360=VECTOR('',#15822,10.);
#4361=VECTOR('',#15823,10.);
#4362=VECTOR('',#15826,10.);
#4363=VECTOR('',#15829,10.);
#4364=VECTOR('',#15832,10.);
#4365=VECTOR('',#15835,10.);
#4366=VECTOR('',#15838,10.);
#4367=VECTOR('',#15841,10.);
#4368=VECTOR('',#15846,10.);
#4369=VECTOR('',#15847,10.);
#4370=VECTOR('',#15850,10.);
#4371=VECTOR('',#15853,10.);
#4372=VECTOR('',#15856,10.);
#4373=VECTOR('',#15859,10.);
#4374=VECTOR('',#15862,10.);
#4375=VECTOR('',#15865,10.);
#4376=VECTOR('',#15870,10.);
#4377=VECTOR('',#15871,10.);
#4378=VECTOR('',#15874,10.);
#4379=VECTOR('',#15877,10.);
#4380=VECTOR('',#15880,10.);
#4381=VECTOR('',#15883,10.);
#4382=VECTOR('',#15886,10.);
#4383=VECTOR('',#15889,10.);
#4384=VECTOR('',#15894,10.);
#4385=VECTOR('',#15895,10.);
#4386=VECTOR('',#15898,10.);
#4387=VECTOR('',#15901,10.);
#4388=VECTOR('',#15904,10.);
#4389=VECTOR('',#15907,10.);
#4390=VECTOR('',#15910,10.);
#4391=VECTOR('',#15913,10.);
#4392=VECTOR('',#15918,10.);
#4393=VECTOR('',#15919,10.);
#4394=VECTOR('',#15922,10.);
#4395=VECTOR('',#15925,10.);
#4396=VECTOR('',#15928,10.);
#4397=VECTOR('',#15931,10.);
#4398=VECTOR('',#15934,10.);
#4399=VECTOR('',#15937,10.);
#4400=VECTOR('',#15942,10.);
#4401=VECTOR('',#15943,10.);
#4402=VECTOR('',#15946,10.);
#4403=VECTOR('',#15949,10.);
#4404=VECTOR('',#15952,10.);
#4405=VECTOR('',#15955,10.);
#4406=VECTOR('',#15958,10.);
#4407=VECTOR('',#15961,10.);
#4408=VECTOR('',#15966,10.);
#4409=VECTOR('',#15967,10.);
#4410=VECTOR('',#15970,10.);
#4411=VECTOR('',#15973,10.);
#4412=VECTOR('',#15976,10.);
#4413=VECTOR('',#15979,10.);
#4414=VECTOR('',#15982,10.);
#4415=VECTOR('',#15985,10.);
#4416=VECTOR('',#15990,10.);
#4417=VECTOR('',#15991,10.);
#4418=VECTOR('',#15994,10.);
#4419=VECTOR('',#15997,10.);
#4420=VECTOR('',#16000,10.);
#4421=VECTOR('',#16003,10.);
#4422=VECTOR('',#16006,10.);
#4423=VECTOR('',#16009,10.);
#4424=VECTOR('',#16014,10.);
#4425=VECTOR('',#16015,10.);
#4426=VECTOR('',#16018,10.);
#4427=VECTOR('',#16021,10.);
#4428=VECTOR('',#16024,10.);
#4429=VECTOR('',#16027,10.);
#4430=VECTOR('',#16030,10.);
#4431=VECTOR('',#16033,10.);
#4432=VECTOR('',#16038,10.);
#4433=VECTOR('',#16039,10.);
#4434=VECTOR('',#16042,10.);
#4435=VECTOR('',#16045,10.);
#4436=VECTOR('',#16048,10.);
#4437=VECTOR('',#16051,10.);
#4438=VECTOR('',#16054,10.);
#4439=VECTOR('',#16057,10.);
#4440=VECTOR('',#16060,10.);
#4441=VECTOR('',#16063,10.);
#4442=VECTOR('',#16066,10.);
#4443=VECTOR('',#16069,10.);
#4444=VECTOR('',#16072,10.);
#4445=VECTOR('',#16075,10.);
#4446=VECTOR('',#16078,10.);
#4447=VECTOR('',#16081,10.);
#4448=VECTOR('',#16084,10.);
#4449=VECTOR('',#16087,10.);
#4450=VECTOR('',#16090,10.);
#4451=VECTOR('',#16093,10.);
#4452=VECTOR('',#16096,10.);
#4453=VECTOR('',#16099,10.);
#4454=VECTOR('',#16102,10.);
#4455=VECTOR('',#16105,10.);
#4456=VECTOR('',#16110,10.);
#4457=VECTOR('',#16111,10.);
#4458=VECTOR('',#16114,10.);
#4459=VECTOR('',#16117,10.);
#4460=VECTOR('',#16120,10.);
#4461=VECTOR('',#16123,10.);
#4462=VECTOR('',#16126,10.);
#4463=VECTOR('',#16129,10.);
#4464=VECTOR('',#16134,10.);
#4465=VECTOR('',#16135,10.);
#4466=VECTOR('',#16138,10.);
#4467=VECTOR('',#16141,10.);
#4468=VECTOR('',#16144,10.);
#4469=VECTOR('',#16147,10.);
#4470=VECTOR('',#16150,10.);
#4471=VECTOR('',#16153,10.);
#4472=VECTOR('',#16158,10.);
#4473=VECTOR('',#16159,10.);
#4474=VECTOR('',#16162,10.);
#4475=VECTOR('',#16165,10.);
#4476=VECTOR('',#16168,10.);
#4477=VECTOR('',#16171,10.);
#4478=VECTOR('',#16174,10.);
#4479=VECTOR('',#16177,10.);
#4480=VECTOR('',#16182,10.);
#4481=VECTOR('',#16183,10.);
#4482=VECTOR('',#16186,10.);
#4483=VECTOR('',#16189,10.);
#4484=VECTOR('',#16192,10.);
#4485=VECTOR('',#16195,10.);
#4486=VECTOR('',#16198,10.);
#4487=VECTOR('',#16201,10.);
#4488=VECTOR('',#16206,10.);
#4489=VECTOR('',#16207,10.);
#4490=VECTOR('',#16210,10.);
#4491=VECTOR('',#16213,10.);
#4492=VECTOR('',#16216,10.);
#4493=VECTOR('',#16219,10.);
#4494=VECTOR('',#16222,10.);
#4495=VECTOR('',#16225,10.);
#4496=VECTOR('',#16230,10.);
#4497=VECTOR('',#16231,10.);
#4498=VECTOR('',#16234,10.);
#4499=VECTOR('',#16237,10.);
#4500=VECTOR('',#16240,10.);
#4501=VECTOR('',#16243,10.);
#4502=VECTOR('',#16246,10.);
#4503=VECTOR('',#16249,10.);
#4504=VECTOR('',#16254,10.);
#4505=VECTOR('',#16255,10.);
#4506=VECTOR('',#16258,10.);
#4507=VECTOR('',#16261,10.);
#4508=VECTOR('',#16264,10.);
#4509=VECTOR('',#16267,10.);
#4510=VECTOR('',#16270,10.);
#4511=VECTOR('',#16273,10.);
#4512=VECTOR('',#16278,10.);
#4513=VECTOR('',#16279,10.);
#4514=VECTOR('',#16282,10.);
#4515=VECTOR('',#16285,10.);
#4516=VECTOR('',#16288,10.);
#4517=VECTOR('',#16291,10.);
#4518=VECTOR('',#16294,10.);
#4519=VECTOR('',#16297,10.);
#4520=VECTOR('',#16302,10.);
#4521=VECTOR('',#16303,10.);
#4522=VECTOR('',#16306,10.);
#4523=VECTOR('',#16309,10.);
#4524=VECTOR('',#16312,10.);
#4525=VECTOR('',#16315,10.);
#4526=VECTOR('',#16318,10.);
#4527=VECTOR('',#16321,10.);
#4528=VECTOR('',#16326,10.);
#4529=VECTOR('',#16327,10.);
#4530=VECTOR('',#16330,10.);
#4531=VECTOR('',#16333,10.);
#4532=VECTOR('',#16336,10.);
#4533=VECTOR('',#16339,10.);
#4534=VECTOR('',#16342,10.);
#4535=VECTOR('',#16345,10.);
#4536=VECTOR('',#16350,10.);
#4537=VECTOR('',#16351,10.);
#4538=VECTOR('',#16354,10.);
#4539=VECTOR('',#16357,10.);
#4540=VECTOR('',#16360,10.);
#4541=VECTOR('',#16363,10.);
#4542=VECTOR('',#16366,10.);
#4543=VECTOR('',#16369,10.);
#4544=VECTOR('',#16374,10.);
#4545=VECTOR('',#16375,10.);
#4546=VECTOR('',#16378,10.);
#4547=VECTOR('',#16381,10.);
#4548=VECTOR('',#16384,10.);
#4549=VECTOR('',#16387,10.);
#4550=VECTOR('',#16390,10.);
#4551=VECTOR('',#16393,10.);
#4552=VECTOR('',#16398,10.);
#4553=VECTOR('',#16399,10.);
#4554=VECTOR('',#16402,10.);
#4555=VECTOR('',#16405,10.);
#4556=VECTOR('',#16408,10.);
#4557=VECTOR('',#16411,10.);
#4558=VECTOR('',#16414,10.);
#4559=VECTOR('',#16417,10.);
#4560=VECTOR('',#16422,10.);
#4561=VECTOR('',#16423,10.);
#4562=VECTOR('',#16426,10.);
#4563=VECTOR('',#16429,10.);
#4564=VECTOR('',#16432,10.);
#4565=VECTOR('',#16435,10.);
#4566=VECTOR('',#16438,10.);
#4567=VECTOR('',#16441,10.);
#4568=VECTOR('',#16446,10.);
#4569=VECTOR('',#16447,10.);
#4570=VECTOR('',#16450,10.);
#4571=VECTOR('',#16453,10.);
#4572=VECTOR('',#16456,10.);
#4573=VECTOR('',#16459,10.);
#4574=VECTOR('',#16462,10.);
#4575=VECTOR('',#16465,10.);
#4576=VECTOR('',#16470,10.);
#4577=VECTOR('',#16471,10.);
#4578=VECTOR('',#16474,10.);
#4579=VECTOR('',#16477,10.);
#4580=VECTOR('',#16480,10.);
#4581=VECTOR('',#16483,10.);
#4582=VECTOR('',#16486,10.);
#4583=VECTOR('',#16489,10.);
#4584=VECTOR('',#16494,10.);
#4585=VECTOR('',#16495,10.);
#4586=VECTOR('',#16498,10.);
#4587=VECTOR('',#16501,10.);
#4588=VECTOR('',#16504,10.);
#4589=VECTOR('',#16507,10.);
#4590=VECTOR('',#16510,10.);
#4591=VECTOR('',#16513,10.);
#4592=VECTOR('',#16518,10.);
#4593=VECTOR('',#16519,10.);
#4594=VECTOR('',#16522,10.);
#4595=VECTOR('',#16525,10.);
#4596=VECTOR('',#16528,10.);
#4597=VECTOR('',#16531,10.);
#4598=VECTOR('',#16534,10.);
#4599=VECTOR('',#16537,10.);
#4600=VECTOR('',#16542,10.);
#4601=VECTOR('',#16543,10.);
#4602=VECTOR('',#16546,10.);
#4603=VECTOR('',#16549,10.);
#4604=VECTOR('',#16552,10.);
#4605=VECTOR('',#16555,10.);
#4606=VECTOR('',#16558,10.);
#4607=VECTOR('',#16561,10.);
#4608=VECTOR('',#16566,10.);
#4609=VECTOR('',#16567,10.);
#4610=VECTOR('',#16570,10.);
#4611=VECTOR('',#16573,10.);
#4612=VECTOR('',#16576,10.);
#4613=VECTOR('',#16579,10.);
#4614=VECTOR('',#16582,10.);
#4615=VECTOR('',#16585,10.);
#4616=VECTOR('',#16590,10.);
#4617=VECTOR('',#16591,10.);
#4618=VECTOR('',#16594,10.);
#4619=VECTOR('',#16597,10.);
#4620=VECTOR('',#16600,10.);
#4621=VECTOR('',#16603,10.);
#4622=VECTOR('',#16606,10.);
#4623=VECTOR('',#16609,10.);
#4624=VECTOR('',#16614,10.);
#4625=VECTOR('',#16615,10.);
#4626=VECTOR('',#16618,10.);
#4627=VECTOR('',#16621,10.);
#4628=VECTOR('',#16624,10.);
#4629=VECTOR('',#16627,10.);
#4630=VECTOR('',#16630,10.);
#4631=VECTOR('',#16633,10.);
#4632=VECTOR('',#16638,10.);
#4633=VECTOR('',#16639,10.);
#4634=VECTOR('',#16642,10.);
#4635=VECTOR('',#16645,10.);
#4636=VECTOR('',#16648,10.);
#4637=VECTOR('',#16651,10.);
#4638=VECTOR('',#16654,10.);
#4639=VECTOR('',#16657,10.);
#4640=VECTOR('',#16662,10.);
#4641=VECTOR('',#16663,10.);
#4642=VECTOR('',#16666,10.);
#4643=VECTOR('',#16669,10.);
#4644=VECTOR('',#16672,10.);
#4645=VECTOR('',#16675,10.);
#4646=VECTOR('',#16678,10.);
#4647=VECTOR('',#16681,10.);
#4648=VECTOR('',#16686,10.);
#4649=VECTOR('',#16687,10.);
#4650=VECTOR('',#16690,10.);
#4651=VECTOR('',#16693,10.);
#4652=VECTOR('',#16696,10.);
#4653=VECTOR('',#16699,10.);
#4654=VECTOR('',#16702,10.);
#4655=VECTOR('',#16705,10.);
#4656=VECTOR('',#16710,10.);
#4657=VECTOR('',#16711,10.);
#4658=VECTOR('',#16714,10.);
#4659=VECTOR('',#16717,10.);
#4660=VECTOR('',#16720,10.);
#4661=VECTOR('',#16723,10.);
#4662=VECTOR('',#16726,10.);
#4663=VECTOR('',#16729,10.);
#4664=VECTOR('',#16734,10.);
#4665=VECTOR('',#16735,10.);
#4666=VECTOR('',#16738,10.);
#4667=VECTOR('',#16741,10.);
#4668=VECTOR('',#16744,10.);
#4669=VECTOR('',#16747,10.);
#4670=VECTOR('',#16750,10.);
#4671=VECTOR('',#16753,10.);
#4672=VECTOR('',#16758,10.);
#4673=VECTOR('',#16759,10.);
#4674=VECTOR('',#16762,10.);
#4675=VECTOR('',#16765,10.);
#4676=VECTOR('',#16768,10.);
#4677=VECTOR('',#16771,10.);
#4678=VECTOR('',#16774,10.);
#4679=VECTOR('',#16777,10.);
#4680=VECTOR('',#16782,10.);
#4681=VECTOR('',#16783,10.);
#4682=VECTOR('',#16786,10.);
#4683=VECTOR('',#16789,10.);
#4684=VECTOR('',#16792,10.);
#4685=VECTOR('',#16795,10.);
#4686=VECTOR('',#16798,10.);
#4687=VECTOR('',#16801,10.);
#4688=VECTOR('',#16806,10.);
#4689=VECTOR('',#16807,10.);
#4690=VECTOR('',#16810,10.);
#4691=VECTOR('',#16813,10.);
#4692=VECTOR('',#16816,10.);
#4693=VECTOR('',#16819,10.);
#4694=VECTOR('',#16822,10.);
#4695=VECTOR('',#16825,10.);
#4696=VECTOR('',#16830,10.);
#4697=VECTOR('',#16831,10.);
#4698=VECTOR('',#16834,10.);
#4699=VECTOR('',#16837,10.);
#4700=VECTOR('',#16840,10.);
#4701=VECTOR('',#16843,10.);
#4702=VECTOR('',#16846,10.);
#4703=VECTOR('',#16849,10.);
#4704=VECTOR('',#16854,10.);
#4705=VECTOR('',#16855,10.);
#4706=VECTOR('',#16858,10.);
#4707=VECTOR('',#16861,10.);
#4708=VECTOR('',#16864,10.);
#4709=VECTOR('',#16867,10.);
#4710=VECTOR('',#16870,10.);
#4711=VECTOR('',#16873,10.);
#4712=VECTOR('',#16878,10.);
#4713=VECTOR('',#16879,10.);
#4714=VECTOR('',#16882,10.);
#4715=VECTOR('',#16885,10.);
#4716=VECTOR('',#16888,10.);
#4717=VECTOR('',#16891,10.);
#4718=VECTOR('',#16894,10.);
#4719=VECTOR('',#16897,10.);
#4720=VECTOR('',#16902,10.);
#4721=VECTOR('',#16903,10.);
#4722=VECTOR('',#16906,10.);
#4723=VECTOR('',#16909,10.);
#4724=VECTOR('',#16912,10.);
#4725=VECTOR('',#16915,10.);
#4726=VECTOR('',#16918,10.);
#4727=VECTOR('',#16921,10.);
#4728=VECTOR('',#16926,10.);
#4729=VECTOR('',#16927,10.);
#4730=VECTOR('',#16930,10.);
#4731=VECTOR('',#16933,10.);
#4732=VECTOR('',#16936,10.);
#4733=VECTOR('',#16939,10.);
#4734=VECTOR('',#16942,10.);
#4735=VECTOR('',#16945,10.);
#4736=VECTOR('',#16950,10.);
#4737=VECTOR('',#16951,10.);
#4738=VECTOR('',#16954,10.);
#4739=VECTOR('',#16957,10.);
#4740=VECTOR('',#16960,10.);
#4741=VECTOR('',#16963,10.);
#4742=VECTOR('',#16966,10.);
#4743=VECTOR('',#16969,10.);
#4744=VECTOR('',#16974,10.);
#4745=VECTOR('',#16975,10.);
#4746=VECTOR('',#16978,10.);
#4747=VECTOR('',#16981,10.);
#4748=VECTOR('',#16984,10.);
#4749=VECTOR('',#16987,10.);
#4750=VECTOR('',#16990,10.);
#4751=VECTOR('',#16993,10.);
#4752=VECTOR('',#16998,10.);
#4753=VECTOR('',#16999,10.);
#4754=VECTOR('',#17002,10.);
#4755=VECTOR('',#17005,10.);
#4756=VECTOR('',#17008,10.);
#4757=VECTOR('',#17011,10.);
#4758=VECTOR('',#17014,10.);
#4759=VECTOR('',#17017,10.);
#4760=VECTOR('',#17022,10.);
#4761=VECTOR('',#17023,10.);
#4762=VECTOR('',#17026,10.);
#4763=VECTOR('',#17029,10.);
#4764=VECTOR('',#17032,10.);
#4765=VECTOR('',#17035,10.);
#4766=VECTOR('',#17038,10.);
#4767=VECTOR('',#17041,10.);
#4768=VECTOR('',#17046,10.);
#4769=VECTOR('',#17047,10.);
#4770=VECTOR('',#17050,10.);
#4771=VECTOR('',#17053,10.);
#4772=VECTOR('',#17056,10.);
#4773=VECTOR('',#17059,10.);
#4774=VECTOR('',#17062,10.);
#4775=VECTOR('',#17065,10.);
#4776=VECTOR('',#17070,10.);
#4777=VECTOR('',#17071,10.);
#4778=VECTOR('',#17074,10.);
#4779=VECTOR('',#17077,10.);
#4780=VECTOR('',#17080,10.);
#4781=VECTOR('',#17083,10.);
#4782=VECTOR('',#17086,10.);
#4783=VECTOR('',#17089,10.);
#4784=VECTOR('',#17094,10.);
#4785=VECTOR('',#17095,10.);
#4786=VECTOR('',#17098,10.);
#4787=VECTOR('',#17101,10.);
#4788=VECTOR('',#17104,10.);
#4789=VECTOR('',#17107,10.);
#4790=VECTOR('',#17110,10.);
#4791=VECTOR('',#17113,10.);
#4792=VECTOR('',#17118,10.);
#4793=VECTOR('',#17119,10.);
#4794=VECTOR('',#17122,10.);
#4795=VECTOR('',#17125,10.);
#4796=VECTOR('',#17128,10.);
#4797=VECTOR('',#17131,10.);
#4798=VECTOR('',#17134,10.);
#4799=VECTOR('',#17137,10.);
#4800=VECTOR('',#17142,10.);
#4801=VECTOR('',#17143,10.);
#4802=VECTOR('',#17146,10.);
#4803=VECTOR('',#17149,10.);
#4804=VECTOR('',#17152,10.);
#4805=VECTOR('',#17155,10.);
#4806=VECTOR('',#17158,10.);
#4807=VECTOR('',#17161,10.);
#4808=VECTOR('',#17166,10.);
#4809=VECTOR('',#17171,10.);
#4810=VECTOR('',#17174,10.);
#4811=VECTOR('',#17179,10.);
#4812=VECTOR('',#17182,10.);
#4813=VERTEX_POINT('',#17187);
#4814=VERTEX_POINT('',#17188);
#4815=VERTEX_POINT('',#17190);
#4816=VERTEX_POINT('',#17192);
#4817=VERTEX_POINT('',#17196);
#4818=VERTEX_POINT('',#17198);
#4819=VERTEX_POINT('',#17202);
#4820=VERTEX_POINT('',#17204);
#4821=VERTEX_POINT('',#17211);
#4822=VERTEX_POINT('',#17212);
#4823=VERTEX_POINT('',#17214);
#4824=VERTEX_POINT('',#17216);
#4825=VERTEX_POINT('',#17220);
#4826=VERTEX_POINT('',#17222);
#4827=VERTEX_POINT('',#17226);
#4828=VERTEX_POINT('',#17228);
#4829=VERTEX_POINT('',#17235);
#4830=VERTEX_POINT('',#17236);
#4831=VERTEX_POINT('',#17238);
#4832=VERTEX_POINT('',#17240);
#4833=VERTEX_POINT('',#17244);
#4834=VERTEX_POINT('',#17246);
#4835=VERTEX_POINT('',#17250);
#4836=VERTEX_POINT('',#17252);
#4837=VERTEX_POINT('',#17259);
#4838=VERTEX_POINT('',#17260);
#4839=VERTEX_POINT('',#17262);
#4840=VERTEX_POINT('',#17264);
#4841=VERTEX_POINT('',#17268);
#4842=VERTEX_POINT('',#17270);
#4843=VERTEX_POINT('',#17274);
#4844=VERTEX_POINT('',#17276);
#4845=VERTEX_POINT('',#17283);
#4846=VERTEX_POINT('',#17284);
#4847=VERTEX_POINT('',#17286);
#4848=VERTEX_POINT('',#17288);
#4849=VERTEX_POINT('',#17292);
#4850=VERTEX_POINT('',#17294);
#4851=VERTEX_POINT('',#17298);
#4852=VERTEX_POINT('',#17300);
#4853=VERTEX_POINT('',#17307);
#4854=VERTEX_POINT('',#17308);
#4855=VERTEX_POINT('',#17310);
#4856=VERTEX_POINT('',#17312);
#4857=VERTEX_POINT('',#17316);
#4858=VERTEX_POINT('',#17318);
#4859=VERTEX_POINT('',#17322);
#4860=VERTEX_POINT('',#17324);
#4861=VERTEX_POINT('',#17331);
#4862=VERTEX_POINT('',#17332);
#4863=VERTEX_POINT('',#17334);
#4864=VERTEX_POINT('',#17336);
#4865=VERTEX_POINT('',#17340);
#4866=VERTEX_POINT('',#17342);
#4867=VERTEX_POINT('',#17346);
#4868=VERTEX_POINT('',#17348);
#4869=VERTEX_POINT('',#17355);
#4870=VERTEX_POINT('',#17356);
#4871=VERTEX_POINT('',#17358);
#4872=VERTEX_POINT('',#17360);
#4873=VERTEX_POINT('',#17364);
#4874=VERTEX_POINT('',#17366);
#4875=VERTEX_POINT('',#17370);
#4876=VERTEX_POINT('',#17372);
#4877=VERTEX_POINT('',#17379);
#4878=VERTEX_POINT('',#17380);
#4879=VERTEX_POINT('',#17382);
#4880=VERTEX_POINT('',#17384);
#4881=VERTEX_POINT('',#17388);
#4882=VERTEX_POINT('',#17390);
#4883=VERTEX_POINT('',#17394);
#4884=VERTEX_POINT('',#17395);
#4885=VERTEX_POINT('',#17397);
#4886=VERTEX_POINT('',#17399);
#4887=VERTEX_POINT('',#17406);
#4888=VERTEX_POINT('',#17408);
#4889=VERTEX_POINT('',#17410);
#4890=VERTEX_POINT('',#17412);
#4891=VERTEX_POINT('',#17414);
#4892=VERTEX_POINT('',#17416);
#4893=VERTEX_POINT('',#17418);
#4894=VERTEX_POINT('',#17420);
#4895=VERTEX_POINT('',#17422);
#4896=VERTEX_POINT('',#17424);
#4897=VERTEX_POINT('',#17426);
#4898=VERTEX_POINT('',#17428);
#4899=VERTEX_POINT('',#17430);
#4900=VERTEX_POINT('',#17432);
#4901=VERTEX_POINT('',#17434);
#4902=VERTEX_POINT('',#17436);
#4903=VERTEX_POINT('',#17438);
#4904=VERTEX_POINT('',#17440);
#4905=VERTEX_POINT('',#17442);
#4906=VERTEX_POINT('',#17444);
#4907=VERTEX_POINT('',#17446);
#4908=VERTEX_POINT('',#17448);
#4909=VERTEX_POINT('',#17450);
#4910=VERTEX_POINT('',#17452);
#4911=VERTEX_POINT('',#17454);
#4912=VERTEX_POINT('',#17456);
#4913=VERTEX_POINT('',#17458);
#4914=VERTEX_POINT('',#17460);
#4915=VERTEX_POINT('',#17462);
#4916=VERTEX_POINT('',#17464);
#4917=VERTEX_POINT('',#17466);
#4918=VERTEX_POINT('',#17468);
#4919=VERTEX_POINT('',#17470);
#4920=VERTEX_POINT('',#17472);
#4921=VERTEX_POINT('',#17474);
#4922=VERTEX_POINT('',#17476);
#4923=VERTEX_POINT('',#17478);
#4924=VERTEX_POINT('',#17480);
#4925=VERTEX_POINT('',#17482);
#4926=VERTEX_POINT('',#17484);
#4927=VERTEX_POINT('',#17486);
#4928=VERTEX_POINT('',#17488);
#4929=VERTEX_POINT('',#17490);
#4930=VERTEX_POINT('',#17492);
#4931=VERTEX_POINT('',#17494);
#4932=VERTEX_POINT('',#17496);
#4933=VERTEX_POINT('',#17498);
#4934=VERTEX_POINT('',#17500);
#4935=VERTEX_POINT('',#17502);
#4936=VERTEX_POINT('',#17504);
#4937=VERTEX_POINT('',#17506);
#4938=VERTEX_POINT('',#17508);
#4939=VERTEX_POINT('',#17510);
#4940=VERTEX_POINT('',#17512);
#4941=VERTEX_POINT('',#17514);
#4942=VERTEX_POINT('',#17516);
#4943=VERTEX_POINT('',#17518);
#4944=VERTEX_POINT('',#17520);
#4945=VERTEX_POINT('',#17522);
#4946=VERTEX_POINT('',#17524);
#4947=VERTEX_POINT('',#17526);
#4948=VERTEX_POINT('',#17528);
#4949=VERTEX_POINT('',#17530);
#4950=VERTEX_POINT('',#17532);
#4951=VERTEX_POINT('',#17534);
#4952=VERTEX_POINT('',#17536);
#4953=VERTEX_POINT('',#17538);
#4954=VERTEX_POINT('',#17540);
#4955=VERTEX_POINT('',#17542);
#4956=VERTEX_POINT('',#17544);
#4957=VERTEX_POINT('',#17546);
#4958=VERTEX_POINT('',#17548);
#4959=VERTEX_POINT('',#17550);
#4960=VERTEX_POINT('',#17552);
#4961=VERTEX_POINT('',#17554);
#4962=VERTEX_POINT('',#17556);
#4963=VERTEX_POINT('',#17558);
#4964=VERTEX_POINT('',#17560);
#4965=VERTEX_POINT('',#17562);
#4966=VERTEX_POINT('',#17564);
#4967=VERTEX_POINT('',#17566);
#4968=VERTEX_POINT('',#17568);
#4969=VERTEX_POINT('',#17570);
#4970=VERTEX_POINT('',#17572);
#4971=VERTEX_POINT('',#17574);
#4972=VERTEX_POINT('',#17576);
#4973=VERTEX_POINT('',#17578);
#4974=VERTEX_POINT('',#17580);
#4975=VERTEX_POINT('',#17582);
#4976=VERTEX_POINT('',#17584);
#4977=VERTEX_POINT('',#17586);
#4978=VERTEX_POINT('',#17588);
#4979=VERTEX_POINT('',#17590);
#4980=VERTEX_POINT('',#17592);
#4981=VERTEX_POINT('',#17594);
#4982=VERTEX_POINT('',#17596);
#4983=VERTEX_POINT('',#17598);
#4984=VERTEX_POINT('',#17600);
#4985=VERTEX_POINT('',#17602);
#4986=VERTEX_POINT('',#17604);
#4987=VERTEX_POINT('',#17606);
#4988=VERTEX_POINT('',#17608);
#4989=VERTEX_POINT('',#17610);
#4990=VERTEX_POINT('',#17613);
#4991=VERTEX_POINT('',#17614);
#4992=VERTEX_POINT('',#17616);
#4993=VERTEX_POINT('',#17618);
#4994=VERTEX_POINT('',#17620);
#4995=VERTEX_POINT('',#17622);
#4996=VERTEX_POINT('',#17624);
#4997=VERTEX_POINT('',#17626);
#4998=VERTEX_POINT('',#17629);
#4999=VERTEX_POINT('',#17630);
#5000=VERTEX_POINT('',#17632);
#5001=VERTEX_POINT('',#17634);
#5002=VERTEX_POINT('',#17636);
#5003=VERTEX_POINT('',#17638);
#5004=VERTEX_POINT('',#17640);
#5005=VERTEX_POINT('',#17642);
#5006=VERTEX_POINT('',#17645);
#5007=VERTEX_POINT('',#17646);
#5008=VERTEX_POINT('',#17648);
#5009=VERTEX_POINT('',#17650);
#5010=VERTEX_POINT('',#17652);
#5011=VERTEX_POINT('',#17654);
#5012=VERTEX_POINT('',#17656);
#5013=VERTEX_POINT('',#17658);
#5014=VERTEX_POINT('',#17661);
#5015=VERTEX_POINT('',#17662);
#5016=VERTEX_POINT('',#17664);
#5017=VERTEX_POINT('',#17666);
#5018=VERTEX_POINT('',#17668);
#5019=VERTEX_POINT('',#17670);
#5020=VERTEX_POINT('',#17672);
#5021=VERTEX_POINT('',#17674);
#5022=VERTEX_POINT('',#17677);
#5023=VERTEX_POINT('',#17678);
#5024=VERTEX_POINT('',#17680);
#5025=VERTEX_POINT('',#17682);
#5026=VERTEX_POINT('',#17684);
#5027=VERTEX_POINT('',#17686);
#5028=VERTEX_POINT('',#17688);
#5029=VERTEX_POINT('',#17690);
#5030=VERTEX_POINT('',#17693);
#5031=VERTEX_POINT('',#17694);
#5032=VERTEX_POINT('',#17696);
#5033=VERTEX_POINT('',#17698);
#5034=VERTEX_POINT('',#17700);
#5035=VERTEX_POINT('',#17702);
#5036=VERTEX_POINT('',#17704);
#5037=VERTEX_POINT('',#17706);
#5038=VERTEX_POINT('',#17709);
#5039=VERTEX_POINT('',#17710);
#5040=VERTEX_POINT('',#17712);
#5041=VERTEX_POINT('',#17714);
#5042=VERTEX_POINT('',#17716);
#5043=VERTEX_POINT('',#17718);
#5044=VERTEX_POINT('',#17720);
#5045=VERTEX_POINT('',#17722);
#5046=VERTEX_POINT('',#17725);
#5047=VERTEX_POINT('',#17726);
#5048=VERTEX_POINT('',#17728);
#5049=VERTEX_POINT('',#17730);
#5050=VERTEX_POINT('',#17732);
#5051=VERTEX_POINT('',#17734);
#5052=VERTEX_POINT('',#17736);
#5053=VERTEX_POINT('',#17738);
#5054=VERTEX_POINT('',#17741);
#5055=VERTEX_POINT('',#17742);
#5056=VERTEX_POINT('',#17744);
#5057=VERTEX_POINT('',#17746);
#5058=VERTEX_POINT('',#17748);
#5059=VERTEX_POINT('',#17750);
#5060=VERTEX_POINT('',#17752);
#5061=VERTEX_POINT('',#17754);
#5062=VERTEX_POINT('',#17757);
#5063=VERTEX_POINT('',#17758);
#5064=VERTEX_POINT('',#17760);
#5065=VERTEX_POINT('',#17762);
#5066=VERTEX_POINT('',#17764);
#5067=VERTEX_POINT('',#17766);
#5068=VERTEX_POINT('',#17768);
#5069=VERTEX_POINT('',#17770);
#5070=VERTEX_POINT('',#17773);
#5071=VERTEX_POINT('',#17774);
#5072=VERTEX_POINT('',#17776);
#5073=VERTEX_POINT('',#17778);
#5074=VERTEX_POINT('',#17780);
#5075=VERTEX_POINT('',#17782);
#5076=VERTEX_POINT('',#17784);
#5077=VERTEX_POINT('',#17786);
#5078=VERTEX_POINT('',#17789);
#5079=VERTEX_POINT('',#17790);
#5080=VERTEX_POINT('',#17792);
#5081=VERTEX_POINT('',#17794);
#5082=VERTEX_POINT('',#17796);
#5083=VERTEX_POINT('',#17798);
#5084=VERTEX_POINT('',#17800);
#5085=VERTEX_POINT('',#17802);
#5086=VERTEX_POINT('',#17804);
#5087=VERTEX_POINT('',#17806);
#5088=VERTEX_POINT('',#17808);
#5089=VERTEX_POINT('',#17810);
#5090=VERTEX_POINT('',#17812);
#5091=VERTEX_POINT('',#17814);
#5092=VERTEX_POINT('',#17816);
#5093=VERTEX_POINT('',#17818);
#5094=VERTEX_POINT('',#17820);
#5095=VERTEX_POINT('',#17822);
#5096=VERTEX_POINT('',#17824);
#5097=VERTEX_POINT('',#17826);
#5098=VERTEX_POINT('',#17828);
#5099=VERTEX_POINT('',#17830);
#5100=VERTEX_POINT('',#17832);
#5101=VERTEX_POINT('',#17834);
#5102=VERTEX_POINT('',#17837);
#5103=VERTEX_POINT('',#17838);
#5104=VERTEX_POINT('',#17840);
#5105=VERTEX_POINT('',#17842);
#5106=VERTEX_POINT('',#17844);
#5107=VERTEX_POINT('',#17846);
#5108=VERTEX_POINT('',#17848);
#5109=VERTEX_POINT('',#17850);
#5110=VERTEX_POINT('',#17853);
#5111=VERTEX_POINT('',#17854);
#5112=VERTEX_POINT('',#17856);
#5113=VERTEX_POINT('',#17858);
#5114=VERTEX_POINT('',#17860);
#5115=VERTEX_POINT('',#17862);
#5116=VERTEX_POINT('',#17864);
#5117=VERTEX_POINT('',#17866);
#5118=VERTEX_POINT('',#17869);
#5119=VERTEX_POINT('',#17870);
#5120=VERTEX_POINT('',#17872);
#5121=VERTEX_POINT('',#17874);
#5122=VERTEX_POINT('',#17876);
#5123=VERTEX_POINT('',#17878);
#5124=VERTEX_POINT('',#17880);
#5125=VERTEX_POINT('',#17882);
#5126=VERTEX_POINT('',#17885);
#5127=VERTEX_POINT('',#17886);
#5128=VERTEX_POINT('',#17888);
#5129=VERTEX_POINT('',#17890);
#5130=VERTEX_POINT('',#17892);
#5131=VERTEX_POINT('',#17894);
#5132=VERTEX_POINT('',#17896);
#5133=VERTEX_POINT('',#17898);
#5134=VERTEX_POINT('',#17901);
#5135=VERTEX_POINT('',#17902);
#5136=VERTEX_POINT('',#17904);
#5137=VERTEX_POINT('',#17906);
#5138=VERTEX_POINT('',#17908);
#5139=VERTEX_POINT('',#17910);
#5140=VERTEX_POINT('',#17912);
#5141=VERTEX_POINT('',#17914);
#5142=VERTEX_POINT('',#17917);
#5143=VERTEX_POINT('',#17918);
#5144=VERTEX_POINT('',#17920);
#5145=VERTEX_POINT('',#17922);
#5146=VERTEX_POINT('',#17924);
#5147=VERTEX_POINT('',#17926);
#5148=VERTEX_POINT('',#17928);
#5149=VERTEX_POINT('',#17930);
#5150=VERTEX_POINT('',#17933);
#5151=VERTEX_POINT('',#17934);
#5152=VERTEX_POINT('',#17936);
#5153=VERTEX_POINT('',#17938);
#5154=VERTEX_POINT('',#17940);
#5155=VERTEX_POINT('',#17942);
#5156=VERTEX_POINT('',#17944);
#5157=VERTEX_POINT('',#17946);
#5158=VERTEX_POINT('',#17949);
#5159=VERTEX_POINT('',#17950);
#5160=VERTEX_POINT('',#17952);
#5161=VERTEX_POINT('',#17954);
#5162=VERTEX_POINT('',#17956);
#5163=VERTEX_POINT('',#17958);
#5164=VERTEX_POINT('',#17960);
#5165=VERTEX_POINT('',#17962);
#5166=VERTEX_POINT('',#17965);
#5167=VERTEX_POINT('',#17966);
#5168=VERTEX_POINT('',#17968);
#5169=VERTEX_POINT('',#17970);
#5170=VERTEX_POINT('',#17972);
#5171=VERTEX_POINT('',#17974);
#5172=VERTEX_POINT('',#17976);
#5173=VERTEX_POINT('',#17978);
#5174=VERTEX_POINT('',#17981);
#5175=VERTEX_POINT('',#17982);
#5176=VERTEX_POINT('',#17984);
#5177=VERTEX_POINT('',#17986);
#5178=VERTEX_POINT('',#17988);
#5179=VERTEX_POINT('',#17990);
#5180=VERTEX_POINT('',#17992);
#5181=VERTEX_POINT('',#17994);
#5182=VERTEX_POINT('',#17997);
#5183=VERTEX_POINT('',#17998);
#5184=VERTEX_POINT('',#18000);
#5185=VERTEX_POINT('',#18002);
#5186=VERTEX_POINT('',#18004);
#5187=VERTEX_POINT('',#18006);
#5188=VERTEX_POINT('',#18008);
#5189=VERTEX_POINT('',#18010);
#5190=VERTEX_POINT('',#18013);
#5191=VERTEX_POINT('',#18014);
#5192=VERTEX_POINT('',#18016);
#5193=VERTEX_POINT('',#18018);
#5194=VERTEX_POINT('',#18020);
#5195=VERTEX_POINT('',#18022);
#5196=VERTEX_POINT('',#18024);
#5197=VERTEX_POINT('',#18026);
#5198=VERTEX_POINT('',#18029);
#5199=VERTEX_POINT('',#18030);
#5200=VERTEX_POINT('',#18032);
#5201=VERTEX_POINT('',#18034);
#5202=VERTEX_POINT('',#18036);
#5203=VERTEX_POINT('',#18038);
#5204=VERTEX_POINT('',#18040);
#5205=VERTEX_POINT('',#18042);
#5206=VERTEX_POINT('',#18045);
#5207=VERTEX_POINT('',#18046);
#5208=VERTEX_POINT('',#18048);
#5209=VERTEX_POINT('',#18050);
#5210=VERTEX_POINT('',#18052);
#5211=VERTEX_POINT('',#18054);
#5212=VERTEX_POINT('',#18056);
#5213=VERTEX_POINT('',#18058);
#5214=VERTEX_POINT('',#18061);
#5215=VERTEX_POINT('',#18062);
#5216=VERTEX_POINT('',#18064);
#5217=VERTEX_POINT('',#18066);
#5218=VERTEX_POINT('',#18068);
#5219=VERTEX_POINT('',#18070);
#5220=VERTEX_POINT('',#18072);
#5221=VERTEX_POINT('',#18074);
#5222=VERTEX_POINT('',#18077);
#5223=VERTEX_POINT('',#18078);
#5224=VERTEX_POINT('',#18080);
#5225=VERTEX_POINT('',#18082);
#5226=VERTEX_POINT('',#18084);
#5227=VERTEX_POINT('',#18086);
#5228=VERTEX_POINT('',#18088);
#5229=VERTEX_POINT('',#18090);
#5230=VERTEX_POINT('',#18093);
#5231=VERTEX_POINT('',#18094);
#5232=VERTEX_POINT('',#18096);
#5233=VERTEX_POINT('',#18098);
#5234=VERTEX_POINT('',#18100);
#5235=VERTEX_POINT('',#18102);
#5236=VERTEX_POINT('',#18104);
#5237=VERTEX_POINT('',#18106);
#5238=VERTEX_POINT('',#18109);
#5239=VERTEX_POINT('',#18110);
#5240=VERTEX_POINT('',#18112);
#5241=VERTEX_POINT('',#18114);
#5242=VERTEX_POINT('',#18116);
#5243=VERTEX_POINT('',#18118);
#5244=VERTEX_POINT('',#18120);
#5245=VERTEX_POINT('',#18122);
#5246=VERTEX_POINT('',#18125);
#5247=VERTEX_POINT('',#18126);
#5248=VERTEX_POINT('',#18128);
#5249=VERTEX_POINT('',#18130);
#5250=VERTEX_POINT('',#18132);
#5251=VERTEX_POINT('',#18134);
#5252=VERTEX_POINT('',#18136);
#5253=VERTEX_POINT('',#18138);
#5254=VERTEX_POINT('',#18141);
#5255=VERTEX_POINT('',#18142);
#5256=VERTEX_POINT('',#18144);
#5257=VERTEX_POINT('',#18146);
#5258=VERTEX_POINT('',#18148);
#5259=VERTEX_POINT('',#18150);
#5260=VERTEX_POINT('',#18152);
#5261=VERTEX_POINT('',#18154);
#5262=VERTEX_POINT('',#18157);
#5263=VERTEX_POINT('',#18158);
#5264=VERTEX_POINT('',#18160);
#5265=VERTEX_POINT('',#18162);
#5266=VERTEX_POINT('',#18164);
#5267=VERTEX_POINT('',#18166);
#5268=VERTEX_POINT('',#18168);
#5269=VERTEX_POINT('',#18170);
#5270=VERTEX_POINT('',#18173);
#5271=VERTEX_POINT('',#18174);
#5272=VERTEX_POINT('',#18176);
#5273=VERTEX_POINT('',#18178);
#5274=VERTEX_POINT('',#18180);
#5275=VERTEX_POINT('',#18182);
#5276=VERTEX_POINT('',#18184);
#5277=VERTEX_POINT('',#18186);
#5278=VERTEX_POINT('',#18189);
#5279=VERTEX_POINT('',#18190);
#5280=VERTEX_POINT('',#18192);
#5281=VERTEX_POINT('',#18194);
#5282=VERTEX_POINT('',#18196);
#5283=VERTEX_POINT('',#18198);
#5284=VERTEX_POINT('',#18200);
#5285=VERTEX_POINT('',#18202);
#5286=VERTEX_POINT('',#18205);
#5287=VERTEX_POINT('',#18206);
#5288=VERTEX_POINT('',#18208);
#5289=VERTEX_POINT('',#18210);
#5290=VERTEX_POINT('',#18212);
#5291=VERTEX_POINT('',#18214);
#5292=VERTEX_POINT('',#18216);
#5293=VERTEX_POINT('',#18218);
#5294=VERTEX_POINT('',#18221);
#5295=VERTEX_POINT('',#18222);
#5296=VERTEX_POINT('',#18224);
#5297=VERTEX_POINT('',#18226);
#5298=VERTEX_POINT('',#18228);
#5299=VERTEX_POINT('',#18230);
#5300=VERTEX_POINT('',#18232);
#5301=VERTEX_POINT('',#18234);
#5302=VERTEX_POINT('',#18237);
#5303=VERTEX_POINT('',#18238);
#5304=VERTEX_POINT('',#18240);
#5305=VERTEX_POINT('',#18242);
#5306=VERTEX_POINT('',#18244);
#5307=VERTEX_POINT('',#18246);
#5308=VERTEX_POINT('',#18248);
#5309=VERTEX_POINT('',#18250);
#5310=VERTEX_POINT('',#18253);
#5311=VERTEX_POINT('',#18254);
#5312=VERTEX_POINT('',#18256);
#5313=VERTEX_POINT('',#18258);
#5314=VERTEX_POINT('',#18260);
#5315=VERTEX_POINT('',#18262);
#5316=VERTEX_POINT('',#18264);
#5317=VERTEX_POINT('',#18266);
#5318=VERTEX_POINT('',#18269);
#5319=VERTEX_POINT('',#18270);
#5320=VERTEX_POINT('',#18272);
#5321=VERTEX_POINT('',#18274);
#5322=VERTEX_POINT('',#18276);
#5323=VERTEX_POINT('',#18278);
#5324=VERTEX_POINT('',#18280);
#5325=VERTEX_POINT('',#18282);
#5326=VERTEX_POINT('',#18285);
#5327=VERTEX_POINT('',#18286);
#5328=VERTEX_POINT('',#18288);
#5329=VERTEX_POINT('',#18290);
#5330=VERTEX_POINT('',#18292);
#5331=VERTEX_POINT('',#18294);
#5332=VERTEX_POINT('',#18296);
#5333=VERTEX_POINT('',#18298);
#5334=VERTEX_POINT('',#18301);
#5335=VERTEX_POINT('',#18302);
#5336=VERTEX_POINT('',#18304);
#5337=VERTEX_POINT('',#18306);
#5338=VERTEX_POINT('',#18308);
#5339=VERTEX_POINT('',#18310);
#5340=VERTEX_POINT('',#18312);
#5341=VERTEX_POINT('',#18314);
#5342=VERTEX_POINT('',#18317);
#5343=VERTEX_POINT('',#18318);
#5344=VERTEX_POINT('',#18320);
#5345=VERTEX_POINT('',#18322);
#5346=VERTEX_POINT('',#18324);
#5347=VERTEX_POINT('',#18326);
#5348=VERTEX_POINT('',#18328);
#5349=VERTEX_POINT('',#18330);
#5350=VERTEX_POINT('',#18333);
#5351=VERTEX_POINT('',#18334);
#5352=VERTEX_POINT('',#18336);
#5353=VERTEX_POINT('',#18338);
#5354=VERTEX_POINT('',#18340);
#5355=VERTEX_POINT('',#18342);
#5356=VERTEX_POINT('',#18344);
#5357=VERTEX_POINT('',#18346);
#5358=VERTEX_POINT('',#18349);
#5359=VERTEX_POINT('',#18350);
#5360=VERTEX_POINT('',#18352);
#5361=VERTEX_POINT('',#18354);
#5362=VERTEX_POINT('',#18356);
#5363=VERTEX_POINT('',#18358);
#5364=VERTEX_POINT('',#18360);
#5365=VERTEX_POINT('',#18362);
#5366=VERTEX_POINT('',#18365);
#5367=VERTEX_POINT('',#18366);
#5368=VERTEX_POINT('',#18368);
#5369=VERTEX_POINT('',#18370);
#5370=VERTEX_POINT('',#18372);
#5371=VERTEX_POINT('',#18374);
#5372=VERTEX_POINT('',#18376);
#5373=VERTEX_POINT('',#18378);
#5374=VERTEX_POINT('',#18381);
#5375=VERTEX_POINT('',#18382);
#5376=VERTEX_POINT('',#18384);
#5377=VERTEX_POINT('',#18386);
#5378=VERTEX_POINT('',#18388);
#5379=VERTEX_POINT('',#18390);
#5380=VERTEX_POINT('',#18392);
#5381=VERTEX_POINT('',#18394);
#5382=VERTEX_POINT('',#18397);
#5383=VERTEX_POINT('',#18398);
#5384=VERTEX_POINT('',#18400);
#5385=VERTEX_POINT('',#18402);
#5386=VERTEX_POINT('',#18404);
#5387=VERTEX_POINT('',#18406);
#5388=VERTEX_POINT('',#18408);
#5389=VERTEX_POINT('',#18410);
#5390=VERTEX_POINT('',#18413);
#5391=VERTEX_POINT('',#18414);
#5392=VERTEX_POINT('',#18416);
#5393=VERTEX_POINT('',#18418);
#5394=VERTEX_POINT('',#18420);
#5395=VERTEX_POINT('',#18422);
#5396=VERTEX_POINT('',#18424);
#5397=VERTEX_POINT('',#18426);
#5398=VERTEX_POINT('',#18429);
#5399=VERTEX_POINT('',#18430);
#5400=VERTEX_POINT('',#18432);
#5401=VERTEX_POINT('',#18434);
#5402=VERTEX_POINT('',#18436);
#5403=VERTEX_POINT('',#18438);
#5404=VERTEX_POINT('',#18440);
#5405=VERTEX_POINT('',#18442);
#5406=VERTEX_POINT('',#18445);
#5407=VERTEX_POINT('',#18446);
#5408=VERTEX_POINT('',#18448);
#5409=VERTEX_POINT('',#18450);
#5410=VERTEX_POINT('',#18452);
#5411=VERTEX_POINT('',#18454);
#5412=VERTEX_POINT('',#18456);
#5413=VERTEX_POINT('',#18458);
#5414=VERTEX_POINT('',#18461);
#5415=VERTEX_POINT('',#18462);
#5416=VERTEX_POINT('',#18464);
#5417=VERTEX_POINT('',#18466);
#5418=VERTEX_POINT('',#18468);
#5419=VERTEX_POINT('',#18470);
#5420=VERTEX_POINT('',#18472);
#5421=VERTEX_POINT('',#18474);
#5422=VERTEX_POINT('',#18477);
#5423=VERTEX_POINT('',#18478);
#5424=VERTEX_POINT('',#18480);
#5425=VERTEX_POINT('',#18482);
#5426=VERTEX_POINT('',#18484);
#5427=VERTEX_POINT('',#18486);
#5428=VERTEX_POINT('',#18488);
#5429=VERTEX_POINT('',#18490);
#5430=VERTEX_POINT('',#18493);
#5431=VERTEX_POINT('',#18494);
#5432=VERTEX_POINT('',#18496);
#5433=VERTEX_POINT('',#18498);
#5434=VERTEX_POINT('',#18500);
#5435=VERTEX_POINT('',#18502);
#5436=VERTEX_POINT('',#18504);
#5437=VERTEX_POINT('',#18506);
#5438=VERTEX_POINT('',#18509);
#5439=VERTEX_POINT('',#18510);
#5440=VERTEX_POINT('',#18512);
#5441=VERTEX_POINT('',#18514);
#5442=VERTEX_POINT('',#18516);
#5443=VERTEX_POINT('',#18518);
#5444=VERTEX_POINT('',#18520);
#5445=VERTEX_POINT('',#18522);
#5446=VERTEX_POINT('',#18525);
#5447=VERTEX_POINT('',#18526);
#5448=VERTEX_POINT('',#18528);
#5449=VERTEX_POINT('',#18530);
#5450=VERTEX_POINT('',#18532);
#5451=VERTEX_POINT('',#18534);
#5452=VERTEX_POINT('',#18536);
#5453=VERTEX_POINT('',#18538);
#5454=VERTEX_POINT('',#18542);
#5455=VERTEX_POINT('',#18544);
#5456=VERTEX_POINT('',#18548);
#5457=VERTEX_POINT('',#18552);
#5458=VERTEX_POINT('',#18556);
#5459=VERTEX_POINT('',#18558);
#5460=VERTEX_POINT('',#18564);
#5461=VERTEX_POINT('',#18565);
#5462=VERTEX_POINT('',#18572);
#5463=VERTEX_POINT('',#18574);
#5464=VERTEX_POINT('',#18578);
#5465=VERTEX_POINT('',#18582);
#5466=VERTEX_POINT('',#18586);
#5467=VERTEX_POINT('',#18588);
#5468=VERTEX_POINT('',#18592);
#5469=VERTEX_POINT('',#18596);
#5470=VERTEX_POINT('',#18598);
#5471=VERTEX_POINT('',#18600);
#5472=VERTEX_POINT('',#18602);
#5473=VERTEX_POINT('',#18605);
#5474=VERTEX_POINT('',#18607);
#5475=VERTEX_POINT('',#18609);
#5476=VERTEX_POINT('',#18611);
#5477=VERTEX_POINT('',#18613);
#5478=VERTEX_POINT('',#18615);
#5479=VERTEX_POINT('',#18617);
#5480=VERTEX_POINT('',#18619);
#5481=VERTEX_POINT('',#18621);
#5482=VERTEX_POINT('',#18623);
#5483=VERTEX_POINT('',#18625);
#5484=VERTEX_POINT('',#18627);
#5485=VERTEX_POINT('',#18629);
#5486=VERTEX_POINT('',#18631);
#5487=VERTEX_POINT('',#18633);
#5488=VERTEX_POINT('',#18635);
#5489=VERTEX_POINT('',#18637);
#5490=VERTEX_POINT('',#18639);
#5491=VERTEX_POINT('',#18641);
#5492=VERTEX_POINT('',#18643);
#5493=VERTEX_POINT('',#18645);
#5494=VERTEX_POINT('',#18647);
#5495=VERTEX_POINT('',#18649);
#5496=VERTEX_POINT('',#18651);
#5497=VERTEX_POINT('',#18653);
#5498=VERTEX_POINT('',#18655);
#5499=VERTEX_POINT('',#18657);
#5500=VERTEX_POINT('',#18659);
#5501=VERTEX_POINT('',#18661);
#5502=VERTEX_POINT('',#18663);
#5503=VERTEX_POINT('',#18665);
#5504=VERTEX_POINT('',#18667);
#5505=VERTEX_POINT('',#18669);
#5506=VERTEX_POINT('',#18671);
#5507=VERTEX_POINT('',#18673);
#5508=VERTEX_POINT('',#18675);
#5509=VERTEX_POINT('',#18677);
#5510=VERTEX_POINT('',#18679);
#5511=VERTEX_POINT('',#18681);
#5512=VERTEX_POINT('',#18683);
#5513=VERTEX_POINT('',#18685);
#5514=VERTEX_POINT('',#18687);
#5515=VERTEX_POINT('',#18689);
#5516=VERTEX_POINT('',#18691);
#5517=VERTEX_POINT('',#18693);
#5518=VERTEX_POINT('',#18695);
#5519=VERTEX_POINT('',#18697);
#5520=VERTEX_POINT('',#18699);
#5521=VERTEX_POINT('',#18701);
#5522=VERTEX_POINT('',#18703);
#5523=VERTEX_POINT('',#18705);
#5524=VERTEX_POINT('',#18707);
#5525=VERTEX_POINT('',#18709);
#5526=VERTEX_POINT('',#18711);
#5527=VERTEX_POINT('',#18713);
#5528=VERTEX_POINT('',#18715);
#5529=VERTEX_POINT('',#18717);
#5530=VERTEX_POINT('',#18719);
#5531=VERTEX_POINT('',#18721);
#5532=VERTEX_POINT('',#18723);
#5533=VERTEX_POINT('',#18725);
#5534=VERTEX_POINT('',#18727);
#5535=VERTEX_POINT('',#18729);
#5536=VERTEX_POINT('',#18731);
#5537=VERTEX_POINT('',#18733);
#5538=VERTEX_POINT('',#18735);
#5539=VERTEX_POINT('',#18737);
#5540=VERTEX_POINT('',#18739);
#5541=VERTEX_POINT('',#18741);
#5542=VERTEX_POINT('',#18743);
#5543=VERTEX_POINT('',#18745);
#5544=VERTEX_POINT('',#18747);
#5545=VERTEX_POINT('',#18749);
#5546=VERTEX_POINT('',#18751);
#5547=VERTEX_POINT('',#18753);
#5548=VERTEX_POINT('',#18755);
#5549=VERTEX_POINT('',#18758);
#5550=VERTEX_POINT('',#18760);
#5551=VERTEX_POINT('',#18762);
#5552=VERTEX_POINT('',#18764);
#5553=VERTEX_POINT('',#18767);
#5554=VERTEX_POINT('',#18769);
#5555=VERTEX_POINT('',#18771);
#5556=VERTEX_POINT('',#18773);
#5557=VERTEX_POINT('',#18776);
#5558=VERTEX_POINT('',#18777);
#5559=VERTEX_POINT('',#18779);
#5560=VERTEX_POINT('',#18781);
#5561=VERTEX_POINT('',#18783);
#5562=VERTEX_POINT('',#18785);
#5563=VERTEX_POINT('',#18787);
#5564=VERTEX_POINT('',#18789);
#5565=VERTEX_POINT('',#18792);
#5566=VERTEX_POINT('',#18793);
#5567=VERTEX_POINT('',#18795);
#5568=VERTEX_POINT('',#18797);
#5569=VERTEX_POINT('',#18799);
#5570=VERTEX_POINT('',#18801);
#5571=VERTEX_POINT('',#18803);
#5572=VERTEX_POINT('',#18805);
#5573=VERTEX_POINT('',#18808);
#5574=VERTEX_POINT('',#18809);
#5575=VERTEX_POINT('',#18811);
#5576=VERTEX_POINT('',#18813);
#5577=VERTEX_POINT('',#18815);
#5578=VERTEX_POINT('',#18817);
#5579=VERTEX_POINT('',#18819);
#5580=VERTEX_POINT('',#18821);
#5581=VERTEX_POINT('',#18824);
#5582=VERTEX_POINT('',#18825);
#5583=VERTEX_POINT('',#18827);
#5584=VERTEX_POINT('',#18829);
#5585=VERTEX_POINT('',#18831);
#5586=VERTEX_POINT('',#18833);
#5587=VERTEX_POINT('',#18835);
#5588=VERTEX_POINT('',#18837);
#5589=VERTEX_POINT('',#18840);
#5590=VERTEX_POINT('',#18841);
#5591=VERTEX_POINT('',#18843);
#5592=VERTEX_POINT('',#18845);
#5593=VERTEX_POINT('',#18847);
#5594=VERTEX_POINT('',#18849);
#5595=VERTEX_POINT('',#18851);
#5596=VERTEX_POINT('',#18853);
#5597=VERTEX_POINT('',#18856);
#5598=VERTEX_POINT('',#18857);
#5599=VERTEX_POINT('',#18859);
#5600=VERTEX_POINT('',#18861);
#5601=VERTEX_POINT('',#18863);
#5602=VERTEX_POINT('',#18865);
#5603=VERTEX_POINT('',#18867);
#5604=VERTEX_POINT('',#18869);
#5605=VERTEX_POINT('',#18872);
#5606=VERTEX_POINT('',#18873);
#5607=VERTEX_POINT('',#18875);
#5608=VERTEX_POINT('',#18877);
#5609=VERTEX_POINT('',#18879);
#5610=VERTEX_POINT('',#18881);
#5611=VERTEX_POINT('',#18883);
#5612=VERTEX_POINT('',#18885);
#5613=VERTEX_POINT('',#18888);
#5614=VERTEX_POINT('',#18889);
#5615=VERTEX_POINT('',#18891);
#5616=VERTEX_POINT('',#18893);
#5617=VERTEX_POINT('',#18895);
#5618=VERTEX_POINT('',#18897);
#5619=VERTEX_POINT('',#18899);
#5620=VERTEX_POINT('',#18901);
#5621=VERTEX_POINT('',#18904);
#5622=VERTEX_POINT('',#18905);
#5623=VERTEX_POINT('',#18907);
#5624=VERTEX_POINT('',#18909);
#5625=VERTEX_POINT('',#18911);
#5626=VERTEX_POINT('',#18913);
#5627=VERTEX_POINT('',#18915);
#5628=VERTEX_POINT('',#18917);
#5629=VERTEX_POINT('',#18920);
#5630=VERTEX_POINT('',#18921);
#5631=VERTEX_POINT('',#18923);
#5632=VERTEX_POINT('',#18925);
#5633=VERTEX_POINT('',#18927);
#5634=VERTEX_POINT('',#18929);
#5635=VERTEX_POINT('',#18931);
#5636=VERTEX_POINT('',#18933);
#5637=VERTEX_POINT('',#18936);
#5638=VERTEX_POINT('',#18937);
#5639=VERTEX_POINT('',#18939);
#5640=VERTEX_POINT('',#18941);
#5641=VERTEX_POINT('',#18943);
#5642=VERTEX_POINT('',#18945);
#5643=VERTEX_POINT('',#18947);
#5644=VERTEX_POINT('',#18949);
#5645=VERTEX_POINT('',#18952);
#5646=VERTEX_POINT('',#18953);
#5647=VERTEX_POINT('',#18955);
#5648=VERTEX_POINT('',#18957);
#5649=VERTEX_POINT('',#18959);
#5650=VERTEX_POINT('',#18961);
#5651=VERTEX_POINT('',#18963);
#5652=VERTEX_POINT('',#18965);
#5653=VERTEX_POINT('',#18968);
#5654=VERTEX_POINT('',#18969);
#5655=VERTEX_POINT('',#18971);
#5656=VERTEX_POINT('',#18973);
#5657=VERTEX_POINT('',#18975);
#5658=VERTEX_POINT('',#18977);
#5659=VERTEX_POINT('',#18979);
#5660=VERTEX_POINT('',#18981);
#5661=VERTEX_POINT('',#18984);
#5662=VERTEX_POINT('',#18985);
#5663=VERTEX_POINT('',#18987);
#5664=VERTEX_POINT('',#18989);
#5665=VERTEX_POINT('',#18991);
#5666=VERTEX_POINT('',#18993);
#5667=VERTEX_POINT('',#18995);
#5668=VERTEX_POINT('',#18997);
#5669=VERTEX_POINT('',#19000);
#5670=VERTEX_POINT('',#19001);
#5671=VERTEX_POINT('',#19003);
#5672=VERTEX_POINT('',#19005);
#5673=VERTEX_POINT('',#19007);
#5674=VERTEX_POINT('',#19009);
#5675=VERTEX_POINT('',#19011);
#5676=VERTEX_POINT('',#19013);
#5677=VERTEX_POINT('',#19016);
#5678=VERTEX_POINT('',#19017);
#5679=VERTEX_POINT('',#19019);
#5680=VERTEX_POINT('',#19021);
#5681=VERTEX_POINT('',#19023);
#5682=VERTEX_POINT('',#19025);
#5683=VERTEX_POINT('',#19027);
#5684=VERTEX_POINT('',#19029);
#5685=VERTEX_POINT('',#19032);
#5686=VERTEX_POINT('',#19033);
#5687=VERTEX_POINT('',#19035);
#5688=VERTEX_POINT('',#19037);
#5689=VERTEX_POINT('',#19039);
#5690=VERTEX_POINT('',#19041);
#5691=VERTEX_POINT('',#19043);
#5692=VERTEX_POINT('',#19045);
#5693=VERTEX_POINT('',#19048);
#5694=VERTEX_POINT('',#19049);
#5695=VERTEX_POINT('',#19051);
#5696=VERTEX_POINT('',#19053);
#5697=VERTEX_POINT('',#19055);
#5698=VERTEX_POINT('',#19057);
#5699=VERTEX_POINT('',#19059);
#5700=VERTEX_POINT('',#19061);
#5701=VERTEX_POINT('',#19064);
#5702=VERTEX_POINT('',#19065);
#5703=VERTEX_POINT('',#19067);
#5704=VERTEX_POINT('',#19069);
#5705=VERTEX_POINT('',#19071);
#5706=VERTEX_POINT('',#19073);
#5707=VERTEX_POINT('',#19075);
#5708=VERTEX_POINT('',#19077);
#5709=VERTEX_POINT('',#19080);
#5710=VERTEX_POINT('',#19081);
#5711=VERTEX_POINT('',#19083);
#5712=VERTEX_POINT('',#19085);
#5713=VERTEX_POINT('',#19087);
#5714=VERTEX_POINT('',#19089);
#5715=VERTEX_POINT('',#19091);
#5716=VERTEX_POINT('',#19093);
#5717=VERTEX_POINT('',#19096);
#5718=VERTEX_POINT('',#19097);
#5719=VERTEX_POINT('',#19099);
#5720=VERTEX_POINT('',#19101);
#5721=VERTEX_POINT('',#19103);
#5722=VERTEX_POINT('',#19105);
#5723=VERTEX_POINT('',#19107);
#5724=VERTEX_POINT('',#19109);
#5725=VERTEX_POINT('',#19112);
#5726=VERTEX_POINT('',#19113);
#5727=VERTEX_POINT('',#19115);
#5728=VERTEX_POINT('',#19117);
#5729=VERTEX_POINT('',#19119);
#5730=VERTEX_POINT('',#19121);
#5731=VERTEX_POINT('',#19123);
#5732=VERTEX_POINT('',#19125);
#5733=VERTEX_POINT('',#19128);
#5734=VERTEX_POINT('',#19129);
#5735=VERTEX_POINT('',#19131);
#5736=VERTEX_POINT('',#19133);
#5737=VERTEX_POINT('',#19135);
#5738=VERTEX_POINT('',#19137);
#5739=VERTEX_POINT('',#19139);
#5740=VERTEX_POINT('',#19141);
#5741=VERTEX_POINT('',#19144);
#5742=VERTEX_POINT('',#19145);
#5743=VERTEX_POINT('',#19147);
#5744=VERTEX_POINT('',#19149);
#5745=VERTEX_POINT('',#19151);
#5746=VERTEX_POINT('',#19153);
#5747=VERTEX_POINT('',#19155);
#5748=VERTEX_POINT('',#19157);
#5749=VERTEX_POINT('',#19160);
#5750=VERTEX_POINT('',#19161);
#5751=VERTEX_POINT('',#19163);
#5752=VERTEX_POINT('',#19165);
#5753=VERTEX_POINT('',#19167);
#5754=VERTEX_POINT('',#19169);
#5755=VERTEX_POINT('',#19171);
#5756=VERTEX_POINT('',#19173);
#5757=VERTEX_POINT('',#19176);
#5758=VERTEX_POINT('',#19177);
#5759=VERTEX_POINT('',#19179);
#5760=VERTEX_POINT('',#19181);
#5761=VERTEX_POINT('',#19183);
#5762=VERTEX_POINT('',#19185);
#5763=VERTEX_POINT('',#19187);
#5764=VERTEX_POINT('',#19189);
#5765=VERTEX_POINT('',#19192);
#5766=VERTEX_POINT('',#19193);
#5767=VERTEX_POINT('',#19195);
#5768=VERTEX_POINT('',#19197);
#5769=VERTEX_POINT('',#19199);
#5770=VERTEX_POINT('',#19201);
#5771=VERTEX_POINT('',#19203);
#5772=VERTEX_POINT('',#19205);
#5773=VERTEX_POINT('',#19208);
#5774=VERTEX_POINT('',#19209);
#5775=VERTEX_POINT('',#19211);
#5776=VERTEX_POINT('',#19213);
#5777=VERTEX_POINT('',#19215);
#5778=VERTEX_POINT('',#19217);
#5779=VERTEX_POINT('',#19219);
#5780=VERTEX_POINT('',#19221);
#5781=VERTEX_POINT('',#19224);
#5782=VERTEX_POINT('',#19225);
#5783=VERTEX_POINT('',#19227);
#5784=VERTEX_POINT('',#19229);
#5785=VERTEX_POINT('',#19231);
#5786=VERTEX_POINT('',#19233);
#5787=VERTEX_POINT('',#19235);
#5788=VERTEX_POINT('',#19237);
#5789=VERTEX_POINT('',#19240);
#5790=VERTEX_POINT('',#19241);
#5791=VERTEX_POINT('',#19243);
#5792=VERTEX_POINT('',#19245);
#5793=VERTEX_POINT('',#19247);
#5794=VERTEX_POINT('',#19249);
#5795=VERTEX_POINT('',#19251);
#5796=VERTEX_POINT('',#19253);
#5797=VERTEX_POINT('',#19256);
#5798=VERTEX_POINT('',#19257);
#5799=VERTEX_POINT('',#19259);
#5800=VERTEX_POINT('',#19261);
#5801=VERTEX_POINT('',#19263);
#5802=VERTEX_POINT('',#19265);
#5803=VERTEX_POINT('',#19267);
#5804=VERTEX_POINT('',#19269);
#5805=VERTEX_POINT('',#19272);
#5806=VERTEX_POINT('',#19273);
#5807=VERTEX_POINT('',#19275);
#5808=VERTEX_POINT('',#19277);
#5809=VERTEX_POINT('',#19279);
#5810=VERTEX_POINT('',#19281);
#5811=VERTEX_POINT('',#19283);
#5812=VERTEX_POINT('',#19285);
#5813=VERTEX_POINT('',#19288);
#5814=VERTEX_POINT('',#19289);
#5815=VERTEX_POINT('',#19291);
#5816=VERTEX_POINT('',#19293);
#5817=VERTEX_POINT('',#19295);
#5818=VERTEX_POINT('',#19297);
#5819=VERTEX_POINT('',#19299);
#5820=VERTEX_POINT('',#19301);
#5821=VERTEX_POINT('',#19304);
#5822=VERTEX_POINT('',#19305);
#5823=VERTEX_POINT('',#19307);
#5824=VERTEX_POINT('',#19309);
#5825=VERTEX_POINT('',#19311);
#5826=VERTEX_POINT('',#19313);
#5827=VERTEX_POINT('',#19315);
#5828=VERTEX_POINT('',#19317);
#5829=VERTEX_POINT('',#19320);
#5830=VERTEX_POINT('',#19321);
#5831=VERTEX_POINT('',#19323);
#5832=VERTEX_POINT('',#19325);
#5833=VERTEX_POINT('',#19327);
#5834=VERTEX_POINT('',#19329);
#5835=VERTEX_POINT('',#19331);
#5836=VERTEX_POINT('',#19333);
#5837=VERTEX_POINT('',#19336);
#5838=VERTEX_POINT('',#19337);
#5839=VERTEX_POINT('',#19339);
#5840=VERTEX_POINT('',#19341);
#5841=VERTEX_POINT('',#19343);
#5842=VERTEX_POINT('',#19345);
#5843=VERTEX_POINT('',#19347);
#5844=VERTEX_POINT('',#19349);
#5845=VERTEX_POINT('',#19352);
#5846=VERTEX_POINT('',#19353);
#5847=VERTEX_POINT('',#19355);
#5848=VERTEX_POINT('',#19357);
#5849=VERTEX_POINT('',#19359);
#5850=VERTEX_POINT('',#19361);
#5851=VERTEX_POINT('',#19363);
#5852=VERTEX_POINT('',#19365);
#5853=VERTEX_POINT('',#19368);
#5854=VERTEX_POINT('',#19369);
#5855=VERTEX_POINT('',#19371);
#5856=VERTEX_POINT('',#19373);
#5857=VERTEX_POINT('',#19375);
#5858=VERTEX_POINT('',#19377);
#5859=VERTEX_POINT('',#19379);
#5860=VERTEX_POINT('',#19381);
#5861=VERTEX_POINT('',#19384);
#5862=VERTEX_POINT('',#19385);
#5863=VERTEX_POINT('',#19387);
#5864=VERTEX_POINT('',#19389);
#5865=VERTEX_POINT('',#19391);
#5866=VERTEX_POINT('',#19393);
#5867=VERTEX_POINT('',#19395);
#5868=VERTEX_POINT('',#19397);
#5869=VERTEX_POINT('',#19400);
#5870=VERTEX_POINT('',#19401);
#5871=VERTEX_POINT('',#19403);
#5872=VERTEX_POINT('',#19405);
#5873=VERTEX_POINT('',#19407);
#5874=VERTEX_POINT('',#19409);
#5875=VERTEX_POINT('',#19411);
#5876=VERTEX_POINT('',#19413);
#5877=VERTEX_POINT('',#19416);
#5878=VERTEX_POINT('',#19417);
#5879=VERTEX_POINT('',#19419);
#5880=VERTEX_POINT('',#19421);
#5881=VERTEX_POINT('',#19423);
#5882=VERTEX_POINT('',#19425);
#5883=VERTEX_POINT('',#19427);
#5884=VERTEX_POINT('',#19429);
#5885=VERTEX_POINT('',#19432);
#5886=VERTEX_POINT('',#19433);
#5887=VERTEX_POINT('',#19435);
#5888=VERTEX_POINT('',#19437);
#5889=VERTEX_POINT('',#19439);
#5890=VERTEX_POINT('',#19441);
#5891=VERTEX_POINT('',#19443);
#5892=VERTEX_POINT('',#19445);
#5893=VERTEX_POINT('',#19448);
#5894=VERTEX_POINT('',#19449);
#5895=VERTEX_POINT('',#19451);
#5896=VERTEX_POINT('',#19453);
#5897=VERTEX_POINT('',#19455);
#5898=VERTEX_POINT('',#19457);
#5899=VERTEX_POINT('',#19459);
#5900=VERTEX_POINT('',#19461);
#5901=VERTEX_POINT('',#19464);
#5902=VERTEX_POINT('',#19465);
#5903=VERTEX_POINT('',#19467);
#5904=VERTEX_POINT('',#19469);
#5905=VERTEX_POINT('',#19471);
#5906=VERTEX_POINT('',#19473);
#5907=VERTEX_POINT('',#19475);
#5908=VERTEX_POINT('',#19477);
#5909=VERTEX_POINT('',#19480);
#5910=VERTEX_POINT('',#19481);
#5911=VERTEX_POINT('',#19483);
#5912=VERTEX_POINT('',#19485);
#5913=VERTEX_POINT('',#19487);
#5914=VERTEX_POINT('',#19489);
#5915=VERTEX_POINT('',#19491);
#5916=VERTEX_POINT('',#19493);
#5917=VERTEX_POINT('',#19495);
#5918=VERTEX_POINT('',#19497);
#5919=VERTEX_POINT('',#19499);
#5920=VERTEX_POINT('',#19501);
#5921=VERTEX_POINT('',#19503);
#5922=VERTEX_POINT('',#19505);
#5923=VERTEX_POINT('',#19507);
#5924=VERTEX_POINT('',#19509);
#5925=VERTEX_POINT('',#19511);
#5926=VERTEX_POINT('',#19513);
#5927=VERTEX_POINT('',#19515);
#5928=VERTEX_POINT('',#19517);
#5929=VERTEX_POINT('',#19519);
#5930=VERTEX_POINT('',#19521);
#5931=VERTEX_POINT('',#19523);
#5932=VERTEX_POINT('',#19525);
#5933=VERTEX_POINT('',#19528);
#5934=VERTEX_POINT('',#19529);
#5935=VERTEX_POINT('',#19531);
#5936=VERTEX_POINT('',#19533);
#5937=VERTEX_POINT('',#19535);
#5938=VERTEX_POINT('',#19537);
#5939=VERTEX_POINT('',#19539);
#5940=VERTEX_POINT('',#19541);
#5941=VERTEX_POINT('',#19544);
#5942=VERTEX_POINT('',#19545);
#5943=VERTEX_POINT('',#19547);
#5944=VERTEX_POINT('',#19549);
#5945=VERTEX_POINT('',#19551);
#5946=VERTEX_POINT('',#19553);
#5947=VERTEX_POINT('',#19555);
#5948=VERTEX_POINT('',#19557);
#5949=VERTEX_POINT('',#19560);
#5950=VERTEX_POINT('',#19561);
#5951=VERTEX_POINT('',#19563);
#5952=VERTEX_POINT('',#19565);
#5953=VERTEX_POINT('',#19567);
#5954=VERTEX_POINT('',#19569);
#5955=VERTEX_POINT('',#19571);
#5956=VERTEX_POINT('',#19573);
#5957=VERTEX_POINT('',#19576);
#5958=VERTEX_POINT('',#19577);
#5959=VERTEX_POINT('',#19579);
#5960=VERTEX_POINT('',#19581);
#5961=VERTEX_POINT('',#19583);
#5962=VERTEX_POINT('',#19585);
#5963=VERTEX_POINT('',#19587);
#5964=VERTEX_POINT('',#19589);
#5965=VERTEX_POINT('',#19592);
#5966=VERTEX_POINT('',#19593);
#5967=VERTEX_POINT('',#19595);
#5968=VERTEX_POINT('',#19597);
#5969=VERTEX_POINT('',#19599);
#5970=VERTEX_POINT('',#19601);
#5971=VERTEX_POINT('',#19603);
#5972=VERTEX_POINT('',#19605);
#5973=VERTEX_POINT('',#19608);
#5974=VERTEX_POINT('',#19609);
#5975=VERTEX_POINT('',#19611);
#5976=VERTEX_POINT('',#19613);
#5977=VERTEX_POINT('',#19615);
#5978=VERTEX_POINT('',#19617);
#5979=VERTEX_POINT('',#19619);
#5980=VERTEX_POINT('',#19621);
#5981=VERTEX_POINT('',#19624);
#5982=VERTEX_POINT('',#19625);
#5983=VERTEX_POINT('',#19627);
#5984=VERTEX_POINT('',#19629);
#5985=VERTEX_POINT('',#19631);
#5986=VERTEX_POINT('',#19633);
#5987=VERTEX_POINT('',#19635);
#5988=VERTEX_POINT('',#19637);
#5989=VERTEX_POINT('',#19640);
#5990=VERTEX_POINT('',#19641);
#5991=VERTEX_POINT('',#19643);
#5992=VERTEX_POINT('',#19645);
#5993=VERTEX_POINT('',#19647);
#5994=VERTEX_POINT('',#19649);
#5995=VERTEX_POINT('',#19651);
#5996=VERTEX_POINT('',#19653);
#5997=VERTEX_POINT('',#19656);
#5998=VERTEX_POINT('',#19657);
#5999=VERTEX_POINT('',#19659);
#6000=VERTEX_POINT('',#19661);
#6001=VERTEX_POINT('',#19663);
#6002=VERTEX_POINT('',#19665);
#6003=VERTEX_POINT('',#19667);
#6004=VERTEX_POINT('',#19669);
#6005=VERTEX_POINT('',#19672);
#6006=VERTEX_POINT('',#19673);
#6007=VERTEX_POINT('',#19675);
#6008=VERTEX_POINT('',#19677);
#6009=VERTEX_POINT('',#19679);
#6010=VERTEX_POINT('',#19681);
#6011=VERTEX_POINT('',#19683);
#6012=VERTEX_POINT('',#19685);
#6013=VERTEX_POINT('',#19688);
#6014=VERTEX_POINT('',#19689);
#6015=VERTEX_POINT('',#19691);
#6016=VERTEX_POINT('',#19693);
#6017=VERTEX_POINT('',#19695);
#6018=VERTEX_POINT('',#19697);
#6019=VERTEX_POINT('',#19699);
#6020=VERTEX_POINT('',#19701);
#6021=EDGE_CURVE('',#4813,#4814,#2365,.T.);
#6022=EDGE_CURVE('',#4815,#4813,#2366,.T.);
#6023=EDGE_CURVE('',#4816,#4815,#2367,.T.);
#6024=EDGE_CURVE('',#4816,#4814,#2368,.T.);
#6025=EDGE_CURVE('',#4814,#4817,#143,.T.);
#6026=EDGE_CURVE('',#4818,#4816,#144,.T.);
#6027=EDGE_CURVE('',#4818,#4817,#2369,.T.);
#6028=EDGE_CURVE('',#4817,#4819,#2370,.T.);
#6029=EDGE_CURVE('',#4820,#4818,#2371,.T.);
#6030=EDGE_CURVE('',#4820,#4819,#2372,.T.);
#6031=EDGE_CURVE('',#4819,#4813,#145,.T.);
#6032=EDGE_CURVE('',#4815,#4820,#146,.T.);
#6033=EDGE_CURVE('',#4821,#4822,#2373,.T.);
#6034=EDGE_CURVE('',#4823,#4821,#2374,.T.);
#6035=EDGE_CURVE('',#4824,#4823,#2375,.T.);
#6036=EDGE_CURVE('',#4824,#4822,#2376,.T.);
#6037=EDGE_CURVE('',#4822,#4825,#147,.T.);
#6038=EDGE_CURVE('',#4826,#4824,#148,.T.);
#6039=EDGE_CURVE('',#4826,#4825,#2377,.T.);
#6040=EDGE_CURVE('',#4825,#4827,#2378,.T.);
#6041=EDGE_CURVE('',#4828,#4826,#2379,.T.);
#6042=EDGE_CURVE('',#4828,#4827,#2380,.T.);
#6043=EDGE_CURVE('',#4827,#4821,#149,.T.);
#6044=EDGE_CURVE('',#4823,#4828,#150,.T.);
#6045=EDGE_CURVE('',#4829,#4830,#2381,.T.);
#6046=EDGE_CURVE('',#4831,#4829,#2382,.T.);
#6047=EDGE_CURVE('',#4832,#4831,#2383,.T.);
#6048=EDGE_CURVE('',#4832,#4830,#2384,.T.);
#6049=EDGE_CURVE('',#4830,#4833,#151,.T.);
#6050=EDGE_CURVE('',#4834,#4832,#152,.T.);
#6051=EDGE_CURVE('',#4834,#4833,#2385,.T.);
#6052=EDGE_CURVE('',#4833,#4835,#2386,.T.);
#6053=EDGE_CURVE('',#4836,#4834,#2387,.T.);
#6054=EDGE_CURVE('',#4836,#4835,#2388,.T.);
#6055=EDGE_CURVE('',#4835,#4829,#153,.T.);
#6056=EDGE_CURVE('',#4831,#4836,#154,.T.);
#6057=EDGE_CURVE('',#4837,#4838,#2389,.T.);
#6058=EDGE_CURVE('',#4839,#4837,#2390,.T.);
#6059=EDGE_CURVE('',#4840,#4839,#2391,.T.);
#6060=EDGE_CURVE('',#4840,#4838,#2392,.T.);
#6061=EDGE_CURVE('',#4838,#4841,#155,.T.);
#6062=EDGE_CURVE('',#4842,#4840,#156,.T.);
#6063=EDGE_CURVE('',#4842,#4841,#2393,.T.);
#6064=EDGE_CURVE('',#4841,#4843,#2394,.T.);
#6065=EDGE_CURVE('',#4844,#4842,#2395,.T.);
#6066=EDGE_CURVE('',#4844,#4843,#2396,.T.);
#6067=EDGE_CURVE('',#4843,#4837,#157,.T.);
#6068=EDGE_CURVE('',#4839,#4844,#158,.T.);
#6069=EDGE_CURVE('',#4845,#4846,#2397,.T.);
#6070=EDGE_CURVE('',#4847,#4845,#2398,.T.);
#6071=EDGE_CURVE('',#4848,#4847,#2399,.T.);
#6072=EDGE_CURVE('',#4848,#4846,#2400,.T.);
#6073=EDGE_CURVE('',#4846,#4849,#159,.T.);
#6074=EDGE_CURVE('',#4850,#4848,#160,.T.);
#6075=EDGE_CURVE('',#4850,#4849,#2401,.T.);
#6076=EDGE_CURVE('',#4849,#4851,#2402,.T.);
#6077=EDGE_CURVE('',#4852,#4850,#2403,.T.);
#6078=EDGE_CURVE('',#4852,#4851,#2404,.T.);
#6079=EDGE_CURVE('',#4851,#4845,#161,.T.);
#6080=EDGE_CURVE('',#4847,#4852,#162,.T.);
#6081=EDGE_CURVE('',#4853,#4854,#2405,.T.);
#6082=EDGE_CURVE('',#4855,#4853,#2406,.T.);
#6083=EDGE_CURVE('',#4856,#4855,#2407,.T.);
#6084=EDGE_CURVE('',#4856,#4854,#2408,.T.);
#6085=EDGE_CURVE('',#4854,#4857,#163,.T.);
#6086=EDGE_CURVE('',#4858,#4856,#164,.T.);
#6087=EDGE_CURVE('',#4858,#4857,#2409,.T.);
#6088=EDGE_CURVE('',#4857,#4859,#2410,.T.);
#6089=EDGE_CURVE('',#4860,#4858,#2411,.T.);
#6090=EDGE_CURVE('',#4860,#4859,#2412,.T.);
#6091=EDGE_CURVE('',#4859,#4853,#165,.T.);
#6092=EDGE_CURVE('',#4855,#4860,#166,.T.);
#6093=EDGE_CURVE('',#4861,#4862,#167,.T.);
#6094=EDGE_CURVE('',#4863,#4861,#2413,.T.);
#6095=EDGE_CURVE('',#4864,#4863,#168,.T.);
#6096=EDGE_CURVE('',#4864,#4862,#2414,.T.);
#6097=EDGE_CURVE('',#4862,#4865,#2415,.T.);
#6098=EDGE_CURVE('',#4866,#4864,#2416,.T.);
#6099=EDGE_CURVE('',#4866,#4865,#2417,.T.);
#6100=EDGE_CURVE('',#4865,#4867,#169,.T.);
#6101=EDGE_CURVE('',#4868,#4866,#170,.T.);
#6102=EDGE_CURVE('',#4868,#4867,#2418,.T.);
#6103=EDGE_CURVE('',#4867,#4861,#2419,.T.);
#6104=EDGE_CURVE('',#4863,#4868,#2420,.T.);
#6105=EDGE_CURVE('',#4869,#4870,#171,.T.);
#6106=EDGE_CURVE('',#4871,#4869,#2421,.T.);
#6107=EDGE_CURVE('',#4872,#4871,#172,.T.);
#6108=EDGE_CURVE('',#4872,#4870,#2422,.T.);
#6109=EDGE_CURVE('',#4870,#4873,#2423,.T.);
#6110=EDGE_CURVE('',#4874,#4872,#2424,.T.);
#6111=EDGE_CURVE('',#4874,#4873,#2425,.T.);
#6112=EDGE_CURVE('',#4873,#4875,#173,.T.);
#6113=EDGE_CURVE('',#4876,#4874,#174,.T.);
#6114=EDGE_CURVE('',#4876,#4875,#2426,.T.);
#6115=EDGE_CURVE('',#4875,#4869,#2427,.T.);
#6116=EDGE_CURVE('',#4871,#4876,#2428,.T.);
#6117=EDGE_CURVE('',#4877,#4878,#175,.T.);
#6118=EDGE_CURVE('',#4878,#4879,#2429,.T.);
#6119=EDGE_CURVE('',#4879,#4880,#176,.T.);
#6120=EDGE_CURVE('',#4880,#4877,#2430,.T.);
#6121=EDGE_CURVE('',#4881,#4878,#2431,.T.);
#6122=EDGE_CURVE('',#4882,#4881,#2432,.T.);
#6123=EDGE_CURVE('',#4879,#4882,#2433,.T.);
#6124=EDGE_CURVE('',#4883,#4884,#177,.T.);
#6125=EDGE_CURVE('',#4884,#4885,#2434,.T.);
#6126=EDGE_CURVE('',#4885,#4886,#178,.T.);
#6127=EDGE_CURVE('',#4886,#4883,#2435,.T.);
#6128=EDGE_CURVE('',#4883,#4880,#2436,.T.);
#6129=EDGE_CURVE('',#4877,#4886,#2437,.F.);
#6130=EDGE_CURVE('',#4887,#4885,#2438,.T.);
#6131=EDGE_CURVE('',#4888,#4887,#2439,.T.);
#6132=EDGE_CURVE('',#4888,#4889,#179,.F.);
#6133=EDGE_CURVE('',#4889,#4890,#2440,.T.);
#6134=EDGE_CURVE('',#4891,#4890,#2441,.T.);
#6135=EDGE_CURVE('',#4892,#4891,#180,.T.);
#6136=EDGE_CURVE('',#4893,#4892,#2442,.T.);
#6137=EDGE_CURVE('',#4894,#4893,#181,.T.);
#6138=EDGE_CURVE('',#4894,#4895,#2443,.T.);
#6139=EDGE_CURVE('',#4896,#4895,#182,.T.);
#6140=EDGE_CURVE('',#4896,#4897,#2444,.F.);
#6141=EDGE_CURVE('',#4898,#4897,#183,.T.);
#6142=EDGE_CURVE('',#4898,#4899,#2445,.T.);
#6143=EDGE_CURVE('',#4900,#4899,#2446,.T.);
#6144=EDGE_CURVE('',#4900,#4901,#184,.F.);
#6145=EDGE_CURVE('',#4901,#4902,#2447,.T.);
#6146=EDGE_CURVE('',#4903,#4902,#2448,.T.);
#6147=EDGE_CURVE('',#4904,#4903,#185,.T.);
#6148=EDGE_CURVE('',#4905,#4904,#2449,.T.);
#6149=EDGE_CURVE('',#4906,#4905,#186,.T.);
#6150=EDGE_CURVE('',#4906,#4907,#2450,.T.);
#6151=EDGE_CURVE('',#4907,#4908,#187,.T.);
#6152=EDGE_CURVE('',#4908,#4909,#2451,.T.);
#6153=EDGE_CURVE('',#4909,#4910,#188,.T.);
#6154=EDGE_CURVE('',#4910,#4911,#2452,.T.);
#6155=EDGE_CURVE('',#4912,#4911,#189,.T.);
#6156=EDGE_CURVE('',#4912,#4913,#2453,.F.);
#6157=EDGE_CURVE('',#4914,#4913,#190,.T.);
#6158=EDGE_CURVE('',#4915,#4914,#2454,.T.);
#6159=EDGE_CURVE('',#4916,#4915,#2455,.T.);
#6160=EDGE_CURVE('',#4916,#4917,#191,.F.);
#6161=EDGE_CURVE('',#4917,#4918,#2456,.T.);
#6162=EDGE_CURVE('',#4919,#4918,#2457,.T.);
#6163=EDGE_CURVE('',#4920,#4919,#192,.T.);
#6164=EDGE_CURVE('',#4921,#4920,#2458,.T.);
#6165=EDGE_CURVE('',#4922,#4921,#193,.T.);
#6166=EDGE_CURVE('',#4922,#4923,#2459,.T.);
#6167=EDGE_CURVE('',#4924,#4923,#194,.T.);
#6168=EDGE_CURVE('',#4924,#4925,#2460,.F.);
#6169=EDGE_CURVE('',#4926,#4925,#195,.T.);
#6170=EDGE_CURVE('',#4927,#4926,#2461,.T.);
#6171=EDGE_CURVE('',#4928,#4927,#2462,.T.);
#6172=EDGE_CURVE('',#4928,#4929,#196,.F.);
#6173=EDGE_CURVE('',#4929,#4930,#2463,.T.);
#6174=EDGE_CURVE('',#4931,#4930,#2464,.T.);
#6175=EDGE_CURVE('',#4932,#4931,#197,.T.);
#6176=EDGE_CURVE('',#4933,#4932,#2465,.T.);
#6177=EDGE_CURVE('',#4934,#4933,#198,.T.);
#6178=EDGE_CURVE('',#4934,#4935,#2466,.T.);
#6179=EDGE_CURVE('',#4935,#4936,#199,.T.);
#6180=EDGE_CURVE('',#4936,#4937,#2467,.T.);
#6181=EDGE_CURVE('',#4938,#4937,#200,.T.);
#6182=EDGE_CURVE('',#4938,#4939,#2468,.T.);
#6183=EDGE_CURVE('',#4940,#4939,#201,.T.);
#6184=EDGE_CURVE('',#4940,#4941,#2469,.F.);
#6185=EDGE_CURVE('',#4942,#4941,#202,.T.);
#6186=EDGE_CURVE('',#4943,#4942,#2470,.T.);
#6187=EDGE_CURVE('',#4944,#4943,#2471,.T.);
#6188=EDGE_CURVE('',#4944,#4945,#203,.F.);
#6189=EDGE_CURVE('',#4945,#4946,#2472,.T.);
#6190=EDGE_CURVE('',#4947,#4946,#2473,.T.);
#6191=EDGE_CURVE('',#4948,#4947,#204,.T.);
#6192=EDGE_CURVE('',#4949,#4948,#2474,.T.);
#6193=EDGE_CURVE('',#4950,#4949,#205,.T.);
#6194=EDGE_CURVE('',#4950,#4951,#2475,.T.);
#6195=EDGE_CURVE('',#4952,#4951,#206,.T.);
#6196=EDGE_CURVE('',#4952,#4953,#2476,.F.);
#6197=EDGE_CURVE('',#4954,#4953,#207,.T.);
#6198=EDGE_CURVE('',#4955,#4954,#2477,.T.);
#6199=EDGE_CURVE('',#4956,#4955,#2478,.T.);
#6200=EDGE_CURVE('',#4956,#4957,#208,.F.);
#6201=EDGE_CURVE('',#4957,#4958,#2479,.T.);
#6202=EDGE_CURVE('',#4959,#4958,#2480,.T.);
#6203=EDGE_CURVE('',#4960,#4959,#209,.T.);
#6204=EDGE_CURVE('',#4961,#4960,#2481,.T.);
#6205=EDGE_CURVE('',#4962,#4961,#210,.T.);
#6206=EDGE_CURVE('',#4962,#4963,#2482,.T.);
#6207=EDGE_CURVE('',#4964,#4963,#211,.T.);
#6208=EDGE_CURVE('',#4964,#4965,#2483,.F.);
#6209=EDGE_CURVE('',#4966,#4965,#212,.T.);
#6210=EDGE_CURVE('',#4967,#4966,#2484,.T.);
#6211=EDGE_CURVE('',#4968,#4967,#2485,.T.);
#6212=EDGE_CURVE('',#4968,#4969,#213,.F.);
#6213=EDGE_CURVE('',#4969,#4970,#2486,.T.);
#6214=EDGE_CURVE('',#4971,#4970,#2487,.T.);
#6215=EDGE_CURVE('',#4972,#4971,#214,.T.);
#6216=EDGE_CURVE('',#4973,#4972,#2488,.T.);
#6217=EDGE_CURVE('',#4974,#4973,#215,.T.);
#6218=EDGE_CURVE('',#4974,#4975,#2489,.T.);
#6219=EDGE_CURVE('',#4976,#4975,#216,.T.);
#6220=EDGE_CURVE('',#4976,#4977,#2490,.F.);
#6221=EDGE_CURVE('',#4978,#4977,#217,.T.);
#6222=EDGE_CURVE('',#4979,#4978,#2491,.T.);
#6223=EDGE_CURVE('',#4980,#4979,#2492,.T.);
#6224=EDGE_CURVE('',#4980,#4981,#218,.F.);
#6225=EDGE_CURVE('',#4981,#4982,#2493,.T.);
#6226=EDGE_CURVE('',#4983,#4982,#2494,.T.);
#6227=EDGE_CURVE('',#4984,#4983,#219,.T.);
#6228=EDGE_CURVE('',#4985,#4984,#2495,.T.);
#6229=EDGE_CURVE('',#4986,#4985,#220,.T.);
#6230=EDGE_CURVE('',#4986,#4987,#2496,.T.);
#6231=EDGE_CURVE('',#4987,#4988,#221,.T.);
#6232=EDGE_CURVE('',#4988,#4989,#2497,.T.);
#6233=EDGE_CURVE('',#4989,#4881,#222,.T.);
#6234=EDGE_CURVE('',#4990,#4991,#223,.T.);
#6235=EDGE_CURVE('',#4991,#4992,#2498,.T.);
#6236=EDGE_CURVE('',#4992,#4993,#224,.T.);
#6237=EDGE_CURVE('',#4993,#4994,#2499,.T.);
#6238=EDGE_CURVE('',#4994,#4995,#225,.T.);
#6239=EDGE_CURVE('',#4995,#4996,#2500,.T.);
#6240=EDGE_CURVE('',#4996,#4997,#226,.T.);
#6241=EDGE_CURVE('',#4997,#4990,#2501,.T.);
#6242=EDGE_CURVE('',#4998,#4999,#227,.T.);
#6243=EDGE_CURVE('',#4999,#5000,#2502,.T.);
#6244=EDGE_CURVE('',#5000,#5001,#228,.T.);
#6245=EDGE_CURVE('',#5001,#5002,#2503,.T.);
#6246=EDGE_CURVE('',#5002,#5003,#229,.T.);
#6247=EDGE_CURVE('',#5003,#5004,#2504,.T.);
#6248=EDGE_CURVE('',#5004,#5005,#230,.T.);
#6249=EDGE_CURVE('',#5005,#4998,#2505,.T.);
#6250=EDGE_CURVE('',#5006,#5007,#231,.T.);
#6251=EDGE_CURVE('',#5007,#5008,#2506,.T.);
#6252=EDGE_CURVE('',#5008,#5009,#232,.T.);
#6253=EDGE_CURVE('',#5009,#5010,#2507,.T.);
#6254=EDGE_CURVE('',#5010,#5011,#233,.T.);
#6255=EDGE_CURVE('',#5011,#5012,#2508,.T.);
#6256=EDGE_CURVE('',#5012,#5013,#234,.T.);
#6257=EDGE_CURVE('',#5013,#5006,#2509,.T.);
#6258=EDGE_CURVE('',#5014,#5015,#235,.T.);
#6259=EDGE_CURVE('',#5015,#5016,#2510,.T.);
#6260=EDGE_CURVE('',#5016,#5017,#236,.T.);
#6261=EDGE_CURVE('',#5017,#5018,#2511,.T.);
#6262=EDGE_CURVE('',#5018,#5019,#237,.T.);
#6263=EDGE_CURVE('',#5019,#5020,#2512,.T.);
#6264=EDGE_CURVE('',#5020,#5021,#238,.T.);
#6265=EDGE_CURVE('',#5021,#5014,#2513,.T.);
#6266=EDGE_CURVE('',#5022,#5023,#239,.T.);
#6267=EDGE_CURVE('',#5023,#5024,#2514,.T.);
#6268=EDGE_CURVE('',#5024,#5025,#240,.T.);
#6269=EDGE_CURVE('',#5025,#5026,#2515,.T.);
#6270=EDGE_CURVE('',#5026,#5027,#241,.T.);
#6271=EDGE_CURVE('',#5027,#5028,#2516,.T.);
#6272=EDGE_CURVE('',#5028,#5029,#242,.T.);
#6273=EDGE_CURVE('',#5029,#5022,#2517,.T.);
#6274=EDGE_CURVE('',#5030,#5031,#243,.T.);
#6275=EDGE_CURVE('',#5031,#5032,#2518,.T.);
#6276=EDGE_CURVE('',#5032,#5033,#244,.T.);
#6277=EDGE_CURVE('',#5033,#5034,#2519,.T.);
#6278=EDGE_CURVE('',#5034,#5035,#245,.T.);
#6279=EDGE_CURVE('',#5035,#5036,#2520,.T.);
#6280=EDGE_CURVE('',#5036,#5037,#246,.T.);
#6281=EDGE_CURVE('',#5037,#5030,#2521,.T.);
#6282=EDGE_CURVE('',#5038,#5039,#247,.T.);
#6283=EDGE_CURVE('',#5039,#5040,#2522,.T.);
#6284=EDGE_CURVE('',#5040,#5041,#248,.T.);
#6285=EDGE_CURVE('',#5041,#5042,#2523,.T.);
#6286=EDGE_CURVE('',#5042,#5043,#249,.T.);
#6287=EDGE_CURVE('',#5043,#5044,#2524,.T.);
#6288=EDGE_CURVE('',#5044,#5045,#250,.T.);
#6289=EDGE_CURVE('',#5045,#5038,#2525,.T.);
#6290=EDGE_CURVE('',#5046,#5047,#251,.T.);
#6291=EDGE_CURVE('',#5047,#5048,#2526,.T.);
#6292=EDGE_CURVE('',#5048,#5049,#252,.T.);
#6293=EDGE_CURVE('',#5049,#5050,#2527,.T.);
#6294=EDGE_CURVE('',#5050,#5051,#253,.T.);
#6295=EDGE_CURVE('',#5051,#5052,#2528,.T.);
#6296=EDGE_CURVE('',#5052,#5053,#254,.T.);
#6297=EDGE_CURVE('',#5053,#5046,#2529,.T.);
#6298=EDGE_CURVE('',#5054,#5055,#255,.T.);
#6299=EDGE_CURVE('',#5055,#5056,#2530,.T.);
#6300=EDGE_CURVE('',#5056,#5057,#256,.T.);
#6301=EDGE_CURVE('',#5057,#5058,#2531,.T.);
#6302=EDGE_CURVE('',#5058,#5059,#257,.T.);
#6303=EDGE_CURVE('',#5059,#5060,#2532,.T.);
#6304=EDGE_CURVE('',#5060,#5061,#258,.T.);
#6305=EDGE_CURVE('',#5061,#5054,#2533,.T.);
#6306=EDGE_CURVE('',#5062,#5063,#259,.T.);
#6307=EDGE_CURVE('',#5063,#5064,#2534,.T.);
#6308=EDGE_CURVE('',#5064,#5065,#260,.T.);
#6309=EDGE_CURVE('',#5065,#5066,#2535,.T.);
#6310=EDGE_CURVE('',#5066,#5067,#261,.T.);
#6311=EDGE_CURVE('',#5067,#5068,#2536,.T.);
#6312=EDGE_CURVE('',#5068,#5069,#262,.T.);
#6313=EDGE_CURVE('',#5069,#5062,#2537,.T.);
#6314=EDGE_CURVE('',#5070,#5071,#263,.T.);
#6315=EDGE_CURVE('',#5071,#5072,#2538,.T.);
#6316=EDGE_CURVE('',#5072,#5073,#264,.T.);
#6317=EDGE_CURVE('',#5073,#5074,#2539,.T.);
#6318=EDGE_CURVE('',#5074,#5075,#265,.T.);
#6319=EDGE_CURVE('',#5075,#5076,#2540,.T.);
#6320=EDGE_CURVE('',#5076,#5077,#266,.T.);
#6321=EDGE_CURVE('',#5077,#5070,#2541,.T.);
#6322=EDGE_CURVE('',#5078,#5079,#267,.T.);
#6323=EDGE_CURVE('',#5079,#5080,#2542,.T.);
#6324=EDGE_CURVE('',#5080,#5081,#268,.T.);
#6325=EDGE_CURVE('',#5081,#5082,#2543,.T.);
#6326=EDGE_CURVE('',#5082,#5083,#269,.T.);
#6327=EDGE_CURVE('',#5083,#5084,#2544,.T.);
#6328=EDGE_CURVE('',#5084,#5085,#270,.T.);
#6329=EDGE_CURVE('',#5085,#5086,#2545,.T.);
#6330=EDGE_CURVE('',#5086,#5087,#271,.T.);
#6331=EDGE_CURVE('',#5087,#5088,#2546,.T.);
#6332=EDGE_CURVE('',#5088,#5089,#272,.T.);
#6333=EDGE_CURVE('',#5089,#5090,#2547,.T.);
#6334=EDGE_CURVE('',#5090,#5091,#273,.T.);
#6335=EDGE_CURVE('',#5091,#5092,#2548,.T.);
#6336=EDGE_CURVE('',#5092,#5093,#274,.T.);
#6337=EDGE_CURVE('',#5093,#5094,#2549,.T.);
#6338=EDGE_CURVE('',#5094,#5095,#275,.T.);
#6339=EDGE_CURVE('',#5095,#5096,#2550,.T.);
#6340=EDGE_CURVE('',#5096,#5097,#276,.T.);
#6341=EDGE_CURVE('',#5097,#5098,#2551,.T.);
#6342=EDGE_CURVE('',#5098,#5099,#277,.T.);
#6343=EDGE_CURVE('',#5099,#5100,#2552,.T.);
#6344=EDGE_CURVE('',#5100,#5101,#278,.T.);
#6345=EDGE_CURVE('',#5101,#5078,#2553,.T.);
#6346=EDGE_CURVE('',#5102,#5103,#279,.T.);
#6347=EDGE_CURVE('',#5103,#5104,#2554,.T.);
#6348=EDGE_CURVE('',#5104,#5105,#280,.T.);
#6349=EDGE_CURVE('',#5105,#5106,#2555,.T.);
#6350=EDGE_CURVE('',#5106,#5107,#281,.T.);
#6351=EDGE_CURVE('',#5107,#5108,#2556,.T.);
#6352=EDGE_CURVE('',#5108,#5109,#282,.T.);
#6353=EDGE_CURVE('',#5109,#5102,#2557,.T.);
#6354=EDGE_CURVE('',#5110,#5111,#283,.T.);
#6355=EDGE_CURVE('',#5111,#5112,#2558,.T.);
#6356=EDGE_CURVE('',#5112,#5113,#284,.T.);
#6357=EDGE_CURVE('',#5113,#5114,#2559,.T.);
#6358=EDGE_CURVE('',#5114,#5115,#285,.T.);
#6359=EDGE_CURVE('',#5115,#5116,#2560,.T.);
#6360=EDGE_CURVE('',#5116,#5117,#286,.T.);
#6361=EDGE_CURVE('',#5117,#5110,#2561,.T.);
#6362=EDGE_CURVE('',#5118,#5119,#287,.T.);
#6363=EDGE_CURVE('',#5119,#5120,#2562,.T.);
#6364=EDGE_CURVE('',#5120,#5121,#288,.T.);
#6365=EDGE_CURVE('',#5121,#5122,#2563,.T.);
#6366=EDGE_CURVE('',#5122,#5123,#289,.T.);
#6367=EDGE_CURVE('',#5123,#5124,#2564,.T.);
#6368=EDGE_CURVE('',#5124,#5125,#290,.T.);
#6369=EDGE_CURVE('',#5125,#5118,#2565,.T.);
#6370=EDGE_CURVE('',#5126,#5127,#291,.T.);
#6371=EDGE_CURVE('',#5127,#5128,#2566,.T.);
#6372=EDGE_CURVE('',#5128,#5129,#292,.T.);
#6373=EDGE_CURVE('',#5129,#5130,#2567,.T.);
#6374=EDGE_CURVE('',#5130,#5131,#293,.T.);
#6375=EDGE_CURVE('',#5131,#5132,#2568,.T.);
#6376=EDGE_CURVE('',#5132,#5133,#294,.T.);
#6377=EDGE_CURVE('',#5133,#5126,#2569,.T.);
#6378=EDGE_CURVE('',#5134,#5135,#295,.T.);
#6379=EDGE_CURVE('',#5135,#5136,#2570,.T.);
#6380=EDGE_CURVE('',#5136,#5137,#296,.T.);
#6381=EDGE_CURVE('',#5137,#5138,#2571,.T.);
#6382=EDGE_CURVE('',#5138,#5139,#297,.T.);
#6383=EDGE_CURVE('',#5139,#5140,#2572,.T.);
#6384=EDGE_CURVE('',#5140,#5141,#298,.T.);
#6385=EDGE_CURVE('',#5141,#5134,#2573,.T.);
#6386=EDGE_CURVE('',#5142,#5143,#299,.T.);
#6387=EDGE_CURVE('',#5143,#5144,#2574,.T.);
#6388=EDGE_CURVE('',#5144,#5145,#300,.T.);
#6389=EDGE_CURVE('',#5145,#5146,#2575,.T.);
#6390=EDGE_CURVE('',#5146,#5147,#301,.T.);
#6391=EDGE_CURVE('',#5147,#5148,#2576,.T.);
#6392=EDGE_CURVE('',#5148,#5149,#302,.T.);
#6393=EDGE_CURVE('',#5149,#5142,#2577,.T.);
#6394=EDGE_CURVE('',#5150,#5151,#303,.T.);
#6395=EDGE_CURVE('',#5151,#5152,#2578,.T.);
#6396=EDGE_CURVE('',#5152,#5153,#304,.T.);
#6397=EDGE_CURVE('',#5153,#5154,#2579,.T.);
#6398=EDGE_CURVE('',#5154,#5155,#305,.T.);
#6399=EDGE_CURVE('',#5155,#5156,#2580,.T.);
#6400=EDGE_CURVE('',#5156,#5157,#306,.T.);
#6401=EDGE_CURVE('',#5157,#5150,#2581,.T.);
#6402=EDGE_CURVE('',#5158,#5159,#307,.T.);
#6403=EDGE_CURVE('',#5159,#5160,#2582,.T.);
#6404=EDGE_CURVE('',#5160,#5161,#308,.T.);
#6405=EDGE_CURVE('',#5161,#5162,#2583,.T.);
#6406=EDGE_CURVE('',#5162,#5163,#309,.T.);
#6407=EDGE_CURVE('',#5163,#5164,#2584,.T.);
#6408=EDGE_CURVE('',#5164,#5165,#310,.T.);
#6409=EDGE_CURVE('',#5165,#5158,#2585,.T.);
#6410=EDGE_CURVE('',#5166,#5167,#311,.T.);
#6411=EDGE_CURVE('',#5167,#5168,#2586,.T.);
#6412=EDGE_CURVE('',#5168,#5169,#312,.T.);
#6413=EDGE_CURVE('',#5169,#5170,#2587,.T.);
#6414=EDGE_CURVE('',#5170,#5171,#313,.T.);
#6415=EDGE_CURVE('',#5171,#5172,#2588,.T.);
#6416=EDGE_CURVE('',#5172,#5173,#314,.T.);
#6417=EDGE_CURVE('',#5173,#5166,#2589,.T.);
#6418=EDGE_CURVE('',#5174,#5175,#315,.T.);
#6419=EDGE_CURVE('',#5175,#5176,#2590,.T.);
#6420=EDGE_CURVE('',#5176,#5177,#316,.T.);
#6421=EDGE_CURVE('',#5177,#5178,#2591,.T.);
#6422=EDGE_CURVE('',#5178,#5179,#317,.T.);
#6423=EDGE_CURVE('',#5179,#5180,#2592,.T.);
#6424=EDGE_CURVE('',#5180,#5181,#318,.T.);
#6425=EDGE_CURVE('',#5181,#5174,#2593,.T.);
#6426=EDGE_CURVE('',#5182,#5183,#319,.T.);
#6427=EDGE_CURVE('',#5183,#5184,#2594,.T.);
#6428=EDGE_CURVE('',#5184,#5185,#320,.T.);
#6429=EDGE_CURVE('',#5185,#5186,#2595,.T.);
#6430=EDGE_CURVE('',#5186,#5187,#321,.T.);
#6431=EDGE_CURVE('',#5187,#5188,#2596,.T.);
#6432=EDGE_CURVE('',#5188,#5189,#322,.T.);
#6433=EDGE_CURVE('',#5189,#5182,#2597,.T.);
#6434=EDGE_CURVE('',#5190,#5191,#323,.T.);
#6435=EDGE_CURVE('',#5191,#5192,#2598,.T.);
#6436=EDGE_CURVE('',#5192,#5193,#324,.T.);
#6437=EDGE_CURVE('',#5193,#5194,#2599,.T.);
#6438=EDGE_CURVE('',#5194,#5195,#325,.T.);
#6439=EDGE_CURVE('',#5195,#5196,#2600,.T.);
#6440=EDGE_CURVE('',#5196,#5197,#326,.T.);
#6441=EDGE_CURVE('',#5197,#5190,#2601,.T.);
#6442=EDGE_CURVE('',#5198,#5199,#327,.T.);
#6443=EDGE_CURVE('',#5199,#5200,#2602,.T.);
#6444=EDGE_CURVE('',#5200,#5201,#328,.T.);
#6445=EDGE_CURVE('',#5201,#5202,#2603,.T.);
#6446=EDGE_CURVE('',#5202,#5203,#329,.T.);
#6447=EDGE_CURVE('',#5203,#5204,#2604,.T.);
#6448=EDGE_CURVE('',#5204,#5205,#330,.T.);
#6449=EDGE_CURVE('',#5205,#5198,#2605,.T.);
#6450=EDGE_CURVE('',#5206,#5207,#331,.T.);
#6451=EDGE_CURVE('',#5207,#5208,#2606,.T.);
#6452=EDGE_CURVE('',#5208,#5209,#332,.T.);
#6453=EDGE_CURVE('',#5209,#5210,#2607,.T.);
#6454=EDGE_CURVE('',#5210,#5211,#333,.T.);
#6455=EDGE_CURVE('',#5211,#5212,#2608,.T.);
#6456=EDGE_CURVE('',#5212,#5213,#334,.T.);
#6457=EDGE_CURVE('',#5213,#5206,#2609,.T.);
#6458=EDGE_CURVE('',#5214,#5215,#335,.T.);
#6459=EDGE_CURVE('',#5215,#5216,#2610,.T.);
#6460=EDGE_CURVE('',#5216,#5217,#336,.T.);
#6461=EDGE_CURVE('',#5217,#5218,#2611,.T.);
#6462=EDGE_CURVE('',#5218,#5219,#337,.T.);
#6463=EDGE_CURVE('',#5219,#5220,#2612,.T.);
#6464=EDGE_CURVE('',#5220,#5221,#338,.T.);
#6465=EDGE_CURVE('',#5221,#5214,#2613,.T.);
#6466=EDGE_CURVE('',#5222,#5223,#339,.T.);
#6467=EDGE_CURVE('',#5223,#5224,#2614,.T.);
#6468=EDGE_CURVE('',#5224,#5225,#340,.T.);
#6469=EDGE_CURVE('',#5225,#5226,#2615,.T.);
#6470=EDGE_CURVE('',#5226,#5227,#341,.T.);
#6471=EDGE_CURVE('',#5227,#5228,#2616,.T.);
#6472=EDGE_CURVE('',#5228,#5229,#342,.T.);
#6473=EDGE_CURVE('',#5229,#5222,#2617,.T.);
#6474=EDGE_CURVE('',#5230,#5231,#343,.T.);
#6475=EDGE_CURVE('',#5231,#5232,#2618,.T.);
#6476=EDGE_CURVE('',#5232,#5233,#344,.T.);
#6477=EDGE_CURVE('',#5233,#5234,#2619,.T.);
#6478=EDGE_CURVE('',#5234,#5235,#345,.T.);
#6479=EDGE_CURVE('',#5235,#5236,#2620,.T.);
#6480=EDGE_CURVE('',#5236,#5237,#346,.T.);
#6481=EDGE_CURVE('',#5237,#5230,#2621,.T.);
#6482=EDGE_CURVE('',#5238,#5239,#347,.T.);
#6483=EDGE_CURVE('',#5239,#5240,#2622,.T.);
#6484=EDGE_CURVE('',#5240,#5241,#348,.T.);
#6485=EDGE_CURVE('',#5241,#5242,#2623,.T.);
#6486=EDGE_CURVE('',#5242,#5243,#349,.T.);
#6487=EDGE_CURVE('',#5243,#5244,#2624,.T.);
#6488=EDGE_CURVE('',#5244,#5245,#350,.T.);
#6489=EDGE_CURVE('',#5245,#5238,#2625,.T.);
#6490=EDGE_CURVE('',#5246,#5247,#351,.T.);
#6491=EDGE_CURVE('',#5247,#5248,#2626,.T.);
#6492=EDGE_CURVE('',#5248,#5249,#352,.T.);
#6493=EDGE_CURVE('',#5249,#5250,#2627,.T.);
#6494=EDGE_CURVE('',#5250,#5251,#353,.T.);
#6495=EDGE_CURVE('',#5251,#5252,#2628,.T.);
#6496=EDGE_CURVE('',#5252,#5253,#354,.T.);
#6497=EDGE_CURVE('',#5253,#5246,#2629,.T.);
#6498=EDGE_CURVE('',#5254,#5255,#355,.T.);
#6499=EDGE_CURVE('',#5255,#5256,#2630,.T.);
#6500=EDGE_CURVE('',#5256,#5257,#356,.T.);
#6501=EDGE_CURVE('',#5257,#5258,#2631,.T.);
#6502=EDGE_CURVE('',#5258,#5259,#357,.T.);
#6503=EDGE_CURVE('',#5259,#5260,#2632,.T.);
#6504=EDGE_CURVE('',#5260,#5261,#358,.T.);
#6505=EDGE_CURVE('',#5261,#5254,#2633,.T.);
#6506=EDGE_CURVE('',#5262,#5263,#359,.T.);
#6507=EDGE_CURVE('',#5263,#5264,#2634,.T.);
#6508=EDGE_CURVE('',#5264,#5265,#360,.T.);
#6509=EDGE_CURVE('',#5265,#5266,#2635,.T.);
#6510=EDGE_CURVE('',#5266,#5267,#361,.T.);
#6511=EDGE_CURVE('',#5267,#5268,#2636,.T.);
#6512=EDGE_CURVE('',#5268,#5269,#362,.T.);
#6513=EDGE_CURVE('',#5269,#5262,#2637,.T.);
#6514=EDGE_CURVE('',#5270,#5271,#363,.T.);
#6515=EDGE_CURVE('',#5271,#5272,#2638,.T.);
#6516=EDGE_CURVE('',#5272,#5273,#364,.T.);
#6517=EDGE_CURVE('',#5273,#5274,#2639,.T.);
#6518=EDGE_CURVE('',#5274,#5275,#365,.T.);
#6519=EDGE_CURVE('',#5275,#5276,#2640,.T.);
#6520=EDGE_CURVE('',#5276,#5277,#366,.T.);
#6521=EDGE_CURVE('',#5277,#5270,#2641,.T.);
#6522=EDGE_CURVE('',#5278,#5279,#367,.T.);
#6523=EDGE_CURVE('',#5279,#5280,#2642,.T.);
#6524=EDGE_CURVE('',#5280,#5281,#368,.T.);
#6525=EDGE_CURVE('',#5281,#5282,#2643,.T.);
#6526=EDGE_CURVE('',#5282,#5283,#369,.T.);
#6527=EDGE_CURVE('',#5283,#5284,#2644,.T.);
#6528=EDGE_CURVE('',#5284,#5285,#370,.T.);
#6529=EDGE_CURVE('',#5285,#5278,#2645,.T.);
#6530=EDGE_CURVE('',#5286,#5287,#371,.T.);
#6531=EDGE_CURVE('',#5287,#5288,#2646,.T.);
#6532=EDGE_CURVE('',#5288,#5289,#372,.T.);
#6533=EDGE_CURVE('',#5289,#5290,#2647,.T.);
#6534=EDGE_CURVE('',#5290,#5291,#373,.T.);
#6535=EDGE_CURVE('',#5291,#5292,#2648,.T.);
#6536=EDGE_CURVE('',#5292,#5293,#374,.T.);
#6537=EDGE_CURVE('',#5293,#5286,#2649,.T.);
#6538=EDGE_CURVE('',#5294,#5295,#375,.T.);
#6539=EDGE_CURVE('',#5295,#5296,#2650,.T.);
#6540=EDGE_CURVE('',#5296,#5297,#376,.T.);
#6541=EDGE_CURVE('',#5297,#5298,#2651,.T.);
#6542=EDGE_CURVE('',#5298,#5299,#377,.T.);
#6543=EDGE_CURVE('',#5299,#5300,#2652,.T.);
#6544=EDGE_CURVE('',#5300,#5301,#378,.T.);
#6545=EDGE_CURVE('',#5301,#5294,#2653,.T.);
#6546=EDGE_CURVE('',#5302,#5303,#379,.T.);
#6547=EDGE_CURVE('',#5303,#5304,#2654,.T.);
#6548=EDGE_CURVE('',#5304,#5305,#380,.T.);
#6549=EDGE_CURVE('',#5305,#5306,#2655,.T.);
#6550=EDGE_CURVE('',#5306,#5307,#381,.T.);
#6551=EDGE_CURVE('',#5307,#5308,#2656,.T.);
#6552=EDGE_CURVE('',#5308,#5309,#382,.T.);
#6553=EDGE_CURVE('',#5309,#5302,#2657,.T.);
#6554=EDGE_CURVE('',#5310,#5311,#383,.T.);
#6555=EDGE_CURVE('',#5311,#5312,#2658,.T.);
#6556=EDGE_CURVE('',#5312,#5313,#384,.T.);
#6557=EDGE_CURVE('',#5313,#5314,#2659,.T.);
#6558=EDGE_CURVE('',#5314,#5315,#385,.T.);
#6559=EDGE_CURVE('',#5315,#5316,#2660,.T.);
#6560=EDGE_CURVE('',#5316,#5317,#386,.T.);
#6561=EDGE_CURVE('',#5317,#5310,#2661,.T.);
#6562=EDGE_CURVE('',#5318,#5319,#387,.T.);
#6563=EDGE_CURVE('',#5319,#5320,#2662,.T.);
#6564=EDGE_CURVE('',#5320,#5321,#388,.T.);
#6565=EDGE_CURVE('',#5321,#5322,#2663,.T.);
#6566=EDGE_CURVE('',#5322,#5323,#389,.T.);
#6567=EDGE_CURVE('',#5323,#5324,#2664,.T.);
#6568=EDGE_CURVE('',#5324,#5325,#390,.T.);
#6569=EDGE_CURVE('',#5325,#5318,#2665,.T.);
#6570=EDGE_CURVE('',#5326,#5327,#391,.T.);
#6571=EDGE_CURVE('',#5327,#5328,#2666,.T.);
#6572=EDGE_CURVE('',#5328,#5329,#392,.T.);
#6573=EDGE_CURVE('',#5329,#5330,#2667,.T.);
#6574=EDGE_CURVE('',#5330,#5331,#393,.T.);
#6575=EDGE_CURVE('',#5331,#5332,#2668,.T.);
#6576=EDGE_CURVE('',#5332,#5333,#394,.T.);
#6577=EDGE_CURVE('',#5333,#5326,#2669,.T.);
#6578=EDGE_CURVE('',#5334,#5335,#395,.T.);
#6579=EDGE_CURVE('',#5335,#5336,#2670,.T.);
#6580=EDGE_CURVE('',#5336,#5337,#396,.T.);
#6581=EDGE_CURVE('',#5337,#5338,#2671,.T.);
#6582=EDGE_CURVE('',#5338,#5339,#397,.T.);
#6583=EDGE_CURVE('',#5339,#5340,#2672,.T.);
#6584=EDGE_CURVE('',#5340,#5341,#398,.T.);
#6585=EDGE_CURVE('',#5341,#5334,#2673,.T.);
#6586=EDGE_CURVE('',#5342,#5343,#399,.T.);
#6587=EDGE_CURVE('',#5343,#5344,#2674,.T.);
#6588=EDGE_CURVE('',#5344,#5345,#400,.T.);
#6589=EDGE_CURVE('',#5345,#5346,#2675,.T.);
#6590=EDGE_CURVE('',#5346,#5347,#401,.T.);
#6591=EDGE_CURVE('',#5347,#5348,#2676,.T.);
#6592=EDGE_CURVE('',#5348,#5349,#402,.T.);
#6593=EDGE_CURVE('',#5349,#5342,#2677,.T.);
#6594=EDGE_CURVE('',#5350,#5351,#403,.T.);
#6595=EDGE_CURVE('',#5351,#5352,#2678,.T.);
#6596=EDGE_CURVE('',#5352,#5353,#404,.T.);
#6597=EDGE_CURVE('',#5353,#5354,#2679,.T.);
#6598=EDGE_CURVE('',#5354,#5355,#405,.T.);
#6599=EDGE_CURVE('',#5355,#5356,#2680,.T.);
#6600=EDGE_CURVE('',#5356,#5357,#406,.T.);
#6601=EDGE_CURVE('',#5357,#5350,#2681,.T.);
#6602=EDGE_CURVE('',#5358,#5359,#407,.T.);
#6603=EDGE_CURVE('',#5359,#5360,#2682,.T.);
#6604=EDGE_CURVE('',#5360,#5361,#408,.T.);
#6605=EDGE_CURVE('',#5361,#5362,#2683,.T.);
#6606=EDGE_CURVE('',#5362,#5363,#409,.T.);
#6607=EDGE_CURVE('',#5363,#5364,#2684,.T.);
#6608=EDGE_CURVE('',#5364,#5365,#410,.T.);
#6609=EDGE_CURVE('',#5365,#5358,#2685,.T.);
#6610=EDGE_CURVE('',#5366,#5367,#411,.T.);
#6611=EDGE_CURVE('',#5367,#5368,#2686,.T.);
#6612=EDGE_CURVE('',#5368,#5369,#412,.T.);
#6613=EDGE_CURVE('',#5369,#5370,#2687,.T.);
#6614=EDGE_CURVE('',#5370,#5371,#413,.T.);
#6615=EDGE_CURVE('',#5371,#5372,#2688,.T.);
#6616=EDGE_CURVE('',#5372,#5373,#414,.T.);
#6617=EDGE_CURVE('',#5373,#5366,#2689,.T.);
#6618=EDGE_CURVE('',#5374,#5375,#415,.T.);
#6619=EDGE_CURVE('',#5375,#5376,#2690,.T.);
#6620=EDGE_CURVE('',#5376,#5377,#416,.T.);
#6621=EDGE_CURVE('',#5377,#5378,#2691,.T.);
#6622=EDGE_CURVE('',#5378,#5379,#417,.T.);
#6623=EDGE_CURVE('',#5379,#5380,#2692,.T.);
#6624=EDGE_CURVE('',#5380,#5381,#418,.T.);
#6625=EDGE_CURVE('',#5381,#5374,#2693,.T.);
#6626=EDGE_CURVE('',#5382,#5383,#419,.T.);
#6627=EDGE_CURVE('',#5383,#5384,#2694,.T.);
#6628=EDGE_CURVE('',#5384,#5385,#420,.T.);
#6629=EDGE_CURVE('',#5385,#5386,#2695,.T.);
#6630=EDGE_CURVE('',#5386,#5387,#421,.T.);
#6631=EDGE_CURVE('',#5387,#5388,#2696,.T.);
#6632=EDGE_CURVE('',#5388,#5389,#422,.T.);
#6633=EDGE_CURVE('',#5389,#5382,#2697,.T.);
#6634=EDGE_CURVE('',#5390,#5391,#423,.T.);
#6635=EDGE_CURVE('',#5391,#5392,#2698,.T.);
#6636=EDGE_CURVE('',#5392,#5393,#424,.T.);
#6637=EDGE_CURVE('',#5393,#5394,#2699,.T.);
#6638=EDGE_CURVE('',#5394,#5395,#425,.T.);
#6639=EDGE_CURVE('',#5395,#5396,#2700,.T.);
#6640=EDGE_CURVE('',#5396,#5397,#426,.T.);
#6641=EDGE_CURVE('',#5397,#5390,#2701,.T.);
#6642=EDGE_CURVE('',#5398,#5399,#427,.T.);
#6643=EDGE_CURVE('',#5399,#5400,#2702,.T.);
#6644=EDGE_CURVE('',#5400,#5401,#428,.T.);
#6645=EDGE_CURVE('',#5401,#5402,#2703,.T.);
#6646=EDGE_CURVE('',#5402,#5403,#429,.T.);
#6647=EDGE_CURVE('',#5403,#5404,#2704,.T.);
#6648=EDGE_CURVE('',#5404,#5405,#430,.T.);
#6649=EDGE_CURVE('',#5405,#5398,#2705,.T.);
#6650=EDGE_CURVE('',#5406,#5407,#431,.T.);
#6651=EDGE_CURVE('',#5407,#5408,#2706,.T.);
#6652=EDGE_CURVE('',#5408,#5409,#432,.T.);
#6653=EDGE_CURVE('',#5409,#5410,#2707,.T.);
#6654=EDGE_CURVE('',#5410,#5411,#433,.T.);
#6655=EDGE_CURVE('',#5411,#5412,#2708,.T.);
#6656=EDGE_CURVE('',#5412,#5413,#434,.T.);
#6657=EDGE_CURVE('',#5413,#5406,#2709,.T.);
#6658=EDGE_CURVE('',#5414,#5415,#435,.T.);
#6659=EDGE_CURVE('',#5415,#5416,#2710,.T.);
#6660=EDGE_CURVE('',#5416,#5417,#436,.T.);
#6661=EDGE_CURVE('',#5417,#5418,#2711,.T.);
#6662=EDGE_CURVE('',#5418,#5419,#437,.T.);
#6663=EDGE_CURVE('',#5419,#5420,#2712,.T.);
#6664=EDGE_CURVE('',#5420,#5421,#438,.T.);
#6665=EDGE_CURVE('',#5421,#5414,#2713,.T.);
#6666=EDGE_CURVE('',#5422,#5423,#439,.T.);
#6667=EDGE_CURVE('',#5423,#5424,#2714,.T.);
#6668=EDGE_CURVE('',#5424,#5425,#440,.T.);
#6669=EDGE_CURVE('',#5425,#5426,#2715,.T.);
#6670=EDGE_CURVE('',#5426,#5427,#441,.T.);
#6671=EDGE_CURVE('',#5427,#5428,#2716,.T.);
#6672=EDGE_CURVE('',#5428,#5429,#442,.T.);
#6673=EDGE_CURVE('',#5429,#5422,#2717,.T.);
#6674=EDGE_CURVE('',#5430,#5431,#443,.T.);
#6675=EDGE_CURVE('',#5431,#5432,#2718,.T.);
#6676=EDGE_CURVE('',#5432,#5433,#444,.T.);
#6677=EDGE_CURVE('',#5433,#5434,#2719,.T.);
#6678=EDGE_CURVE('',#5434,#5435,#445,.T.);
#6679=EDGE_CURVE('',#5435,#5436,#2720,.T.);
#6680=EDGE_CURVE('',#5436,#5437,#446,.T.);
#6681=EDGE_CURVE('',#5437,#5430,#2721,.T.);
#6682=EDGE_CURVE('',#5438,#5439,#447,.T.);
#6683=EDGE_CURVE('',#5439,#5440,#2722,.T.);
#6684=EDGE_CURVE('',#5440,#5441,#448,.T.);
#6685=EDGE_CURVE('',#5441,#5442,#2723,.T.);
#6686=EDGE_CURVE('',#5442,#5443,#449,.T.);
#6687=EDGE_CURVE('',#5443,#5444,#2724,.T.);
#6688=EDGE_CURVE('',#5444,#5445,#450,.T.);
#6689=EDGE_CURVE('',#5445,#5438,#2725,.T.);
#6690=EDGE_CURVE('',#5446,#5447,#451,.T.);
#6691=EDGE_CURVE('',#5447,#5448,#2726,.T.);
#6692=EDGE_CURVE('',#5448,#5449,#452,.T.);
#6693=EDGE_CURVE('',#5449,#5450,#2727,.T.);
#6694=EDGE_CURVE('',#5450,#5451,#453,.T.);
#6695=EDGE_CURVE('',#5451,#5452,#2728,.T.);
#6696=EDGE_CURVE('',#5452,#5453,#454,.T.);
#6697=EDGE_CURVE('',#5453,#5446,#2729,.T.);
#6698=EDGE_CURVE('',#4893,#5454,#2730,.T.);
#6699=EDGE_CURVE('',#5454,#5455,#455,.T.);
#6700=EDGE_CURVE('',#5455,#4894,#2731,.T.);
#6701=EDGE_CURVE('',#5456,#4892,#2732,.T.);
#6702=EDGE_CURVE('',#5456,#5454,#2733,.F.);
#6703=EDGE_CURVE('',#4891,#5457,#2734,.T.);
#6704=EDGE_CURVE('',#5457,#5456,#456,.T.);
#6705=EDGE_CURVE('',#4895,#5458,#2735,.T.);
#6706=EDGE_CURVE('',#5458,#5459,#457,.T.);
#6707=EDGE_CURVE('',#5459,#4896,#2736,.T.);
#6708=EDGE_CURVE('',#5458,#5455,#2737,.T.);
#6709=EDGE_CURVE('',#5460,#5461,#458,.T.);
#6710=EDGE_CURVE('',#5461,#4898,#2738,.T.);
#6711=EDGE_CURVE('',#4897,#5460,#2739,.T.);
#6712=EDGE_CURVE('',#5460,#5459,#2740,.T.);
#6713=EDGE_CURVE('',#4905,#5462,#2741,.T.);
#6714=EDGE_CURVE('',#5462,#5463,#459,.T.);
#6715=EDGE_CURVE('',#5463,#4906,#2742,.T.);
#6716=EDGE_CURVE('',#5464,#4904,#2743,.T.);
#6717=EDGE_CURVE('',#5464,#5462,#2744,.F.);
#6718=EDGE_CURVE('',#4903,#5465,#2745,.T.);
#6719=EDGE_CURVE('',#5465,#5464,#460,.T.);
#6720=EDGE_CURVE('',#4983,#5466,#2746,.T.);
#6721=EDGE_CURVE('',#5466,#5467,#461,.T.);
#6722=EDGE_CURVE('',#5467,#4984,#2747,.T.);
#6723=EDGE_CURVE('',#5468,#5467,#2748,.T.);
#6724=EDGE_CURVE('',#4985,#5468,#2749,.T.);
#6725=EDGE_CURVE('',#5469,#4882,#462,.T.);
#6726=EDGE_CURVE('',#5470,#5469,#2750,.T.);
#6727=EDGE_CURVE('',#5471,#5470,#463,.T.);
#6728=EDGE_CURVE('',#5472,#5471,#2751,.T.);
#6729=EDGE_CURVE('',#5468,#5472,#464,.T.);
#6730=EDGE_CURVE('',#5473,#5466,#2752,.T.);
#6731=EDGE_CURVE('',#5474,#5473,#2753,.T.);
#6732=EDGE_CURVE('',#5474,#5475,#465,.T.);
#6733=EDGE_CURVE('',#5475,#5476,#2754,.T.);
#6734=EDGE_CURVE('',#5477,#5476,#2755,.T.);
#6735=EDGE_CURVE('',#5478,#5477,#466,.T.);
#6736=EDGE_CURVE('',#5478,#5479,#2756,.T.);
#6737=EDGE_CURVE('',#5480,#5479,#467,.T.);
#6738=EDGE_CURVE('',#5481,#5480,#2757,.T.);
#6739=EDGE_CURVE('',#5482,#5481,#468,.T.);
#6740=EDGE_CURVE('',#5482,#5483,#2758,.T.);
#6741=EDGE_CURVE('',#5484,#5483,#469,.T.);
#6742=EDGE_CURVE('',#5485,#5484,#2759,.T.);
#6743=EDGE_CURVE('',#5486,#5485,#2760,.T.);
#6744=EDGE_CURVE('',#5486,#5487,#470,.T.);
#6745=EDGE_CURVE('',#5487,#5488,#2761,.T.);
#6746=EDGE_CURVE('',#5489,#5488,#2762,.T.);
#6747=EDGE_CURVE('',#5490,#5489,#471,.T.);
#6748=EDGE_CURVE('',#5490,#5491,#2763,.T.);
#6749=EDGE_CURVE('',#5492,#5491,#472,.T.);
#6750=EDGE_CURVE('',#5493,#5492,#2764,.T.);
#6751=EDGE_CURVE('',#5494,#5493,#473,.T.);
#6752=EDGE_CURVE('',#5494,#5495,#2765,.T.);
#6753=EDGE_CURVE('',#5496,#5495,#474,.T.);
#6754=EDGE_CURVE('',#5497,#5496,#2766,.T.);
#6755=EDGE_CURVE('',#5498,#5497,#2767,.T.);
#6756=EDGE_CURVE('',#5498,#5499,#475,.T.);
#6757=EDGE_CURVE('',#5499,#5500,#2768,.T.);
#6758=EDGE_CURVE('',#5501,#5500,#2769,.T.);
#6759=EDGE_CURVE('',#5502,#5501,#476,.T.);
#6760=EDGE_CURVE('',#5502,#5503,#2770,.T.);
#6761=EDGE_CURVE('',#5504,#5503,#477,.T.);
#6762=EDGE_CURVE('',#5505,#5504,#2771,.T.);
#6763=EDGE_CURVE('',#5506,#5505,#478,.T.);
#6764=EDGE_CURVE('',#5506,#5507,#2772,.T.);
#6765=EDGE_CURVE('',#5508,#5507,#479,.T.);
#6766=EDGE_CURVE('',#5509,#5508,#2773,.T.);
#6767=EDGE_CURVE('',#5510,#5509,#2774,.T.);
#6768=EDGE_CURVE('',#5510,#5511,#480,.T.);
#6769=EDGE_CURVE('',#5511,#5512,#2775,.T.);
#6770=EDGE_CURVE('',#5513,#5512,#2776,.T.);
#6771=EDGE_CURVE('',#5514,#5513,#481,.T.);
#6772=EDGE_CURVE('',#5514,#5515,#2777,.T.);
#6773=EDGE_CURVE('',#5516,#5515,#482,.T.);
#6774=EDGE_CURVE('',#5517,#5516,#2778,.T.);
#6775=EDGE_CURVE('',#5518,#5517,#483,.T.);
#6776=EDGE_CURVE('',#5518,#5519,#2779,.T.);
#6777=EDGE_CURVE('',#5520,#5519,#484,.T.);
#6778=EDGE_CURVE('',#5520,#5521,#2780,.T.);
#6779=EDGE_CURVE('',#5522,#5521,#485,.T.);
#6780=EDGE_CURVE('',#5523,#5522,#2781,.F.);
#6781=EDGE_CURVE('',#5524,#5523,#486,.T.);
#6782=EDGE_CURVE('',#5525,#5524,#2782,.T.);
#6783=EDGE_CURVE('',#5526,#5525,#2783,.T.);
#6784=EDGE_CURVE('',#5526,#5527,#487,.T.);
#6785=EDGE_CURVE('',#5527,#5528,#2784,.T.);
#6786=EDGE_CURVE('',#5529,#5528,#2785,.T.);
#6787=EDGE_CURVE('',#5530,#5529,#488,.T.);
#6788=EDGE_CURVE('',#5530,#5531,#2786,.T.);
#6789=EDGE_CURVE('',#5532,#5531,#489,.T.);
#6790=EDGE_CURVE('',#5532,#5533,#2787,.T.);
#6791=EDGE_CURVE('',#5534,#5533,#490,.T.);
#6792=EDGE_CURVE('',#5535,#5534,#2788,.F.);
#6793=EDGE_CURVE('',#5536,#5535,#491,.T.);
#6794=EDGE_CURVE('',#5537,#5536,#2789,.T.);
#6795=EDGE_CURVE('',#5538,#5537,#2790,.T.);
#6796=EDGE_CURVE('',#5538,#5539,#492,.T.);
#6797=EDGE_CURVE('',#5539,#5540,#2791,.T.);
#6798=EDGE_CURVE('',#5541,#5540,#2792,.T.);
#6799=EDGE_CURVE('',#5542,#5541,#493,.T.);
#6800=EDGE_CURVE('',#5542,#5543,#2793,.T.);
#6801=EDGE_CURVE('',#5544,#5543,#494,.T.);
#6802=EDGE_CURVE('',#5544,#5545,#2794,.T.);
#6803=EDGE_CURVE('',#5546,#5545,#495,.T.);
#6804=EDGE_CURVE('',#5546,#5547,#2795,.T.);
#6805=EDGE_CURVE('',#5547,#5548,#496,.T.);
#6806=EDGE_CURVE('',#5548,#5463,#2796,.T.);
#6807=EDGE_CURVE('',#5549,#5465,#2797,.T.);
#6808=EDGE_CURVE('',#5550,#5549,#2798,.T.);
#6809=EDGE_CURVE('',#5550,#5551,#497,.T.);
#6810=EDGE_CURVE('',#5551,#5552,#2799,.T.);
#6811=EDGE_CURVE('',#5461,#5552,#2800,.T.);
#6812=EDGE_CURVE('',#5553,#5457,#2801,.T.);
#6813=EDGE_CURVE('',#5554,#5553,#2802,.T.);
#6814=EDGE_CURVE('',#5554,#5555,#498,.T.);
#6815=EDGE_CURVE('',#5555,#5556,#2803,.T.);
#6816=EDGE_CURVE('',#4884,#5556,#2804,.T.);
#6817=EDGE_CURVE('',#5557,#5558,#499,.T.);
#6818=EDGE_CURVE('',#5559,#5557,#2805,.T.);
#6819=EDGE_CURVE('',#5560,#5559,#500,.T.);
#6820=EDGE_CURVE('',#5561,#5560,#2806,.T.);
#6821=EDGE_CURVE('',#5562,#5561,#501,.T.);
#6822=EDGE_CURVE('',#5563,#5562,#2807,.T.);
#6823=EDGE_CURVE('',#5564,#5563,#502,.T.);
#6824=EDGE_CURVE('',#5558,#5564,#2808,.T.);
#6825=EDGE_CURVE('',#5565,#5566,#503,.T.);
#6826=EDGE_CURVE('',#5567,#5565,#2809,.T.);
#6827=EDGE_CURVE('',#5568,#5567,#504,.T.);
#6828=EDGE_CURVE('',#5569,#5568,#2810,.T.);
#6829=EDGE_CURVE('',#5570,#5569,#505,.T.);
#6830=EDGE_CURVE('',#5571,#5570,#2811,.T.);
#6831=EDGE_CURVE('',#5572,#5571,#506,.T.);
#6832=EDGE_CURVE('',#5566,#5572,#2812,.T.);
#6833=EDGE_CURVE('',#5573,#5574,#507,.T.);
#6834=EDGE_CURVE('',#5575,#5573,#2813,.T.);
#6835=EDGE_CURVE('',#5576,#5575,#508,.T.);
#6836=EDGE_CURVE('',#5577,#5576,#2814,.T.);
#6837=EDGE_CURVE('',#5578,#5577,#509,.T.);
#6838=EDGE_CURVE('',#5579,#5578,#2815,.T.);
#6839=EDGE_CURVE('',#5580,#5579,#510,.T.);
#6840=EDGE_CURVE('',#5574,#5580,#2816,.T.);
#6841=EDGE_CURVE('',#5581,#5582,#511,.T.);
#6842=EDGE_CURVE('',#5583,#5581,#2817,.T.);
#6843=EDGE_CURVE('',#5584,#5583,#512,.T.);
#6844=EDGE_CURVE('',#5585,#5584,#2818,.T.);
#6845=EDGE_CURVE('',#5586,#5585,#513,.T.);
#6846=EDGE_CURVE('',#5587,#5586,#2819,.T.);
#6847=EDGE_CURVE('',#5588,#5587,#514,.T.);
#6848=EDGE_CURVE('',#5582,#5588,#2820,.T.);
#6849=EDGE_CURVE('',#5589,#5590,#515,.T.);
#6850=EDGE_CURVE('',#5591,#5589,#2821,.T.);
#6851=EDGE_CURVE('',#5592,#5591,#516,.T.);
#6852=EDGE_CURVE('',#5593,#5592,#2822,.T.);
#6853=EDGE_CURVE('',#5594,#5593,#517,.T.);
#6854=EDGE_CURVE('',#5595,#5594,#2823,.T.);
#6855=EDGE_CURVE('',#5596,#5595,#518,.T.);
#6856=EDGE_CURVE('',#5590,#5596,#2824,.T.);
#6857=EDGE_CURVE('',#5597,#5598,#519,.T.);
#6858=EDGE_CURVE('',#5599,#5597,#2825,.T.);
#6859=EDGE_CURVE('',#5600,#5599,#520,.T.);
#6860=EDGE_CURVE('',#5601,#5600,#2826,.T.);
#6861=EDGE_CURVE('',#5602,#5601,#521,.T.);
#6862=EDGE_CURVE('',#5603,#5602,#2827,.T.);
#6863=EDGE_CURVE('',#5604,#5603,#522,.T.);
#6864=EDGE_CURVE('',#5598,#5604,#2828,.T.);
#6865=EDGE_CURVE('',#5605,#5606,#523,.T.);
#6866=EDGE_CURVE('',#5607,#5605,#2829,.T.);
#6867=EDGE_CURVE('',#5608,#5607,#524,.T.);
#6868=EDGE_CURVE('',#5609,#5608,#2830,.T.);
#6869=EDGE_CURVE('',#5610,#5609,#525,.T.);
#6870=EDGE_CURVE('',#5611,#5610,#2831,.T.);
#6871=EDGE_CURVE('',#5612,#5611,#526,.T.);
#6872=EDGE_CURVE('',#5606,#5612,#2832,.T.);
#6873=EDGE_CURVE('',#5613,#5614,#527,.T.);
#6874=EDGE_CURVE('',#5615,#5613,#2833,.T.);
#6875=EDGE_CURVE('',#5616,#5615,#528,.T.);
#6876=EDGE_CURVE('',#5617,#5616,#2834,.T.);
#6877=EDGE_CURVE('',#5618,#5617,#529,.T.);
#6878=EDGE_CURVE('',#5619,#5618,#2835,.T.);
#6879=EDGE_CURVE('',#5620,#5619,#530,.T.);
#6880=EDGE_CURVE('',#5614,#5620,#2836,.T.);
#6881=EDGE_CURVE('',#5621,#5622,#531,.T.);
#6882=EDGE_CURVE('',#5623,#5621,#2837,.T.);
#6883=EDGE_CURVE('',#5624,#5623,#532,.T.);
#6884=EDGE_CURVE('',#5625,#5624,#2838,.T.);
#6885=EDGE_CURVE('',#5626,#5625,#533,.T.);
#6886=EDGE_CURVE('',#5627,#5626,#2839,.T.);
#6887=EDGE_CURVE('',#5628,#5627,#534,.T.);
#6888=EDGE_CURVE('',#5622,#5628,#2840,.T.);
#6889=EDGE_CURVE('',#5629,#5630,#535,.T.);
#6890=EDGE_CURVE('',#5631,#5629,#2841,.T.);
#6891=EDGE_CURVE('',#5632,#5631,#536,.T.);
#6892=EDGE_CURVE('',#5633,#5632,#2842,.T.);
#6893=EDGE_CURVE('',#5634,#5633,#537,.T.);
#6894=EDGE_CURVE('',#5635,#5634,#2843,.T.);
#6895=EDGE_CURVE('',#5636,#5635,#538,.T.);
#6896=EDGE_CURVE('',#5630,#5636,#2844,.T.);
#6897=EDGE_CURVE('',#5637,#5638,#539,.T.);
#6898=EDGE_CURVE('',#5639,#5637,#2845,.T.);
#6899=EDGE_CURVE('',#5640,#5639,#540,.T.);
#6900=EDGE_CURVE('',#5641,#5640,#2846,.T.);
#6901=EDGE_CURVE('',#5642,#5641,#541,.T.);
#6902=EDGE_CURVE('',#5643,#5642,#2847,.T.);
#6903=EDGE_CURVE('',#5644,#5643,#542,.T.);
#6904=EDGE_CURVE('',#5638,#5644,#2848,.T.);
#6905=EDGE_CURVE('',#5645,#5646,#543,.T.);
#6906=EDGE_CURVE('',#5647,#5645,#2849,.T.);
#6907=EDGE_CURVE('',#5648,#5647,#544,.T.);
#6908=EDGE_CURVE('',#5649,#5648,#2850,.T.);
#6909=EDGE_CURVE('',#5650,#5649,#545,.T.);
#6910=EDGE_CURVE('',#5651,#5650,#2851,.T.);
#6911=EDGE_CURVE('',#5652,#5651,#546,.T.);
#6912=EDGE_CURVE('',#5646,#5652,#2852,.T.);
#6913=EDGE_CURVE('',#5653,#5654,#547,.T.);
#6914=EDGE_CURVE('',#5655,#5653,#2853,.T.);
#6915=EDGE_CURVE('',#5656,#5655,#548,.T.);
#6916=EDGE_CURVE('',#5657,#5656,#2854,.T.);
#6917=EDGE_CURVE('',#5658,#5657,#549,.T.);
#6918=EDGE_CURVE('',#5659,#5658,#2855,.T.);
#6919=EDGE_CURVE('',#5660,#5659,#550,.T.);
#6920=EDGE_CURVE('',#5654,#5660,#2856,.T.);
#6921=EDGE_CURVE('',#5661,#5662,#551,.T.);
#6922=EDGE_CURVE('',#5663,#5661,#2857,.T.);
#6923=EDGE_CURVE('',#5664,#5663,#552,.T.);
#6924=EDGE_CURVE('',#5665,#5664,#2858,.T.);
#6925=EDGE_CURVE('',#5666,#5665,#553,.T.);
#6926=EDGE_CURVE('',#5667,#5666,#2859,.T.);
#6927=EDGE_CURVE('',#5668,#5667,#554,.T.);
#6928=EDGE_CURVE('',#5662,#5668,#2860,.T.);
#6929=EDGE_CURVE('',#5669,#5670,#555,.T.);
#6930=EDGE_CURVE('',#5671,#5669,#2861,.T.);
#6931=EDGE_CURVE('',#5672,#5671,#556,.T.);
#6932=EDGE_CURVE('',#5673,#5672,#2862,.T.);
#6933=EDGE_CURVE('',#5674,#5673,#557,.T.);
#6934=EDGE_CURVE('',#5675,#5674,#2863,.T.);
#6935=EDGE_CURVE('',#5676,#5675,#558,.T.);
#6936=EDGE_CURVE('',#5670,#5676,#2864,.T.);
#6937=EDGE_CURVE('',#5677,#5678,#559,.T.);
#6938=EDGE_CURVE('',#5679,#5677,#2865,.T.);
#6939=EDGE_CURVE('',#5680,#5679,#560,.T.);
#6940=EDGE_CURVE('',#5681,#5680,#2866,.T.);
#6941=EDGE_CURVE('',#5682,#5681,#561,.T.);
#6942=EDGE_CURVE('',#5683,#5682,#2867,.T.);
#6943=EDGE_CURVE('',#5684,#5683,#562,.T.);
#6944=EDGE_CURVE('',#5678,#5684,#2868,.T.);
#6945=EDGE_CURVE('',#5685,#5686,#563,.T.);
#6946=EDGE_CURVE('',#5687,#5685,#2869,.T.);
#6947=EDGE_CURVE('',#5688,#5687,#564,.T.);
#6948=EDGE_CURVE('',#5689,#5688,#2870,.T.);
#6949=EDGE_CURVE('',#5690,#5689,#565,.T.);
#6950=EDGE_CURVE('',#5691,#5690,#2871,.T.);
#6951=EDGE_CURVE('',#5692,#5691,#566,.T.);
#6952=EDGE_CURVE('',#5686,#5692,#2872,.T.);
#6953=EDGE_CURVE('',#5693,#5694,#567,.T.);
#6954=EDGE_CURVE('',#5695,#5693,#2873,.T.);
#6955=EDGE_CURVE('',#5696,#5695,#568,.T.);
#6956=EDGE_CURVE('',#5697,#5696,#2874,.T.);
#6957=EDGE_CURVE('',#5698,#5697,#569,.T.);
#6958=EDGE_CURVE('',#5699,#5698,#2875,.T.);
#6959=EDGE_CURVE('',#5700,#5699,#570,.T.);
#6960=EDGE_CURVE('',#5694,#5700,#2876,.T.);
#6961=EDGE_CURVE('',#5701,#5702,#571,.T.);
#6962=EDGE_CURVE('',#5703,#5701,#2877,.T.);
#6963=EDGE_CURVE('',#5704,#5703,#572,.T.);
#6964=EDGE_CURVE('',#5705,#5704,#2878,.T.);
#6965=EDGE_CURVE('',#5706,#5705,#573,.T.);
#6966=EDGE_CURVE('',#5707,#5706,#2879,.T.);
#6967=EDGE_CURVE('',#5708,#5707,#574,.T.);
#6968=EDGE_CURVE('',#5702,#5708,#2880,.T.);
#6969=EDGE_CURVE('',#5709,#5710,#575,.T.);
#6970=EDGE_CURVE('',#5711,#5709,#2881,.T.);
#6971=EDGE_CURVE('',#5712,#5711,#576,.T.);
#6972=EDGE_CURVE('',#5713,#5712,#2882,.T.);
#6973=EDGE_CURVE('',#5714,#5713,#577,.T.);
#6974=EDGE_CURVE('',#5715,#5714,#2883,.T.);
#6975=EDGE_CURVE('',#5716,#5715,#578,.T.);
#6976=EDGE_CURVE('',#5710,#5716,#2884,.T.);
#6977=EDGE_CURVE('',#5717,#5718,#579,.T.);
#6978=EDGE_CURVE('',#5719,#5717,#2885,.T.);
#6979=EDGE_CURVE('',#5720,#5719,#580,.T.);
#6980=EDGE_CURVE('',#5721,#5720,#2886,.T.);
#6981=EDGE_CURVE('',#5722,#5721,#581,.T.);
#6982=EDGE_CURVE('',#5723,#5722,#2887,.T.);
#6983=EDGE_CURVE('',#5724,#5723,#582,.T.);
#6984=EDGE_CURVE('',#5718,#5724,#2888,.T.);
#6985=EDGE_CURVE('',#5725,#5726,#583,.T.);
#6986=EDGE_CURVE('',#5727,#5725,#2889,.T.);
#6987=EDGE_CURVE('',#5728,#5727,#584,.T.);
#6988=EDGE_CURVE('',#5729,#5728,#2890,.T.);
#6989=EDGE_CURVE('',#5730,#5729,#585,.T.);
#6990=EDGE_CURVE('',#5731,#5730,#2891,.T.);
#6991=EDGE_CURVE('',#5732,#5731,#586,.T.);
#6992=EDGE_CURVE('',#5726,#5732,#2892,.T.);
#6993=EDGE_CURVE('',#5733,#5734,#587,.T.);
#6994=EDGE_CURVE('',#5735,#5733,#2893,.T.);
#6995=EDGE_CURVE('',#5736,#5735,#588,.T.);
#6996=EDGE_CURVE('',#5737,#5736,#2894,.T.);
#6997=EDGE_CURVE('',#5738,#5737,#589,.T.);
#6998=EDGE_CURVE('',#5739,#5738,#2895,.T.);
#6999=EDGE_CURVE('',#5740,#5739,#590,.T.);
#7000=EDGE_CURVE('',#5734,#5740,#2896,.T.);
#7001=EDGE_CURVE('',#5741,#5742,#591,.T.);
#7002=EDGE_CURVE('',#5743,#5741,#2897,.T.);
#7003=EDGE_CURVE('',#5744,#5743,#592,.T.);
#7004=EDGE_CURVE('',#5745,#5744,#2898,.T.);
#7005=EDGE_CURVE('',#5746,#5745,#593,.T.);
#7006=EDGE_CURVE('',#5747,#5746,#2899,.T.);
#7007=EDGE_CURVE('',#5748,#5747,#594,.T.);
#7008=EDGE_CURVE('',#5742,#5748,#2900,.T.);
#7009=EDGE_CURVE('',#5749,#5750,#595,.T.);
#7010=EDGE_CURVE('',#5751,#5749,#2901,.T.);
#7011=EDGE_CURVE('',#5752,#5751,#596,.T.);
#7012=EDGE_CURVE('',#5753,#5752,#2902,.T.);
#7013=EDGE_CURVE('',#5754,#5753,#597,.T.);
#7014=EDGE_CURVE('',#5755,#5754,#2903,.T.);
#7015=EDGE_CURVE('',#5756,#5755,#598,.T.);
#7016=EDGE_CURVE('',#5750,#5756,#2904,.T.);
#7017=EDGE_CURVE('',#5757,#5758,#599,.T.);
#7018=EDGE_CURVE('',#5759,#5757,#2905,.T.);
#7019=EDGE_CURVE('',#5760,#5759,#600,.T.);
#7020=EDGE_CURVE('',#5761,#5760,#2906,.T.);
#7021=EDGE_CURVE('',#5762,#5761,#601,.T.);
#7022=EDGE_CURVE('',#5763,#5762,#2907,.T.);
#7023=EDGE_CURVE('',#5764,#5763,#602,.T.);
#7024=EDGE_CURVE('',#5758,#5764,#2908,.T.);
#7025=EDGE_CURVE('',#5765,#5766,#603,.T.);
#7026=EDGE_CURVE('',#5767,#5765,#2909,.T.);
#7027=EDGE_CURVE('',#5768,#5767,#604,.T.);
#7028=EDGE_CURVE('',#5769,#5768,#2910,.T.);
#7029=EDGE_CURVE('',#5770,#5769,#605,.T.);
#7030=EDGE_CURVE('',#5771,#5770,#2911,.T.);
#7031=EDGE_CURVE('',#5772,#5771,#606,.T.);
#7032=EDGE_CURVE('',#5766,#5772,#2912,.T.);
#7033=EDGE_CURVE('',#5773,#5774,#607,.T.);
#7034=EDGE_CURVE('',#5775,#5773,#2913,.T.);
#7035=EDGE_CURVE('',#5776,#5775,#608,.T.);
#7036=EDGE_CURVE('',#5777,#5776,#2914,.T.);
#7037=EDGE_CURVE('',#5778,#5777,#609,.T.);
#7038=EDGE_CURVE('',#5779,#5778,#2915,.T.);
#7039=EDGE_CURVE('',#5780,#5779,#610,.T.);
#7040=EDGE_CURVE('',#5774,#5780,#2916,.T.);
#7041=EDGE_CURVE('',#5781,#5782,#611,.T.);
#7042=EDGE_CURVE('',#5783,#5781,#2917,.T.);
#7043=EDGE_CURVE('',#5784,#5783,#612,.T.);
#7044=EDGE_CURVE('',#5785,#5784,#2918,.T.);
#7045=EDGE_CURVE('',#5786,#5785,#613,.T.);
#7046=EDGE_CURVE('',#5787,#5786,#2919,.T.);
#7047=EDGE_CURVE('',#5788,#5787,#614,.T.);
#7048=EDGE_CURVE('',#5782,#5788,#2920,.T.);
#7049=EDGE_CURVE('',#5789,#5790,#615,.T.);
#7050=EDGE_CURVE('',#5791,#5789,#2921,.T.);
#7051=EDGE_CURVE('',#5792,#5791,#616,.T.);
#7052=EDGE_CURVE('',#5793,#5792,#2922,.T.);
#7053=EDGE_CURVE('',#5794,#5793,#617,.T.);
#7054=EDGE_CURVE('',#5795,#5794,#2923,.T.);
#7055=EDGE_CURVE('',#5796,#5795,#618,.T.);
#7056=EDGE_CURVE('',#5790,#5796,#2924,.T.);
#7057=EDGE_CURVE('',#5797,#5798,#619,.T.);
#7058=EDGE_CURVE('',#5799,#5797,#2925,.T.);
#7059=EDGE_CURVE('',#5800,#5799,#620,.T.);
#7060=EDGE_CURVE('',#5801,#5800,#2926,.T.);
#7061=EDGE_CURVE('',#5802,#5801,#621,.T.);
#7062=EDGE_CURVE('',#5803,#5802,#2927,.T.);
#7063=EDGE_CURVE('',#5804,#5803,#622,.T.);
#7064=EDGE_CURVE('',#5798,#5804,#2928,.T.);
#7065=EDGE_CURVE('',#5805,#5806,#623,.T.);
#7066=EDGE_CURVE('',#5807,#5805,#2929,.T.);
#7067=EDGE_CURVE('',#5808,#5807,#624,.T.);
#7068=EDGE_CURVE('',#5809,#5808,#2930,.T.);
#7069=EDGE_CURVE('',#5810,#5809,#625,.T.);
#7070=EDGE_CURVE('',#5811,#5810,#2931,.T.);
#7071=EDGE_CURVE('',#5812,#5811,#626,.T.);
#7072=EDGE_CURVE('',#5806,#5812,#2932,.T.);
#7073=EDGE_CURVE('',#5813,#5814,#627,.T.);
#7074=EDGE_CURVE('',#5815,#5813,#2933,.T.);
#7075=EDGE_CURVE('',#5816,#5815,#628,.T.);
#7076=EDGE_CURVE('',#5817,#5816,#2934,.T.);
#7077=EDGE_CURVE('',#5818,#5817,#629,.T.);
#7078=EDGE_CURVE('',#5819,#5818,#2935,.T.);
#7079=EDGE_CURVE('',#5820,#5819,#630,.T.);
#7080=EDGE_CURVE('',#5814,#5820,#2936,.T.);
#7081=EDGE_CURVE('',#5821,#5822,#631,.T.);
#7082=EDGE_CURVE('',#5823,#5821,#2937,.T.);
#7083=EDGE_CURVE('',#5824,#5823,#632,.T.);
#7084=EDGE_CURVE('',#5825,#5824,#2938,.T.);
#7085=EDGE_CURVE('',#5826,#5825,#633,.T.);
#7086=EDGE_CURVE('',#5827,#5826,#2939,.T.);
#7087=EDGE_CURVE('',#5828,#5827,#634,.T.);
#7088=EDGE_CURVE('',#5822,#5828,#2940,.T.);
#7089=EDGE_CURVE('',#5829,#5830,#635,.T.);
#7090=EDGE_CURVE('',#5831,#5829,#2941,.T.);
#7091=EDGE_CURVE('',#5832,#5831,#636,.T.);
#7092=EDGE_CURVE('',#5833,#5832,#2942,.T.);
#7093=EDGE_CURVE('',#5834,#5833,#637,.T.);
#7094=EDGE_CURVE('',#5835,#5834,#2943,.T.);
#7095=EDGE_CURVE('',#5836,#5835,#638,.T.);
#7096=EDGE_CURVE('',#5830,#5836,#2944,.T.);
#7097=EDGE_CURVE('',#5837,#5838,#639,.T.);
#7098=EDGE_CURVE('',#5839,#5837,#2945,.T.);
#7099=EDGE_CURVE('',#5840,#5839,#640,.T.);
#7100=EDGE_CURVE('',#5841,#5840,#2946,.T.);
#7101=EDGE_CURVE('',#5842,#5841,#641,.T.);
#7102=EDGE_CURVE('',#5843,#5842,#2947,.T.);
#7103=EDGE_CURVE('',#5844,#5843,#642,.T.);
#7104=EDGE_CURVE('',#5838,#5844,#2948,.T.);
#7105=EDGE_CURVE('',#5845,#5846,#643,.T.);
#7106=EDGE_CURVE('',#5847,#5845,#2949,.T.);
#7107=EDGE_CURVE('',#5848,#5847,#644,.T.);
#7108=EDGE_CURVE('',#5849,#5848,#2950,.T.);
#7109=EDGE_CURVE('',#5850,#5849,#645,.T.);
#7110=EDGE_CURVE('',#5851,#5850,#2951,.T.);
#7111=EDGE_CURVE('',#5852,#5851,#646,.T.);
#7112=EDGE_CURVE('',#5846,#5852,#2952,.T.);
#7113=EDGE_CURVE('',#5853,#5854,#647,.T.);
#7114=EDGE_CURVE('',#5855,#5853,#2953,.T.);
#7115=EDGE_CURVE('',#5856,#5855,#648,.T.);
#7116=EDGE_CURVE('',#5857,#5856,#2954,.T.);
#7117=EDGE_CURVE('',#5858,#5857,#649,.T.);
#7118=EDGE_CURVE('',#5859,#5858,#2955,.T.);
#7119=EDGE_CURVE('',#5860,#5859,#650,.T.);
#7120=EDGE_CURVE('',#5854,#5860,#2956,.T.);
#7121=EDGE_CURVE('',#5861,#5862,#651,.T.);
#7122=EDGE_CURVE('',#5863,#5861,#2957,.T.);
#7123=EDGE_CURVE('',#5864,#5863,#652,.T.);
#7124=EDGE_CURVE('',#5865,#5864,#2958,.T.);
#7125=EDGE_CURVE('',#5866,#5865,#653,.T.);
#7126=EDGE_CURVE('',#5867,#5866,#2959,.T.);
#7127=EDGE_CURVE('',#5868,#5867,#654,.T.);
#7128=EDGE_CURVE('',#5862,#5868,#2960,.T.);
#7129=EDGE_CURVE('',#5869,#5870,#655,.T.);
#7130=EDGE_CURVE('',#5871,#5869,#2961,.T.);
#7131=EDGE_CURVE('',#5872,#5871,#656,.T.);
#7132=EDGE_CURVE('',#5873,#5872,#2962,.T.);
#7133=EDGE_CURVE('',#5874,#5873,#657,.T.);
#7134=EDGE_CURVE('',#5875,#5874,#2963,.T.);
#7135=EDGE_CURVE('',#5876,#5875,#658,.T.);
#7136=EDGE_CURVE('',#5870,#5876,#2964,.T.);
#7137=EDGE_CURVE('',#5877,#5878,#659,.T.);
#7138=EDGE_CURVE('',#5879,#5877,#2965,.T.);
#7139=EDGE_CURVE('',#5880,#5879,#660,.T.);
#7140=EDGE_CURVE('',#5881,#5880,#2966,.T.);
#7141=EDGE_CURVE('',#5882,#5881,#661,.T.);
#7142=EDGE_CURVE('',#5883,#5882,#2967,.T.);
#7143=EDGE_CURVE('',#5884,#5883,#662,.T.);
#7144=EDGE_CURVE('',#5878,#5884,#2968,.T.);
#7145=EDGE_CURVE('',#5885,#5886,#663,.T.);
#7146=EDGE_CURVE('',#5887,#5885,#2969,.T.);
#7147=EDGE_CURVE('',#5888,#5887,#664,.T.);
#7148=EDGE_CURVE('',#5889,#5888,#2970,.T.);
#7149=EDGE_CURVE('',#5890,#5889,#665,.T.);
#7150=EDGE_CURVE('',#5891,#5890,#2971,.T.);
#7151=EDGE_CURVE('',#5892,#5891,#666,.T.);
#7152=EDGE_CURVE('',#5886,#5892,#2972,.T.);
#7153=EDGE_CURVE('',#5893,#5894,#667,.T.);
#7154=EDGE_CURVE('',#5895,#5893,#2973,.T.);
#7155=EDGE_CURVE('',#5896,#5895,#668,.T.);
#7156=EDGE_CURVE('',#5897,#5896,#2974,.T.);
#7157=EDGE_CURVE('',#5898,#5897,#669,.T.);
#7158=EDGE_CURVE('',#5899,#5898,#2975,.T.);
#7159=EDGE_CURVE('',#5900,#5899,#670,.T.);
#7160=EDGE_CURVE('',#5894,#5900,#2976,.T.);
#7161=EDGE_CURVE('',#5901,#5902,#671,.T.);
#7162=EDGE_CURVE('',#5903,#5901,#2977,.T.);
#7163=EDGE_CURVE('',#5904,#5903,#672,.T.);
#7164=EDGE_CURVE('',#5905,#5904,#2978,.T.);
#7165=EDGE_CURVE('',#5906,#5905,#673,.T.);
#7166=EDGE_CURVE('',#5907,#5906,#2979,.T.);
#7167=EDGE_CURVE('',#5908,#5907,#674,.T.);
#7168=EDGE_CURVE('',#5902,#5908,#2980,.T.);
#7169=EDGE_CURVE('',#5909,#5910,#675,.T.);
#7170=EDGE_CURVE('',#5911,#5909,#2981,.T.);
#7171=EDGE_CURVE('',#5912,#5911,#676,.T.);
#7172=EDGE_CURVE('',#5913,#5912,#2982,.T.);
#7173=EDGE_CURVE('',#5914,#5913,#677,.T.);
#7174=EDGE_CURVE('',#5915,#5914,#2983,.T.);
#7175=EDGE_CURVE('',#5916,#5915,#678,.T.);
#7176=EDGE_CURVE('',#5917,#5916,#2984,.T.);
#7177=EDGE_CURVE('',#5918,#5917,#679,.T.);
#7178=EDGE_CURVE('',#5919,#5918,#2985,.T.);
#7179=EDGE_CURVE('',#5920,#5919,#680,.T.);
#7180=EDGE_CURVE('',#5921,#5920,#2986,.T.);
#7181=EDGE_CURVE('',#5922,#5921,#681,.T.);
#7182=EDGE_CURVE('',#5923,#5922,#2987,.T.);
#7183=EDGE_CURVE('',#5924,#5923,#682,.T.);
#7184=EDGE_CURVE('',#5925,#5924,#2988,.T.);
#7185=EDGE_CURVE('',#5926,#5925,#683,.T.);
#7186=EDGE_CURVE('',#5927,#5926,#2989,.T.);
#7187=EDGE_CURVE('',#5928,#5927,#684,.T.);
#7188=EDGE_CURVE('',#5929,#5928,#2990,.T.);
#7189=EDGE_CURVE('',#5930,#5929,#685,.T.);
#7190=EDGE_CURVE('',#5931,#5930,#2991,.T.);
#7191=EDGE_CURVE('',#5932,#5931,#686,.T.);
#7192=EDGE_CURVE('',#5910,#5932,#2992,.T.);
#7193=EDGE_CURVE('',#5933,#5934,#687,.T.);
#7194=EDGE_CURVE('',#5935,#5933,#2993,.T.);
#7195=EDGE_CURVE('',#5936,#5935,#688,.T.);
#7196=EDGE_CURVE('',#5937,#5936,#2994,.T.);
#7197=EDGE_CURVE('',#5938,#5937,#689,.T.);
#7198=EDGE_CURVE('',#5939,#5938,#2995,.T.);
#7199=EDGE_CURVE('',#5940,#5939,#690,.T.);
#7200=EDGE_CURVE('',#5934,#5940,#2996,.T.);
#7201=EDGE_CURVE('',#5941,#5942,#691,.T.);
#7202=EDGE_CURVE('',#5943,#5941,#2997,.T.);
#7203=EDGE_CURVE('',#5944,#5943,#692,.T.);
#7204=EDGE_CURVE('',#5945,#5944,#2998,.T.);
#7205=EDGE_CURVE('',#5946,#5945,#693,.T.);
#7206=EDGE_CURVE('',#5947,#5946,#2999,.T.);
#7207=EDGE_CURVE('',#5948,#5947,#694,.T.);
#7208=EDGE_CURVE('',#5942,#5948,#3000,.T.);
#7209=EDGE_CURVE('',#5949,#5950,#695,.T.);
#7210=EDGE_CURVE('',#5951,#5949,#3001,.T.);
#7211=EDGE_CURVE('',#5952,#5951,#696,.T.);
#7212=EDGE_CURVE('',#5953,#5952,#3002,.T.);
#7213=EDGE_CURVE('',#5954,#5953,#697,.T.);
#7214=EDGE_CURVE('',#5955,#5954,#3003,.T.);
#7215=EDGE_CURVE('',#5956,#5955,#698,.T.);
#7216=EDGE_CURVE('',#5950,#5956,#3004,.T.);
#7217=EDGE_CURVE('',#5957,#5958,#699,.T.);
#7218=EDGE_CURVE('',#5959,#5957,#3005,.T.);
#7219=EDGE_CURVE('',#5960,#5959,#700,.T.);
#7220=EDGE_CURVE('',#5961,#5960,#3006,.T.);
#7221=EDGE_CURVE('',#5962,#5961,#701,.T.);
#7222=EDGE_CURVE('',#5963,#5962,#3007,.T.);
#7223=EDGE_CURVE('',#5964,#5963,#702,.T.);
#7224=EDGE_CURVE('',#5958,#5964,#3008,.T.);
#7225=EDGE_CURVE('',#5965,#5966,#703,.T.);
#7226=EDGE_CURVE('',#5967,#5965,#3009,.T.);
#7227=EDGE_CURVE('',#5968,#5967,#704,.T.);
#7228=EDGE_CURVE('',#5969,#5968,#3010,.T.);
#7229=EDGE_CURVE('',#5970,#5969,#705,.T.);
#7230=EDGE_CURVE('',#5971,#5970,#3011,.T.);
#7231=EDGE_CURVE('',#5972,#5971,#706,.T.);
#7232=EDGE_CURVE('',#5966,#5972,#3012,.T.);
#7233=EDGE_CURVE('',#5973,#5974,#707,.T.);
#7234=EDGE_CURVE('',#5975,#5973,#3013,.T.);
#7235=EDGE_CURVE('',#5976,#5975,#708,.T.);
#7236=EDGE_CURVE('',#5977,#5976,#3014,.T.);
#7237=EDGE_CURVE('',#5978,#5977,#709,.T.);
#7238=EDGE_CURVE('',#5979,#5978,#3015,.T.);
#7239=EDGE_CURVE('',#5980,#5979,#710,.T.);
#7240=EDGE_CURVE('',#5974,#5980,#3016,.T.);
#7241=EDGE_CURVE('',#5981,#5982,#711,.T.);
#7242=EDGE_CURVE('',#5983,#5981,#3017,.T.);
#7243=EDGE_CURVE('',#5984,#5983,#712,.T.);
#7244=EDGE_CURVE('',#5985,#5984,#3018,.T.);
#7245=EDGE_CURVE('',#5986,#5985,#713,.T.);
#7246=EDGE_CURVE('',#5987,#5986,#3019,.T.);
#7247=EDGE_CURVE('',#5988,#5987,#714,.T.);
#7248=EDGE_CURVE('',#5982,#5988,#3020,.T.);
#7249=EDGE_CURVE('',#5989,#5990,#715,.T.);
#7250=EDGE_CURVE('',#5991,#5989,#3021,.T.);
#7251=EDGE_CURVE('',#5992,#5991,#716,.T.);
#7252=EDGE_CURVE('',#5993,#5992,#3022,.T.);
#7253=EDGE_CURVE('',#5994,#5993,#717,.T.);
#7254=EDGE_CURVE('',#5995,#5994,#3023,.T.);
#7255=EDGE_CURVE('',#5996,#5995,#718,.T.);
#7256=EDGE_CURVE('',#5990,#5996,#3024,.T.);
#7257=EDGE_CURVE('',#5997,#5998,#719,.T.);
#7258=EDGE_CURVE('',#5999,#5997,#3025,.T.);
#7259=EDGE_CURVE('',#6000,#5999,#720,.T.);
#7260=EDGE_CURVE('',#6001,#6000,#3026,.T.);
#7261=EDGE_CURVE('',#6002,#6001,#721,.T.);
#7262=EDGE_CURVE('',#6003,#6002,#3027,.T.);
#7263=EDGE_CURVE('',#6004,#6003,#722,.T.);
#7264=EDGE_CURVE('',#5998,#6004,#3028,.T.);
#7265=EDGE_CURVE('',#6005,#6006,#723,.T.);
#7266=EDGE_CURVE('',#6007,#6005,#3029,.T.);
#7267=EDGE_CURVE('',#6008,#6007,#724,.T.);
#7268=EDGE_CURVE('',#6009,#6008,#3030,.T.);
#7269=EDGE_CURVE('',#6010,#6009,#725,.T.);
#7270=EDGE_CURVE('',#6011,#6010,#3031,.T.);
#7271=EDGE_CURVE('',#6012,#6011,#726,.T.);
#7272=EDGE_CURVE('',#6006,#6012,#3032,.T.);
#7273=EDGE_CURVE('',#6013,#6014,#727,.T.);
#7274=EDGE_CURVE('',#6015,#6013,#3033,.T.);
#7275=EDGE_CURVE('',#6016,#6015,#728,.T.);
#7276=EDGE_CURVE('',#6017,#6016,#3034,.T.);
#7277=EDGE_CURVE('',#6018,#6017,#729,.T.);
#7278=EDGE_CURVE('',#6019,#6018,#3035,.T.);
#7279=EDGE_CURVE('',#6020,#6019,#730,.T.);
#7280=EDGE_CURVE('',#6014,#6020,#3036,.T.);
#7281=EDGE_CURVE('',#5477,#4978,#3037,.T.);
#7282=EDGE_CURVE('',#4977,#5478,#3038,.T.);
#7283=EDGE_CURVE('',#5479,#4976,#3039,.T.);
#7284=EDGE_CURVE('',#4971,#5484,#3040,.T.);
#7285=EDGE_CURVE('',#5483,#4972,#3041,.T.);
#7286=EDGE_CURVE('',#4973,#5482,#3042,.T.);
#7287=EDGE_CURVE('',#5489,#4966,#3043,.T.);
#7288=EDGE_CURVE('',#4965,#5490,#3044,.T.);
#7289=EDGE_CURVE('',#5491,#4964,#3045,.T.);
#7290=EDGE_CURVE('',#4959,#5496,#3046,.T.);
#7291=EDGE_CURVE('',#5495,#4960,#3047,.T.);
#7292=EDGE_CURVE('',#4961,#5494,#3048,.T.);
#7293=EDGE_CURVE('',#5501,#4954,#3049,.T.);
#7294=EDGE_CURVE('',#4953,#5502,#3050,.T.);
#7295=EDGE_CURVE('',#5503,#4952,#3051,.T.);
#7296=EDGE_CURVE('',#4947,#5508,#3052,.T.);
#7297=EDGE_CURVE('',#5507,#4948,#3053,.T.);
#7298=EDGE_CURVE('',#4949,#5506,#3054,.T.);
#7299=EDGE_CURVE('',#5513,#4942,#3055,.T.);
#7300=EDGE_CURVE('',#4941,#5514,#3056,.T.);
#7301=EDGE_CURVE('',#5515,#4940,#3057,.T.);
#7302=EDGE_CURVE('',#4931,#5524,#3058,.T.);
#7303=EDGE_CURVE('',#5523,#4932,#3059,.T.);
#7304=EDGE_CURVE('',#4933,#5522,#3060,.T.);
#7305=EDGE_CURVE('',#5529,#4926,#3061,.T.);
#7306=EDGE_CURVE('',#4925,#5530,#3062,.T.);
#7307=EDGE_CURVE('',#5531,#4924,#3063,.T.);
#7308=EDGE_CURVE('',#4919,#5536,#3064,.T.);
#7309=EDGE_CURVE('',#5535,#4920,#3065,.T.);
#7310=EDGE_CURVE('',#4921,#5534,#3066,.T.);
#7311=EDGE_CURVE('',#5541,#4914,#3067,.T.);
#7312=EDGE_CURVE('',#4913,#5542,#3068,.T.);
#7313=EDGE_CURVE('',#5543,#4912,#3069,.T.);
#7314=EDGE_CURVE('',#5552,#4899,#3070,.T.);
#7315=EDGE_CURVE('',#4902,#5549,#3071,.T.);
#7316=EDGE_CURVE('',#4968,#5487,#3072,.T.);
#7317=EDGE_CURVE('',#5488,#4967,#3073,.T.);
#7318=EDGE_CURVE('',#4980,#5475,#3074,.T.);
#7319=EDGE_CURVE('',#5476,#4979,#3075,.T.);
#7320=EDGE_CURVE('',#4956,#5499,#3076,.T.);
#7321=EDGE_CURVE('',#5500,#4955,#3077,.T.);
#7322=EDGE_CURVE('',#5510,#4945,#3078,.T.);
#7323=EDGE_CURVE('',#4946,#5509,#3079,.T.);
#7324=EDGE_CURVE('',#4944,#5511,#3080,.T.);
#7325=EDGE_CURVE('',#5512,#4943,#3081,.T.);
#7326=EDGE_CURVE('',#5498,#4957,#3082,.T.);
#7327=EDGE_CURVE('',#4958,#5497,#3083,.T.);
#7328=EDGE_CURVE('',#5474,#4981,#3084,.T.);
#7329=EDGE_CURVE('',#4982,#5473,#3085,.T.);
#7330=EDGE_CURVE('',#5486,#4969,#3086,.T.);
#7331=EDGE_CURVE('',#4970,#5485,#3087,.T.);
#7332=EDGE_CURVE('',#5526,#4929,#3088,.T.);
#7333=EDGE_CURVE('',#4930,#5525,#3089,.T.);
#7334=EDGE_CURVE('',#5538,#4917,#3090,.T.);
#7335=EDGE_CURVE('',#4918,#5537,#3091,.T.);
#7336=EDGE_CURVE('',#4916,#5539,#3092,.T.);
#7337=EDGE_CURVE('',#5540,#4915,#3093,.T.);
#7338=EDGE_CURVE('',#4928,#5527,#3094,.T.);
#7339=EDGE_CURVE('',#5528,#4927,#3095,.T.);
#7340=EDGE_CURVE('',#5550,#4901,#3096,.T.);
#7341=EDGE_CURVE('',#5554,#4889,#3097,.T.);
#7342=EDGE_CURVE('',#4890,#5553,#3098,.T.);
#7343=EDGE_CURVE('',#4888,#5555,#3099,.T.);
#7344=EDGE_CURVE('',#5556,#4887,#3100,.T.);
#7345=EDGE_CURVE('',#4900,#5551,#3101,.T.);
#7346=EDGE_CURVE('',#5472,#4986,#3102,.T.);
#7347=EDGE_CURVE('',#5471,#4987,#3103,.T.);
#7348=EDGE_CURVE('',#5481,#4974,#3104,.T.);
#7349=EDGE_CURVE('',#4975,#5480,#3105,.T.);
#7350=EDGE_CURVE('',#5493,#4962,#3106,.T.);
#7351=EDGE_CURVE('',#4963,#5492,#3107,.T.);
#7352=EDGE_CURVE('',#4939,#5516,#3108,.T.);
#7353=EDGE_CURVE('',#5517,#4938,#3109,.T.);
#7354=EDGE_CURVE('',#5505,#4950,#3110,.T.);
#7355=EDGE_CURVE('',#4951,#5504,#3111,.T.);
#7356=EDGE_CURVE('',#5521,#4934,#3112,.T.);
#7357=EDGE_CURVE('',#5520,#4935,#3113,.T.);
#7358=EDGE_CURVE('',#4911,#5544,#3114,.T.);
#7359=EDGE_CURVE('',#5545,#4910,#3115,.T.);
#7360=EDGE_CURVE('',#4923,#5532,#3116,.T.);
#7361=EDGE_CURVE('',#5533,#4922,#3117,.T.);
#7362=EDGE_CURVE('',#5548,#4907,#3118,.T.);
#7363=EDGE_CURVE('',#4937,#5518,#3119,.T.);
#7364=EDGE_CURVE('',#6013,#4990,#3120,.T.);
#7365=EDGE_CURVE('',#6015,#4997,#3121,.T.);
#7366=EDGE_CURVE('',#6016,#4996,#3122,.T.);
#7367=EDGE_CURVE('',#6017,#4995,#3123,.T.);
#7368=EDGE_CURVE('',#6018,#4994,#3124,.T.);
#7369=EDGE_CURVE('',#6019,#4993,#3125,.T.);
#7370=EDGE_CURVE('',#6020,#4992,#3126,.T.);
#7371=EDGE_CURVE('',#6014,#4991,#3127,.T.);
#7372=EDGE_CURVE('',#6005,#4998,#3128,.T.);
#7373=EDGE_CURVE('',#6007,#5005,#3129,.T.);
#7374=EDGE_CURVE('',#6008,#5004,#3130,.T.);
#7375=EDGE_CURVE('',#6009,#5003,#3131,.T.);
#7376=EDGE_CURVE('',#6010,#5002,#3132,.T.);
#7377=EDGE_CURVE('',#6011,#5001,#3133,.T.);
#7378=EDGE_CURVE('',#6012,#5000,#3134,.T.);
#7379=EDGE_CURVE('',#6006,#4999,#3135,.T.);
#7380=EDGE_CURVE('',#5997,#5006,#3136,.T.);
#7381=EDGE_CURVE('',#5999,#5013,#3137,.T.);
#7382=EDGE_CURVE('',#6000,#5012,#3138,.T.);
#7383=EDGE_CURVE('',#6001,#5011,#3139,.T.);
#7384=EDGE_CURVE('',#6002,#5010,#3140,.T.);
#7385=EDGE_CURVE('',#6003,#5009,#3141,.T.);
#7386=EDGE_CURVE('',#6004,#5008,#3142,.T.);
#7387=EDGE_CURVE('',#5998,#5007,#3143,.T.);
#7388=EDGE_CURVE('',#5989,#5014,#3144,.T.);
#7389=EDGE_CURVE('',#5991,#5021,#3145,.T.);
#7390=EDGE_CURVE('',#5992,#5020,#3146,.T.);
#7391=EDGE_CURVE('',#5993,#5019,#3147,.T.);
#7392=EDGE_CURVE('',#5994,#5018,#3148,.T.);
#7393=EDGE_CURVE('',#5995,#5017,#3149,.T.);
#7394=EDGE_CURVE('',#5996,#5016,#3150,.T.);
#7395=EDGE_CURVE('',#5990,#5015,#3151,.T.);
#7396=EDGE_CURVE('',#5981,#5022,#3152,.T.);
#7397=EDGE_CURVE('',#5983,#5029,#3153,.T.);
#7398=EDGE_CURVE('',#5984,#5028,#3154,.T.);
#7399=EDGE_CURVE('',#5985,#5027,#3155,.T.);
#7400=EDGE_CURVE('',#5986,#5026,#3156,.T.);
#7401=EDGE_CURVE('',#5987,#5025,#3157,.T.);
#7402=EDGE_CURVE('',#5988,#5024,#3158,.T.);
#7403=EDGE_CURVE('',#5982,#5023,#3159,.T.);
#7404=EDGE_CURVE('',#5973,#5030,#3160,.T.);
#7405=EDGE_CURVE('',#5975,#5037,#3161,.T.);
#7406=EDGE_CURVE('',#5976,#5036,#3162,.T.);
#7407=EDGE_CURVE('',#5977,#5035,#3163,.T.);
#7408=EDGE_CURVE('',#5978,#5034,#3164,.T.);
#7409=EDGE_CURVE('',#5979,#5033,#3165,.T.);
#7410=EDGE_CURVE('',#5980,#5032,#3166,.T.);
#7411=EDGE_CURVE('',#5974,#5031,#3167,.T.);
#7412=EDGE_CURVE('',#5965,#5038,#3168,.T.);
#7413=EDGE_CURVE('',#5967,#5045,#3169,.T.);
#7414=EDGE_CURVE('',#5968,#5044,#3170,.T.);
#7415=EDGE_CURVE('',#5969,#5043,#3171,.T.);
#7416=EDGE_CURVE('',#5970,#5042,#3172,.T.);
#7417=EDGE_CURVE('',#5971,#5041,#3173,.T.);
#7418=EDGE_CURVE('',#5972,#5040,#3174,.T.);
#7419=EDGE_CURVE('',#5966,#5039,#3175,.T.);
#7420=EDGE_CURVE('',#5957,#5046,#3176,.T.);
#7421=EDGE_CURVE('',#5959,#5053,#3177,.T.);
#7422=EDGE_CURVE('',#5960,#5052,#3178,.T.);
#7423=EDGE_CURVE('',#5961,#5051,#3179,.T.);
#7424=EDGE_CURVE('',#5962,#5050,#3180,.T.);
#7425=EDGE_CURVE('',#5963,#5049,#3181,.T.);
#7426=EDGE_CURVE('',#5964,#5048,#3182,.T.);
#7427=EDGE_CURVE('',#5958,#5047,#3183,.T.);
#7428=EDGE_CURVE('',#5949,#5054,#3184,.T.);
#7429=EDGE_CURVE('',#5951,#5061,#3185,.T.);
#7430=EDGE_CURVE('',#5952,#5060,#3186,.T.);
#7431=EDGE_CURVE('',#5953,#5059,#3187,.T.);
#7432=EDGE_CURVE('',#5954,#5058,#3188,.T.);
#7433=EDGE_CURVE('',#5955,#5057,#3189,.T.);
#7434=EDGE_CURVE('',#5956,#5056,#3190,.T.);
#7435=EDGE_CURVE('',#5950,#5055,#3191,.T.);
#7436=EDGE_CURVE('',#5941,#5062,#3192,.T.);
#7437=EDGE_CURVE('',#5943,#5069,#3193,.T.);
#7438=EDGE_CURVE('',#5944,#5068,#3194,.T.);
#7439=EDGE_CURVE('',#5945,#5067,#3195,.T.);
#7440=EDGE_CURVE('',#5946,#5066,#3196,.T.);
#7441=EDGE_CURVE('',#5947,#5065,#3197,.T.);
#7442=EDGE_CURVE('',#5948,#5064,#3198,.T.);
#7443=EDGE_CURVE('',#5942,#5063,#3199,.T.);
#7444=EDGE_CURVE('',#5933,#5070,#3200,.T.);
#7445=EDGE_CURVE('',#5935,#5077,#3201,.T.);
#7446=EDGE_CURVE('',#5936,#5076,#3202,.T.);
#7447=EDGE_CURVE('',#5937,#5075,#3203,.T.);
#7448=EDGE_CURVE('',#5938,#5074,#3204,.T.);
#7449=EDGE_CURVE('',#5939,#5073,#3205,.T.);
#7450=EDGE_CURVE('',#5940,#5072,#3206,.T.);
#7451=EDGE_CURVE('',#5934,#5071,#3207,.T.);
#7452=EDGE_CURVE('',#5909,#5078,#3208,.T.);
#7453=EDGE_CURVE('',#5911,#5101,#3209,.T.);
#7454=EDGE_CURVE('',#5912,#5100,#3210,.T.);
#7455=EDGE_CURVE('',#5913,#5099,#3211,.T.);
#7456=EDGE_CURVE('',#5914,#5098,#3212,.T.);
#7457=EDGE_CURVE('',#5915,#5097,#3213,.T.);
#7458=EDGE_CURVE('',#5916,#5096,#3214,.T.);
#7459=EDGE_CURVE('',#5917,#5095,#3215,.T.);
#7460=EDGE_CURVE('',#5918,#5094,#3216,.T.);
#7461=EDGE_CURVE('',#5919,#5093,#3217,.T.);
#7462=EDGE_CURVE('',#5920,#5092,#3218,.T.);
#7463=EDGE_CURVE('',#5921,#5091,#3219,.T.);
#7464=EDGE_CURVE('',#5922,#5090,#3220,.T.);
#7465=EDGE_CURVE('',#5923,#5089,#3221,.T.);
#7466=EDGE_CURVE('',#5924,#5088,#3222,.T.);
#7467=EDGE_CURVE('',#5925,#5087,#3223,.T.);
#7468=EDGE_CURVE('',#5926,#5086,#3224,.T.);
#7469=EDGE_CURVE('',#5927,#5085,#3225,.T.);
#7470=EDGE_CURVE('',#5928,#5084,#3226,.T.);
#7471=EDGE_CURVE('',#5929,#5083,#3227,.T.);
#7472=EDGE_CURVE('',#5930,#5082,#3228,.T.);
#7473=EDGE_CURVE('',#5931,#5081,#3229,.T.);
#7474=EDGE_CURVE('',#5932,#5080,#3230,.T.);
#7475=EDGE_CURVE('',#5910,#5079,#3231,.T.);
#7476=EDGE_CURVE('',#5901,#5102,#3232,.T.);
#7477=EDGE_CURVE('',#5903,#5109,#3233,.T.);
#7478=EDGE_CURVE('',#5904,#5108,#3234,.T.);
#7479=EDGE_CURVE('',#5905,#5107,#3235,.T.);
#7480=EDGE_CURVE('',#5906,#5106,#3236,.T.);
#7481=EDGE_CURVE('',#5907,#5105,#3237,.T.);
#7482=EDGE_CURVE('',#5908,#5104,#3238,.T.);
#7483=EDGE_CURVE('',#5902,#5103,#3239,.T.);
#7484=EDGE_CURVE('',#5893,#5110,#3240,.T.);
#7485=EDGE_CURVE('',#5895,#5117,#3241,.T.);
#7486=EDGE_CURVE('',#5896,#5116,#3242,.T.);
#7487=EDGE_CURVE('',#5897,#5115,#3243,.T.);
#7488=EDGE_CURVE('',#5898,#5114,#3244,.T.);
#7489=EDGE_CURVE('',#5899,#5113,#3245,.T.);
#7490=EDGE_CURVE('',#5900,#5112,#3246,.T.);
#7491=EDGE_CURVE('',#5894,#5111,#3247,.T.);
#7492=EDGE_CURVE('',#5885,#5118,#3248,.T.);
#7493=EDGE_CURVE('',#5887,#5125,#3249,.T.);
#7494=EDGE_CURVE('',#5888,#5124,#3250,.T.);
#7495=EDGE_CURVE('',#5889,#5123,#3251,.T.);
#7496=EDGE_CURVE('',#5890,#5122,#3252,.T.);
#7497=EDGE_CURVE('',#5891,#5121,#3253,.T.);
#7498=EDGE_CURVE('',#5892,#5120,#3254,.T.);
#7499=EDGE_CURVE('',#5886,#5119,#3255,.T.);
#7500=EDGE_CURVE('',#5877,#5126,#3256,.T.);
#7501=EDGE_CURVE('',#5879,#5133,#3257,.T.);
#7502=EDGE_CURVE('',#5880,#5132,#3258,.T.);
#7503=EDGE_CURVE('',#5881,#5131,#3259,.T.);
#7504=EDGE_CURVE('',#5882,#5130,#3260,.T.);
#7505=EDGE_CURVE('',#5883,#5129,#3261,.T.);
#7506=EDGE_CURVE('',#5884,#5128,#3262,.T.);
#7507=EDGE_CURVE('',#5878,#5127,#3263,.T.);
#7508=EDGE_CURVE('',#5869,#5134,#3264,.T.);
#7509=EDGE_CURVE('',#5871,#5141,#3265,.T.);
#7510=EDGE_CURVE('',#5872,#5140,#3266,.T.);
#7511=EDGE_CURVE('',#5873,#5139,#3267,.T.);
#7512=EDGE_CURVE('',#5874,#5138,#3268,.T.);
#7513=EDGE_CURVE('',#5875,#5137,#3269,.T.);
#7514=EDGE_CURVE('',#5876,#5136,#3270,.T.);
#7515=EDGE_CURVE('',#5870,#5135,#3271,.T.);
#7516=EDGE_CURVE('',#5861,#5142,#3272,.T.);
#7517=EDGE_CURVE('',#5863,#5149,#3273,.T.);
#7518=EDGE_CURVE('',#5864,#5148,#3274,.T.);
#7519=EDGE_CURVE('',#5865,#5147,#3275,.T.);
#7520=EDGE_CURVE('',#5866,#5146,#3276,.T.);
#7521=EDGE_CURVE('',#5867,#5145,#3277,.T.);
#7522=EDGE_CURVE('',#5868,#5144,#3278,.T.);
#7523=EDGE_CURVE('',#5862,#5143,#3279,.T.);
#7524=EDGE_CURVE('',#5853,#5150,#3280,.T.);
#7525=EDGE_CURVE('',#5855,#5157,#3281,.T.);
#7526=EDGE_CURVE('',#5856,#5156,#3282,.T.);
#7527=EDGE_CURVE('',#5857,#5155,#3283,.T.);
#7528=EDGE_CURVE('',#5858,#5154,#3284,.T.);
#7529=EDGE_CURVE('',#5859,#5153,#3285,.T.);
#7530=EDGE_CURVE('',#5860,#5152,#3286,.T.);
#7531=EDGE_CURVE('',#5854,#5151,#3287,.T.);
#7532=EDGE_CURVE('',#5845,#5158,#3288,.T.);
#7533=EDGE_CURVE('',#5847,#5165,#3289,.T.);
#7534=EDGE_CURVE('',#5848,#5164,#3290,.T.);
#7535=EDGE_CURVE('',#5849,#5163,#3291,.T.);
#7536=EDGE_CURVE('',#5850,#5162,#3292,.T.);
#7537=EDGE_CURVE('',#5851,#5161,#3293,.T.);
#7538=EDGE_CURVE('',#5852,#5160,#3294,.T.);
#7539=EDGE_CURVE('',#5846,#5159,#3295,.T.);
#7540=EDGE_CURVE('',#5837,#5166,#3296,.T.);
#7541=EDGE_CURVE('',#5839,#5173,#3297,.T.);
#7542=EDGE_CURVE('',#5840,#5172,#3298,.T.);
#7543=EDGE_CURVE('',#5841,#5171,#3299,.T.);
#7544=EDGE_CURVE('',#5842,#5170,#3300,.T.);
#7545=EDGE_CURVE('',#5843,#5169,#3301,.T.);
#7546=EDGE_CURVE('',#5844,#5168,#3302,.T.);
#7547=EDGE_CURVE('',#5838,#5167,#3303,.T.);
#7548=EDGE_CURVE('',#5829,#5174,#3304,.T.);
#7549=EDGE_CURVE('',#5831,#5181,#3305,.T.);
#7550=EDGE_CURVE('',#5832,#5180,#3306,.T.);
#7551=EDGE_CURVE('',#5833,#5179,#3307,.T.);
#7552=EDGE_CURVE('',#5834,#5178,#3308,.T.);
#7553=EDGE_CURVE('',#5835,#5177,#3309,.T.);
#7554=EDGE_CURVE('',#5836,#5176,#3310,.T.);
#7555=EDGE_CURVE('',#5830,#5175,#3311,.T.);
#7556=EDGE_CURVE('',#5821,#5182,#3312,.T.);
#7557=EDGE_CURVE('',#5823,#5189,#3313,.T.);
#7558=EDGE_CURVE('',#5824,#5188,#3314,.T.);
#7559=EDGE_CURVE('',#5825,#5187,#3315,.T.);
#7560=EDGE_CURVE('',#5826,#5186,#3316,.T.);
#7561=EDGE_CURVE('',#5827,#5185,#3317,.T.);
#7562=EDGE_CURVE('',#5828,#5184,#3318,.T.);
#7563=EDGE_CURVE('',#5822,#5183,#3319,.T.);
#7564=EDGE_CURVE('',#5813,#5190,#3320,.T.);
#7565=EDGE_CURVE('',#5815,#5197,#3321,.T.);
#7566=EDGE_CURVE('',#5816,#5196,#3322,.T.);
#7567=EDGE_CURVE('',#5817,#5195,#3323,.T.);
#7568=EDGE_CURVE('',#5818,#5194,#3324,.T.);
#7569=EDGE_CURVE('',#5819,#5193,#3325,.T.);
#7570=EDGE_CURVE('',#5820,#5192,#3326,.T.);
#7571=EDGE_CURVE('',#5814,#5191,#3327,.T.);
#7572=EDGE_CURVE('',#5805,#5198,#3328,.T.);
#7573=EDGE_CURVE('',#5807,#5205,#3329,.T.);
#7574=EDGE_CURVE('',#5808,#5204,#3330,.T.);
#7575=EDGE_CURVE('',#5809,#5203,#3331,.T.);
#7576=EDGE_CURVE('',#5810,#5202,#3332,.T.);
#7577=EDGE_CURVE('',#5811,#5201,#3333,.T.);
#7578=EDGE_CURVE('',#5812,#5200,#3334,.T.);
#7579=EDGE_CURVE('',#5806,#5199,#3335,.T.);
#7580=EDGE_CURVE('',#5797,#5206,#3336,.T.);
#7581=EDGE_CURVE('',#5799,#5213,#3337,.T.);
#7582=EDGE_CURVE('',#5800,#5212,#3338,.T.);
#7583=EDGE_CURVE('',#5801,#5211,#3339,.T.);
#7584=EDGE_CURVE('',#5802,#5210,#3340,.T.);
#7585=EDGE_CURVE('',#5803,#5209,#3341,.T.);
#7586=EDGE_CURVE('',#5804,#5208,#3342,.T.);
#7587=EDGE_CURVE('',#5798,#5207,#3343,.T.);
#7588=EDGE_CURVE('',#5789,#5214,#3344,.T.);
#7589=EDGE_CURVE('',#5791,#5221,#3345,.T.);
#7590=EDGE_CURVE('',#5792,#5220,#3346,.T.);
#7591=EDGE_CURVE('',#5793,#5219,#3347,.T.);
#7592=EDGE_CURVE('',#5794,#5218,#3348,.T.);
#7593=EDGE_CURVE('',#5795,#5217,#3349,.T.);
#7594=EDGE_CURVE('',#5796,#5216,#3350,.T.);
#7595=EDGE_CURVE('',#5790,#5215,#3351,.T.);
#7596=EDGE_CURVE('',#5781,#5222,#3352,.T.);
#7597=EDGE_CURVE('',#5783,#5229,#3353,.T.);
#7598=EDGE_CURVE('',#5784,#5228,#3354,.T.);
#7599=EDGE_CURVE('',#5785,#5227,#3355,.T.);
#7600=EDGE_CURVE('',#5786,#5226,#3356,.T.);
#7601=EDGE_CURVE('',#5787,#5225,#3357,.T.);
#7602=EDGE_CURVE('',#5788,#5224,#3358,.T.);
#7603=EDGE_CURVE('',#5782,#5223,#3359,.T.);
#7604=EDGE_CURVE('',#5773,#5230,#3360,.T.);
#7605=EDGE_CURVE('',#5775,#5237,#3361,.T.);
#7606=EDGE_CURVE('',#5776,#5236,#3362,.T.);
#7607=EDGE_CURVE('',#5777,#5235,#3363,.T.);
#7608=EDGE_CURVE('',#5778,#5234,#3364,.T.);
#7609=EDGE_CURVE('',#5779,#5233,#3365,.T.);
#7610=EDGE_CURVE('',#5780,#5232,#3366,.T.);
#7611=EDGE_CURVE('',#5774,#5231,#3367,.T.);
#7612=EDGE_CURVE('',#5765,#5238,#3368,.T.);
#7613=EDGE_CURVE('',#5767,#5245,#3369,.T.);
#7614=EDGE_CURVE('',#5768,#5244,#3370,.T.);
#7615=EDGE_CURVE('',#5769,#5243,#3371,.T.);
#7616=EDGE_CURVE('',#5770,#5242,#3372,.T.);
#7617=EDGE_CURVE('',#5771,#5241,#3373,.T.);
#7618=EDGE_CURVE('',#5772,#5240,#3374,.T.);
#7619=EDGE_CURVE('',#5766,#5239,#3375,.T.);
#7620=EDGE_CURVE('',#5757,#5246,#3376,.T.);
#7621=EDGE_CURVE('',#5759,#5253,#3377,.T.);
#7622=EDGE_CURVE('',#5760,#5252,#3378,.T.);
#7623=EDGE_CURVE('',#5761,#5251,#3379,.T.);
#7624=EDGE_CURVE('',#5762,#5250,#3380,.T.);
#7625=EDGE_CURVE('',#5763,#5249,#3381,.T.);
#7626=EDGE_CURVE('',#5764,#5248,#3382,.T.);
#7627=EDGE_CURVE('',#5758,#5247,#3383,.T.);
#7628=EDGE_CURVE('',#5749,#5254,#3384,.T.);
#7629=EDGE_CURVE('',#5751,#5261,#3385,.T.);
#7630=EDGE_CURVE('',#5752,#5260,#3386,.T.);
#7631=EDGE_CURVE('',#5753,#5259,#3387,.T.);
#7632=EDGE_CURVE('',#5754,#5258,#3388,.T.);
#7633=EDGE_CURVE('',#5755,#5257,#3389,.T.);
#7634=EDGE_CURVE('',#5756,#5256,#3390,.T.);
#7635=EDGE_CURVE('',#5750,#5255,#3391,.T.);
#7636=EDGE_CURVE('',#5741,#5262,#3392,.T.);
#7637=EDGE_CURVE('',#5743,#5269,#3393,.T.);
#7638=EDGE_CURVE('',#5744,#5268,#3394,.T.);
#7639=EDGE_CURVE('',#5745,#5267,#3395,.T.);
#7640=EDGE_CURVE('',#5746,#5266,#3396,.T.);
#7641=EDGE_CURVE('',#5747,#5265,#3397,.T.);
#7642=EDGE_CURVE('',#5748,#5264,#3398,.T.);
#7643=EDGE_CURVE('',#5742,#5263,#3399,.T.);
#7644=EDGE_CURVE('',#5733,#5270,#3400,.T.);
#7645=EDGE_CURVE('',#5735,#5277,#3401,.T.);
#7646=EDGE_CURVE('',#5736,#5276,#3402,.T.);
#7647=EDGE_CURVE('',#5737,#5275,#3403,.T.);
#7648=EDGE_CURVE('',#5738,#5274,#3404,.T.);
#7649=EDGE_CURVE('',#5739,#5273,#3405,.T.);
#7650=EDGE_CURVE('',#5740,#5272,#3406,.T.);
#7651=EDGE_CURVE('',#5734,#5271,#3407,.T.);
#7652=EDGE_CURVE('',#5725,#5278,#3408,.T.);
#7653=EDGE_CURVE('',#5727,#5285,#3409,.T.);
#7654=EDGE_CURVE('',#5728,#5284,#3410,.T.);
#7655=EDGE_CURVE('',#5729,#5283,#3411,.T.);
#7656=EDGE_CURVE('',#5730,#5282,#3412,.T.);
#7657=EDGE_CURVE('',#5731,#5281,#3413,.T.);
#7658=EDGE_CURVE('',#5732,#5280,#3414,.T.);
#7659=EDGE_CURVE('',#5726,#5279,#3415,.T.);
#7660=EDGE_CURVE('',#5717,#5286,#3416,.T.);
#7661=EDGE_CURVE('',#5719,#5293,#3417,.T.);
#7662=EDGE_CURVE('',#5720,#5292,#3418,.T.);
#7663=EDGE_CURVE('',#5721,#5291,#3419,.T.);
#7664=EDGE_CURVE('',#5722,#5290,#3420,.T.);
#7665=EDGE_CURVE('',#5723,#5289,#3421,.T.);
#7666=EDGE_CURVE('',#5724,#5288,#3422,.T.);
#7667=EDGE_CURVE('',#5718,#5287,#3423,.T.);
#7668=EDGE_CURVE('',#5709,#5294,#3424,.T.);
#7669=EDGE_CURVE('',#5711,#5301,#3425,.T.);
#7670=EDGE_CURVE('',#5712,#5300,#3426,.T.);
#7671=EDGE_CURVE('',#5713,#5299,#3427,.T.);
#7672=EDGE_CURVE('',#5714,#5298,#3428,.T.);
#7673=EDGE_CURVE('',#5715,#5297,#3429,.T.);
#7674=EDGE_CURVE('',#5716,#5296,#3430,.T.);
#7675=EDGE_CURVE('',#5710,#5295,#3431,.T.);
#7676=EDGE_CURVE('',#5701,#5302,#3432,.T.);
#7677=EDGE_CURVE('',#5703,#5309,#3433,.T.);
#7678=EDGE_CURVE('',#5704,#5308,#3434,.T.);
#7679=EDGE_CURVE('',#5705,#5307,#3435,.T.);
#7680=EDGE_CURVE('',#5706,#5306,#3436,.T.);
#7681=EDGE_CURVE('',#5707,#5305,#3437,.T.);
#7682=EDGE_CURVE('',#5708,#5304,#3438,.T.);
#7683=EDGE_CURVE('',#5702,#5303,#3439,.T.);
#7684=EDGE_CURVE('',#5693,#5310,#3440,.T.);
#7685=EDGE_CURVE('',#5695,#5317,#3441,.T.);
#7686=EDGE_CURVE('',#5696,#5316,#3442,.T.);
#7687=EDGE_CURVE('',#5697,#5315,#3443,.T.);
#7688=EDGE_CURVE('',#5698,#5314,#3444,.T.);
#7689=EDGE_CURVE('',#5699,#5313,#3445,.T.);
#7690=EDGE_CURVE('',#5700,#5312,#3446,.T.);
#7691=EDGE_CURVE('',#5694,#5311,#3447,.T.);
#7692=EDGE_CURVE('',#5685,#5318,#3448,.T.);
#7693=EDGE_CURVE('',#5687,#5325,#3449,.T.);
#7694=EDGE_CURVE('',#5688,#5324,#3450,.T.);
#7695=EDGE_CURVE('',#5689,#5323,#3451,.T.);
#7696=EDGE_CURVE('',#5690,#5322,#3452,.T.);
#7697=EDGE_CURVE('',#5691,#5321,#3453,.T.);
#7698=EDGE_CURVE('',#5692,#5320,#3454,.T.);
#7699=EDGE_CURVE('',#5686,#5319,#3455,.T.);
#7700=EDGE_CURVE('',#5677,#5326,#3456,.T.);
#7701=EDGE_CURVE('',#5679,#5333,#3457,.T.);
#7702=EDGE_CURVE('',#5680,#5332,#3458,.T.);
#7703=EDGE_CURVE('',#5681,#5331,#3459,.T.);
#7704=EDGE_CURVE('',#5682,#5330,#3460,.T.);
#7705=EDGE_CURVE('',#5683,#5329,#3461,.T.);
#7706=EDGE_CURVE('',#5684,#5328,#3462,.T.);
#7707=EDGE_CURVE('',#5678,#5327,#3463,.T.);
#7708=EDGE_CURVE('',#5669,#5334,#3464,.T.);
#7709=EDGE_CURVE('',#5671,#5341,#3465,.T.);
#7710=EDGE_CURVE('',#5672,#5340,#3466,.T.);
#7711=EDGE_CURVE('',#5673,#5339,#3467,.T.);
#7712=EDGE_CURVE('',#5674,#5338,#3468,.T.);
#7713=EDGE_CURVE('',#5675,#5337,#3469,.T.);
#7714=EDGE_CURVE('',#5676,#5336,#3470,.T.);
#7715=EDGE_CURVE('',#5670,#5335,#3471,.T.);
#7716=EDGE_CURVE('',#5661,#5342,#3472,.T.);
#7717=EDGE_CURVE('',#5663,#5349,#3473,.T.);
#7718=EDGE_CURVE('',#5664,#5348,#3474,.T.);
#7719=EDGE_CURVE('',#5665,#5347,#3475,.T.);
#7720=EDGE_CURVE('',#5666,#5346,#3476,.T.);
#7721=EDGE_CURVE('',#5667,#5345,#3477,.T.);
#7722=EDGE_CURVE('',#5668,#5344,#3478,.T.);
#7723=EDGE_CURVE('',#5662,#5343,#3479,.T.);
#7724=EDGE_CURVE('',#5653,#5350,#3480,.T.);
#7725=EDGE_CURVE('',#5655,#5357,#3481,.T.);
#7726=EDGE_CURVE('',#5656,#5356,#3482,.T.);
#7727=EDGE_CURVE('',#5657,#5355,#3483,.T.);
#7728=EDGE_CURVE('',#5658,#5354,#3484,.T.);
#7729=EDGE_CURVE('',#5659,#5353,#3485,.T.);
#7730=EDGE_CURVE('',#5660,#5352,#3486,.T.);
#7731=EDGE_CURVE('',#5654,#5351,#3487,.T.);
#7732=EDGE_CURVE('',#5645,#5358,#3488,.T.);
#7733=EDGE_CURVE('',#5647,#5365,#3489,.T.);
#7734=EDGE_CURVE('',#5648,#5364,#3490,.T.);
#7735=EDGE_CURVE('',#5649,#5363,#3491,.T.);
#7736=EDGE_CURVE('',#5650,#5362,#3492,.T.);
#7737=EDGE_CURVE('',#5651,#5361,#3493,.T.);
#7738=EDGE_CURVE('',#5652,#5360,#3494,.T.);
#7739=EDGE_CURVE('',#5646,#5359,#3495,.T.);
#7740=EDGE_CURVE('',#5637,#5366,#3496,.T.);
#7741=EDGE_CURVE('',#5639,#5373,#3497,.T.);
#7742=EDGE_CURVE('',#5640,#5372,#3498,.T.);
#7743=EDGE_CURVE('',#5641,#5371,#3499,.T.);
#7744=EDGE_CURVE('',#5642,#5370,#3500,.T.);
#7745=EDGE_CURVE('',#5643,#5369,#3501,.T.);
#7746=EDGE_CURVE('',#5644,#5368,#3502,.T.);
#7747=EDGE_CURVE('',#5638,#5367,#3503,.T.);
#7748=EDGE_CURVE('',#5629,#5374,#3504,.T.);
#7749=EDGE_CURVE('',#5631,#5381,#3505,.T.);
#7750=EDGE_CURVE('',#5632,#5380,#3506,.T.);
#7751=EDGE_CURVE('',#5633,#5379,#3507,.T.);
#7752=EDGE_CURVE('',#5634,#5378,#3508,.T.);
#7753=EDGE_CURVE('',#5635,#5377,#3509,.T.);
#7754=EDGE_CURVE('',#5636,#5376,#3510,.T.);
#7755=EDGE_CURVE('',#5630,#5375,#3511,.T.);
#7756=EDGE_CURVE('',#5621,#5382,#3512,.T.);
#7757=EDGE_CURVE('',#5623,#5389,#3513,.T.);
#7758=EDGE_CURVE('',#5624,#5388,#3514,.T.);
#7759=EDGE_CURVE('',#5625,#5387,#3515,.T.);
#7760=EDGE_CURVE('',#5626,#5386,#3516,.T.);
#7761=EDGE_CURVE('',#5627,#5385,#3517,.T.);
#7762=EDGE_CURVE('',#5628,#5384,#3518,.T.);
#7763=EDGE_CURVE('',#5622,#5383,#3519,.T.);
#7764=EDGE_CURVE('',#5613,#5390,#3520,.T.);
#7765=EDGE_CURVE('',#5615,#5397,#3521,.T.);
#7766=EDGE_CURVE('',#5616,#5396,#3522,.T.);
#7767=EDGE_CURVE('',#5617,#5395,#3523,.T.);
#7768=EDGE_CURVE('',#5618,#5394,#3524,.T.);
#7769=EDGE_CURVE('',#5619,#5393,#3525,.T.);
#7770=EDGE_CURVE('',#5620,#5392,#3526,.T.);
#7771=EDGE_CURVE('',#5614,#5391,#3527,.T.);
#7772=EDGE_CURVE('',#5605,#5398,#3528,.T.);
#7773=EDGE_CURVE('',#5607,#5405,#3529,.T.);
#7774=EDGE_CURVE('',#5608,#5404,#3530,.T.);
#7775=EDGE_CURVE('',#5609,#5403,#3531,.T.);
#7776=EDGE_CURVE('',#5610,#5402,#3532,.T.);
#7777=EDGE_CURVE('',#5611,#5401,#3533,.T.);
#7778=EDGE_CURVE('',#5612,#5400,#3534,.T.);
#7779=EDGE_CURVE('',#5606,#5399,#3535,.T.);
#7780=EDGE_CURVE('',#5597,#5406,#3536,.T.);
#7781=EDGE_CURVE('',#5599,#5413,#3537,.T.);
#7782=EDGE_CURVE('',#5600,#5412,#3538,.T.);
#7783=EDGE_CURVE('',#5601,#5411,#3539,.T.);
#7784=EDGE_CURVE('',#5602,#5410,#3540,.T.);
#7785=EDGE_CURVE('',#5603,#5409,#3541,.T.);
#7786=EDGE_CURVE('',#5604,#5408,#3542,.T.);
#7787=EDGE_CURVE('',#5598,#5407,#3543,.T.);
#7788=EDGE_CURVE('',#5589,#5414,#3544,.T.);
#7789=EDGE_CURVE('',#5591,#5421,#3545,.T.);
#7790=EDGE_CURVE('',#5592,#5420,#3546,.T.);
#7791=EDGE_CURVE('',#5593,#5419,#3547,.T.);
#7792=EDGE_CURVE('',#5594,#5418,#3548,.T.);
#7793=EDGE_CURVE('',#5595,#5417,#3549,.T.);
#7794=EDGE_CURVE('',#5596,#5416,#3550,.T.);
#7795=EDGE_CURVE('',#5590,#5415,#3551,.T.);
#7796=EDGE_CURVE('',#5581,#5422,#3552,.T.);
#7797=EDGE_CURVE('',#5583,#5429,#3553,.T.);
#7798=EDGE_CURVE('',#5584,#5428,#3554,.T.);
#7799=EDGE_CURVE('',#5585,#5427,#3555,.T.);
#7800=EDGE_CURVE('',#5586,#5426,#3556,.T.);
#7801=EDGE_CURVE('',#5587,#5425,#3557,.T.);
#7802=EDGE_CURVE('',#5588,#5424,#3558,.T.);
#7803=EDGE_CURVE('',#5582,#5423,#3559,.T.);
#7804=EDGE_CURVE('',#5573,#5430,#3560,.T.);
#7805=EDGE_CURVE('',#5575,#5437,#3561,.T.);
#7806=EDGE_CURVE('',#5576,#5436,#3562,.T.);
#7807=EDGE_CURVE('',#5577,#5435,#3563,.T.);
#7808=EDGE_CURVE('',#5578,#5434,#3564,.T.);
#7809=EDGE_CURVE('',#5579,#5433,#3565,.T.);
#7810=EDGE_CURVE('',#5580,#5432,#3566,.T.);
#7811=EDGE_CURVE('',#5574,#5431,#3567,.T.);
#7812=EDGE_CURVE('',#5565,#5438,#3568,.T.);
#7813=EDGE_CURVE('',#5567,#5445,#3569,.T.);
#7814=EDGE_CURVE('',#5568,#5444,#3570,.T.);
#7815=EDGE_CURVE('',#5569,#5443,#3571,.T.);
#7816=EDGE_CURVE('',#5570,#5442,#3572,.T.);
#7817=EDGE_CURVE('',#5571,#5441,#3573,.T.);
#7818=EDGE_CURVE('',#5572,#5440,#3574,.T.);
#7819=EDGE_CURVE('',#5566,#5439,#3575,.T.);
#7820=EDGE_CURVE('',#5557,#5446,#3576,.T.);
#7821=EDGE_CURVE('',#5559,#5453,#3577,.T.);
#7822=EDGE_CURVE('',#5560,#5452,#3578,.T.);
#7823=EDGE_CURVE('',#5561,#5451,#3579,.T.);
#7824=EDGE_CURVE('',#5562,#5450,#3580,.T.);
#7825=EDGE_CURVE('',#5563,#5449,#3581,.T.);
#7826=EDGE_CURVE('',#5564,#5448,#3582,.T.);
#7827=EDGE_CURVE('',#5558,#5447,#3583,.T.);
#7828=EDGE_CURVE('',#5519,#4936,#3584,.T.);
#7829=EDGE_CURVE('',#5546,#4909,#3585,.T.);
#7830=EDGE_CURVE('',#5547,#4908,#3586,.T.);
#7831=EDGE_CURVE('',#5469,#4989,#3587,.T.);
#7832=EDGE_CURVE('',#5470,#4988,#3588,.T.);
#7833=ORIENTED_EDGE('',*,*,#6021,.F.);
#7834=ORIENTED_EDGE('',*,*,#6022,.F.);
#7835=ORIENTED_EDGE('',*,*,#6023,.F.);
#7836=ORIENTED_EDGE('',*,*,#6024,.T.);
#7837=ORIENTED_EDGE('',*,*,#6025,.F.);
#7838=ORIENTED_EDGE('',*,*,#6024,.F.);
#7839=ORIENTED_EDGE('',*,*,#6026,.F.);
#7840=ORIENTED_EDGE('',*,*,#6027,.T.);
#7841=ORIENTED_EDGE('',*,*,#6028,.F.);
#7842=ORIENTED_EDGE('',*,*,#6027,.F.);
#7843=ORIENTED_EDGE('',*,*,#6029,.F.);
#7844=ORIENTED_EDGE('',*,*,#6030,.T.);
#7845=ORIENTED_EDGE('',*,*,#6031,.F.);
#7846=ORIENTED_EDGE('',*,*,#6030,.F.);
#7847=ORIENTED_EDGE('',*,*,#6032,.F.);
#7848=ORIENTED_EDGE('',*,*,#6022,.T.);
#7849=ORIENTED_EDGE('',*,*,#6033,.F.);
#7850=ORIENTED_EDGE('',*,*,#6034,.F.);
#7851=ORIENTED_EDGE('',*,*,#6035,.F.);
#7852=ORIENTED_EDGE('',*,*,#6036,.T.);
#7853=ORIENTED_EDGE('',*,*,#6037,.F.);
#7854=ORIENTED_EDGE('',*,*,#6036,.F.);
#7855=ORIENTED_EDGE('',*,*,#6038,.F.);
#7856=ORIENTED_EDGE('',*,*,#6039,.T.);
#7857=ORIENTED_EDGE('',*,*,#6040,.F.);
#7858=ORIENTED_EDGE('',*,*,#6039,.F.);
#7859=ORIENTED_EDGE('',*,*,#6041,.F.);
#7860=ORIENTED_EDGE('',*,*,#6042,.T.);
#7861=ORIENTED_EDGE('',*,*,#6043,.F.);
#7862=ORIENTED_EDGE('',*,*,#6042,.F.);
#7863=ORIENTED_EDGE('',*,*,#6044,.F.);
#7864=ORIENTED_EDGE('',*,*,#6034,.T.);
#7865=ORIENTED_EDGE('',*,*,#6045,.F.);
#7866=ORIENTED_EDGE('',*,*,#6046,.F.);
#7867=ORIENTED_EDGE('',*,*,#6047,.F.);
#7868=ORIENTED_EDGE('',*,*,#6048,.T.);
#7869=ORIENTED_EDGE('',*,*,#6049,.F.);
#7870=ORIENTED_EDGE('',*,*,#6048,.F.);
#7871=ORIENTED_EDGE('',*,*,#6050,.F.);
#7872=ORIENTED_EDGE('',*,*,#6051,.T.);
#7873=ORIENTED_EDGE('',*,*,#6052,.F.);
#7874=ORIENTED_EDGE('',*,*,#6051,.F.);
#7875=ORIENTED_EDGE('',*,*,#6053,.F.);
#7876=ORIENTED_EDGE('',*,*,#6054,.T.);
#7877=ORIENTED_EDGE('',*,*,#6055,.F.);
#7878=ORIENTED_EDGE('',*,*,#6054,.F.);
#7879=ORIENTED_EDGE('',*,*,#6056,.F.);
#7880=ORIENTED_EDGE('',*,*,#6046,.T.);
#7881=ORIENTED_EDGE('',*,*,#6057,.F.);
#7882=ORIENTED_EDGE('',*,*,#6058,.F.);
#7883=ORIENTED_EDGE('',*,*,#6059,.F.);
#7884=ORIENTED_EDGE('',*,*,#6060,.T.);
#7885=ORIENTED_EDGE('',*,*,#6061,.F.);
#7886=ORIENTED_EDGE('',*,*,#6060,.F.);
#7887=ORIENTED_EDGE('',*,*,#6062,.F.);
#7888=ORIENTED_EDGE('',*,*,#6063,.T.);
#7889=ORIENTED_EDGE('',*,*,#6064,.F.);
#7890=ORIENTED_EDGE('',*,*,#6063,.F.);
#7891=ORIENTED_EDGE('',*,*,#6065,.F.);
#7892=ORIENTED_EDGE('',*,*,#6066,.T.);
#7893=ORIENTED_EDGE('',*,*,#6067,.F.);
#7894=ORIENTED_EDGE('',*,*,#6066,.F.);
#7895=ORIENTED_EDGE('',*,*,#6068,.F.);
#7896=ORIENTED_EDGE('',*,*,#6058,.T.);
#7897=ORIENTED_EDGE('',*,*,#6069,.F.);
#7898=ORIENTED_EDGE('',*,*,#6070,.F.);
#7899=ORIENTED_EDGE('',*,*,#6071,.F.);
#7900=ORIENTED_EDGE('',*,*,#6072,.T.);
#7901=ORIENTED_EDGE('',*,*,#6073,.F.);
#7902=ORIENTED_EDGE('',*,*,#6072,.F.);
#7903=ORIENTED_EDGE('',*,*,#6074,.F.);
#7904=ORIENTED_EDGE('',*,*,#6075,.T.);
#7905=ORIENTED_EDGE('',*,*,#6076,.F.);
#7906=ORIENTED_EDGE('',*,*,#6075,.F.);
#7907=ORIENTED_EDGE('',*,*,#6077,.F.);
#7908=ORIENTED_EDGE('',*,*,#6078,.T.);
#7909=ORIENTED_EDGE('',*,*,#6079,.F.);
#7910=ORIENTED_EDGE('',*,*,#6078,.F.);
#7911=ORIENTED_EDGE('',*,*,#6080,.F.);
#7912=ORIENTED_EDGE('',*,*,#6070,.T.);
#7913=ORIENTED_EDGE('',*,*,#6081,.F.);
#7914=ORIENTED_EDGE('',*,*,#6082,.F.);
#7915=ORIENTED_EDGE('',*,*,#6083,.F.);
#7916=ORIENTED_EDGE('',*,*,#6084,.T.);
#7917=ORIENTED_EDGE('',*,*,#6085,.F.);
#7918=ORIENTED_EDGE('',*,*,#6084,.F.);
#7919=ORIENTED_EDGE('',*,*,#6086,.F.);
#7920=ORIENTED_EDGE('',*,*,#6087,.T.);
#7921=ORIENTED_EDGE('',*,*,#6088,.F.);
#7922=ORIENTED_EDGE('',*,*,#6087,.F.);
#7923=ORIENTED_EDGE('',*,*,#6089,.F.);
#7924=ORIENTED_EDGE('',*,*,#6090,.T.);
#7925=ORIENTED_EDGE('',*,*,#6091,.F.);
#7926=ORIENTED_EDGE('',*,*,#6090,.F.);
#7927=ORIENTED_EDGE('',*,*,#6092,.F.);
#7928=ORIENTED_EDGE('',*,*,#6082,.T.);
#7929=ORIENTED_EDGE('',*,*,#6093,.F.);
#7930=ORIENTED_EDGE('',*,*,#6094,.F.);
#7931=ORIENTED_EDGE('',*,*,#6095,.F.);
#7932=ORIENTED_EDGE('',*,*,#6096,.T.);
#7933=ORIENTED_EDGE('',*,*,#6097,.F.);
#7934=ORIENTED_EDGE('',*,*,#6096,.F.);
#7935=ORIENTED_EDGE('',*,*,#6098,.F.);
#7936=ORIENTED_EDGE('',*,*,#6099,.T.);
#7937=ORIENTED_EDGE('',*,*,#6100,.F.);
#7938=ORIENTED_EDGE('',*,*,#6099,.F.);
#7939=ORIENTED_EDGE('',*,*,#6101,.F.);
#7940=ORIENTED_EDGE('',*,*,#6102,.T.);
#7941=ORIENTED_EDGE('',*,*,#6103,.F.);
#7942=ORIENTED_EDGE('',*,*,#6102,.F.);
#7943=ORIENTED_EDGE('',*,*,#6104,.F.);
#7944=ORIENTED_EDGE('',*,*,#6094,.T.);
#7945=ORIENTED_EDGE('',*,*,#6105,.F.);
#7946=ORIENTED_EDGE('',*,*,#6106,.F.);
#7947=ORIENTED_EDGE('',*,*,#6107,.F.);
#7948=ORIENTED_EDGE('',*,*,#6108,.T.);
#7949=ORIENTED_EDGE('',*,*,#6109,.F.);
#7950=ORIENTED_EDGE('',*,*,#6108,.F.);
#7951=ORIENTED_EDGE('',*,*,#6110,.F.);
#7952=ORIENTED_EDGE('',*,*,#6111,.T.);
#7953=ORIENTED_EDGE('',*,*,#6112,.F.);
#7954=ORIENTED_EDGE('',*,*,#6111,.F.);
#7955=ORIENTED_EDGE('',*,*,#6113,.F.);
#7956=ORIENTED_EDGE('',*,*,#6114,.T.);
#7957=ORIENTED_EDGE('',*,*,#6115,.F.);
#7958=ORIENTED_EDGE('',*,*,#6114,.F.);
#7959=ORIENTED_EDGE('',*,*,#6116,.F.);
#7960=ORIENTED_EDGE('',*,*,#6106,.T.);
#7961=ORIENTED_EDGE('',*,*,#6117,.T.);
#7962=ORIENTED_EDGE('',*,*,#6118,.T.);
#7963=ORIENTED_EDGE('',*,*,#6119,.T.);
#7964=ORIENTED_EDGE('',*,*,#6120,.T.);
#7965=ORIENTED_EDGE('',*,*,#6118,.F.);
#7966=ORIENTED_EDGE('',*,*,#6121,.F.);
#7967=ORIENTED_EDGE('',*,*,#6122,.F.);
#7968=ORIENTED_EDGE('',*,*,#6123,.F.);
#7969=ORIENTED_EDGE('',*,*,#6124,.T.);
#7970=ORIENTED_EDGE('',*,*,#6125,.T.);
#7971=ORIENTED_EDGE('',*,*,#6126,.T.);
#7972=ORIENTED_EDGE('',*,*,#6127,.T.);
#7973=ORIENTED_EDGE('',*,*,#6120,.F.);
#7974=ORIENTED_EDGE('',*,*,#6128,.F.);
#7975=ORIENTED_EDGE('',*,*,#6127,.F.);
#7976=ORIENTED_EDGE('',*,*,#6129,.F.);
#7977=ORIENTED_EDGE('',*,*,#6126,.F.);
#7978=ORIENTED_EDGE('',*,*,#6130,.F.);
#7979=ORIENTED_EDGE('',*,*,#6131,.F.);
#7980=ORIENTED_EDGE('',*,*,#6132,.T.);
#7981=ORIENTED_EDGE('',*,*,#6133,.T.);
#7982=ORIENTED_EDGE('',*,*,#6134,.F.);
#7983=ORIENTED_EDGE('',*,*,#6135,.F.);
#7984=ORIENTED_EDGE('',*,*,#6136,.F.);
#7985=ORIENTED_EDGE('',*,*,#6137,.F.);
#7986=ORIENTED_EDGE('',*,*,#6138,.T.);
#7987=ORIENTED_EDGE('',*,*,#6139,.F.);
#7988=ORIENTED_EDGE('',*,*,#6140,.T.);
#7989=ORIENTED_EDGE('',*,*,#6141,.F.);
#7990=ORIENTED_EDGE('',*,*,#6142,.T.);
#7991=ORIENTED_EDGE('',*,*,#6143,.F.);
#7992=ORIENTED_EDGE('',*,*,#6144,.T.);
#7993=ORIENTED_EDGE('',*,*,#6145,.T.);
#7994=ORIENTED_EDGE('',*,*,#6146,.F.);
#7995=ORIENTED_EDGE('',*,*,#6147,.F.);
#7996=ORIENTED_EDGE('',*,*,#6148,.F.);
#7997=ORIENTED_EDGE('',*,*,#6149,.F.);
#7998=ORIENTED_EDGE('',*,*,#6150,.T.);
#7999=ORIENTED_EDGE('',*,*,#6151,.T.);
#8000=ORIENTED_EDGE('',*,*,#6152,.T.);
#8001=ORIENTED_EDGE('',*,*,#6153,.T.);
#8002=ORIENTED_EDGE('',*,*,#6154,.T.);
#8003=ORIENTED_EDGE('',*,*,#6155,.F.);
#8004=ORIENTED_EDGE('',*,*,#6156,.T.);
#8005=ORIENTED_EDGE('',*,*,#6157,.F.);
#8006=ORIENTED_EDGE('',*,*,#6158,.F.);
#8007=ORIENTED_EDGE('',*,*,#6159,.F.);
#8008=ORIENTED_EDGE('',*,*,#6160,.T.);
#8009=ORIENTED_EDGE('',*,*,#6161,.T.);
#8010=ORIENTED_EDGE('',*,*,#6162,.F.);
#8011=ORIENTED_EDGE('',*,*,#6163,.F.);
#8012=ORIENTED_EDGE('',*,*,#6164,.F.);
#8013=ORIENTED_EDGE('',*,*,#6165,.F.);
#8014=ORIENTED_EDGE('',*,*,#6166,.T.);
#8015=ORIENTED_EDGE('',*,*,#6167,.F.);
#8016=ORIENTED_EDGE('',*,*,#6168,.T.);
#8017=ORIENTED_EDGE('',*,*,#6169,.F.);
#8018=ORIENTED_EDGE('',*,*,#6170,.F.);
#8019=ORIENTED_EDGE('',*,*,#6171,.F.);
#8020=ORIENTED_EDGE('',*,*,#6172,.T.);
#8021=ORIENTED_EDGE('',*,*,#6173,.T.);
#8022=ORIENTED_EDGE('',*,*,#6174,.F.);
#8023=ORIENTED_EDGE('',*,*,#6175,.F.);
#8024=ORIENTED_EDGE('',*,*,#6176,.F.);
#8025=ORIENTED_EDGE('',*,*,#6177,.F.);
#8026=ORIENTED_EDGE('',*,*,#6178,.T.);
#8027=ORIENTED_EDGE('',*,*,#6179,.T.);
#8028=ORIENTED_EDGE('',*,*,#6180,.T.);
#8029=ORIENTED_EDGE('',*,*,#6181,.F.);
#8030=ORIENTED_EDGE('',*,*,#6182,.T.);
#8031=ORIENTED_EDGE('',*,*,#6183,.F.);
#8032=ORIENTED_EDGE('',*,*,#6184,.T.);
#8033=ORIENTED_EDGE('',*,*,#6185,.F.);
#8034=ORIENTED_EDGE('',*,*,#6186,.F.);
#8035=ORIENTED_EDGE('',*,*,#6187,.F.);
#8036=ORIENTED_EDGE('',*,*,#6188,.T.);
#8037=ORIENTED_EDGE('',*,*,#6189,.T.);
#8038=ORIENTED_EDGE('',*,*,#6190,.F.);
#8039=ORIENTED_EDGE('',*,*,#6191,.F.);
#8040=ORIENTED_EDGE('',*,*,#6192,.F.);
#8041=ORIENTED_EDGE('',*,*,#6193,.F.);
#8042=ORIENTED_EDGE('',*,*,#6194,.T.);
#8043=ORIENTED_EDGE('',*,*,#6195,.F.);
#8044=ORIENTED_EDGE('',*,*,#6196,.T.);
#8045=ORIENTED_EDGE('',*,*,#6197,.F.);
#8046=ORIENTED_EDGE('',*,*,#6198,.F.);
#8047=ORIENTED_EDGE('',*,*,#6199,.F.);
#8048=ORIENTED_EDGE('',*,*,#6200,.T.);
#8049=ORIENTED_EDGE('',*,*,#6201,.T.);
#8050=ORIENTED_EDGE('',*,*,#6202,.F.);
#8051=ORIENTED_EDGE('',*,*,#6203,.F.);
#8052=ORIENTED_EDGE('',*,*,#6204,.F.);
#8053=ORIENTED_EDGE('',*,*,#6205,.F.);
#8054=ORIENTED_EDGE('',*,*,#6206,.T.);
#8055=ORIENTED_EDGE('',*,*,#6207,.F.);
#8056=ORIENTED_EDGE('',*,*,#6208,.T.);
#8057=ORIENTED_EDGE('',*,*,#6209,.F.);
#8058=ORIENTED_EDGE('',*,*,#6210,.F.);
#8059=ORIENTED_EDGE('',*,*,#6211,.F.);
#8060=ORIENTED_EDGE('',*,*,#6212,.T.);
#8061=ORIENTED_EDGE('',*,*,#6213,.T.);
#8062=ORIENTED_EDGE('',*,*,#6214,.F.);
#8063=ORIENTED_EDGE('',*,*,#6215,.F.);
#8064=ORIENTED_EDGE('',*,*,#6216,.F.);
#8065=ORIENTED_EDGE('',*,*,#6217,.F.);
#8066=ORIENTED_EDGE('',*,*,#6218,.T.);
#8067=ORIENTED_EDGE('',*,*,#6219,.F.);
#8068=ORIENTED_EDGE('',*,*,#6220,.T.);
#8069=ORIENTED_EDGE('',*,*,#6221,.F.);
#8070=ORIENTED_EDGE('',*,*,#6222,.F.);
#8071=ORIENTED_EDGE('',*,*,#6223,.F.);
#8072=ORIENTED_EDGE('',*,*,#6224,.T.);
#8073=ORIENTED_EDGE('',*,*,#6225,.T.);
#8074=ORIENTED_EDGE('',*,*,#6226,.F.);
#8075=ORIENTED_EDGE('',*,*,#6227,.F.);
#8076=ORIENTED_EDGE('',*,*,#6228,.F.);
#8077=ORIENTED_EDGE('',*,*,#6229,.F.);
#8078=ORIENTED_EDGE('',*,*,#6230,.T.);
#8079=ORIENTED_EDGE('',*,*,#6231,.T.);
#8080=ORIENTED_EDGE('',*,*,#6232,.T.);
#8081=ORIENTED_EDGE('',*,*,#6233,.T.);
#8082=ORIENTED_EDGE('',*,*,#6121,.T.);
#8083=ORIENTED_EDGE('',*,*,#6117,.F.);
#8084=ORIENTED_EDGE('',*,*,#6129,.T.);
#8085=ORIENTED_EDGE('',*,*,#6029,.T.);
#8086=ORIENTED_EDGE('',*,*,#6026,.T.);
#8087=ORIENTED_EDGE('',*,*,#6023,.T.);
#8088=ORIENTED_EDGE('',*,*,#6032,.T.);
#8089=ORIENTED_EDGE('',*,*,#6041,.T.);
#8090=ORIENTED_EDGE('',*,*,#6038,.T.);
#8091=ORIENTED_EDGE('',*,*,#6035,.T.);
#8092=ORIENTED_EDGE('',*,*,#6044,.T.);
#8093=ORIENTED_EDGE('',*,*,#6053,.T.);
#8094=ORIENTED_EDGE('',*,*,#6050,.T.);
#8095=ORIENTED_EDGE('',*,*,#6047,.T.);
#8096=ORIENTED_EDGE('',*,*,#6056,.T.);
#8097=ORIENTED_EDGE('',*,*,#6065,.T.);
#8098=ORIENTED_EDGE('',*,*,#6062,.T.);
#8099=ORIENTED_EDGE('',*,*,#6059,.T.);
#8100=ORIENTED_EDGE('',*,*,#6068,.T.);
#8101=ORIENTED_EDGE('',*,*,#6077,.T.);
#8102=ORIENTED_EDGE('',*,*,#6074,.T.);
#8103=ORIENTED_EDGE('',*,*,#6071,.T.);
#8104=ORIENTED_EDGE('',*,*,#6080,.T.);
#8105=ORIENTED_EDGE('',*,*,#6089,.T.);
#8106=ORIENTED_EDGE('',*,*,#6086,.T.);
#8107=ORIENTED_EDGE('',*,*,#6083,.T.);
#8108=ORIENTED_EDGE('',*,*,#6092,.T.);
#8109=ORIENTED_EDGE('',*,*,#6101,.T.);
#8110=ORIENTED_EDGE('',*,*,#6098,.T.);
#8111=ORIENTED_EDGE('',*,*,#6095,.T.);
#8112=ORIENTED_EDGE('',*,*,#6104,.T.);
#8113=ORIENTED_EDGE('',*,*,#6113,.T.);
#8114=ORIENTED_EDGE('',*,*,#6110,.T.);
#8115=ORIENTED_EDGE('',*,*,#6107,.T.);
#8116=ORIENTED_EDGE('',*,*,#6116,.T.);
#8117=ORIENTED_EDGE('',*,*,#6234,.T.);
#8118=ORIENTED_EDGE('',*,*,#6235,.T.);
#8119=ORIENTED_EDGE('',*,*,#6236,.T.);
#8120=ORIENTED_EDGE('',*,*,#6237,.T.);
#8121=ORIENTED_EDGE('',*,*,#6238,.T.);
#8122=ORIENTED_EDGE('',*,*,#6239,.T.);
#8123=ORIENTED_EDGE('',*,*,#6240,.T.);
#8124=ORIENTED_EDGE('',*,*,#6241,.T.);
#8125=ORIENTED_EDGE('',*,*,#6242,.T.);
#8126=ORIENTED_EDGE('',*,*,#6243,.T.);
#8127=ORIENTED_EDGE('',*,*,#6244,.T.);
#8128=ORIENTED_EDGE('',*,*,#6245,.T.);
#8129=ORIENTED_EDGE('',*,*,#6246,.T.);
#8130=ORIENTED_EDGE('',*,*,#6247,.T.);
#8131=ORIENTED_EDGE('',*,*,#6248,.T.);
#8132=ORIENTED_EDGE('',*,*,#6249,.T.);
#8133=ORIENTED_EDGE('',*,*,#6250,.T.);
#8134=ORIENTED_EDGE('',*,*,#6251,.T.);
#8135=ORIENTED_EDGE('',*,*,#6252,.T.);
#8136=ORIENTED_EDGE('',*,*,#6253,.T.);
#8137=ORIENTED_EDGE('',*,*,#6254,.T.);
#8138=ORIENTED_EDGE('',*,*,#6255,.T.);
#8139=ORIENTED_EDGE('',*,*,#6256,.T.);
#8140=ORIENTED_EDGE('',*,*,#6257,.T.);
#8141=ORIENTED_EDGE('',*,*,#6258,.T.);
#8142=ORIENTED_EDGE('',*,*,#6259,.T.);
#8143=ORIENTED_EDGE('',*,*,#6260,.T.);
#8144=ORIENTED_EDGE('',*,*,#6261,.T.);
#8145=ORIENTED_EDGE('',*,*,#6262,.T.);
#8146=ORIENTED_EDGE('',*,*,#6263,.T.);
#8147=ORIENTED_EDGE('',*,*,#6264,.T.);
#8148=ORIENTED_EDGE('',*,*,#6265,.T.);
#8149=ORIENTED_EDGE('',*,*,#6266,.T.);
#8150=ORIENTED_EDGE('',*,*,#6267,.T.);
#8151=ORIENTED_EDGE('',*,*,#6268,.T.);
#8152=ORIENTED_EDGE('',*,*,#6269,.T.);
#8153=ORIENTED_EDGE('',*,*,#6270,.T.);
#8154=ORIENTED_EDGE('',*,*,#6271,.T.);
#8155=ORIENTED_EDGE('',*,*,#6272,.T.);
#8156=ORIENTED_EDGE('',*,*,#6273,.T.);
#8157=ORIENTED_EDGE('',*,*,#6274,.T.);
#8158=ORIENTED_EDGE('',*,*,#6275,.T.);
#8159=ORIENTED_EDGE('',*,*,#6276,.T.);
#8160=ORIENTED_EDGE('',*,*,#6277,.T.);
#8161=ORIENTED_EDGE('',*,*,#6278,.T.);
#8162=ORIENTED_EDGE('',*,*,#6279,.T.);
#8163=ORIENTED_EDGE('',*,*,#6280,.T.);
#8164=ORIENTED_EDGE('',*,*,#6281,.T.);
#8165=ORIENTED_EDGE('',*,*,#6282,.T.);
#8166=ORIENTED_EDGE('',*,*,#6283,.T.);
#8167=ORIENTED_EDGE('',*,*,#6284,.T.);
#8168=ORIENTED_EDGE('',*,*,#6285,.T.);
#8169=ORIENTED_EDGE('',*,*,#6286,.T.);
#8170=ORIENTED_EDGE('',*,*,#6287,.T.);
#8171=ORIENTED_EDGE('',*,*,#6288,.T.);
#8172=ORIENTED_EDGE('',*,*,#6289,.T.);
#8173=ORIENTED_EDGE('',*,*,#6290,.T.);
#8174=ORIENTED_EDGE('',*,*,#6291,.T.);
#8175=ORIENTED_EDGE('',*,*,#6292,.T.);
#8176=ORIENTED_EDGE('',*,*,#6293,.T.);
#8177=ORIENTED_EDGE('',*,*,#6294,.T.);
#8178=ORIENTED_EDGE('',*,*,#6295,.T.);
#8179=ORIENTED_EDGE('',*,*,#6296,.T.);
#8180=ORIENTED_EDGE('',*,*,#6297,.T.);
#8181=ORIENTED_EDGE('',*,*,#6298,.T.);
#8182=ORIENTED_EDGE('',*,*,#6299,.T.);
#8183=ORIENTED_EDGE('',*,*,#6300,.T.);
#8184=ORIENTED_EDGE('',*,*,#6301,.T.);
#8185=ORIENTED_EDGE('',*,*,#6302,.T.);
#8186=ORIENTED_EDGE('',*,*,#6303,.T.);
#8187=ORIENTED_EDGE('',*,*,#6304,.T.);
#8188=ORIENTED_EDGE('',*,*,#6305,.T.);
#8189=ORIENTED_EDGE('',*,*,#6306,.T.);
#8190=ORIENTED_EDGE('',*,*,#6307,.T.);
#8191=ORIENTED_EDGE('',*,*,#6308,.T.);
#8192=ORIENTED_EDGE('',*,*,#6309,.T.);
#8193=ORIENTED_EDGE('',*,*,#6310,.T.);
#8194=ORIENTED_EDGE('',*,*,#6311,.T.);
#8195=ORIENTED_EDGE('',*,*,#6312,.T.);
#8196=ORIENTED_EDGE('',*,*,#6313,.T.);
#8197=ORIENTED_EDGE('',*,*,#6314,.T.);
#8198=ORIENTED_EDGE('',*,*,#6315,.T.);
#8199=ORIENTED_EDGE('',*,*,#6316,.T.);
#8200=ORIENTED_EDGE('',*,*,#6317,.T.);
#8201=ORIENTED_EDGE('',*,*,#6318,.T.);
#8202=ORIENTED_EDGE('',*,*,#6319,.T.);
#8203=ORIENTED_EDGE('',*,*,#6320,.T.);
#8204=ORIENTED_EDGE('',*,*,#6321,.T.);
#8205=ORIENTED_EDGE('',*,*,#6322,.T.);
#8206=ORIENTED_EDGE('',*,*,#6323,.T.);
#8207=ORIENTED_EDGE('',*,*,#6324,.T.);
#8208=ORIENTED_EDGE('',*,*,#6325,.T.);
#8209=ORIENTED_EDGE('',*,*,#6326,.T.);
#8210=ORIENTED_EDGE('',*,*,#6327,.T.);
#8211=ORIENTED_EDGE('',*,*,#6328,.T.);
#8212=ORIENTED_EDGE('',*,*,#6329,.T.);
#8213=ORIENTED_EDGE('',*,*,#6330,.T.);
#8214=ORIENTED_EDGE('',*,*,#6331,.T.);
#8215=ORIENTED_EDGE('',*,*,#6332,.T.);
#8216=ORIENTED_EDGE('',*,*,#6333,.T.);
#8217=ORIENTED_EDGE('',*,*,#6334,.T.);
#8218=ORIENTED_EDGE('',*,*,#6335,.T.);
#8219=ORIENTED_EDGE('',*,*,#6336,.T.);
#8220=ORIENTED_EDGE('',*,*,#6337,.T.);
#8221=ORIENTED_EDGE('',*,*,#6338,.T.);
#8222=ORIENTED_EDGE('',*,*,#6339,.T.);
#8223=ORIENTED_EDGE('',*,*,#6340,.T.);
#8224=ORIENTED_EDGE('',*,*,#6341,.T.);
#8225=ORIENTED_EDGE('',*,*,#6342,.T.);
#8226=ORIENTED_EDGE('',*,*,#6343,.T.);
#8227=ORIENTED_EDGE('',*,*,#6344,.T.);
#8228=ORIENTED_EDGE('',*,*,#6345,.T.);
#8229=ORIENTED_EDGE('',*,*,#6346,.T.);
#8230=ORIENTED_EDGE('',*,*,#6347,.T.);
#8231=ORIENTED_EDGE('',*,*,#6348,.T.);
#8232=ORIENTED_EDGE('',*,*,#6349,.T.);
#8233=ORIENTED_EDGE('',*,*,#6350,.T.);
#8234=ORIENTED_EDGE('',*,*,#6351,.T.);
#8235=ORIENTED_EDGE('',*,*,#6352,.T.);
#8236=ORIENTED_EDGE('',*,*,#6353,.T.);
#8237=ORIENTED_EDGE('',*,*,#6354,.T.);
#8238=ORIENTED_EDGE('',*,*,#6355,.T.);
#8239=ORIENTED_EDGE('',*,*,#6356,.T.);
#8240=ORIENTED_EDGE('',*,*,#6357,.T.);
#8241=ORIENTED_EDGE('',*,*,#6358,.T.);
#8242=ORIENTED_EDGE('',*,*,#6359,.T.);
#8243=ORIENTED_EDGE('',*,*,#6360,.T.);
#8244=ORIENTED_EDGE('',*,*,#6361,.T.);
#8245=ORIENTED_EDGE('',*,*,#6362,.T.);
#8246=ORIENTED_EDGE('',*,*,#6363,.T.);
#8247=ORIENTED_EDGE('',*,*,#6364,.T.);
#8248=ORIENTED_EDGE('',*,*,#6365,.T.);
#8249=ORIENTED_EDGE('',*,*,#6366,.T.);
#8250=ORIENTED_EDGE('',*,*,#6367,.T.);
#8251=ORIENTED_EDGE('',*,*,#6368,.T.);
#8252=ORIENTED_EDGE('',*,*,#6369,.T.);
#8253=ORIENTED_EDGE('',*,*,#6370,.T.);
#8254=ORIENTED_EDGE('',*,*,#6371,.T.);
#8255=ORIENTED_EDGE('',*,*,#6372,.T.);
#8256=ORIENTED_EDGE('',*,*,#6373,.T.);
#8257=ORIENTED_EDGE('',*,*,#6374,.T.);
#8258=ORIENTED_EDGE('',*,*,#6375,.T.);
#8259=ORIENTED_EDGE('',*,*,#6376,.T.);
#8260=ORIENTED_EDGE('',*,*,#6377,.T.);
#8261=ORIENTED_EDGE('',*,*,#6378,.T.);
#8262=ORIENTED_EDGE('',*,*,#6379,.T.);
#8263=ORIENTED_EDGE('',*,*,#6380,.T.);
#8264=ORIENTED_EDGE('',*,*,#6381,.T.);
#8265=ORIENTED_EDGE('',*,*,#6382,.T.);
#8266=ORIENTED_EDGE('',*,*,#6383,.T.);
#8267=ORIENTED_EDGE('',*,*,#6384,.T.);
#8268=ORIENTED_EDGE('',*,*,#6385,.T.);
#8269=ORIENTED_EDGE('',*,*,#6386,.T.);
#8270=ORIENTED_EDGE('',*,*,#6387,.T.);
#8271=ORIENTED_EDGE('',*,*,#6388,.T.);
#8272=ORIENTED_EDGE('',*,*,#6389,.T.);
#8273=ORIENTED_EDGE('',*,*,#6390,.T.);
#8274=ORIENTED_EDGE('',*,*,#6391,.T.);
#8275=ORIENTED_EDGE('',*,*,#6392,.T.);
#8276=ORIENTED_EDGE('',*,*,#6393,.T.);
#8277=ORIENTED_EDGE('',*,*,#6394,.T.);
#8278=ORIENTED_EDGE('',*,*,#6395,.T.);
#8279=ORIENTED_EDGE('',*,*,#6396,.T.);
#8280=ORIENTED_EDGE('',*,*,#6397,.T.);
#8281=ORIENTED_EDGE('',*,*,#6398,.T.);
#8282=ORIENTED_EDGE('',*,*,#6399,.T.);
#8283=ORIENTED_EDGE('',*,*,#6400,.T.);
#8284=ORIENTED_EDGE('',*,*,#6401,.T.);
#8285=ORIENTED_EDGE('',*,*,#6402,.T.);
#8286=ORIENTED_EDGE('',*,*,#6403,.T.);
#8287=ORIENTED_EDGE('',*,*,#6404,.T.);
#8288=ORIENTED_EDGE('',*,*,#6405,.T.);
#8289=ORIENTED_EDGE('',*,*,#6406,.T.);
#8290=ORIENTED_EDGE('',*,*,#6407,.T.);
#8291=ORIENTED_EDGE('',*,*,#6408,.T.);
#8292=ORIENTED_EDGE('',*,*,#6409,.T.);
#8293=ORIENTED_EDGE('',*,*,#6410,.T.);
#8294=ORIENTED_EDGE('',*,*,#6411,.T.);
#8295=ORIENTED_EDGE('',*,*,#6412,.T.);
#8296=ORIENTED_EDGE('',*,*,#6413,.T.);
#8297=ORIENTED_EDGE('',*,*,#6414,.T.);
#8298=ORIENTED_EDGE('',*,*,#6415,.T.);
#8299=ORIENTED_EDGE('',*,*,#6416,.T.);
#8300=ORIENTED_EDGE('',*,*,#6417,.T.);
#8301=ORIENTED_EDGE('',*,*,#6418,.T.);
#8302=ORIENTED_EDGE('',*,*,#6419,.T.);
#8303=ORIENTED_EDGE('',*,*,#6420,.T.);
#8304=ORIENTED_EDGE('',*,*,#6421,.T.);
#8305=ORIENTED_EDGE('',*,*,#6422,.T.);
#8306=ORIENTED_EDGE('',*,*,#6423,.T.);
#8307=ORIENTED_EDGE('',*,*,#6424,.T.);
#8308=ORIENTED_EDGE('',*,*,#6425,.T.);
#8309=ORIENTED_EDGE('',*,*,#6426,.T.);
#8310=ORIENTED_EDGE('',*,*,#6427,.T.);
#8311=ORIENTED_EDGE('',*,*,#6428,.T.);
#8312=ORIENTED_EDGE('',*,*,#6429,.T.);
#8313=ORIENTED_EDGE('',*,*,#6430,.T.);
#8314=ORIENTED_EDGE('',*,*,#6431,.T.);
#8315=ORIENTED_EDGE('',*,*,#6432,.T.);
#8316=ORIENTED_EDGE('',*,*,#6433,.T.);
#8317=ORIENTED_EDGE('',*,*,#6434,.T.);
#8318=ORIENTED_EDGE('',*,*,#6435,.T.);
#8319=ORIENTED_EDGE('',*,*,#6436,.T.);
#8320=ORIENTED_EDGE('',*,*,#6437,.T.);
#8321=ORIENTED_EDGE('',*,*,#6438,.T.);
#8322=ORIENTED_EDGE('',*,*,#6439,.T.);
#8323=ORIENTED_EDGE('',*,*,#6440,.T.);
#8324=ORIENTED_EDGE('',*,*,#6441,.T.);
#8325=ORIENTED_EDGE('',*,*,#6442,.T.);
#8326=ORIENTED_EDGE('',*,*,#6443,.T.);
#8327=ORIENTED_EDGE('',*,*,#6444,.T.);
#8328=ORIENTED_EDGE('',*,*,#6445,.T.);
#8329=ORIENTED_EDGE('',*,*,#6446,.T.);
#8330=ORIENTED_EDGE('',*,*,#6447,.T.);
#8331=ORIENTED_EDGE('',*,*,#6448,.T.);
#8332=ORIENTED_EDGE('',*,*,#6449,.T.);
#8333=ORIENTED_EDGE('',*,*,#6450,.T.);
#8334=ORIENTED_EDGE('',*,*,#6451,.T.);
#8335=ORIENTED_EDGE('',*,*,#6452,.T.);
#8336=ORIENTED_EDGE('',*,*,#6453,.T.);
#8337=ORIENTED_EDGE('',*,*,#6454,.T.);
#8338=ORIENTED_EDGE('',*,*,#6455,.T.);
#8339=ORIENTED_EDGE('',*,*,#6456,.T.);
#8340=ORIENTED_EDGE('',*,*,#6457,.T.);
#8341=ORIENTED_EDGE('',*,*,#6458,.T.);
#8342=ORIENTED_EDGE('',*,*,#6459,.T.);
#8343=ORIENTED_EDGE('',*,*,#6460,.T.);
#8344=ORIENTED_EDGE('',*,*,#6461,.T.);
#8345=ORIENTED_EDGE('',*,*,#6462,.T.);
#8346=ORIENTED_EDGE('',*,*,#6463,.T.);
#8347=ORIENTED_EDGE('',*,*,#6464,.T.);
#8348=ORIENTED_EDGE('',*,*,#6465,.T.);
#8349=ORIENTED_EDGE('',*,*,#6466,.T.);
#8350=ORIENTED_EDGE('',*,*,#6467,.T.);
#8351=ORIENTED_EDGE('',*,*,#6468,.T.);
#8352=ORIENTED_EDGE('',*,*,#6469,.T.);
#8353=ORIENTED_EDGE('',*,*,#6470,.T.);
#8354=ORIENTED_EDGE('',*,*,#6471,.T.);
#8355=ORIENTED_EDGE('',*,*,#6472,.T.);
#8356=ORIENTED_EDGE('',*,*,#6473,.T.);
#8357=ORIENTED_EDGE('',*,*,#6474,.T.);
#8358=ORIENTED_EDGE('',*,*,#6475,.T.);
#8359=ORIENTED_EDGE('',*,*,#6476,.T.);
#8360=ORIENTED_EDGE('',*,*,#6477,.T.);
#8361=ORIENTED_EDGE('',*,*,#6478,.T.);
#8362=ORIENTED_EDGE('',*,*,#6479,.T.);
#8363=ORIENTED_EDGE('',*,*,#6480,.T.);
#8364=ORIENTED_EDGE('',*,*,#6481,.T.);
#8365=ORIENTED_EDGE('',*,*,#6482,.T.);
#8366=ORIENTED_EDGE('',*,*,#6483,.T.);
#8367=ORIENTED_EDGE('',*,*,#6484,.T.);
#8368=ORIENTED_EDGE('',*,*,#6485,.T.);
#8369=ORIENTED_EDGE('',*,*,#6486,.T.);
#8370=ORIENTED_EDGE('',*,*,#6487,.T.);
#8371=ORIENTED_EDGE('',*,*,#6488,.T.);
#8372=ORIENTED_EDGE('',*,*,#6489,.T.);
#8373=ORIENTED_EDGE('',*,*,#6490,.T.);
#8374=ORIENTED_EDGE('',*,*,#6491,.T.);
#8375=ORIENTED_EDGE('',*,*,#6492,.T.);
#8376=ORIENTED_EDGE('',*,*,#6493,.T.);
#8377=ORIENTED_EDGE('',*,*,#6494,.T.);
#8378=ORIENTED_EDGE('',*,*,#6495,.T.);
#8379=ORIENTED_EDGE('',*,*,#6496,.T.);
#8380=ORIENTED_EDGE('',*,*,#6497,.T.);
#8381=ORIENTED_EDGE('',*,*,#6498,.T.);
#8382=ORIENTED_EDGE('',*,*,#6499,.T.);
#8383=ORIENTED_EDGE('',*,*,#6500,.T.);
#8384=ORIENTED_EDGE('',*,*,#6501,.T.);
#8385=ORIENTED_EDGE('',*,*,#6502,.T.);
#8386=ORIENTED_EDGE('',*,*,#6503,.T.);
#8387=ORIENTED_EDGE('',*,*,#6504,.T.);
#8388=ORIENTED_EDGE('',*,*,#6505,.T.);
#8389=ORIENTED_EDGE('',*,*,#6506,.T.);
#8390=ORIENTED_EDGE('',*,*,#6507,.T.);
#8391=ORIENTED_EDGE('',*,*,#6508,.T.);
#8392=ORIENTED_EDGE('',*,*,#6509,.T.);
#8393=ORIENTED_EDGE('',*,*,#6510,.T.);
#8394=ORIENTED_EDGE('',*,*,#6511,.T.);
#8395=ORIENTED_EDGE('',*,*,#6512,.T.);
#8396=ORIENTED_EDGE('',*,*,#6513,.T.);
#8397=ORIENTED_EDGE('',*,*,#6514,.T.);
#8398=ORIENTED_EDGE('',*,*,#6515,.T.);
#8399=ORIENTED_EDGE('',*,*,#6516,.T.);
#8400=ORIENTED_EDGE('',*,*,#6517,.T.);
#8401=ORIENTED_EDGE('',*,*,#6518,.T.);
#8402=ORIENTED_EDGE('',*,*,#6519,.T.);
#8403=ORIENTED_EDGE('',*,*,#6520,.T.);
#8404=ORIENTED_EDGE('',*,*,#6521,.T.);
#8405=ORIENTED_EDGE('',*,*,#6522,.T.);
#8406=ORIENTED_EDGE('',*,*,#6523,.T.);
#8407=ORIENTED_EDGE('',*,*,#6524,.T.);
#8408=ORIENTED_EDGE('',*,*,#6525,.T.);
#8409=ORIENTED_EDGE('',*,*,#6526,.T.);
#8410=ORIENTED_EDGE('',*,*,#6527,.T.);
#8411=ORIENTED_EDGE('',*,*,#6528,.T.);
#8412=ORIENTED_EDGE('',*,*,#6529,.T.);
#8413=ORIENTED_EDGE('',*,*,#6530,.T.);
#8414=ORIENTED_EDGE('',*,*,#6531,.T.);
#8415=ORIENTED_EDGE('',*,*,#6532,.T.);
#8416=ORIENTED_EDGE('',*,*,#6533,.T.);
#8417=ORIENTED_EDGE('',*,*,#6534,.T.);
#8418=ORIENTED_EDGE('',*,*,#6535,.T.);
#8419=ORIENTED_EDGE('',*,*,#6536,.T.);
#8420=ORIENTED_EDGE('',*,*,#6537,.T.);
#8421=ORIENTED_EDGE('',*,*,#6538,.T.);
#8422=ORIENTED_EDGE('',*,*,#6539,.T.);
#8423=ORIENTED_EDGE('',*,*,#6540,.T.);
#8424=ORIENTED_EDGE('',*,*,#6541,.T.);
#8425=ORIENTED_EDGE('',*,*,#6542,.T.);
#8426=ORIENTED_EDGE('',*,*,#6543,.T.);
#8427=ORIENTED_EDGE('',*,*,#6544,.T.);
#8428=ORIENTED_EDGE('',*,*,#6545,.T.);
#8429=ORIENTED_EDGE('',*,*,#6546,.T.);
#8430=ORIENTED_EDGE('',*,*,#6547,.T.);
#8431=ORIENTED_EDGE('',*,*,#6548,.T.);
#8432=ORIENTED_EDGE('',*,*,#6549,.T.);
#8433=ORIENTED_EDGE('',*,*,#6550,.T.);
#8434=ORIENTED_EDGE('',*,*,#6551,.T.);
#8435=ORIENTED_EDGE('',*,*,#6552,.T.);
#8436=ORIENTED_EDGE('',*,*,#6553,.T.);
#8437=ORIENTED_EDGE('',*,*,#6554,.T.);
#8438=ORIENTED_EDGE('',*,*,#6555,.T.);
#8439=ORIENTED_EDGE('',*,*,#6556,.T.);
#8440=ORIENTED_EDGE('',*,*,#6557,.T.);
#8441=ORIENTED_EDGE('',*,*,#6558,.T.);
#8442=ORIENTED_EDGE('',*,*,#6559,.T.);
#8443=ORIENTED_EDGE('',*,*,#6560,.T.);
#8444=ORIENTED_EDGE('',*,*,#6561,.T.);
#8445=ORIENTED_EDGE('',*,*,#6562,.T.);
#8446=ORIENTED_EDGE('',*,*,#6563,.T.);
#8447=ORIENTED_EDGE('',*,*,#6564,.T.);
#8448=ORIENTED_EDGE('',*,*,#6565,.T.);
#8449=ORIENTED_EDGE('',*,*,#6566,.T.);
#8450=ORIENTED_EDGE('',*,*,#6567,.T.);
#8451=ORIENTED_EDGE('',*,*,#6568,.T.);
#8452=ORIENTED_EDGE('',*,*,#6569,.T.);
#8453=ORIENTED_EDGE('',*,*,#6570,.T.);
#8454=ORIENTED_EDGE('',*,*,#6571,.T.);
#8455=ORIENTED_EDGE('',*,*,#6572,.T.);
#8456=ORIENTED_EDGE('',*,*,#6573,.T.);
#8457=ORIENTED_EDGE('',*,*,#6574,.T.);
#8458=ORIENTED_EDGE('',*,*,#6575,.T.);
#8459=ORIENTED_EDGE('',*,*,#6576,.T.);
#8460=ORIENTED_EDGE('',*,*,#6577,.T.);
#8461=ORIENTED_EDGE('',*,*,#6578,.T.);
#8462=ORIENTED_EDGE('',*,*,#6579,.T.);
#8463=ORIENTED_EDGE('',*,*,#6580,.T.);
#8464=ORIENTED_EDGE('',*,*,#6581,.T.);
#8465=ORIENTED_EDGE('',*,*,#6582,.T.);
#8466=ORIENTED_EDGE('',*,*,#6583,.T.);
#8467=ORIENTED_EDGE('',*,*,#6584,.T.);
#8468=ORIENTED_EDGE('',*,*,#6585,.T.);
#8469=ORIENTED_EDGE('',*,*,#6586,.T.);
#8470=ORIENTED_EDGE('',*,*,#6587,.T.);
#8471=ORIENTED_EDGE('',*,*,#6588,.T.);
#8472=ORIENTED_EDGE('',*,*,#6589,.T.);
#8473=ORIENTED_EDGE('',*,*,#6590,.T.);
#8474=ORIENTED_EDGE('',*,*,#6591,.T.);
#8475=ORIENTED_EDGE('',*,*,#6592,.T.);
#8476=ORIENTED_EDGE('',*,*,#6593,.T.);
#8477=ORIENTED_EDGE('',*,*,#6594,.T.);
#8478=ORIENTED_EDGE('',*,*,#6595,.T.);
#8479=ORIENTED_EDGE('',*,*,#6596,.T.);
#8480=ORIENTED_EDGE('',*,*,#6597,.T.);
#8481=ORIENTED_EDGE('',*,*,#6598,.T.);
#8482=ORIENTED_EDGE('',*,*,#6599,.T.);
#8483=ORIENTED_EDGE('',*,*,#6600,.T.);
#8484=ORIENTED_EDGE('',*,*,#6601,.T.);
#8485=ORIENTED_EDGE('',*,*,#6602,.T.);
#8486=ORIENTED_EDGE('',*,*,#6603,.T.);
#8487=ORIENTED_EDGE('',*,*,#6604,.T.);
#8488=ORIENTED_EDGE('',*,*,#6605,.T.);
#8489=ORIENTED_EDGE('',*,*,#6606,.T.);
#8490=ORIENTED_EDGE('',*,*,#6607,.T.);
#8491=ORIENTED_EDGE('',*,*,#6608,.T.);
#8492=ORIENTED_EDGE('',*,*,#6609,.T.);
#8493=ORIENTED_EDGE('',*,*,#6610,.T.);
#8494=ORIENTED_EDGE('',*,*,#6611,.T.);
#8495=ORIENTED_EDGE('',*,*,#6612,.T.);
#8496=ORIENTED_EDGE('',*,*,#6613,.T.);
#8497=ORIENTED_EDGE('',*,*,#6614,.T.);
#8498=ORIENTED_EDGE('',*,*,#6615,.T.);
#8499=ORIENTED_EDGE('',*,*,#6616,.T.);
#8500=ORIENTED_EDGE('',*,*,#6617,.T.);
#8501=ORIENTED_EDGE('',*,*,#6618,.T.);
#8502=ORIENTED_EDGE('',*,*,#6619,.T.);
#8503=ORIENTED_EDGE('',*,*,#6620,.T.);
#8504=ORIENTED_EDGE('',*,*,#6621,.T.);
#8505=ORIENTED_EDGE('',*,*,#6622,.T.);
#8506=ORIENTED_EDGE('',*,*,#6623,.T.);
#8507=ORIENTED_EDGE('',*,*,#6624,.T.);
#8508=ORIENTED_EDGE('',*,*,#6625,.T.);
#8509=ORIENTED_EDGE('',*,*,#6626,.T.);
#8510=ORIENTED_EDGE('',*,*,#6627,.T.);
#8511=ORIENTED_EDGE('',*,*,#6628,.T.);
#8512=ORIENTED_EDGE('',*,*,#6629,.T.);
#8513=ORIENTED_EDGE('',*,*,#6630,.T.);
#8514=ORIENTED_EDGE('',*,*,#6631,.T.);
#8515=ORIENTED_EDGE('',*,*,#6632,.T.);
#8516=ORIENTED_EDGE('',*,*,#6633,.T.);
#8517=ORIENTED_EDGE('',*,*,#6634,.T.);
#8518=ORIENTED_EDGE('',*,*,#6635,.T.);
#8519=ORIENTED_EDGE('',*,*,#6636,.T.);
#8520=ORIENTED_EDGE('',*,*,#6637,.T.);
#8521=ORIENTED_EDGE('',*,*,#6638,.T.);
#8522=ORIENTED_EDGE('',*,*,#6639,.T.);
#8523=ORIENTED_EDGE('',*,*,#6640,.T.);
#8524=ORIENTED_EDGE('',*,*,#6641,.T.);
#8525=ORIENTED_EDGE('',*,*,#6642,.T.);
#8526=ORIENTED_EDGE('',*,*,#6643,.T.);
#8527=ORIENTED_EDGE('',*,*,#6644,.T.);
#8528=ORIENTED_EDGE('',*,*,#6645,.T.);
#8529=ORIENTED_EDGE('',*,*,#6646,.T.);
#8530=ORIENTED_EDGE('',*,*,#6647,.T.);
#8531=ORIENTED_EDGE('',*,*,#6648,.T.);
#8532=ORIENTED_EDGE('',*,*,#6649,.T.);
#8533=ORIENTED_EDGE('',*,*,#6650,.T.);
#8534=ORIENTED_EDGE('',*,*,#6651,.T.);
#8535=ORIENTED_EDGE('',*,*,#6652,.T.);
#8536=ORIENTED_EDGE('',*,*,#6653,.T.);
#8537=ORIENTED_EDGE('',*,*,#6654,.T.);
#8538=ORIENTED_EDGE('',*,*,#6655,.T.);
#8539=ORIENTED_EDGE('',*,*,#6656,.T.);
#8540=ORIENTED_EDGE('',*,*,#6657,.T.);
#8541=ORIENTED_EDGE('',*,*,#6658,.T.);
#8542=ORIENTED_EDGE('',*,*,#6659,.T.);
#8543=ORIENTED_EDGE('',*,*,#6660,.T.);
#8544=ORIENTED_EDGE('',*,*,#6661,.T.);
#8545=ORIENTED_EDGE('',*,*,#6662,.T.);
#8546=ORIENTED_EDGE('',*,*,#6663,.T.);
#8547=ORIENTED_EDGE('',*,*,#6664,.T.);
#8548=ORIENTED_EDGE('',*,*,#6665,.T.);
#8549=ORIENTED_EDGE('',*,*,#6666,.T.);
#8550=ORIENTED_EDGE('',*,*,#6667,.T.);
#8551=ORIENTED_EDGE('',*,*,#6668,.T.);
#8552=ORIENTED_EDGE('',*,*,#6669,.T.);
#8553=ORIENTED_EDGE('',*,*,#6670,.T.);
#8554=ORIENTED_EDGE('',*,*,#6671,.T.);
#8555=ORIENTED_EDGE('',*,*,#6672,.T.);
#8556=ORIENTED_EDGE('',*,*,#6673,.T.);
#8557=ORIENTED_EDGE('',*,*,#6674,.T.);
#8558=ORIENTED_EDGE('',*,*,#6675,.T.);
#8559=ORIENTED_EDGE('',*,*,#6676,.T.);
#8560=ORIENTED_EDGE('',*,*,#6677,.T.);
#8561=ORIENTED_EDGE('',*,*,#6678,.T.);
#8562=ORIENTED_EDGE('',*,*,#6679,.T.);
#8563=ORIENTED_EDGE('',*,*,#6680,.T.);
#8564=ORIENTED_EDGE('',*,*,#6681,.T.);
#8565=ORIENTED_EDGE('',*,*,#6682,.T.);
#8566=ORIENTED_EDGE('',*,*,#6683,.T.);
#8567=ORIENTED_EDGE('',*,*,#6684,.T.);
#8568=ORIENTED_EDGE('',*,*,#6685,.T.);
#8569=ORIENTED_EDGE('',*,*,#6686,.T.);
#8570=ORIENTED_EDGE('',*,*,#6687,.T.);
#8571=ORIENTED_EDGE('',*,*,#6688,.T.);
#8572=ORIENTED_EDGE('',*,*,#6689,.T.);
#8573=ORIENTED_EDGE('',*,*,#6690,.T.);
#8574=ORIENTED_EDGE('',*,*,#6691,.T.);
#8575=ORIENTED_EDGE('',*,*,#6692,.T.);
#8576=ORIENTED_EDGE('',*,*,#6693,.T.);
#8577=ORIENTED_EDGE('',*,*,#6694,.T.);
#8578=ORIENTED_EDGE('',*,*,#6695,.T.);
#8579=ORIENTED_EDGE('',*,*,#6696,.T.);
#8580=ORIENTED_EDGE('',*,*,#6697,.T.);
#8581=ORIENTED_EDGE('',*,*,#6137,.T.);
#8582=ORIENTED_EDGE('',*,*,#6698,.T.);
#8583=ORIENTED_EDGE('',*,*,#6699,.T.);
#8584=ORIENTED_EDGE('',*,*,#6700,.T.);
#8585=ORIENTED_EDGE('',*,*,#6698,.F.);
#8586=ORIENTED_EDGE('',*,*,#6136,.T.);
#8587=ORIENTED_EDGE('',*,*,#6701,.F.);
#8588=ORIENTED_EDGE('',*,*,#6702,.T.);
#8589=ORIENTED_EDGE('',*,*,#6135,.T.);
#8590=ORIENTED_EDGE('',*,*,#6703,.T.);
#8591=ORIENTED_EDGE('',*,*,#6704,.T.);
#8592=ORIENTED_EDGE('',*,*,#6701,.T.);
#8593=ORIENTED_EDGE('',*,*,#6139,.T.);
#8594=ORIENTED_EDGE('',*,*,#6705,.T.);
#8595=ORIENTED_EDGE('',*,*,#6706,.T.);
#8596=ORIENTED_EDGE('',*,*,#6707,.T.);
#8597=ORIENTED_EDGE('',*,*,#6700,.F.);
#8598=ORIENTED_EDGE('',*,*,#6708,.F.);
#8599=ORIENTED_EDGE('',*,*,#6705,.F.);
#8600=ORIENTED_EDGE('',*,*,#6138,.F.);
#8601=ORIENTED_EDGE('',*,*,#6709,.T.);
#8602=ORIENTED_EDGE('',*,*,#6710,.T.);
#8603=ORIENTED_EDGE('',*,*,#6141,.T.);
#8604=ORIENTED_EDGE('',*,*,#6711,.T.);
#8605=ORIENTED_EDGE('',*,*,#6707,.F.);
#8606=ORIENTED_EDGE('',*,*,#6712,.F.);
#8607=ORIENTED_EDGE('',*,*,#6711,.F.);
#8608=ORIENTED_EDGE('',*,*,#6140,.F.);
#8609=ORIENTED_EDGE('',*,*,#6149,.T.);
#8610=ORIENTED_EDGE('',*,*,#6713,.T.);
#8611=ORIENTED_EDGE('',*,*,#6714,.T.);
#8612=ORIENTED_EDGE('',*,*,#6715,.T.);
#8613=ORIENTED_EDGE('',*,*,#6713,.F.);
#8614=ORIENTED_EDGE('',*,*,#6148,.T.);
#8615=ORIENTED_EDGE('',*,*,#6716,.F.);
#8616=ORIENTED_EDGE('',*,*,#6717,.T.);
#8617=ORIENTED_EDGE('',*,*,#6147,.T.);
#8618=ORIENTED_EDGE('',*,*,#6718,.T.);
#8619=ORIENTED_EDGE('',*,*,#6719,.T.);
#8620=ORIENTED_EDGE('',*,*,#6716,.T.);
#8621=ORIENTED_EDGE('',*,*,#6227,.T.);
#8622=ORIENTED_EDGE('',*,*,#6720,.T.);
#8623=ORIENTED_EDGE('',*,*,#6721,.T.);
#8624=ORIENTED_EDGE('',*,*,#6722,.T.);
#8625=ORIENTED_EDGE('',*,*,#6722,.F.);
#8626=ORIENTED_EDGE('',*,*,#6723,.F.);
#8627=ORIENTED_EDGE('',*,*,#6724,.F.);
#8628=ORIENTED_EDGE('',*,*,#6228,.T.);
#8629=ORIENTED_EDGE('',*,*,#6124,.F.);
#8630=ORIENTED_EDGE('',*,*,#6128,.T.);
#8631=ORIENTED_EDGE('',*,*,#6119,.F.);
#8632=ORIENTED_EDGE('',*,*,#6123,.T.);
#8633=ORIENTED_EDGE('',*,*,#6725,.F.);
#8634=ORIENTED_EDGE('',*,*,#6726,.F.);
#8635=ORIENTED_EDGE('',*,*,#6727,.F.);
#8636=ORIENTED_EDGE('',*,*,#6728,.F.);
#8637=ORIENTED_EDGE('',*,*,#6729,.F.);
#8638=ORIENTED_EDGE('',*,*,#6723,.T.);
#8639=ORIENTED_EDGE('',*,*,#6721,.F.);
#8640=ORIENTED_EDGE('',*,*,#6730,.F.);
#8641=ORIENTED_EDGE('',*,*,#6731,.F.);
#8642=ORIENTED_EDGE('',*,*,#6732,.T.);
#8643=ORIENTED_EDGE('',*,*,#6733,.T.);
#8644=ORIENTED_EDGE('',*,*,#6734,.F.);
#8645=ORIENTED_EDGE('',*,*,#6735,.F.);
#8646=ORIENTED_EDGE('',*,*,#6736,.T.);
#8647=ORIENTED_EDGE('',*,*,#6737,.F.);
#8648=ORIENTED_EDGE('',*,*,#6738,.F.);
#8649=ORIENTED_EDGE('',*,*,#6739,.F.);
#8650=ORIENTED_EDGE('',*,*,#6740,.T.);
#8651=ORIENTED_EDGE('',*,*,#6741,.F.);
#8652=ORIENTED_EDGE('',*,*,#6742,.F.);
#8653=ORIENTED_EDGE('',*,*,#6743,.F.);
#8654=ORIENTED_EDGE('',*,*,#6744,.T.);
#8655=ORIENTED_EDGE('',*,*,#6745,.T.);
#8656=ORIENTED_EDGE('',*,*,#6746,.F.);
#8657=ORIENTED_EDGE('',*,*,#6747,.F.);
#8658=ORIENTED_EDGE('',*,*,#6748,.T.);
#8659=ORIENTED_EDGE('',*,*,#6749,.F.);
#8660=ORIENTED_EDGE('',*,*,#6750,.F.);
#8661=ORIENTED_EDGE('',*,*,#6751,.F.);
#8662=ORIENTED_EDGE('',*,*,#6752,.T.);
#8663=ORIENTED_EDGE('',*,*,#6753,.F.);
#8664=ORIENTED_EDGE('',*,*,#6754,.F.);
#8665=ORIENTED_EDGE('',*,*,#6755,.F.);
#8666=ORIENTED_EDGE('',*,*,#6756,.T.);
#8667=ORIENTED_EDGE('',*,*,#6757,.T.);
#8668=ORIENTED_EDGE('',*,*,#6758,.F.);
#8669=ORIENTED_EDGE('',*,*,#6759,.F.);
#8670=ORIENTED_EDGE('',*,*,#6760,.T.);
#8671=ORIENTED_EDGE('',*,*,#6761,.F.);
#8672=ORIENTED_EDGE('',*,*,#6762,.F.);
#8673=ORIENTED_EDGE('',*,*,#6763,.F.);
#8674=ORIENTED_EDGE('',*,*,#6764,.T.);
#8675=ORIENTED_EDGE('',*,*,#6765,.F.);
#8676=ORIENTED_EDGE('',*,*,#6766,.F.);
#8677=ORIENTED_EDGE('',*,*,#6767,.F.);
#8678=ORIENTED_EDGE('',*,*,#6768,.T.);
#8679=ORIENTED_EDGE('',*,*,#6769,.T.);
#8680=ORIENTED_EDGE('',*,*,#6770,.F.);
#8681=ORIENTED_EDGE('',*,*,#6771,.F.);
#8682=ORIENTED_EDGE('',*,*,#6772,.T.);
#8683=ORIENTED_EDGE('',*,*,#6773,.F.);
#8684=ORIENTED_EDGE('',*,*,#6774,.F.);
#8685=ORIENTED_EDGE('',*,*,#6775,.F.);
#8686=ORIENTED_EDGE('',*,*,#6776,.T.);
#8687=ORIENTED_EDGE('',*,*,#6777,.F.);
#8688=ORIENTED_EDGE('',*,*,#6778,.T.);
#8689=ORIENTED_EDGE('',*,*,#6779,.F.);
#8690=ORIENTED_EDGE('',*,*,#6780,.F.);
#8691=ORIENTED_EDGE('',*,*,#6781,.F.);
#8692=ORIENTED_EDGE('',*,*,#6782,.F.);
#8693=ORIENTED_EDGE('',*,*,#6783,.F.);
#8694=ORIENTED_EDGE('',*,*,#6784,.T.);
#8695=ORIENTED_EDGE('',*,*,#6785,.T.);
#8696=ORIENTED_EDGE('',*,*,#6786,.F.);
#8697=ORIENTED_EDGE('',*,*,#6787,.F.);
#8698=ORIENTED_EDGE('',*,*,#6788,.T.);
#8699=ORIENTED_EDGE('',*,*,#6789,.F.);
#8700=ORIENTED_EDGE('',*,*,#6790,.T.);
#8701=ORIENTED_EDGE('',*,*,#6791,.F.);
#8702=ORIENTED_EDGE('',*,*,#6792,.F.);
#8703=ORIENTED_EDGE('',*,*,#6793,.F.);
#8704=ORIENTED_EDGE('',*,*,#6794,.F.);
#8705=ORIENTED_EDGE('',*,*,#6795,.F.);
#8706=ORIENTED_EDGE('',*,*,#6796,.T.);
#8707=ORIENTED_EDGE('',*,*,#6797,.T.);
#8708=ORIENTED_EDGE('',*,*,#6798,.F.);
#8709=ORIENTED_EDGE('',*,*,#6799,.F.);
#8710=ORIENTED_EDGE('',*,*,#6800,.T.);
#8711=ORIENTED_EDGE('',*,*,#6801,.F.);
#8712=ORIENTED_EDGE('',*,*,#6802,.T.);
#8713=ORIENTED_EDGE('',*,*,#6803,.F.);
#8714=ORIENTED_EDGE('',*,*,#6804,.T.);
#8715=ORIENTED_EDGE('',*,*,#6805,.T.);
#8716=ORIENTED_EDGE('',*,*,#6806,.T.);
#8717=ORIENTED_EDGE('',*,*,#6714,.F.);
#8718=ORIENTED_EDGE('',*,*,#6717,.F.);
#8719=ORIENTED_EDGE('',*,*,#6719,.F.);
#8720=ORIENTED_EDGE('',*,*,#6807,.F.);
#8721=ORIENTED_EDGE('',*,*,#6808,.F.);
#8722=ORIENTED_EDGE('',*,*,#6809,.T.);
#8723=ORIENTED_EDGE('',*,*,#6810,.T.);
#8724=ORIENTED_EDGE('',*,*,#6811,.F.);
#8725=ORIENTED_EDGE('',*,*,#6709,.F.);
#8726=ORIENTED_EDGE('',*,*,#6712,.T.);
#8727=ORIENTED_EDGE('',*,*,#6706,.F.);
#8728=ORIENTED_EDGE('',*,*,#6708,.T.);
#8729=ORIENTED_EDGE('',*,*,#6699,.F.);
#8730=ORIENTED_EDGE('',*,*,#6702,.F.);
#8731=ORIENTED_EDGE('',*,*,#6704,.F.);
#8732=ORIENTED_EDGE('',*,*,#6812,.F.);
#8733=ORIENTED_EDGE('',*,*,#6813,.F.);
#8734=ORIENTED_EDGE('',*,*,#6814,.T.);
#8735=ORIENTED_EDGE('',*,*,#6815,.T.);
#8736=ORIENTED_EDGE('',*,*,#6816,.F.);
#8737=ORIENTED_EDGE('',*,*,#6028,.T.);
#8738=ORIENTED_EDGE('',*,*,#6031,.T.);
#8739=ORIENTED_EDGE('',*,*,#6021,.T.);
#8740=ORIENTED_EDGE('',*,*,#6025,.T.);
#8741=ORIENTED_EDGE('',*,*,#6040,.T.);
#8742=ORIENTED_EDGE('',*,*,#6043,.T.);
#8743=ORIENTED_EDGE('',*,*,#6033,.T.);
#8744=ORIENTED_EDGE('',*,*,#6037,.T.);
#8745=ORIENTED_EDGE('',*,*,#6052,.T.);
#8746=ORIENTED_EDGE('',*,*,#6055,.T.);
#8747=ORIENTED_EDGE('',*,*,#6045,.T.);
#8748=ORIENTED_EDGE('',*,*,#6049,.T.);
#8749=ORIENTED_EDGE('',*,*,#6064,.T.);
#8750=ORIENTED_EDGE('',*,*,#6067,.T.);
#8751=ORIENTED_EDGE('',*,*,#6057,.T.);
#8752=ORIENTED_EDGE('',*,*,#6061,.T.);
#8753=ORIENTED_EDGE('',*,*,#6076,.T.);
#8754=ORIENTED_EDGE('',*,*,#6079,.T.);
#8755=ORIENTED_EDGE('',*,*,#6069,.T.);
#8756=ORIENTED_EDGE('',*,*,#6073,.T.);
#8757=ORIENTED_EDGE('',*,*,#6088,.T.);
#8758=ORIENTED_EDGE('',*,*,#6091,.T.);
#8759=ORIENTED_EDGE('',*,*,#6081,.T.);
#8760=ORIENTED_EDGE('',*,*,#6085,.T.);
#8761=ORIENTED_EDGE('',*,*,#6100,.T.);
#8762=ORIENTED_EDGE('',*,*,#6103,.T.);
#8763=ORIENTED_EDGE('',*,*,#6093,.T.);
#8764=ORIENTED_EDGE('',*,*,#6097,.T.);
#8765=ORIENTED_EDGE('',*,*,#6112,.T.);
#8766=ORIENTED_EDGE('',*,*,#6115,.T.);
#8767=ORIENTED_EDGE('',*,*,#6105,.T.);
#8768=ORIENTED_EDGE('',*,*,#6109,.T.);
#8769=ORIENTED_EDGE('',*,*,#6817,.F.);
#8770=ORIENTED_EDGE('',*,*,#6818,.F.);
#8771=ORIENTED_EDGE('',*,*,#6819,.F.);
#8772=ORIENTED_EDGE('',*,*,#6820,.F.);
#8773=ORIENTED_EDGE('',*,*,#6821,.F.);
#8774=ORIENTED_EDGE('',*,*,#6822,.F.);
#8775=ORIENTED_EDGE('',*,*,#6823,.F.);
#8776=ORIENTED_EDGE('',*,*,#6824,.F.);
#8777=ORIENTED_EDGE('',*,*,#6825,.F.);
#8778=ORIENTED_EDGE('',*,*,#6826,.F.);
#8779=ORIENTED_EDGE('',*,*,#6827,.F.);
#8780=ORIENTED_EDGE('',*,*,#6828,.F.);
#8781=ORIENTED_EDGE('',*,*,#6829,.F.);
#8782=ORIENTED_EDGE('',*,*,#6830,.F.);
#8783=ORIENTED_EDGE('',*,*,#6831,.F.);
#8784=ORIENTED_EDGE('',*,*,#6832,.F.);
#8785=ORIENTED_EDGE('',*,*,#6833,.F.);
#8786=ORIENTED_EDGE('',*,*,#6834,.F.);
#8787=ORIENTED_EDGE('',*,*,#6835,.F.);
#8788=ORIENTED_EDGE('',*,*,#6836,.F.);
#8789=ORIENTED_EDGE('',*,*,#6837,.F.);
#8790=ORIENTED_EDGE('',*,*,#6838,.F.);
#8791=ORIENTED_EDGE('',*,*,#6839,.F.);
#8792=ORIENTED_EDGE('',*,*,#6840,.F.);
#8793=ORIENTED_EDGE('',*,*,#6841,.F.);
#8794=ORIENTED_EDGE('',*,*,#6842,.F.);
#8795=ORIENTED_EDGE('',*,*,#6843,.F.);
#8796=ORIENTED_EDGE('',*,*,#6844,.F.);
#8797=ORIENTED_EDGE('',*,*,#6845,.F.);
#8798=ORIENTED_EDGE('',*,*,#6846,.F.);
#8799=ORIENTED_EDGE('',*,*,#6847,.F.);
#8800=ORIENTED_EDGE('',*,*,#6848,.F.);
#8801=ORIENTED_EDGE('',*,*,#6849,.F.);
#8802=ORIENTED_EDGE('',*,*,#6850,.F.);
#8803=ORIENTED_EDGE('',*,*,#6851,.F.);
#8804=ORIENTED_EDGE('',*,*,#6852,.F.);
#8805=ORIENTED_EDGE('',*,*,#6853,.F.);
#8806=ORIENTED_EDGE('',*,*,#6854,.F.);
#8807=ORIENTED_EDGE('',*,*,#6855,.F.);
#8808=ORIENTED_EDGE('',*,*,#6856,.F.);
#8809=ORIENTED_EDGE('',*,*,#6857,.F.);
#8810=ORIENTED_EDGE('',*,*,#6858,.F.);
#8811=ORIENTED_EDGE('',*,*,#6859,.F.);
#8812=ORIENTED_EDGE('',*,*,#6860,.F.);
#8813=ORIENTED_EDGE('',*,*,#6861,.F.);
#8814=ORIENTED_EDGE('',*,*,#6862,.F.);
#8815=ORIENTED_EDGE('',*,*,#6863,.F.);
#8816=ORIENTED_EDGE('',*,*,#6864,.F.);
#8817=ORIENTED_EDGE('',*,*,#6865,.F.);
#8818=ORIENTED_EDGE('',*,*,#6866,.F.);
#8819=ORIENTED_EDGE('',*,*,#6867,.F.);
#8820=ORIENTED_EDGE('',*,*,#6868,.F.);
#8821=ORIENTED_EDGE('',*,*,#6869,.F.);
#8822=ORIENTED_EDGE('',*,*,#6870,.F.);
#8823=ORIENTED_EDGE('',*,*,#6871,.F.);
#8824=ORIENTED_EDGE('',*,*,#6872,.F.);
#8825=ORIENTED_EDGE('',*,*,#6873,.F.);
#8826=ORIENTED_EDGE('',*,*,#6874,.F.);
#8827=ORIENTED_EDGE('',*,*,#6875,.F.);
#8828=ORIENTED_EDGE('',*,*,#6876,.F.);
#8829=ORIENTED_EDGE('',*,*,#6877,.F.);
#8830=ORIENTED_EDGE('',*,*,#6878,.F.);
#8831=ORIENTED_EDGE('',*,*,#6879,.F.);
#8832=ORIENTED_EDGE('',*,*,#6880,.F.);
#8833=ORIENTED_EDGE('',*,*,#6881,.F.);
#8834=ORIENTED_EDGE('',*,*,#6882,.F.);
#8835=ORIENTED_EDGE('',*,*,#6883,.F.);
#8836=ORIENTED_EDGE('',*,*,#6884,.F.);
#8837=ORIENTED_EDGE('',*,*,#6885,.F.);
#8838=ORIENTED_EDGE('',*,*,#6886,.F.);
#8839=ORIENTED_EDGE('',*,*,#6887,.F.);
#8840=ORIENTED_EDGE('',*,*,#6888,.F.);
#8841=ORIENTED_EDGE('',*,*,#6889,.F.);
#8842=ORIENTED_EDGE('',*,*,#6890,.F.);
#8843=ORIENTED_EDGE('',*,*,#6891,.F.);
#8844=ORIENTED_EDGE('',*,*,#6892,.F.);
#8845=ORIENTED_EDGE('',*,*,#6893,.F.);
#8846=ORIENTED_EDGE('',*,*,#6894,.F.);
#8847=ORIENTED_EDGE('',*,*,#6895,.F.);
#8848=ORIENTED_EDGE('',*,*,#6896,.F.);
#8849=ORIENTED_EDGE('',*,*,#6897,.F.);
#8850=ORIENTED_EDGE('',*,*,#6898,.F.);
#8851=ORIENTED_EDGE('',*,*,#6899,.F.);
#8852=ORIENTED_EDGE('',*,*,#6900,.F.);
#8853=ORIENTED_EDGE('',*,*,#6901,.F.);
#8854=ORIENTED_EDGE('',*,*,#6902,.F.);
#8855=ORIENTED_EDGE('',*,*,#6903,.F.);
#8856=ORIENTED_EDGE('',*,*,#6904,.F.);
#8857=ORIENTED_EDGE('',*,*,#6905,.F.);
#8858=ORIENTED_EDGE('',*,*,#6906,.F.);
#8859=ORIENTED_EDGE('',*,*,#6907,.F.);
#8860=ORIENTED_EDGE('',*,*,#6908,.F.);
#8861=ORIENTED_EDGE('',*,*,#6909,.F.);
#8862=ORIENTED_EDGE('',*,*,#6910,.F.);
#8863=ORIENTED_EDGE('',*,*,#6911,.F.);
#8864=ORIENTED_EDGE('',*,*,#6912,.F.);
#8865=ORIENTED_EDGE('',*,*,#6913,.F.);
#8866=ORIENTED_EDGE('',*,*,#6914,.F.);
#8867=ORIENTED_EDGE('',*,*,#6915,.F.);
#8868=ORIENTED_EDGE('',*,*,#6916,.F.);
#8869=ORIENTED_EDGE('',*,*,#6917,.F.);
#8870=ORIENTED_EDGE('',*,*,#6918,.F.);
#8871=ORIENTED_EDGE('',*,*,#6919,.F.);
#8872=ORIENTED_EDGE('',*,*,#6920,.F.);
#8873=ORIENTED_EDGE('',*,*,#6921,.F.);
#8874=ORIENTED_EDGE('',*,*,#6922,.F.);
#8875=ORIENTED_EDGE('',*,*,#6923,.F.);
#8876=ORIENTED_EDGE('',*,*,#6924,.F.);
#8877=ORIENTED_EDGE('',*,*,#6925,.F.);
#8878=ORIENTED_EDGE('',*,*,#6926,.F.);
#8879=ORIENTED_EDGE('',*,*,#6927,.F.);
#8880=ORIENTED_EDGE('',*,*,#6928,.F.);
#8881=ORIENTED_EDGE('',*,*,#6929,.F.);
#8882=ORIENTED_EDGE('',*,*,#6930,.F.);
#8883=ORIENTED_EDGE('',*,*,#6931,.F.);
#8884=ORIENTED_EDGE('',*,*,#6932,.F.);
#8885=ORIENTED_EDGE('',*,*,#6933,.F.);
#8886=ORIENTED_EDGE('',*,*,#6934,.F.);
#8887=ORIENTED_EDGE('',*,*,#6935,.F.);
#8888=ORIENTED_EDGE('',*,*,#6936,.F.);
#8889=ORIENTED_EDGE('',*,*,#6937,.F.);
#8890=ORIENTED_EDGE('',*,*,#6938,.F.);
#8891=ORIENTED_EDGE('',*,*,#6939,.F.);
#8892=ORIENTED_EDGE('',*,*,#6940,.F.);
#8893=ORIENTED_EDGE('',*,*,#6941,.F.);
#8894=ORIENTED_EDGE('',*,*,#6942,.F.);
#8895=ORIENTED_EDGE('',*,*,#6943,.F.);
#8896=ORIENTED_EDGE('',*,*,#6944,.F.);
#8897=ORIENTED_EDGE('',*,*,#6945,.F.);
#8898=ORIENTED_EDGE('',*,*,#6946,.F.);
#8899=ORIENTED_EDGE('',*,*,#6947,.F.);
#8900=ORIENTED_EDGE('',*,*,#6948,.F.);
#8901=ORIENTED_EDGE('',*,*,#6949,.F.);
#8902=ORIENTED_EDGE('',*,*,#6950,.F.);
#8903=ORIENTED_EDGE('',*,*,#6951,.F.);
#8904=ORIENTED_EDGE('',*,*,#6952,.F.);
#8905=ORIENTED_EDGE('',*,*,#6953,.F.);
#8906=ORIENTED_EDGE('',*,*,#6954,.F.);
#8907=ORIENTED_EDGE('',*,*,#6955,.F.);
#8908=ORIENTED_EDGE('',*,*,#6956,.F.);
#8909=ORIENTED_EDGE('',*,*,#6957,.F.);
#8910=ORIENTED_EDGE('',*,*,#6958,.F.);
#8911=ORIENTED_EDGE('',*,*,#6959,.F.);
#8912=ORIENTED_EDGE('',*,*,#6960,.F.);
#8913=ORIENTED_EDGE('',*,*,#6961,.F.);
#8914=ORIENTED_EDGE('',*,*,#6962,.F.);
#8915=ORIENTED_EDGE('',*,*,#6963,.F.);
#8916=ORIENTED_EDGE('',*,*,#6964,.F.);
#8917=ORIENTED_EDGE('',*,*,#6965,.F.);
#8918=ORIENTED_EDGE('',*,*,#6966,.F.);
#8919=ORIENTED_EDGE('',*,*,#6967,.F.);
#8920=ORIENTED_EDGE('',*,*,#6968,.F.);
#8921=ORIENTED_EDGE('',*,*,#6969,.F.);
#8922=ORIENTED_EDGE('',*,*,#6970,.F.);
#8923=ORIENTED_EDGE('',*,*,#6971,.F.);
#8924=ORIENTED_EDGE('',*,*,#6972,.F.);
#8925=ORIENTED_EDGE('',*,*,#6973,.F.);
#8926=ORIENTED_EDGE('',*,*,#6974,.F.);
#8927=ORIENTED_EDGE('',*,*,#6975,.F.);
#8928=ORIENTED_EDGE('',*,*,#6976,.F.);
#8929=ORIENTED_EDGE('',*,*,#6977,.F.);
#8930=ORIENTED_EDGE('',*,*,#6978,.F.);
#8931=ORIENTED_EDGE('',*,*,#6979,.F.);
#8932=ORIENTED_EDGE('',*,*,#6980,.F.);
#8933=ORIENTED_EDGE('',*,*,#6981,.F.);
#8934=ORIENTED_EDGE('',*,*,#6982,.F.);
#8935=ORIENTED_EDGE('',*,*,#6983,.F.);
#8936=ORIENTED_EDGE('',*,*,#6984,.F.);
#8937=ORIENTED_EDGE('',*,*,#6985,.F.);
#8938=ORIENTED_EDGE('',*,*,#6986,.F.);
#8939=ORIENTED_EDGE('',*,*,#6987,.F.);
#8940=ORIENTED_EDGE('',*,*,#6988,.F.);
#8941=ORIENTED_EDGE('',*,*,#6989,.F.);
#8942=ORIENTED_EDGE('',*,*,#6990,.F.);
#8943=ORIENTED_EDGE('',*,*,#6991,.F.);
#8944=ORIENTED_EDGE('',*,*,#6992,.F.);
#8945=ORIENTED_EDGE('',*,*,#6993,.F.);
#8946=ORIENTED_EDGE('',*,*,#6994,.F.);
#8947=ORIENTED_EDGE('',*,*,#6995,.F.);
#8948=ORIENTED_EDGE('',*,*,#6996,.F.);
#8949=ORIENTED_EDGE('',*,*,#6997,.F.);
#8950=ORIENTED_EDGE('',*,*,#6998,.F.);
#8951=ORIENTED_EDGE('',*,*,#6999,.F.);
#8952=ORIENTED_EDGE('',*,*,#7000,.F.);
#8953=ORIENTED_EDGE('',*,*,#7001,.F.);
#8954=ORIENTED_EDGE('',*,*,#7002,.F.);
#8955=ORIENTED_EDGE('',*,*,#7003,.F.);
#8956=ORIENTED_EDGE('',*,*,#7004,.F.);
#8957=ORIENTED_EDGE('',*,*,#7005,.F.);
#8958=ORIENTED_EDGE('',*,*,#7006,.F.);
#8959=ORIENTED_EDGE('',*,*,#7007,.F.);
#8960=ORIENTED_EDGE('',*,*,#7008,.F.);
#8961=ORIENTED_EDGE('',*,*,#7009,.F.);
#8962=ORIENTED_EDGE('',*,*,#7010,.F.);
#8963=ORIENTED_EDGE('',*,*,#7011,.F.);
#8964=ORIENTED_EDGE('',*,*,#7012,.F.);
#8965=ORIENTED_EDGE('',*,*,#7013,.F.);
#8966=ORIENTED_EDGE('',*,*,#7014,.F.);
#8967=ORIENTED_EDGE('',*,*,#7015,.F.);
#8968=ORIENTED_EDGE('',*,*,#7016,.F.);
#8969=ORIENTED_EDGE('',*,*,#7017,.F.);
#8970=ORIENTED_EDGE('',*,*,#7018,.F.);
#8971=ORIENTED_EDGE('',*,*,#7019,.F.);
#8972=ORIENTED_EDGE('',*,*,#7020,.F.);
#8973=ORIENTED_EDGE('',*,*,#7021,.F.);
#8974=ORIENTED_EDGE('',*,*,#7022,.F.);
#8975=ORIENTED_EDGE('',*,*,#7023,.F.);
#8976=ORIENTED_EDGE('',*,*,#7024,.F.);
#8977=ORIENTED_EDGE('',*,*,#7025,.F.);
#8978=ORIENTED_EDGE('',*,*,#7026,.F.);
#8979=ORIENTED_EDGE('',*,*,#7027,.F.);
#8980=ORIENTED_EDGE('',*,*,#7028,.F.);
#8981=ORIENTED_EDGE('',*,*,#7029,.F.);
#8982=ORIENTED_EDGE('',*,*,#7030,.F.);
#8983=ORIENTED_EDGE('',*,*,#7031,.F.);
#8984=ORIENTED_EDGE('',*,*,#7032,.F.);
#8985=ORIENTED_EDGE('',*,*,#7033,.F.);
#8986=ORIENTED_EDGE('',*,*,#7034,.F.);
#8987=ORIENTED_EDGE('',*,*,#7035,.F.);
#8988=ORIENTED_EDGE('',*,*,#7036,.F.);
#8989=ORIENTED_EDGE('',*,*,#7037,.F.);
#8990=ORIENTED_EDGE('',*,*,#7038,.F.);
#8991=ORIENTED_EDGE('',*,*,#7039,.F.);
#8992=ORIENTED_EDGE('',*,*,#7040,.F.);
#8993=ORIENTED_EDGE('',*,*,#7041,.F.);
#8994=ORIENTED_EDGE('',*,*,#7042,.F.);
#8995=ORIENTED_EDGE('',*,*,#7043,.F.);
#8996=ORIENTED_EDGE('',*,*,#7044,.F.);
#8997=ORIENTED_EDGE('',*,*,#7045,.F.);
#8998=ORIENTED_EDGE('',*,*,#7046,.F.);
#8999=ORIENTED_EDGE('',*,*,#7047,.F.);
#9000=ORIENTED_EDGE('',*,*,#7048,.F.);
#9001=ORIENTED_EDGE('',*,*,#7049,.F.);
#9002=ORIENTED_EDGE('',*,*,#7050,.F.);
#9003=ORIENTED_EDGE('',*,*,#7051,.F.);
#9004=ORIENTED_EDGE('',*,*,#7052,.F.);
#9005=ORIENTED_EDGE('',*,*,#7053,.F.);
#9006=ORIENTED_EDGE('',*,*,#7054,.F.);
#9007=ORIENTED_EDGE('',*,*,#7055,.F.);
#9008=ORIENTED_EDGE('',*,*,#7056,.F.);
#9009=ORIENTED_EDGE('',*,*,#7057,.F.);
#9010=ORIENTED_EDGE('',*,*,#7058,.F.);
#9011=ORIENTED_EDGE('',*,*,#7059,.F.);
#9012=ORIENTED_EDGE('',*,*,#7060,.F.);
#9013=ORIENTED_EDGE('',*,*,#7061,.F.);
#9014=ORIENTED_EDGE('',*,*,#7062,.F.);
#9015=ORIENTED_EDGE('',*,*,#7063,.F.);
#9016=ORIENTED_EDGE('',*,*,#7064,.F.);
#9017=ORIENTED_EDGE('',*,*,#7065,.F.);
#9018=ORIENTED_EDGE('',*,*,#7066,.F.);
#9019=ORIENTED_EDGE('',*,*,#7067,.F.);
#9020=ORIENTED_EDGE('',*,*,#7068,.F.);
#9021=ORIENTED_EDGE('',*,*,#7069,.F.);
#9022=ORIENTED_EDGE('',*,*,#7070,.F.);
#9023=ORIENTED_EDGE('',*,*,#7071,.F.);
#9024=ORIENTED_EDGE('',*,*,#7072,.F.);
#9025=ORIENTED_EDGE('',*,*,#7073,.F.);
#9026=ORIENTED_EDGE('',*,*,#7074,.F.);
#9027=ORIENTED_EDGE('',*,*,#7075,.F.);
#9028=ORIENTED_EDGE('',*,*,#7076,.F.);
#9029=ORIENTED_EDGE('',*,*,#7077,.F.);
#9030=ORIENTED_EDGE('',*,*,#7078,.F.);
#9031=ORIENTED_EDGE('',*,*,#7079,.F.);
#9032=ORIENTED_EDGE('',*,*,#7080,.F.);
#9033=ORIENTED_EDGE('',*,*,#7081,.F.);
#9034=ORIENTED_EDGE('',*,*,#7082,.F.);
#9035=ORIENTED_EDGE('',*,*,#7083,.F.);
#9036=ORIENTED_EDGE('',*,*,#7084,.F.);
#9037=ORIENTED_EDGE('',*,*,#7085,.F.);
#9038=ORIENTED_EDGE('',*,*,#7086,.F.);
#9039=ORIENTED_EDGE('',*,*,#7087,.F.);
#9040=ORIENTED_EDGE('',*,*,#7088,.F.);
#9041=ORIENTED_EDGE('',*,*,#7089,.F.);
#9042=ORIENTED_EDGE('',*,*,#7090,.F.);
#9043=ORIENTED_EDGE('',*,*,#7091,.F.);
#9044=ORIENTED_EDGE('',*,*,#7092,.F.);
#9045=ORIENTED_EDGE('',*,*,#7093,.F.);
#9046=ORIENTED_EDGE('',*,*,#7094,.F.);
#9047=ORIENTED_EDGE('',*,*,#7095,.F.);
#9048=ORIENTED_EDGE('',*,*,#7096,.F.);
#9049=ORIENTED_EDGE('',*,*,#7097,.F.);
#9050=ORIENTED_EDGE('',*,*,#7098,.F.);
#9051=ORIENTED_EDGE('',*,*,#7099,.F.);
#9052=ORIENTED_EDGE('',*,*,#7100,.F.);
#9053=ORIENTED_EDGE('',*,*,#7101,.F.);
#9054=ORIENTED_EDGE('',*,*,#7102,.F.);
#9055=ORIENTED_EDGE('',*,*,#7103,.F.);
#9056=ORIENTED_EDGE('',*,*,#7104,.F.);
#9057=ORIENTED_EDGE('',*,*,#7105,.F.);
#9058=ORIENTED_EDGE('',*,*,#7106,.F.);
#9059=ORIENTED_EDGE('',*,*,#7107,.F.);
#9060=ORIENTED_EDGE('',*,*,#7108,.F.);
#9061=ORIENTED_EDGE('',*,*,#7109,.F.);
#9062=ORIENTED_EDGE('',*,*,#7110,.F.);
#9063=ORIENTED_EDGE('',*,*,#7111,.F.);
#9064=ORIENTED_EDGE('',*,*,#7112,.F.);
#9065=ORIENTED_EDGE('',*,*,#7113,.F.);
#9066=ORIENTED_EDGE('',*,*,#7114,.F.);
#9067=ORIENTED_EDGE('',*,*,#7115,.F.);
#9068=ORIENTED_EDGE('',*,*,#7116,.F.);
#9069=ORIENTED_EDGE('',*,*,#7117,.F.);
#9070=ORIENTED_EDGE('',*,*,#7118,.F.);
#9071=ORIENTED_EDGE('',*,*,#7119,.F.);
#9072=ORIENTED_EDGE('',*,*,#7120,.F.);
#9073=ORIENTED_EDGE('',*,*,#7121,.F.);
#9074=ORIENTED_EDGE('',*,*,#7122,.F.);
#9075=ORIENTED_EDGE('',*,*,#7123,.F.);
#9076=ORIENTED_EDGE('',*,*,#7124,.F.);
#9077=ORIENTED_EDGE('',*,*,#7125,.F.);
#9078=ORIENTED_EDGE('',*,*,#7126,.F.);
#9079=ORIENTED_EDGE('',*,*,#7127,.F.);
#9080=ORIENTED_EDGE('',*,*,#7128,.F.);
#9081=ORIENTED_EDGE('',*,*,#7129,.F.);
#9082=ORIENTED_EDGE('',*,*,#7130,.F.);
#9083=ORIENTED_EDGE('',*,*,#7131,.F.);
#9084=ORIENTED_EDGE('',*,*,#7132,.F.);
#9085=ORIENTED_EDGE('',*,*,#7133,.F.);
#9086=ORIENTED_EDGE('',*,*,#7134,.F.);
#9087=ORIENTED_EDGE('',*,*,#7135,.F.);
#9088=ORIENTED_EDGE('',*,*,#7136,.F.);
#9089=ORIENTED_EDGE('',*,*,#7137,.F.);
#9090=ORIENTED_EDGE('',*,*,#7138,.F.);
#9091=ORIENTED_EDGE('',*,*,#7139,.F.);
#9092=ORIENTED_EDGE('',*,*,#7140,.F.);
#9093=ORIENTED_EDGE('',*,*,#7141,.F.);
#9094=ORIENTED_EDGE('',*,*,#7142,.F.);
#9095=ORIENTED_EDGE('',*,*,#7143,.F.);
#9096=ORIENTED_EDGE('',*,*,#7144,.F.);
#9097=ORIENTED_EDGE('',*,*,#7145,.F.);
#9098=ORIENTED_EDGE('',*,*,#7146,.F.);
#9099=ORIENTED_EDGE('',*,*,#7147,.F.);
#9100=ORIENTED_EDGE('',*,*,#7148,.F.);
#9101=ORIENTED_EDGE('',*,*,#7149,.F.);
#9102=ORIENTED_EDGE('',*,*,#7150,.F.);
#9103=ORIENTED_EDGE('',*,*,#7151,.F.);
#9104=ORIENTED_EDGE('',*,*,#7152,.F.);
#9105=ORIENTED_EDGE('',*,*,#7153,.F.);
#9106=ORIENTED_EDGE('',*,*,#7154,.F.);
#9107=ORIENTED_EDGE('',*,*,#7155,.F.);
#9108=ORIENTED_EDGE('',*,*,#7156,.F.);
#9109=ORIENTED_EDGE('',*,*,#7157,.F.);
#9110=ORIENTED_EDGE('',*,*,#7158,.F.);
#9111=ORIENTED_EDGE('',*,*,#7159,.F.);
#9112=ORIENTED_EDGE('',*,*,#7160,.F.);
#9113=ORIENTED_EDGE('',*,*,#7161,.F.);
#9114=ORIENTED_EDGE('',*,*,#7162,.F.);
#9115=ORIENTED_EDGE('',*,*,#7163,.F.);
#9116=ORIENTED_EDGE('',*,*,#7164,.F.);
#9117=ORIENTED_EDGE('',*,*,#7165,.F.);
#9118=ORIENTED_EDGE('',*,*,#7166,.F.);
#9119=ORIENTED_EDGE('',*,*,#7167,.F.);
#9120=ORIENTED_EDGE('',*,*,#7168,.F.);
#9121=ORIENTED_EDGE('',*,*,#7169,.F.);
#9122=ORIENTED_EDGE('',*,*,#7170,.F.);
#9123=ORIENTED_EDGE('',*,*,#7171,.F.);
#9124=ORIENTED_EDGE('',*,*,#7172,.F.);
#9125=ORIENTED_EDGE('',*,*,#7173,.F.);
#9126=ORIENTED_EDGE('',*,*,#7174,.F.);
#9127=ORIENTED_EDGE('',*,*,#7175,.F.);
#9128=ORIENTED_EDGE('',*,*,#7176,.F.);
#9129=ORIENTED_EDGE('',*,*,#7177,.F.);
#9130=ORIENTED_EDGE('',*,*,#7178,.F.);
#9131=ORIENTED_EDGE('',*,*,#7179,.F.);
#9132=ORIENTED_EDGE('',*,*,#7180,.F.);
#9133=ORIENTED_EDGE('',*,*,#7181,.F.);
#9134=ORIENTED_EDGE('',*,*,#7182,.F.);
#9135=ORIENTED_EDGE('',*,*,#7183,.F.);
#9136=ORIENTED_EDGE('',*,*,#7184,.F.);
#9137=ORIENTED_EDGE('',*,*,#7185,.F.);
#9138=ORIENTED_EDGE('',*,*,#7186,.F.);
#9139=ORIENTED_EDGE('',*,*,#7187,.F.);
#9140=ORIENTED_EDGE('',*,*,#7188,.F.);
#9141=ORIENTED_EDGE('',*,*,#7189,.F.);
#9142=ORIENTED_EDGE('',*,*,#7190,.F.);
#9143=ORIENTED_EDGE('',*,*,#7191,.F.);
#9144=ORIENTED_EDGE('',*,*,#7192,.F.);
#9145=ORIENTED_EDGE('',*,*,#7193,.F.);
#9146=ORIENTED_EDGE('',*,*,#7194,.F.);
#9147=ORIENTED_EDGE('',*,*,#7195,.F.);
#9148=ORIENTED_EDGE('',*,*,#7196,.F.);
#9149=ORIENTED_EDGE('',*,*,#7197,.F.);
#9150=ORIENTED_EDGE('',*,*,#7198,.F.);
#9151=ORIENTED_EDGE('',*,*,#7199,.F.);
#9152=ORIENTED_EDGE('',*,*,#7200,.F.);
#9153=ORIENTED_EDGE('',*,*,#7201,.F.);
#9154=ORIENTED_EDGE('',*,*,#7202,.F.);
#9155=ORIENTED_EDGE('',*,*,#7203,.F.);
#9156=ORIENTED_EDGE('',*,*,#7204,.F.);
#9157=ORIENTED_EDGE('',*,*,#7205,.F.);
#9158=ORIENTED_EDGE('',*,*,#7206,.F.);
#9159=ORIENTED_EDGE('',*,*,#7207,.F.);
#9160=ORIENTED_EDGE('',*,*,#7208,.F.);
#9161=ORIENTED_EDGE('',*,*,#7209,.F.);
#9162=ORIENTED_EDGE('',*,*,#7210,.F.);
#9163=ORIENTED_EDGE('',*,*,#7211,.F.);
#9164=ORIENTED_EDGE('',*,*,#7212,.F.);
#9165=ORIENTED_EDGE('',*,*,#7213,.F.);
#9166=ORIENTED_EDGE('',*,*,#7214,.F.);
#9167=ORIENTED_EDGE('',*,*,#7215,.F.);
#9168=ORIENTED_EDGE('',*,*,#7216,.F.);
#9169=ORIENTED_EDGE('',*,*,#7217,.F.);
#9170=ORIENTED_EDGE('',*,*,#7218,.F.);
#9171=ORIENTED_EDGE('',*,*,#7219,.F.);
#9172=ORIENTED_EDGE('',*,*,#7220,.F.);
#9173=ORIENTED_EDGE('',*,*,#7221,.F.);
#9174=ORIENTED_EDGE('',*,*,#7222,.F.);
#9175=ORIENTED_EDGE('',*,*,#7223,.F.);
#9176=ORIENTED_EDGE('',*,*,#7224,.F.);
#9177=ORIENTED_EDGE('',*,*,#7225,.F.);
#9178=ORIENTED_EDGE('',*,*,#7226,.F.);
#9179=ORIENTED_EDGE('',*,*,#7227,.F.);
#9180=ORIENTED_EDGE('',*,*,#7228,.F.);
#9181=ORIENTED_EDGE('',*,*,#7229,.F.);
#9182=ORIENTED_EDGE('',*,*,#7230,.F.);
#9183=ORIENTED_EDGE('',*,*,#7231,.F.);
#9184=ORIENTED_EDGE('',*,*,#7232,.F.);
#9185=ORIENTED_EDGE('',*,*,#7233,.F.);
#9186=ORIENTED_EDGE('',*,*,#7234,.F.);
#9187=ORIENTED_EDGE('',*,*,#7235,.F.);
#9188=ORIENTED_EDGE('',*,*,#7236,.F.);
#9189=ORIENTED_EDGE('',*,*,#7237,.F.);
#9190=ORIENTED_EDGE('',*,*,#7238,.F.);
#9191=ORIENTED_EDGE('',*,*,#7239,.F.);
#9192=ORIENTED_EDGE('',*,*,#7240,.F.);
#9193=ORIENTED_EDGE('',*,*,#7241,.F.);
#9194=ORIENTED_EDGE('',*,*,#7242,.F.);
#9195=ORIENTED_EDGE('',*,*,#7243,.F.);
#9196=ORIENTED_EDGE('',*,*,#7244,.F.);
#9197=ORIENTED_EDGE('',*,*,#7245,.F.);
#9198=ORIENTED_EDGE('',*,*,#7246,.F.);
#9199=ORIENTED_EDGE('',*,*,#7247,.F.);
#9200=ORIENTED_EDGE('',*,*,#7248,.F.);
#9201=ORIENTED_EDGE('',*,*,#7249,.F.);
#9202=ORIENTED_EDGE('',*,*,#7250,.F.);
#9203=ORIENTED_EDGE('',*,*,#7251,.F.);
#9204=ORIENTED_EDGE('',*,*,#7252,.F.);
#9205=ORIENTED_EDGE('',*,*,#7253,.F.);
#9206=ORIENTED_EDGE('',*,*,#7254,.F.);
#9207=ORIENTED_EDGE('',*,*,#7255,.F.);
#9208=ORIENTED_EDGE('',*,*,#7256,.F.);
#9209=ORIENTED_EDGE('',*,*,#7257,.F.);
#9210=ORIENTED_EDGE('',*,*,#7258,.F.);
#9211=ORIENTED_EDGE('',*,*,#7259,.F.);
#9212=ORIENTED_EDGE('',*,*,#7260,.F.);
#9213=ORIENTED_EDGE('',*,*,#7261,.F.);
#9214=ORIENTED_EDGE('',*,*,#7262,.F.);
#9215=ORIENTED_EDGE('',*,*,#7263,.F.);
#9216=ORIENTED_EDGE('',*,*,#7264,.F.);
#9217=ORIENTED_EDGE('',*,*,#7265,.F.);
#9218=ORIENTED_EDGE('',*,*,#7266,.F.);
#9219=ORIENTED_EDGE('',*,*,#7267,.F.);
#9220=ORIENTED_EDGE('',*,*,#7268,.F.);
#9221=ORIENTED_EDGE('',*,*,#7269,.F.);
#9222=ORIENTED_EDGE('',*,*,#7270,.F.);
#9223=ORIENTED_EDGE('',*,*,#7271,.F.);
#9224=ORIENTED_EDGE('',*,*,#7272,.F.);
#9225=ORIENTED_EDGE('',*,*,#7273,.F.);
#9226=ORIENTED_EDGE('',*,*,#7274,.F.);
#9227=ORIENTED_EDGE('',*,*,#7275,.F.);
#9228=ORIENTED_EDGE('',*,*,#7276,.F.);
#9229=ORIENTED_EDGE('',*,*,#7277,.F.);
#9230=ORIENTED_EDGE('',*,*,#7278,.F.);
#9231=ORIENTED_EDGE('',*,*,#7279,.F.);
#9232=ORIENTED_EDGE('',*,*,#7280,.F.);
#9233=ORIENTED_EDGE('',*,*,#6735,.T.);
#9234=ORIENTED_EDGE('',*,*,#7281,.T.);
#9235=ORIENTED_EDGE('',*,*,#6221,.T.);
#9236=ORIENTED_EDGE('',*,*,#7282,.T.);
#9237=ORIENTED_EDGE('',*,*,#7282,.F.);
#9238=ORIENTED_EDGE('',*,*,#6220,.F.);
#9239=ORIENTED_EDGE('',*,*,#7283,.F.);
#9240=ORIENTED_EDGE('',*,*,#6736,.F.);
#9241=ORIENTED_EDGE('',*,*,#6215,.T.);
#9242=ORIENTED_EDGE('',*,*,#7284,.T.);
#9243=ORIENTED_EDGE('',*,*,#6741,.T.);
#9244=ORIENTED_EDGE('',*,*,#7285,.T.);
#9245=ORIENTED_EDGE('',*,*,#7285,.F.);
#9246=ORIENTED_EDGE('',*,*,#6740,.F.);
#9247=ORIENTED_EDGE('',*,*,#7286,.F.);
#9248=ORIENTED_EDGE('',*,*,#6216,.T.);
#9249=ORIENTED_EDGE('',*,*,#6747,.T.);
#9250=ORIENTED_EDGE('',*,*,#7287,.T.);
#9251=ORIENTED_EDGE('',*,*,#6209,.T.);
#9252=ORIENTED_EDGE('',*,*,#7288,.T.);
#9253=ORIENTED_EDGE('',*,*,#7288,.F.);
#9254=ORIENTED_EDGE('',*,*,#6208,.F.);
#9255=ORIENTED_EDGE('',*,*,#7289,.F.);
#9256=ORIENTED_EDGE('',*,*,#6748,.F.);
#9257=ORIENTED_EDGE('',*,*,#6203,.T.);
#9258=ORIENTED_EDGE('',*,*,#7290,.T.);
#9259=ORIENTED_EDGE('',*,*,#6753,.T.);
#9260=ORIENTED_EDGE('',*,*,#7291,.T.);
#9261=ORIENTED_EDGE('',*,*,#7291,.F.);
#9262=ORIENTED_EDGE('',*,*,#6752,.F.);
#9263=ORIENTED_EDGE('',*,*,#7292,.F.);
#9264=ORIENTED_EDGE('',*,*,#6204,.T.);
#9265=ORIENTED_EDGE('',*,*,#6759,.T.);
#9266=ORIENTED_EDGE('',*,*,#7293,.T.);
#9267=ORIENTED_EDGE('',*,*,#6197,.T.);
#9268=ORIENTED_EDGE('',*,*,#7294,.T.);
#9269=ORIENTED_EDGE('',*,*,#7294,.F.);
#9270=ORIENTED_EDGE('',*,*,#6196,.F.);
#9271=ORIENTED_EDGE('',*,*,#7295,.F.);
#9272=ORIENTED_EDGE('',*,*,#6760,.F.);
#9273=ORIENTED_EDGE('',*,*,#6191,.T.);
#9274=ORIENTED_EDGE('',*,*,#7296,.T.);
#9275=ORIENTED_EDGE('',*,*,#6765,.T.);
#9276=ORIENTED_EDGE('',*,*,#7297,.T.);
#9277=ORIENTED_EDGE('',*,*,#7297,.F.);
#9278=ORIENTED_EDGE('',*,*,#6764,.F.);
#9279=ORIENTED_EDGE('',*,*,#7298,.F.);
#9280=ORIENTED_EDGE('',*,*,#6192,.T.);
#9281=ORIENTED_EDGE('',*,*,#6771,.T.);
#9282=ORIENTED_EDGE('',*,*,#7299,.T.);
#9283=ORIENTED_EDGE('',*,*,#6185,.T.);
#9284=ORIENTED_EDGE('',*,*,#7300,.T.);
#9285=ORIENTED_EDGE('',*,*,#7300,.F.);
#9286=ORIENTED_EDGE('',*,*,#6184,.F.);
#9287=ORIENTED_EDGE('',*,*,#7301,.F.);
#9288=ORIENTED_EDGE('',*,*,#6772,.F.);
#9289=ORIENTED_EDGE('',*,*,#6175,.T.);
#9290=ORIENTED_EDGE('',*,*,#7302,.T.);
#9291=ORIENTED_EDGE('',*,*,#6781,.T.);
#9292=ORIENTED_EDGE('',*,*,#7303,.T.);
#9293=ORIENTED_EDGE('',*,*,#7303,.F.);
#9294=ORIENTED_EDGE('',*,*,#6780,.T.);
#9295=ORIENTED_EDGE('',*,*,#7304,.F.);
#9296=ORIENTED_EDGE('',*,*,#6176,.T.);
#9297=ORIENTED_EDGE('',*,*,#6787,.T.);
#9298=ORIENTED_EDGE('',*,*,#7305,.T.);
#9299=ORIENTED_EDGE('',*,*,#6169,.T.);
#9300=ORIENTED_EDGE('',*,*,#7306,.T.);
#9301=ORIENTED_EDGE('',*,*,#7306,.F.);
#9302=ORIENTED_EDGE('',*,*,#6168,.F.);
#9303=ORIENTED_EDGE('',*,*,#7307,.F.);
#9304=ORIENTED_EDGE('',*,*,#6788,.F.);
#9305=ORIENTED_EDGE('',*,*,#6163,.T.);
#9306=ORIENTED_EDGE('',*,*,#7308,.T.);
#9307=ORIENTED_EDGE('',*,*,#6793,.T.);
#9308=ORIENTED_EDGE('',*,*,#7309,.T.);
#9309=ORIENTED_EDGE('',*,*,#7309,.F.);
#9310=ORIENTED_EDGE('',*,*,#6792,.T.);
#9311=ORIENTED_EDGE('',*,*,#7310,.F.);
#9312=ORIENTED_EDGE('',*,*,#6164,.T.);
#9313=ORIENTED_EDGE('',*,*,#6799,.T.);
#9314=ORIENTED_EDGE('',*,*,#7311,.T.);
#9315=ORIENTED_EDGE('',*,*,#6157,.T.);
#9316=ORIENTED_EDGE('',*,*,#7312,.T.);
#9317=ORIENTED_EDGE('',*,*,#7312,.F.);
#9318=ORIENTED_EDGE('',*,*,#6156,.F.);
#9319=ORIENTED_EDGE('',*,*,#7313,.F.);
#9320=ORIENTED_EDGE('',*,*,#6800,.F.);
#9321=ORIENTED_EDGE('',*,*,#6710,.F.);
#9322=ORIENTED_EDGE('',*,*,#6811,.T.);
#9323=ORIENTED_EDGE('',*,*,#7314,.T.);
#9324=ORIENTED_EDGE('',*,*,#6142,.F.);
#9325=ORIENTED_EDGE('',*,*,#6718,.F.);
#9326=ORIENTED_EDGE('',*,*,#6146,.T.);
#9327=ORIENTED_EDGE('',*,*,#7315,.T.);
#9328=ORIENTED_EDGE('',*,*,#6807,.T.);
#9329=ORIENTED_EDGE('',*,*,#7316,.F.);
#9330=ORIENTED_EDGE('',*,*,#6211,.T.);
#9331=ORIENTED_EDGE('',*,*,#7317,.F.);
#9332=ORIENTED_EDGE('',*,*,#6745,.F.);
#9333=ORIENTED_EDGE('',*,*,#7287,.F.);
#9334=ORIENTED_EDGE('',*,*,#6746,.T.);
#9335=ORIENTED_EDGE('',*,*,#7317,.T.);
#9336=ORIENTED_EDGE('',*,*,#6210,.T.);
#9337=ORIENTED_EDGE('',*,*,#7318,.F.);
#9338=ORIENTED_EDGE('',*,*,#6223,.T.);
#9339=ORIENTED_EDGE('',*,*,#7319,.F.);
#9340=ORIENTED_EDGE('',*,*,#6733,.F.);
#9341=ORIENTED_EDGE('',*,*,#7281,.F.);
#9342=ORIENTED_EDGE('',*,*,#6734,.T.);
#9343=ORIENTED_EDGE('',*,*,#7319,.T.);
#9344=ORIENTED_EDGE('',*,*,#6222,.T.);
#9345=ORIENTED_EDGE('',*,*,#7320,.F.);
#9346=ORIENTED_EDGE('',*,*,#6199,.T.);
#9347=ORIENTED_EDGE('',*,*,#7321,.F.);
#9348=ORIENTED_EDGE('',*,*,#6757,.F.);
#9349=ORIENTED_EDGE('',*,*,#7293,.F.);
#9350=ORIENTED_EDGE('',*,*,#6758,.T.);
#9351=ORIENTED_EDGE('',*,*,#7321,.T.);
#9352=ORIENTED_EDGE('',*,*,#6198,.T.);
#9353=ORIENTED_EDGE('',*,*,#7322,.F.);
#9354=ORIENTED_EDGE('',*,*,#6767,.T.);
#9355=ORIENTED_EDGE('',*,*,#7323,.F.);
#9356=ORIENTED_EDGE('',*,*,#6189,.F.);
#9357=ORIENTED_EDGE('',*,*,#7296,.F.);
#9358=ORIENTED_EDGE('',*,*,#6190,.T.);
#9359=ORIENTED_EDGE('',*,*,#7323,.T.);
#9360=ORIENTED_EDGE('',*,*,#6766,.T.);
#9361=ORIENTED_EDGE('',*,*,#7324,.F.);
#9362=ORIENTED_EDGE('',*,*,#6187,.T.);
#9363=ORIENTED_EDGE('',*,*,#7325,.F.);
#9364=ORIENTED_EDGE('',*,*,#6769,.F.);
#9365=ORIENTED_EDGE('',*,*,#7299,.F.);
#9366=ORIENTED_EDGE('',*,*,#6770,.T.);
#9367=ORIENTED_EDGE('',*,*,#7325,.T.);
#9368=ORIENTED_EDGE('',*,*,#6186,.T.);
#9369=ORIENTED_EDGE('',*,*,#7326,.F.);
#9370=ORIENTED_EDGE('',*,*,#6755,.T.);
#9371=ORIENTED_EDGE('',*,*,#7327,.F.);
#9372=ORIENTED_EDGE('',*,*,#6201,.F.);
#9373=ORIENTED_EDGE('',*,*,#7290,.F.);
#9374=ORIENTED_EDGE('',*,*,#6202,.T.);
#9375=ORIENTED_EDGE('',*,*,#7327,.T.);
#9376=ORIENTED_EDGE('',*,*,#6754,.T.);
#9377=ORIENTED_EDGE('',*,*,#7328,.F.);
#9378=ORIENTED_EDGE('',*,*,#6731,.T.);
#9379=ORIENTED_EDGE('',*,*,#7329,.F.);
#9380=ORIENTED_EDGE('',*,*,#6225,.F.);
#9381=ORIENTED_EDGE('',*,*,#6720,.F.);
#9382=ORIENTED_EDGE('',*,*,#6226,.T.);
#9383=ORIENTED_EDGE('',*,*,#7329,.T.);
#9384=ORIENTED_EDGE('',*,*,#6730,.T.);
#9385=ORIENTED_EDGE('',*,*,#7330,.F.);
#9386=ORIENTED_EDGE('',*,*,#6743,.T.);
#9387=ORIENTED_EDGE('',*,*,#7331,.F.);
#9388=ORIENTED_EDGE('',*,*,#6213,.F.);
#9389=ORIENTED_EDGE('',*,*,#7284,.F.);
#9390=ORIENTED_EDGE('',*,*,#6214,.T.);
#9391=ORIENTED_EDGE('',*,*,#7331,.T.);
#9392=ORIENTED_EDGE('',*,*,#6742,.T.);
#9393=ORIENTED_EDGE('',*,*,#7332,.F.);
#9394=ORIENTED_EDGE('',*,*,#6783,.T.);
#9395=ORIENTED_EDGE('',*,*,#7333,.F.);
#9396=ORIENTED_EDGE('',*,*,#6173,.F.);
#9397=ORIENTED_EDGE('',*,*,#7302,.F.);
#9398=ORIENTED_EDGE('',*,*,#6174,.T.);
#9399=ORIENTED_EDGE('',*,*,#7333,.T.);
#9400=ORIENTED_EDGE('',*,*,#6782,.T.);
#9401=ORIENTED_EDGE('',*,*,#7334,.F.);
#9402=ORIENTED_EDGE('',*,*,#6795,.T.);
#9403=ORIENTED_EDGE('',*,*,#7335,.F.);
#9404=ORIENTED_EDGE('',*,*,#6161,.F.);
#9405=ORIENTED_EDGE('',*,*,#7308,.F.);
#9406=ORIENTED_EDGE('',*,*,#6162,.T.);
#9407=ORIENTED_EDGE('',*,*,#7335,.T.);
#9408=ORIENTED_EDGE('',*,*,#6794,.T.);
#9409=ORIENTED_EDGE('',*,*,#7336,.F.);
#9410=ORIENTED_EDGE('',*,*,#6159,.T.);
#9411=ORIENTED_EDGE('',*,*,#7337,.F.);
#9412=ORIENTED_EDGE('',*,*,#6797,.F.);
#9413=ORIENTED_EDGE('',*,*,#7311,.F.);
#9414=ORIENTED_EDGE('',*,*,#6798,.T.);
#9415=ORIENTED_EDGE('',*,*,#7337,.T.);
#9416=ORIENTED_EDGE('',*,*,#6158,.T.);
#9417=ORIENTED_EDGE('',*,*,#7338,.F.);
#9418=ORIENTED_EDGE('',*,*,#6171,.T.);
#9419=ORIENTED_EDGE('',*,*,#7339,.F.);
#9420=ORIENTED_EDGE('',*,*,#6785,.F.);
#9421=ORIENTED_EDGE('',*,*,#7305,.F.);
#9422=ORIENTED_EDGE('',*,*,#6786,.T.);
#9423=ORIENTED_EDGE('',*,*,#7339,.T.);
#9424=ORIENTED_EDGE('',*,*,#6170,.T.);
#9425=ORIENTED_EDGE('',*,*,#7340,.F.);
#9426=ORIENTED_EDGE('',*,*,#6808,.T.);
#9427=ORIENTED_EDGE('',*,*,#7315,.F.);
#9428=ORIENTED_EDGE('',*,*,#6145,.F.);
#9429=ORIENTED_EDGE('',*,*,#7341,.F.);
#9430=ORIENTED_EDGE('',*,*,#6813,.T.);
#9431=ORIENTED_EDGE('',*,*,#7342,.F.);
#9432=ORIENTED_EDGE('',*,*,#6133,.F.);
#9433=ORIENTED_EDGE('',*,*,#6703,.F.);
#9434=ORIENTED_EDGE('',*,*,#6134,.T.);
#9435=ORIENTED_EDGE('',*,*,#7342,.T.);
#9436=ORIENTED_EDGE('',*,*,#6812,.T.);
#9437=ORIENTED_EDGE('',*,*,#7343,.F.);
#9438=ORIENTED_EDGE('',*,*,#6131,.T.);
#9439=ORIENTED_EDGE('',*,*,#7344,.F.);
#9440=ORIENTED_EDGE('',*,*,#6815,.F.);
#9441=ORIENTED_EDGE('',*,*,#6125,.F.);
#9442=ORIENTED_EDGE('',*,*,#6816,.T.);
#9443=ORIENTED_EDGE('',*,*,#7344,.T.);
#9444=ORIENTED_EDGE('',*,*,#6130,.T.);
#9445=ORIENTED_EDGE('',*,*,#7345,.F.);
#9446=ORIENTED_EDGE('',*,*,#6143,.T.);
#9447=ORIENTED_EDGE('',*,*,#7314,.F.);
#9448=ORIENTED_EDGE('',*,*,#6810,.F.);
#9449=ORIENTED_EDGE('',*,*,#7340,.T.);
#9450=ORIENTED_EDGE('',*,*,#6144,.F.);
#9451=ORIENTED_EDGE('',*,*,#7345,.T.);
#9452=ORIENTED_EDGE('',*,*,#6809,.F.);
#9453=ORIENTED_EDGE('',*,*,#6729,.T.);
#9454=ORIENTED_EDGE('',*,*,#7346,.T.);
#9455=ORIENTED_EDGE('',*,*,#6229,.T.);
#9456=ORIENTED_EDGE('',*,*,#6724,.T.);
#9457=ORIENTED_EDGE('',*,*,#7346,.F.);
#9458=ORIENTED_EDGE('',*,*,#6728,.T.);
#9459=ORIENTED_EDGE('',*,*,#7347,.T.);
#9460=ORIENTED_EDGE('',*,*,#6230,.F.);
#9461=ORIENTED_EDGE('',*,*,#6739,.T.);
#9462=ORIENTED_EDGE('',*,*,#7348,.T.);
#9463=ORIENTED_EDGE('',*,*,#6217,.T.);
#9464=ORIENTED_EDGE('',*,*,#7286,.T.);
#9465=ORIENTED_EDGE('',*,*,#7348,.F.);
#9466=ORIENTED_EDGE('',*,*,#6738,.T.);
#9467=ORIENTED_EDGE('',*,*,#7349,.F.);
#9468=ORIENTED_EDGE('',*,*,#6218,.F.);
#9469=ORIENTED_EDGE('',*,*,#6219,.T.);
#9470=ORIENTED_EDGE('',*,*,#7349,.T.);
#9471=ORIENTED_EDGE('',*,*,#6737,.T.);
#9472=ORIENTED_EDGE('',*,*,#7283,.T.);
#9473=ORIENTED_EDGE('',*,*,#6751,.T.);
#9474=ORIENTED_EDGE('',*,*,#7350,.T.);
#9475=ORIENTED_EDGE('',*,*,#6205,.T.);
#9476=ORIENTED_EDGE('',*,*,#7292,.T.);
#9477=ORIENTED_EDGE('',*,*,#7350,.F.);
#9478=ORIENTED_EDGE('',*,*,#6750,.T.);
#9479=ORIENTED_EDGE('',*,*,#7351,.F.);
#9480=ORIENTED_EDGE('',*,*,#6206,.F.);
#9481=ORIENTED_EDGE('',*,*,#6207,.T.);
#9482=ORIENTED_EDGE('',*,*,#7351,.T.);
#9483=ORIENTED_EDGE('',*,*,#6749,.T.);
#9484=ORIENTED_EDGE('',*,*,#7289,.T.);
#9485=ORIENTED_EDGE('',*,*,#6183,.T.);
#9486=ORIENTED_EDGE('',*,*,#7352,.T.);
#9487=ORIENTED_EDGE('',*,*,#6773,.T.);
#9488=ORIENTED_EDGE('',*,*,#7301,.T.);
#9489=ORIENTED_EDGE('',*,*,#7352,.F.);
#9490=ORIENTED_EDGE('',*,*,#6182,.F.);
#9491=ORIENTED_EDGE('',*,*,#7353,.F.);
#9492=ORIENTED_EDGE('',*,*,#6774,.T.);
#9493=ORIENTED_EDGE('',*,*,#6193,.T.);
#9494=ORIENTED_EDGE('',*,*,#7298,.T.);
#9495=ORIENTED_EDGE('',*,*,#6763,.T.);
#9496=ORIENTED_EDGE('',*,*,#7354,.T.);
#9497=ORIENTED_EDGE('',*,*,#6195,.T.);
#9498=ORIENTED_EDGE('',*,*,#7355,.T.);
#9499=ORIENTED_EDGE('',*,*,#6761,.T.);
#9500=ORIENTED_EDGE('',*,*,#7295,.T.);
#9501=ORIENTED_EDGE('',*,*,#7354,.F.);
#9502=ORIENTED_EDGE('',*,*,#6762,.T.);
#9503=ORIENTED_EDGE('',*,*,#7355,.F.);
#9504=ORIENTED_EDGE('',*,*,#6194,.F.);
#9505=ORIENTED_EDGE('',*,*,#6779,.T.);
#9506=ORIENTED_EDGE('',*,*,#7356,.T.);
#9507=ORIENTED_EDGE('',*,*,#6177,.T.);
#9508=ORIENTED_EDGE('',*,*,#7304,.T.);
#9509=ORIENTED_EDGE('',*,*,#7356,.F.);
#9510=ORIENTED_EDGE('',*,*,#6778,.F.);
#9511=ORIENTED_EDGE('',*,*,#7357,.T.);
#9512=ORIENTED_EDGE('',*,*,#6178,.F.);
#9513=ORIENTED_EDGE('',*,*,#6155,.T.);
#9514=ORIENTED_EDGE('',*,*,#7358,.T.);
#9515=ORIENTED_EDGE('',*,*,#6801,.T.);
#9516=ORIENTED_EDGE('',*,*,#7313,.T.);
#9517=ORIENTED_EDGE('',*,*,#7358,.F.);
#9518=ORIENTED_EDGE('',*,*,#6154,.F.);
#9519=ORIENTED_EDGE('',*,*,#7359,.F.);
#9520=ORIENTED_EDGE('',*,*,#6802,.F.);
#9521=ORIENTED_EDGE('',*,*,#6167,.T.);
#9522=ORIENTED_EDGE('',*,*,#7360,.T.);
#9523=ORIENTED_EDGE('',*,*,#6789,.T.);
#9524=ORIENTED_EDGE('',*,*,#7307,.T.);
#9525=ORIENTED_EDGE('',*,*,#7360,.F.);
#9526=ORIENTED_EDGE('',*,*,#6166,.F.);
#9527=ORIENTED_EDGE('',*,*,#7361,.F.);
#9528=ORIENTED_EDGE('',*,*,#6790,.F.);
#9529=ORIENTED_EDGE('',*,*,#6165,.T.);
#9530=ORIENTED_EDGE('',*,*,#7310,.T.);
#9531=ORIENTED_EDGE('',*,*,#6791,.T.);
#9532=ORIENTED_EDGE('',*,*,#7361,.T.);
#9533=ORIENTED_EDGE('',*,*,#7324,.T.);
#9534=ORIENTED_EDGE('',*,*,#6768,.F.);
#9535=ORIENTED_EDGE('',*,*,#7322,.T.);
#9536=ORIENTED_EDGE('',*,*,#6188,.F.);
#9537=ORIENTED_EDGE('',*,*,#7318,.T.);
#9538=ORIENTED_EDGE('',*,*,#6732,.F.);
#9539=ORIENTED_EDGE('',*,*,#7328,.T.);
#9540=ORIENTED_EDGE('',*,*,#6224,.F.);
#9541=ORIENTED_EDGE('',*,*,#7320,.T.);
#9542=ORIENTED_EDGE('',*,*,#6756,.F.);
#9543=ORIENTED_EDGE('',*,*,#7326,.T.);
#9544=ORIENTED_EDGE('',*,*,#6200,.F.);
#9545=ORIENTED_EDGE('',*,*,#7316,.T.);
#9546=ORIENTED_EDGE('',*,*,#6744,.F.);
#9547=ORIENTED_EDGE('',*,*,#7330,.T.);
#9548=ORIENTED_EDGE('',*,*,#6212,.F.);
#9549=ORIENTED_EDGE('',*,*,#7343,.T.);
#9550=ORIENTED_EDGE('',*,*,#6814,.F.);
#9551=ORIENTED_EDGE('',*,*,#7341,.T.);
#9552=ORIENTED_EDGE('',*,*,#6132,.F.);
#9553=ORIENTED_EDGE('',*,*,#6715,.F.);
#9554=ORIENTED_EDGE('',*,*,#6806,.F.);
#9555=ORIENTED_EDGE('',*,*,#7362,.T.);
#9556=ORIENTED_EDGE('',*,*,#6150,.F.);
#9557=ORIENTED_EDGE('',*,*,#7338,.T.);
#9558=ORIENTED_EDGE('',*,*,#6784,.F.);
#9559=ORIENTED_EDGE('',*,*,#7332,.T.);
#9560=ORIENTED_EDGE('',*,*,#6172,.F.);
#9561=ORIENTED_EDGE('',*,*,#7336,.T.);
#9562=ORIENTED_EDGE('',*,*,#6796,.F.);
#9563=ORIENTED_EDGE('',*,*,#7334,.T.);
#9564=ORIENTED_EDGE('',*,*,#6160,.F.);
#9565=ORIENTED_EDGE('',*,*,#6181,.T.);
#9566=ORIENTED_EDGE('',*,*,#7363,.T.);
#9567=ORIENTED_EDGE('',*,*,#6775,.T.);
#9568=ORIENTED_EDGE('',*,*,#7353,.T.);
#9569=ORIENTED_EDGE('',*,*,#7274,.T.);
#9570=ORIENTED_EDGE('',*,*,#7364,.T.);
#9571=ORIENTED_EDGE('',*,*,#6241,.F.);
#9572=ORIENTED_EDGE('',*,*,#7365,.F.);
#9573=ORIENTED_EDGE('',*,*,#7275,.T.);
#9574=ORIENTED_EDGE('',*,*,#7365,.T.);
#9575=ORIENTED_EDGE('',*,*,#6240,.F.);
#9576=ORIENTED_EDGE('',*,*,#7366,.F.);
#9577=ORIENTED_EDGE('',*,*,#7276,.T.);
#9578=ORIENTED_EDGE('',*,*,#7366,.T.);
#9579=ORIENTED_EDGE('',*,*,#6239,.F.);
#9580=ORIENTED_EDGE('',*,*,#7367,.F.);
#9581=ORIENTED_EDGE('',*,*,#7277,.T.);
#9582=ORIENTED_EDGE('',*,*,#7367,.T.);
#9583=ORIENTED_EDGE('',*,*,#6238,.F.);
#9584=ORIENTED_EDGE('',*,*,#7368,.F.);
#9585=ORIENTED_EDGE('',*,*,#7278,.T.);
#9586=ORIENTED_EDGE('',*,*,#7368,.T.);
#9587=ORIENTED_EDGE('',*,*,#6237,.F.);
#9588=ORIENTED_EDGE('',*,*,#7369,.F.);
#9589=ORIENTED_EDGE('',*,*,#7279,.T.);
#9590=ORIENTED_EDGE('',*,*,#7369,.T.);
#9591=ORIENTED_EDGE('',*,*,#6236,.F.);
#9592=ORIENTED_EDGE('',*,*,#7370,.F.);
#9593=ORIENTED_EDGE('',*,*,#7280,.T.);
#9594=ORIENTED_EDGE('',*,*,#7370,.T.);
#9595=ORIENTED_EDGE('',*,*,#6235,.F.);
#9596=ORIENTED_EDGE('',*,*,#7371,.F.);
#9597=ORIENTED_EDGE('',*,*,#7273,.T.);
#9598=ORIENTED_EDGE('',*,*,#7371,.T.);
#9599=ORIENTED_EDGE('',*,*,#6234,.F.);
#9600=ORIENTED_EDGE('',*,*,#7364,.F.);
#9601=ORIENTED_EDGE('',*,*,#7266,.T.);
#9602=ORIENTED_EDGE('',*,*,#7372,.T.);
#9603=ORIENTED_EDGE('',*,*,#6249,.F.);
#9604=ORIENTED_EDGE('',*,*,#7373,.F.);
#9605=ORIENTED_EDGE('',*,*,#7267,.T.);
#9606=ORIENTED_EDGE('',*,*,#7373,.T.);
#9607=ORIENTED_EDGE('',*,*,#6248,.F.);
#9608=ORIENTED_EDGE('',*,*,#7374,.F.);
#9609=ORIENTED_EDGE('',*,*,#7268,.T.);
#9610=ORIENTED_EDGE('',*,*,#7374,.T.);
#9611=ORIENTED_EDGE('',*,*,#6247,.F.);
#9612=ORIENTED_EDGE('',*,*,#7375,.F.);
#9613=ORIENTED_EDGE('',*,*,#7269,.T.);
#9614=ORIENTED_EDGE('',*,*,#7375,.T.);
#9615=ORIENTED_EDGE('',*,*,#6246,.F.);
#9616=ORIENTED_EDGE('',*,*,#7376,.F.);
#9617=ORIENTED_EDGE('',*,*,#7270,.T.);
#9618=ORIENTED_EDGE('',*,*,#7376,.T.);
#9619=ORIENTED_EDGE('',*,*,#6245,.F.);
#9620=ORIENTED_EDGE('',*,*,#7377,.F.);
#9621=ORIENTED_EDGE('',*,*,#7271,.T.);
#9622=ORIENTED_EDGE('',*,*,#7377,.T.);
#9623=ORIENTED_EDGE('',*,*,#6244,.F.);
#9624=ORIENTED_EDGE('',*,*,#7378,.F.);
#9625=ORIENTED_EDGE('',*,*,#7272,.T.);
#9626=ORIENTED_EDGE('',*,*,#7378,.T.);
#9627=ORIENTED_EDGE('',*,*,#6243,.F.);
#9628=ORIENTED_EDGE('',*,*,#7379,.F.);
#9629=ORIENTED_EDGE('',*,*,#7265,.T.);
#9630=ORIENTED_EDGE('',*,*,#7379,.T.);
#9631=ORIENTED_EDGE('',*,*,#6242,.F.);
#9632=ORIENTED_EDGE('',*,*,#7372,.F.);
#9633=ORIENTED_EDGE('',*,*,#7258,.T.);
#9634=ORIENTED_EDGE('',*,*,#7380,.T.);
#9635=ORIENTED_EDGE('',*,*,#6257,.F.);
#9636=ORIENTED_EDGE('',*,*,#7381,.F.);
#9637=ORIENTED_EDGE('',*,*,#7259,.T.);
#9638=ORIENTED_EDGE('',*,*,#7381,.T.);
#9639=ORIENTED_EDGE('',*,*,#6256,.F.);
#9640=ORIENTED_EDGE('',*,*,#7382,.F.);
#9641=ORIENTED_EDGE('',*,*,#7260,.T.);
#9642=ORIENTED_EDGE('',*,*,#7382,.T.);
#9643=ORIENTED_EDGE('',*,*,#6255,.F.);
#9644=ORIENTED_EDGE('',*,*,#7383,.F.);
#9645=ORIENTED_EDGE('',*,*,#7261,.T.);
#9646=ORIENTED_EDGE('',*,*,#7383,.T.);
#9647=ORIENTED_EDGE('',*,*,#6254,.F.);
#9648=ORIENTED_EDGE('',*,*,#7384,.F.);
#9649=ORIENTED_EDGE('',*,*,#7262,.T.);
#9650=ORIENTED_EDGE('',*,*,#7384,.T.);
#9651=ORIENTED_EDGE('',*,*,#6253,.F.);
#9652=ORIENTED_EDGE('',*,*,#7385,.F.);
#9653=ORIENTED_EDGE('',*,*,#7263,.T.);
#9654=ORIENTED_EDGE('',*,*,#7385,.T.);
#9655=ORIENTED_EDGE('',*,*,#6252,.F.);
#9656=ORIENTED_EDGE('',*,*,#7386,.F.);
#9657=ORIENTED_EDGE('',*,*,#7264,.T.);
#9658=ORIENTED_EDGE('',*,*,#7386,.T.);
#9659=ORIENTED_EDGE('',*,*,#6251,.F.);
#9660=ORIENTED_EDGE('',*,*,#7387,.F.);
#9661=ORIENTED_EDGE('',*,*,#7257,.T.);
#9662=ORIENTED_EDGE('',*,*,#7387,.T.);
#9663=ORIENTED_EDGE('',*,*,#6250,.F.);
#9664=ORIENTED_EDGE('',*,*,#7380,.F.);
#9665=ORIENTED_EDGE('',*,*,#7250,.T.);
#9666=ORIENTED_EDGE('',*,*,#7388,.T.);
#9667=ORIENTED_EDGE('',*,*,#6265,.F.);
#9668=ORIENTED_EDGE('',*,*,#7389,.F.);
#9669=ORIENTED_EDGE('',*,*,#7251,.T.);
#9670=ORIENTED_EDGE('',*,*,#7389,.T.);
#9671=ORIENTED_EDGE('',*,*,#6264,.F.);
#9672=ORIENTED_EDGE('',*,*,#7390,.F.);
#9673=ORIENTED_EDGE('',*,*,#7252,.T.);
#9674=ORIENTED_EDGE('',*,*,#7390,.T.);
#9675=ORIENTED_EDGE('',*,*,#6263,.F.);
#9676=ORIENTED_EDGE('',*,*,#7391,.F.);
#9677=ORIENTED_EDGE('',*,*,#7253,.T.);
#9678=ORIENTED_EDGE('',*,*,#7391,.T.);
#9679=ORIENTED_EDGE('',*,*,#6262,.F.);
#9680=ORIENTED_EDGE('',*,*,#7392,.F.);
#9681=ORIENTED_EDGE('',*,*,#7254,.T.);
#9682=ORIENTED_EDGE('',*,*,#7392,.T.);
#9683=ORIENTED_EDGE('',*,*,#6261,.F.);
#9684=ORIENTED_EDGE('',*,*,#7393,.F.);
#9685=ORIENTED_EDGE('',*,*,#7255,.T.);
#9686=ORIENTED_EDGE('',*,*,#7393,.T.);
#9687=ORIENTED_EDGE('',*,*,#6260,.F.);
#9688=ORIENTED_EDGE('',*,*,#7394,.F.);
#9689=ORIENTED_EDGE('',*,*,#7256,.T.);
#9690=ORIENTED_EDGE('',*,*,#7394,.T.);
#9691=ORIENTED_EDGE('',*,*,#6259,.F.);
#9692=ORIENTED_EDGE('',*,*,#7395,.F.);
#9693=ORIENTED_EDGE('',*,*,#7249,.T.);
#9694=ORIENTED_EDGE('',*,*,#7395,.T.);
#9695=ORIENTED_EDGE('',*,*,#6258,.F.);
#9696=ORIENTED_EDGE('',*,*,#7388,.F.);
#9697=ORIENTED_EDGE('',*,*,#7242,.T.);
#9698=ORIENTED_EDGE('',*,*,#7396,.T.);
#9699=ORIENTED_EDGE('',*,*,#6273,.F.);
#9700=ORIENTED_EDGE('',*,*,#7397,.F.);
#9701=ORIENTED_EDGE('',*,*,#7243,.T.);
#9702=ORIENTED_EDGE('',*,*,#7397,.T.);
#9703=ORIENTED_EDGE('',*,*,#6272,.F.);
#9704=ORIENTED_EDGE('',*,*,#7398,.F.);
#9705=ORIENTED_EDGE('',*,*,#7244,.T.);
#9706=ORIENTED_EDGE('',*,*,#7398,.T.);
#9707=ORIENTED_EDGE('',*,*,#6271,.F.);
#9708=ORIENTED_EDGE('',*,*,#7399,.F.);
#9709=ORIENTED_EDGE('',*,*,#7245,.T.);
#9710=ORIENTED_EDGE('',*,*,#7399,.T.);
#9711=ORIENTED_EDGE('',*,*,#6270,.F.);
#9712=ORIENTED_EDGE('',*,*,#7400,.F.);
#9713=ORIENTED_EDGE('',*,*,#7246,.T.);
#9714=ORIENTED_EDGE('',*,*,#7400,.T.);
#9715=ORIENTED_EDGE('',*,*,#6269,.F.);
#9716=ORIENTED_EDGE('',*,*,#7401,.F.);
#9717=ORIENTED_EDGE('',*,*,#7247,.T.);
#9718=ORIENTED_EDGE('',*,*,#7401,.T.);
#9719=ORIENTED_EDGE('',*,*,#6268,.F.);
#9720=ORIENTED_EDGE('',*,*,#7402,.F.);
#9721=ORIENTED_EDGE('',*,*,#7248,.T.);
#9722=ORIENTED_EDGE('',*,*,#7402,.T.);
#9723=ORIENTED_EDGE('',*,*,#6267,.F.);
#9724=ORIENTED_EDGE('',*,*,#7403,.F.);
#9725=ORIENTED_EDGE('',*,*,#7241,.T.);
#9726=ORIENTED_EDGE('',*,*,#7403,.T.);
#9727=ORIENTED_EDGE('',*,*,#6266,.F.);
#9728=ORIENTED_EDGE('',*,*,#7396,.F.);
#9729=ORIENTED_EDGE('',*,*,#7234,.T.);
#9730=ORIENTED_EDGE('',*,*,#7404,.T.);
#9731=ORIENTED_EDGE('',*,*,#6281,.F.);
#9732=ORIENTED_EDGE('',*,*,#7405,.F.);
#9733=ORIENTED_EDGE('',*,*,#7235,.T.);
#9734=ORIENTED_EDGE('',*,*,#7405,.T.);
#9735=ORIENTED_EDGE('',*,*,#6280,.F.);
#9736=ORIENTED_EDGE('',*,*,#7406,.F.);
#9737=ORIENTED_EDGE('',*,*,#7236,.T.);
#9738=ORIENTED_EDGE('',*,*,#7406,.T.);
#9739=ORIENTED_EDGE('',*,*,#6279,.F.);
#9740=ORIENTED_EDGE('',*,*,#7407,.F.);
#9741=ORIENTED_EDGE('',*,*,#7237,.T.);
#9742=ORIENTED_EDGE('',*,*,#7407,.T.);
#9743=ORIENTED_EDGE('',*,*,#6278,.F.);
#9744=ORIENTED_EDGE('',*,*,#7408,.F.);
#9745=ORIENTED_EDGE('',*,*,#7238,.T.);
#9746=ORIENTED_EDGE('',*,*,#7408,.T.);
#9747=ORIENTED_EDGE('',*,*,#6277,.F.);
#9748=ORIENTED_EDGE('',*,*,#7409,.F.);
#9749=ORIENTED_EDGE('',*,*,#7239,.T.);
#9750=ORIENTED_EDGE('',*,*,#7409,.T.);
#9751=ORIENTED_EDGE('',*,*,#6276,.F.);
#9752=ORIENTED_EDGE('',*,*,#7410,.F.);
#9753=ORIENTED_EDGE('',*,*,#7240,.T.);
#9754=ORIENTED_EDGE('',*,*,#7410,.T.);
#9755=ORIENTED_EDGE('',*,*,#6275,.F.);
#9756=ORIENTED_EDGE('',*,*,#7411,.F.);
#9757=ORIENTED_EDGE('',*,*,#7233,.T.);
#9758=ORIENTED_EDGE('',*,*,#7411,.T.);
#9759=ORIENTED_EDGE('',*,*,#6274,.F.);
#9760=ORIENTED_EDGE('',*,*,#7404,.F.);
#9761=ORIENTED_EDGE('',*,*,#7226,.T.);
#9762=ORIENTED_EDGE('',*,*,#7412,.T.);
#9763=ORIENTED_EDGE('',*,*,#6289,.F.);
#9764=ORIENTED_EDGE('',*,*,#7413,.F.);
#9765=ORIENTED_EDGE('',*,*,#7227,.T.);
#9766=ORIENTED_EDGE('',*,*,#7413,.T.);
#9767=ORIENTED_EDGE('',*,*,#6288,.F.);
#9768=ORIENTED_EDGE('',*,*,#7414,.F.);
#9769=ORIENTED_EDGE('',*,*,#7228,.T.);
#9770=ORIENTED_EDGE('',*,*,#7414,.T.);
#9771=ORIENTED_EDGE('',*,*,#6287,.F.);
#9772=ORIENTED_EDGE('',*,*,#7415,.F.);
#9773=ORIENTED_EDGE('',*,*,#7229,.T.);
#9774=ORIENTED_EDGE('',*,*,#7415,.T.);
#9775=ORIENTED_EDGE('',*,*,#6286,.F.);
#9776=ORIENTED_EDGE('',*,*,#7416,.F.);
#9777=ORIENTED_EDGE('',*,*,#7230,.T.);
#9778=ORIENTED_EDGE('',*,*,#7416,.T.);
#9779=ORIENTED_EDGE('',*,*,#6285,.F.);
#9780=ORIENTED_EDGE('',*,*,#7417,.F.);
#9781=ORIENTED_EDGE('',*,*,#7231,.T.);
#9782=ORIENTED_EDGE('',*,*,#7417,.T.);
#9783=ORIENTED_EDGE('',*,*,#6284,.F.);
#9784=ORIENTED_EDGE('',*,*,#7418,.F.);
#9785=ORIENTED_EDGE('',*,*,#7232,.T.);
#9786=ORIENTED_EDGE('',*,*,#7418,.T.);
#9787=ORIENTED_EDGE('',*,*,#6283,.F.);
#9788=ORIENTED_EDGE('',*,*,#7419,.F.);
#9789=ORIENTED_EDGE('',*,*,#7225,.T.);
#9790=ORIENTED_EDGE('',*,*,#7419,.T.);
#9791=ORIENTED_EDGE('',*,*,#6282,.F.);
#9792=ORIENTED_EDGE('',*,*,#7412,.F.);
#9793=ORIENTED_EDGE('',*,*,#7218,.T.);
#9794=ORIENTED_EDGE('',*,*,#7420,.T.);
#9795=ORIENTED_EDGE('',*,*,#6297,.F.);
#9796=ORIENTED_EDGE('',*,*,#7421,.F.);
#9797=ORIENTED_EDGE('',*,*,#7219,.T.);
#9798=ORIENTED_EDGE('',*,*,#7421,.T.);
#9799=ORIENTED_EDGE('',*,*,#6296,.F.);
#9800=ORIENTED_EDGE('',*,*,#7422,.F.);
#9801=ORIENTED_EDGE('',*,*,#7220,.T.);
#9802=ORIENTED_EDGE('',*,*,#7422,.T.);
#9803=ORIENTED_EDGE('',*,*,#6295,.F.);
#9804=ORIENTED_EDGE('',*,*,#7423,.F.);
#9805=ORIENTED_EDGE('',*,*,#7221,.T.);
#9806=ORIENTED_EDGE('',*,*,#7423,.T.);
#9807=ORIENTED_EDGE('',*,*,#6294,.F.);
#9808=ORIENTED_EDGE('',*,*,#7424,.F.);
#9809=ORIENTED_EDGE('',*,*,#7222,.T.);
#9810=ORIENTED_EDGE('',*,*,#7424,.T.);
#9811=ORIENTED_EDGE('',*,*,#6293,.F.);
#9812=ORIENTED_EDGE('',*,*,#7425,.F.);
#9813=ORIENTED_EDGE('',*,*,#7223,.T.);
#9814=ORIENTED_EDGE('',*,*,#7425,.T.);
#9815=ORIENTED_EDGE('',*,*,#6292,.F.);
#9816=ORIENTED_EDGE('',*,*,#7426,.F.);
#9817=ORIENTED_EDGE('',*,*,#7224,.T.);
#9818=ORIENTED_EDGE('',*,*,#7426,.T.);
#9819=ORIENTED_EDGE('',*,*,#6291,.F.);
#9820=ORIENTED_EDGE('',*,*,#7427,.F.);
#9821=ORIENTED_EDGE('',*,*,#7217,.T.);
#9822=ORIENTED_EDGE('',*,*,#7427,.T.);
#9823=ORIENTED_EDGE('',*,*,#6290,.F.);
#9824=ORIENTED_EDGE('',*,*,#7420,.F.);
#9825=ORIENTED_EDGE('',*,*,#7210,.T.);
#9826=ORIENTED_EDGE('',*,*,#7428,.T.);
#9827=ORIENTED_EDGE('',*,*,#6305,.F.);
#9828=ORIENTED_EDGE('',*,*,#7429,.F.);
#9829=ORIENTED_EDGE('',*,*,#7211,.T.);
#9830=ORIENTED_EDGE('',*,*,#7429,.T.);
#9831=ORIENTED_EDGE('',*,*,#6304,.F.);
#9832=ORIENTED_EDGE('',*,*,#7430,.F.);
#9833=ORIENTED_EDGE('',*,*,#7212,.T.);
#9834=ORIENTED_EDGE('',*,*,#7430,.T.);
#9835=ORIENTED_EDGE('',*,*,#6303,.F.);
#9836=ORIENTED_EDGE('',*,*,#7431,.F.);
#9837=ORIENTED_EDGE('',*,*,#7213,.T.);
#9838=ORIENTED_EDGE('',*,*,#7431,.T.);
#9839=ORIENTED_EDGE('',*,*,#6302,.F.);
#9840=ORIENTED_EDGE('',*,*,#7432,.F.);
#9841=ORIENTED_EDGE('',*,*,#7214,.T.);
#9842=ORIENTED_EDGE('',*,*,#7432,.T.);
#9843=ORIENTED_EDGE('',*,*,#6301,.F.);
#9844=ORIENTED_EDGE('',*,*,#7433,.F.);
#9845=ORIENTED_EDGE('',*,*,#7215,.T.);
#9846=ORIENTED_EDGE('',*,*,#7433,.T.);
#9847=ORIENTED_EDGE('',*,*,#6300,.F.);
#9848=ORIENTED_EDGE('',*,*,#7434,.F.);
#9849=ORIENTED_EDGE('',*,*,#7216,.T.);
#9850=ORIENTED_EDGE('',*,*,#7434,.T.);
#9851=ORIENTED_EDGE('',*,*,#6299,.F.);
#9852=ORIENTED_EDGE('',*,*,#7435,.F.);
#9853=ORIENTED_EDGE('',*,*,#7209,.T.);
#9854=ORIENTED_EDGE('',*,*,#7435,.T.);
#9855=ORIENTED_EDGE('',*,*,#6298,.F.);
#9856=ORIENTED_EDGE('',*,*,#7428,.F.);
#9857=ORIENTED_EDGE('',*,*,#7202,.T.);
#9858=ORIENTED_EDGE('',*,*,#7436,.T.);
#9859=ORIENTED_EDGE('',*,*,#6313,.F.);
#9860=ORIENTED_EDGE('',*,*,#7437,.F.);
#9861=ORIENTED_EDGE('',*,*,#7203,.T.);
#9862=ORIENTED_EDGE('',*,*,#7437,.T.);
#9863=ORIENTED_EDGE('',*,*,#6312,.F.);
#9864=ORIENTED_EDGE('',*,*,#7438,.F.);
#9865=ORIENTED_EDGE('',*,*,#7204,.T.);
#9866=ORIENTED_EDGE('',*,*,#7438,.T.);
#9867=ORIENTED_EDGE('',*,*,#6311,.F.);
#9868=ORIENTED_EDGE('',*,*,#7439,.F.);
#9869=ORIENTED_EDGE('',*,*,#7205,.T.);
#9870=ORIENTED_EDGE('',*,*,#7439,.T.);
#9871=ORIENTED_EDGE('',*,*,#6310,.F.);
#9872=ORIENTED_EDGE('',*,*,#7440,.F.);
#9873=ORIENTED_EDGE('',*,*,#7206,.T.);
#9874=ORIENTED_EDGE('',*,*,#7440,.T.);
#9875=ORIENTED_EDGE('',*,*,#6309,.F.);
#9876=ORIENTED_EDGE('',*,*,#7441,.F.);
#9877=ORIENTED_EDGE('',*,*,#7207,.T.);
#9878=ORIENTED_EDGE('',*,*,#7441,.T.);
#9879=ORIENTED_EDGE('',*,*,#6308,.F.);
#9880=ORIENTED_EDGE('',*,*,#7442,.F.);
#9881=ORIENTED_EDGE('',*,*,#7208,.T.);
#9882=ORIENTED_EDGE('',*,*,#7442,.T.);
#9883=ORIENTED_EDGE('',*,*,#6307,.F.);
#9884=ORIENTED_EDGE('',*,*,#7443,.F.);
#9885=ORIENTED_EDGE('',*,*,#7201,.T.);
#9886=ORIENTED_EDGE('',*,*,#7443,.T.);
#9887=ORIENTED_EDGE('',*,*,#6306,.F.);
#9888=ORIENTED_EDGE('',*,*,#7436,.F.);
#9889=ORIENTED_EDGE('',*,*,#7194,.T.);
#9890=ORIENTED_EDGE('',*,*,#7444,.T.);
#9891=ORIENTED_EDGE('',*,*,#6321,.F.);
#9892=ORIENTED_EDGE('',*,*,#7445,.F.);
#9893=ORIENTED_EDGE('',*,*,#7195,.T.);
#9894=ORIENTED_EDGE('',*,*,#7445,.T.);
#9895=ORIENTED_EDGE('',*,*,#6320,.F.);
#9896=ORIENTED_EDGE('',*,*,#7446,.F.);
#9897=ORIENTED_EDGE('',*,*,#7196,.T.);
#9898=ORIENTED_EDGE('',*,*,#7446,.T.);
#9899=ORIENTED_EDGE('',*,*,#6319,.F.);
#9900=ORIENTED_EDGE('',*,*,#7447,.F.);
#9901=ORIENTED_EDGE('',*,*,#7197,.T.);
#9902=ORIENTED_EDGE('',*,*,#7447,.T.);
#9903=ORIENTED_EDGE('',*,*,#6318,.F.);
#9904=ORIENTED_EDGE('',*,*,#7448,.F.);
#9905=ORIENTED_EDGE('',*,*,#7198,.T.);
#9906=ORIENTED_EDGE('',*,*,#7448,.T.);
#9907=ORIENTED_EDGE('',*,*,#6317,.F.);
#9908=ORIENTED_EDGE('',*,*,#7449,.F.);
#9909=ORIENTED_EDGE('',*,*,#7199,.T.);
#9910=ORIENTED_EDGE('',*,*,#7449,.T.);
#9911=ORIENTED_EDGE('',*,*,#6316,.F.);
#9912=ORIENTED_EDGE('',*,*,#7450,.F.);
#9913=ORIENTED_EDGE('',*,*,#7200,.T.);
#9914=ORIENTED_EDGE('',*,*,#7450,.T.);
#9915=ORIENTED_EDGE('',*,*,#6315,.F.);
#9916=ORIENTED_EDGE('',*,*,#7451,.F.);
#9917=ORIENTED_EDGE('',*,*,#7193,.T.);
#9918=ORIENTED_EDGE('',*,*,#7451,.T.);
#9919=ORIENTED_EDGE('',*,*,#6314,.F.);
#9920=ORIENTED_EDGE('',*,*,#7444,.F.);
#9921=ORIENTED_EDGE('',*,*,#7170,.T.);
#9922=ORIENTED_EDGE('',*,*,#7452,.T.);
#9923=ORIENTED_EDGE('',*,*,#6345,.F.);
#9924=ORIENTED_EDGE('',*,*,#7453,.F.);
#9925=ORIENTED_EDGE('',*,*,#7171,.T.);
#9926=ORIENTED_EDGE('',*,*,#7453,.T.);
#9927=ORIENTED_EDGE('',*,*,#6344,.F.);
#9928=ORIENTED_EDGE('',*,*,#7454,.F.);
#9929=ORIENTED_EDGE('',*,*,#7172,.T.);
#9930=ORIENTED_EDGE('',*,*,#7454,.T.);
#9931=ORIENTED_EDGE('',*,*,#6343,.F.);
#9932=ORIENTED_EDGE('',*,*,#7455,.F.);
#9933=ORIENTED_EDGE('',*,*,#7173,.T.);
#9934=ORIENTED_EDGE('',*,*,#7455,.T.);
#9935=ORIENTED_EDGE('',*,*,#6342,.F.);
#9936=ORIENTED_EDGE('',*,*,#7456,.F.);
#9937=ORIENTED_EDGE('',*,*,#7174,.T.);
#9938=ORIENTED_EDGE('',*,*,#7456,.T.);
#9939=ORIENTED_EDGE('',*,*,#6341,.F.);
#9940=ORIENTED_EDGE('',*,*,#7457,.F.);
#9941=ORIENTED_EDGE('',*,*,#7175,.T.);
#9942=ORIENTED_EDGE('',*,*,#7457,.T.);
#9943=ORIENTED_EDGE('',*,*,#6340,.F.);
#9944=ORIENTED_EDGE('',*,*,#7458,.F.);
#9945=ORIENTED_EDGE('',*,*,#7176,.T.);
#9946=ORIENTED_EDGE('',*,*,#7458,.T.);
#9947=ORIENTED_EDGE('',*,*,#6339,.F.);
#9948=ORIENTED_EDGE('',*,*,#7459,.F.);
#9949=ORIENTED_EDGE('',*,*,#7177,.T.);
#9950=ORIENTED_EDGE('',*,*,#7459,.T.);
#9951=ORIENTED_EDGE('',*,*,#6338,.F.);
#9952=ORIENTED_EDGE('',*,*,#7460,.F.);
#9953=ORIENTED_EDGE('',*,*,#7178,.T.);
#9954=ORIENTED_EDGE('',*,*,#7460,.T.);
#9955=ORIENTED_EDGE('',*,*,#6337,.F.);
#9956=ORIENTED_EDGE('',*,*,#7461,.F.);
#9957=ORIENTED_EDGE('',*,*,#7179,.T.);
#9958=ORIENTED_EDGE('',*,*,#7461,.T.);
#9959=ORIENTED_EDGE('',*,*,#6336,.F.);
#9960=ORIENTED_EDGE('',*,*,#7462,.F.);
#9961=ORIENTED_EDGE('',*,*,#7180,.T.);
#9962=ORIENTED_EDGE('',*,*,#7462,.T.);
#9963=ORIENTED_EDGE('',*,*,#6335,.F.);
#9964=ORIENTED_EDGE('',*,*,#7463,.F.);
#9965=ORIENTED_EDGE('',*,*,#7181,.T.);
#9966=ORIENTED_EDGE('',*,*,#7463,.T.);
#9967=ORIENTED_EDGE('',*,*,#6334,.F.);
#9968=ORIENTED_EDGE('',*,*,#7464,.F.);
#9969=ORIENTED_EDGE('',*,*,#7182,.T.);
#9970=ORIENTED_EDGE('',*,*,#7464,.T.);
#9971=ORIENTED_EDGE('',*,*,#6333,.F.);
#9972=ORIENTED_EDGE('',*,*,#7465,.F.);
#9973=ORIENTED_EDGE('',*,*,#7183,.T.);
#9974=ORIENTED_EDGE('',*,*,#7465,.T.);
#9975=ORIENTED_EDGE('',*,*,#6332,.F.);
#9976=ORIENTED_EDGE('',*,*,#7466,.F.);
#9977=ORIENTED_EDGE('',*,*,#7184,.T.);
#9978=ORIENTED_EDGE('',*,*,#7466,.T.);
#9979=ORIENTED_EDGE('',*,*,#6331,.F.);
#9980=ORIENTED_EDGE('',*,*,#7467,.F.);
#9981=ORIENTED_EDGE('',*,*,#7185,.T.);
#9982=ORIENTED_EDGE('',*,*,#7467,.T.);
#9983=ORIENTED_EDGE('',*,*,#6330,.F.);
#9984=ORIENTED_EDGE('',*,*,#7468,.F.);
#9985=ORIENTED_EDGE('',*,*,#7186,.T.);
#9986=ORIENTED_EDGE('',*,*,#7468,.T.);
#9987=ORIENTED_EDGE('',*,*,#6329,.F.);
#9988=ORIENTED_EDGE('',*,*,#7469,.F.);
#9989=ORIENTED_EDGE('',*,*,#7187,.T.);
#9990=ORIENTED_EDGE('',*,*,#7469,.T.);
#9991=ORIENTED_EDGE('',*,*,#6328,.F.);
#9992=ORIENTED_EDGE('',*,*,#7470,.F.);
#9993=ORIENTED_EDGE('',*,*,#7188,.T.);
#9994=ORIENTED_EDGE('',*,*,#7470,.T.);
#9995=ORIENTED_EDGE('',*,*,#6327,.F.);
#9996=ORIENTED_EDGE('',*,*,#7471,.F.);
#9997=ORIENTED_EDGE('',*,*,#7189,.T.);
#9998=ORIENTED_EDGE('',*,*,#7471,.T.);
#9999=ORIENTED_EDGE('',*,*,#6326,.F.);
#10000=ORIENTED_EDGE('',*,*,#7472,.F.);
#10001=ORIENTED_EDGE('',*,*,#7190,.T.);
#10002=ORIENTED_EDGE('',*,*,#7472,.T.);
#10003=ORIENTED_EDGE('',*,*,#6325,.F.);
#10004=ORIENTED_EDGE('',*,*,#7473,.F.);
#10005=ORIENTED_EDGE('',*,*,#7191,.T.);
#10006=ORIENTED_EDGE('',*,*,#7473,.T.);
#10007=ORIENTED_EDGE('',*,*,#6324,.F.);
#10008=ORIENTED_EDGE('',*,*,#7474,.F.);
#10009=ORIENTED_EDGE('',*,*,#7192,.T.);
#10010=ORIENTED_EDGE('',*,*,#7474,.T.);
#10011=ORIENTED_EDGE('',*,*,#6323,.F.);
#10012=ORIENTED_EDGE('',*,*,#7475,.F.);
#10013=ORIENTED_EDGE('',*,*,#7169,.T.);
#10014=ORIENTED_EDGE('',*,*,#7475,.T.);
#10015=ORIENTED_EDGE('',*,*,#6322,.F.);
#10016=ORIENTED_EDGE('',*,*,#7452,.F.);
#10017=ORIENTED_EDGE('',*,*,#7162,.T.);
#10018=ORIENTED_EDGE('',*,*,#7476,.T.);
#10019=ORIENTED_EDGE('',*,*,#6353,.F.);
#10020=ORIENTED_EDGE('',*,*,#7477,.F.);
#10021=ORIENTED_EDGE('',*,*,#7163,.T.);
#10022=ORIENTED_EDGE('',*,*,#7477,.T.);
#10023=ORIENTED_EDGE('',*,*,#6352,.F.);
#10024=ORIENTED_EDGE('',*,*,#7478,.F.);
#10025=ORIENTED_EDGE('',*,*,#7164,.T.);
#10026=ORIENTED_EDGE('',*,*,#7478,.T.);
#10027=ORIENTED_EDGE('',*,*,#6351,.F.);
#10028=ORIENTED_EDGE('',*,*,#7479,.F.);
#10029=ORIENTED_EDGE('',*,*,#7165,.T.);
#10030=ORIENTED_EDGE('',*,*,#7479,.T.);
#10031=ORIENTED_EDGE('',*,*,#6350,.F.);
#10032=ORIENTED_EDGE('',*,*,#7480,.F.);
#10033=ORIENTED_EDGE('',*,*,#7166,.T.);
#10034=ORIENTED_EDGE('',*,*,#7480,.T.);
#10035=ORIENTED_EDGE('',*,*,#6349,.F.);
#10036=ORIENTED_EDGE('',*,*,#7481,.F.);
#10037=ORIENTED_EDGE('',*,*,#7167,.T.);
#10038=ORIENTED_EDGE('',*,*,#7481,.T.);
#10039=ORIENTED_EDGE('',*,*,#6348,.F.);
#10040=ORIENTED_EDGE('',*,*,#7482,.F.);
#10041=ORIENTED_EDGE('',*,*,#7168,.T.);
#10042=ORIENTED_EDGE('',*,*,#7482,.T.);
#10043=ORIENTED_EDGE('',*,*,#6347,.F.);
#10044=ORIENTED_EDGE('',*,*,#7483,.F.);
#10045=ORIENTED_EDGE('',*,*,#7161,.T.);
#10046=ORIENTED_EDGE('',*,*,#7483,.T.);
#10047=ORIENTED_EDGE('',*,*,#6346,.F.);
#10048=ORIENTED_EDGE('',*,*,#7476,.F.);
#10049=ORIENTED_EDGE('',*,*,#7154,.T.);
#10050=ORIENTED_EDGE('',*,*,#7484,.T.);
#10051=ORIENTED_EDGE('',*,*,#6361,.F.);
#10052=ORIENTED_EDGE('',*,*,#7485,.F.);
#10053=ORIENTED_EDGE('',*,*,#7155,.T.);
#10054=ORIENTED_EDGE('',*,*,#7485,.T.);
#10055=ORIENTED_EDGE('',*,*,#6360,.F.);
#10056=ORIENTED_EDGE('',*,*,#7486,.F.);
#10057=ORIENTED_EDGE('',*,*,#7156,.T.);
#10058=ORIENTED_EDGE('',*,*,#7486,.T.);
#10059=ORIENTED_EDGE('',*,*,#6359,.F.);
#10060=ORIENTED_EDGE('',*,*,#7487,.F.);
#10061=ORIENTED_EDGE('',*,*,#7157,.T.);
#10062=ORIENTED_EDGE('',*,*,#7487,.T.);
#10063=ORIENTED_EDGE('',*,*,#6358,.F.);
#10064=ORIENTED_EDGE('',*,*,#7488,.F.);
#10065=ORIENTED_EDGE('',*,*,#7158,.T.);
#10066=ORIENTED_EDGE('',*,*,#7488,.T.);
#10067=ORIENTED_EDGE('',*,*,#6357,.F.);
#10068=ORIENTED_EDGE('',*,*,#7489,.F.);
#10069=ORIENTED_EDGE('',*,*,#7159,.T.);
#10070=ORIENTED_EDGE('',*,*,#7489,.T.);
#10071=ORIENTED_EDGE('',*,*,#6356,.F.);
#10072=ORIENTED_EDGE('',*,*,#7490,.F.);
#10073=ORIENTED_EDGE('',*,*,#7160,.T.);
#10074=ORIENTED_EDGE('',*,*,#7490,.T.);
#10075=ORIENTED_EDGE('',*,*,#6355,.F.);
#10076=ORIENTED_EDGE('',*,*,#7491,.F.);
#10077=ORIENTED_EDGE('',*,*,#7153,.T.);
#10078=ORIENTED_EDGE('',*,*,#7491,.T.);
#10079=ORIENTED_EDGE('',*,*,#6354,.F.);
#10080=ORIENTED_EDGE('',*,*,#7484,.F.);
#10081=ORIENTED_EDGE('',*,*,#7146,.T.);
#10082=ORIENTED_EDGE('',*,*,#7492,.T.);
#10083=ORIENTED_EDGE('',*,*,#6369,.F.);
#10084=ORIENTED_EDGE('',*,*,#7493,.F.);
#10085=ORIENTED_EDGE('',*,*,#7147,.T.);
#10086=ORIENTED_EDGE('',*,*,#7493,.T.);
#10087=ORIENTED_EDGE('',*,*,#6368,.F.);
#10088=ORIENTED_EDGE('',*,*,#7494,.F.);
#10089=ORIENTED_EDGE('',*,*,#7148,.T.);
#10090=ORIENTED_EDGE('',*,*,#7494,.T.);
#10091=ORIENTED_EDGE('',*,*,#6367,.F.);
#10092=ORIENTED_EDGE('',*,*,#7495,.F.);
#10093=ORIENTED_EDGE('',*,*,#7149,.T.);
#10094=ORIENTED_EDGE('',*,*,#7495,.T.);
#10095=ORIENTED_EDGE('',*,*,#6366,.F.);
#10096=ORIENTED_EDGE('',*,*,#7496,.F.);
#10097=ORIENTED_EDGE('',*,*,#7150,.T.);
#10098=ORIENTED_EDGE('',*,*,#7496,.T.);
#10099=ORIENTED_EDGE('',*,*,#6365,.F.);
#10100=ORIENTED_EDGE('',*,*,#7497,.F.);
#10101=ORIENTED_EDGE('',*,*,#7151,.T.);
#10102=ORIENTED_EDGE('',*,*,#7497,.T.);
#10103=ORIENTED_EDGE('',*,*,#6364,.F.);
#10104=ORIENTED_EDGE('',*,*,#7498,.F.);
#10105=ORIENTED_EDGE('',*,*,#7152,.T.);
#10106=ORIENTED_EDGE('',*,*,#7498,.T.);
#10107=ORIENTED_EDGE('',*,*,#6363,.F.);
#10108=ORIENTED_EDGE('',*,*,#7499,.F.);
#10109=ORIENTED_EDGE('',*,*,#7145,.T.);
#10110=ORIENTED_EDGE('',*,*,#7499,.T.);
#10111=ORIENTED_EDGE('',*,*,#6362,.F.);
#10112=ORIENTED_EDGE('',*,*,#7492,.F.);
#10113=ORIENTED_EDGE('',*,*,#7138,.T.);
#10114=ORIENTED_EDGE('',*,*,#7500,.T.);
#10115=ORIENTED_EDGE('',*,*,#6377,.F.);
#10116=ORIENTED_EDGE('',*,*,#7501,.F.);
#10117=ORIENTED_EDGE('',*,*,#7139,.T.);
#10118=ORIENTED_EDGE('',*,*,#7501,.T.);
#10119=ORIENTED_EDGE('',*,*,#6376,.F.);
#10120=ORIENTED_EDGE('',*,*,#7502,.F.);
#10121=ORIENTED_EDGE('',*,*,#7140,.T.);
#10122=ORIENTED_EDGE('',*,*,#7502,.T.);
#10123=ORIENTED_EDGE('',*,*,#6375,.F.);
#10124=ORIENTED_EDGE('',*,*,#7503,.F.);
#10125=ORIENTED_EDGE('',*,*,#7141,.T.);
#10126=ORIENTED_EDGE('',*,*,#7503,.T.);
#10127=ORIENTED_EDGE('',*,*,#6374,.F.);
#10128=ORIENTED_EDGE('',*,*,#7504,.F.);
#10129=ORIENTED_EDGE('',*,*,#7142,.T.);
#10130=ORIENTED_EDGE('',*,*,#7504,.T.);
#10131=ORIENTED_EDGE('',*,*,#6373,.F.);
#10132=ORIENTED_EDGE('',*,*,#7505,.F.);
#10133=ORIENTED_EDGE('',*,*,#7143,.T.);
#10134=ORIENTED_EDGE('',*,*,#7505,.T.);
#10135=ORIENTED_EDGE('',*,*,#6372,.F.);
#10136=ORIENTED_EDGE('',*,*,#7506,.F.);
#10137=ORIENTED_EDGE('',*,*,#7144,.T.);
#10138=ORIENTED_EDGE('',*,*,#7506,.T.);
#10139=ORIENTED_EDGE('',*,*,#6371,.F.);
#10140=ORIENTED_EDGE('',*,*,#7507,.F.);
#10141=ORIENTED_EDGE('',*,*,#7137,.T.);
#10142=ORIENTED_EDGE('',*,*,#7507,.T.);
#10143=ORIENTED_EDGE('',*,*,#6370,.F.);
#10144=ORIENTED_EDGE('',*,*,#7500,.F.);
#10145=ORIENTED_EDGE('',*,*,#7130,.T.);
#10146=ORIENTED_EDGE('',*,*,#7508,.T.);
#10147=ORIENTED_EDGE('',*,*,#6385,.F.);
#10148=ORIENTED_EDGE('',*,*,#7509,.F.);
#10149=ORIENTED_EDGE('',*,*,#7131,.T.);
#10150=ORIENTED_EDGE('',*,*,#7509,.T.);
#10151=ORIENTED_EDGE('',*,*,#6384,.F.);
#10152=ORIENTED_EDGE('',*,*,#7510,.F.);
#10153=ORIENTED_EDGE('',*,*,#7132,.T.);
#10154=ORIENTED_EDGE('',*,*,#7510,.T.);
#10155=ORIENTED_EDGE('',*,*,#6383,.F.);
#10156=ORIENTED_EDGE('',*,*,#7511,.F.);
#10157=ORIENTED_EDGE('',*,*,#7133,.T.);
#10158=ORIENTED_EDGE('',*,*,#7511,.T.);
#10159=ORIENTED_EDGE('',*,*,#6382,.F.);
#10160=ORIENTED_EDGE('',*,*,#7512,.F.);
#10161=ORIENTED_EDGE('',*,*,#7134,.T.);
#10162=ORIENTED_EDGE('',*,*,#7512,.T.);
#10163=ORIENTED_EDGE('',*,*,#6381,.F.);
#10164=ORIENTED_EDGE('',*,*,#7513,.F.);
#10165=ORIENTED_EDGE('',*,*,#7135,.T.);
#10166=ORIENTED_EDGE('',*,*,#7513,.T.);
#10167=ORIENTED_EDGE('',*,*,#6380,.F.);
#10168=ORIENTED_EDGE('',*,*,#7514,.F.);
#10169=ORIENTED_EDGE('',*,*,#7136,.T.);
#10170=ORIENTED_EDGE('',*,*,#7514,.T.);
#10171=ORIENTED_EDGE('',*,*,#6379,.F.);
#10172=ORIENTED_EDGE('',*,*,#7515,.F.);
#10173=ORIENTED_EDGE('',*,*,#7129,.T.);
#10174=ORIENTED_EDGE('',*,*,#7515,.T.);
#10175=ORIENTED_EDGE('',*,*,#6378,.F.);
#10176=ORIENTED_EDGE('',*,*,#7508,.F.);
#10177=ORIENTED_EDGE('',*,*,#7122,.T.);
#10178=ORIENTED_EDGE('',*,*,#7516,.T.);
#10179=ORIENTED_EDGE('',*,*,#6393,.F.);
#10180=ORIENTED_EDGE('',*,*,#7517,.F.);
#10181=ORIENTED_EDGE('',*,*,#7123,.T.);
#10182=ORIENTED_EDGE('',*,*,#7517,.T.);
#10183=ORIENTED_EDGE('',*,*,#6392,.F.);
#10184=ORIENTED_EDGE('',*,*,#7518,.F.);
#10185=ORIENTED_EDGE('',*,*,#7124,.T.);
#10186=ORIENTED_EDGE('',*,*,#7518,.T.);
#10187=ORIENTED_EDGE('',*,*,#6391,.F.);
#10188=ORIENTED_EDGE('',*,*,#7519,.F.);
#10189=ORIENTED_EDGE('',*,*,#7125,.T.);
#10190=ORIENTED_EDGE('',*,*,#7519,.T.);
#10191=ORIENTED_EDGE('',*,*,#6390,.F.);
#10192=ORIENTED_EDGE('',*,*,#7520,.F.);
#10193=ORIENTED_EDGE('',*,*,#7126,.T.);
#10194=ORIENTED_EDGE('',*,*,#7520,.T.);
#10195=ORIENTED_EDGE('',*,*,#6389,.F.);
#10196=ORIENTED_EDGE('',*,*,#7521,.F.);
#10197=ORIENTED_EDGE('',*,*,#7127,.T.);
#10198=ORIENTED_EDGE('',*,*,#7521,.T.);
#10199=ORIENTED_EDGE('',*,*,#6388,.F.);
#10200=ORIENTED_EDGE('',*,*,#7522,.F.);
#10201=ORIENTED_EDGE('',*,*,#7128,.T.);
#10202=ORIENTED_EDGE('',*,*,#7522,.T.);
#10203=ORIENTED_EDGE('',*,*,#6387,.F.);
#10204=ORIENTED_EDGE('',*,*,#7523,.F.);
#10205=ORIENTED_EDGE('',*,*,#7121,.T.);
#10206=ORIENTED_EDGE('',*,*,#7523,.T.);
#10207=ORIENTED_EDGE('',*,*,#6386,.F.);
#10208=ORIENTED_EDGE('',*,*,#7516,.F.);
#10209=ORIENTED_EDGE('',*,*,#7114,.T.);
#10210=ORIENTED_EDGE('',*,*,#7524,.T.);
#10211=ORIENTED_EDGE('',*,*,#6401,.F.);
#10212=ORIENTED_EDGE('',*,*,#7525,.F.);
#10213=ORIENTED_EDGE('',*,*,#7115,.T.);
#10214=ORIENTED_EDGE('',*,*,#7525,.T.);
#10215=ORIENTED_EDGE('',*,*,#6400,.F.);
#10216=ORIENTED_EDGE('',*,*,#7526,.F.);
#10217=ORIENTED_EDGE('',*,*,#7116,.T.);
#10218=ORIENTED_EDGE('',*,*,#7526,.T.);
#10219=ORIENTED_EDGE('',*,*,#6399,.F.);
#10220=ORIENTED_EDGE('',*,*,#7527,.F.);
#10221=ORIENTED_EDGE('',*,*,#7117,.T.);
#10222=ORIENTED_EDGE('',*,*,#7527,.T.);
#10223=ORIENTED_EDGE('',*,*,#6398,.F.);
#10224=ORIENTED_EDGE('',*,*,#7528,.F.);
#10225=ORIENTED_EDGE('',*,*,#7118,.T.);
#10226=ORIENTED_EDGE('',*,*,#7528,.T.);
#10227=ORIENTED_EDGE('',*,*,#6397,.F.);
#10228=ORIENTED_EDGE('',*,*,#7529,.F.);
#10229=ORIENTED_EDGE('',*,*,#7119,.T.);
#10230=ORIENTED_EDGE('',*,*,#7529,.T.);
#10231=ORIENTED_EDGE('',*,*,#6396,.F.);
#10232=ORIENTED_EDGE('',*,*,#7530,.F.);
#10233=ORIENTED_EDGE('',*,*,#7120,.T.);
#10234=ORIENTED_EDGE('',*,*,#7530,.T.);
#10235=ORIENTED_EDGE('',*,*,#6395,.F.);
#10236=ORIENTED_EDGE('',*,*,#7531,.F.);
#10237=ORIENTED_EDGE('',*,*,#7113,.T.);
#10238=ORIENTED_EDGE('',*,*,#7531,.T.);
#10239=ORIENTED_EDGE('',*,*,#6394,.F.);
#10240=ORIENTED_EDGE('',*,*,#7524,.F.);
#10241=ORIENTED_EDGE('',*,*,#7106,.T.);
#10242=ORIENTED_EDGE('',*,*,#7532,.T.);
#10243=ORIENTED_EDGE('',*,*,#6409,.F.);
#10244=ORIENTED_EDGE('',*,*,#7533,.F.);
#10245=ORIENTED_EDGE('',*,*,#7107,.T.);
#10246=ORIENTED_EDGE('',*,*,#7533,.T.);
#10247=ORIENTED_EDGE('',*,*,#6408,.F.);
#10248=ORIENTED_EDGE('',*,*,#7534,.F.);
#10249=ORIENTED_EDGE('',*,*,#7108,.T.);
#10250=ORIENTED_EDGE('',*,*,#7534,.T.);
#10251=ORIENTED_EDGE('',*,*,#6407,.F.);
#10252=ORIENTED_EDGE('',*,*,#7535,.F.);
#10253=ORIENTED_EDGE('',*,*,#7109,.T.);
#10254=ORIENTED_EDGE('',*,*,#7535,.T.);
#10255=ORIENTED_EDGE('',*,*,#6406,.F.);
#10256=ORIENTED_EDGE('',*,*,#7536,.F.);
#10257=ORIENTED_EDGE('',*,*,#7110,.T.);
#10258=ORIENTED_EDGE('',*,*,#7536,.T.);
#10259=ORIENTED_EDGE('',*,*,#6405,.F.);
#10260=ORIENTED_EDGE('',*,*,#7537,.F.);
#10261=ORIENTED_EDGE('',*,*,#7111,.T.);
#10262=ORIENTED_EDGE('',*,*,#7537,.T.);
#10263=ORIENTED_EDGE('',*,*,#6404,.F.);
#10264=ORIENTED_EDGE('',*,*,#7538,.F.);
#10265=ORIENTED_EDGE('',*,*,#7112,.T.);
#10266=ORIENTED_EDGE('',*,*,#7538,.T.);
#10267=ORIENTED_EDGE('',*,*,#6403,.F.);
#10268=ORIENTED_EDGE('',*,*,#7539,.F.);
#10269=ORIENTED_EDGE('',*,*,#7105,.T.);
#10270=ORIENTED_EDGE('',*,*,#7539,.T.);
#10271=ORIENTED_EDGE('',*,*,#6402,.F.);
#10272=ORIENTED_EDGE('',*,*,#7532,.F.);
#10273=ORIENTED_EDGE('',*,*,#7098,.T.);
#10274=ORIENTED_EDGE('',*,*,#7540,.T.);
#10275=ORIENTED_EDGE('',*,*,#6417,.F.);
#10276=ORIENTED_EDGE('',*,*,#7541,.F.);
#10277=ORIENTED_EDGE('',*,*,#7099,.T.);
#10278=ORIENTED_EDGE('',*,*,#7541,.T.);
#10279=ORIENTED_EDGE('',*,*,#6416,.F.);
#10280=ORIENTED_EDGE('',*,*,#7542,.F.);
#10281=ORIENTED_EDGE('',*,*,#7100,.T.);
#10282=ORIENTED_EDGE('',*,*,#7542,.T.);
#10283=ORIENTED_EDGE('',*,*,#6415,.F.);
#10284=ORIENTED_EDGE('',*,*,#7543,.F.);
#10285=ORIENTED_EDGE('',*,*,#7101,.T.);
#10286=ORIENTED_EDGE('',*,*,#7543,.T.);
#10287=ORIENTED_EDGE('',*,*,#6414,.F.);
#10288=ORIENTED_EDGE('',*,*,#7544,.F.);
#10289=ORIENTED_EDGE('',*,*,#7102,.T.);
#10290=ORIENTED_EDGE('',*,*,#7544,.T.);
#10291=ORIENTED_EDGE('',*,*,#6413,.F.);
#10292=ORIENTED_EDGE('',*,*,#7545,.F.);
#10293=ORIENTED_EDGE('',*,*,#7103,.T.);
#10294=ORIENTED_EDGE('',*,*,#7545,.T.);
#10295=ORIENTED_EDGE('',*,*,#6412,.F.);
#10296=ORIENTED_EDGE('',*,*,#7546,.F.);
#10297=ORIENTED_EDGE('',*,*,#7104,.T.);
#10298=ORIENTED_EDGE('',*,*,#7546,.T.);
#10299=ORIENTED_EDGE('',*,*,#6411,.F.);
#10300=ORIENTED_EDGE('',*,*,#7547,.F.);
#10301=ORIENTED_EDGE('',*,*,#7097,.T.);
#10302=ORIENTED_EDGE('',*,*,#7547,.T.);
#10303=ORIENTED_EDGE('',*,*,#6410,.F.);
#10304=ORIENTED_EDGE('',*,*,#7540,.F.);
#10305=ORIENTED_EDGE('',*,*,#7090,.T.);
#10306=ORIENTED_EDGE('',*,*,#7548,.T.);
#10307=ORIENTED_EDGE('',*,*,#6425,.F.);
#10308=ORIENTED_EDGE('',*,*,#7549,.F.);
#10309=ORIENTED_EDGE('',*,*,#7091,.T.);
#10310=ORIENTED_EDGE('',*,*,#7549,.T.);
#10311=ORIENTED_EDGE('',*,*,#6424,.F.);
#10312=ORIENTED_EDGE('',*,*,#7550,.F.);
#10313=ORIENTED_EDGE('',*,*,#7092,.T.);
#10314=ORIENTED_EDGE('',*,*,#7550,.T.);
#10315=ORIENTED_EDGE('',*,*,#6423,.F.);
#10316=ORIENTED_EDGE('',*,*,#7551,.F.);
#10317=ORIENTED_EDGE('',*,*,#7093,.T.);
#10318=ORIENTED_EDGE('',*,*,#7551,.T.);
#10319=ORIENTED_EDGE('',*,*,#6422,.F.);
#10320=ORIENTED_EDGE('',*,*,#7552,.F.);
#10321=ORIENTED_EDGE('',*,*,#7094,.T.);
#10322=ORIENTED_EDGE('',*,*,#7552,.T.);
#10323=ORIENTED_EDGE('',*,*,#6421,.F.);
#10324=ORIENTED_EDGE('',*,*,#7553,.F.);
#10325=ORIENTED_EDGE('',*,*,#7095,.T.);
#10326=ORIENTED_EDGE('',*,*,#7553,.T.);
#10327=ORIENTED_EDGE('',*,*,#6420,.F.);
#10328=ORIENTED_EDGE('',*,*,#7554,.F.);
#10329=ORIENTED_EDGE('',*,*,#7096,.T.);
#10330=ORIENTED_EDGE('',*,*,#7554,.T.);
#10331=ORIENTED_EDGE('',*,*,#6419,.F.);
#10332=ORIENTED_EDGE('',*,*,#7555,.F.);
#10333=ORIENTED_EDGE('',*,*,#7089,.T.);
#10334=ORIENTED_EDGE('',*,*,#7555,.T.);
#10335=ORIENTED_EDGE('',*,*,#6418,.F.);
#10336=ORIENTED_EDGE('',*,*,#7548,.F.);
#10337=ORIENTED_EDGE('',*,*,#7082,.T.);
#10338=ORIENTED_EDGE('',*,*,#7556,.T.);
#10339=ORIENTED_EDGE('',*,*,#6433,.F.);
#10340=ORIENTED_EDGE('',*,*,#7557,.F.);
#10341=ORIENTED_EDGE('',*,*,#7083,.T.);
#10342=ORIENTED_EDGE('',*,*,#7557,.T.);
#10343=ORIENTED_EDGE('',*,*,#6432,.F.);
#10344=ORIENTED_EDGE('',*,*,#7558,.F.);
#10345=ORIENTED_EDGE('',*,*,#7084,.T.);
#10346=ORIENTED_EDGE('',*,*,#7558,.T.);
#10347=ORIENTED_EDGE('',*,*,#6431,.F.);
#10348=ORIENTED_EDGE('',*,*,#7559,.F.);
#10349=ORIENTED_EDGE('',*,*,#7085,.T.);
#10350=ORIENTED_EDGE('',*,*,#7559,.T.);
#10351=ORIENTED_EDGE('',*,*,#6430,.F.);
#10352=ORIENTED_EDGE('',*,*,#7560,.F.);
#10353=ORIENTED_EDGE('',*,*,#7086,.T.);
#10354=ORIENTED_EDGE('',*,*,#7560,.T.);
#10355=ORIENTED_EDGE('',*,*,#6429,.F.);
#10356=ORIENTED_EDGE('',*,*,#7561,.F.);
#10357=ORIENTED_EDGE('',*,*,#7087,.T.);
#10358=ORIENTED_EDGE('',*,*,#7561,.T.);
#10359=ORIENTED_EDGE('',*,*,#6428,.F.);
#10360=ORIENTED_EDGE('',*,*,#7562,.F.);
#10361=ORIENTED_EDGE('',*,*,#7088,.T.);
#10362=ORIENTED_EDGE('',*,*,#7562,.T.);
#10363=ORIENTED_EDGE('',*,*,#6427,.F.);
#10364=ORIENTED_EDGE('',*,*,#7563,.F.);
#10365=ORIENTED_EDGE('',*,*,#7081,.T.);
#10366=ORIENTED_EDGE('',*,*,#7563,.T.);
#10367=ORIENTED_EDGE('',*,*,#6426,.F.);
#10368=ORIENTED_EDGE('',*,*,#7556,.F.);
#10369=ORIENTED_EDGE('',*,*,#7074,.T.);
#10370=ORIENTED_EDGE('',*,*,#7564,.T.);
#10371=ORIENTED_EDGE('',*,*,#6441,.F.);
#10372=ORIENTED_EDGE('',*,*,#7565,.F.);
#10373=ORIENTED_EDGE('',*,*,#7075,.T.);
#10374=ORIENTED_EDGE('',*,*,#7565,.T.);
#10375=ORIENTED_EDGE('',*,*,#6440,.F.);
#10376=ORIENTED_EDGE('',*,*,#7566,.F.);
#10377=ORIENTED_EDGE('',*,*,#7076,.T.);
#10378=ORIENTED_EDGE('',*,*,#7566,.T.);
#10379=ORIENTED_EDGE('',*,*,#6439,.F.);
#10380=ORIENTED_EDGE('',*,*,#7567,.F.);
#10381=ORIENTED_EDGE('',*,*,#7077,.T.);
#10382=ORIENTED_EDGE('',*,*,#7567,.T.);
#10383=ORIENTED_EDGE('',*,*,#6438,.F.);
#10384=ORIENTED_EDGE('',*,*,#7568,.F.);
#10385=ORIENTED_EDGE('',*,*,#7078,.T.);
#10386=ORIENTED_EDGE('',*,*,#7568,.T.);
#10387=ORIENTED_EDGE('',*,*,#6437,.F.);
#10388=ORIENTED_EDGE('',*,*,#7569,.F.);
#10389=ORIENTED_EDGE('',*,*,#7079,.T.);
#10390=ORIENTED_EDGE('',*,*,#7569,.T.);
#10391=ORIENTED_EDGE('',*,*,#6436,.F.);
#10392=ORIENTED_EDGE('',*,*,#7570,.F.);
#10393=ORIENTED_EDGE('',*,*,#7080,.T.);
#10394=ORIENTED_EDGE('',*,*,#7570,.T.);
#10395=ORIENTED_EDGE('',*,*,#6435,.F.);
#10396=ORIENTED_EDGE('',*,*,#7571,.F.);
#10397=ORIENTED_EDGE('',*,*,#7073,.T.);
#10398=ORIENTED_EDGE('',*,*,#7571,.T.);
#10399=ORIENTED_EDGE('',*,*,#6434,.F.);
#10400=ORIENTED_EDGE('',*,*,#7564,.F.);
#10401=ORIENTED_EDGE('',*,*,#7066,.T.);
#10402=ORIENTED_EDGE('',*,*,#7572,.T.);
#10403=ORIENTED_EDGE('',*,*,#6449,.F.);
#10404=ORIENTED_EDGE('',*,*,#7573,.F.);
#10405=ORIENTED_EDGE('',*,*,#7067,.T.);
#10406=ORIENTED_EDGE('',*,*,#7573,.T.);
#10407=ORIENTED_EDGE('',*,*,#6448,.F.);
#10408=ORIENTED_EDGE('',*,*,#7574,.F.);
#10409=ORIENTED_EDGE('',*,*,#7068,.T.);
#10410=ORIENTED_EDGE('',*,*,#7574,.T.);
#10411=ORIENTED_EDGE('',*,*,#6447,.F.);
#10412=ORIENTED_EDGE('',*,*,#7575,.F.);
#10413=ORIENTED_EDGE('',*,*,#7069,.T.);
#10414=ORIENTED_EDGE('',*,*,#7575,.T.);
#10415=ORIENTED_EDGE('',*,*,#6446,.F.);
#10416=ORIENTED_EDGE('',*,*,#7576,.F.);
#10417=ORIENTED_EDGE('',*,*,#7070,.T.);
#10418=ORIENTED_EDGE('',*,*,#7576,.T.);
#10419=ORIENTED_EDGE('',*,*,#6445,.F.);
#10420=ORIENTED_EDGE('',*,*,#7577,.F.);
#10421=ORIENTED_EDGE('',*,*,#7071,.T.);
#10422=ORIENTED_EDGE('',*,*,#7577,.T.);
#10423=ORIENTED_EDGE('',*,*,#6444,.F.);
#10424=ORIENTED_EDGE('',*,*,#7578,.F.);
#10425=ORIENTED_EDGE('',*,*,#7072,.T.);
#10426=ORIENTED_EDGE('',*,*,#7578,.T.);
#10427=ORIENTED_EDGE('',*,*,#6443,.F.);
#10428=ORIENTED_EDGE('',*,*,#7579,.F.);
#10429=ORIENTED_EDGE('',*,*,#7065,.T.);
#10430=ORIENTED_EDGE('',*,*,#7579,.T.);
#10431=ORIENTED_EDGE('',*,*,#6442,.F.);
#10432=ORIENTED_EDGE('',*,*,#7572,.F.);
#10433=ORIENTED_EDGE('',*,*,#7058,.T.);
#10434=ORIENTED_EDGE('',*,*,#7580,.T.);
#10435=ORIENTED_EDGE('',*,*,#6457,.F.);
#10436=ORIENTED_EDGE('',*,*,#7581,.F.);
#10437=ORIENTED_EDGE('',*,*,#7059,.T.);
#10438=ORIENTED_EDGE('',*,*,#7581,.T.);
#10439=ORIENTED_EDGE('',*,*,#6456,.F.);
#10440=ORIENTED_EDGE('',*,*,#7582,.F.);
#10441=ORIENTED_EDGE('',*,*,#7060,.T.);
#10442=ORIENTED_EDGE('',*,*,#7582,.T.);
#10443=ORIENTED_EDGE('',*,*,#6455,.F.);
#10444=ORIENTED_EDGE('',*,*,#7583,.F.);
#10445=ORIENTED_EDGE('',*,*,#7061,.T.);
#10446=ORIENTED_EDGE('',*,*,#7583,.T.);
#10447=ORIENTED_EDGE('',*,*,#6454,.F.);
#10448=ORIENTED_EDGE('',*,*,#7584,.F.);
#10449=ORIENTED_EDGE('',*,*,#7062,.T.);
#10450=ORIENTED_EDGE('',*,*,#7584,.T.);
#10451=ORIENTED_EDGE('',*,*,#6453,.F.);
#10452=ORIENTED_EDGE('',*,*,#7585,.F.);
#10453=ORIENTED_EDGE('',*,*,#7063,.T.);
#10454=ORIENTED_EDGE('',*,*,#7585,.T.);
#10455=ORIENTED_EDGE('',*,*,#6452,.F.);
#10456=ORIENTED_EDGE('',*,*,#7586,.F.);
#10457=ORIENTED_EDGE('',*,*,#7064,.T.);
#10458=ORIENTED_EDGE('',*,*,#7586,.T.);
#10459=ORIENTED_EDGE('',*,*,#6451,.F.);
#10460=ORIENTED_EDGE('',*,*,#7587,.F.);
#10461=ORIENTED_EDGE('',*,*,#7057,.T.);
#10462=ORIENTED_EDGE('',*,*,#7587,.T.);
#10463=ORIENTED_EDGE('',*,*,#6450,.F.);
#10464=ORIENTED_EDGE('',*,*,#7580,.F.);
#10465=ORIENTED_EDGE('',*,*,#7050,.T.);
#10466=ORIENTED_EDGE('',*,*,#7588,.T.);
#10467=ORIENTED_EDGE('',*,*,#6465,.F.);
#10468=ORIENTED_EDGE('',*,*,#7589,.F.);
#10469=ORIENTED_EDGE('',*,*,#7051,.T.);
#10470=ORIENTED_EDGE('',*,*,#7589,.T.);
#10471=ORIENTED_EDGE('',*,*,#6464,.F.);
#10472=ORIENTED_EDGE('',*,*,#7590,.F.);
#10473=ORIENTED_EDGE('',*,*,#7052,.T.);
#10474=ORIENTED_EDGE('',*,*,#7590,.T.);
#10475=ORIENTED_EDGE('',*,*,#6463,.F.);
#10476=ORIENTED_EDGE('',*,*,#7591,.F.);
#10477=ORIENTED_EDGE('',*,*,#7053,.T.);
#10478=ORIENTED_EDGE('',*,*,#7591,.T.);
#10479=ORIENTED_EDGE('',*,*,#6462,.F.);
#10480=ORIENTED_EDGE('',*,*,#7592,.F.);
#10481=ORIENTED_EDGE('',*,*,#7054,.T.);
#10482=ORIENTED_EDGE('',*,*,#7592,.T.);
#10483=ORIENTED_EDGE('',*,*,#6461,.F.);
#10484=ORIENTED_EDGE('',*,*,#7593,.F.);
#10485=ORIENTED_EDGE('',*,*,#7055,.T.);
#10486=ORIENTED_EDGE('',*,*,#7593,.T.);
#10487=ORIENTED_EDGE('',*,*,#6460,.F.);
#10488=ORIENTED_EDGE('',*,*,#7594,.F.);
#10489=ORIENTED_EDGE('',*,*,#7056,.T.);
#10490=ORIENTED_EDGE('',*,*,#7594,.T.);
#10491=ORIENTED_EDGE('',*,*,#6459,.F.);
#10492=ORIENTED_EDGE('',*,*,#7595,.F.);
#10493=ORIENTED_EDGE('',*,*,#7049,.T.);
#10494=ORIENTED_EDGE('',*,*,#7595,.T.);
#10495=ORIENTED_EDGE('',*,*,#6458,.F.);
#10496=ORIENTED_EDGE('',*,*,#7588,.F.);
#10497=ORIENTED_EDGE('',*,*,#7042,.T.);
#10498=ORIENTED_EDGE('',*,*,#7596,.T.);
#10499=ORIENTED_EDGE('',*,*,#6473,.F.);
#10500=ORIENTED_EDGE('',*,*,#7597,.F.);
#10501=ORIENTED_EDGE('',*,*,#7043,.T.);
#10502=ORIENTED_EDGE('',*,*,#7597,.T.);
#10503=ORIENTED_EDGE('',*,*,#6472,.F.);
#10504=ORIENTED_EDGE('',*,*,#7598,.F.);
#10505=ORIENTED_EDGE('',*,*,#7044,.T.);
#10506=ORIENTED_EDGE('',*,*,#7598,.T.);
#10507=ORIENTED_EDGE('',*,*,#6471,.F.);
#10508=ORIENTED_EDGE('',*,*,#7599,.F.);
#10509=ORIENTED_EDGE('',*,*,#7045,.T.);
#10510=ORIENTED_EDGE('',*,*,#7599,.T.);
#10511=ORIENTED_EDGE('',*,*,#6470,.F.);
#10512=ORIENTED_EDGE('',*,*,#7600,.F.);
#10513=ORIENTED_EDGE('',*,*,#7046,.T.);
#10514=ORIENTED_EDGE('',*,*,#7600,.T.);
#10515=ORIENTED_EDGE('',*,*,#6469,.F.);
#10516=ORIENTED_EDGE('',*,*,#7601,.F.);
#10517=ORIENTED_EDGE('',*,*,#7047,.T.);
#10518=ORIENTED_EDGE('',*,*,#7601,.T.);
#10519=ORIENTED_EDGE('',*,*,#6468,.F.);
#10520=ORIENTED_EDGE('',*,*,#7602,.F.);
#10521=ORIENTED_EDGE('',*,*,#7048,.T.);
#10522=ORIENTED_EDGE('',*,*,#7602,.T.);
#10523=ORIENTED_EDGE('',*,*,#6467,.F.);
#10524=ORIENTED_EDGE('',*,*,#7603,.F.);
#10525=ORIENTED_EDGE('',*,*,#7041,.T.);
#10526=ORIENTED_EDGE('',*,*,#7603,.T.);
#10527=ORIENTED_EDGE('',*,*,#6466,.F.);
#10528=ORIENTED_EDGE('',*,*,#7596,.F.);
#10529=ORIENTED_EDGE('',*,*,#7034,.T.);
#10530=ORIENTED_EDGE('',*,*,#7604,.T.);
#10531=ORIENTED_EDGE('',*,*,#6481,.F.);
#10532=ORIENTED_EDGE('',*,*,#7605,.F.);
#10533=ORIENTED_EDGE('',*,*,#7035,.T.);
#10534=ORIENTED_EDGE('',*,*,#7605,.T.);
#10535=ORIENTED_EDGE('',*,*,#6480,.F.);
#10536=ORIENTED_EDGE('',*,*,#7606,.F.);
#10537=ORIENTED_EDGE('',*,*,#7036,.T.);
#10538=ORIENTED_EDGE('',*,*,#7606,.T.);
#10539=ORIENTED_EDGE('',*,*,#6479,.F.);
#10540=ORIENTED_EDGE('',*,*,#7607,.F.);
#10541=ORIENTED_EDGE('',*,*,#7037,.T.);
#10542=ORIENTED_EDGE('',*,*,#7607,.T.);
#10543=ORIENTED_EDGE('',*,*,#6478,.F.);
#10544=ORIENTED_EDGE('',*,*,#7608,.F.);
#10545=ORIENTED_EDGE('',*,*,#7038,.T.);
#10546=ORIENTED_EDGE('',*,*,#7608,.T.);
#10547=ORIENTED_EDGE('',*,*,#6477,.F.);
#10548=ORIENTED_EDGE('',*,*,#7609,.F.);
#10549=ORIENTED_EDGE('',*,*,#7039,.T.);
#10550=ORIENTED_EDGE('',*,*,#7609,.T.);
#10551=ORIENTED_EDGE('',*,*,#6476,.F.);
#10552=ORIENTED_EDGE('',*,*,#7610,.F.);
#10553=ORIENTED_EDGE('',*,*,#7040,.T.);
#10554=ORIENTED_EDGE('',*,*,#7610,.T.);
#10555=ORIENTED_EDGE('',*,*,#6475,.F.);
#10556=ORIENTED_EDGE('',*,*,#7611,.F.);
#10557=ORIENTED_EDGE('',*,*,#7033,.T.);
#10558=ORIENTED_EDGE('',*,*,#7611,.T.);
#10559=ORIENTED_EDGE('',*,*,#6474,.F.);
#10560=ORIENTED_EDGE('',*,*,#7604,.F.);
#10561=ORIENTED_EDGE('',*,*,#7026,.T.);
#10562=ORIENTED_EDGE('',*,*,#7612,.T.);
#10563=ORIENTED_EDGE('',*,*,#6489,.F.);
#10564=ORIENTED_EDGE('',*,*,#7613,.F.);
#10565=ORIENTED_EDGE('',*,*,#7027,.T.);
#10566=ORIENTED_EDGE('',*,*,#7613,.T.);
#10567=ORIENTED_EDGE('',*,*,#6488,.F.);
#10568=ORIENTED_EDGE('',*,*,#7614,.F.);
#10569=ORIENTED_EDGE('',*,*,#7028,.T.);
#10570=ORIENTED_EDGE('',*,*,#7614,.T.);
#10571=ORIENTED_EDGE('',*,*,#6487,.F.);
#10572=ORIENTED_EDGE('',*,*,#7615,.F.);
#10573=ORIENTED_EDGE('',*,*,#7029,.T.);
#10574=ORIENTED_EDGE('',*,*,#7615,.T.);
#10575=ORIENTED_EDGE('',*,*,#6486,.F.);
#10576=ORIENTED_EDGE('',*,*,#7616,.F.);
#10577=ORIENTED_EDGE('',*,*,#7030,.T.);
#10578=ORIENTED_EDGE('',*,*,#7616,.T.);
#10579=ORIENTED_EDGE('',*,*,#6485,.F.);
#10580=ORIENTED_EDGE('',*,*,#7617,.F.);
#10581=ORIENTED_EDGE('',*,*,#7031,.T.);
#10582=ORIENTED_EDGE('',*,*,#7617,.T.);
#10583=ORIENTED_EDGE('',*,*,#6484,.F.);
#10584=ORIENTED_EDGE('',*,*,#7618,.F.);
#10585=ORIENTED_EDGE('',*,*,#7032,.T.);
#10586=ORIENTED_EDGE('',*,*,#7618,.T.);
#10587=ORIENTED_EDGE('',*,*,#6483,.F.);
#10588=ORIENTED_EDGE('',*,*,#7619,.F.);
#10589=ORIENTED_EDGE('',*,*,#7025,.T.);
#10590=ORIENTED_EDGE('',*,*,#7619,.T.);
#10591=ORIENTED_EDGE('',*,*,#6482,.F.);
#10592=ORIENTED_EDGE('',*,*,#7612,.F.);
#10593=ORIENTED_EDGE('',*,*,#7018,.T.);
#10594=ORIENTED_EDGE('',*,*,#7620,.T.);
#10595=ORIENTED_EDGE('',*,*,#6497,.F.);
#10596=ORIENTED_EDGE('',*,*,#7621,.F.);
#10597=ORIENTED_EDGE('',*,*,#7019,.T.);
#10598=ORIENTED_EDGE('',*,*,#7621,.T.);
#10599=ORIENTED_EDGE('',*,*,#6496,.F.);
#10600=ORIENTED_EDGE('',*,*,#7622,.F.);
#10601=ORIENTED_EDGE('',*,*,#7020,.T.);
#10602=ORIENTED_EDGE('',*,*,#7622,.T.);
#10603=ORIENTED_EDGE('',*,*,#6495,.F.);
#10604=ORIENTED_EDGE('',*,*,#7623,.F.);
#10605=ORIENTED_EDGE('',*,*,#7021,.T.);
#10606=ORIENTED_EDGE('',*,*,#7623,.T.);
#10607=ORIENTED_EDGE('',*,*,#6494,.F.);
#10608=ORIENTED_EDGE('',*,*,#7624,.F.);
#10609=ORIENTED_EDGE('',*,*,#7022,.T.);
#10610=ORIENTED_EDGE('',*,*,#7624,.T.);
#10611=ORIENTED_EDGE('',*,*,#6493,.F.);
#10612=ORIENTED_EDGE('',*,*,#7625,.F.);
#10613=ORIENTED_EDGE('',*,*,#7023,.T.);
#10614=ORIENTED_EDGE('',*,*,#7625,.T.);
#10615=ORIENTED_EDGE('',*,*,#6492,.F.);
#10616=ORIENTED_EDGE('',*,*,#7626,.F.);
#10617=ORIENTED_EDGE('',*,*,#7024,.T.);
#10618=ORIENTED_EDGE('',*,*,#7626,.T.);
#10619=ORIENTED_EDGE('',*,*,#6491,.F.);
#10620=ORIENTED_EDGE('',*,*,#7627,.F.);
#10621=ORIENTED_EDGE('',*,*,#7017,.T.);
#10622=ORIENTED_EDGE('',*,*,#7627,.T.);
#10623=ORIENTED_EDGE('',*,*,#6490,.F.);
#10624=ORIENTED_EDGE('',*,*,#7620,.F.);
#10625=ORIENTED_EDGE('',*,*,#7010,.T.);
#10626=ORIENTED_EDGE('',*,*,#7628,.T.);
#10627=ORIENTED_EDGE('',*,*,#6505,.F.);
#10628=ORIENTED_EDGE('',*,*,#7629,.F.);
#10629=ORIENTED_EDGE('',*,*,#7011,.T.);
#10630=ORIENTED_EDGE('',*,*,#7629,.T.);
#10631=ORIENTED_EDGE('',*,*,#6504,.F.);
#10632=ORIENTED_EDGE('',*,*,#7630,.F.);
#10633=ORIENTED_EDGE('',*,*,#7012,.T.);
#10634=ORIENTED_EDGE('',*,*,#7630,.T.);
#10635=ORIENTED_EDGE('',*,*,#6503,.F.);
#10636=ORIENTED_EDGE('',*,*,#7631,.F.);
#10637=ORIENTED_EDGE('',*,*,#7013,.T.);
#10638=ORIENTED_EDGE('',*,*,#7631,.T.);
#10639=ORIENTED_EDGE('',*,*,#6502,.F.);
#10640=ORIENTED_EDGE('',*,*,#7632,.F.);
#10641=ORIENTED_EDGE('',*,*,#7014,.T.);
#10642=ORIENTED_EDGE('',*,*,#7632,.T.);
#10643=ORIENTED_EDGE('',*,*,#6501,.F.);
#10644=ORIENTED_EDGE('',*,*,#7633,.F.);
#10645=ORIENTED_EDGE('',*,*,#7015,.T.);
#10646=ORIENTED_EDGE('',*,*,#7633,.T.);
#10647=ORIENTED_EDGE('',*,*,#6500,.F.);
#10648=ORIENTED_EDGE('',*,*,#7634,.F.);
#10649=ORIENTED_EDGE('',*,*,#7016,.T.);
#10650=ORIENTED_EDGE('',*,*,#7634,.T.);
#10651=ORIENTED_EDGE('',*,*,#6499,.F.);
#10652=ORIENTED_EDGE('',*,*,#7635,.F.);
#10653=ORIENTED_EDGE('',*,*,#7009,.T.);
#10654=ORIENTED_EDGE('',*,*,#7635,.T.);
#10655=ORIENTED_EDGE('',*,*,#6498,.F.);
#10656=ORIENTED_EDGE('',*,*,#7628,.F.);
#10657=ORIENTED_EDGE('',*,*,#7002,.T.);
#10658=ORIENTED_EDGE('',*,*,#7636,.T.);
#10659=ORIENTED_EDGE('',*,*,#6513,.F.);
#10660=ORIENTED_EDGE('',*,*,#7637,.F.);
#10661=ORIENTED_EDGE('',*,*,#7003,.T.);
#10662=ORIENTED_EDGE('',*,*,#7637,.T.);
#10663=ORIENTED_EDGE('',*,*,#6512,.F.);
#10664=ORIENTED_EDGE('',*,*,#7638,.F.);
#10665=ORIENTED_EDGE('',*,*,#7004,.T.);
#10666=ORIENTED_EDGE('',*,*,#7638,.T.);
#10667=ORIENTED_EDGE('',*,*,#6511,.F.);
#10668=ORIENTED_EDGE('',*,*,#7639,.F.);
#10669=ORIENTED_EDGE('',*,*,#7005,.T.);
#10670=ORIENTED_EDGE('',*,*,#7639,.T.);
#10671=ORIENTED_EDGE('',*,*,#6510,.F.);
#10672=ORIENTED_EDGE('',*,*,#7640,.F.);
#10673=ORIENTED_EDGE('',*,*,#7006,.T.);
#10674=ORIENTED_EDGE('',*,*,#7640,.T.);
#10675=ORIENTED_EDGE('',*,*,#6509,.F.);
#10676=ORIENTED_EDGE('',*,*,#7641,.F.);
#10677=ORIENTED_EDGE('',*,*,#7007,.T.);
#10678=ORIENTED_EDGE('',*,*,#7641,.T.);
#10679=ORIENTED_EDGE('',*,*,#6508,.F.);
#10680=ORIENTED_EDGE('',*,*,#7642,.F.);
#10681=ORIENTED_EDGE('',*,*,#7008,.T.);
#10682=ORIENTED_EDGE('',*,*,#7642,.T.);
#10683=ORIENTED_EDGE('',*,*,#6507,.F.);
#10684=ORIENTED_EDGE('',*,*,#7643,.F.);
#10685=ORIENTED_EDGE('',*,*,#7001,.T.);
#10686=ORIENTED_EDGE('',*,*,#7643,.T.);
#10687=ORIENTED_EDGE('',*,*,#6506,.F.);
#10688=ORIENTED_EDGE('',*,*,#7636,.F.);
#10689=ORIENTED_EDGE('',*,*,#6994,.T.);
#10690=ORIENTED_EDGE('',*,*,#7644,.T.);
#10691=ORIENTED_EDGE('',*,*,#6521,.F.);
#10692=ORIENTED_EDGE('',*,*,#7645,.F.);
#10693=ORIENTED_EDGE('',*,*,#6995,.T.);
#10694=ORIENTED_EDGE('',*,*,#7645,.T.);
#10695=ORIENTED_EDGE('',*,*,#6520,.F.);
#10696=ORIENTED_EDGE('',*,*,#7646,.F.);
#10697=ORIENTED_EDGE('',*,*,#6996,.T.);
#10698=ORIENTED_EDGE('',*,*,#7646,.T.);
#10699=ORIENTED_EDGE('',*,*,#6519,.F.);
#10700=ORIENTED_EDGE('',*,*,#7647,.F.);
#10701=ORIENTED_EDGE('',*,*,#6997,.T.);
#10702=ORIENTED_EDGE('',*,*,#7647,.T.);
#10703=ORIENTED_EDGE('',*,*,#6518,.F.);
#10704=ORIENTED_EDGE('',*,*,#7648,.F.);
#10705=ORIENTED_EDGE('',*,*,#6998,.T.);
#10706=ORIENTED_EDGE('',*,*,#7648,.T.);
#10707=ORIENTED_EDGE('',*,*,#6517,.F.);
#10708=ORIENTED_EDGE('',*,*,#7649,.F.);
#10709=ORIENTED_EDGE('',*,*,#6999,.T.);
#10710=ORIENTED_EDGE('',*,*,#7649,.T.);
#10711=ORIENTED_EDGE('',*,*,#6516,.F.);
#10712=ORIENTED_EDGE('',*,*,#7650,.F.);
#10713=ORIENTED_EDGE('',*,*,#7000,.T.);
#10714=ORIENTED_EDGE('',*,*,#7650,.T.);
#10715=ORIENTED_EDGE('',*,*,#6515,.F.);
#10716=ORIENTED_EDGE('',*,*,#7651,.F.);
#10717=ORIENTED_EDGE('',*,*,#6993,.T.);
#10718=ORIENTED_EDGE('',*,*,#7651,.T.);
#10719=ORIENTED_EDGE('',*,*,#6514,.F.);
#10720=ORIENTED_EDGE('',*,*,#7644,.F.);
#10721=ORIENTED_EDGE('',*,*,#6986,.T.);
#10722=ORIENTED_EDGE('',*,*,#7652,.T.);
#10723=ORIENTED_EDGE('',*,*,#6529,.F.);
#10724=ORIENTED_EDGE('',*,*,#7653,.F.);
#10725=ORIENTED_EDGE('',*,*,#6987,.T.);
#10726=ORIENTED_EDGE('',*,*,#7653,.T.);
#10727=ORIENTED_EDGE('',*,*,#6528,.F.);
#10728=ORIENTED_EDGE('',*,*,#7654,.F.);
#10729=ORIENTED_EDGE('',*,*,#6988,.T.);
#10730=ORIENTED_EDGE('',*,*,#7654,.T.);
#10731=ORIENTED_EDGE('',*,*,#6527,.F.);
#10732=ORIENTED_EDGE('',*,*,#7655,.F.);
#10733=ORIENTED_EDGE('',*,*,#6989,.T.);
#10734=ORIENTED_EDGE('',*,*,#7655,.T.);
#10735=ORIENTED_EDGE('',*,*,#6526,.F.);
#10736=ORIENTED_EDGE('',*,*,#7656,.F.);
#10737=ORIENTED_EDGE('',*,*,#6990,.T.);
#10738=ORIENTED_EDGE('',*,*,#7656,.T.);
#10739=ORIENTED_EDGE('',*,*,#6525,.F.);
#10740=ORIENTED_EDGE('',*,*,#7657,.F.);
#10741=ORIENTED_EDGE('',*,*,#6991,.T.);
#10742=ORIENTED_EDGE('',*,*,#7657,.T.);
#10743=ORIENTED_EDGE('',*,*,#6524,.F.);
#10744=ORIENTED_EDGE('',*,*,#7658,.F.);
#10745=ORIENTED_EDGE('',*,*,#6992,.T.);
#10746=ORIENTED_EDGE('',*,*,#7658,.T.);
#10747=ORIENTED_EDGE('',*,*,#6523,.F.);
#10748=ORIENTED_EDGE('',*,*,#7659,.F.);
#10749=ORIENTED_EDGE('',*,*,#6985,.T.);
#10750=ORIENTED_EDGE('',*,*,#7659,.T.);
#10751=ORIENTED_EDGE('',*,*,#6522,.F.);
#10752=ORIENTED_EDGE('',*,*,#7652,.F.);
#10753=ORIENTED_EDGE('',*,*,#6978,.T.);
#10754=ORIENTED_EDGE('',*,*,#7660,.T.);
#10755=ORIENTED_EDGE('',*,*,#6537,.F.);
#10756=ORIENTED_EDGE('',*,*,#7661,.F.);
#10757=ORIENTED_EDGE('',*,*,#6979,.T.);
#10758=ORIENTED_EDGE('',*,*,#7661,.T.);
#10759=ORIENTED_EDGE('',*,*,#6536,.F.);
#10760=ORIENTED_EDGE('',*,*,#7662,.F.);
#10761=ORIENTED_EDGE('',*,*,#6980,.T.);
#10762=ORIENTED_EDGE('',*,*,#7662,.T.);
#10763=ORIENTED_EDGE('',*,*,#6535,.F.);
#10764=ORIENTED_EDGE('',*,*,#7663,.F.);
#10765=ORIENTED_EDGE('',*,*,#6981,.T.);
#10766=ORIENTED_EDGE('',*,*,#7663,.T.);
#10767=ORIENTED_EDGE('',*,*,#6534,.F.);
#10768=ORIENTED_EDGE('',*,*,#7664,.F.);
#10769=ORIENTED_EDGE('',*,*,#6982,.T.);
#10770=ORIENTED_EDGE('',*,*,#7664,.T.);
#10771=ORIENTED_EDGE('',*,*,#6533,.F.);
#10772=ORIENTED_EDGE('',*,*,#7665,.F.);
#10773=ORIENTED_EDGE('',*,*,#6983,.T.);
#10774=ORIENTED_EDGE('',*,*,#7665,.T.);
#10775=ORIENTED_EDGE('',*,*,#6532,.F.);
#10776=ORIENTED_EDGE('',*,*,#7666,.F.);
#10777=ORIENTED_EDGE('',*,*,#6984,.T.);
#10778=ORIENTED_EDGE('',*,*,#7666,.T.);
#10779=ORIENTED_EDGE('',*,*,#6531,.F.);
#10780=ORIENTED_EDGE('',*,*,#7667,.F.);
#10781=ORIENTED_EDGE('',*,*,#6977,.T.);
#10782=ORIENTED_EDGE('',*,*,#7667,.T.);
#10783=ORIENTED_EDGE('',*,*,#6530,.F.);
#10784=ORIENTED_EDGE('',*,*,#7660,.F.);
#10785=ORIENTED_EDGE('',*,*,#6970,.T.);
#10786=ORIENTED_EDGE('',*,*,#7668,.T.);
#10787=ORIENTED_EDGE('',*,*,#6545,.F.);
#10788=ORIENTED_EDGE('',*,*,#7669,.F.);
#10789=ORIENTED_EDGE('',*,*,#6971,.T.);
#10790=ORIENTED_EDGE('',*,*,#7669,.T.);
#10791=ORIENTED_EDGE('',*,*,#6544,.F.);
#10792=ORIENTED_EDGE('',*,*,#7670,.F.);
#10793=ORIENTED_EDGE('',*,*,#6972,.T.);
#10794=ORIENTED_EDGE('',*,*,#7670,.T.);
#10795=ORIENTED_EDGE('',*,*,#6543,.F.);
#10796=ORIENTED_EDGE('',*,*,#7671,.F.);
#10797=ORIENTED_EDGE('',*,*,#6973,.T.);
#10798=ORIENTED_EDGE('',*,*,#7671,.T.);
#10799=ORIENTED_EDGE('',*,*,#6542,.F.);
#10800=ORIENTED_EDGE('',*,*,#7672,.F.);
#10801=ORIENTED_EDGE('',*,*,#6974,.T.);
#10802=ORIENTED_EDGE('',*,*,#7672,.T.);
#10803=ORIENTED_EDGE('',*,*,#6541,.F.);
#10804=ORIENTED_EDGE('',*,*,#7673,.F.);
#10805=ORIENTED_EDGE('',*,*,#6975,.T.);
#10806=ORIENTED_EDGE('',*,*,#7673,.T.);
#10807=ORIENTED_EDGE('',*,*,#6540,.F.);
#10808=ORIENTED_EDGE('',*,*,#7674,.F.);
#10809=ORIENTED_EDGE('',*,*,#6976,.T.);
#10810=ORIENTED_EDGE('',*,*,#7674,.T.);
#10811=ORIENTED_EDGE('',*,*,#6539,.F.);
#10812=ORIENTED_EDGE('',*,*,#7675,.F.);
#10813=ORIENTED_EDGE('',*,*,#6969,.T.);
#10814=ORIENTED_EDGE('',*,*,#7675,.T.);
#10815=ORIENTED_EDGE('',*,*,#6538,.F.);
#10816=ORIENTED_EDGE('',*,*,#7668,.F.);
#10817=ORIENTED_EDGE('',*,*,#6962,.T.);
#10818=ORIENTED_EDGE('',*,*,#7676,.T.);
#10819=ORIENTED_EDGE('',*,*,#6553,.F.);
#10820=ORIENTED_EDGE('',*,*,#7677,.F.);
#10821=ORIENTED_EDGE('',*,*,#6963,.T.);
#10822=ORIENTED_EDGE('',*,*,#7677,.T.);
#10823=ORIENTED_EDGE('',*,*,#6552,.F.);
#10824=ORIENTED_EDGE('',*,*,#7678,.F.);
#10825=ORIENTED_EDGE('',*,*,#6964,.T.);
#10826=ORIENTED_EDGE('',*,*,#7678,.T.);
#10827=ORIENTED_EDGE('',*,*,#6551,.F.);
#10828=ORIENTED_EDGE('',*,*,#7679,.F.);
#10829=ORIENTED_EDGE('',*,*,#6965,.T.);
#10830=ORIENTED_EDGE('',*,*,#7679,.T.);
#10831=ORIENTED_EDGE('',*,*,#6550,.F.);
#10832=ORIENTED_EDGE('',*,*,#7680,.F.);
#10833=ORIENTED_EDGE('',*,*,#6966,.T.);
#10834=ORIENTED_EDGE('',*,*,#7680,.T.);
#10835=ORIENTED_EDGE('',*,*,#6549,.F.);
#10836=ORIENTED_EDGE('',*,*,#7681,.F.);
#10837=ORIENTED_EDGE('',*,*,#6967,.T.);
#10838=ORIENTED_EDGE('',*,*,#7681,.T.);
#10839=ORIENTED_EDGE('',*,*,#6548,.F.);
#10840=ORIENTED_EDGE('',*,*,#7682,.F.);
#10841=ORIENTED_EDGE('',*,*,#6968,.T.);
#10842=ORIENTED_EDGE('',*,*,#7682,.T.);
#10843=ORIENTED_EDGE('',*,*,#6547,.F.);
#10844=ORIENTED_EDGE('',*,*,#7683,.F.);
#10845=ORIENTED_EDGE('',*,*,#6961,.T.);
#10846=ORIENTED_EDGE('',*,*,#7683,.T.);
#10847=ORIENTED_EDGE('',*,*,#6546,.F.);
#10848=ORIENTED_EDGE('',*,*,#7676,.F.);
#10849=ORIENTED_EDGE('',*,*,#6954,.T.);
#10850=ORIENTED_EDGE('',*,*,#7684,.T.);
#10851=ORIENTED_EDGE('',*,*,#6561,.F.);
#10852=ORIENTED_EDGE('',*,*,#7685,.F.);
#10853=ORIENTED_EDGE('',*,*,#6955,.T.);
#10854=ORIENTED_EDGE('',*,*,#7685,.T.);
#10855=ORIENTED_EDGE('',*,*,#6560,.F.);
#10856=ORIENTED_EDGE('',*,*,#7686,.F.);
#10857=ORIENTED_EDGE('',*,*,#6956,.T.);
#10858=ORIENTED_EDGE('',*,*,#7686,.T.);
#10859=ORIENTED_EDGE('',*,*,#6559,.F.);
#10860=ORIENTED_EDGE('',*,*,#7687,.F.);
#10861=ORIENTED_EDGE('',*,*,#6957,.T.);
#10862=ORIENTED_EDGE('',*,*,#7687,.T.);
#10863=ORIENTED_EDGE('',*,*,#6558,.F.);
#10864=ORIENTED_EDGE('',*,*,#7688,.F.);
#10865=ORIENTED_EDGE('',*,*,#6958,.T.);
#10866=ORIENTED_EDGE('',*,*,#7688,.T.);
#10867=ORIENTED_EDGE('',*,*,#6557,.F.);
#10868=ORIENTED_EDGE('',*,*,#7689,.F.);
#10869=ORIENTED_EDGE('',*,*,#6959,.T.);
#10870=ORIENTED_EDGE('',*,*,#7689,.T.);
#10871=ORIENTED_EDGE('',*,*,#6556,.F.);
#10872=ORIENTED_EDGE('',*,*,#7690,.F.);
#10873=ORIENTED_EDGE('',*,*,#6960,.T.);
#10874=ORIENTED_EDGE('',*,*,#7690,.T.);
#10875=ORIENTED_EDGE('',*,*,#6555,.F.);
#10876=ORIENTED_EDGE('',*,*,#7691,.F.);
#10877=ORIENTED_EDGE('',*,*,#6953,.T.);
#10878=ORIENTED_EDGE('',*,*,#7691,.T.);
#10879=ORIENTED_EDGE('',*,*,#6554,.F.);
#10880=ORIENTED_EDGE('',*,*,#7684,.F.);
#10881=ORIENTED_EDGE('',*,*,#6946,.T.);
#10882=ORIENTED_EDGE('',*,*,#7692,.T.);
#10883=ORIENTED_EDGE('',*,*,#6569,.F.);
#10884=ORIENTED_EDGE('',*,*,#7693,.F.);
#10885=ORIENTED_EDGE('',*,*,#6947,.T.);
#10886=ORIENTED_EDGE('',*,*,#7693,.T.);
#10887=ORIENTED_EDGE('',*,*,#6568,.F.);
#10888=ORIENTED_EDGE('',*,*,#7694,.F.);
#10889=ORIENTED_EDGE('',*,*,#6948,.T.);
#10890=ORIENTED_EDGE('',*,*,#7694,.T.);
#10891=ORIENTED_EDGE('',*,*,#6567,.F.);
#10892=ORIENTED_EDGE('',*,*,#7695,.F.);
#10893=ORIENTED_EDGE('',*,*,#6949,.T.);
#10894=ORIENTED_EDGE('',*,*,#7695,.T.);
#10895=ORIENTED_EDGE('',*,*,#6566,.F.);
#10896=ORIENTED_EDGE('',*,*,#7696,.F.);
#10897=ORIENTED_EDGE('',*,*,#6950,.T.);
#10898=ORIENTED_EDGE('',*,*,#7696,.T.);
#10899=ORIENTED_EDGE('',*,*,#6565,.F.);
#10900=ORIENTED_EDGE('',*,*,#7697,.F.);
#10901=ORIENTED_EDGE('',*,*,#6951,.T.);
#10902=ORIENTED_EDGE('',*,*,#7697,.T.);
#10903=ORIENTED_EDGE('',*,*,#6564,.F.);
#10904=ORIENTED_EDGE('',*,*,#7698,.F.);
#10905=ORIENTED_EDGE('',*,*,#6952,.T.);
#10906=ORIENTED_EDGE('',*,*,#7698,.T.);
#10907=ORIENTED_EDGE('',*,*,#6563,.F.);
#10908=ORIENTED_EDGE('',*,*,#7699,.F.);
#10909=ORIENTED_EDGE('',*,*,#6945,.T.);
#10910=ORIENTED_EDGE('',*,*,#7699,.T.);
#10911=ORIENTED_EDGE('',*,*,#6562,.F.);
#10912=ORIENTED_EDGE('',*,*,#7692,.F.);
#10913=ORIENTED_EDGE('',*,*,#6938,.T.);
#10914=ORIENTED_EDGE('',*,*,#7700,.T.);
#10915=ORIENTED_EDGE('',*,*,#6577,.F.);
#10916=ORIENTED_EDGE('',*,*,#7701,.F.);
#10917=ORIENTED_EDGE('',*,*,#6939,.T.);
#10918=ORIENTED_EDGE('',*,*,#7701,.T.);
#10919=ORIENTED_EDGE('',*,*,#6576,.F.);
#10920=ORIENTED_EDGE('',*,*,#7702,.F.);
#10921=ORIENTED_EDGE('',*,*,#6940,.T.);
#10922=ORIENTED_EDGE('',*,*,#7702,.T.);
#10923=ORIENTED_EDGE('',*,*,#6575,.F.);
#10924=ORIENTED_EDGE('',*,*,#7703,.F.);
#10925=ORIENTED_EDGE('',*,*,#6941,.T.);
#10926=ORIENTED_EDGE('',*,*,#7703,.T.);
#10927=ORIENTED_EDGE('',*,*,#6574,.F.);
#10928=ORIENTED_EDGE('',*,*,#7704,.F.);
#10929=ORIENTED_EDGE('',*,*,#6942,.T.);
#10930=ORIENTED_EDGE('',*,*,#7704,.T.);
#10931=ORIENTED_EDGE('',*,*,#6573,.F.);
#10932=ORIENTED_EDGE('',*,*,#7705,.F.);
#10933=ORIENTED_EDGE('',*,*,#6943,.T.);
#10934=ORIENTED_EDGE('',*,*,#7705,.T.);
#10935=ORIENTED_EDGE('',*,*,#6572,.F.);
#10936=ORIENTED_EDGE('',*,*,#7706,.F.);
#10937=ORIENTED_EDGE('',*,*,#6944,.T.);
#10938=ORIENTED_EDGE('',*,*,#7706,.T.);
#10939=ORIENTED_EDGE('',*,*,#6571,.F.);
#10940=ORIENTED_EDGE('',*,*,#7707,.F.);
#10941=ORIENTED_EDGE('',*,*,#6937,.T.);
#10942=ORIENTED_EDGE('',*,*,#7707,.T.);
#10943=ORIENTED_EDGE('',*,*,#6570,.F.);
#10944=ORIENTED_EDGE('',*,*,#7700,.F.);
#10945=ORIENTED_EDGE('',*,*,#6930,.T.);
#10946=ORIENTED_EDGE('',*,*,#7708,.T.);
#10947=ORIENTED_EDGE('',*,*,#6585,.F.);
#10948=ORIENTED_EDGE('',*,*,#7709,.F.);
#10949=ORIENTED_EDGE('',*,*,#6931,.T.);
#10950=ORIENTED_EDGE('',*,*,#7709,.T.);
#10951=ORIENTED_EDGE('',*,*,#6584,.F.);
#10952=ORIENTED_EDGE('',*,*,#7710,.F.);
#10953=ORIENTED_EDGE('',*,*,#6932,.T.);
#10954=ORIENTED_EDGE('',*,*,#7710,.T.);
#10955=ORIENTED_EDGE('',*,*,#6583,.F.);
#10956=ORIENTED_EDGE('',*,*,#7711,.F.);
#10957=ORIENTED_EDGE('',*,*,#6933,.T.);
#10958=ORIENTED_EDGE('',*,*,#7711,.T.);
#10959=ORIENTED_EDGE('',*,*,#6582,.F.);
#10960=ORIENTED_EDGE('',*,*,#7712,.F.);
#10961=ORIENTED_EDGE('',*,*,#6934,.T.);
#10962=ORIENTED_EDGE('',*,*,#7712,.T.);
#10963=ORIENTED_EDGE('',*,*,#6581,.F.);
#10964=ORIENTED_EDGE('',*,*,#7713,.F.);
#10965=ORIENTED_EDGE('',*,*,#6935,.T.);
#10966=ORIENTED_EDGE('',*,*,#7713,.T.);
#10967=ORIENTED_EDGE('',*,*,#6580,.F.);
#10968=ORIENTED_EDGE('',*,*,#7714,.F.);
#10969=ORIENTED_EDGE('',*,*,#6936,.T.);
#10970=ORIENTED_EDGE('',*,*,#7714,.T.);
#10971=ORIENTED_EDGE('',*,*,#6579,.F.);
#10972=ORIENTED_EDGE('',*,*,#7715,.F.);
#10973=ORIENTED_EDGE('',*,*,#6929,.T.);
#10974=ORIENTED_EDGE('',*,*,#7715,.T.);
#10975=ORIENTED_EDGE('',*,*,#6578,.F.);
#10976=ORIENTED_EDGE('',*,*,#7708,.F.);
#10977=ORIENTED_EDGE('',*,*,#6922,.T.);
#10978=ORIENTED_EDGE('',*,*,#7716,.T.);
#10979=ORIENTED_EDGE('',*,*,#6593,.F.);
#10980=ORIENTED_EDGE('',*,*,#7717,.F.);
#10981=ORIENTED_EDGE('',*,*,#6923,.T.);
#10982=ORIENTED_EDGE('',*,*,#7717,.T.);
#10983=ORIENTED_EDGE('',*,*,#6592,.F.);
#10984=ORIENTED_EDGE('',*,*,#7718,.F.);
#10985=ORIENTED_EDGE('',*,*,#6924,.T.);
#10986=ORIENTED_EDGE('',*,*,#7718,.T.);
#10987=ORIENTED_EDGE('',*,*,#6591,.F.);
#10988=ORIENTED_EDGE('',*,*,#7719,.F.);
#10989=ORIENTED_EDGE('',*,*,#6925,.T.);
#10990=ORIENTED_EDGE('',*,*,#7719,.T.);
#10991=ORIENTED_EDGE('',*,*,#6590,.F.);
#10992=ORIENTED_EDGE('',*,*,#7720,.F.);
#10993=ORIENTED_EDGE('',*,*,#6926,.T.);
#10994=ORIENTED_EDGE('',*,*,#7720,.T.);
#10995=ORIENTED_EDGE('',*,*,#6589,.F.);
#10996=ORIENTED_EDGE('',*,*,#7721,.F.);
#10997=ORIENTED_EDGE('',*,*,#6927,.T.);
#10998=ORIENTED_EDGE('',*,*,#7721,.T.);
#10999=ORIENTED_EDGE('',*,*,#6588,.F.);
#11000=ORIENTED_EDGE('',*,*,#7722,.F.);
#11001=ORIENTED_EDGE('',*,*,#6928,.T.);
#11002=ORIENTED_EDGE('',*,*,#7722,.T.);
#11003=ORIENTED_EDGE('',*,*,#6587,.F.);
#11004=ORIENTED_EDGE('',*,*,#7723,.F.);
#11005=ORIENTED_EDGE('',*,*,#6921,.T.);
#11006=ORIENTED_EDGE('',*,*,#7723,.T.);
#11007=ORIENTED_EDGE('',*,*,#6586,.F.);
#11008=ORIENTED_EDGE('',*,*,#7716,.F.);
#11009=ORIENTED_EDGE('',*,*,#6914,.T.);
#11010=ORIENTED_EDGE('',*,*,#7724,.T.);
#11011=ORIENTED_EDGE('',*,*,#6601,.F.);
#11012=ORIENTED_EDGE('',*,*,#7725,.F.);
#11013=ORIENTED_EDGE('',*,*,#6915,.T.);
#11014=ORIENTED_EDGE('',*,*,#7725,.T.);
#11015=ORIENTED_EDGE('',*,*,#6600,.F.);
#11016=ORIENTED_EDGE('',*,*,#7726,.F.);
#11017=ORIENTED_EDGE('',*,*,#6916,.T.);
#11018=ORIENTED_EDGE('',*,*,#7726,.T.);
#11019=ORIENTED_EDGE('',*,*,#6599,.F.);
#11020=ORIENTED_EDGE('',*,*,#7727,.F.);
#11021=ORIENTED_EDGE('',*,*,#6917,.T.);
#11022=ORIENTED_EDGE('',*,*,#7727,.T.);
#11023=ORIENTED_EDGE('',*,*,#6598,.F.);
#11024=ORIENTED_EDGE('',*,*,#7728,.F.);
#11025=ORIENTED_EDGE('',*,*,#6918,.T.);
#11026=ORIENTED_EDGE('',*,*,#7728,.T.);
#11027=ORIENTED_EDGE('',*,*,#6597,.F.);
#11028=ORIENTED_EDGE('',*,*,#7729,.F.);
#11029=ORIENTED_EDGE('',*,*,#6919,.T.);
#11030=ORIENTED_EDGE('',*,*,#7729,.T.);
#11031=ORIENTED_EDGE('',*,*,#6596,.F.);
#11032=ORIENTED_EDGE('',*,*,#7730,.F.);
#11033=ORIENTED_EDGE('',*,*,#6920,.T.);
#11034=ORIENTED_EDGE('',*,*,#7730,.T.);
#11035=ORIENTED_EDGE('',*,*,#6595,.F.);
#11036=ORIENTED_EDGE('',*,*,#7731,.F.);
#11037=ORIENTED_EDGE('',*,*,#6913,.T.);
#11038=ORIENTED_EDGE('',*,*,#7731,.T.);
#11039=ORIENTED_EDGE('',*,*,#6594,.F.);
#11040=ORIENTED_EDGE('',*,*,#7724,.F.);
#11041=ORIENTED_EDGE('',*,*,#6906,.T.);
#11042=ORIENTED_EDGE('',*,*,#7732,.T.);
#11043=ORIENTED_EDGE('',*,*,#6609,.F.);
#11044=ORIENTED_EDGE('',*,*,#7733,.F.);
#11045=ORIENTED_EDGE('',*,*,#6907,.T.);
#11046=ORIENTED_EDGE('',*,*,#7733,.T.);
#11047=ORIENTED_EDGE('',*,*,#6608,.F.);
#11048=ORIENTED_EDGE('',*,*,#7734,.F.);
#11049=ORIENTED_EDGE('',*,*,#6908,.T.);
#11050=ORIENTED_EDGE('',*,*,#7734,.T.);
#11051=ORIENTED_EDGE('',*,*,#6607,.F.);
#11052=ORIENTED_EDGE('',*,*,#7735,.F.);
#11053=ORIENTED_EDGE('',*,*,#6909,.T.);
#11054=ORIENTED_EDGE('',*,*,#7735,.T.);
#11055=ORIENTED_EDGE('',*,*,#6606,.F.);
#11056=ORIENTED_EDGE('',*,*,#7736,.F.);
#11057=ORIENTED_EDGE('',*,*,#6910,.T.);
#11058=ORIENTED_EDGE('',*,*,#7736,.T.);
#11059=ORIENTED_EDGE('',*,*,#6605,.F.);
#11060=ORIENTED_EDGE('',*,*,#7737,.F.);
#11061=ORIENTED_EDGE('',*,*,#6911,.T.);
#11062=ORIENTED_EDGE('',*,*,#7737,.T.);
#11063=ORIENTED_EDGE('',*,*,#6604,.F.);
#11064=ORIENTED_EDGE('',*,*,#7738,.F.);
#11065=ORIENTED_EDGE('',*,*,#6912,.T.);
#11066=ORIENTED_EDGE('',*,*,#7738,.T.);
#11067=ORIENTED_EDGE('',*,*,#6603,.F.);
#11068=ORIENTED_EDGE('',*,*,#7739,.F.);
#11069=ORIENTED_EDGE('',*,*,#6905,.T.);
#11070=ORIENTED_EDGE('',*,*,#7739,.T.);
#11071=ORIENTED_EDGE('',*,*,#6602,.F.);
#11072=ORIENTED_EDGE('',*,*,#7732,.F.);
#11073=ORIENTED_EDGE('',*,*,#6898,.T.);
#11074=ORIENTED_EDGE('',*,*,#7740,.T.);
#11075=ORIENTED_EDGE('',*,*,#6617,.F.);
#11076=ORIENTED_EDGE('',*,*,#7741,.F.);
#11077=ORIENTED_EDGE('',*,*,#6899,.T.);
#11078=ORIENTED_EDGE('',*,*,#7741,.T.);
#11079=ORIENTED_EDGE('',*,*,#6616,.F.);
#11080=ORIENTED_EDGE('',*,*,#7742,.F.);
#11081=ORIENTED_EDGE('',*,*,#6900,.T.);
#11082=ORIENTED_EDGE('',*,*,#7742,.T.);
#11083=ORIENTED_EDGE('',*,*,#6615,.F.);
#11084=ORIENTED_EDGE('',*,*,#7743,.F.);
#11085=ORIENTED_EDGE('',*,*,#6901,.T.);
#11086=ORIENTED_EDGE('',*,*,#7743,.T.);
#11087=ORIENTED_EDGE('',*,*,#6614,.F.);
#11088=ORIENTED_EDGE('',*,*,#7744,.F.);
#11089=ORIENTED_EDGE('',*,*,#6902,.T.);
#11090=ORIENTED_EDGE('',*,*,#7744,.T.);
#11091=ORIENTED_EDGE('',*,*,#6613,.F.);
#11092=ORIENTED_EDGE('',*,*,#7745,.F.);
#11093=ORIENTED_EDGE('',*,*,#6903,.T.);
#11094=ORIENTED_EDGE('',*,*,#7745,.T.);
#11095=ORIENTED_EDGE('',*,*,#6612,.F.);
#11096=ORIENTED_EDGE('',*,*,#7746,.F.);
#11097=ORIENTED_EDGE('',*,*,#6904,.T.);
#11098=ORIENTED_EDGE('',*,*,#7746,.T.);
#11099=ORIENTED_EDGE('',*,*,#6611,.F.);
#11100=ORIENTED_EDGE('',*,*,#7747,.F.);
#11101=ORIENTED_EDGE('',*,*,#6897,.T.);
#11102=ORIENTED_EDGE('',*,*,#7747,.T.);
#11103=ORIENTED_EDGE('',*,*,#6610,.F.);
#11104=ORIENTED_EDGE('',*,*,#7740,.F.);
#11105=ORIENTED_EDGE('',*,*,#6890,.T.);
#11106=ORIENTED_EDGE('',*,*,#7748,.T.);
#11107=ORIENTED_EDGE('',*,*,#6625,.F.);
#11108=ORIENTED_EDGE('',*,*,#7749,.F.);
#11109=ORIENTED_EDGE('',*,*,#6891,.T.);
#11110=ORIENTED_EDGE('',*,*,#7749,.T.);
#11111=ORIENTED_EDGE('',*,*,#6624,.F.);
#11112=ORIENTED_EDGE('',*,*,#7750,.F.);
#11113=ORIENTED_EDGE('',*,*,#6892,.T.);
#11114=ORIENTED_EDGE('',*,*,#7750,.T.);
#11115=ORIENTED_EDGE('',*,*,#6623,.F.);
#11116=ORIENTED_EDGE('',*,*,#7751,.F.);
#11117=ORIENTED_EDGE('',*,*,#6893,.T.);
#11118=ORIENTED_EDGE('',*,*,#7751,.T.);
#11119=ORIENTED_EDGE('',*,*,#6622,.F.);
#11120=ORIENTED_EDGE('',*,*,#7752,.F.);
#11121=ORIENTED_EDGE('',*,*,#6894,.T.);
#11122=ORIENTED_EDGE('',*,*,#7752,.T.);
#11123=ORIENTED_EDGE('',*,*,#6621,.F.);
#11124=ORIENTED_EDGE('',*,*,#7753,.F.);
#11125=ORIENTED_EDGE('',*,*,#6895,.T.);
#11126=ORIENTED_EDGE('',*,*,#7753,.T.);
#11127=ORIENTED_EDGE('',*,*,#6620,.F.);
#11128=ORIENTED_EDGE('',*,*,#7754,.F.);
#11129=ORIENTED_EDGE('',*,*,#6896,.T.);
#11130=ORIENTED_EDGE('',*,*,#7754,.T.);
#11131=ORIENTED_EDGE('',*,*,#6619,.F.);
#11132=ORIENTED_EDGE('',*,*,#7755,.F.);
#11133=ORIENTED_EDGE('',*,*,#6889,.T.);
#11134=ORIENTED_EDGE('',*,*,#7755,.T.);
#11135=ORIENTED_EDGE('',*,*,#6618,.F.);
#11136=ORIENTED_EDGE('',*,*,#7748,.F.);
#11137=ORIENTED_EDGE('',*,*,#6882,.T.);
#11138=ORIENTED_EDGE('',*,*,#7756,.T.);
#11139=ORIENTED_EDGE('',*,*,#6633,.F.);
#11140=ORIENTED_EDGE('',*,*,#7757,.F.);
#11141=ORIENTED_EDGE('',*,*,#6883,.T.);
#11142=ORIENTED_EDGE('',*,*,#7757,.T.);
#11143=ORIENTED_EDGE('',*,*,#6632,.F.);
#11144=ORIENTED_EDGE('',*,*,#7758,.F.);
#11145=ORIENTED_EDGE('',*,*,#6884,.T.);
#11146=ORIENTED_EDGE('',*,*,#7758,.T.);
#11147=ORIENTED_EDGE('',*,*,#6631,.F.);
#11148=ORIENTED_EDGE('',*,*,#7759,.F.);
#11149=ORIENTED_EDGE('',*,*,#6885,.T.);
#11150=ORIENTED_EDGE('',*,*,#7759,.T.);
#11151=ORIENTED_EDGE('',*,*,#6630,.F.);
#11152=ORIENTED_EDGE('',*,*,#7760,.F.);
#11153=ORIENTED_EDGE('',*,*,#6886,.T.);
#11154=ORIENTED_EDGE('',*,*,#7760,.T.);
#11155=ORIENTED_EDGE('',*,*,#6629,.F.);
#11156=ORIENTED_EDGE('',*,*,#7761,.F.);
#11157=ORIENTED_EDGE('',*,*,#6887,.T.);
#11158=ORIENTED_EDGE('',*,*,#7761,.T.);
#11159=ORIENTED_EDGE('',*,*,#6628,.F.);
#11160=ORIENTED_EDGE('',*,*,#7762,.F.);
#11161=ORIENTED_EDGE('',*,*,#6888,.T.);
#11162=ORIENTED_EDGE('',*,*,#7762,.T.);
#11163=ORIENTED_EDGE('',*,*,#6627,.F.);
#11164=ORIENTED_EDGE('',*,*,#7763,.F.);
#11165=ORIENTED_EDGE('',*,*,#6881,.T.);
#11166=ORIENTED_EDGE('',*,*,#7763,.T.);
#11167=ORIENTED_EDGE('',*,*,#6626,.F.);
#11168=ORIENTED_EDGE('',*,*,#7756,.F.);
#11169=ORIENTED_EDGE('',*,*,#6874,.T.);
#11170=ORIENTED_EDGE('',*,*,#7764,.T.);
#11171=ORIENTED_EDGE('',*,*,#6641,.F.);
#11172=ORIENTED_EDGE('',*,*,#7765,.F.);
#11173=ORIENTED_EDGE('',*,*,#6875,.T.);
#11174=ORIENTED_EDGE('',*,*,#7765,.T.);
#11175=ORIENTED_EDGE('',*,*,#6640,.F.);
#11176=ORIENTED_EDGE('',*,*,#7766,.F.);
#11177=ORIENTED_EDGE('',*,*,#6876,.T.);
#11178=ORIENTED_EDGE('',*,*,#7766,.T.);
#11179=ORIENTED_EDGE('',*,*,#6639,.F.);
#11180=ORIENTED_EDGE('',*,*,#7767,.F.);
#11181=ORIENTED_EDGE('',*,*,#6877,.T.);
#11182=ORIENTED_EDGE('',*,*,#7767,.T.);
#11183=ORIENTED_EDGE('',*,*,#6638,.F.);
#11184=ORIENTED_EDGE('',*,*,#7768,.F.);
#11185=ORIENTED_EDGE('',*,*,#6878,.T.);
#11186=ORIENTED_EDGE('',*,*,#7768,.T.);
#11187=ORIENTED_EDGE('',*,*,#6637,.F.);
#11188=ORIENTED_EDGE('',*,*,#7769,.F.);
#11189=ORIENTED_EDGE('',*,*,#6879,.T.);
#11190=ORIENTED_EDGE('',*,*,#7769,.T.);
#11191=ORIENTED_EDGE('',*,*,#6636,.F.);
#11192=ORIENTED_EDGE('',*,*,#7770,.F.);
#11193=ORIENTED_EDGE('',*,*,#6880,.T.);
#11194=ORIENTED_EDGE('',*,*,#7770,.T.);
#11195=ORIENTED_EDGE('',*,*,#6635,.F.);
#11196=ORIENTED_EDGE('',*,*,#7771,.F.);
#11197=ORIENTED_EDGE('',*,*,#6873,.T.);
#11198=ORIENTED_EDGE('',*,*,#7771,.T.);
#11199=ORIENTED_EDGE('',*,*,#6634,.F.);
#11200=ORIENTED_EDGE('',*,*,#7764,.F.);
#11201=ORIENTED_EDGE('',*,*,#6866,.T.);
#11202=ORIENTED_EDGE('',*,*,#7772,.T.);
#11203=ORIENTED_EDGE('',*,*,#6649,.F.);
#11204=ORIENTED_EDGE('',*,*,#7773,.F.);
#11205=ORIENTED_EDGE('',*,*,#6867,.T.);
#11206=ORIENTED_EDGE('',*,*,#7773,.T.);
#11207=ORIENTED_EDGE('',*,*,#6648,.F.);
#11208=ORIENTED_EDGE('',*,*,#7774,.F.);
#11209=ORIENTED_EDGE('',*,*,#6868,.T.);
#11210=ORIENTED_EDGE('',*,*,#7774,.T.);
#11211=ORIENTED_EDGE('',*,*,#6647,.F.);
#11212=ORIENTED_EDGE('',*,*,#7775,.F.);
#11213=ORIENTED_EDGE('',*,*,#6869,.T.);
#11214=ORIENTED_EDGE('',*,*,#7775,.T.);
#11215=ORIENTED_EDGE('',*,*,#6646,.F.);
#11216=ORIENTED_EDGE('',*,*,#7776,.F.);
#11217=ORIENTED_EDGE('',*,*,#6870,.T.);
#11218=ORIENTED_EDGE('',*,*,#7776,.T.);
#11219=ORIENTED_EDGE('',*,*,#6645,.F.);
#11220=ORIENTED_EDGE('',*,*,#7777,.F.);
#11221=ORIENTED_EDGE('',*,*,#6871,.T.);
#11222=ORIENTED_EDGE('',*,*,#7777,.T.);
#11223=ORIENTED_EDGE('',*,*,#6644,.F.);
#11224=ORIENTED_EDGE('',*,*,#7778,.F.);
#11225=ORIENTED_EDGE('',*,*,#6872,.T.);
#11226=ORIENTED_EDGE('',*,*,#7778,.T.);
#11227=ORIENTED_EDGE('',*,*,#6643,.F.);
#11228=ORIENTED_EDGE('',*,*,#7779,.F.);
#11229=ORIENTED_EDGE('',*,*,#6865,.T.);
#11230=ORIENTED_EDGE('',*,*,#7779,.T.);
#11231=ORIENTED_EDGE('',*,*,#6642,.F.);
#11232=ORIENTED_EDGE('',*,*,#7772,.F.);
#11233=ORIENTED_EDGE('',*,*,#6858,.T.);
#11234=ORIENTED_EDGE('',*,*,#7780,.T.);
#11235=ORIENTED_EDGE('',*,*,#6657,.F.);
#11236=ORIENTED_EDGE('',*,*,#7781,.F.);
#11237=ORIENTED_EDGE('',*,*,#6859,.T.);
#11238=ORIENTED_EDGE('',*,*,#7781,.T.);
#11239=ORIENTED_EDGE('',*,*,#6656,.F.);
#11240=ORIENTED_EDGE('',*,*,#7782,.F.);
#11241=ORIENTED_EDGE('',*,*,#6860,.T.);
#11242=ORIENTED_EDGE('',*,*,#7782,.T.);
#11243=ORIENTED_EDGE('',*,*,#6655,.F.);
#11244=ORIENTED_EDGE('',*,*,#7783,.F.);
#11245=ORIENTED_EDGE('',*,*,#6861,.T.);
#11246=ORIENTED_EDGE('',*,*,#7783,.T.);
#11247=ORIENTED_EDGE('',*,*,#6654,.F.);
#11248=ORIENTED_EDGE('',*,*,#7784,.F.);
#11249=ORIENTED_EDGE('',*,*,#6862,.T.);
#11250=ORIENTED_EDGE('',*,*,#7784,.T.);
#11251=ORIENTED_EDGE('',*,*,#6653,.F.);
#11252=ORIENTED_EDGE('',*,*,#7785,.F.);
#11253=ORIENTED_EDGE('',*,*,#6863,.T.);
#11254=ORIENTED_EDGE('',*,*,#7785,.T.);
#11255=ORIENTED_EDGE('',*,*,#6652,.F.);
#11256=ORIENTED_EDGE('',*,*,#7786,.F.);
#11257=ORIENTED_EDGE('',*,*,#6864,.T.);
#11258=ORIENTED_EDGE('',*,*,#7786,.T.);
#11259=ORIENTED_EDGE('',*,*,#6651,.F.);
#11260=ORIENTED_EDGE('',*,*,#7787,.F.);
#11261=ORIENTED_EDGE('',*,*,#6857,.T.);
#11262=ORIENTED_EDGE('',*,*,#7787,.T.);
#11263=ORIENTED_EDGE('',*,*,#6650,.F.);
#11264=ORIENTED_EDGE('',*,*,#7780,.F.);
#11265=ORIENTED_EDGE('',*,*,#6850,.T.);
#11266=ORIENTED_EDGE('',*,*,#7788,.T.);
#11267=ORIENTED_EDGE('',*,*,#6665,.F.);
#11268=ORIENTED_EDGE('',*,*,#7789,.F.);
#11269=ORIENTED_EDGE('',*,*,#6851,.T.);
#11270=ORIENTED_EDGE('',*,*,#7789,.T.);
#11271=ORIENTED_EDGE('',*,*,#6664,.F.);
#11272=ORIENTED_EDGE('',*,*,#7790,.F.);
#11273=ORIENTED_EDGE('',*,*,#6852,.T.);
#11274=ORIENTED_EDGE('',*,*,#7790,.T.);
#11275=ORIENTED_EDGE('',*,*,#6663,.F.);
#11276=ORIENTED_EDGE('',*,*,#7791,.F.);
#11277=ORIENTED_EDGE('',*,*,#6853,.T.);
#11278=ORIENTED_EDGE('',*,*,#7791,.T.);
#11279=ORIENTED_EDGE('',*,*,#6662,.F.);
#11280=ORIENTED_EDGE('',*,*,#7792,.F.);
#11281=ORIENTED_EDGE('',*,*,#6854,.T.);
#11282=ORIENTED_EDGE('',*,*,#7792,.T.);
#11283=ORIENTED_EDGE('',*,*,#6661,.F.);
#11284=ORIENTED_EDGE('',*,*,#7793,.F.);
#11285=ORIENTED_EDGE('',*,*,#6855,.T.);
#11286=ORIENTED_EDGE('',*,*,#7793,.T.);
#11287=ORIENTED_EDGE('',*,*,#6660,.F.);
#11288=ORIENTED_EDGE('',*,*,#7794,.F.);
#11289=ORIENTED_EDGE('',*,*,#6856,.T.);
#11290=ORIENTED_EDGE('',*,*,#7794,.T.);
#11291=ORIENTED_EDGE('',*,*,#6659,.F.);
#11292=ORIENTED_EDGE('',*,*,#7795,.F.);
#11293=ORIENTED_EDGE('',*,*,#6849,.T.);
#11294=ORIENTED_EDGE('',*,*,#7795,.T.);
#11295=ORIENTED_EDGE('',*,*,#6658,.F.);
#11296=ORIENTED_EDGE('',*,*,#7788,.F.);
#11297=ORIENTED_EDGE('',*,*,#6842,.T.);
#11298=ORIENTED_EDGE('',*,*,#7796,.T.);
#11299=ORIENTED_EDGE('',*,*,#6673,.F.);
#11300=ORIENTED_EDGE('',*,*,#7797,.F.);
#11301=ORIENTED_EDGE('',*,*,#6843,.T.);
#11302=ORIENTED_EDGE('',*,*,#7797,.T.);
#11303=ORIENTED_EDGE('',*,*,#6672,.F.);
#11304=ORIENTED_EDGE('',*,*,#7798,.F.);
#11305=ORIENTED_EDGE('',*,*,#6844,.T.);
#11306=ORIENTED_EDGE('',*,*,#7798,.T.);
#11307=ORIENTED_EDGE('',*,*,#6671,.F.);
#11308=ORIENTED_EDGE('',*,*,#7799,.F.);
#11309=ORIENTED_EDGE('',*,*,#6845,.T.);
#11310=ORIENTED_EDGE('',*,*,#7799,.T.);
#11311=ORIENTED_EDGE('',*,*,#6670,.F.);
#11312=ORIENTED_EDGE('',*,*,#7800,.F.);
#11313=ORIENTED_EDGE('',*,*,#6846,.T.);
#11314=ORIENTED_EDGE('',*,*,#7800,.T.);
#11315=ORIENTED_EDGE('',*,*,#6669,.F.);
#11316=ORIENTED_EDGE('',*,*,#7801,.F.);
#11317=ORIENTED_EDGE('',*,*,#6847,.T.);
#11318=ORIENTED_EDGE('',*,*,#7801,.T.);
#11319=ORIENTED_EDGE('',*,*,#6668,.F.);
#11320=ORIENTED_EDGE('',*,*,#7802,.F.);
#11321=ORIENTED_EDGE('',*,*,#6848,.T.);
#11322=ORIENTED_EDGE('',*,*,#7802,.T.);
#11323=ORIENTED_EDGE('',*,*,#6667,.F.);
#11324=ORIENTED_EDGE('',*,*,#7803,.F.);
#11325=ORIENTED_EDGE('',*,*,#6841,.T.);
#11326=ORIENTED_EDGE('',*,*,#7803,.T.);
#11327=ORIENTED_EDGE('',*,*,#6666,.F.);
#11328=ORIENTED_EDGE('',*,*,#7796,.F.);
#11329=ORIENTED_EDGE('',*,*,#6834,.T.);
#11330=ORIENTED_EDGE('',*,*,#7804,.T.);
#11331=ORIENTED_EDGE('',*,*,#6681,.F.);
#11332=ORIENTED_EDGE('',*,*,#7805,.F.);
#11333=ORIENTED_EDGE('',*,*,#6835,.T.);
#11334=ORIENTED_EDGE('',*,*,#7805,.T.);
#11335=ORIENTED_EDGE('',*,*,#6680,.F.);
#11336=ORIENTED_EDGE('',*,*,#7806,.F.);
#11337=ORIENTED_EDGE('',*,*,#6836,.T.);
#11338=ORIENTED_EDGE('',*,*,#7806,.T.);
#11339=ORIENTED_EDGE('',*,*,#6679,.F.);
#11340=ORIENTED_EDGE('',*,*,#7807,.F.);
#11341=ORIENTED_EDGE('',*,*,#6837,.T.);
#11342=ORIENTED_EDGE('',*,*,#7807,.T.);
#11343=ORIENTED_EDGE('',*,*,#6678,.F.);
#11344=ORIENTED_EDGE('',*,*,#7808,.F.);
#11345=ORIENTED_EDGE('',*,*,#6838,.T.);
#11346=ORIENTED_EDGE('',*,*,#7808,.T.);
#11347=ORIENTED_EDGE('',*,*,#6677,.F.);
#11348=ORIENTED_EDGE('',*,*,#7809,.F.);
#11349=ORIENTED_EDGE('',*,*,#6839,.T.);
#11350=ORIENTED_EDGE('',*,*,#7809,.T.);
#11351=ORIENTED_EDGE('',*,*,#6676,.F.);
#11352=ORIENTED_EDGE('',*,*,#7810,.F.);
#11353=ORIENTED_EDGE('',*,*,#6840,.T.);
#11354=ORIENTED_EDGE('',*,*,#7810,.T.);
#11355=ORIENTED_EDGE('',*,*,#6675,.F.);
#11356=ORIENTED_EDGE('',*,*,#7811,.F.);
#11357=ORIENTED_EDGE('',*,*,#6833,.T.);
#11358=ORIENTED_EDGE('',*,*,#7811,.T.);
#11359=ORIENTED_EDGE('',*,*,#6674,.F.);
#11360=ORIENTED_EDGE('',*,*,#7804,.F.);
#11361=ORIENTED_EDGE('',*,*,#6826,.T.);
#11362=ORIENTED_EDGE('',*,*,#7812,.T.);
#11363=ORIENTED_EDGE('',*,*,#6689,.F.);
#11364=ORIENTED_EDGE('',*,*,#7813,.F.);
#11365=ORIENTED_EDGE('',*,*,#6827,.T.);
#11366=ORIENTED_EDGE('',*,*,#7813,.T.);
#11367=ORIENTED_EDGE('',*,*,#6688,.F.);
#11368=ORIENTED_EDGE('',*,*,#7814,.F.);
#11369=ORIENTED_EDGE('',*,*,#6828,.T.);
#11370=ORIENTED_EDGE('',*,*,#7814,.T.);
#11371=ORIENTED_EDGE('',*,*,#6687,.F.);
#11372=ORIENTED_EDGE('',*,*,#7815,.F.);
#11373=ORIENTED_EDGE('',*,*,#6829,.T.);
#11374=ORIENTED_EDGE('',*,*,#7815,.T.);
#11375=ORIENTED_EDGE('',*,*,#6686,.F.);
#11376=ORIENTED_EDGE('',*,*,#7816,.F.);
#11377=ORIENTED_EDGE('',*,*,#6830,.T.);
#11378=ORIENTED_EDGE('',*,*,#7816,.T.);
#11379=ORIENTED_EDGE('',*,*,#6685,.F.);
#11380=ORIENTED_EDGE('',*,*,#7817,.F.);
#11381=ORIENTED_EDGE('',*,*,#6831,.T.);
#11382=ORIENTED_EDGE('',*,*,#7817,.T.);
#11383=ORIENTED_EDGE('',*,*,#6684,.F.);
#11384=ORIENTED_EDGE('',*,*,#7818,.F.);
#11385=ORIENTED_EDGE('',*,*,#6832,.T.);
#11386=ORIENTED_EDGE('',*,*,#7818,.T.);
#11387=ORIENTED_EDGE('',*,*,#6683,.F.);
#11388=ORIENTED_EDGE('',*,*,#7819,.F.);
#11389=ORIENTED_EDGE('',*,*,#6825,.T.);
#11390=ORIENTED_EDGE('',*,*,#7819,.T.);
#11391=ORIENTED_EDGE('',*,*,#6682,.F.);
#11392=ORIENTED_EDGE('',*,*,#7812,.F.);
#11393=ORIENTED_EDGE('',*,*,#6818,.T.);
#11394=ORIENTED_EDGE('',*,*,#7820,.T.);
#11395=ORIENTED_EDGE('',*,*,#6697,.F.);
#11396=ORIENTED_EDGE('',*,*,#7821,.F.);
#11397=ORIENTED_EDGE('',*,*,#6819,.T.);
#11398=ORIENTED_EDGE('',*,*,#7821,.T.);
#11399=ORIENTED_EDGE('',*,*,#6696,.F.);
#11400=ORIENTED_EDGE('',*,*,#7822,.F.);
#11401=ORIENTED_EDGE('',*,*,#6820,.T.);
#11402=ORIENTED_EDGE('',*,*,#7822,.T.);
#11403=ORIENTED_EDGE('',*,*,#6695,.F.);
#11404=ORIENTED_EDGE('',*,*,#7823,.F.);
#11405=ORIENTED_EDGE('',*,*,#6821,.T.);
#11406=ORIENTED_EDGE('',*,*,#7823,.T.);
#11407=ORIENTED_EDGE('',*,*,#6694,.F.);
#11408=ORIENTED_EDGE('',*,*,#7824,.F.);
#11409=ORIENTED_EDGE('',*,*,#6822,.T.);
#11410=ORIENTED_EDGE('',*,*,#7824,.T.);
#11411=ORIENTED_EDGE('',*,*,#6693,.F.);
#11412=ORIENTED_EDGE('',*,*,#7825,.F.);
#11413=ORIENTED_EDGE('',*,*,#6823,.T.);
#11414=ORIENTED_EDGE('',*,*,#7825,.T.);
#11415=ORIENTED_EDGE('',*,*,#6692,.F.);
#11416=ORIENTED_EDGE('',*,*,#7826,.F.);
#11417=ORIENTED_EDGE('',*,*,#6824,.T.);
#11418=ORIENTED_EDGE('',*,*,#7826,.T.);
#11419=ORIENTED_EDGE('',*,*,#6691,.F.);
#11420=ORIENTED_EDGE('',*,*,#7827,.F.);
#11421=ORIENTED_EDGE('',*,*,#6817,.T.);
#11422=ORIENTED_EDGE('',*,*,#7827,.T.);
#11423=ORIENTED_EDGE('',*,*,#6690,.F.);
#11424=ORIENTED_EDGE('',*,*,#7820,.F.);
#11425=ORIENTED_EDGE('',*,*,#7363,.F.);
#11426=ORIENTED_EDGE('',*,*,#6180,.F.);
#11427=ORIENTED_EDGE('',*,*,#7828,.F.);
#11428=ORIENTED_EDGE('',*,*,#6776,.F.);
#11429=ORIENTED_EDGE('',*,*,#6777,.T.);
#11430=ORIENTED_EDGE('',*,*,#7828,.T.);
#11431=ORIENTED_EDGE('',*,*,#6179,.F.);
#11432=ORIENTED_EDGE('',*,*,#7357,.F.);
#11433=ORIENTED_EDGE('',*,*,#6803,.T.);
#11434=ORIENTED_EDGE('',*,*,#7359,.T.);
#11435=ORIENTED_EDGE('',*,*,#6153,.F.);
#11436=ORIENTED_EDGE('',*,*,#7829,.F.);
#11437=ORIENTED_EDGE('',*,*,#6804,.F.);
#11438=ORIENTED_EDGE('',*,*,#7829,.T.);
#11439=ORIENTED_EDGE('',*,*,#6152,.F.);
#11440=ORIENTED_EDGE('',*,*,#7830,.F.);
#11441=ORIENTED_EDGE('',*,*,#6805,.F.);
#11442=ORIENTED_EDGE('',*,*,#7830,.T.);
#11443=ORIENTED_EDGE('',*,*,#6151,.F.);
#11444=ORIENTED_EDGE('',*,*,#7362,.F.);
#11445=ORIENTED_EDGE('',*,*,#6725,.T.);
#11446=ORIENTED_EDGE('',*,*,#6122,.T.);
#11447=ORIENTED_EDGE('',*,*,#6233,.F.);
#11448=ORIENTED_EDGE('',*,*,#7831,.F.);
#11449=ORIENTED_EDGE('',*,*,#6726,.T.);
#11450=ORIENTED_EDGE('',*,*,#7831,.T.);
#11451=ORIENTED_EDGE('',*,*,#6232,.F.);
#11452=ORIENTED_EDGE('',*,*,#7832,.F.);
#11453=ORIENTED_EDGE('',*,*,#6727,.T.);
#11454=ORIENTED_EDGE('',*,*,#7832,.T.);
#11455=ORIENTED_EDGE('',*,*,#6231,.F.);
#11456=ORIENTED_EDGE('',*,*,#7347,.F.);
#11457=PLANE('',#12377);
#11458=PLANE('',#12381);
#11459=PLANE('',#12385);
#11460=PLANE('',#12389);
#11461=PLANE('',#12393);
#11462=PLANE('',#12397);
#11463=PLANE('',#12401);
#11464=PLANE('',#12405);
#11465=PLANE('',#12409);
#11466=PLANE('',#12413);
#11467=PLANE('',#12417);
#11468=PLANE('',#12421);
#11469=PLANE('',#12428);
#11470=PLANE('',#12432);
#11471=PLANE('',#12436);
#11472=PLANE('',#12440);
#11473=PLANE('',#12444);
#11474=PLANE('',#12448);
#11475=PLANE('',#12449);
#11476=PLANE('',#12728);
#11477=PLANE('',#12733);
#11478=PLANE('',#12736);
#11479=PLANE('',#12739);
#11480=PLANE('',#12744);
#11481=PLANE('',#12745);
#11482=PLANE('',#13016);
#11483=PLANE('',#13018);
#11484=PLANE('',#13020);
#11485=PLANE('',#13022);
#11486=PLANE('',#13024);
#11487=PLANE('',#13026);
#11488=PLANE('',#13028);
#11489=PLANE('',#13030);
#11490=PLANE('',#13032);
#11491=PLANE('',#13034);
#11492=PLANE('',#13036);
#11493=PLANE('',#13037);
#11494=PLANE('',#13038);
#11495=PLANE('',#13039);
#11496=PLANE('',#13040);
#11497=PLANE('',#13041);
#11498=PLANE('',#13042);
#11499=PLANE('',#13043);
#11500=PLANE('',#13044);
#11501=PLANE('',#13045);
#11502=PLANE('',#13046);
#11503=PLANE('',#13047);
#11504=PLANE('',#13048);
#11505=PLANE('',#13049);
#11506=PLANE('',#13050);
#11507=PLANE('',#13051);
#11508=PLANE('',#13052);
#11509=PLANE('',#13053);
#11510=PLANE('',#13054);
#11511=PLANE('',#13055);
#11512=PLANE('',#13056);
#11513=PLANE('',#13057);
#11514=PLANE('',#13058);
#11515=PLANE('',#13059);
#11516=PLANE('',#13060);
#11517=PLANE('',#13061);
#11518=PLANE('',#13062);
#11519=PLANE('',#13063);
#11520=PLANE('',#13064);
#11521=PLANE('',#13065);
#11522=PLANE('',#13066);
#11523=PLANE('',#13067);
#11524=PLANE('',#13068);
#11525=PLANE('',#13071);
#11526=PLANE('',#13073);
#11527=PLANE('',#13076);
#11528=PLANE('',#13079);
#11529=PLANE('',#13082);
#11530=PLANE('',#13084);
#11531=PLANE('',#13086);
#11532=PLANE('',#13088);
#11533=PLANE('',#13095);
#11534=PLANE('',#13099);
#11535=PLANE('',#13101);
#11536=PLANE('',#13103);
#11537=PLANE('',#13105);
#11538=PLANE('',#13107);
#11539=PLANE('',#13109);
#11540=PLANE('',#13111);
#11541=PLANE('',#13113);
#11542=PLANE('',#13115);
#11543=PLANE('',#13117);
#11544=PLANE('',#13119);
#11545=PLANE('',#13121);
#11546=PLANE('',#13123);
#11547=PLANE('',#13125);
#11548=PLANE('',#13127);
#11549=PLANE('',#13129);
#11550=PLANE('',#13131);
#11551=PLANE('',#13133);
#11552=PLANE('',#13135);
#11553=PLANE('',#13137);
#11554=PLANE('',#13139);
#11555=PLANE('',#13141);
#11556=PLANE('',#13143);
#11557=PLANE('',#13145);
#11558=PLANE('',#13147);
#11559=PLANE('',#13149);
#11560=PLANE('',#13151);
#11561=PLANE('',#13153);
#11562=PLANE('',#13155);
#11563=PLANE('',#13157);
#11564=PLANE('',#13159);
#11565=PLANE('',#13161);
#11566=PLANE('',#13163);
#11567=PLANE('',#13165);
#11568=PLANE('',#13167);
#11569=PLANE('',#13169);
#11570=PLANE('',#13171);
#11571=PLANE('',#13173);
#11572=PLANE('',#13175);
#11573=PLANE('',#13177);
#11574=PLANE('',#13179);
#11575=PLANE('',#13181);
#11576=PLANE('',#13183);
#11577=PLANE('',#13185);
#11578=PLANE('',#13187);
#11579=PLANE('',#13189);
#11580=PLANE('',#13191);
#11581=PLANE('',#13193);
#11582=PLANE('',#13195);
#11583=PLANE('',#13197);
#11584=PLANE('',#13199);
#11585=PLANE('',#13201);
#11586=PLANE('',#13203);
#11587=PLANE('',#13205);
#11588=PLANE('',#13207);
#11589=PLANE('',#13209);
#11590=PLANE('',#13211);
#11591=PLANE('',#13213);
#11592=PLANE('',#13215);
#11593=PLANE('',#13217);
#11594=PLANE('',#13219);
#11595=PLANE('',#13221);
#11596=PLANE('',#13223);
#11597=PLANE('',#13225);
#11598=PLANE('',#13227);
#11599=PLANE('',#13229);
#11600=PLANE('',#13231);
#11601=PLANE('',#13233);
#11602=PLANE('',#13235);
#11603=PLANE('',#13237);
#11604=PLANE('',#13239);
#11605=PLANE('',#13241);
#11606=PLANE('',#13243);
#11607=PLANE('',#13245);
#11608=PLANE('',#13247);
#11609=PLANE('',#13249);
#11610=PLANE('',#13251);
#11611=PLANE('',#13253);
#11612=PLANE('',#13255);
#11613=PLANE('',#13257);
#11614=PLANE('',#13259);
#11615=PLANE('',#13261);
#11616=PLANE('',#13263);
#11617=PLANE('',#13265);
#11618=PLANE('',#13267);
#11619=PLANE('',#13269);
#11620=PLANE('',#13271);
#11621=PLANE('',#13273);
#11622=PLANE('',#13275);
#11623=PLANE('',#13277);
#11624=PLANE('',#13279);
#11625=PLANE('',#13281);
#11626=PLANE('',#13283);
#11627=PLANE('',#13285);
#11628=PLANE('',#13287);
#11629=PLANE('',#13289);
#11630=PLANE('',#13291);
#11631=PLANE('',#13293);
#11632=PLANE('',#13295);
#11633=PLANE('',#13297);
#11634=PLANE('',#13299);
#11635=PLANE('',#13301);
#11636=PLANE('',#13303);
#11637=PLANE('',#13305);
#11638=PLANE('',#13307);
#11639=PLANE('',#13309);
#11640=PLANE('',#13311);
#11641=PLANE('',#13313);
#11642=PLANE('',#13315);
#11643=PLANE('',#13317);
#11644=PLANE('',#13319);
#11645=PLANE('',#13321);
#11646=PLANE('',#13323);
#11647=PLANE('',#13325);
#11648=PLANE('',#13327);
#11649=PLANE('',#13329);
#11650=PLANE('',#13331);
#11651=PLANE('',#13333);
#11652=PLANE('',#13335);
#11653=PLANE('',#13337);
#11654=PLANE('',#13339);
#11655=PLANE('',#13341);
#11656=PLANE('',#13343);
#11657=PLANE('',#13345);
#11658=PLANE('',#13347);
#11659=PLANE('',#13349);
#11660=PLANE('',#13351);
#11661=PLANE('',#13353);
#11662=PLANE('',#13355);
#11663=PLANE('',#13357);
#11664=PLANE('',#13359);
#11665=PLANE('',#13361);
#11666=PLANE('',#13363);
#11667=PLANE('',#13365);
#11668=PLANE('',#13367);
#11669=PLANE('',#13369);
#11670=PLANE('',#13371);
#11671=PLANE('',#13373);
#11672=PLANE('',#13375);
#11673=PLANE('',#13377);
#11674=PLANE('',#13379);
#11675=PLANE('',#13381);
#11676=PLANE('',#13383);
#11677=PLANE('',#13385);
#11678=PLANE('',#13387);
#11679=PLANE('',#13389);
#11680=PLANE('',#13391);
#11681=PLANE('',#13393);
#11682=PLANE('',#13395);
#11683=PLANE('',#13397);
#11684=PLANE('',#13399);
#11685=PLANE('',#13401);
#11686=PLANE('',#13403);
#11687=PLANE('',#13405);
#11688=PLANE('',#13407);
#11689=PLANE('',#13409);
#11690=PLANE('',#13411);
#11691=PLANE('',#13413);
#11692=PLANE('',#13415);
#11693=PLANE('',#13417);
#11694=PLANE('',#13419);
#11695=PLANE('',#13421);
#11696=PLANE('',#13423);
#11697=PLANE('',#13425);
#11698=PLANE('',#13427);
#11699=PLANE('',#13429);
#11700=PLANE('',#13431);
#11701=PLANE('',#13433);
#11702=PLANE('',#13435);
#11703=PLANE('',#13437);
#11704=PLANE('',#13439);
#11705=PLANE('',#13441);
#11706=PLANE('',#13443);
#11707=PLANE('',#13445);
#11708=PLANE('',#13447);
#11709=PLANE('',#13449);
#11710=PLANE('',#13451);
#11711=PLANE('',#13453);
#11712=PLANE('',#13455);
#11713=PLANE('',#13457);
#11714=PLANE('',#13459);
#11715=PLANE('',#13461);
#11716=PLANE('',#13463);
#11717=PLANE('',#13465);
#11718=PLANE('',#13467);
#11719=PLANE('',#13469);
#11720=PLANE('',#13471);
#11721=PLANE('',#13473);
#11722=PLANE('',#13475);
#11723=PLANE('',#13477);
#11724=PLANE('',#13479);
#11725=PLANE('',#13481);
#11726=PLANE('',#13483);
#11727=PLANE('',#13485);
#11728=PLANE('',#13487);
#11729=PLANE('',#13489);
#11730=PLANE('',#13491);
#11731=PLANE('',#13493);
#11732=PLANE('',#13495);
#11733=PLANE('',#13497);
#11734=PLANE('',#13499);
#11735=PLANE('',#13501);
#11736=PLANE('',#13503);
#11737=PLANE('',#13505);
#11738=PLANE('',#13507);
#11739=PLANE('',#13509);
#11740=PLANE('',#13511);
#11741=PLANE('',#13513);
#11742=PLANE('',#13515);
#11743=PLANE('',#13517);
#11744=PLANE('',#13519);
#11745=PLANE('',#13521);
#11746=PLANE('',#13523);
#11747=PLANE('',#13525);
#11748=PLANE('',#13527);
#11749=PLANE('',#13529);
#11750=PLANE('',#13531);
#11751=PLANE('',#13533);
#11752=PLANE('',#13535);
#11753=PLANE('',#13537);
#11754=PLANE('',#13539);
#11755=PLANE('',#13541);
#11756=PLANE('',#13543);
#11757=PLANE('',#13545);
#11758=PLANE('',#13547);
#11759=PLANE('',#13549);
#11760=PLANE('',#13551);
#11761=PLANE('',#13553);
#11762=PLANE('',#13555);
#11763=PLANE('',#13557);
#11764=PLANE('',#13559);
#11765=PLANE('',#13561);
#11766=PLANE('',#13563);
#11767=PLANE('',#13566);
#11768=PLANE('',#13569);
#11769=ADVANCED_FACE('',(#1025),#11457,.F.);
#11770=ADVANCED_FACE('',(#1026),#731,.F.);
#11771=ADVANCED_FACE('',(#1027),#11458,.F.);
#11772=ADVANCED_FACE('',(#1028),#732,.F.);
#11773=ADVANCED_FACE('',(#1029),#11459,.F.);
#11774=ADVANCED_FACE('',(#1030),#733,.F.);
#11775=ADVANCED_FACE('',(#1031),#11460,.F.);
#11776=ADVANCED_FACE('',(#1032),#734,.F.);
#11777=ADVANCED_FACE('',(#1033),#11461,.F.);
#11778=ADVANCED_FACE('',(#1034),#735,.F.);
#11779=ADVANCED_FACE('',(#1035),#11462,.F.);
#11780=ADVANCED_FACE('',(#1036),#736,.F.);
#11781=ADVANCED_FACE('',(#1037),#11463,.F.);
#11782=ADVANCED_FACE('',(#1038),#737,.F.);
#11783=ADVANCED_FACE('',(#1039),#11464,.F.);
#11784=ADVANCED_FACE('',(#1040),#738,.F.);
#11785=ADVANCED_FACE('',(#1041),#11465,.F.);
#11786=ADVANCED_FACE('',(#1042),#739,.F.);
#11787=ADVANCED_FACE('',(#1043),#11466,.F.);
#11788=ADVANCED_FACE('',(#1044),#740,.F.);
#11789=ADVANCED_FACE('',(#1045),#11467,.F.);
#11790=ADVANCED_FACE('',(#1046),#741,.F.);
#11791=ADVANCED_FACE('',(#1047),#11468,.F.);
#11792=ADVANCED_FACE('',(#1048),#742,.F.);
#11793=ADVANCED_FACE('',(#1049),#743,.F.);
#11794=ADVANCED_FACE('',(#1050),#11469,.F.);
#11795=ADVANCED_FACE('',(#1051),#744,.F.);
#11796=ADVANCED_FACE('',(#1052),#11470,.F.);
#11797=ADVANCED_FACE('',(#1053),#745,.F.);
#11798=ADVANCED_FACE('',(#1054),#11471,.F.);
#11799=ADVANCED_FACE('',(#1055),#746,.F.);
#11800=ADVANCED_FACE('',(#1056),#11472,.F.);
#11801=ADVANCED_FACE('',(#1057),#747,.F.);
#11802=ADVANCED_FACE('',(#1058),#11473,.T.);
#11803=ADVANCED_FACE('',(#1059),#748,.T.);
#11804=ADVANCED_FACE('',(#1060),#11474,.T.);
#11805=ADVANCED_FACE('',(#1061,#15,#16,#17,#18,#19,#20,#21,#22,#23,#24,
#25,#26,#27,#28,#29,#30,#31,#32,#33,#34,#35,#36,#37,#38,#39,#40,#41,#42,
#43,#44,#45,#46,#47,#48,#49,#50,#51,#52,#53,#54,#55,#56,#57,#58,#59,#60,
#61,#62,#63,#64,#65,#66,#67,#68,#69,#70,#71,#72,#73,#74,#75,#76,#77,#78),
#11475,.T.);
#11806=ADVANCED_FACE('',(#1062),#749,.F.);
#11807=ADVANCED_FACE('',(#1063),#11476,.T.);
#11808=ADVANCED_FACE('',(#1064),#750,.T.);
#11809=ADVANCED_FACE('',(#1065),#751,.F.);
#11810=ADVANCED_FACE('',(#1066),#11477,.T.);
#11811=ADVANCED_FACE('',(#1067),#752,.T.);
#11812=ADVANCED_FACE('',(#1068),#11478,.T.);
#11813=ADVANCED_FACE('',(#1069),#753,.F.);
#11814=ADVANCED_FACE('',(#1070),#11479,.T.);
#11815=ADVANCED_FACE('',(#1071),#754,.T.);
#11816=ADVANCED_FACE('',(#1072),#755,.T.);
#11817=ADVANCED_FACE('',(#1073),#11480,.T.);
#11818=ADVANCED_FACE('',(#1074,#79,#80,#81,#82,#83,#84,#85,#86,#87,#88,
#89,#90,#91,#92,#93,#94,#95,#96,#97,#98,#99,#100,#101,#102,#103,#104,#105,
#106,#107,#108,#109,#110,#111,#112,#113,#114,#115,#116,#117,#118,#119,#120,
#121,#122,#123,#124,#125,#126,#127,#128,#129,#130,#131,#132,#133,#134,#135,
#136,#137,#138,#139,#140,#141,#142),#11481,.F.);
#11819=ADVANCED_FACE('',(#1075),#756,.T.);
#11820=ADVANCED_FACE('',(#1076),#11482,.T.);
#11821=ADVANCED_FACE('',(#1077),#757,.T.);
#11822=ADVANCED_FACE('',(#1078),#11483,.T.);
#11823=ADVANCED_FACE('',(#1079),#758,.T.);
#11824=ADVANCED_FACE('',(#1080),#11484,.T.);
#11825=ADVANCED_FACE('',(#1081),#759,.T.);
#11826=ADVANCED_FACE('',(#1082),#11485,.T.);
#11827=ADVANCED_FACE('',(#1083),#760,.T.);
#11828=ADVANCED_FACE('',(#1084),#11486,.T.);
#11829=ADVANCED_FACE('',(#1085),#761,.T.);
#11830=ADVANCED_FACE('',(#1086),#11487,.T.);
#11831=ADVANCED_FACE('',(#1087),#762,.T.);
#11832=ADVANCED_FACE('',(#1088),#11488,.T.);
#11833=ADVANCED_FACE('',(#1089),#763,.T.);
#11834=ADVANCED_FACE('',(#1090),#11489,.T.);
#11835=ADVANCED_FACE('',(#1091),#764,.T.);
#11836=ADVANCED_FACE('',(#1092),#11490,.T.);
#11837=ADVANCED_FACE('',(#1093),#765,.T.);
#11838=ADVANCED_FACE('',(#1094),#11491,.T.);
#11839=ADVANCED_FACE('',(#1095),#766,.T.);
#11840=ADVANCED_FACE('',(#1096),#11492,.T.);
#11841=ADVANCED_FACE('',(#1097),#11493,.T.);
#11842=ADVANCED_FACE('',(#1098),#11494,.T.);
#11843=ADVANCED_FACE('',(#1099),#11495,.T.);
#11844=ADVANCED_FACE('',(#1100),#11496,.T.);
#11845=ADVANCED_FACE('',(#1101),#11497,.T.);
#11846=ADVANCED_FACE('',(#1102),#11498,.T.);
#11847=ADVANCED_FACE('',(#1103),#11499,.T.);
#11848=ADVANCED_FACE('',(#1104),#11500,.T.);
#11849=ADVANCED_FACE('',(#1105),#11501,.T.);
#11850=ADVANCED_FACE('',(#1106),#11502,.T.);
#11851=ADVANCED_FACE('',(#1107),#11503,.T.);
#11852=ADVANCED_FACE('',(#1108),#11504,.T.);
#11853=ADVANCED_FACE('',(#1109),#11505,.T.);
#11854=ADVANCED_FACE('',(#1110),#11506,.T.);
#11855=ADVANCED_FACE('',(#1111),#11507,.T.);
#11856=ADVANCED_FACE('',(#1112),#11508,.T.);
#11857=ADVANCED_FACE('',(#1113),#11509,.T.);
#11858=ADVANCED_FACE('',(#1114),#11510,.T.);
#11859=ADVANCED_FACE('',(#1115),#11511,.T.);
#11860=ADVANCED_FACE('',(#1116),#11512,.T.);
#11861=ADVANCED_FACE('',(#1117),#11513,.T.);
#11862=ADVANCED_FACE('',(#1118),#11514,.T.);
#11863=ADVANCED_FACE('',(#1119),#11515,.T.);
#11864=ADVANCED_FACE('',(#1120),#11516,.T.);
#11865=ADVANCED_FACE('',(#1121),#11517,.T.);
#11866=ADVANCED_FACE('',(#1122),#11518,.T.);
#11867=ADVANCED_FACE('',(#1123),#11519,.T.);
#11868=ADVANCED_FACE('',(#1124),#11520,.T.);
#11869=ADVANCED_FACE('',(#1125),#11521,.T.);
#11870=ADVANCED_FACE('',(#1126),#11522,.T.);
#11871=ADVANCED_FACE('',(#1127),#11523,.T.);
#11872=ADVANCED_FACE('',(#1128),#11524,.T.);
#11873=ADVANCED_FACE('',(#1129),#767,.F.);
#11874=ADVANCED_FACE('',(#1130),#768,.F.);
#11875=ADVANCED_FACE('',(#1131),#11525,.T.);
#11876=ADVANCED_FACE('',(#1132),#769,.F.);
#11877=ADVANCED_FACE('',(#1133),#11526,.T.);
#11878=ADVANCED_FACE('',(#1134),#770,.F.);
#11879=ADVANCED_FACE('',(#1135),#771,.F.);
#11880=ADVANCED_FACE('',(#1136),#11527,.T.);
#11881=ADVANCED_FACE('',(#1137),#772,.F.);
#11882=ADVANCED_FACE('',(#1138),#773,.F.);
#11883=ADVANCED_FACE('',(#1139),#11528,.T.);
#11884=ADVANCED_FACE('',(#1140),#774,.F.);
#11885=ADVANCED_FACE('',(#1141),#775,.F.);
#11886=ADVANCED_FACE('',(#1142),#11529,.T.);
#11887=ADVANCED_FACE('',(#1143),#776,.F.);
#11888=ADVANCED_FACE('',(#1144),#11530,.T.);
#11889=ADVANCED_FACE('',(#1145),#777,.F.);
#11890=ADVANCED_FACE('',(#1146),#11531,.T.);
#11891=ADVANCED_FACE('',(#1147),#778,.F.);
#11892=ADVANCED_FACE('',(#1148),#11532,.T.);
#11893=ADVANCED_FACE('',(#1149),#779,.F.);
#11894=ADVANCED_FACE('',(#1150),#780,.F.);
#11895=ADVANCED_FACE('',(#1151),#781,.F.);
#11896=ADVANCED_FACE('',(#1152),#782,.F.);
#11897=ADVANCED_FACE('',(#1153),#783,.F.);
#11898=ADVANCED_FACE('',(#1154),#784,.F.);
#11899=ADVANCED_FACE('',(#1155),#11533,.T.);
#11900=ADVANCED_FACE('',(#1156),#785,.F.);
#11901=ADVANCED_FACE('',(#1157),#786,.F.);
#11902=ADVANCED_FACE('',(#1158),#787,.T.);
#11903=ADVANCED_FACE('',(#1159),#11534,.T.);
#11904=ADVANCED_FACE('',(#1160),#788,.F.);
#11905=ADVANCED_FACE('',(#1161),#11535,.T.);
#11906=ADVANCED_FACE('',(#1162),#789,.F.);
#11907=ADVANCED_FACE('',(#1163),#11536,.T.);
#11908=ADVANCED_FACE('',(#1164),#790,.F.);
#11909=ADVANCED_FACE('',(#1165),#11537,.T.);
#11910=ADVANCED_FACE('',(#1166),#791,.F.);
#11911=ADVANCED_FACE('',(#1167),#11538,.T.);
#11912=ADVANCED_FACE('',(#1168),#792,.F.);
#11913=ADVANCED_FACE('',(#1169),#11539,.T.);
#11914=ADVANCED_FACE('',(#1170),#793,.F.);
#11915=ADVANCED_FACE('',(#1171),#11540,.T.);
#11916=ADVANCED_FACE('',(#1172),#794,.F.);
#11917=ADVANCED_FACE('',(#1173),#11541,.T.);
#11918=ADVANCED_FACE('',(#1174),#795,.F.);
#11919=ADVANCED_FACE('',(#1175),#11542,.T.);
#11920=ADVANCED_FACE('',(#1176),#796,.F.);
#11921=ADVANCED_FACE('',(#1177),#11543,.T.);
#11922=ADVANCED_FACE('',(#1178),#797,.F.);
#11923=ADVANCED_FACE('',(#1179),#11544,.T.);
#11924=ADVANCED_FACE('',(#1180),#798,.F.);
#11925=ADVANCED_FACE('',(#1181),#11545,.T.);
#11926=ADVANCED_FACE('',(#1182),#799,.F.);
#11927=ADVANCED_FACE('',(#1183),#11546,.T.);
#11928=ADVANCED_FACE('',(#1184),#800,.F.);
#11929=ADVANCED_FACE('',(#1185),#11547,.T.);
#11930=ADVANCED_FACE('',(#1186),#801,.F.);
#11931=ADVANCED_FACE('',(#1187),#11548,.T.);
#11932=ADVANCED_FACE('',(#1188),#802,.F.);
#11933=ADVANCED_FACE('',(#1189),#11549,.T.);
#11934=ADVANCED_FACE('',(#1190),#803,.F.);
#11935=ADVANCED_FACE('',(#1191),#11550,.T.);
#11936=ADVANCED_FACE('',(#1192),#804,.F.);
#11937=ADVANCED_FACE('',(#1193),#11551,.T.);
#11938=ADVANCED_FACE('',(#1194),#805,.F.);
#11939=ADVANCED_FACE('',(#1195),#11552,.T.);
#11940=ADVANCED_FACE('',(#1196),#806,.F.);
#11941=ADVANCED_FACE('',(#1197),#11553,.T.);
#11942=ADVANCED_FACE('',(#1198),#807,.F.);
#11943=ADVANCED_FACE('',(#1199),#11554,.T.);
#11944=ADVANCED_FACE('',(#1200),#808,.F.);
#11945=ADVANCED_FACE('',(#1201),#11555,.T.);
#11946=ADVANCED_FACE('',(#1202),#809,.F.);
#11947=ADVANCED_FACE('',(#1203),#11556,.T.);
#11948=ADVANCED_FACE('',(#1204),#810,.F.);
#11949=ADVANCED_FACE('',(#1205),#11557,.T.);
#11950=ADVANCED_FACE('',(#1206),#811,.F.);
#11951=ADVANCED_FACE('',(#1207),#11558,.T.);
#11952=ADVANCED_FACE('',(#1208),#812,.F.);
#11953=ADVANCED_FACE('',(#1209),#11559,.T.);
#11954=ADVANCED_FACE('',(#1210),#813,.F.);
#11955=ADVANCED_FACE('',(#1211),#11560,.T.);
#11956=ADVANCED_FACE('',(#1212),#814,.F.);
#11957=ADVANCED_FACE('',(#1213),#11561,.T.);
#11958=ADVANCED_FACE('',(#1214),#815,.F.);
#11959=ADVANCED_FACE('',(#1215),#11562,.T.);
#11960=ADVANCED_FACE('',(#1216),#816,.F.);
#11961=ADVANCED_FACE('',(#1217),#11563,.T.);
#11962=ADVANCED_FACE('',(#1218),#817,.F.);
#11963=ADVANCED_FACE('',(#1219),#11564,.T.);
#11964=ADVANCED_FACE('',(#1220),#818,.F.);
#11965=ADVANCED_FACE('',(#1221),#11565,.T.);
#11966=ADVANCED_FACE('',(#1222),#819,.F.);
#11967=ADVANCED_FACE('',(#1223),#11566,.T.);
#11968=ADVANCED_FACE('',(#1224),#820,.F.);
#11969=ADVANCED_FACE('',(#1225),#11567,.T.);
#11970=ADVANCED_FACE('',(#1226),#821,.F.);
#11971=ADVANCED_FACE('',(#1227),#11568,.T.);
#11972=ADVANCED_FACE('',(#1228),#822,.F.);
#11973=ADVANCED_FACE('',(#1229),#11569,.T.);
#11974=ADVANCED_FACE('',(#1230),#823,.F.);
#11975=ADVANCED_FACE('',(#1231),#11570,.T.);
#11976=ADVANCED_FACE('',(#1232),#824,.F.);
#11977=ADVANCED_FACE('',(#1233),#11571,.T.);
#11978=ADVANCED_FACE('',(#1234),#825,.F.);
#11979=ADVANCED_FACE('',(#1235),#11572,.T.);
#11980=ADVANCED_FACE('',(#1236),#826,.F.);
#11981=ADVANCED_FACE('',(#1237),#11573,.T.);
#11982=ADVANCED_FACE('',(#1238),#827,.F.);
#11983=ADVANCED_FACE('',(#1239),#11574,.T.);
#11984=ADVANCED_FACE('',(#1240),#828,.F.);
#11985=ADVANCED_FACE('',(#1241),#11575,.T.);
#11986=ADVANCED_FACE('',(#1242),#829,.F.);
#11987=ADVANCED_FACE('',(#1243),#11576,.T.);
#11988=ADVANCED_FACE('',(#1244),#830,.F.);
#11989=ADVANCED_FACE('',(#1245),#11577,.T.);
#11990=ADVANCED_FACE('',(#1246),#831,.F.);
#11991=ADVANCED_FACE('',(#1247),#11578,.T.);
#11992=ADVANCED_FACE('',(#1248),#832,.F.);
#11993=ADVANCED_FACE('',(#1249),#11579,.T.);
#11994=ADVANCED_FACE('',(#1250),#833,.F.);
#11995=ADVANCED_FACE('',(#1251),#11580,.T.);
#11996=ADVANCED_FACE('',(#1252),#834,.T.);
#11997=ADVANCED_FACE('',(#1253),#11581,.T.);
#11998=ADVANCED_FACE('',(#1254),#835,.T.);
#11999=ADVANCED_FACE('',(#1255),#11582,.T.);
#12000=ADVANCED_FACE('',(#1256),#836,.F.);
#12001=ADVANCED_FACE('',(#1257),#11583,.T.);
#12002=ADVANCED_FACE('',(#1258),#837,.F.);
#12003=ADVANCED_FACE('',(#1259),#11584,.T.);
#12004=ADVANCED_FACE('',(#1260),#838,.F.);
#12005=ADVANCED_FACE('',(#1261),#11585,.T.);
#12006=ADVANCED_FACE('',(#1262),#839,.T.);
#12007=ADVANCED_FACE('',(#1263),#11586,.T.);
#12008=ADVANCED_FACE('',(#1264),#840,.F.);
#12009=ADVANCED_FACE('',(#1265),#11587,.T.);
#12010=ADVANCED_FACE('',(#1266),#841,.F.);
#12011=ADVANCED_FACE('',(#1267),#11588,.T.);
#12012=ADVANCED_FACE('',(#1268),#842,.T.);
#12013=ADVANCED_FACE('',(#1269),#11589,.T.);
#12014=ADVANCED_FACE('',(#1270),#843,.F.);
#12015=ADVANCED_FACE('',(#1271),#11590,.T.);
#12016=ADVANCED_FACE('',(#1272),#844,.F.);
#12017=ADVANCED_FACE('',(#1273),#11591,.T.);
#12018=ADVANCED_FACE('',(#1274),#845,.F.);
#12019=ADVANCED_FACE('',(#1275),#11592,.T.);
#12020=ADVANCED_FACE('',(#1276),#846,.F.);
#12021=ADVANCED_FACE('',(#1277),#11593,.T.);
#12022=ADVANCED_FACE('',(#1278),#847,.F.);
#12023=ADVANCED_FACE('',(#1279),#11594,.T.);
#12024=ADVANCED_FACE('',(#1280),#848,.F.);
#12025=ADVANCED_FACE('',(#1281),#11595,.T.);
#12026=ADVANCED_FACE('',(#1282),#849,.F.);
#12027=ADVANCED_FACE('',(#1283),#11596,.T.);
#12028=ADVANCED_FACE('',(#1284),#850,.F.);
#12029=ADVANCED_FACE('',(#1285),#11597,.T.);
#12030=ADVANCED_FACE('',(#1286),#851,.F.);
#12031=ADVANCED_FACE('',(#1287),#11598,.T.);
#12032=ADVANCED_FACE('',(#1288),#852,.F.);
#12033=ADVANCED_FACE('',(#1289),#11599,.T.);
#12034=ADVANCED_FACE('',(#1290),#853,.F.);
#12035=ADVANCED_FACE('',(#1291),#11600,.T.);
#12036=ADVANCED_FACE('',(#1292),#854,.F.);
#12037=ADVANCED_FACE('',(#1293),#11601,.T.);
#12038=ADVANCED_FACE('',(#1294),#855,.F.);
#12039=ADVANCED_FACE('',(#1295),#11602,.T.);
#12040=ADVANCED_FACE('',(#1296),#856,.F.);
#12041=ADVANCED_FACE('',(#1297),#11603,.T.);
#12042=ADVANCED_FACE('',(#1298),#857,.F.);
#12043=ADVANCED_FACE('',(#1299),#11604,.T.);
#12044=ADVANCED_FACE('',(#1300),#858,.F.);
#12045=ADVANCED_FACE('',(#1301),#11605,.T.);
#12046=ADVANCED_FACE('',(#1302),#859,.F.);
#12047=ADVANCED_FACE('',(#1303),#11606,.T.);
#12048=ADVANCED_FACE('',(#1304),#860,.F.);
#12049=ADVANCED_FACE('',(#1305),#11607,.T.);
#12050=ADVANCED_FACE('',(#1306),#861,.F.);
#12051=ADVANCED_FACE('',(#1307),#11608,.T.);
#12052=ADVANCED_FACE('',(#1308),#862,.F.);
#12053=ADVANCED_FACE('',(#1309),#11609,.T.);
#12054=ADVANCED_FACE('',(#1310),#863,.F.);
#12055=ADVANCED_FACE('',(#1311),#11610,.T.);
#12056=ADVANCED_FACE('',(#1312),#864,.F.);
#12057=ADVANCED_FACE('',(#1313),#11611,.T.);
#12058=ADVANCED_FACE('',(#1314),#865,.F.);
#12059=ADVANCED_FACE('',(#1315),#11612,.T.);
#12060=ADVANCED_FACE('',(#1316),#866,.F.);
#12061=ADVANCED_FACE('',(#1317),#11613,.T.);
#12062=ADVANCED_FACE('',(#1318),#867,.F.);
#12063=ADVANCED_FACE('',(#1319),#11614,.T.);
#12064=ADVANCED_FACE('',(#1320),#868,.F.);
#12065=ADVANCED_FACE('',(#1321),#11615,.T.);
#12066=ADVANCED_FACE('',(#1322),#869,.F.);
#12067=ADVANCED_FACE('',(#1323),#11616,.T.);
#12068=ADVANCED_FACE('',(#1324),#870,.F.);
#12069=ADVANCED_FACE('',(#1325),#11617,.T.);
#12070=ADVANCED_FACE('',(#1326),#871,.F.);
#12071=ADVANCED_FACE('',(#1327),#11618,.T.);
#12072=ADVANCED_FACE('',(#1328),#872,.F.);
#12073=ADVANCED_FACE('',(#1329),#11619,.T.);
#12074=ADVANCED_FACE('',(#1330),#873,.F.);
#12075=ADVANCED_FACE('',(#1331),#11620,.T.);
#12076=ADVANCED_FACE('',(#1332),#874,.F.);
#12077=ADVANCED_FACE('',(#1333),#11621,.T.);
#12078=ADVANCED_FACE('',(#1334),#875,.F.);
#12079=ADVANCED_FACE('',(#1335),#11622,.T.);
#12080=ADVANCED_FACE('',(#1336),#876,.F.);
#12081=ADVANCED_FACE('',(#1337),#11623,.T.);
#12082=ADVANCED_FACE('',(#1338),#877,.F.);
#12083=ADVANCED_FACE('',(#1339),#11624,.T.);
#12084=ADVANCED_FACE('',(#1340),#878,.F.);
#12085=ADVANCED_FACE('',(#1341),#11625,.T.);
#12086=ADVANCED_FACE('',(#1342),#879,.F.);
#12087=ADVANCED_FACE('',(#1343),#11626,.T.);
#12088=ADVANCED_FACE('',(#1344),#880,.F.);
#12089=ADVANCED_FACE('',(#1345),#11627,.T.);
#12090=ADVANCED_FACE('',(#1346),#881,.F.);
#12091=ADVANCED_FACE('',(#1347),#11628,.T.);
#12092=ADVANCED_FACE('',(#1348),#882,.F.);
#12093=ADVANCED_FACE('',(#1349),#11629,.T.);
#12094=ADVANCED_FACE('',(#1350),#883,.F.);
#12095=ADVANCED_FACE('',(#1351),#11630,.T.);
#12096=ADVANCED_FACE('',(#1352),#884,.F.);
#12097=ADVANCED_FACE('',(#1353),#11631,.T.);
#12098=ADVANCED_FACE('',(#1354),#885,.F.);
#12099=ADVANCED_FACE('',(#1355),#11632,.T.);
#12100=ADVANCED_FACE('',(#1356),#886,.F.);
#12101=ADVANCED_FACE('',(#1357),#11633,.T.);
#12102=ADVANCED_FACE('',(#1358),#887,.F.);
#12103=ADVANCED_FACE('',(#1359),#11634,.T.);
#12104=ADVANCED_FACE('',(#1360),#888,.F.);
#12105=ADVANCED_FACE('',(#1361),#11635,.T.);
#12106=ADVANCED_FACE('',(#1362),#889,.F.);
#12107=ADVANCED_FACE('',(#1363),#11636,.T.);
#12108=ADVANCED_FACE('',(#1364),#890,.F.);
#12109=ADVANCED_FACE('',(#1365),#11637,.T.);
#12110=ADVANCED_FACE('',(#1366),#891,.F.);
#12111=ADVANCED_FACE('',(#1367),#11638,.T.);
#12112=ADVANCED_FACE('',(#1368),#892,.F.);
#12113=ADVANCED_FACE('',(#1369),#11639,.T.);
#12114=ADVANCED_FACE('',(#1370),#893,.F.);
#12115=ADVANCED_FACE('',(#1371),#11640,.T.);
#12116=ADVANCED_FACE('',(#1372),#894,.F.);
#12117=ADVANCED_FACE('',(#1373),#11641,.T.);
#12118=ADVANCED_FACE('',(#1374),#895,.F.);
#12119=ADVANCED_FACE('',(#1375),#11642,.T.);
#12120=ADVANCED_FACE('',(#1376),#896,.F.);
#12121=ADVANCED_FACE('',(#1377),#11643,.T.);
#12122=ADVANCED_FACE('',(#1378),#897,.F.);
#12123=ADVANCED_FACE('',(#1379),#11644,.T.);
#12124=ADVANCED_FACE('',(#1380),#898,.F.);
#12125=ADVANCED_FACE('',(#1381),#11645,.T.);
#12126=ADVANCED_FACE('',(#1382),#899,.F.);
#12127=ADVANCED_FACE('',(#1383),#11646,.T.);
#12128=ADVANCED_FACE('',(#1384),#900,.F.);
#12129=ADVANCED_FACE('',(#1385),#11647,.T.);
#12130=ADVANCED_FACE('',(#1386),#901,.F.);
#12131=ADVANCED_FACE('',(#1387),#11648,.T.);
#12132=ADVANCED_FACE('',(#1388),#902,.F.);
#12133=ADVANCED_FACE('',(#1389),#11649,.T.);
#12134=ADVANCED_FACE('',(#1390),#903,.F.);
#12135=ADVANCED_FACE('',(#1391),#11650,.T.);
#12136=ADVANCED_FACE('',(#1392),#904,.F.);
#12137=ADVANCED_FACE('',(#1393),#11651,.T.);
#12138=ADVANCED_FACE('',(#1394),#905,.F.);
#12139=ADVANCED_FACE('',(#1395),#11652,.T.);
#12140=ADVANCED_FACE('',(#1396),#906,.F.);
#12141=ADVANCED_FACE('',(#1397),#11653,.T.);
#12142=ADVANCED_FACE('',(#1398),#907,.F.);
#12143=ADVANCED_FACE('',(#1399),#11654,.T.);
#12144=ADVANCED_FACE('',(#1400),#908,.F.);
#12145=ADVANCED_FACE('',(#1401),#11655,.T.);
#12146=ADVANCED_FACE('',(#1402),#909,.F.);
#12147=ADVANCED_FACE('',(#1403),#11656,.T.);
#12148=ADVANCED_FACE('',(#1404),#910,.F.);
#12149=ADVANCED_FACE('',(#1405),#11657,.T.);
#12150=ADVANCED_FACE('',(#1406),#911,.F.);
#12151=ADVANCED_FACE('',(#1407),#11658,.T.);
#12152=ADVANCED_FACE('',(#1408),#912,.F.);
#12153=ADVANCED_FACE('',(#1409),#11659,.T.);
#12154=ADVANCED_FACE('',(#1410),#913,.F.);
#12155=ADVANCED_FACE('',(#1411),#11660,.T.);
#12156=ADVANCED_FACE('',(#1412),#914,.F.);
#12157=ADVANCED_FACE('',(#1413),#11661,.T.);
#12158=ADVANCED_FACE('',(#1414),#915,.F.);
#12159=ADVANCED_FACE('',(#1415),#11662,.T.);
#12160=ADVANCED_FACE('',(#1416),#916,.F.);
#12161=ADVANCED_FACE('',(#1417),#11663,.T.);
#12162=ADVANCED_FACE('',(#1418),#917,.F.);
#12163=ADVANCED_FACE('',(#1419),#11664,.T.);
#12164=ADVANCED_FACE('',(#1420),#918,.F.);
#12165=ADVANCED_FACE('',(#1421),#11665,.T.);
#12166=ADVANCED_FACE('',(#1422),#919,.F.);
#12167=ADVANCED_FACE('',(#1423),#11666,.T.);
#12168=ADVANCED_FACE('',(#1424),#920,.F.);
#12169=ADVANCED_FACE('',(#1425),#11667,.T.);
#12170=ADVANCED_FACE('',(#1426),#921,.F.);
#12171=ADVANCED_FACE('',(#1427),#11668,.T.);
#12172=ADVANCED_FACE('',(#1428),#922,.F.);
#12173=ADVANCED_FACE('',(#1429),#11669,.T.);
#12174=ADVANCED_FACE('',(#1430),#923,.F.);
#12175=ADVANCED_FACE('',(#1431),#11670,.T.);
#12176=ADVANCED_FACE('',(#1432),#924,.F.);
#12177=ADVANCED_FACE('',(#1433),#11671,.T.);
#12178=ADVANCED_FACE('',(#1434),#925,.F.);
#12179=ADVANCED_FACE('',(#1435),#11672,.T.);
#12180=ADVANCED_FACE('',(#1436),#926,.F.);
#12181=ADVANCED_FACE('',(#1437),#11673,.T.);
#12182=ADVANCED_FACE('',(#1438),#927,.F.);
#12183=ADVANCED_FACE('',(#1439),#11674,.T.);
#12184=ADVANCED_FACE('',(#1440),#928,.F.);
#12185=ADVANCED_FACE('',(#1441),#11675,.T.);
#12186=ADVANCED_FACE('',(#1442),#929,.F.);
#12187=ADVANCED_FACE('',(#1443),#11676,.T.);
#12188=ADVANCED_FACE('',(#1444),#930,.F.);
#12189=ADVANCED_FACE('',(#1445),#11677,.T.);
#12190=ADVANCED_FACE('',(#1446),#931,.F.);
#12191=ADVANCED_FACE('',(#1447),#11678,.T.);
#12192=ADVANCED_FACE('',(#1448),#932,.F.);
#12193=ADVANCED_FACE('',(#1449),#11679,.T.);
#12194=ADVANCED_FACE('',(#1450),#933,.F.);
#12195=ADVANCED_FACE('',(#1451),#11680,.T.);
#12196=ADVANCED_FACE('',(#1452),#934,.F.);
#12197=ADVANCED_FACE('',(#1453),#11681,.T.);
#12198=ADVANCED_FACE('',(#1454),#935,.F.);
#12199=ADVANCED_FACE('',(#1455),#11682,.T.);
#12200=ADVANCED_FACE('',(#1456),#936,.F.);
#12201=ADVANCED_FACE('',(#1457),#11683,.T.);
#12202=ADVANCED_FACE('',(#1458),#937,.F.);
#12203=ADVANCED_FACE('',(#1459),#11684,.T.);
#12204=ADVANCED_FACE('',(#1460),#938,.F.);
#12205=ADVANCED_FACE('',(#1461),#11685,.T.);
#12206=ADVANCED_FACE('',(#1462),#939,.F.);
#12207=ADVANCED_FACE('',(#1463),#11686,.T.);
#12208=ADVANCED_FACE('',(#1464),#940,.F.);
#12209=ADVANCED_FACE('',(#1465),#11687,.T.);
#12210=ADVANCED_FACE('',(#1466),#941,.F.);
#12211=ADVANCED_FACE('',(#1467),#11688,.T.);
#12212=ADVANCED_FACE('',(#1468),#942,.F.);
#12213=ADVANCED_FACE('',(#1469),#11689,.T.);
#12214=ADVANCED_FACE('',(#1470),#943,.F.);
#12215=ADVANCED_FACE('',(#1471),#11690,.T.);
#12216=ADVANCED_FACE('',(#1472),#944,.F.);
#12217=ADVANCED_FACE('',(#1473),#11691,.T.);
#12218=ADVANCED_FACE('',(#1474),#945,.F.);
#12219=ADVANCED_FACE('',(#1475),#11692,.T.);
#12220=ADVANCED_FACE('',(#1476),#946,.F.);
#12221=ADVANCED_FACE('',(#1477),#11693,.T.);
#12222=ADVANCED_FACE('',(#1478),#947,.F.);
#12223=ADVANCED_FACE('',(#1479),#11694,.T.);
#12224=ADVANCED_FACE('',(#1480),#948,.F.);
#12225=ADVANCED_FACE('',(#1481),#11695,.T.);
#12226=ADVANCED_FACE('',(#1482),#949,.F.);
#12227=ADVANCED_FACE('',(#1483),#11696,.T.);
#12228=ADVANCED_FACE('',(#1484),#950,.F.);
#12229=ADVANCED_FACE('',(#1485),#11697,.T.);
#12230=ADVANCED_FACE('',(#1486),#951,.F.);
#12231=ADVANCED_FACE('',(#1487),#11698,.T.);
#12232=ADVANCED_FACE('',(#1488),#952,.F.);
#12233=ADVANCED_FACE('',(#1489),#11699,.T.);
#12234=ADVANCED_FACE('',(#1490),#953,.F.);
#12235=ADVANCED_FACE('',(#1491),#11700,.T.);
#12236=ADVANCED_FACE('',(#1492),#954,.F.);
#12237=ADVANCED_FACE('',(#1493),#11701,.T.);
#12238=ADVANCED_FACE('',(#1494),#955,.F.);
#12239=ADVANCED_FACE('',(#1495),#11702,.T.);
#12240=ADVANCED_FACE('',(#1496),#956,.F.);
#12241=ADVANCED_FACE('',(#1497),#11703,.T.);
#12242=ADVANCED_FACE('',(#1498),#957,.F.);
#12243=ADVANCED_FACE('',(#1499),#11704,.T.);
#12244=ADVANCED_FACE('',(#1500),#958,.F.);
#12245=ADVANCED_FACE('',(#1501),#11705,.T.);
#12246=ADVANCED_FACE('',(#1502),#959,.F.);
#12247=ADVANCED_FACE('',(#1503),#11706,.T.);
#12248=ADVANCED_FACE('',(#1504),#960,.F.);
#12249=ADVANCED_FACE('',(#1505),#11707,.T.);
#12250=ADVANCED_FACE('',(#1506),#961,.F.);
#12251=ADVANCED_FACE('',(#1507),#11708,.T.);
#12252=ADVANCED_FACE('',(#1508),#962,.F.);
#12253=ADVANCED_FACE('',(#1509),#11709,.T.);
#12254=ADVANCED_FACE('',(#1510),#963,.F.);
#12255=ADVANCED_FACE('',(#1511),#11710,.T.);
#12256=ADVANCED_FACE('',(#1512),#964,.F.);
#12257=ADVANCED_FACE('',(#1513),#11711,.T.);
#12258=ADVANCED_FACE('',(#1514),#965,.F.);
#12259=ADVANCED_FACE('',(#1515),#11712,.T.);
#12260=ADVANCED_FACE('',(#1516),#966,.F.);
#12261=ADVANCED_FACE('',(#1517),#11713,.T.);
#12262=ADVANCED_FACE('',(#1518),#967,.F.);
#12263=ADVANCED_FACE('',(#1519),#11714,.T.);
#12264=ADVANCED_FACE('',(#1520),#968,.F.);
#12265=ADVANCED_FACE('',(#1521),#11715,.T.);
#12266=ADVANCED_FACE('',(#1522),#969,.F.);
#12267=ADVANCED_FACE('',(#1523),#11716,.T.);
#12268=ADVANCED_FACE('',(#1524),#970,.F.);
#12269=ADVANCED_FACE('',(#1525),#11717,.T.);
#12270=ADVANCED_FACE('',(#1526),#971,.F.);
#12271=ADVANCED_FACE('',(#1527),#11718,.T.);
#12272=ADVANCED_FACE('',(#1528),#972,.F.);
#12273=ADVANCED_FACE('',(#1529),#11719,.T.);
#12274=ADVANCED_FACE('',(#1530),#973,.F.);
#12275=ADVANCED_FACE('',(#1531),#11720,.T.);
#12276=ADVANCED_FACE('',(#1532),#974,.F.);
#12277=ADVANCED_FACE('',(#1533),#11721,.T.);
#12278=ADVANCED_FACE('',(#1534),#975,.F.);
#12279=ADVANCED_FACE('',(#1535),#11722,.T.);
#12280=ADVANCED_FACE('',(#1536),#976,.F.);
#12281=ADVANCED_FACE('',(#1537),#11723,.T.);
#12282=ADVANCED_FACE('',(#1538),#977,.F.);
#12283=ADVANCED_FACE('',(#1539),#11724,.T.);
#12284=ADVANCED_FACE('',(#1540),#978,.F.);
#12285=ADVANCED_FACE('',(#1541),#11725,.T.);
#12286=ADVANCED_FACE('',(#1542),#979,.F.);
#12287=ADVANCED_FACE('',(#1543),#11726,.T.);
#12288=ADVANCED_FACE('',(#1544),#980,.F.);
#12289=ADVANCED_FACE('',(#1545),#11727,.T.);
#12290=ADVANCED_FACE('',(#1546),#981,.F.);
#12291=ADVANCED_FACE('',(#1547),#11728,.T.);
#12292=ADVANCED_FACE('',(#1548),#982,.F.);
#12293=ADVANCED_FACE('',(#1549),#11729,.T.);
#12294=ADVANCED_FACE('',(#1550),#983,.F.);
#12295=ADVANCED_FACE('',(#1551),#11730,.T.);
#12296=ADVANCED_FACE('',(#1552),#984,.F.);
#12297=ADVANCED_FACE('',(#1553),#11731,.T.);
#12298=ADVANCED_FACE('',(#1554),#985,.F.);
#12299=ADVANCED_FACE('',(#1555),#11732,.T.);
#12300=ADVANCED_FACE('',(#1556),#986,.F.);
#12301=ADVANCED_FACE('',(#1557),#11733,.T.);
#12302=ADVANCED_FACE('',(#1558),#987,.F.);
#12303=ADVANCED_FACE('',(#1559),#11734,.T.);
#12304=ADVANCED_FACE('',(#1560),#988,.F.);
#12305=ADVANCED_FACE('',(#1561),#11735,.T.);
#12306=ADVANCED_FACE('',(#1562),#989,.F.);
#12307=ADVANCED_FACE('',(#1563),#11736,.T.);
#12308=ADVANCED_FACE('',(#1564),#990,.F.);
#12309=ADVANCED_FACE('',(#1565),#11737,.T.);
#12310=ADVANCED_FACE('',(#1566),#991,.F.);
#12311=ADVANCED_FACE('',(#1567),#11738,.T.);
#12312=ADVANCED_FACE('',(#1568),#992,.F.);
#12313=ADVANCED_FACE('',(#1569),#11739,.T.);
#12314=ADVANCED_FACE('',(#1570),#993,.F.);
#12315=ADVANCED_FACE('',(#1571),#11740,.T.);
#12316=ADVANCED_FACE('',(#1572),#994,.F.);
#12317=ADVANCED_FACE('',(#1573),#11741,.T.);
#12318=ADVANCED_FACE('',(#1574),#995,.F.);
#12319=ADVANCED_FACE('',(#1575),#11742,.T.);
#12320=ADVANCED_FACE('',(#1576),#996,.F.);
#12321=ADVANCED_FACE('',(#1577),#11743,.T.);
#12322=ADVANCED_FACE('',(#1578),#997,.F.);
#12323=ADVANCED_FACE('',(#1579),#11744,.T.);
#12324=ADVANCED_FACE('',(#1580),#998,.F.);
#12325=ADVANCED_FACE('',(#1581),#11745,.T.);
#12326=ADVANCED_FACE('',(#1582),#999,.F.);
#12327=ADVANCED_FACE('',(#1583),#11746,.T.);
#12328=ADVANCED_FACE('',(#1584),#1000,.F.);
#12329=ADVANCED_FACE('',(#1585),#11747,.T.);
#12330=ADVANCED_FACE('',(#1586),#1001,.F.);
#12331=ADVANCED_FACE('',(#1587),#11748,.T.);
#12332=ADVANCED_FACE('',(#1588),#1002,.F.);
#12333=ADVANCED_FACE('',(#1589),#11749,.T.);
#12334=ADVANCED_FACE('',(#1590),#1003,.F.);
#12335=ADVANCED_FACE('',(#1591),#11750,.T.);
#12336=ADVANCED_FACE('',(#1592),#1004,.F.);
#12337=ADVANCED_FACE('',(#1593),#11751,.T.);
#12338=ADVANCED_FACE('',(#1594),#1005,.F.);
#12339=ADVANCED_FACE('',(#1595),#11752,.T.);
#12340=ADVANCED_FACE('',(#1596),#1006,.F.);
#12341=ADVANCED_FACE('',(#1597),#11753,.T.);
#12342=ADVANCED_FACE('',(#1598),#1007,.F.);
#12343=ADVANCED_FACE('',(#1599),#11754,.T.);
#12344=ADVANCED_FACE('',(#1600),#1008,.F.);
#12345=ADVANCED_FACE('',(#1601),#11755,.T.);
#12346=ADVANCED_FACE('',(#1602),#1009,.F.);
#12347=ADVANCED_FACE('',(#1603),#11756,.T.);
#12348=ADVANCED_FACE('',(#1604),#1010,.F.);
#12349=ADVANCED_FACE('',(#1605),#11757,.T.);
#12350=ADVANCED_FACE('',(#1606),#1011,.F.);
#12351=ADVANCED_FACE('',(#1607),#11758,.T.);
#12352=ADVANCED_FACE('',(#1608),#1012,.F.);
#12353=ADVANCED_FACE('',(#1609),#11759,.T.);
#12354=ADVANCED_FACE('',(#1610),#1013,.F.);
#12355=ADVANCED_FACE('',(#1611),#11760,.T.);
#12356=ADVANCED_FACE('',(#1612),#1014,.F.);
#12357=ADVANCED_FACE('',(#1613),#11761,.T.);
#12358=ADVANCED_FACE('',(#1614),#1015,.F.);
#12359=ADVANCED_FACE('',(#1615),#11762,.T.);
#12360=ADVANCED_FACE('',(#1616),#1016,.F.);
#12361=ADVANCED_FACE('',(#1617),#11763,.T.);
#12362=ADVANCED_FACE('',(#1618),#1017,.F.);
#12363=ADVANCED_FACE('',(#1619),#11764,.T.);
#12364=ADVANCED_FACE('',(#1620),#1018,.F.);
#12365=ADVANCED_FACE('',(#1621),#11765,.T.);
#12366=ADVANCED_FACE('',(#1622),#1019,.F.);
#12367=ADVANCED_FACE('',(#1623),#11766,.T.);
#12368=ADVANCED_FACE('',(#1624),#1020,.T.);
#12369=ADVANCED_FACE('',(#1625),#1021,.T.);
#12370=ADVANCED_FACE('',(#1626),#11767,.T.);
#12371=ADVANCED_FACE('',(#1627),#1022,.F.);
#12372=ADVANCED_FACE('',(#1628),#1023,.T.);
#12373=ADVANCED_FACE('',(#1629),#11768,.T.);
#12374=ADVANCED_FACE('',(#1630),#1024,.T.);
#12375=CLOSED_SHELL('',(#11769,#11770,#11771,#11772,#11773,#11774,#11775,
#11776,#11777,#11778,#11779,#11780,#11781,#11782,#11783,#11784,#11785,#11786,
#11787,#11788,#11789,#11790,#11791,#11792,#11793,#11794,#11795,#11796,#11797,
#11798,#11799,#11800,#11801,#11802,#11803,#11804,#11805,#11806,#11807,#11808,
#11809,#11810,#11811,#11812,#11813,#11814,#11815,#11816,#11817,#11818,#11819,
#11820,#11821,#11822,#11823,#11824,#11825,#11826,#11827,#11828,#11829,#11830,
#11831,#11832,#11833,#11834,#11835,#11836,#11837,#11838,#11839,#11840,#11841,
#11842,#11843,#11844,#11845,#11846,#11847,#11848,#11849,#11850,#11851,#11852,
#11853,#11854,#11855,#11856,#11857,#11858,#11859,#11860,#11861,#11862,#11863,
#11864,#11865,#11866,#11867,#11868,#11869,#11870,#11871,#11872,#11873,#11874,
#11875,#11876,#11877,#11878,#11879,#11880,#11881,#11882,#11883,#11884,#11885,
#11886,#11887,#11888,#11889,#11890,#11891,#11892,#11893,#11894,#11895,#11896,
#11897,#11898,#11899,#11900,#11901,#11902,#11903,#11904,#11905,#11906,#11907,
#11908,#11909,#11910,#11911,#11912,#11913,#11914,#11915,#11916,#11917,#11918,
#11919,#11920,#11921,#11922,#11923,#11924,#11925,#11926,#11927,#11928,#11929,
#11930,#11931,#11932,#11933,#11934,#11935,#11936,#11937,#11938,#11939,#11940,
#11941,#11942,#11943,#11944,#11945,#11946,#11947,#11948,#11949,#11950,#11951,
#11952,#11953,#11954,#11955,#11956,#11957,#11958,#11959,#11960,#11961,#11962,
#11963,#11964,#11965,#11966,#11967,#11968,#11969,#11970,#11971,#11972,#11973,
#11974,#11975,#11976,#11977,#11978,#11979,#11980,#11981,#11982,#11983,#11984,
#11985,#11986,#11987,#11988,#11989,#11990,#11991,#11992,#11993,#11994,#11995,
#11996,#11997,#11998,#11999,#12000,#12001,#12002,#12003,#12004,#12005,#12006,
#12007,#12008,#12009,#12010,#12011,#12012,#12013,#12014,#12015,#12016,#12017,
#12018,#12019,#12020,#12021,#12022,#12023,#12024,#12025,#12026,#12027,#12028,
#12029,#12030,#12031,#12032,#12033,#12034,#12035,#12036,#12037,#12038,#12039,
#12040,#12041,#12042,#12043,#12044,#12045,#12046,#12047,#12048,#12049,#12050,
#12051,#12052,#12053,#12054,#12055,#12056,#12057,#12058,#12059,#12060,#12061,
#12062,#12063,#12064,#12065,#12066,#12067,#12068,#12069,#12070,#12071,#12072,
#12073,#12074,#12075,#12076,#12077,#12078,#12079,#12080,#12081,#12082,#12083,
#12084,#12085,#12086,#12087,#12088,#12089,#12090,#12091,#12092,#12093,#12094,
#12095,#12096,#12097,#12098,#12099,#12100,#12101,#12102,#12103,#12104,#12105,
#12106,#12107,#12108,#12109,#12110,#12111,#12112,#12113,#12114,#12115,#12116,
#12117,#12118,#12119,#12120,#12121,#12122,#12123,#12124,#12125,#12126,#12127,
#12128,#12129,#12130,#12131,#12132,#12133,#12134,#12135,#12136,#12137,#12138,
#12139,#12140,#12141,#12142,#12143,#12144,#12145,#12146,#12147,#12148,#12149,
#12150,#12151,#12152,#12153,#12154,#12155,#12156,#12157,#12158,#12159,#12160,
#12161,#12162,#12163,#12164,#12165,#12166,#12167,#12168,#12169,#12170,#12171,
#12172,#12173,#12174,#12175,#12176,#12177,#12178,#12179,#12180,#12181,#12182,
#12183,#12184,#12185,#12186,#12187,#12188,#12189,#12190,#12191,#12192,#12193,
#12194,#12195,#12196,#12197,#12198,#12199,#12200,#12201,#12202,#12203,#12204,
#12205,#12206,#12207,#12208,#12209,#12210,#12211,#12212,#12213,#12214,#12215,
#12216,#12217,#12218,#12219,#12220,#12221,#12222,#12223,#12224,#12225,#12226,
#12227,#12228,#12229,#12230,#12231,#12232,#12233,#12234,#12235,#12236,#12237,
#12238,#12239,#12240,#12241,#12242,#12243,#12244,#12245,#12246,#12247,#12248,
#12249,#12250,#12251,#12252,#12253,#12254,#12255,#12256,#12257,#12258,#12259,
#12260,#12261,#12262,#12263,#12264,#12265,#12266,#12267,#12268,#12269,#12270,
#12271,#12272,#12273,#12274,#12275,#12276,#12277,#12278,#12279,#12280,#12281,
#12282,#12283,#12284,#12285,#12286,#12287,#12288,#12289,#12290,#12291,#12292,
#12293,#12294,#12295,#12296,#12297,#12298,#12299,#12300,#12301,#12302,#12303,
#12304,#12305,#12306,#12307,#12308,#12309,#12310,#12311,#12312,#12313,#12314,
#12315,#12316,#12317,#12318,#12319,#12320,#12321,#12322,#12323,#12324,#12325,
#12326,#12327,#12328,#12329,#12330,#12331,#12332,#12333,#12334,#12335,#12336,
#12337,#12338,#12339,#12340,#12341,#12342,#12343,#12344,#12345,#12346,#12347,
#12348,#12349,#12350,#12351,#12352,#12353,#12354,#12355,#12356,#12357,#12358,
#12359,#12360,#12361,#12362,#12363,#12364,#12365,#12366,#12367,#12368,#12369,
#12370,#12371,#12372,#12373,#12374));
#12376=AXIS2_PLACEMENT_3D('',#17185,#13571,#13572);
#12377=AXIS2_PLACEMENT_3D('',#17186,#13573,#13574);
#12378=AXIS2_PLACEMENT_3D('',#17195,#13579,#13580);
#12379=AXIS2_PLACEMENT_3D('',#17197,#13581,#13582);
#12380=AXIS2_PLACEMENT_3D('',#17199,#13583,#13584);
#12381=AXIS2_PLACEMENT_3D('',#17201,#13586,#13587);
#12382=AXIS2_PLACEMENT_3D('',#17207,#13591,#13592);
#12383=AXIS2_PLACEMENT_3D('',#17208,#13593,#13594);
#12384=AXIS2_PLACEMENT_3D('',#17209,#13595,#13596);
#12385=AXIS2_PLACEMENT_3D('',#17210,#13597,#13598);
#12386=AXIS2_PLACEMENT_3D('',#17219,#13603,#13604);
#12387=AXIS2_PLACEMENT_3D('',#17221,#13605,#13606);
#12388=AXIS2_PLACEMENT_3D('',#17223,#13607,#13608);
#12389=AXIS2_PLACEMENT_3D('',#17225,#13610,#13611);
#12390=AXIS2_PLACEMENT_3D('',#17231,#13615,#13616);
#12391=AXIS2_PLACEMENT_3D('',#17232,#13617,#13618);
#12392=AXIS2_PLACEMENT_3D('',#17233,#13619,#13620);
#12393=AXIS2_PLACEMENT_3D('',#17234,#13621,#13622);
#12394=AXIS2_PLACEMENT_3D('',#17243,#13627,#13628);
#12395=AXIS2_PLACEMENT_3D('',#17245,#13629,#13630);
#12396=AXIS2_PLACEMENT_3D('',#17247,#13631,#13632);
#12397=AXIS2_PLACEMENT_3D('',#17249,#13634,#13635);
#12398=AXIS2_PLACEMENT_3D('',#17255,#13639,#13640);
#12399=AXIS2_PLACEMENT_3D('',#17256,#13641,#13642);
#12400=AXIS2_PLACEMENT_3D('',#17257,#13643,#13644);
#12401=AXIS2_PLACEMENT_3D('',#17258,#13645,#13646);
#12402=AXIS2_PLACEMENT_3D('',#17267,#13651,#13652);
#12403=AXIS2_PLACEMENT_3D('',#17269,#13653,#13654);
#12404=AXIS2_PLACEMENT_3D('',#17271,#13655,#13656);
#12405=AXIS2_PLACEMENT_3D('',#17273,#13658,#13659);
#12406=AXIS2_PLACEMENT_3D('',#17279,#13663,#13664);
#12407=AXIS2_PLACEMENT_3D('',#17280,#13665,#13666);
#12408=AXIS2_PLACEMENT_3D('',#17281,#13667,#13668);
#12409=AXIS2_PLACEMENT_3D('',#17282,#13669,#13670);
#12410=AXIS2_PLACEMENT_3D('',#17291,#13675,#13676);
#12411=AXIS2_PLACEMENT_3D('',#17293,#13677,#13678);
#12412=AXIS2_PLACEMENT_3D('',#17295,#13679,#13680);
#12413=AXIS2_PLACEMENT_3D('',#17297,#13682,#13683);
#12414=AXIS2_PLACEMENT_3D('',#17303,#13687,#13688);
#12415=AXIS2_PLACEMENT_3D('',#17304,#13689,#13690);
#12416=AXIS2_PLACEMENT_3D('',#17305,#13691,#13692);
#12417=AXIS2_PLACEMENT_3D('',#17306,#13693,#13694);
#12418=AXIS2_PLACEMENT_3D('',#17315,#13699,#13700);
#12419=AXIS2_PLACEMENT_3D('',#17317,#13701,#13702);
#12420=AXIS2_PLACEMENT_3D('',#17319,#13703,#13704);
#12421=AXIS2_PLACEMENT_3D('',#17321,#13706,#13707);
#12422=AXIS2_PLACEMENT_3D('',#17327,#13711,#13712);
#12423=AXIS2_PLACEMENT_3D('',#17328,#13713,#13714);
#12424=AXIS2_PLACEMENT_3D('',#17329,#13715,#13716);
#12425=AXIS2_PLACEMENT_3D('',#17330,#13717,#13718);
#12426=AXIS2_PLACEMENT_3D('',#17333,#13719,#13720);
#12427=AXIS2_PLACEMENT_3D('',#17337,#13722,#13723);
#12428=AXIS2_PLACEMENT_3D('',#17339,#13725,#13726);
#12429=AXIS2_PLACEMENT_3D('',#17345,#13730,#13731);
#12430=AXIS2_PLACEMENT_3D('',#17347,#13732,#13733);
#12431=AXIS2_PLACEMENT_3D('',#17349,#13734,#13735);
#12432=AXIS2_PLACEMENT_3D('',#17351,#13737,#13738);
#12433=AXIS2_PLACEMENT_3D('',#17354,#13741,#13742);
#12434=AXIS2_PLACEMENT_3D('',#17357,#13743,#13744);
#12435=AXIS2_PLACEMENT_3D('',#17361,#13746,#13747);
#12436=AXIS2_PLACEMENT_3D('',#17363,#13749,#13750);
#12437=AXIS2_PLACEMENT_3D('',#17369,#13754,#13755);
#12438=AXIS2_PLACEMENT_3D('',#17371,#13756,#13757);
#12439=AXIS2_PLACEMENT_3D('',#17373,#13758,#13759);
#12440=AXIS2_PLACEMENT_3D('',#17375,#13761,#13762);
#12441=AXIS2_PLACEMENT_3D('',#17378,#13765,#13766);
#12442=AXIS2_PLACEMENT_3D('',#17381,#13767,#13768);
#12443=AXIS2_PLACEMENT_3D('',#17385,#13770,#13771);
#12444=AXIS2_PLACEMENT_3D('',#17387,#13773,#13774);
#12445=AXIS2_PLACEMENT_3D('',#17393,#13778,#13779);
#12446=AXIS2_PLACEMENT_3D('',#17396,#13780,#13781);
#12447=AXIS2_PLACEMENT_3D('',#17400,#13783,#13784);
#12448=AXIS2_PLACEMENT_3D('',#17402,#13786,#13787);
#12449=AXIS2_PLACEMENT_3D('',#17405,#13790,#13791);
#12450=AXIS2_PLACEMENT_3D('',#17411,#13794,#13795);
#12451=AXIS2_PLACEMENT_3D('',#17417,#13798,#13799);
#12452=AXIS2_PLACEMENT_3D('',#17421,#13801,#13802);
#12453=AXIS2_PLACEMENT_3D('',#17425,#13804,#13805);
#12454=AXIS2_PLACEMENT_3D('',#17429,#13807,#13808);
#12455=AXIS2_PLACEMENT_3D('',#17435,#13811,#13812);
#12456=AXIS2_PLACEMENT_3D('',#17441,#13815,#13816);
#12457=AXIS2_PLACEMENT_3D('',#17445,#13818,#13819);
#12458=AXIS2_PLACEMENT_3D('',#17449,#13821,#13822);
#12459=AXIS2_PLACEMENT_3D('',#17453,#13824,#13825);
#12460=AXIS2_PLACEMENT_3D('',#17457,#13827,#13828);
#12461=AXIS2_PLACEMENT_3D('',#17461,#13830,#13831);
#12462=AXIS2_PLACEMENT_3D('',#17467,#13834,#13835);
#12463=AXIS2_PLACEMENT_3D('',#17473,#13838,#13839);
#12464=AXIS2_PLACEMENT_3D('',#17477,#13841,#13842);
#12465=AXIS2_PLACEMENT_3D('',#17481,#13844,#13845);
#12466=AXIS2_PLACEMENT_3D('',#17485,#13847,#13848);
#12467=AXIS2_PLACEMENT_3D('',#17491,#13851,#13852);
#12468=AXIS2_PLACEMENT_3D('',#17497,#13855,#13856);
#12469=AXIS2_PLACEMENT_3D('',#17501,#13858,#13859);
#12470=AXIS2_PLACEMENT_3D('',#17505,#13861,#13862);
#12471=AXIS2_PLACEMENT_3D('',#17509,#13864,#13865);
#12472=AXIS2_PLACEMENT_3D('',#17513,#13867,#13868);
#12473=AXIS2_PLACEMENT_3D('',#17517,#13870,#13871);
#12474=AXIS2_PLACEMENT_3D('',#17523,#13874,#13875);
#12475=AXIS2_PLACEMENT_3D('',#17529,#13878,#13879);
#12476=AXIS2_PLACEMENT_3D('',#17533,#13881,#13882);
#12477=AXIS2_PLACEMENT_3D('',#17537,#13884,#13885);
#12478=AXIS2_PLACEMENT_3D('',#17541,#13887,#13888);
#12479=AXIS2_PLACEMENT_3D('',#17547,#13891,#13892);
#12480=AXIS2_PLACEMENT_3D('',#17553,#13895,#13896);
#12481=AXIS2_PLACEMENT_3D('',#17557,#13898,#13899);
#12482=AXIS2_PLACEMENT_3D('',#17561,#13901,#13902);
#12483=AXIS2_PLACEMENT_3D('',#17565,#13904,#13905);
#12484=AXIS2_PLACEMENT_3D('',#17571,#13908,#13909);
#12485=AXIS2_PLACEMENT_3D('',#17577,#13912,#13913);
#12486=AXIS2_PLACEMENT_3D('',#17581,#13915,#13916);
#12487=AXIS2_PLACEMENT_3D('',#17585,#13918,#13919);
#12488=AXIS2_PLACEMENT_3D('',#17589,#13921,#13922);
#12489=AXIS2_PLACEMENT_3D('',#17595,#13925,#13926);
#12490=AXIS2_PLACEMENT_3D('',#17601,#13929,#13930);
#12491=AXIS2_PLACEMENT_3D('',#17605,#13932,#13933);
#12492=AXIS2_PLACEMENT_3D('',#17609,#13935,#13936);
#12493=AXIS2_PLACEMENT_3D('',#17612,#13938,#13939);
#12494=AXIS2_PLACEMENT_3D('',#17615,#13940,#13941);
#12495=AXIS2_PLACEMENT_3D('',#17619,#13943,#13944);
#12496=AXIS2_PLACEMENT_3D('',#17623,#13946,#13947);
#12497=AXIS2_PLACEMENT_3D('',#17627,#13949,#13950);
#12498=AXIS2_PLACEMENT_3D('',#17631,#13952,#13953);
#12499=AXIS2_PLACEMENT_3D('',#17635,#13955,#13956);
#12500=AXIS2_PLACEMENT_3D('',#17639,#13958,#13959);
#12501=AXIS2_PLACEMENT_3D('',#17643,#13961,#13962);
#12502=AXIS2_PLACEMENT_3D('',#17647,#13964,#13965);
#12503=AXIS2_PLACEMENT_3D('',#17651,#13967,#13968);
#12504=AXIS2_PLACEMENT_3D('',#17655,#13970,#13971);
#12505=AXIS2_PLACEMENT_3D('',#17659,#13973,#13974);
#12506=AXIS2_PLACEMENT_3D('',#17663,#13976,#13977);
#12507=AXIS2_PLACEMENT_3D('',#17667,#13979,#13980);
#12508=AXIS2_PLACEMENT_3D('',#17671,#13982,#13983);
#12509=AXIS2_PLACEMENT_3D('',#17675,#13985,#13986);
#12510=AXIS2_PLACEMENT_3D('',#17679,#13988,#13989);
#12511=AXIS2_PLACEMENT_3D('',#17683,#13991,#13992);
#12512=AXIS2_PLACEMENT_3D('',#17687,#13994,#13995);
#12513=AXIS2_PLACEMENT_3D('',#17691,#13997,#13998);
#12514=AXIS2_PLACEMENT_3D('',#17695,#14000,#14001);
#12515=AXIS2_PLACEMENT_3D('',#17699,#14003,#14004);
#12516=AXIS2_PLACEMENT_3D('',#17703,#14006,#14007);
#12517=AXIS2_PLACEMENT_3D('',#17707,#14009,#14010);
#12518=AXIS2_PLACEMENT_3D('',#17711,#14012,#14013);
#12519=AXIS2_PLACEMENT_3D('',#17715,#14015,#14016);
#12520=AXIS2_PLACEMENT_3D('',#17719,#14018,#14019);
#12521=AXIS2_PLACEMENT_3D('',#17723,#14021,#14022);
#12522=AXIS2_PLACEMENT_3D('',#17727,#14024,#14025);
#12523=AXIS2_PLACEMENT_3D('',#17731,#14027,#14028);
#12524=AXIS2_PLACEMENT_3D('',#17735,#14030,#14031);
#12525=AXIS2_PLACEMENT_3D('',#17739,#14033,#14034);
#12526=AXIS2_PLACEMENT_3D('',#17743,#14036,#14037);
#12527=AXIS2_PLACEMENT_3D('',#17747,#14039,#14040);
#12528=AXIS2_PLACEMENT_3D('',#17751,#14042,#14043);
#12529=AXIS2_PLACEMENT_3D('',#17755,#14045,#14046);
#12530=AXIS2_PLACEMENT_3D('',#17759,#14048,#14049);
#12531=AXIS2_PLACEMENT_3D('',#17763,#14051,#14052);
#12532=AXIS2_PLACEMENT_3D('',#17767,#14054,#14055);
#12533=AXIS2_PLACEMENT_3D('',#17771,#14057,#14058);
#12534=AXIS2_PLACEMENT_3D('',#17775,#14060,#14061);
#12535=AXIS2_PLACEMENT_3D('',#17779,#14063,#14064);
#12536=AXIS2_PLACEMENT_3D('',#17783,#14066,#14067);
#12537=AXIS2_PLACEMENT_3D('',#17787,#14069,#14070);
#12538=AXIS2_PLACEMENT_3D('',#17791,#14072,#14073);
#12539=AXIS2_PLACEMENT_3D('',#17795,#14075,#14076);
#12540=AXIS2_PLACEMENT_3D('',#17799,#14078,#14079);
#12541=AXIS2_PLACEMENT_3D('',#17803,#14081,#14082);
#12542=AXIS2_PLACEMENT_3D('',#17807,#14084,#14085);
#12543=AXIS2_PLACEMENT_3D('',#17811,#14087,#14088);
#12544=AXIS2_PLACEMENT_3D('',#17815,#14090,#14091);
#12545=AXIS2_PLACEMENT_3D('',#17819,#14093,#14094);
#12546=AXIS2_PLACEMENT_3D('',#17823,#14096,#14097);
#12547=AXIS2_PLACEMENT_3D('',#17827,#14099,#14100);
#12548=AXIS2_PLACEMENT_3D('',#17831,#14102,#14103);
#12549=AXIS2_PLACEMENT_3D('',#17835,#14105,#14106);
#12550=AXIS2_PLACEMENT_3D('',#17839,#14108,#14109);
#12551=AXIS2_PLACEMENT_3D('',#17843,#14111,#14112);
#12552=AXIS2_PLACEMENT_3D('',#17847,#14114,#14115);
#12553=AXIS2_PLACEMENT_3D('',#17851,#14117,#14118);
#12554=AXIS2_PLACEMENT_3D('',#17855,#14120,#14121);
#12555=AXIS2_PLACEMENT_3D('',#17859,#14123,#14124);
#12556=AXIS2_PLACEMENT_3D('',#17863,#14126,#14127);
#12557=AXIS2_PLACEMENT_3D('',#17867,#14129,#14130);
#12558=AXIS2_PLACEMENT_3D('',#17871,#14132,#14133);
#12559=AXIS2_PLACEMENT_3D('',#17875,#14135,#14136);
#12560=AXIS2_PLACEMENT_3D('',#17879,#14138,#14139);
#12561=AXIS2_PLACEMENT_3D('',#17883,#14141,#14142);
#12562=AXIS2_PLACEMENT_3D('',#17887,#14144,#14145);
#12563=AXIS2_PLACEMENT_3D('',#17891,#14147,#14148);
#12564=AXIS2_PLACEMENT_3D('',#17895,#14150,#14151);
#12565=AXIS2_PLACEMENT_3D('',#17899,#14153,#14154);
#12566=AXIS2_PLACEMENT_3D('',#17903,#14156,#14157);
#12567=AXIS2_PLACEMENT_3D('',#17907,#14159,#14160);
#12568=AXIS2_PLACEMENT_3D('',#17911,#14162,#14163);
#12569=AXIS2_PLACEMENT_3D('',#17915,#14165,#14166);
#12570=AXIS2_PLACEMENT_3D('',#17919,#14168,#14169);
#12571=AXIS2_PLACEMENT_3D('',#17923,#14171,#14172);
#12572=AXIS2_PLACEMENT_3D('',#17927,#14174,#14175);
#12573=AXIS2_PLACEMENT_3D('',#17931,#14177,#14178);
#12574=AXIS2_PLACEMENT_3D('',#17935,#14180,#14181);
#12575=AXIS2_PLACEMENT_3D('',#17939,#14183,#14184);
#12576=AXIS2_PLACEMENT_3D('',#17943,#14186,#14187);
#12577=AXIS2_PLACEMENT_3D('',#17947,#14189,#14190);
#12578=AXIS2_PLACEMENT_3D('',#17951,#14192,#14193);
#12579=AXIS2_PLACEMENT_3D('',#17955,#14195,#14196);
#12580=AXIS2_PLACEMENT_3D('',#17959,#14198,#14199);
#12581=AXIS2_PLACEMENT_3D('',#17963,#14201,#14202);
#12582=AXIS2_PLACEMENT_3D('',#17967,#14204,#14205);
#12583=AXIS2_PLACEMENT_3D('',#17971,#14207,#14208);
#12584=AXIS2_PLACEMENT_3D('',#17975,#14210,#14211);
#12585=AXIS2_PLACEMENT_3D('',#17979,#14213,#14214);
#12586=AXIS2_PLACEMENT_3D('',#17983,#14216,#14217);
#12587=AXIS2_PLACEMENT_3D('',#17987,#14219,#14220);
#12588=AXIS2_PLACEMENT_3D('',#17991,#14222,#14223);
#12589=AXIS2_PLACEMENT_3D('',#17995,#14225,#14226);
#12590=AXIS2_PLACEMENT_3D('',#17999,#14228,#14229);
#12591=AXIS2_PLACEMENT_3D('',#18003,#14231,#14232);
#12592=AXIS2_PLACEMENT_3D('',#18007,#14234,#14235);
#12593=AXIS2_PLACEMENT_3D('',#18011,#14237,#14238);
#12594=AXIS2_PLACEMENT_3D('',#18015,#14240,#14241);
#12595=AXIS2_PLACEMENT_3D('',#18019,#14243,#14244);
#12596=AXIS2_PLACEMENT_3D('',#18023,#14246,#14247);
#12597=AXIS2_PLACEMENT_3D('',#18027,#14249,#14250);
#12598=AXIS2_PLACEMENT_3D('',#18031,#14252,#14253);
#12599=AXIS2_PLACEMENT_3D('',#18035,#14255,#14256);
#12600=AXIS2_PLACEMENT_3D('',#18039,#14258,#14259);
#12601=AXIS2_PLACEMENT_3D('',#18043,#14261,#14262);
#12602=AXIS2_PLACEMENT_3D('',#18047,#14264,#14265);
#12603=AXIS2_PLACEMENT_3D('',#18051,#14267,#14268);
#12604=AXIS2_PLACEMENT_3D('',#18055,#14270,#14271);
#12605=AXIS2_PLACEMENT_3D('',#18059,#14273,#14274);
#12606=AXIS2_PLACEMENT_3D('',#18063,#14276,#14277);
#12607=AXIS2_PLACEMENT_3D('',#18067,#14279,#14280);
#12608=AXIS2_PLACEMENT_3D('',#18071,#14282,#14283);
#12609=AXIS2_PLACEMENT_3D('',#18075,#14285,#14286);
#12610=AXIS2_PLACEMENT_3D('',#18079,#14288,#14289);
#12611=AXIS2_PLACEMENT_3D('',#18083,#14291,#14292);
#12612=AXIS2_PLACEMENT_3D('',#18087,#14294,#14295);
#12613=AXIS2_PLACEMENT_3D('',#18091,#14297,#14298);
#12614=AXIS2_PLACEMENT_3D('',#18095,#14300,#14301);
#12615=AXIS2_PLACEMENT_3D('',#18099,#14303,#14304);
#12616=AXIS2_PLACEMENT_3D('',#18103,#14306,#14307);
#12617=AXIS2_PLACEMENT_3D('',#18107,#14309,#14310);
#12618=AXIS2_PLACEMENT_3D('',#18111,#14312,#14313);
#12619=AXIS2_PLACEMENT_3D('',#18115,#14315,#14316);
#12620=AXIS2_PLACEMENT_3D('',#18119,#14318,#14319);
#12621=AXIS2_PLACEMENT_3D('',#18123,#14321,#14322);
#12622=AXIS2_PLACEMENT_3D('',#18127,#14324,#14325);
#12623=AXIS2_PLACEMENT_3D('',#18131,#14327,#14328);
#12624=AXIS2_PLACEMENT_3D('',#18135,#14330,#14331);
#12625=AXIS2_PLACEMENT_3D('',#18139,#14333,#14334);
#12626=AXIS2_PLACEMENT_3D('',#18143,#14336,#14337);
#12627=AXIS2_PLACEMENT_3D('',#18147,#14339,#14340);
#12628=AXIS2_PLACEMENT_3D('',#18151,#14342,#14343);
#12629=AXIS2_PLACEMENT_3D('',#18155,#14345,#14346);
#12630=AXIS2_PLACEMENT_3D('',#18159,#14348,#14349);
#12631=AXIS2_PLACEMENT_3D('',#18163,#14351,#14352);
#12632=AXIS2_PLACEMENT_3D('',#18167,#14354,#14355);
#12633=AXIS2_PLACEMENT_3D('',#18171,#14357,#14358);
#12634=AXIS2_PLACEMENT_3D('',#18175,#14360,#14361);
#12635=AXIS2_PLACEMENT_3D('',#18179,#14363,#14364);
#12636=AXIS2_PLACEMENT_3D('',#18183,#14366,#14367);
#12637=AXIS2_PLACEMENT_3D('',#18187,#14369,#14370);
#12638=AXIS2_PLACEMENT_3D('',#18191,#14372,#14373);
#12639=AXIS2_PLACEMENT_3D('',#18195,#14375,#14376);
#12640=AXIS2_PLACEMENT_3D('',#18199,#14378,#14379);
#12641=AXIS2_PLACEMENT_3D('',#18203,#14381,#14382);
#12642=AXIS2_PLACEMENT_3D('',#18207,#14384,#14385);
#12643=AXIS2_PLACEMENT_3D('',#18211,#14387,#14388);
#12644=AXIS2_PLACEMENT_3D('',#18215,#14390,#14391);
#12645=AXIS2_PLACEMENT_3D('',#18219,#14393,#14394);
#12646=AXIS2_PLACEMENT_3D('',#18223,#14396,#14397);
#12647=AXIS2_PLACEMENT_3D('',#18227,#14399,#14400);
#12648=AXIS2_PLACEMENT_3D('',#18231,#14402,#14403);
#12649=AXIS2_PLACEMENT_3D('',#18235,#14405,#14406);
#12650=AXIS2_PLACEMENT_3D('',#18239,#14408,#14409);
#12651=AXIS2_PLACEMENT_3D('',#18243,#14411,#14412);
#12652=AXIS2_PLACEMENT_3D('',#18247,#14414,#14415);
#12653=AXIS2_PLACEMENT_3D('',#18251,#14417,#14418);
#12654=AXIS2_PLACEMENT_3D('',#18255,#14420,#14421);
#12655=AXIS2_PLACEMENT_3D('',#18259,#14423,#14424);
#12656=AXIS2_PLACEMENT_3D('',#18263,#14426,#14427);
#12657=AXIS2_PLACEMENT_3D('',#18267,#14429,#14430);
#12658=AXIS2_PLACEMENT_3D('',#18271,#14432,#14433);
#12659=AXIS2_PLACEMENT_3D('',#18275,#14435,#14436);
#12660=AXIS2_PLACEMENT_3D('',#18279,#14438,#14439);
#12661=AXIS2_PLACEMENT_3D('',#18283,#14441,#14442);
#12662=AXIS2_PLACEMENT_3D('',#18287,#14444,#14445);
#12663=AXIS2_PLACEMENT_3D('',#18291,#14447,#14448);
#12664=AXIS2_PLACEMENT_3D('',#18295,#14450,#14451);
#12665=AXIS2_PLACEMENT_3D('',#18299,#14453,#14454);
#12666=AXIS2_PLACEMENT_3D('',#18303,#14456,#14457);
#12667=AXIS2_PLACEMENT_3D('',#18307,#14459,#14460);
#12668=AXIS2_PLACEMENT_3D('',#18311,#14462,#14463);
#12669=AXIS2_PLACEMENT_3D('',#18315,#14465,#14466);
#12670=AXIS2_PLACEMENT_3D('',#18319,#14468,#14469);
#12671=AXIS2_PLACEMENT_3D('',#18323,#14471,#14472);
#12672=AXIS2_PLACEMENT_3D('',#18327,#14474,#14475);
#12673=AXIS2_PLACEMENT_3D('',#18331,#14477,#14478);
#12674=AXIS2_PLACEMENT_3D('',#18335,#14480,#14481);
#12675=AXIS2_PLACEMENT_3D('',#18339,#14483,#14484);
#12676=AXIS2_PLACEMENT_3D('',#18343,#14486,#14487);
#12677=AXIS2_PLACEMENT_3D('',#18347,#14489,#14490);
#12678=AXIS2_PLACEMENT_3D('',#18351,#14492,#14493);
#12679=AXIS2_PLACEMENT_3D('',#18355,#14495,#14496);
#12680=AXIS2_PLACEMENT_3D('',#18359,#14498,#14499);
#12681=AXIS2_PLACEMENT_3D('',#18363,#14501,#14502);
#12682=AXIS2_PLACEMENT_3D('',#18367,#14504,#14505);
#12683=AXIS2_PLACEMENT_3D('',#18371,#14507,#14508);
#12684=AXIS2_PLACEMENT_3D('',#18375,#14510,#14511);
#12685=AXIS2_PLACEMENT_3D('',#18379,#14513,#14514);
#12686=AXIS2_PLACEMENT_3D('',#18383,#14516,#14517);
#12687=AXIS2_PLACEMENT_3D('',#18387,#14519,#14520);
#12688=AXIS2_PLACEMENT_3D('',#18391,#14522,#14523);
#12689=AXIS2_PLACEMENT_3D('',#18395,#14525,#14526);
#12690=AXIS2_PLACEMENT_3D('',#18399,#14528,#14529);
#12691=AXIS2_PLACEMENT_3D('',#18403,#14531,#14532);
#12692=AXIS2_PLACEMENT_3D('',#18407,#14534,#14535);
#12693=AXIS2_PLACEMENT_3D('',#18411,#14537,#14538);
#12694=AXIS2_PLACEMENT_3D('',#18415,#14540,#14541);
#12695=AXIS2_PLACEMENT_3D('',#18419,#14543,#14544);
#12696=AXIS2_PLACEMENT_3D('',#18423,#14546,#14547);
#12697=AXIS2_PLACEMENT_3D('',#18427,#14549,#14550);
#12698=AXIS2_PLACEMENT_3D('',#18431,#14552,#14553);
#12699=AXIS2_PLACEMENT_3D('',#18435,#14555,#14556);
#12700=AXIS2_PLACEMENT_3D('',#18439,#14558,#14559);
#12701=AXIS2_PLACEMENT_3D('',#18443,#14561,#14562);
#12702=AXIS2_PLACEMENT_3D('',#18447,#14564,#14565);
#12703=AXIS2_PLACEMENT_3D('',#18451,#14567,#14568);
#12704=AXIS2_PLACEMENT_3D('',#18455,#14570,#14571);
#12705=AXIS2_PLACEMENT_3D('',#18459,#14573,#14574);
#12706=AXIS2_PLACEMENT_3D('',#18463,#14576,#14577);
#12707=AXIS2_PLACEMENT_3D('',#18467,#14579,#14580);
#12708=AXIS2_PLACEMENT_3D('',#18471,#14582,#14583);
#12709=AXIS2_PLACEMENT_3D('',#18475,#14585,#14586);
#12710=AXIS2_PLACEMENT_3D('',#18479,#14588,#14589);
#12711=AXIS2_PLACEMENT_3D('',#18483,#14591,#14592);
#12712=AXIS2_PLACEMENT_3D('',#18487,#14594,#14595);
#12713=AXIS2_PLACEMENT_3D('',#18491,#14597,#14598);
#12714=AXIS2_PLACEMENT_3D('',#18495,#14600,#14601);
#12715=AXIS2_PLACEMENT_3D('',#18499,#14603,#14604);
#12716=AXIS2_PLACEMENT_3D('',#18503,#14606,#14607);
#12717=AXIS2_PLACEMENT_3D('',#18507,#14609,#14610);
#12718=AXIS2_PLACEMENT_3D('',#18511,#14612,#14613);
#12719=AXIS2_PLACEMENT_3D('',#18515,#14615,#14616);
#12720=AXIS2_PLACEMENT_3D('',#18519,#14618,#14619);
#12721=AXIS2_PLACEMENT_3D('',#18523,#14621,#14622);
#12722=AXIS2_PLACEMENT_3D('',#18527,#14624,#14625);
#12723=AXIS2_PLACEMENT_3D('',#18531,#14627,#14628);
#12724=AXIS2_PLACEMENT_3D('',#18535,#14630,#14631);
#12725=AXIS2_PLACEMENT_3D('',#18539,#14633,#14634);
#12726=AXIS2_PLACEMENT_3D('',#18541,#14636,#14637);
#12727=AXIS2_PLACEMENT_3D('',#18545,#14639,#14640);
#12728=AXIS2_PLACEMENT_3D('',#18547,#14642,#14643);
#12729=AXIS2_PLACEMENT_3D('',#18551,#14646,#14647);
#12730=AXIS2_PLACEMENT_3D('',#18554,#14649,#14650);
#12731=AXIS2_PLACEMENT_3D('',#18555,#14651,#14652);
#12732=AXIS2_PLACEMENT_3D('',#18559,#14654,#14655);
#12733=AXIS2_PLACEMENT_3D('',#18561,#14657,#14658);
#12734=AXIS2_PLACEMENT_3D('',#18563,#14660,#14661);
#12735=AXIS2_PLACEMENT_3D('',#18566,#14662,#14663);
#12736=AXIS2_PLACEMENT_3D('',#18569,#14666,#14667);
#12737=AXIS2_PLACEMENT_3D('',#18571,#14669,#14670);
#12738=AXIS2_PLACEMENT_3D('',#18575,#14672,#14673);
#12739=AXIS2_PLACEMENT_3D('',#18577,#14675,#14676);
#12740=AXIS2_PLACEMENT_3D('',#18581,#14679,#14680);
#12741=AXIS2_PLACEMENT_3D('',#18584,#14682,#14683);
#12742=AXIS2_PLACEMENT_3D('',#18585,#14684,#14685);
#12743=AXIS2_PLACEMENT_3D('',#18589,#14687,#14688);
#12744=AXIS2_PLACEMENT_3D('',#18591,#14690,#14691);
#12745=AXIS2_PLACEMENT_3D('',#18595,#14694,#14695);
#12746=AXIS2_PLACEMENT_3D('',#18597,#14696,#14697);
#12747=AXIS2_PLACEMENT_3D('',#18601,#14699,#14700);
#12748=AXIS2_PLACEMENT_3D('',#18604,#14702,#14703);
#12749=AXIS2_PLACEMENT_3D('',#18610,#14706,#14707);
#12750=AXIS2_PLACEMENT_3D('',#18616,#14710,#14711);
#12751=AXIS2_PLACEMENT_3D('',#18620,#14713,#14714);
#12752=AXIS2_PLACEMENT_3D('',#18624,#14716,#14717);
#12753=AXIS2_PLACEMENT_3D('',#18628,#14719,#14720);
#12754=AXIS2_PLACEMENT_3D('',#18634,#14723,#14724);
#12755=AXIS2_PLACEMENT_3D('',#18640,#14727,#14728);
#12756=AXIS2_PLACEMENT_3D('',#18644,#14730,#14731);
#12757=AXIS2_PLACEMENT_3D('',#18648,#14733,#14734);
#12758=AXIS2_PLACEMENT_3D('',#18652,#14736,#14737);
#12759=AXIS2_PLACEMENT_3D('',#18658,#14740,#14741);
#12760=AXIS2_PLACEMENT_3D('',#18664,#14744,#14745);
#12761=AXIS2_PLACEMENT_3D('',#18668,#14747,#14748);
#12762=AXIS2_PLACEMENT_3D('',#18672,#14750,#14751);
#12763=AXIS2_PLACEMENT_3D('',#18676,#14753,#14754);
#12764=AXIS2_PLACEMENT_3D('',#18682,#14757,#14758);
#12765=AXIS2_PLACEMENT_3D('',#18688,#14761,#14762);
#12766=AXIS2_PLACEMENT_3D('',#18692,#14764,#14765);
#12767=AXIS2_PLACEMENT_3D('',#18696,#14767,#14768);
#12768=AXIS2_PLACEMENT_3D('',#18700,#14770,#14771);
#12769=AXIS2_PLACEMENT_3D('',#18704,#14773,#14774);
#12770=AXIS2_PLACEMENT_3D('',#18708,#14776,#14777);
#12771=AXIS2_PLACEMENT_3D('',#18714,#14780,#14781);
#12772=AXIS2_PLACEMENT_3D('',#18720,#14784,#14785);
#12773=AXIS2_PLACEMENT_3D('',#18724,#14787,#14788);
#12774=AXIS2_PLACEMENT_3D('',#18728,#14790,#14791);
#12775=AXIS2_PLACEMENT_3D('',#18732,#14793,#14794);
#12776=AXIS2_PLACEMENT_3D('',#18738,#14797,#14798);
#12777=AXIS2_PLACEMENT_3D('',#18744,#14801,#14802);
#12778=AXIS2_PLACEMENT_3D('',#18748,#14804,#14805);
#12779=AXIS2_PLACEMENT_3D('',#18752,#14807,#14808);
#12780=AXIS2_PLACEMENT_3D('',#18756,#14810,#14811);
#12781=AXIS2_PLACEMENT_3D('',#18763,#14815,#14816);
#12782=AXIS2_PLACEMENT_3D('',#18772,#14821,#14822);
#12783=AXIS2_PLACEMENT_3D('',#18778,#14825,#14826);
#12784=AXIS2_PLACEMENT_3D('',#18782,#14828,#14829);
#12785=AXIS2_PLACEMENT_3D('',#18786,#14831,#14832);
#12786=AXIS2_PLACEMENT_3D('',#18790,#14834,#14835);
#12787=AXIS2_PLACEMENT_3D('',#18794,#14837,#14838);
#12788=AXIS2_PLACEMENT_3D('',#18798,#14840,#14841);
#12789=AXIS2_PLACEMENT_3D('',#18802,#14843,#14844);
#12790=AXIS2_PLACEMENT_3D('',#18806,#14846,#14847);
#12791=AXIS2_PLACEMENT_3D('',#18810,#14849,#14850);
#12792=AXIS2_PLACEMENT_3D('',#18814,#14852,#14853);
#12793=AXIS2_PLACEMENT_3D('',#18818,#14855,#14856);
#12794=AXIS2_PLACEMENT_3D('',#18822,#14858,#14859);
#12795=AXIS2_PLACEMENT_3D('',#18826,#14861,#14862);
#12796=AXIS2_PLACEMENT_3D('',#18830,#14864,#14865);
#12797=AXIS2_PLACEMENT_3D('',#18834,#14867,#14868);
#12798=AXIS2_PLACEMENT_3D('',#18838,#14870,#14871);
#12799=AXIS2_PLACEMENT_3D('',#18842,#14873,#14874);
#12800=AXIS2_PLACEMENT_3D('',#18846,#14876,#14877);
#12801=AXIS2_PLACEMENT_3D('',#18850,#14879,#14880);
#12802=AXIS2_PLACEMENT_3D('',#18854,#14882,#14883);
#12803=AXIS2_PLACEMENT_3D('',#18858,#14885,#14886);
#12804=AXIS2_PLACEMENT_3D('',#18862,#14888,#14889);
#12805=AXIS2_PLACEMENT_3D('',#18866,#14891,#14892);
#12806=AXIS2_PLACEMENT_3D('',#18870,#14894,#14895);
#12807=AXIS2_PLACEMENT_3D('',#18874,#14897,#14898);
#12808=AXIS2_PLACEMENT_3D('',#18878,#14900,#14901);
#12809=AXIS2_PLACEMENT_3D('',#18882,#14903,#14904);
#12810=AXIS2_PLACEMENT_3D('',#18886,#14906,#14907);
#12811=AXIS2_PLACEMENT_3D('',#18890,#14909,#14910);
#12812=AXIS2_PLACEMENT_3D('',#18894,#14912,#14913);
#12813=AXIS2_PLACEMENT_3D('',#18898,#14915,#14916);
#12814=AXIS2_PLACEMENT_3D('',#18902,#14918,#14919);
#12815=AXIS2_PLACEMENT_3D('',#18906,#14921,#14922);
#12816=AXIS2_PLACEMENT_3D('',#18910,#14924,#14925);
#12817=AXIS2_PLACEMENT_3D('',#18914,#14927,#14928);
#12818=AXIS2_PLACEMENT_3D('',#18918,#14930,#14931);
#12819=AXIS2_PLACEMENT_3D('',#18922,#14933,#14934);
#12820=AXIS2_PLACEMENT_3D('',#18926,#14936,#14937);
#12821=AXIS2_PLACEMENT_3D('',#18930,#14939,#14940);
#12822=AXIS2_PLACEMENT_3D('',#18934,#14942,#14943);
#12823=AXIS2_PLACEMENT_3D('',#18938,#14945,#14946);
#12824=AXIS2_PLACEMENT_3D('',#18942,#14948,#14949);
#12825=AXIS2_PLACEMENT_3D('',#18946,#14951,#14952);
#12826=AXIS2_PLACEMENT_3D('',#18950,#14954,#14955);
#12827=AXIS2_PLACEMENT_3D('',#18954,#14957,#14958);
#12828=AXIS2_PLACEMENT_3D('',#18958,#14960,#14961);
#12829=AXIS2_PLACEMENT_3D('',#18962,#14963,#14964);
#12830=AXIS2_PLACEMENT_3D('',#18966,#14966,#14967);
#12831=AXIS2_PLACEMENT_3D('',#18970,#14969,#14970);
#12832=AXIS2_PLACEMENT_3D('',#18974,#14972,#14973);
#12833=AXIS2_PLACEMENT_3D('',#18978,#14975,#14976);
#12834=AXIS2_PLACEMENT_3D('',#18982,#14978,#14979);
#12835=AXIS2_PLACEMENT_3D('',#18986,#14981,#14982);
#12836=AXIS2_PLACEMENT_3D('',#18990,#14984,#14985);
#12837=AXIS2_PLACEMENT_3D('',#18994,#14987,#14988);
#12838=AXIS2_PLACEMENT_3D('',#18998,#14990,#14991);
#12839=AXIS2_PLACEMENT_3D('',#19002,#14993,#14994);
#12840=AXIS2_PLACEMENT_3D('',#19006,#14996,#14997);
#12841=AXIS2_PLACEMENT_3D('',#19010,#14999,#15000);
#12842=AXIS2_PLACEMENT_3D('',#19014,#15002,#15003);
#12843=AXIS2_PLACEMENT_3D('',#19018,#15005,#15006);
#12844=AXIS2_PLACEMENT_3D('',#19022,#15008,#15009);
#12845=AXIS2_PLACEMENT_3D('',#19026,#15011,#15012);
#12846=AXIS2_PLACEMENT_3D('',#19030,#15014,#15015);
#12847=AXIS2_PLACEMENT_3D('',#19034,#15017,#15018);
#12848=AXIS2_PLACEMENT_3D('',#19038,#15020,#15021);
#12849=AXIS2_PLACEMENT_3D('',#19042,#15023,#15024);
#12850=AXIS2_PLACEMENT_3D('',#19046,#15026,#15027);
#12851=AXIS2_PLACEMENT_3D('',#19050,#15029,#15030);
#12852=AXIS2_PLACEMENT_3D('',#19054,#15032,#15033);
#12853=AXIS2_PLACEMENT_3D('',#19058,#15035,#15036);
#12854=AXIS2_PLACEMENT_3D('',#19062,#15038,#15039);
#12855=AXIS2_PLACEMENT_3D('',#19066,#15041,#15042);
#12856=AXIS2_PLACEMENT_3D('',#19070,#15044,#15045);
#12857=AXIS2_PLACEMENT_3D('',#19074,#15047,#15048);
#12858=AXIS2_PLACEMENT_3D('',#19078,#15050,#15051);
#12859=AXIS2_PLACEMENT_3D('',#19082,#15053,#15054);
#12860=AXIS2_PLACEMENT_3D('',#19086,#15056,#15057);
#12861=AXIS2_PLACEMENT_3D('',#19090,#15059,#15060);
#12862=AXIS2_PLACEMENT_3D('',#19094,#15062,#15063);
#12863=AXIS2_PLACEMENT_3D('',#19098,#15065,#15066);
#12864=AXIS2_PLACEMENT_3D('',#19102,#15068,#15069);
#12865=AXIS2_PLACEMENT_3D('',#19106,#15071,#15072);
#12866=AXIS2_PLACEMENT_3D('',#19110,#15074,#15075);
#12867=AXIS2_PLACEMENT_3D('',#19114,#15077,#15078);
#12868=AXIS2_PLACEMENT_3D('',#19118,#15080,#15081);
#12869=AXIS2_PLACEMENT_3D('',#19122,#15083,#15084);
#12870=AXIS2_PLACEMENT_3D('',#19126,#15086,#15087);
#12871=AXIS2_PLACEMENT_3D('',#19130,#15089,#15090);
#12872=AXIS2_PLACEMENT_3D('',#19134,#15092,#15093);
#12873=AXIS2_PLACEMENT_3D('',#19138,#15095,#15096);
#12874=AXIS2_PLACEMENT_3D('',#19142,#15098,#15099);
#12875=AXIS2_PLACEMENT_3D('',#19146,#15101,#15102);
#12876=AXIS2_PLACEMENT_3D('',#19150,#15104,#15105);
#12877=AXIS2_PLACEMENT_3D('',#19154,#15107,#15108);
#12878=AXIS2_PLACEMENT_3D('',#19158,#15110,#15111);
#12879=AXIS2_PLACEMENT_3D('',#19162,#15113,#15114);
#12880=AXIS2_PLACEMENT_3D('',#19166,#15116,#15117);
#12881=AXIS2_PLACEMENT_3D('',#19170,#15119,#15120);
#12882=AXIS2_PLACEMENT_3D('',#19174,#15122,#15123);
#12883=AXIS2_PLACEMENT_3D('',#19178,#15125,#15126);
#12884=AXIS2_PLACEMENT_3D('',#19182,#15128,#15129);
#12885=AXIS2_PLACEMENT_3D('',#19186,#15131,#15132);
#12886=AXIS2_PLACEMENT_3D('',#19190,#15134,#15135);
#12887=AXIS2_PLACEMENT_3D('',#19194,#15137,#15138);
#12888=AXIS2_PLACEMENT_3D('',#19198,#15140,#15141);
#12889=AXIS2_PLACEMENT_3D('',#19202,#15143,#15144);
#12890=AXIS2_PLACEMENT_3D('',#19206,#15146,#15147);
#12891=AXIS2_PLACEMENT_3D('',#19210,#15149,#15150);
#12892=AXIS2_PLACEMENT_3D('',#19214,#15152,#15153);
#12893=AXIS2_PLACEMENT_3D('',#19218,#15155,#15156);
#12894=AXIS2_PLACEMENT_3D('',#19222,#15158,#15159);
#12895=AXIS2_PLACEMENT_3D('',#19226,#15161,#15162);
#12896=AXIS2_PLACEMENT_3D('',#19230,#15164,#15165);
#12897=AXIS2_PLACEMENT_3D('',#19234,#15167,#15168);
#12898=AXIS2_PLACEMENT_3D('',#19238,#15170,#15171);
#12899=AXIS2_PLACEMENT_3D('',#19242,#15173,#15174);
#12900=AXIS2_PLACEMENT_3D('',#19246,#15176,#15177);
#12901=AXIS2_PLACEMENT_3D('',#19250,#15179,#15180);
#12902=AXIS2_PLACEMENT_3D('',#19254,#15182,#15183);
#12903=AXIS2_PLACEMENT_3D('',#19258,#15185,#15186);
#12904=AXIS2_PLACEMENT_3D('',#19262,#15188,#15189);
#12905=AXIS2_PLACEMENT_3D('',#19266,#15191,#15192);
#12906=AXIS2_PLACEMENT_3D('',#19270,#15194,#15195);
#12907=AXIS2_PLACEMENT_3D('',#19274,#15197,#15198);
#12908=AXIS2_PLACEMENT_3D('',#19278,#15200,#15201);
#12909=AXIS2_PLACEMENT_3D('',#19282,#15203,#15204);
#12910=AXIS2_PLACEMENT_3D('',#19286,#15206,#15207);
#12911=AXIS2_PLACEMENT_3D('',#19290,#15209,#15210);
#12912=AXIS2_PLACEMENT_3D('',#19294,#15212,#15213);
#12913=AXIS2_PLACEMENT_3D('',#19298,#15215,#15216);
#12914=AXIS2_PLACEMENT_3D('',#19302,#15218,#15219);
#12915=AXIS2_PLACEMENT_3D('',#19306,#15221,#15222);
#12916=AXIS2_PLACEMENT_3D('',#19310,#15224,#15225);
#12917=AXIS2_PLACEMENT_3D('',#19314,#15227,#15228);
#12918=AXIS2_PLACEMENT_3D('',#19318,#15230,#15231);
#12919=AXIS2_PLACEMENT_3D('',#19322,#15233,#15234);
#12920=AXIS2_PLACEMENT_3D('',#19326,#15236,#15237);
#12921=AXIS2_PLACEMENT_3D('',#19330,#15239,#15240);
#12922=AXIS2_PLACEMENT_3D('',#19334,#15242,#15243);
#12923=AXIS2_PLACEMENT_3D('',#19338,#15245,#15246);
#12924=AXIS2_PLACEMENT_3D('',#19342,#15248,#15249);
#12925=AXIS2_PLACEMENT_3D('',#19346,#15251,#15252);
#12926=AXIS2_PLACEMENT_3D('',#19350,#15254,#15255);
#12927=AXIS2_PLACEMENT_3D('',#19354,#15257,#15258);
#12928=AXIS2_PLACEMENT_3D('',#19358,#15260,#15261);
#12929=AXIS2_PLACEMENT_3D('',#19362,#15263,#15264);
#12930=AXIS2_PLACEMENT_3D('',#19366,#15266,#15267);
#12931=AXIS2_PLACEMENT_3D('',#19370,#15269,#15270);
#12932=AXIS2_PLACEMENT_3D('',#19374,#15272,#15273);
#12933=AXIS2_PLACEMENT_3D('',#19378,#15275,#15276);
#12934=AXIS2_PLACEMENT_3D('',#19382,#15278,#15279);
#12935=AXIS2_PLACEMENT_3D('',#19386,#15281,#15282);
#12936=AXIS2_PLACEMENT_3D('',#19390,#15284,#15285);
#12937=AXIS2_PLACEMENT_3D('',#19394,#15287,#15288);
#12938=AXIS2_PLACEMENT_3D('',#19398,#15290,#15291);
#12939=AXIS2_PLACEMENT_3D('',#19402,#15293,#15294);
#12940=AXIS2_PLACEMENT_3D('',#19406,#15296,#15297);
#12941=AXIS2_PLACEMENT_3D('',#19410,#15299,#15300);
#12942=AXIS2_PLACEMENT_3D('',#19414,#15302,#15303);
#12943=AXIS2_PLACEMENT_3D('',#19418,#15305,#15306);
#12944=AXIS2_PLACEMENT_3D('',#19422,#15308,#15309);
#12945=AXIS2_PLACEMENT_3D('',#19426,#15311,#15312);
#12946=AXIS2_PLACEMENT_3D('',#19430,#15314,#15315);
#12947=AXIS2_PLACEMENT_3D('',#19434,#15317,#15318);
#12948=AXIS2_PLACEMENT_3D('',#19438,#15320,#15321);
#12949=AXIS2_PLACEMENT_3D('',#19442,#15323,#15324);
#12950=AXIS2_PLACEMENT_3D('',#19446,#15326,#15327);
#12951=AXIS2_PLACEMENT_3D('',#19450,#15329,#15330);
#12952=AXIS2_PLACEMENT_3D('',#19454,#15332,#15333);
#12953=AXIS2_PLACEMENT_3D('',#19458,#15335,#15336);
#12954=AXIS2_PLACEMENT_3D('',#19462,#15338,#15339);
#12955=AXIS2_PLACEMENT_3D('',#19466,#15341,#15342);
#12956=AXIS2_PLACEMENT_3D('',#19470,#15344,#15345);
#12957=AXIS2_PLACEMENT_3D('',#19474,#15347,#15348);
#12958=AXIS2_PLACEMENT_3D('',#19478,#15350,#15351);
#12959=AXIS2_PLACEMENT_3D('',#19482,#15353,#15354);
#12960=AXIS2_PLACEMENT_3D('',#19486,#15356,#15357);
#12961=AXIS2_PLACEMENT_3D('',#19490,#15359,#15360);
#12962=AXIS2_PLACEMENT_3D('',#19494,#15362,#15363);
#12963=AXIS2_PLACEMENT_3D('',#19498,#15365,#15366);
#12964=AXIS2_PLACEMENT_3D('',#19502,#15368,#15369);
#12965=AXIS2_PLACEMENT_3D('',#19506,#15371,#15372);
#12966=AXIS2_PLACEMENT_3D('',#19510,#15374,#15375);
#12967=AXIS2_PLACEMENT_3D('',#19514,#15377,#15378);
#12968=AXIS2_PLACEMENT_3D('',#19518,#15380,#15381);
#12969=AXIS2_PLACEMENT_3D('',#19522,#15383,#15384);
#12970=AXIS2_PLACEMENT_3D('',#19526,#15386,#15387);
#12971=AXIS2_PLACEMENT_3D('',#19530,#15389,#15390);
#12972=AXIS2_PLACEMENT_3D('',#19534,#15392,#15393);
#12973=AXIS2_PLACEMENT_3D('',#19538,#15395,#15396);
#12974=AXIS2_PLACEMENT_3D('',#19542,#15398,#15399);
#12975=AXIS2_PLACEMENT_3D('',#19546,#15401,#15402);
#12976=AXIS2_PLACEMENT_3D('',#19550,#15404,#15405);
#12977=AXIS2_PLACEMENT_3D('',#19554,#15407,#15408);
#12978=AXIS2_PLACEMENT_3D('',#19558,#15410,#15411);
#12979=AXIS2_PLACEMENT_3D('',#19562,#15413,#15414);
#12980=AXIS2_PLACEMENT_3D('',#19566,#15416,#15417);
#12981=AXIS2_PLACEMENT_3D('',#19570,#15419,#15420);
#12982=AXIS2_PLACEMENT_3D('',#19574,#15422,#15423);
#12983=AXIS2_PLACEMENT_3D('',#19578,#15425,#15426);
#12984=AXIS2_PLACEMENT_3D('',#19582,#15428,#15429);
#12985=AXIS2_PLACEMENT_3D('',#19586,#15431,#15432);
#12986=AXIS2_PLACEMENT_3D('',#19590,#15434,#15435);
#12987=AXIS2_PLACEMENT_3D('',#19594,#15437,#15438);
#12988=AXIS2_PLACEMENT_3D('',#19598,#15440,#15441);
#12989=AXIS2_PLACEMENT_3D('',#19602,#15443,#15444);
#12990=AXIS2_PLACEMENT_3D('',#19606,#15446,#15447);
#12991=AXIS2_PLACEMENT_3D('',#19610,#15449,#15450);
#12992=AXIS2_PLACEMENT_3D('',#19614,#15452,#15453);
#12993=AXIS2_PLACEMENT_3D('',#19618,#15455,#15456);
#12994=AXIS2_PLACEMENT_3D('',#19622,#15458,#15459);
#12995=AXIS2_PLACEMENT_3D('',#19626,#15461,#15462);
#12996=AXIS2_PLACEMENT_3D('',#19630,#15464,#15465);
#12997=AXIS2_PLACEMENT_3D('',#19634,#15467,#15468);
#12998=AXIS2_PLACEMENT_3D('',#19638,#15470,#15471);
#12999=AXIS2_PLACEMENT_3D('',#19642,#15473,#15474);
#13000=AXIS2_PLACEMENT_3D('',#19646,#15476,#15477);
#13001=AXIS2_PLACEMENT_3D('',#19650,#15479,#15480);
#13002=AXIS2_PLACEMENT_3D('',#19654,#15482,#15483);
#13003=AXIS2_PLACEMENT_3D('',#19658,#15485,#15486);
#13004=AXIS2_PLACEMENT_3D('',#19662,#15488,#15489);
#13005=AXIS2_PLACEMENT_3D('',#19666,#15491,#15492);
#13006=AXIS2_PLACEMENT_3D('',#19670,#15494,#15495);
#13007=AXIS2_PLACEMENT_3D('',#19674,#15497,#15498);
#13008=AXIS2_PLACEMENT_3D('',#19678,#15500,#15501);
#13009=AXIS2_PLACEMENT_3D('',#19682,#15503,#15504);
#13010=AXIS2_PLACEMENT_3D('',#19686,#15506,#15507);
#13011=AXIS2_PLACEMENT_3D('',#19690,#15509,#15510);
#13012=AXIS2_PLACEMENT_3D('',#19694,#15512,#15513);
#13013=AXIS2_PLACEMENT_3D('',#19698,#15515,#15516);
#13014=AXIS2_PLACEMENT_3D('',#19702,#15518,#15519);
#13015=AXIS2_PLACEMENT_3D('',#19704,#15521,#15522);
#13016=AXIS2_PLACEMENT_3D('',#19707,#15525,#15526);
#13017=AXIS2_PLACEMENT_3D('',#19709,#15528,#15529);
#13018=AXIS2_PLACEMENT_3D('',#19712,#15532,#15533);
#13019=AXIS2_PLACEMENT_3D('',#19714,#15535,#15536);
#13020=AXIS2_PLACEMENT_3D('',#19717,#15539,#15540);
#13021=AXIS2_PLACEMENT_3D('',#19719,#15542,#15543);
#13022=AXIS2_PLACEMENT_3D('',#19722,#15546,#15547);
#13023=AXIS2_PLACEMENT_3D('',#19724,#15549,#15550);
#13024=AXIS2_PLACEMENT_3D('',#19727,#15553,#15554);
#13025=AXIS2_PLACEMENT_3D('',#19729,#15556,#15557);
#13026=AXIS2_PLACEMENT_3D('',#19732,#15560,#15561);
#13027=AXIS2_PLACEMENT_3D('',#19734,#15563,#15564);
#13028=AXIS2_PLACEMENT_3D('',#19737,#15567,#15568);
#13029=AXIS2_PLACEMENT_3D('',#19739,#15570,#15571);
#13030=AXIS2_PLACEMENT_3D('',#19742,#15574,#15575);
#13031=AXIS2_PLACEMENT_3D('',#19744,#15577,#15578);
#13032=AXIS2_PLACEMENT_3D('',#19747,#15581,#15582);
#13033=AXIS2_PLACEMENT_3D('',#19749,#15584,#15585);
#13034=AXIS2_PLACEMENT_3D('',#19752,#15588,#15589);
#13035=AXIS2_PLACEMENT_3D('',#19754,#15591,#15592);
#13036=AXIS2_PLACEMENT_3D('',#19757,#15595,#15596);
#13037=AXIS2_PLACEMENT_3D('',#19759,#15598,#15599);
#13038=AXIS2_PLACEMENT_3D('',#19761,#15601,#15602);
#13039=AXIS2_PLACEMENT_3D('',#19763,#15604,#15605);
#13040=AXIS2_PLACEMENT_3D('',#19766,#15608,#15609);
#13041=AXIS2_PLACEMENT_3D('',#19767,#15610,#15611);
#13042=AXIS2_PLACEMENT_3D('',#19770,#15614,#15615);
#13043=AXIS2_PLACEMENT_3D('',#19771,#15616,#15617);
#13044=AXIS2_PLACEMENT_3D('',#19774,#15620,#15621);
#13045=AXIS2_PLACEMENT_3D('',#19775,#15622,#15623);
#13046=AXIS2_PLACEMENT_3D('',#19778,#15626,#15627);
#13047=AXIS2_PLACEMENT_3D('',#19779,#15628,#15629);
#13048=AXIS2_PLACEMENT_3D('',#19782,#15632,#15633);
#13049=AXIS2_PLACEMENT_3D('',#19783,#15634,#15635);
#13050=AXIS2_PLACEMENT_3D('',#19786,#15638,#15639);
#13051=AXIS2_PLACEMENT_3D('',#19787,#15640,#15641);
#13052=AXIS2_PLACEMENT_3D('',#19790,#15644,#15645);
#13053=AXIS2_PLACEMENT_3D('',#19791,#15646,#15647);
#13054=AXIS2_PLACEMENT_3D('',#19794,#15650,#15651);
#13055=AXIS2_PLACEMENT_3D('',#19795,#15652,#15653);
#13056=AXIS2_PLACEMENT_3D('',#19798,#15656,#15657);
#13057=AXIS2_PLACEMENT_3D('',#19799,#15658,#15659);
#13058=AXIS2_PLACEMENT_3D('',#19802,#15662,#15663);
#13059=AXIS2_PLACEMENT_3D('',#19803,#15664,#15665);
#13060=AXIS2_PLACEMENT_3D('',#19806,#15668,#15669);
#13061=AXIS2_PLACEMENT_3D('',#19807,#15670,#15671);
#13062=AXIS2_PLACEMENT_3D('',#19810,#15674,#15675);
#13063=AXIS2_PLACEMENT_3D('',#19811,#15676,#15677);
#13064=AXIS2_PLACEMENT_3D('',#19813,#15679,#15680);
#13065=AXIS2_PLACEMENT_3D('',#19816,#15683,#15684);
#13066=AXIS2_PLACEMENT_3D('',#19817,#15685,#15686);
#13067=AXIS2_PLACEMENT_3D('',#19820,#15689,#15690);
#13068=AXIS2_PLACEMENT_3D('',#19821,#15691,#15692);
#13069=AXIS2_PLACEMENT_3D('',#19823,#15694,#15695);
#13070=AXIS2_PLACEMENT_3D('',#19824,#15696,#15697);
#13071=AXIS2_PLACEMENT_3D('',#19826,#15699,#15700);
#13072=AXIS2_PLACEMENT_3D('',#19828,#15702,#15703);
#13073=AXIS2_PLACEMENT_3D('',#19830,#15705,#15706);
#13074=AXIS2_PLACEMENT_3D('',#19832,#15708,#15709);
#13075=AXIS2_PLACEMENT_3D('',#19833,#15710,#15711);
#13076=AXIS2_PLACEMENT_3D('',#19835,#15713,#15714);
#13077=AXIS2_PLACEMENT_3D('',#19837,#15716,#15717);
#13078=AXIS2_PLACEMENT_3D('',#19838,#15718,#15719);
#13079=AXIS2_PLACEMENT_3D('',#19840,#15721,#15722);
#13080=AXIS2_PLACEMENT_3D('',#19842,#15724,#15725);
#13081=AXIS2_PLACEMENT_3D('',#19844,#15727,#15728);
#13082=AXIS2_PLACEMENT_3D('',#19846,#15730,#15731);
#13083=AXIS2_PLACEMENT_3D('',#19847,#15732,#15733);
#13084=AXIS2_PLACEMENT_3D('',#19849,#15735,#15736);
#13085=AXIS2_PLACEMENT_3D('',#19851,#15738,#15739);
#13086=AXIS2_PLACEMENT_3D('',#19853,#15741,#15742);
#13087=AXIS2_PLACEMENT_3D('',#19855,#15744,#15745);
#13088=AXIS2_PLACEMENT_3D('',#19857,#15747,#15748);
#13089=AXIS2_PLACEMENT_3D('',#19859,#15750,#15751);
#13090=AXIS2_PLACEMENT_3D('',#19860,#15752,#15753);
#13091=AXIS2_PLACEMENT_3D('',#19861,#15754,#15755);
#13092=AXIS2_PLACEMENT_3D('',#19862,#15756,#15757);
#13093=AXIS2_PLACEMENT_3D('',#19863,#15758,#15759);
#13094=AXIS2_PLACEMENT_3D('',#19864,#15760,#15761);
#13095=AXIS2_PLACEMENT_3D('',#19865,#15762,#15763);
#13096=AXIS2_PLACEMENT_3D('',#19867,#15765,#15766);
#13097=AXIS2_PLACEMENT_3D('',#19868,#15767,#15768);
#13098=AXIS2_PLACEMENT_3D('',#19869,#15769,#15770);
#13099=AXIS2_PLACEMENT_3D('',#19871,#15772,#15773);
#13100=AXIS2_PLACEMENT_3D('',#19874,#15776,#15777);
#13101=AXIS2_PLACEMENT_3D('',#19876,#15779,#15780);
#13102=AXIS2_PLACEMENT_3D('',#19878,#15782,#15783);
#13103=AXIS2_PLACEMENT_3D('',#19880,#15785,#15786);
#13104=AXIS2_PLACEMENT_3D('',#19882,#15788,#15789);
#13105=AXIS2_PLACEMENT_3D('',#19884,#15791,#15792);
#13106=AXIS2_PLACEMENT_3D('',#19886,#15794,#15795);
#13107=AXIS2_PLACEMENT_3D('',#19887,#15796,#15797);
#13108=AXIS2_PLACEMENT_3D('',#19890,#15800,#15801);
#13109=AXIS2_PLACEMENT_3D('',#19892,#15803,#15804);
#13110=AXIS2_PLACEMENT_3D('',#19894,#15806,#15807);
#13111=AXIS2_PLACEMENT_3D('',#19896,#15809,#15810);
#13112=AXIS2_PLACEMENT_3D('',#19898,#15812,#15813);
#13113=AXIS2_PLACEMENT_3D('',#19900,#15815,#15816);
#13114=AXIS2_PLACEMENT_3D('',#19902,#15818,#15819);
#13115=AXIS2_PLACEMENT_3D('',#19903,#15820,#15821);
#13116=AXIS2_PLACEMENT_3D('',#19906,#15824,#15825);
#13117=AXIS2_PLACEMENT_3D('',#19908,#15827,#15828);
#13118=AXIS2_PLACEMENT_3D('',#19910,#15830,#15831);
#13119=AXIS2_PLACEMENT_3D('',#19912,#15833,#15834);
#13120=AXIS2_PLACEMENT_3D('',#19914,#15836,#15837);
#13121=AXIS2_PLACEMENT_3D('',#19916,#15839,#15840);
#13122=AXIS2_PLACEMENT_3D('',#19918,#15842,#15843);
#13123=AXIS2_PLACEMENT_3D('',#19919,#15844,#15845);
#13124=AXIS2_PLACEMENT_3D('',#19922,#15848,#15849);
#13125=AXIS2_PLACEMENT_3D('',#19924,#15851,#15852);
#13126=AXIS2_PLACEMENT_3D('',#19926,#15854,#15855);
#13127=AXIS2_PLACEMENT_3D('',#19928,#15857,#15858);
#13128=AXIS2_PLACEMENT_3D('',#19930,#15860,#15861);
#13129=AXIS2_PLACEMENT_3D('',#19932,#15863,#15864);
#13130=AXIS2_PLACEMENT_3D('',#19934,#15866,#15867);
#13131=AXIS2_PLACEMENT_3D('',#19935,#15868,#15869);
#13132=AXIS2_PLACEMENT_3D('',#19938,#15872,#15873);
#13133=AXIS2_PLACEMENT_3D('',#19940,#15875,#15876);
#13134=AXIS2_PLACEMENT_3D('',#19942,#15878,#15879);
#13135=AXIS2_PLACEMENT_3D('',#19944,#15881,#15882);
#13136=AXIS2_PLACEMENT_3D('',#19946,#15884,#15885);
#13137=AXIS2_PLACEMENT_3D('',#19948,#15887,#15888);
#13138=AXIS2_PLACEMENT_3D('',#19950,#15890,#15891);
#13139=AXIS2_PLACEMENT_3D('',#19951,#15892,#15893);
#13140=AXIS2_PLACEMENT_3D('',#19954,#15896,#15897);
#13141=AXIS2_PLACEMENT_3D('',#19956,#15899,#15900);
#13142=AXIS2_PLACEMENT_3D('',#19958,#15902,#15903);
#13143=AXIS2_PLACEMENT_3D('',#19960,#15905,#15906);
#13144=AXIS2_PLACEMENT_3D('',#19962,#15908,#15909);
#13145=AXIS2_PLACEMENT_3D('',#19964,#15911,#15912);
#13146=AXIS2_PLACEMENT_3D('',#19966,#15914,#15915);
#13147=AXIS2_PLACEMENT_3D('',#19967,#15916,#15917);
#13148=AXIS2_PLACEMENT_3D('',#19970,#15920,#15921);
#13149=AXIS2_PLACEMENT_3D('',#19972,#15923,#15924);
#13150=AXIS2_PLACEMENT_3D('',#19974,#15926,#15927);
#13151=AXIS2_PLACEMENT_3D('',#19976,#15929,#15930);
#13152=AXIS2_PLACEMENT_3D('',#19978,#15932,#15933);
#13153=AXIS2_PLACEMENT_3D('',#19980,#15935,#15936);
#13154=AXIS2_PLACEMENT_3D('',#19982,#15938,#15939);
#13155=AXIS2_PLACEMENT_3D('',#19983,#15940,#15941);
#13156=AXIS2_PLACEMENT_3D('',#19986,#15944,#15945);
#13157=AXIS2_PLACEMENT_3D('',#19988,#15947,#15948);
#13158=AXIS2_PLACEMENT_3D('',#19990,#15950,#15951);
#13159=AXIS2_PLACEMENT_3D('',#19992,#15953,#15954);
#13160=AXIS2_PLACEMENT_3D('',#19994,#15956,#15957);
#13161=AXIS2_PLACEMENT_3D('',#19996,#15959,#15960);
#13162=AXIS2_PLACEMENT_3D('',#19998,#15962,#15963);
#13163=AXIS2_PLACEMENT_3D('',#19999,#15964,#15965);
#13164=AXIS2_PLACEMENT_3D('',#20002,#15968,#15969);
#13165=AXIS2_PLACEMENT_3D('',#20004,#15971,#15972);
#13166=AXIS2_PLACEMENT_3D('',#20006,#15974,#15975);
#13167=AXIS2_PLACEMENT_3D('',#20008,#15977,#15978);
#13168=AXIS2_PLACEMENT_3D('',#20010,#15980,#15981);
#13169=AXIS2_PLACEMENT_3D('',#20012,#15983,#15984);
#13170=AXIS2_PLACEMENT_3D('',#20014,#15986,#15987);
#13171=AXIS2_PLACEMENT_3D('',#20015,#15988,#15989);
#13172=AXIS2_PLACEMENT_3D('',#20018,#15992,#15993);
#13173=AXIS2_PLACEMENT_3D('',#20020,#15995,#15996);
#13174=AXIS2_PLACEMENT_3D('',#20022,#15998,#15999);
#13175=AXIS2_PLACEMENT_3D('',#20024,#16001,#16002);
#13176=AXIS2_PLACEMENT_3D('',#20026,#16004,#16005);
#13177=AXIS2_PLACEMENT_3D('',#20028,#16007,#16008);
#13178=AXIS2_PLACEMENT_3D('',#20030,#16010,#16011);
#13179=AXIS2_PLACEMENT_3D('',#20031,#16012,#16013);
#13180=AXIS2_PLACEMENT_3D('',#20034,#16016,#16017);
#13181=AXIS2_PLACEMENT_3D('',#20036,#16019,#16020);
#13182=AXIS2_PLACEMENT_3D('',#20038,#16022,#16023);
#13183=AXIS2_PLACEMENT_3D('',#20040,#16025,#16026);
#13184=AXIS2_PLACEMENT_3D('',#20042,#16028,#16029);
#13185=AXIS2_PLACEMENT_3D('',#20044,#16031,#16032);
#13186=AXIS2_PLACEMENT_3D('',#20046,#16034,#16035);
#13187=AXIS2_PLACEMENT_3D('',#20047,#16036,#16037);
#13188=AXIS2_PLACEMENT_3D('',#20050,#16040,#16041);
#13189=AXIS2_PLACEMENT_3D('',#20052,#16043,#16044);
#13190=AXIS2_PLACEMENT_3D('',#20054,#16046,#16047);
#13191=AXIS2_PLACEMENT_3D('',#20056,#16049,#16050);
#13192=AXIS2_PLACEMENT_3D('',#20058,#16052,#16053);
#13193=AXIS2_PLACEMENT_3D('',#20060,#16055,#16056);
#13194=AXIS2_PLACEMENT_3D('',#20062,#16058,#16059);
#13195=AXIS2_PLACEMENT_3D('',#20064,#16061,#16062);
#13196=AXIS2_PLACEMENT_3D('',#20066,#16064,#16065);
#13197=AXIS2_PLACEMENT_3D('',#20068,#16067,#16068);
#13198=AXIS2_PLACEMENT_3D('',#20070,#16070,#16071);
#13199=AXIS2_PLACEMENT_3D('',#20072,#16073,#16074);
#13200=AXIS2_PLACEMENT_3D('',#20074,#16076,#16077);
#13201=AXIS2_PLACEMENT_3D('',#20076,#16079,#16080);
#13202=AXIS2_PLACEMENT_3D('',#20078,#16082,#16083);
#13203=AXIS2_PLACEMENT_3D('',#20080,#16085,#16086);
#13204=AXIS2_PLACEMENT_3D('',#20082,#16088,#16089);
#13205=AXIS2_PLACEMENT_3D('',#20084,#16091,#16092);
#13206=AXIS2_PLACEMENT_3D('',#20086,#16094,#16095);
#13207=AXIS2_PLACEMENT_3D('',#20088,#16097,#16098);
#13208=AXIS2_PLACEMENT_3D('',#20090,#16100,#16101);
#13209=AXIS2_PLACEMENT_3D('',#20092,#16103,#16104);
#13210=AXIS2_PLACEMENT_3D('',#20094,#16106,#16107);
#13211=AXIS2_PLACEMENT_3D('',#20095,#16108,#16109);
#13212=AXIS2_PLACEMENT_3D('',#20098,#16112,#16113);
#13213=AXIS2_PLACEMENT_3D('',#20100,#16115,#16116);
#13214=AXIS2_PLACEMENT_3D('',#20102,#16118,#16119);
#13215=AXIS2_PLACEMENT_3D('',#20104,#16121,#16122);
#13216=AXIS2_PLACEMENT_3D('',#20106,#16124,#16125);
#13217=AXIS2_PLACEMENT_3D('',#20108,#16127,#16128);
#13218=AXIS2_PLACEMENT_3D('',#20110,#16130,#16131);
#13219=AXIS2_PLACEMENT_3D('',#20111,#16132,#16133);
#13220=AXIS2_PLACEMENT_3D('',#20114,#16136,#16137);
#13221=AXIS2_PLACEMENT_3D('',#20116,#16139,#16140);
#13222=AXIS2_PLACEMENT_3D('',#20118,#16142,#16143);
#13223=AXIS2_PLACEMENT_3D('',#20120,#16145,#16146);
#13224=AXIS2_PLACEMENT_3D('',#20122,#16148,#16149);
#13225=AXIS2_PLACEMENT_3D('',#20124,#16151,#16152);
#13226=AXIS2_PLACEMENT_3D('',#20126,#16154,#16155);
#13227=AXIS2_PLACEMENT_3D('',#20127,#16156,#16157);
#13228=AXIS2_PLACEMENT_3D('',#20130,#16160,#16161);
#13229=AXIS2_PLACEMENT_3D('',#20132,#16163,#16164);
#13230=AXIS2_PLACEMENT_3D('',#20134,#16166,#16167);
#13231=AXIS2_PLACEMENT_3D('',#20136,#16169,#16170);
#13232=AXIS2_PLACEMENT_3D('',#20138,#16172,#16173);
#13233=AXIS2_PLACEMENT_3D('',#20140,#16175,#16176);
#13234=AXIS2_PLACEMENT_3D('',#20142,#16178,#16179);
#13235=AXIS2_PLACEMENT_3D('',#20143,#16180,#16181);
#13236=AXIS2_PLACEMENT_3D('',#20146,#16184,#16185);
#13237=AXIS2_PLACEMENT_3D('',#20148,#16187,#16188);
#13238=AXIS2_PLACEMENT_3D('',#20150,#16190,#16191);
#13239=AXIS2_PLACEMENT_3D('',#20152,#16193,#16194);
#13240=AXIS2_PLACEMENT_3D('',#20154,#16196,#16197);
#13241=AXIS2_PLACEMENT_3D('',#20156,#16199,#16200);
#13242=AXIS2_PLACEMENT_3D('',#20158,#16202,#16203);
#13243=AXIS2_PLACEMENT_3D('',#20159,#16204,#16205);
#13244=AXIS2_PLACEMENT_3D('',#20162,#16208,#16209);
#13245=AXIS2_PLACEMENT_3D('',#20164,#16211,#16212);
#13246=AXIS2_PLACEMENT_3D('',#20166,#16214,#16215);
#13247=AXIS2_PLACEMENT_3D('',#20168,#16217,#16218);
#13248=AXIS2_PLACEMENT_3D('',#20170,#16220,#16221);
#13249=AXIS2_PLACEMENT_3D('',#20172,#16223,#16224);
#13250=AXIS2_PLACEMENT_3D('',#20174,#16226,#16227);
#13251=AXIS2_PLACEMENT_3D('',#20175,#16228,#16229);
#13252=AXIS2_PLACEMENT_3D('',#20178,#16232,#16233);
#13253=AXIS2_PLACEMENT_3D('',#20180,#16235,#16236);
#13254=AXIS2_PLACEMENT_3D('',#20182,#16238,#16239);
#13255=AXIS2_PLACEMENT_3D('',#20184,#16241,#16242);
#13256=AXIS2_PLACEMENT_3D('',#20186,#16244,#16245);
#13257=AXIS2_PLACEMENT_3D('',#20188,#16247,#16248);
#13258=AXIS2_PLACEMENT_3D('',#20190,#16250,#16251);
#13259=AXIS2_PLACEMENT_3D('',#20191,#16252,#16253);
#13260=AXIS2_PLACEMENT_3D('',#20194,#16256,#16257);
#13261=AXIS2_PLACEMENT_3D('',#20196,#16259,#16260);
#13262=AXIS2_PLACEMENT_3D('',#20198,#16262,#16263);
#13263=AXIS2_PLACEMENT_3D('',#20200,#16265,#16266);
#13264=AXIS2_PLACEMENT_3D('',#20202,#16268,#16269);
#13265=AXIS2_PLACEMENT_3D('',#20204,#16271,#16272);
#13266=AXIS2_PLACEMENT_3D('',#20206,#16274,#16275);
#13267=AXIS2_PLACEMENT_3D('',#20207,#16276,#16277);
#13268=AXIS2_PLACEMENT_3D('',#20210,#16280,#16281);
#13269=AXIS2_PLACEMENT_3D('',#20212,#16283,#16284);
#13270=AXIS2_PLACEMENT_3D('',#20214,#16286,#16287);
#13271=AXIS2_PLACEMENT_3D('',#20216,#16289,#16290);
#13272=AXIS2_PLACEMENT_3D('',#20218,#16292,#16293);
#13273=AXIS2_PLACEMENT_3D('',#20220,#16295,#16296);
#13274=AXIS2_PLACEMENT_3D('',#20222,#16298,#16299);
#13275=AXIS2_PLACEMENT_3D('',#20223,#16300,#16301);
#13276=AXIS2_PLACEMENT_3D('',#20226,#16304,#16305);
#13277=AXIS2_PLACEMENT_3D('',#20228,#16307,#16308);
#13278=AXIS2_PLACEMENT_3D('',#20230,#16310,#16311);
#13279=AXIS2_PLACEMENT_3D('',#20232,#16313,#16314);
#13280=AXIS2_PLACEMENT_3D('',#20234,#16316,#16317);
#13281=AXIS2_PLACEMENT_3D('',#20236,#16319,#16320);
#13282=AXIS2_PLACEMENT_3D('',#20238,#16322,#16323);
#13283=AXIS2_PLACEMENT_3D('',#20239,#16324,#16325);
#13284=AXIS2_PLACEMENT_3D('',#20242,#16328,#16329);
#13285=AXIS2_PLACEMENT_3D('',#20244,#16331,#16332);
#13286=AXIS2_PLACEMENT_3D('',#20246,#16334,#16335);
#13287=AXIS2_PLACEMENT_3D('',#20248,#16337,#16338);
#13288=AXIS2_PLACEMENT_3D('',#20250,#16340,#16341);
#13289=AXIS2_PLACEMENT_3D('',#20252,#16343,#16344);
#13290=AXIS2_PLACEMENT_3D('',#20254,#16346,#16347);
#13291=AXIS2_PLACEMENT_3D('',#20255,#16348,#16349);
#13292=AXIS2_PLACEMENT_3D('',#20258,#16352,#16353);
#13293=AXIS2_PLACEMENT_3D('',#20260,#16355,#16356);
#13294=AXIS2_PLACEMENT_3D('',#20262,#16358,#16359);
#13295=AXIS2_PLACEMENT_3D('',#20264,#16361,#16362);
#13296=AXIS2_PLACEMENT_3D('',#20266,#16364,#16365);
#13297=AXIS2_PLACEMENT_3D('',#20268,#16367,#16368);
#13298=AXIS2_PLACEMENT_3D('',#20270,#16370,#16371);
#13299=AXIS2_PLACEMENT_3D('',#20271,#16372,#16373);
#13300=AXIS2_PLACEMENT_3D('',#20274,#16376,#16377);
#13301=AXIS2_PLACEMENT_3D('',#20276,#16379,#16380);
#13302=AXIS2_PLACEMENT_3D('',#20278,#16382,#16383);
#13303=AXIS2_PLACEMENT_3D('',#20280,#16385,#16386);
#13304=AXIS2_PLACEMENT_3D('',#20282,#16388,#16389);
#13305=AXIS2_PLACEMENT_3D('',#20284,#16391,#16392);
#13306=AXIS2_PLACEMENT_3D('',#20286,#16394,#16395);
#13307=AXIS2_PLACEMENT_3D('',#20287,#16396,#16397);
#13308=AXIS2_PLACEMENT_3D('',#20290,#16400,#16401);
#13309=AXIS2_PLACEMENT_3D('',#20292,#16403,#16404);
#13310=AXIS2_PLACEMENT_3D('',#20294,#16406,#16407);
#13311=AXIS2_PLACEMENT_3D('',#20296,#16409,#16410);
#13312=AXIS2_PLACEMENT_3D('',#20298,#16412,#16413);
#13313=AXIS2_PLACEMENT_3D('',#20300,#16415,#16416);
#13314=AXIS2_PLACEMENT_3D('',#20302,#16418,#16419);
#13315=AXIS2_PLACEMENT_3D('',#20303,#16420,#16421);
#13316=AXIS2_PLACEMENT_3D('',#20306,#16424,#16425);
#13317=AXIS2_PLACEMENT_3D('',#20308,#16427,#16428);
#13318=AXIS2_PLACEMENT_3D('',#20310,#16430,#16431);
#13319=AXIS2_PLACEMENT_3D('',#20312,#16433,#16434);
#13320=AXIS2_PLACEMENT_3D('',#20314,#16436,#16437);
#13321=AXIS2_PLACEMENT_3D('',#20316,#16439,#16440);
#13322=AXIS2_PLACEMENT_3D('',#20318,#16442,#16443);
#13323=AXIS2_PLACEMENT_3D('',#20319,#16444,#16445);
#13324=AXIS2_PLACEMENT_3D('',#20322,#16448,#16449);
#13325=AXIS2_PLACEMENT_3D('',#20324,#16451,#16452);
#13326=AXIS2_PLACEMENT_3D('',#20326,#16454,#16455);
#13327=AXIS2_PLACEMENT_3D('',#20328,#16457,#16458);
#13328=AXIS2_PLACEMENT_3D('',#20330,#16460,#16461);
#13329=AXIS2_PLACEMENT_3D('',#20332,#16463,#16464);
#13330=AXIS2_PLACEMENT_3D('',#20334,#16466,#16467);
#13331=AXIS2_PLACEMENT_3D('',#20335,#16468,#16469);
#13332=AXIS2_PLACEMENT_3D('',#20338,#16472,#16473);
#13333=AXIS2_PLACEMENT_3D('',#20340,#16475,#16476);
#13334=AXIS2_PLACEMENT_3D('',#20342,#16478,#16479);
#13335=AXIS2_PLACEMENT_3D('',#20344,#16481,#16482);
#13336=AXIS2_PLACEMENT_3D('',#20346,#16484,#16485);
#13337=AXIS2_PLACEMENT_3D('',#20348,#16487,#16488);
#13338=AXIS2_PLACEMENT_3D('',#20350,#16490,#16491);
#13339=AXIS2_PLACEMENT_3D('',#20351,#16492,#16493);
#13340=AXIS2_PLACEMENT_3D('',#20354,#16496,#16497);
#13341=AXIS2_PLACEMENT_3D('',#20356,#16499,#16500);
#13342=AXIS2_PLACEMENT_3D('',#20358,#16502,#16503);
#13343=AXIS2_PLACEMENT_3D('',#20360,#16505,#16506);
#13344=AXIS2_PLACEMENT_3D('',#20362,#16508,#16509);
#13345=AXIS2_PLACEMENT_3D('',#20364,#16511,#16512);
#13346=AXIS2_PLACEMENT_3D('',#20366,#16514,#16515);
#13347=AXIS2_PLACEMENT_3D('',#20367,#16516,#16517);
#13348=AXIS2_PLACEMENT_3D('',#20370,#16520,#16521);
#13349=AXIS2_PLACEMENT_3D('',#20372,#16523,#16524);
#13350=AXIS2_PLACEMENT_3D('',#20374,#16526,#16527);
#13351=AXIS2_PLACEMENT_3D('',#20376,#16529,#16530);
#13352=AXIS2_PLACEMENT_3D('',#20378,#16532,#16533);
#13353=AXIS2_PLACEMENT_3D('',#20380,#16535,#16536);
#13354=AXIS2_PLACEMENT_3D('',#20382,#16538,#16539);
#13355=AXIS2_PLACEMENT_3D('',#20383,#16540,#16541);
#13356=AXIS2_PLACEMENT_3D('',#20386,#16544,#16545);
#13357=AXIS2_PLACEMENT_3D('',#20388,#16547,#16548);
#13358=AXIS2_PLACEMENT_3D('',#20390,#16550,#16551);
#13359=AXIS2_PLACEMENT_3D('',#20392,#16553,#16554);
#13360=AXIS2_PLACEMENT_3D('',#20394,#16556,#16557);
#13361=AXIS2_PLACEMENT_3D('',#20396,#16559,#16560);
#13362=AXIS2_PLACEMENT_3D('',#20398,#16562,#16563);
#13363=AXIS2_PLACEMENT_3D('',#20399,#16564,#16565);
#13364=AXIS2_PLACEMENT_3D('',#20402,#16568,#16569);
#13365=AXIS2_PLACEMENT_3D('',#20404,#16571,#16572);
#13366=AXIS2_PLACEMENT_3D('',#20406,#16574,#16575);
#13367=AXIS2_PLACEMENT_3D('',#20408,#16577,#16578);
#13368=AXIS2_PLACEMENT_3D('',#20410,#16580,#16581);
#13369=AXIS2_PLACEMENT_3D('',#20412,#16583,#16584);
#13370=AXIS2_PLACEMENT_3D('',#20414,#16586,#16587);
#13371=AXIS2_PLACEMENT_3D('',#20415,#16588,#16589);
#13372=AXIS2_PLACEMENT_3D('',#20418,#16592,#16593);
#13373=AXIS2_PLACEMENT_3D('',#20420,#16595,#16596);
#13374=AXIS2_PLACEMENT_3D('',#20422,#16598,#16599);
#13375=AXIS2_PLACEMENT_3D('',#20424,#16601,#16602);
#13376=AXIS2_PLACEMENT_3D('',#20426,#16604,#16605);
#13377=AXIS2_PLACEMENT_3D('',#20428,#16607,#16608);
#13378=AXIS2_PLACEMENT_3D('',#20430,#16610,#16611);
#13379=AXIS2_PLACEMENT_3D('',#20431,#16612,#16613);
#13380=AXIS2_PLACEMENT_3D('',#20434,#16616,#16617);
#13381=AXIS2_PLACEMENT_3D('',#20436,#16619,#16620);
#13382=AXIS2_PLACEMENT_3D('',#20438,#16622,#16623);
#13383=AXIS2_PLACEMENT_3D('',#20440,#16625,#16626);
#13384=AXIS2_PLACEMENT_3D('',#20442,#16628,#16629);
#13385=AXIS2_PLACEMENT_3D('',#20444,#16631,#16632);
#13386=AXIS2_PLACEMENT_3D('',#20446,#16634,#16635);
#13387=AXIS2_PLACEMENT_3D('',#20447,#16636,#16637);
#13388=AXIS2_PLACEMENT_3D('',#20450,#16640,#16641);
#13389=AXIS2_PLACEMENT_3D('',#20452,#16643,#16644);
#13390=AXIS2_PLACEMENT_3D('',#20454,#16646,#16647);
#13391=AXIS2_PLACEMENT_3D('',#20456,#16649,#16650);
#13392=AXIS2_PLACEMENT_3D('',#20458,#16652,#16653);
#13393=AXIS2_PLACEMENT_3D('',#20460,#16655,#16656);
#13394=AXIS2_PLACEMENT_3D('',#20462,#16658,#16659);
#13395=AXIS2_PLACEMENT_3D('',#20463,#16660,#16661);
#13396=AXIS2_PLACEMENT_3D('',#20466,#16664,#16665);
#13397=AXIS2_PLACEMENT_3D('',#20468,#16667,#16668);
#13398=AXIS2_PLACEMENT_3D('',#20470,#16670,#16671);
#13399=AXIS2_PLACEMENT_3D('',#20472,#16673,#16674);
#13400=AXIS2_PLACEMENT_3D('',#20474,#16676,#16677);
#13401=AXIS2_PLACEMENT_3D('',#20476,#16679,#16680);
#13402=AXIS2_PLACEMENT_3D('',#20478,#16682,#16683);
#13403=AXIS2_PLACEMENT_3D('',#20479,#16684,#16685);
#13404=AXIS2_PLACEMENT_3D('',#20482,#16688,#16689);
#13405=AXIS2_PLACEMENT_3D('',#20484,#16691,#16692);
#13406=AXIS2_PLACEMENT_3D('',#20486,#16694,#16695);
#13407=AXIS2_PLACEMENT_3D('',#20488,#16697,#16698);
#13408=AXIS2_PLACEMENT_3D('',#20490,#16700,#16701);
#13409=AXIS2_PLACEMENT_3D('',#20492,#16703,#16704);
#13410=AXIS2_PLACEMENT_3D('',#20494,#16706,#16707);
#13411=AXIS2_PLACEMENT_3D('',#20495,#16708,#16709);
#13412=AXIS2_PLACEMENT_3D('',#20498,#16712,#16713);
#13413=AXIS2_PLACEMENT_3D('',#20500,#16715,#16716);
#13414=AXIS2_PLACEMENT_3D('',#20502,#16718,#16719);
#13415=AXIS2_PLACEMENT_3D('',#20504,#16721,#16722);
#13416=AXIS2_PLACEMENT_3D('',#20506,#16724,#16725);
#13417=AXIS2_PLACEMENT_3D('',#20508,#16727,#16728);
#13418=AXIS2_PLACEMENT_3D('',#20510,#16730,#16731);
#13419=AXIS2_PLACEMENT_3D('',#20511,#16732,#16733);
#13420=AXIS2_PLACEMENT_3D('',#20514,#16736,#16737);
#13421=AXIS2_PLACEMENT_3D('',#20516,#16739,#16740);
#13422=AXIS2_PLACEMENT_3D('',#20518,#16742,#16743);
#13423=AXIS2_PLACEMENT_3D('',#20520,#16745,#16746);
#13424=AXIS2_PLACEMENT_3D('',#20522,#16748,#16749);
#13425=AXIS2_PLACEMENT_3D('',#20524,#16751,#16752);
#13426=AXIS2_PLACEMENT_3D('',#20526,#16754,#16755);
#13427=AXIS2_PLACEMENT_3D('',#20527,#16756,#16757);
#13428=AXIS2_PLACEMENT_3D('',#20530,#16760,#16761);
#13429=AXIS2_PLACEMENT_3D('',#20532,#16763,#16764);
#13430=AXIS2_PLACEMENT_3D('',#20534,#16766,#16767);
#13431=AXIS2_PLACEMENT_3D('',#20536,#16769,#16770);
#13432=AXIS2_PLACEMENT_3D('',#20538,#16772,#16773);
#13433=AXIS2_PLACEMENT_3D('',#20540,#16775,#16776);
#13434=AXIS2_PLACEMENT_3D('',#20542,#16778,#16779);
#13435=AXIS2_PLACEMENT_3D('',#20543,#16780,#16781);
#13436=AXIS2_PLACEMENT_3D('',#20546,#16784,#16785);
#13437=AXIS2_PLACEMENT_3D('',#20548,#16787,#16788);
#13438=AXIS2_PLACEMENT_3D('',#20550,#16790,#16791);
#13439=AXIS2_PLACEMENT_3D('',#20552,#16793,#16794);
#13440=AXIS2_PLACEMENT_3D('',#20554,#16796,#16797);
#13441=AXIS2_PLACEMENT_3D('',#20556,#16799,#16800);
#13442=AXIS2_PLACEMENT_3D('',#20558,#16802,#16803);
#13443=AXIS2_PLACEMENT_3D('',#20559,#16804,#16805);
#13444=AXIS2_PLACEMENT_3D('',#20562,#16808,#16809);
#13445=AXIS2_PLACEMENT_3D('',#20564,#16811,#16812);
#13446=AXIS2_PLACEMENT_3D('',#20566,#16814,#16815);
#13447=AXIS2_PLACEMENT_3D('',#20568,#16817,#16818);
#13448=AXIS2_PLACEMENT_3D('',#20570,#16820,#16821);
#13449=AXIS2_PLACEMENT_3D('',#20572,#16823,#16824);
#13450=AXIS2_PLACEMENT_3D('',#20574,#16826,#16827);
#13451=AXIS2_PLACEMENT_3D('',#20575,#16828,#16829);
#13452=AXIS2_PLACEMENT_3D('',#20578,#16832,#16833);
#13453=AXIS2_PLACEMENT_3D('',#20580,#16835,#16836);
#13454=AXIS2_PLACEMENT_3D('',#20582,#16838,#16839);
#13455=AXIS2_PLACEMENT_3D('',#20584,#16841,#16842);
#13456=AXIS2_PLACEMENT_3D('',#20586,#16844,#16845);
#13457=AXIS2_PLACEMENT_3D('',#20588,#16847,#16848);
#13458=AXIS2_PLACEMENT_3D('',#20590,#16850,#16851);
#13459=AXIS2_PLACEMENT_3D('',#20591,#16852,#16853);
#13460=AXIS2_PLACEMENT_3D('',#20594,#16856,#16857);
#13461=AXIS2_PLACEMENT_3D('',#20596,#16859,#16860);
#13462=AXIS2_PLACEMENT_3D('',#20598,#16862,#16863);
#13463=AXIS2_PLACEMENT_3D('',#20600,#16865,#16866);
#13464=AXIS2_PLACEMENT_3D('',#20602,#16868,#16869);
#13465=AXIS2_PLACEMENT_3D('',#20604,#16871,#16872);
#13466=AXIS2_PLACEMENT_3D('',#20606,#16874,#16875);
#13467=AXIS2_PLACEMENT_3D('',#20607,#16876,#16877);
#13468=AXIS2_PLACEMENT_3D('',#20610,#16880,#16881);
#13469=AXIS2_PLACEMENT_3D('',#20612,#16883,#16884);
#13470=AXIS2_PLACEMENT_3D('',#20614,#16886,#16887);
#13471=AXIS2_PLACEMENT_3D('',#20616,#16889,#16890);
#13472=AXIS2_PLACEMENT_3D('',#20618,#16892,#16893);
#13473=AXIS2_PLACEMENT_3D('',#20620,#16895,#16896);
#13474=AXIS2_PLACEMENT_3D('',#20622,#16898,#16899);
#13475=AXIS2_PLACEMENT_3D('',#20623,#16900,#16901);
#13476=AXIS2_PLACEMENT_3D('',#20626,#16904,#16905);
#13477=AXIS2_PLACEMENT_3D('',#20628,#16907,#16908);
#13478=AXIS2_PLACEMENT_3D('',#20630,#16910,#16911);
#13479=AXIS2_PLACEMENT_3D('',#20632,#16913,#16914);
#13480=AXIS2_PLACEMENT_3D('',#20634,#16916,#16917);
#13481=AXIS2_PLACEMENT_3D('',#20636,#16919,#16920);
#13482=AXIS2_PLACEMENT_3D('',#20638,#16922,#16923);
#13483=AXIS2_PLACEMENT_3D('',#20639,#16924,#16925);
#13484=AXIS2_PLACEMENT_3D('',#20642,#16928,#16929);
#13485=AXIS2_PLACEMENT_3D('',#20644,#16931,#16932);
#13486=AXIS2_PLACEMENT_3D('',#20646,#16934,#16935);
#13487=AXIS2_PLACEMENT_3D('',#20648,#16937,#16938);
#13488=AXIS2_PLACEMENT_3D('',#20650,#16940,#16941);
#13489=AXIS2_PLACEMENT_3D('',#20652,#16943,#16944);
#13490=AXIS2_PLACEMENT_3D('',#20654,#16946,#16947);
#13491=AXIS2_PLACEMENT_3D('',#20655,#16948,#16949);
#13492=AXIS2_PLACEMENT_3D('',#20658,#16952,#16953);
#13493=AXIS2_PLACEMENT_3D('',#20660,#16955,#16956);
#13494=AXIS2_PLACEMENT_3D('',#20662,#16958,#16959);
#13495=AXIS2_PLACEMENT_3D('',#20664,#16961,#16962);
#13496=AXIS2_PLACEMENT_3D('',#20666,#16964,#16965);
#13497=AXIS2_PLACEMENT_3D('',#20668,#16967,#16968);
#13498=AXIS2_PLACEMENT_3D('',#20670,#16970,#16971);
#13499=AXIS2_PLACEMENT_3D('',#20671,#16972,#16973);
#13500=AXIS2_PLACEMENT_3D('',#20674,#16976,#16977);
#13501=AXIS2_PLACEMENT_3D('',#20676,#16979,#16980);
#13502=AXIS2_PLACEMENT_3D('',#20678,#16982,#16983);
#13503=AXIS2_PLACEMENT_3D('',#20680,#16985,#16986);
#13504=AXIS2_PLACEMENT_3D('',#20682,#16988,#16989);
#13505=AXIS2_PLACEMENT_3D('',#20684,#16991,#16992);
#13506=AXIS2_PLACEMENT_3D('',#20686,#16994,#16995);
#13507=AXIS2_PLACEMENT_3D('',#20687,#16996,#16997);
#13508=AXIS2_PLACEMENT_3D('',#20690,#17000,#17001);
#13509=AXIS2_PLACEMENT_3D('',#20692,#17003,#17004);
#13510=AXIS2_PLACEMENT_3D('',#20694,#17006,#17007);
#13511=AXIS2_PLACEMENT_3D('',#20696,#17009,#17010);
#13512=AXIS2_PLACEMENT_3D('',#20698,#17012,#17013);
#13513=AXIS2_PLACEMENT_3D('',#20700,#17015,#17016);
#13514=AXIS2_PLACEMENT_3D('',#20702,#17018,#17019);
#13515=AXIS2_PLACEMENT_3D('',#20703,#17020,#17021);
#13516=AXIS2_PLACEMENT_3D('',#20706,#17024,#17025);
#13517=AXIS2_PLACEMENT_3D('',#20708,#17027,#17028);
#13518=AXIS2_PLACEMENT_3D('',#20710,#17030,#17031);
#13519=AXIS2_PLACEMENT_3D('',#20712,#17033,#17034);
#13520=AXIS2_PLACEMENT_3D('',#20714,#17036,#17037);
#13521=AXIS2_PLACEMENT_3D('',#20716,#17039,#17040);
#13522=AXIS2_PLACEMENT_3D('',#20718,#17042,#17043);
#13523=AXIS2_PLACEMENT_3D('',#20719,#17044,#17045);
#13524=AXIS2_PLACEMENT_3D('',#20722,#17048,#17049);
#13525=AXIS2_PLACEMENT_3D('',#20724,#17051,#17052);
#13526=AXIS2_PLACEMENT_3D('',#20726,#17054,#17055);
#13527=AXIS2_PLACEMENT_3D('',#20728,#17057,#17058);
#13528=AXIS2_PLACEMENT_3D('',#20730,#17060,#17061);
#13529=AXIS2_PLACEMENT_3D('',#20732,#17063,#17064);
#13530=AXIS2_PLACEMENT_3D('',#20734,#17066,#17067);
#13531=AXIS2_PLACEMENT_3D('',#20735,#17068,#17069);
#13532=AXIS2_PLACEMENT_3D('',#20738,#17072,#17073);
#13533=AXIS2_PLACEMENT_3D('',#20740,#17075,#17076);
#13534=AXIS2_PLACEMENT_3D('',#20742,#17078,#17079);
#13535=AXIS2_PLACEMENT_3D('',#20744,#17081,#17082);
#13536=AXIS2_PLACEMENT_3D('',#20746,#17084,#17085);
#13537=AXIS2_PLACEMENT_3D('',#20748,#17087,#17088);
#13538=AXIS2_PLACEMENT_3D('',#20750,#17090,#17091);
#13539=AXIS2_PLACEMENT_3D('',#20751,#17092,#17093);
#13540=AXIS2_PLACEMENT_3D('',#20754,#17096,#17097);
#13541=AXIS2_PLACEMENT_3D('',#20756,#17099,#17100);
#13542=AXIS2_PLACEMENT_3D('',#20758,#17102,#17103);
#13543=AXIS2_PLACEMENT_3D('',#20760,#17105,#17106);
#13544=AXIS2_PLACEMENT_3D('',#20762,#17108,#17109);
#13545=AXIS2_PLACEMENT_3D('',#20764,#17111,#17112);
#13546=AXIS2_PLACEMENT_3D('',#20766,#17114,#17115);
#13547=AXIS2_PLACEMENT_3D('',#20767,#17116,#17117);
#13548=AXIS2_PLACEMENT_3D('',#20770,#17120,#17121);
#13549=AXIS2_PLACEMENT_3D('',#20772,#17123,#17124);
#13550=AXIS2_PLACEMENT_3D('',#20774,#17126,#17127);
#13551=AXIS2_PLACEMENT_3D('',#20776,#17129,#17130);
#13552=AXIS2_PLACEMENT_3D('',#20778,#17132,#17133);
#13553=AXIS2_PLACEMENT_3D('',#20780,#17135,#17136);
#13554=AXIS2_PLACEMENT_3D('',#20782,#17138,#17139);
#13555=AXIS2_PLACEMENT_3D('',#20783,#17140,#17141);
#13556=AXIS2_PLACEMENT_3D('',#20786,#17144,#17145);
#13557=AXIS2_PLACEMENT_3D('',#20788,#17147,#17148);
#13558=AXIS2_PLACEMENT_3D('',#20790,#17150,#17151);
#13559=AXIS2_PLACEMENT_3D('',#20792,#17153,#17154);
#13560=AXIS2_PLACEMENT_3D('',#20794,#17156,#17157);
#13561=AXIS2_PLACEMENT_3D('',#20796,#17159,#17160);
#13562=AXIS2_PLACEMENT_3D('',#20798,#17162,#17163);
#13563=AXIS2_PLACEMENT_3D('',#20799,#17164,#17165);
#13564=AXIS2_PLACEMENT_3D('',#20801,#17167,#17168);
#13565=AXIS2_PLACEMENT_3D('',#20802,#17169,#17170);
#13566=AXIS2_PLACEMENT_3D('',#20804,#17172,#17173);
#13567=AXIS2_PLACEMENT_3D('',#20806,#17175,#17176);
#13568=AXIS2_PLACEMENT_3D('',#20807,#17177,#17178);
#13569=AXIS2_PLACEMENT_3D('',#20809,#17180,#17181);
#13570=AXIS2_PLACEMENT_3D('',#20811,#17183,#17184);
#13571=DIRECTION('axis',(0.,0.,1.));
#13572=DIRECTION('refdir',(1.,0.,0.));
#13573=DIRECTION('center_axis',(0.0029229752829974,-0.999995728098623,0.));
#13574=DIRECTION('ref_axis',(-0.999995728098623,-0.0029229752829974,0.));
#13575=DIRECTION('',(0.999995728098623,0.0029229752829974,0.));
#13576=DIRECTION('',(0.,0.,-1.));
#13577=DIRECTION('',(-0.999995728098623,-0.0029229752829974,0.));
#13578=DIRECTION('',(0.,0.,-1.));
#13579=DIRECTION('center_axis',(0.,0.,-1.));
#13580=DIRECTION('ref_axis',(0.00292297528304181,-0.999995728098623,0.));
#13581=DIRECTION('center_axis',(0.,0.,1.));
#13582=DIRECTION('ref_axis',(0.00292297528304181,-0.999995728098623,0.));
#13583=DIRECTION('center_axis',(0.,0.,-1.));
#13584=DIRECTION('ref_axis',(0.00292297528304181,-0.999995728098623,0.));
#13585=DIRECTION('',(0.,0.,-1.));
#13586=DIRECTION('center_axis',(-0.00292297528299729,0.999995728098623,
0.));
#13587=DIRECTION('ref_axis',(0.999995728098623,0.00292297528299729,0.));
#13588=DIRECTION('',(-0.999995728098623,-0.00292297528299729,0.));
#13589=DIRECTION('',(0.999995728098623,0.00292297528299729,0.));
#13590=DIRECTION('',(0.,0.,-1.));
#13591=DIRECTION('center_axis',(0.,0.,-1.));
#13592=DIRECTION('ref_axis',(-0.00292297528304181,0.999995728098623,0.));
#13593=DIRECTION('center_axis',(0.,0.,1.));
#13594=DIRECTION('ref_axis',(-0.00292297528304181,0.999995728098623,0.));
#13595=DIRECTION('center_axis',(0.,0.,-1.));
#13596=DIRECTION('ref_axis',(-0.00292297528304181,0.999995728098623,0.));
#13597=DIRECTION('center_axis',(0.00322507670432516,-0.999994799426603,
0.));
#13598=DIRECTION('ref_axis',(-0.999994799426603,-0.00322507670432516,0.));
#13599=DIRECTION('',(0.999994799426603,0.00322507670432516,0.));
#13600=DIRECTION('',(0.,0.,-1.));
#13601=DIRECTION('',(-0.999994799426603,-0.00322507670432516,0.));
#13602=DIRECTION('',(0.,0.,-1.));
#13603=DIRECTION('center_axis',(0.,0.,-1.));
#13604=DIRECTION('ref_axis',(0.00322507670432538,-0.999994799426603,0.));
#13605=DIRECTION('center_axis',(0.,0.,1.));
#13606=DIRECTION('ref_axis',(0.00322507670432538,-0.999994799426603,0.));
#13607=DIRECTION('center_axis',(0.,0.,-1.));
#13608=DIRECTION('ref_axis',(0.00322507670432538,-0.999994799426603,0.));
#13609=DIRECTION('',(0.,0.,-1.));
#13610=DIRECTION('center_axis',(-0.00322507670433404,0.999994799426603,
0.));
#13611=DIRECTION('ref_axis',(0.999994799426603,0.00322507670433404,0.));
#13612=DIRECTION('',(-0.999994799426603,-0.00322507670433404,0.));
#13613=DIRECTION('',(0.999994799426603,0.00322507670433404,0.));
#13614=DIRECTION('',(0.,0.,-1.));
#13615=DIRECTION('center_axis',(0.,0.,-1.));
#13616=DIRECTION('ref_axis',(-0.00322507670431673,0.999994799426603,0.));
#13617=DIRECTION('center_axis',(0.,0.,1.));
#13618=DIRECTION('ref_axis',(-0.00322507670431673,0.999994799426603,0.));
#13619=DIRECTION('center_axis',(0.,0.,-1.));
#13620=DIRECTION('ref_axis',(-0.00322507670431673,0.999994799426603,0.));
#13621=DIRECTION('center_axis',(0.,-1.,0.));
#13622=DIRECTION('ref_axis',(-1.,0.,0.));
#13623=DIRECTION('',(1.,0.,0.));
#13624=DIRECTION('',(0.,0.,-1.));
#13625=DIRECTION('',(-1.,0.,0.));
#13626=DIRECTION('',(0.,0.,-1.));
#13627=DIRECTION('center_axis',(0.,0.,-1.));
#13628=DIRECTION('ref_axis',(0.,-1.,0.));
#13629=DIRECTION('center_axis',(0.,0.,1.));
#13630=DIRECTION('ref_axis',(0.,-1.,0.));
#13631=DIRECTION('center_axis',(0.,0.,-1.));
#13632=DIRECTION('ref_axis',(0.,-1.,0.));
#13633=DIRECTION('',(0.,0.,-1.));
#13634=DIRECTION('center_axis',(0.,1.,0.));
#13635=DIRECTION('ref_axis',(1.,0.,0.));
#13636=DIRECTION('',(-1.,0.,0.));
#13637=DIRECTION('',(1.,0.,0.));
#13638=DIRECTION('',(0.,0.,-1.));
#13639=DIRECTION('center_axis',(0.,0.,-1.));
#13640=DIRECTION('ref_axis',(0.,1.,0.));
#13641=DIRECTION('center_axis',(0.,0.,1.));
#13642=DIRECTION('ref_axis',(0.,1.,0.));
#13643=DIRECTION('center_axis',(0.,0.,-1.));
#13644=DIRECTION('ref_axis',(0.,1.,0.));
#13645=DIRECTION('center_axis',(0.00263267601562585,-0.999996534502494,
0.));
#13646=DIRECTION('ref_axis',(-0.999996534502494,-0.00263267601562585,0.));
#13647=DIRECTION('',(0.999996534502493,0.00263267601562585,0.));
#13648=DIRECTION('',(0.,0.,-1.));
#13649=DIRECTION('',(-0.999996534502493,-0.00263267601562585,0.));
#13650=DIRECTION('',(0.,0.,-1.));
#13651=DIRECTION('center_axis',(0.,0.,-1.));
#13652=DIRECTION('ref_axis',(0.00263267601567924,-0.999996534502493,0.));
#13653=DIRECTION('center_axis',(0.,0.,1.));
#13654=DIRECTION('ref_axis',(0.00263267601567924,-0.999996534502493,0.));
#13655=DIRECTION('center_axis',(0.,0.,-1.));
#13656=DIRECTION('ref_axis',(0.00263267601567924,-0.999996534502493,0.));
#13657=DIRECTION('',(0.,0.,-1.));
#13658=DIRECTION('center_axis',(-0.0026326760156259,0.999996534502493,0.));
#13659=DIRECTION('ref_axis',(0.999996534502494,0.0026326760156259,0.));
#13660=DIRECTION('',(-0.999996534502493,-0.0026326760156259,0.));
#13661=DIRECTION('',(0.999996534502493,0.0026326760156259,0.));
#13662=DIRECTION('',(0.,0.,-1.));
#13663=DIRECTION('center_axis',(0.,0.,-1.));
#13664=DIRECTION('ref_axis',(-0.00263267601567914,0.999996534502493,0.));
#13665=DIRECTION('center_axis',(0.,0.,1.));
#13666=DIRECTION('ref_axis',(-0.00263267601567914,0.999996534502493,0.));
#13667=DIRECTION('center_axis',(0.,0.,-1.));
#13668=DIRECTION('ref_axis',(-0.00263267601567914,0.999996534502493,0.));
#13669=DIRECTION('center_axis',(0.00275820018665662,-0.999996196158631,
0.));
#13670=DIRECTION('ref_axis',(-0.999996196158631,-0.00275820018665662,0.));
#13671=DIRECTION('',(0.99999619615863,0.00275820018665662,0.));
#13672=DIRECTION('',(0.,0.,-1.));
#13673=DIRECTION('',(-0.99999619615863,-0.00275820018665662,0.));
#13674=DIRECTION('',(0.,0.,-1.));
#13675=DIRECTION('center_axis',(0.,0.,-1.));
#13676=DIRECTION('ref_axis',(0.00275820018664789,-0.999996196158631,0.));
#13677=DIRECTION('center_axis',(0.,0.,1.));
#13678=DIRECTION('ref_axis',(0.00275820018664789,-0.999996196158631,0.));
#13679=DIRECTION('center_axis',(0.,0.,-1.));
#13680=DIRECTION('ref_axis',(0.00275820018664789,-0.999996196158631,0.));
#13681=DIRECTION('',(0.,0.,-1.));
#13682=DIRECTION('center_axis',(-0.00275820018664776,0.999996196158631,
0.));
#13683=DIRECTION('ref_axis',(0.999996196158631,0.00275820018664776,0.));
#13684=DIRECTION('',(-0.999996196158631,-0.00275820018664776,0.));
#13685=DIRECTION('',(0.999996196158631,0.00275820018664776,0.));
#13686=DIRECTION('',(0.,0.,-1.));
#13687=DIRECTION('center_axis',(0.,0.,-1.));
#13688=DIRECTION('ref_axis',(-0.00275820018664779,0.999996196158631,0.));
#13689=DIRECTION('center_axis',(0.,0.,1.));
#13690=DIRECTION('ref_axis',(-0.00275820018664779,0.999996196158631,0.));
#13691=DIRECTION('center_axis',(0.,0.,-1.));
#13692=DIRECTION('ref_axis',(-0.00275820018664779,0.999996196158631,0.));
#13693=DIRECTION('center_axis',(0.,1.,0.));
#13694=DIRECTION('ref_axis',(1.,0.,0.));
#13695=DIRECTION('',(-1.,0.,0.));
#13696=DIRECTION('',(0.,0.,-1.));
#13697=DIRECTION('',(1.,0.,0.));
#13698=DIRECTION('',(0.,0.,-1.));
#13699=DIRECTION('center_axis',(0.,0.,-1.));
#13700=DIRECTION('ref_axis',(0.,1.,0.));
#13701=DIRECTION('center_axis',(0.,0.,1.));
#13702=DIRECTION('ref_axis',(0.,1.,0.));
#13703=DIRECTION('center_axis',(0.,0.,-1.));
#13704=DIRECTION('ref_axis',(0.,1.,0.));
#13705=DIRECTION('',(0.,0.,-1.));
#13706=DIRECTION('center_axis',(0.,-1.,0.));
#13707=DIRECTION('ref_axis',(-1.,0.,0.));
#13708=DIRECTION('',(1.,0.,0.));
#13709=DIRECTION('',(-1.,0.,0.));
#13710=DIRECTION('',(0.,0.,-1.));
#13711=DIRECTION('center_axis',(0.,0.,-1.));
#13712=DIRECTION('ref_axis',(0.,-1.,0.));
#13713=DIRECTION('center_axis',(0.,0.,1.));
#13714=DIRECTION('ref_axis',(0.,-1.,0.));
#13715=DIRECTION('center_axis',(0.,0.,-1.));
#13716=DIRECTION('ref_axis',(0.,-1.,0.));
#13717=DIRECTION('center_axis',(0.,0.,-1.));
#13718=DIRECTION('ref_axis',(0.,-1.,0.));
#13719=DIRECTION('center_axis',(0.,0.,1.));
#13720=DIRECTION('ref_axis',(0.,-1.,0.));
#13721=DIRECTION('',(0.,0.,-1.));
#13722=DIRECTION('center_axis',(0.,0.,-1.));
#13723=DIRECTION('ref_axis',(0.,-1.,0.));
#13724=DIRECTION('',(0.,0.,-1.));
#13725=DIRECTION('center_axis',(6.93889390390723E-17,1.,0.));
#13726=DIRECTION('ref_axis',(1.,-6.93889390390723E-17,0.));
#13727=DIRECTION('',(-1.,6.93889390390723E-17,0.));
#13728=DIRECTION('',(1.,-6.93889390390723E-17,0.));
#13729=DIRECTION('',(0.,0.,-1.));
#13730=DIRECTION('center_axis',(0.,0.,-1.));
#13731=DIRECTION('ref_axis',(0.,1.,0.));
#13732=DIRECTION('center_axis',(0.,0.,1.));
#13733=DIRECTION('ref_axis',(0.,1.,0.));
#13734=DIRECTION('center_axis',(0.,0.,-1.));
#13735=DIRECTION('ref_axis',(0.,1.,0.));
#13736=DIRECTION('',(0.,0.,-1.));
#13737=DIRECTION('center_axis',(3.30423571284167E-17,-1.,0.));
#13738=DIRECTION('ref_axis',(-1.,-3.30423571284167E-17,0.));
#13739=DIRECTION('',(1.,3.30423571284167E-17,0.));
#13740=DIRECTION('',(-1.,-3.30423571284167E-17,0.));
#13741=DIRECTION('center_axis',(0.,0.,-1.));
#13742=DIRECTION('ref_axis',(0.,-1.,0.));
#13743=DIRECTION('center_axis',(0.,0.,1.));
#13744=DIRECTION('ref_axis',(0.,-1.,0.));
#13745=DIRECTION('',(0.,0.,-1.));
#13746=DIRECTION('center_axis',(0.,0.,-1.));
#13747=DIRECTION('ref_axis',(0.,-1.,0.));
#13748=DIRECTION('',(0.,0.,-1.));
#13749=DIRECTION('center_axis',(6.93889390390725E-17,1.,0.));
#13750=DIRECTION('ref_axis',(1.,-6.93889390390725E-17,0.));
#13751=DIRECTION('',(-1.,6.93889390390725E-17,0.));
#13752=DIRECTION('',(1.,-6.93889390390725E-17,0.));
#13753=DIRECTION('',(0.,0.,-1.));
#13754=DIRECTION('center_axis',(0.,0.,-1.));
#13755=DIRECTION('ref_axis',(0.,1.,0.));
#13756=DIRECTION('center_axis',(0.,0.,1.));
#13757=DIRECTION('ref_axis',(0.,1.,0.));
#13758=DIRECTION('center_axis',(0.,0.,-1.));
#13759=DIRECTION('ref_axis',(0.,1.,0.));
#13760=DIRECTION('',(0.,0.,-1.));
#13761=DIRECTION('center_axis',(3.30423571284168E-17,-1.,0.));
#13762=DIRECTION('ref_axis',(-1.,-3.30423571284168E-17,0.));
#13763=DIRECTION('',(1.,3.30423571284168E-17,0.));
#13764=DIRECTION('',(-1.,-3.30423571284168E-17,0.));
#13765=DIRECTION('center_axis',(0.,0.,-1.));
#13766=DIRECTION('ref_axis',(-0.707106781186544,-0.707106781186551,0.));
#13767=DIRECTION('center_axis',(0.,0.,1.));
#13768=DIRECTION('ref_axis',(-0.707106781186544,-0.707106781186551,0.));
#13769=DIRECTION('',(0.,0.,-1.));
#13770=DIRECTION('center_axis',(0.,0.,-1.));
#13771=DIRECTION('ref_axis',(-0.707106781186544,-0.707106781186551,0.));
#13772=DIRECTION('',(0.,0.,1.));
#13773=DIRECTION('center_axis',(0.,1.,0.));
#13774=DIRECTION('ref_axis',(-1.,0.,0.));
#13775=DIRECTION('',(-1.,0.,0.));
#13776=DIRECTION('',(0.,0.,1.));
#13777=DIRECTION('',(1.,0.,0.));
#13778=DIRECTION('center_axis',(0.,0.,-1.));
#13779=DIRECTION('ref_axis',(0.707106781186552,0.707106781186543,0.));
#13780=DIRECTION('center_axis',(0.,0.,1.));
#13781=DIRECTION('ref_axis',(0.707106781186552,0.707106781186543,0.));
#13782=DIRECTION('',(0.,0.,1.));
#13783=DIRECTION('center_axis',(0.,0.,-1.));
#13784=DIRECTION('ref_axis',(0.707106781186552,0.707106781186543,0.));
#13785=DIRECTION('',(0.,0.,-1.));
#13786=DIRECTION('center_axis',(1.,0.,0.));
#13787=DIRECTION('ref_axis',(0.,1.,0.));
#13788=DIRECTION('',(0.,-1.,0.));
#13789=DIRECTION('',(0.,-1.,0.));
#13790=DIRECTION('center_axis',(0.,0.,1.));
#13791=DIRECTION('ref_axis',(1.,0.,0.));
#13792=DIRECTION('',(1.,4.60064070150771E-16,0.));
#13793=DIRECTION('',(0.,1.,0.));
#13794=DIRECTION('center_axis',(0.,0.,1.));
#13795=DIRECTION('ref_axis',(1.,0.,0.));
#13796=DIRECTION('',(0.,1.,0.));
#13797=DIRECTION('',(1.,-2.91397119324188E-17,0.));
#13798=DIRECTION('center_axis',(0.,0.,-1.));
#13799=DIRECTION('ref_axis',(-0.707106781186552,0.707106781186543,0.));
#13800=DIRECTION('',(0.,1.,0.));
#13801=DIRECTION('center_axis',(0.,0.,1.));
#13802=DIRECTION('ref_axis',(0.707106781186544,-0.707106781186551,0.));
#13803=DIRECTION('',(-1.,0.,0.));
#13804=DIRECTION('center_axis',(0.,0.,1.));
#13805=DIRECTION('ref_axis',(-0.707106781186544,-0.707106781186551,0.));
#13806=DIRECTION('',(0.,-1.,0.));
#13807=DIRECTION('center_axis',(0.,0.,-1.));
#13808=DIRECTION('ref_axis',(0.707106781186552,0.707106781186543,0.));
#13809=DIRECTION('',(-1.,0.,0.));
#13810=DIRECTION('',(0.,1.,0.));
#13811=DIRECTION('center_axis',(0.,0.,1.));
#13812=DIRECTION('ref_axis',(1.,0.,0.));
#13813=DIRECTION('',(0.,1.,0.));
#13814=DIRECTION('',(1.,3.13918242889663E-16,0.));
#13815=DIRECTION('center_axis',(0.,0.,-1.));
#13816=DIRECTION('ref_axis',(-0.70710678118654,0.707106781186555,0.));
#13817=DIRECTION('',(0.,1.,0.));
#13818=DIRECTION('center_axis',(0.,0.,1.));
#13819=DIRECTION('ref_axis',(0.707106781186553,-0.707106781186542,0.));
#13820=DIRECTION('',(-1.,0.,0.));
#13821=DIRECTION('center_axis',(0.,0.,-1.));
#13822=DIRECTION('ref_axis',(-1.,6.66133814775096E-15,0.));
#13823=DIRECTION('',(0.,1.,0.));
#13824=DIRECTION('center_axis',(0.,0.,1.));
#13825=DIRECTION('ref_axis',(1.,-6.24500451351653E-15,0.));
#13826=DIRECTION('',(-1.,-2.59513396228053E-17,0.));
#13827=DIRECTION('center_axis',(0.,0.,1.));
#13828=DIRECTION('ref_axis',(-0.707106781186544,-0.707106781186551,0.));
#13829=DIRECTION('',(0.,-1.,0.));
#13830=DIRECTION('center_axis',(0.,0.,-1.));
#13831=DIRECTION('ref_axis',(0.707106781186553,0.707106781186542,0.));
#13832=DIRECTION('',(1.,0.,0.));
#13833=DIRECTION('',(0.,1.,0.));
#13834=DIRECTION('center_axis',(0.,0.,1.));
#13835=DIRECTION('ref_axis',(1.,0.,0.));
#13836=DIRECTION('',(0.,1.,0.));
#13837=DIRECTION('',(1.,0.,0.));
#13838=DIRECTION('center_axis',(0.,0.,-1.));
#13839=DIRECTION('ref_axis',(-0.707106781186553,0.707106781186542,0.));
#13840=DIRECTION('',(0.,1.,0.));
#13841=DIRECTION('center_axis',(0.,0.,1.));
#13842=DIRECTION('ref_axis',(0.707106781186544,-0.707106781186551,0.));
#13843=DIRECTION('',(-1.,-2.59513396228053E-17,0.));
#13844=DIRECTION('center_axis',(0.,0.,1.));
#13845=DIRECTION('ref_axis',(-0.707106781186548,-0.707106781186547,0.));
#13846=DIRECTION('',(0.,-1.,0.));
#13847=DIRECTION('center_axis',(0.,0.,-1.));
#13848=DIRECTION('ref_axis',(0.707106781186549,0.707106781186546,0.));
#13849=DIRECTION('',(1.,0.,0.));
#13850=DIRECTION('',(0.,1.,0.));
#13851=DIRECTION('center_axis',(0.,0.,1.));
#13852=DIRECTION('ref_axis',(1.,0.,0.));
#13853=DIRECTION('',(0.,1.,0.));
#13854=DIRECTION('',(1.,0.,0.));
#13855=DIRECTION('center_axis',(0.,0.,-1.));
#13856=DIRECTION('ref_axis',(-0.707106781186548,0.707106781186547,0.));
#13857=DIRECTION('',(0.,1.,0.));
#13858=DIRECTION('center_axis',(0.,0.,1.));
#13859=DIRECTION('ref_axis',(0.707106781186547,-0.707106781186548,0.));
#13860=DIRECTION('',(-1.,-2.59513396228053E-17,0.));
#13861=DIRECTION('center_axis',(0.,0.,1.));
#13862=DIRECTION('ref_axis',(1.38777878078145E-16,1.,0.));
#13863=DIRECTION('',(0.,-1.,0.));
#13864=DIRECTION('center_axis',(0.,0.,-1.));
#13865=DIRECTION('ref_axis',(-0.707106781186543,-0.707106781186553,0.));
#13866=DIRECTION('',(1.,0.,0.));
#13867=DIRECTION('center_axis',(0.,0.,1.));
#13868=DIRECTION('ref_axis',(0.707106781186551,0.707106781186544,0.));
#13869=DIRECTION('',(0.,1.,0.));
#13870=DIRECTION('center_axis',(0.,0.,-1.));
#13871=DIRECTION('ref_axis',(-0.707106781186541,-0.707106781186554,0.));
#13872=DIRECTION('',(-1.,0.,0.));
#13873=DIRECTION('',(0.,-1.,0.));
#13874=DIRECTION('center_axis',(0.,0.,1.));
#13875=DIRECTION('ref_axis',(1.,0.,0.));
#13876=DIRECTION('',(0.,-1.,0.));
#13877=DIRECTION('',(-1.,0.,0.));
#13878=DIRECTION('center_axis',(0.,0.,-1.));
#13879=DIRECTION('ref_axis',(0.707106781186541,-0.707106781186554,0.));
#13880=DIRECTION('',(0.,-1.,0.));
#13881=DIRECTION('center_axis',(0.,0.,1.));
#13882=DIRECTION('ref_axis',(-0.707106781186552,0.707106781186543,0.));
#13883=DIRECTION('',(1.,0.,0.));
#13884=DIRECTION('center_axis',(0.,0.,1.));
#13885=DIRECTION('ref_axis',(0.707106781186552,0.707106781186543,0.));
#13886=DIRECTION('',(0.,1.,0.));
#13887=DIRECTION('center_axis',(0.,0.,-1.));
#13888=DIRECTION('ref_axis',(-0.707106781186541,-0.707106781186554,0.));
#13889=DIRECTION('',(-1.,0.,0.));
#13890=DIRECTION('',(0.,-1.,0.));
#13891=DIRECTION('center_axis',(0.,0.,1.));
#13892=DIRECTION('ref_axis',(1.,0.,0.));
#13893=DIRECTION('',(0.,-1.,0.));
#13894=DIRECTION('',(-1.,0.,0.));
#13895=DIRECTION('center_axis',(0.,0.,-1.));
#13896=DIRECTION('ref_axis',(0.707106781186541,-0.707106781186554,0.));
#13897=DIRECTION('',(0.,-1.,0.));
#13898=DIRECTION('center_axis',(0.,0.,1.));
#13899=DIRECTION('ref_axis',(-0.707106781186552,0.707106781186543,0.));
#13900=DIRECTION('',(1.,0.,0.));
#13901=DIRECTION('center_axis',(0.,0.,1.));
#13902=DIRECTION('ref_axis',(0.707106781186547,0.707106781186547,0.));
#13903=DIRECTION('',(0.,1.,0.));
#13904=DIRECTION('center_axis',(0.,0.,-1.));
#13905=DIRECTION('ref_axis',(-0.707106781186548,-0.707106781186548,0.));
#13906=DIRECTION('',(-1.,0.,0.));
#13907=DIRECTION('',(0.,-1.,0.));
#13908=DIRECTION('center_axis',(0.,0.,1.));
#13909=DIRECTION('ref_axis',(1.,0.,0.));
#13910=DIRECTION('',(0.,-1.,0.));
#13911=DIRECTION('',(-1.,0.,0.));
#13912=DIRECTION('center_axis',(0.,0.,-1.));
#13913=DIRECTION('ref_axis',(0.707106781186548,-0.707106781186548,0.));
#13914=DIRECTION('',(0.,-1.,0.));
#13915=DIRECTION('center_axis',(0.,0.,1.));
#13916=DIRECTION('ref_axis',(-0.707106781186547,0.707106781186547,0.));
#13917=DIRECTION('',(1.,0.,0.));
#13918=DIRECTION('center_axis',(0.,0.,1.));
#13919=DIRECTION('ref_axis',(0.707106781186547,0.707106781186547,0.));
#13920=DIRECTION('',(0.,1.,0.));
#13921=DIRECTION('center_axis',(0.,0.,-1.));
#13922=DIRECTION('ref_axis',(-0.707106781186548,-0.707106781186548,0.));
#13923=DIRECTION('',(-1.,0.,0.));
#13924=DIRECTION('',(0.,-1.,0.));
#13925=DIRECTION('center_axis',(0.,0.,1.));
#13926=DIRECTION('ref_axis',(1.,0.,0.));
#13927=DIRECTION('',(0.,-1.,0.));
#13928=DIRECTION('',(-1.,0.,0.));
#13929=DIRECTION('center_axis',(0.,0.,-1.));
#13930=DIRECTION('ref_axis',(0.707106781186548,-0.707106781186548,0.));
#13931=DIRECTION('',(0.,-1.,0.));
#13932=DIRECTION('center_axis',(0.,0.,1.));
#13933=DIRECTION('ref_axis',(-0.707106781186547,0.707106781186547,0.));
#13934=DIRECTION('',(1.,0.,0.));
#13935=DIRECTION('center_axis',(0.,0.,1.));
#13936=DIRECTION('ref_axis',(-3.55271367880045E-14,-1.,0.));
#13937=DIRECTION('',(0.,1.,0.));
#13938=DIRECTION('center_axis',(0.,0.,1.));
#13939=DIRECTION('ref_axis',(1.,1.33226762955017E-14,0.));
#13940=DIRECTION('center_axis',(0.,0.,-1.));
#13941=DIRECTION('ref_axis',(0.,1.,0.));
#13942=DIRECTION('',(1.,0.,0.));
#13943=DIRECTION('center_axis',(0.,0.,-1.));
#13944=DIRECTION('ref_axis',(1.,0.,0.));
#13945=DIRECTION('',(0.,-1.,0.));
#13946=DIRECTION('center_axis',(0.,0.,-1.));
#13947=DIRECTION('ref_axis',(0.,-1.,0.));
#13948=DIRECTION('',(-1.,0.,0.));
#13949=DIRECTION('center_axis',(0.,0.,-1.));
#13950=DIRECTION('ref_axis',(-1.,0.,0.));
#13951=DIRECTION('',(0.,1.,0.));
#13952=DIRECTION('center_axis',(0.,0.,-1.));
#13953=DIRECTION('ref_axis',(0.,1.,0.));
#13954=DIRECTION('',(1.,0.,0.));
#13955=DIRECTION('center_axis',(0.,0.,-1.));
#13956=DIRECTION('ref_axis',(1.,0.,0.));
#13957=DIRECTION('',(0.,-1.,0.));
#13958=DIRECTION('center_axis',(0.,0.,-1.));
#13959=DIRECTION('ref_axis',(0.,-1.,0.));
#13960=DIRECTION('',(-1.,0.,0.));
#13961=DIRECTION('center_axis',(0.,0.,-1.));
#13962=DIRECTION('ref_axis',(-1.,0.,0.));
#13963=DIRECTION('',(0.,1.,0.));
#13964=DIRECTION('center_axis',(0.,0.,-1.));
#13965=DIRECTION('ref_axis',(0.,1.,0.));
#13966=DIRECTION('',(1.,0.,0.));
#13967=DIRECTION('center_axis',(0.,0.,-1.));
#13968=DIRECTION('ref_axis',(1.,0.,0.));
#13969=DIRECTION('',(0.,-1.,0.));
#13970=DIRECTION('center_axis',(0.,0.,-1.));
#13971=DIRECTION('ref_axis',(0.,-1.,0.));
#13972=DIRECTION('',(-1.,0.,0.));
#13973=DIRECTION('center_axis',(0.,0.,-1.));
#13974=DIRECTION('ref_axis',(-1.,0.,0.));
#13975=DIRECTION('',(0.,1.,0.));
#13976=DIRECTION('center_axis',(0.,0.,-1.));
#13977=DIRECTION('ref_axis',(0.,1.,0.));
#13978=DIRECTION('',(1.,0.,0.));
#13979=DIRECTION('center_axis',(0.,0.,-1.));
#13980=DIRECTION('ref_axis',(1.,0.,0.));
#13981=DIRECTION('',(0.,-1.,0.));
#13982=DIRECTION('center_axis',(0.,0.,-1.));
#13983=DIRECTION('ref_axis',(0.,-1.,0.));
#13984=DIRECTION('',(-1.,0.,0.));
#13985=DIRECTION('center_axis',(0.,0.,-1.));
#13986=DIRECTION('ref_axis',(-1.,0.,0.));
#13987=DIRECTION('',(0.,1.,0.));
#13988=DIRECTION('center_axis',(0.,0.,-1.));
#13989=DIRECTION('ref_axis',(0.,1.,0.));
#13990=DIRECTION('',(1.,0.,0.));
#13991=DIRECTION('center_axis',(0.,0.,-1.));
#13992=DIRECTION('ref_axis',(1.,0.,0.));
#13993=DIRECTION('',(0.,-1.,0.));
#13994=DIRECTION('center_axis',(0.,0.,-1.));
#13995=DIRECTION('ref_axis',(0.,-1.,0.));
#13996=DIRECTION('',(-1.,0.,0.));
#13997=DIRECTION('center_axis',(0.,0.,-1.));
#13998=DIRECTION('ref_axis',(-1.,0.,0.));
#13999=DIRECTION('',(0.,1.,0.));
#14000=DIRECTION('center_axis',(0.,0.,-1.));
#14001=DIRECTION('ref_axis',(0.,1.,0.));
#14002=DIRECTION('',(1.,0.,0.));
#14003=DIRECTION('center_axis',(0.,0.,-1.));
#14004=DIRECTION('ref_axis',(1.,0.,0.));
#14005=DIRECTION('',(0.,-1.,0.));
#14006=DIRECTION('center_axis',(0.,0.,-1.));
#14007=DIRECTION('ref_axis',(0.,-1.,0.));
#14008=DIRECTION('',(-1.,0.,0.));
#14009=DIRECTION('center_axis',(0.,0.,-1.));
#14010=DIRECTION('ref_axis',(-1.,0.,0.));
#14011=DIRECTION('',(0.,1.,0.));
#14012=DIRECTION('center_axis',(0.,0.,-1.));
#14013=DIRECTION('ref_axis',(0.,1.,0.));
#14014=DIRECTION('',(1.,0.,0.));
#14015=DIRECTION('center_axis',(0.,0.,-1.));
#14016=DIRECTION('ref_axis',(1.,0.,0.));
#14017=DIRECTION('',(0.,-1.,0.));
#14018=DIRECTION('center_axis',(0.,0.,-1.));
#14019=DIRECTION('ref_axis',(0.,-1.,0.));
#14020=DIRECTION('',(-1.,0.,0.));
#14021=DIRECTION('center_axis',(0.,0.,-1.));
#14022=DIRECTION('ref_axis',(-1.,0.,0.));
#14023=DIRECTION('',(0.,1.,0.));
#14024=DIRECTION('center_axis',(0.,0.,-1.));
#14025=DIRECTION('ref_axis',(0.,1.,0.));
#14026=DIRECTION('',(1.,0.,0.));
#14027=DIRECTION('center_axis',(0.,0.,-1.));
#14028=DIRECTION('ref_axis',(1.,0.,0.));
#14029=DIRECTION('',(0.,-1.,0.));
#14030=DIRECTION('center_axis',(0.,0.,-1.));
#14031=DIRECTION('ref_axis',(0.,-1.,0.));
#14032=DIRECTION('',(-1.,0.,0.));
#14033=DIRECTION('center_axis',(0.,0.,-1.));
#14034=DIRECTION('ref_axis',(-1.,0.,0.));
#14035=DIRECTION('',(0.,1.,0.));
#14036=DIRECTION('center_axis',(0.,0.,-1.));
#14037=DIRECTION('ref_axis',(0.,1.,0.));
#14038=DIRECTION('',(1.,0.,0.));
#14039=DIRECTION('center_axis',(0.,0.,-1.));
#14040=DIRECTION('ref_axis',(1.,0.,0.));
#14041=DIRECTION('',(0.,-1.,0.));
#14042=DIRECTION('center_axis',(0.,0.,-1.));
#14043=DIRECTION('ref_axis',(0.,-1.,0.));
#14044=DIRECTION('',(-1.,0.,0.));
#14045=DIRECTION('center_axis',(0.,0.,-1.));
#14046=DIRECTION('ref_axis',(-1.,0.,0.));
#14047=DIRECTION('',(0.,1.,0.));
#14048=DIRECTION('center_axis',(0.,0.,-1.));
#14049=DIRECTION('ref_axis',(0.,1.,0.));
#14050=DIRECTION('',(1.,0.,0.));
#14051=DIRECTION('center_axis',(0.,0.,-1.));
#14052=DIRECTION('ref_axis',(1.,0.,0.));
#14053=DIRECTION('',(0.,-1.,0.));
#14054=DIRECTION('center_axis',(0.,0.,-1.));
#14055=DIRECTION('ref_axis',(0.,-1.,0.));
#14056=DIRECTION('',(-1.,0.,0.));
#14057=DIRECTION('center_axis',(0.,0.,-1.));
#14058=DIRECTION('ref_axis',(-1.,0.,0.));
#14059=DIRECTION('',(0.,1.,0.));
#14060=DIRECTION('center_axis',(0.,0.,-1.));
#14061=DIRECTION('ref_axis',(0.,1.,0.));
#14062=DIRECTION('',(1.,0.,0.));
#14063=DIRECTION('center_axis',(0.,0.,-1.));
#14064=DIRECTION('ref_axis',(1.,0.,0.));
#14065=DIRECTION('',(0.,-1.,0.));
#14066=DIRECTION('center_axis',(0.,0.,-1.));
#14067=DIRECTION('ref_axis',(0.,-1.,0.));
#14068=DIRECTION('',(-1.,0.,0.));
#14069=DIRECTION('center_axis',(0.,0.,-1.));
#14070=DIRECTION('ref_axis',(-1.,0.,0.));
#14071=DIRECTION('',(0.,1.,0.));
#14072=DIRECTION('center_axis',(0.,0.,-1.));
#14073=DIRECTION('ref_axis',(0.,-1.,0.));
#14074=DIRECTION('',(-1.,0.,0.));
#14075=DIRECTION('center_axis',(0.,0.,1.));
#14076=DIRECTION('ref_axis',(0.,1.,0.));
#14077=DIRECTION('',(0.,-1.,0.));
#14078=DIRECTION('center_axis',(0.,0.,-1.));
#14079=DIRECTION('ref_axis',(0.,-1.,0.));
#14080=DIRECTION('',(-1.,0.,0.));
#14081=DIRECTION('center_axis',(0.,0.,-1.));
#14082=DIRECTION('ref_axis',(-1.,0.,0.));
#14083=DIRECTION('',(0.,1.,0.));
#14084=DIRECTION('center_axis',(0.,0.,1.));
#14085=DIRECTION('ref_axis',(1.,0.,0.));
#14086=DIRECTION('',(-1.,0.,0.));
#14087=DIRECTION('center_axis',(0.,0.,-1.));
#14088=DIRECTION('ref_axis',(-1.,0.,0.));
#14089=DIRECTION('',(0.,1.,0.));
#14090=DIRECTION('center_axis',(0.,0.,-1.));
#14091=DIRECTION('ref_axis',(0.,1.,0.));
#14092=DIRECTION('',(1.,0.,0.));
#14093=DIRECTION('center_axis',(0.,0.,-1.));
#14094=DIRECTION('ref_axis',(1.,0.,0.));
#14095=DIRECTION('',(0.,-1.,0.));
#14096=DIRECTION('center_axis',(0.,0.,1.));
#14097=DIRECTION('ref_axis',(-1.,0.,0.));
#14098=DIRECTION('',(1.,-7.89491928622332E-16,0.));
#14099=DIRECTION('center_axis',(0.,0.,1.));
#14100=DIRECTION('ref_axis',(0.,-1.,0.));
#14101=DIRECTION('',(-1.61486985400024E-14,1.,0.));
#14102=DIRECTION('center_axis',(0.,0.,-1.));
#14103=DIRECTION('ref_axis',(0.,1.,0.));
#14104=DIRECTION('',(1.,0.,0.));
#14105=DIRECTION('center_axis',(0.,0.,-1.));
#14106=DIRECTION('ref_axis',(1.,0.,0.));
#14107=DIRECTION('',(0.,-1.,0.));
#14108=DIRECTION('center_axis',(0.,0.,-1.));
#14109=DIRECTION('ref_axis',(0.,1.,0.));
#14110=DIRECTION('',(1.,0.,0.));
#14111=DIRECTION('center_axis',(0.,0.,-1.));
#14112=DIRECTION('ref_axis',(1.,0.,0.));
#14113=DIRECTION('',(0.,-1.,0.));
#14114=DIRECTION('center_axis',(0.,0.,-1.));
#14115=DIRECTION('ref_axis',(0.,-1.,0.));
#14116=DIRECTION('',(-1.,0.,0.));
#14117=DIRECTION('center_axis',(0.,0.,-1.));
#14118=DIRECTION('ref_axis',(-1.,0.,0.));
#14119=DIRECTION('',(0.,1.,0.));
#14120=DIRECTION('center_axis',(0.,0.,-1.));
#14121=DIRECTION('ref_axis',(0.,1.,0.));
#14122=DIRECTION('',(1.,0.,0.));
#14123=DIRECTION('center_axis',(0.,0.,-1.));
#14124=DIRECTION('ref_axis',(1.,0.,0.));
#14125=DIRECTION('',(0.,-1.,0.));
#14126=DIRECTION('center_axis',(0.,0.,-1.));
#14127=DIRECTION('ref_axis',(0.,-1.,0.));
#14128=DIRECTION('',(-1.,0.,0.));
#14129=DIRECTION('center_axis',(0.,0.,-1.));
#14130=DIRECTION('ref_axis',(-1.,0.,0.));
#14131=DIRECTION('',(0.,1.,0.));
#14132=DIRECTION('center_axis',(0.,0.,-1.));
#14133=DIRECTION('ref_axis',(0.,1.,0.));
#14134=DIRECTION('',(1.,0.,0.));
#14135=DIRECTION('center_axis',(0.,0.,-1.));
#14136=DIRECTION('ref_axis',(1.,0.,0.));
#14137=DIRECTION('',(0.,-1.,0.));
#14138=DIRECTION('center_axis',(0.,0.,-1.));
#14139=DIRECTION('ref_axis',(0.,-1.,0.));
#14140=DIRECTION('',(-1.,0.,0.));
#14141=DIRECTION('center_axis',(0.,0.,-1.));
#14142=DIRECTION('ref_axis',(-1.,0.,0.));
#14143=DIRECTION('',(0.,1.,0.));
#14144=DIRECTION('center_axis',(0.,0.,-1.));
#14145=DIRECTION('ref_axis',(0.,-1.,0.));
#14146=DIRECTION('',(-1.,0.,0.));
#14147=DIRECTION('center_axis',(0.,0.,-1.));
#14148=DIRECTION('ref_axis',(-1.,0.,0.));
#14149=DIRECTION('',(0.,1.,0.));
#14150=DIRECTION('center_axis',(0.,0.,-1.));
#14151=DIRECTION('ref_axis',(0.,1.,0.));
#14152=DIRECTION('',(1.,0.,0.));
#14153=DIRECTION('center_axis',(0.,0.,-1.));
#14154=DIRECTION('ref_axis',(1.,0.,0.));
#14155=DIRECTION('',(0.,-1.,0.));
#14156=DIRECTION('center_axis',(0.,0.,-1.));
#14157=DIRECTION('ref_axis',(0.,1.,0.));
#14158=DIRECTION('',(1.,0.,0.));
#14159=DIRECTION('center_axis',(0.,0.,-1.));
#14160=DIRECTION('ref_axis',(1.,0.,0.));
#14161=DIRECTION('',(0.,-1.,0.));
#14162=DIRECTION('center_axis',(0.,0.,-1.));
#14163=DIRECTION('ref_axis',(0.,-1.,0.));
#14164=DIRECTION('',(-1.,0.,0.));
#14165=DIRECTION('center_axis',(0.,0.,-1.));
#14166=DIRECTION('ref_axis',(-1.,0.,0.));
#14167=DIRECTION('',(0.,1.,0.));
#14168=DIRECTION('center_axis',(0.,0.,-1.));
#14169=DIRECTION('ref_axis',(0.,-1.,0.));
#14170=DIRECTION('',(-1.,0.,0.));
#14171=DIRECTION('center_axis',(0.,0.,-1.));
#14172=DIRECTION('ref_axis',(-1.,0.,0.));
#14173=DIRECTION('',(0.,1.,0.));
#14174=DIRECTION('center_axis',(0.,0.,-1.));
#14175=DIRECTION('ref_axis',(0.,1.,0.));
#14176=DIRECTION('',(1.,0.,0.));
#14177=DIRECTION('center_axis',(0.,0.,-1.));
#14178=DIRECTION('ref_axis',(1.,0.,0.));
#14179=DIRECTION('',(0.,-1.,0.));
#14180=DIRECTION('center_axis',(0.,0.,-1.));
#14181=DIRECTION('ref_axis',(0.,1.,0.));
#14182=DIRECTION('',(1.,0.,0.));
#14183=DIRECTION('center_axis',(0.,0.,-1.));
#14184=DIRECTION('ref_axis',(1.,0.,0.));
#14185=DIRECTION('',(0.,-1.,0.));
#14186=DIRECTION('center_axis',(0.,0.,-1.));
#14187=DIRECTION('ref_axis',(0.,-1.,0.));
#14188=DIRECTION('',(-1.,0.,0.));
#14189=DIRECTION('center_axis',(0.,0.,-1.));
#14190=DIRECTION('ref_axis',(-1.,0.,0.));
#14191=DIRECTION('',(0.,1.,0.));
#14192=DIRECTION('center_axis',(0.,0.,-1.));
#14193=DIRECTION('ref_axis',(0.,1.,0.));
#14194=DIRECTION('',(1.,0.,0.));
#14195=DIRECTION('center_axis',(0.,0.,-1.));
#14196=DIRECTION('ref_axis',(1.,0.,0.));
#14197=DIRECTION('',(0.,-1.,0.));
#14198=DIRECTION('center_axis',(0.,0.,-1.));
#14199=DIRECTION('ref_axis',(0.,-1.,0.));
#14200=DIRECTION('',(-1.,0.,0.));
#14201=DIRECTION('center_axis',(0.,0.,-1.));
#14202=DIRECTION('ref_axis',(-1.,0.,0.));
#14203=DIRECTION('',(0.,1.,0.));
#14204=DIRECTION('center_axis',(0.,0.,-1.));
#14205=DIRECTION('ref_axis',(0.,1.,0.));
#14206=DIRECTION('',(1.,0.,0.));
#14207=DIRECTION('center_axis',(0.,0.,-1.));
#14208=DIRECTION('ref_axis',(1.,0.,0.));
#14209=DIRECTION('',(0.,-1.,0.));
#14210=DIRECTION('center_axis',(0.,0.,-1.));
#14211=DIRECTION('ref_axis',(0.,-1.,0.));
#14212=DIRECTION('',(-1.,0.,0.));
#14213=DIRECTION('center_axis',(0.,0.,-1.));
#14214=DIRECTION('ref_axis',(-1.,0.,0.));
#14215=DIRECTION('',(0.,1.,0.));
#14216=DIRECTION('center_axis',(0.,0.,-1.));
#14217=DIRECTION('ref_axis',(0.,1.,0.));
#14218=DIRECTION('',(1.,0.,0.));
#14219=DIRECTION('center_axis',(0.,0.,-1.));
#14220=DIRECTION('ref_axis',(1.,0.,0.));
#14221=DIRECTION('',(0.,-1.,0.));
#14222=DIRECTION('center_axis',(0.,0.,-1.));
#14223=DIRECTION('ref_axis',(0.,-1.,0.));
#14224=DIRECTION('',(-1.,0.,0.));
#14225=DIRECTION('center_axis',(0.,0.,-1.));
#14226=DIRECTION('ref_axis',(-1.,0.,0.));
#14227=DIRECTION('',(0.,1.,0.));
#14228=DIRECTION('center_axis',(0.,0.,-1.));
#14229=DIRECTION('ref_axis',(0.,1.,0.));
#14230=DIRECTION('',(1.,0.,0.));
#14231=DIRECTION('center_axis',(0.,0.,-1.));
#14232=DIRECTION('ref_axis',(1.,0.,0.));
#14233=DIRECTION('',(0.,-1.,0.));
#14234=DIRECTION('center_axis',(0.,0.,-1.));
#14235=DIRECTION('ref_axis',(0.,-1.,0.));
#14236=DIRECTION('',(-1.,0.,0.));
#14237=DIRECTION('center_axis',(0.,0.,-1.));
#14238=DIRECTION('ref_axis',(-1.,0.,0.));
#14239=DIRECTION('',(0.,1.,0.));
#14240=DIRECTION('center_axis',(0.,0.,-1.));
#14241=DIRECTION('ref_axis',(0.,1.,0.));
#14242=DIRECTION('',(1.,0.,0.));
#14243=DIRECTION('center_axis',(0.,0.,-1.));
#14244=DIRECTION('ref_axis',(1.,0.,0.));
#14245=DIRECTION('',(0.,-1.,0.));
#14246=DIRECTION('center_axis',(0.,0.,-1.));
#14247=DIRECTION('ref_axis',(0.,-1.,0.));
#14248=DIRECTION('',(-1.,0.,0.));
#14249=DIRECTION('center_axis',(0.,0.,-1.));
#14250=DIRECTION('ref_axis',(-1.,0.,0.));
#14251=DIRECTION('',(0.,1.,0.));
#14252=DIRECTION('center_axis',(0.,0.,-1.));
#14253=DIRECTION('ref_axis',(0.,1.,0.));
#14254=DIRECTION('',(1.,0.,0.));
#14255=DIRECTION('center_axis',(0.,0.,-1.));
#14256=DIRECTION('ref_axis',(1.,0.,0.));
#14257=DIRECTION('',(0.,-1.,0.));
#14258=DIRECTION('center_axis',(0.,0.,-1.));
#14259=DIRECTION('ref_axis',(0.,-1.,0.));
#14260=DIRECTION('',(-1.,0.,0.));
#14261=DIRECTION('center_axis',(0.,0.,-1.));
#14262=DIRECTION('ref_axis',(-1.,0.,0.));
#14263=DIRECTION('',(0.,1.,0.));
#14264=DIRECTION('center_axis',(0.,0.,-1.));
#14265=DIRECTION('ref_axis',(0.,1.,0.));
#14266=DIRECTION('',(1.,0.,0.));
#14267=DIRECTION('center_axis',(0.,0.,-1.));
#14268=DIRECTION('ref_axis',(1.,0.,0.));
#14269=DIRECTION('',(0.,-1.,0.));
#14270=DIRECTION('center_axis',(0.,0.,-1.));
#14271=DIRECTION('ref_axis',(0.,-1.,0.));
#14272=DIRECTION('',(-1.,0.,0.));
#14273=DIRECTION('center_axis',(0.,0.,-1.));
#14274=DIRECTION('ref_axis',(-1.,0.,0.));
#14275=DIRECTION('',(0.,1.,0.));
#14276=DIRECTION('center_axis',(0.,0.,-1.));
#14277=DIRECTION('ref_axis',(0.,1.,0.));
#14278=DIRECTION('',(1.,0.,0.));
#14279=DIRECTION('center_axis',(0.,0.,-1.));
#14280=DIRECTION('ref_axis',(1.,0.,0.));
#14281=DIRECTION('',(0.,-1.,0.));
#14282=DIRECTION('center_axis',(0.,0.,-1.));
#14283=DIRECTION('ref_axis',(0.,-1.,0.));
#14284=DIRECTION('',(-1.,0.,0.));
#14285=DIRECTION('center_axis',(0.,0.,-1.));
#14286=DIRECTION('ref_axis',(-1.,0.,0.));
#14287=DIRECTION('',(0.,1.,0.));
#14288=DIRECTION('center_axis',(0.,0.,-1.));
#14289=DIRECTION('ref_axis',(0.,1.,0.));
#14290=DIRECTION('',(1.,0.,0.));
#14291=DIRECTION('center_axis',(0.,0.,-1.));
#14292=DIRECTION('ref_axis',(1.,0.,0.));
#14293=DIRECTION('',(0.,-1.,0.));
#14294=DIRECTION('center_axis',(0.,0.,-1.));
#14295=DIRECTION('ref_axis',(0.,-1.,0.));
#14296=DIRECTION('',(-1.,0.,0.));
#14297=DIRECTION('center_axis',(0.,0.,-1.));
#14298=DIRECTION('ref_axis',(-1.,0.,0.));
#14299=DIRECTION('',(0.,1.,0.));
#14300=DIRECTION('center_axis',(0.,0.,-1.));
#14301=DIRECTION('ref_axis',(0.,1.,0.));
#14302=DIRECTION('',(1.,0.,0.));
#14303=DIRECTION('center_axis',(0.,0.,-1.));
#14304=DIRECTION('ref_axis',(1.,0.,0.));
#14305=DIRECTION('',(0.,-1.,0.));
#14306=DIRECTION('center_axis',(0.,0.,-1.));
#14307=DIRECTION('ref_axis',(0.,-1.,0.));
#14308=DIRECTION('',(-1.,0.,0.));
#14309=DIRECTION('center_axis',(0.,0.,-1.));
#14310=DIRECTION('ref_axis',(-1.,0.,0.));
#14311=DIRECTION('',(0.,1.,0.));
#14312=DIRECTION('center_axis',(0.,0.,-1.));
#14313=DIRECTION('ref_axis',(0.,1.,0.));
#14314=DIRECTION('',(1.,0.,0.));
#14315=DIRECTION('center_axis',(0.,0.,-1.));
#14316=DIRECTION('ref_axis',(1.,0.,0.));
#14317=DIRECTION('',(0.,-1.,0.));
#14318=DIRECTION('center_axis',(0.,0.,-1.));
#14319=DIRECTION('ref_axis',(0.,-1.,0.));
#14320=DIRECTION('',(-1.,0.,0.));
#14321=DIRECTION('center_axis',(0.,0.,-1.));
#14322=DIRECTION('ref_axis',(-1.,0.,0.));
#14323=DIRECTION('',(0.,1.,0.));
#14324=DIRECTION('center_axis',(0.,0.,-1.));
#14325=DIRECTION('ref_axis',(0.,1.,0.));
#14326=DIRECTION('',(1.,0.,0.));
#14327=DIRECTION('center_axis',(0.,0.,-1.));
#14328=DIRECTION('ref_axis',(1.,0.,0.));
#14329=DIRECTION('',(0.,-1.,0.));
#14330=DIRECTION('center_axis',(0.,0.,-1.));
#14331=DIRECTION('ref_axis',(0.,-1.,0.));
#14332=DIRECTION('',(-1.,0.,0.));
#14333=DIRECTION('center_axis',(0.,0.,-1.));
#14334=DIRECTION('ref_axis',(-1.,0.,0.));
#14335=DIRECTION('',(0.,1.,0.));
#14336=DIRECTION('center_axis',(0.,0.,-1.));
#14337=DIRECTION('ref_axis',(0.,1.,0.));
#14338=DIRECTION('',(1.,0.,0.));
#14339=DIRECTION('center_axis',(0.,0.,-1.));
#14340=DIRECTION('ref_axis',(1.,0.,0.));
#14341=DIRECTION('',(0.,-1.,0.));
#14342=DIRECTION('center_axis',(0.,0.,-1.));
#14343=DIRECTION('ref_axis',(0.,-1.,0.));
#14344=DIRECTION('',(-1.,0.,0.));
#14345=DIRECTION('center_axis',(0.,0.,-1.));
#14346=DIRECTION('ref_axis',(-1.,0.,0.));
#14347=DIRECTION('',(0.,1.,0.));
#14348=DIRECTION('center_axis',(0.,0.,-1.));
#14349=DIRECTION('ref_axis',(0.,1.,0.));
#14350=DIRECTION('',(1.,0.,0.));
#14351=DIRECTION('center_axis',(0.,0.,-1.));
#14352=DIRECTION('ref_axis',(1.,0.,0.));
#14353=DIRECTION('',(0.,-1.,0.));
#14354=DIRECTION('center_axis',(0.,0.,-1.));
#14355=DIRECTION('ref_axis',(0.,-1.,0.));
#14356=DIRECTION('',(-1.,0.,0.));
#14357=DIRECTION('center_axis',(0.,0.,-1.));
#14358=DIRECTION('ref_axis',(-1.,0.,0.));
#14359=DIRECTION('',(0.,1.,0.));
#14360=DIRECTION('center_axis',(0.,0.,-1.));
#14361=DIRECTION('ref_axis',(0.,-1.,0.));
#14362=DIRECTION('',(-1.,0.,0.));
#14363=DIRECTION('center_axis',(0.,0.,-1.));
#14364=DIRECTION('ref_axis',(-1.,0.,0.));
#14365=DIRECTION('',(0.,1.,0.));
#14366=DIRECTION('center_axis',(0.,0.,-1.));
#14367=DIRECTION('ref_axis',(0.,1.,0.));
#14368=DIRECTION('',(1.,0.,0.));
#14369=DIRECTION('center_axis',(0.,0.,-1.));
#14370=DIRECTION('ref_axis',(1.,0.,0.));
#14371=DIRECTION('',(0.,-1.,0.));
#14372=DIRECTION('center_axis',(0.,0.,-1.));
#14373=DIRECTION('ref_axis',(0.,-1.,0.));
#14374=DIRECTION('',(-1.,0.,0.));
#14375=DIRECTION('center_axis',(0.,0.,-1.));
#14376=DIRECTION('ref_axis',(-1.,0.,0.));
#14377=DIRECTION('',(0.,1.,0.));
#14378=DIRECTION('center_axis',(0.,0.,-1.));
#14379=DIRECTION('ref_axis',(0.,1.,0.));
#14380=DIRECTION('',(1.,0.,0.));
#14381=DIRECTION('center_axis',(0.,0.,-1.));
#14382=DIRECTION('ref_axis',(1.,0.,0.));
#14383=DIRECTION('',(0.,-1.,0.));
#14384=DIRECTION('center_axis',(0.,0.,-1.));
#14385=DIRECTION('ref_axis',(0.,1.,0.));
#14386=DIRECTION('',(1.,0.,0.));
#14387=DIRECTION('center_axis',(0.,0.,-1.));
#14388=DIRECTION('ref_axis',(1.,0.,0.));
#14389=DIRECTION('',(0.,-1.,0.));
#14390=DIRECTION('center_axis',(0.,0.,-1.));
#14391=DIRECTION('ref_axis',(0.,-1.,0.));
#14392=DIRECTION('',(-1.,0.,0.));
#14393=DIRECTION('center_axis',(0.,0.,-1.));
#14394=DIRECTION('ref_axis',(-1.,0.,0.));
#14395=DIRECTION('',(0.,1.,0.));
#14396=DIRECTION('center_axis',(0.,0.,-1.));
#14397=DIRECTION('ref_axis',(0.,1.,0.));
#14398=DIRECTION('',(1.,0.,0.));
#14399=DIRECTION('center_axis',(0.,0.,-1.));
#14400=DIRECTION('ref_axis',(1.,0.,0.));
#14401=DIRECTION('',(0.,-1.,0.));
#14402=DIRECTION('center_axis',(0.,0.,-1.));
#14403=DIRECTION('ref_axis',(0.,-1.,0.));
#14404=DIRECTION('',(-1.,0.,0.));
#14405=DIRECTION('center_axis',(0.,0.,-1.));
#14406=DIRECTION('ref_axis',(-1.,0.,0.));
#14407=DIRECTION('',(0.,1.,0.));
#14408=DIRECTION('center_axis',(0.,0.,-1.));
#14409=DIRECTION('ref_axis',(0.,1.,0.));
#14410=DIRECTION('',(1.,0.,0.));
#14411=DIRECTION('center_axis',(0.,0.,-1.));
#14412=DIRECTION('ref_axis',(1.,0.,0.));
#14413=DIRECTION('',(0.,-1.,0.));
#14414=DIRECTION('center_axis',(0.,0.,-1.));
#14415=DIRECTION('ref_axis',(0.,-1.,0.));
#14416=DIRECTION('',(-1.,0.,0.));
#14417=DIRECTION('center_axis',(0.,0.,-1.));
#14418=DIRECTION('ref_axis',(-1.,0.,0.));
#14419=DIRECTION('',(0.,1.,0.));
#14420=DIRECTION('center_axis',(0.,0.,-1.));
#14421=DIRECTION('ref_axis',(0.,1.,0.));
#14422=DIRECTION('',(1.,0.,0.));
#14423=DIRECTION('center_axis',(0.,0.,-1.));
#14424=DIRECTION('ref_axis',(1.,0.,0.));
#14425=DIRECTION('',(0.,-1.,0.));
#14426=DIRECTION('center_axis',(0.,0.,-1.));
#14427=DIRECTION('ref_axis',(0.,-1.,0.));
#14428=DIRECTION('',(-1.,0.,0.));
#14429=DIRECTION('center_axis',(0.,0.,-1.));
#14430=DIRECTION('ref_axis',(-1.,0.,0.));
#14431=DIRECTION('',(0.,1.,0.));
#14432=DIRECTION('center_axis',(0.,0.,-1.));
#14433=DIRECTION('ref_axis',(0.,1.,0.));
#14434=DIRECTION('',(1.,0.,0.));
#14435=DIRECTION('center_axis',(0.,0.,-1.));
#14436=DIRECTION('ref_axis',(1.,0.,0.));
#14437=DIRECTION('',(0.,-1.,0.));
#14438=DIRECTION('center_axis',(0.,0.,-1.));
#14439=DIRECTION('ref_axis',(0.,-1.,0.));
#14440=DIRECTION('',(-1.,0.,0.));
#14441=DIRECTION('center_axis',(0.,0.,-1.));
#14442=DIRECTION('ref_axis',(-1.,0.,0.));
#14443=DIRECTION('',(0.,1.,0.));
#14444=DIRECTION('center_axis',(0.,0.,-1.));
#14445=DIRECTION('ref_axis',(0.,1.,0.));
#14446=DIRECTION('',(1.,0.,0.));
#14447=DIRECTION('center_axis',(0.,0.,-1.));
#14448=DIRECTION('ref_axis',(1.,0.,0.));
#14449=DIRECTION('',(0.,-1.,0.));
#14450=DIRECTION('center_axis',(0.,0.,-1.));
#14451=DIRECTION('ref_axis',(0.,-1.,0.));
#14452=DIRECTION('',(-1.,0.,0.));
#14453=DIRECTION('center_axis',(0.,0.,-1.));
#14454=DIRECTION('ref_axis',(-1.,0.,0.));
#14455=DIRECTION('',(0.,1.,0.));
#14456=DIRECTION('center_axis',(0.,0.,-1.));
#14457=DIRECTION('ref_axis',(0.,1.,0.));
#14458=DIRECTION('',(1.,0.,0.));
#14459=DIRECTION('center_axis',(0.,0.,-1.));
#14460=DIRECTION('ref_axis',(1.,0.,0.));
#14461=DIRECTION('',(0.,-1.,0.));
#14462=DIRECTION('center_axis',(0.,0.,-1.));
#14463=DIRECTION('ref_axis',(0.,-1.,0.));
#14464=DIRECTION('',(-1.,0.,0.));
#14465=DIRECTION('center_axis',(0.,0.,-1.));
#14466=DIRECTION('ref_axis',(-1.,0.,0.));
#14467=DIRECTION('',(0.,1.,0.));
#14468=DIRECTION('center_axis',(0.,0.,-1.));
#14469=DIRECTION('ref_axis',(0.,1.,0.));
#14470=DIRECTION('',(1.,0.,0.));
#14471=DIRECTION('center_axis',(0.,0.,-1.));
#14472=DIRECTION('ref_axis',(1.,0.,0.));
#14473=DIRECTION('',(0.,-1.,0.));
#14474=DIRECTION('center_axis',(0.,0.,-1.));
#14475=DIRECTION('ref_axis',(0.,-1.,0.));
#14476=DIRECTION('',(-1.,0.,0.));
#14477=DIRECTION('center_axis',(0.,0.,-1.));
#14478=DIRECTION('ref_axis',(-1.,0.,0.));
#14479=DIRECTION('',(0.,1.,0.));
#14480=DIRECTION('center_axis',(0.,0.,-1.));
#14481=DIRECTION('ref_axis',(0.,1.,0.));
#14482=DIRECTION('',(1.,0.,0.));
#14483=DIRECTION('center_axis',(0.,0.,-1.));
#14484=DIRECTION('ref_axis',(1.,0.,0.));
#14485=DIRECTION('',(0.,-1.,0.));
#14486=DIRECTION('center_axis',(0.,0.,-1.));
#14487=DIRECTION('ref_axis',(0.,-1.,0.));
#14488=DIRECTION('',(-1.,0.,0.));
#14489=DIRECTION('center_axis',(0.,0.,-1.));
#14490=DIRECTION('ref_axis',(-1.,0.,0.));
#14491=DIRECTION('',(0.,1.,0.));
#14492=DIRECTION('center_axis',(0.,0.,-1.));
#14493=DIRECTION('ref_axis',(0.,1.,0.));
#14494=DIRECTION('',(1.,0.,0.));
#14495=DIRECTION('center_axis',(0.,0.,-1.));
#14496=DIRECTION('ref_axis',(1.,0.,0.));
#14497=DIRECTION('',(0.,-1.,0.));
#14498=DIRECTION('center_axis',(0.,0.,-1.));
#14499=DIRECTION('ref_axis',(0.,-1.,0.));
#14500=DIRECTION('',(-1.,0.,0.));
#14501=DIRECTION('center_axis',(0.,0.,-1.));
#14502=DIRECTION('ref_axis',(-1.,0.,0.));
#14503=DIRECTION('',(0.,1.,0.));
#14504=DIRECTION('center_axis',(0.,0.,-1.));
#14505=DIRECTION('ref_axis',(0.,1.,0.));
#14506=DIRECTION('',(1.,0.,0.));
#14507=DIRECTION('center_axis',(0.,0.,-1.));
#14508=DIRECTION('ref_axis',(1.,0.,0.));
#14509=DIRECTION('',(0.,-1.,0.));
#14510=DIRECTION('center_axis',(0.,0.,-1.));
#14511=DIRECTION('ref_axis',(0.,-1.,0.));
#14512=DIRECTION('',(-1.,0.,0.));
#14513=DIRECTION('center_axis',(0.,0.,-1.));
#14514=DIRECTION('ref_axis',(-1.,0.,0.));
#14515=DIRECTION('',(0.,1.,0.));
#14516=DIRECTION('center_axis',(0.,0.,-1.));
#14517=DIRECTION('ref_axis',(0.,1.,0.));
#14518=DIRECTION('',(1.,0.,0.));
#14519=DIRECTION('center_axis',(0.,0.,-1.));
#14520=DIRECTION('ref_axis',(1.,0.,0.));
#14521=DIRECTION('',(0.,-1.,0.));
#14522=DIRECTION('center_axis',(0.,0.,-1.));
#14523=DIRECTION('ref_axis',(0.,-1.,0.));
#14524=DIRECTION('',(-1.,0.,0.));
#14525=DIRECTION('center_axis',(0.,0.,-1.));
#14526=DIRECTION('ref_axis',(-1.,0.,0.));
#14527=DIRECTION('',(0.,1.,0.));
#14528=DIRECTION('center_axis',(0.,0.,-1.));
#14529=DIRECTION('ref_axis',(0.,1.,0.));
#14530=DIRECTION('',(1.,0.,0.));
#14531=DIRECTION('center_axis',(0.,0.,-1.));
#14532=DIRECTION('ref_axis',(1.,0.,0.));
#14533=DIRECTION('',(0.,-1.,0.));
#14534=DIRECTION('center_axis',(0.,0.,-1.));
#14535=DIRECTION('ref_axis',(0.,-1.,0.));
#14536=DIRECTION('',(-1.,0.,0.));
#14537=DIRECTION('center_axis',(0.,0.,-1.));
#14538=DIRECTION('ref_axis',(-1.,0.,0.));
#14539=DIRECTION('',(0.,1.,0.));
#14540=DIRECTION('center_axis',(0.,0.,-1.));
#14541=DIRECTION('ref_axis',(0.,1.,0.));
#14542=DIRECTION('',(1.,0.,0.));
#14543=DIRECTION('center_axis',(0.,0.,-1.));
#14544=DIRECTION('ref_axis',(1.,0.,0.));
#14545=DIRECTION('',(0.,-1.,0.));
#14546=DIRECTION('center_axis',(0.,0.,-1.));
#14547=DIRECTION('ref_axis',(0.,-1.,0.));
#14548=DIRECTION('',(-1.,0.,0.));
#14549=DIRECTION('center_axis',(0.,0.,-1.));
#14550=DIRECTION('ref_axis',(-1.,0.,0.));
#14551=DIRECTION('',(0.,1.,0.));
#14552=DIRECTION('center_axis',(0.,0.,-1.));
#14553=DIRECTION('ref_axis',(0.,1.,0.));
#14554=DIRECTION('',(1.,0.,0.));
#14555=DIRECTION('center_axis',(0.,0.,-1.));
#14556=DIRECTION('ref_axis',(1.,0.,0.));
#14557=DIRECTION('',(0.,-1.,0.));
#14558=DIRECTION('center_axis',(0.,0.,-1.));
#14559=DIRECTION('ref_axis',(0.,-1.,0.));
#14560=DIRECTION('',(-1.,0.,0.));
#14561=DIRECTION('center_axis',(0.,0.,-1.));
#14562=DIRECTION('ref_axis',(-1.,0.,0.));
#14563=DIRECTION('',(0.,1.,0.));
#14564=DIRECTION('center_axis',(0.,0.,-1.));
#14565=DIRECTION('ref_axis',(0.,1.,0.));
#14566=DIRECTION('',(1.,0.,0.));
#14567=DIRECTION('center_axis',(0.,0.,-1.));
#14568=DIRECTION('ref_axis',(1.,0.,0.));
#14569=DIRECTION('',(0.,-1.,0.));
#14570=DIRECTION('center_axis',(0.,0.,-1.));
#14571=DIRECTION('ref_axis',(0.,-1.,0.));
#14572=DIRECTION('',(-1.,0.,0.));
#14573=DIRECTION('center_axis',(0.,0.,-1.));
#14574=DIRECTION('ref_axis',(-1.,0.,0.));
#14575=DIRECTION('',(0.,1.,0.));
#14576=DIRECTION('center_axis',(0.,0.,-1.));
#14577=DIRECTION('ref_axis',(0.,1.,0.));
#14578=DIRECTION('',(1.,0.,0.));
#14579=DIRECTION('center_axis',(0.,0.,-1.));
#14580=DIRECTION('ref_axis',(1.,0.,0.));
#14581=DIRECTION('',(0.,-1.,0.));
#14582=DIRECTION('center_axis',(0.,0.,-1.));
#14583=DIRECTION('ref_axis',(0.,-1.,0.));
#14584=DIRECTION('',(-1.,0.,0.));
#14585=DIRECTION('center_axis',(0.,0.,-1.));
#14586=DIRECTION('ref_axis',(-1.,0.,0.));
#14587=DIRECTION('',(0.,1.,0.));
#14588=DIRECTION('center_axis',(0.,0.,-1.));
#14589=DIRECTION('ref_axis',(0.,1.,0.));
#14590=DIRECTION('',(1.,0.,0.));
#14591=DIRECTION('center_axis',(0.,0.,-1.));
#14592=DIRECTION('ref_axis',(1.,0.,0.));
#14593=DIRECTION('',(0.,-1.,0.));
#14594=DIRECTION('center_axis',(0.,0.,-1.));
#14595=DIRECTION('ref_axis',(0.,-1.,0.));
#14596=DIRECTION('',(-1.,0.,0.));
#14597=DIRECTION('center_axis',(0.,0.,-1.));
#14598=DIRECTION('ref_axis',(-1.,0.,0.));
#14599=DIRECTION('',(0.,1.,0.));
#14600=DIRECTION('center_axis',(0.,0.,-1.));
#14601=DIRECTION('ref_axis',(0.,1.,0.));
#14602=DIRECTION('',(1.,0.,0.));
#14603=DIRECTION('center_axis',(0.,0.,-1.));
#14604=DIRECTION('ref_axis',(1.,0.,0.));
#14605=DIRECTION('',(0.,-1.,0.));
#14606=DIRECTION('center_axis',(0.,0.,-1.));
#14607=DIRECTION('ref_axis',(0.,-1.,0.));
#14608=DIRECTION('',(-1.,0.,0.));
#14609=DIRECTION('center_axis',(0.,0.,-1.));
#14610=DIRECTION('ref_axis',(-1.,0.,0.));
#14611=DIRECTION('',(0.,1.,0.));
#14612=DIRECTION('center_axis',(0.,0.,-1.));
#14613=DIRECTION('ref_axis',(0.,1.,0.));
#14614=DIRECTION('',(1.,0.,0.));
#14615=DIRECTION('center_axis',(0.,0.,-1.));
#14616=DIRECTION('ref_axis',(1.,0.,0.));
#14617=DIRECTION('',(0.,-1.,0.));
#14618=DIRECTION('center_axis',(0.,0.,-1.));
#14619=DIRECTION('ref_axis',(0.,-1.,0.));
#14620=DIRECTION('',(-1.,0.,0.));
#14621=DIRECTION('center_axis',(0.,0.,-1.));
#14622=DIRECTION('ref_axis',(-1.,0.,0.));
#14623=DIRECTION('',(0.,1.,0.));
#14624=DIRECTION('center_axis',(0.,0.,-1.));
#14625=DIRECTION('ref_axis',(0.,1.,0.));
#14626=DIRECTION('',(1.,0.,0.));
#14627=DIRECTION('center_axis',(0.,0.,-1.));
#14628=DIRECTION('ref_axis',(1.,0.,0.));
#14629=DIRECTION('',(0.,-1.,0.));
#14630=DIRECTION('center_axis',(0.,0.,-1.));
#14631=DIRECTION('ref_axis',(0.,-1.,0.));
#14632=DIRECTION('',(-1.,0.,0.));
#14633=DIRECTION('center_axis',(0.,0.,-1.));
#14634=DIRECTION('ref_axis',(-1.,0.,0.));
#14635=DIRECTION('',(0.,1.,0.));
#14636=DIRECTION('center_axis',(0.,0.,-1.));
#14637=DIRECTION('ref_axis',(0.707106781186544,-0.707106781186551,0.));
#14638=DIRECTION('',(0.,0.,-1.));
#14639=DIRECTION('center_axis',(0.,0.,-1.));
#14640=DIRECTION('ref_axis',(0.707106781186544,-0.707106781186551,0.));
#14641=DIRECTION('',(0.,0.,1.));
#14642=DIRECTION('center_axis',(-1.,0.,0.));
#14643=DIRECTION('ref_axis',(0.,-1.,0.));
#14644=DIRECTION('',(0.,0.,1.));
#14645=DIRECTION('',(0.,1.,0.));
#14646=DIRECTION('center_axis',(0.,0.,1.));
#14647=DIRECTION('ref_axis',(-0.707106781186552,0.707106781186543,0.));
#14648=DIRECTION('',(0.,0.,-1.));
#14649=DIRECTION('center_axis',(0.,0.,1.));
#14650=DIRECTION('ref_axis',(-0.707106781186552,0.707106781186543,0.));
#14651=DIRECTION('center_axis',(0.,0.,-1.));
#14652=DIRECTION('ref_axis',(-0.707106781186544,-0.707106781186551,0.));
#14653=DIRECTION('',(0.,0.,-1.));
#14654=DIRECTION('center_axis',(0.,0.,-1.));
#14655=DIRECTION('ref_axis',(-0.707106781186544,-0.707106781186551,0.));
#14656=DIRECTION('',(0.,0.,1.));
#14657=DIRECTION('center_axis',(0.,1.,0.));
#14658=DIRECTION('ref_axis',(-1.,0.,0.));
#14659=DIRECTION('',(1.,0.,0.));
#14660=DIRECTION('center_axis',(0.,0.,-1.));
#14661=DIRECTION('ref_axis',(0.707106781186552,0.707106781186543,0.));
#14662=DIRECTION('center_axis',(0.,0.,1.));
#14663=DIRECTION('ref_axis',(0.707106781186552,0.707106781186543,0.));
#14664=DIRECTION('',(0.,0.,1.));
#14665=DIRECTION('',(0.,0.,-1.));
#14666=DIRECTION('center_axis',(1.,0.,0.));
#14667=DIRECTION('ref_axis',(0.,1.,0.));
#14668=DIRECTION('',(0.,-1.,0.));
#14669=DIRECTION('center_axis',(0.,0.,-1.));
#14670=DIRECTION('ref_axis',(0.707106781186553,-0.707106781186542,0.));
#14671=DIRECTION('',(0.,0.,-1.));
#14672=DIRECTION('center_axis',(0.,0.,-1.));
#14673=DIRECTION('ref_axis',(0.707106781186553,-0.707106781186542,0.));
#14674=DIRECTION('',(0.,0.,1.));
#14675=DIRECTION('center_axis',(-1.,0.,0.));
#14676=DIRECTION('ref_axis',(0.,-1.,0.));
#14677=DIRECTION('',(0.,0.,1.));
#14678=DIRECTION('',(0.,1.,0.));
#14679=DIRECTION('center_axis',(0.,0.,1.));
#14680=DIRECTION('ref_axis',(-0.70710678118654,0.707106781186555,0.));
#14681=DIRECTION('',(0.,0.,-1.));
#14682=DIRECTION('center_axis',(0.,0.,1.));
#14683=DIRECTION('ref_axis',(-0.70710678118654,0.707106781186555,0.));
#14684=DIRECTION('center_axis',(0.,0.,1.));
#14685=DIRECTION('ref_axis',(0.707106781186548,-0.707106781186548,0.));
#14686=DIRECTION('',(0.,0.,-1.));
#14687=DIRECTION('center_axis',(0.,0.,1.));
#14688=DIRECTION('ref_axis',(0.707106781186548,-0.707106781186548,0.));
#14689=DIRECTION('',(0.,0.,1.));
#14690=DIRECTION('center_axis',(1.,0.,0.));
#14691=DIRECTION('ref_axis',(0.,1.,0.));
#14692=DIRECTION('',(0.,-1.,0.));
#14693=DIRECTION('',(0.,0.,-1.));
#14694=DIRECTION('center_axis',(0.,0.,1.));
#14695=DIRECTION('ref_axis',(1.,0.,0.));
#14696=DIRECTION('center_axis',(0.,0.,1.));
#14697=DIRECTION('ref_axis',(1.,1.33226762955017E-14,0.));
#14698=DIRECTION('',(0.,1.,0.));
#14699=DIRECTION('center_axis',(0.,0.,1.));
#14700=DIRECTION('ref_axis',(-3.55271367880045E-14,-1.,0.));
#14701=DIRECTION('',(1.,0.,0.));
#14702=DIRECTION('center_axis',(0.,0.,-1.));
#14703=DIRECTION('ref_axis',(-0.707106781186547,0.707106781186547,0.));
#14704=DIRECTION('',(1.,0.,0.));
#14705=DIRECTION('',(0.,-1.,0.));
#14706=DIRECTION('center_axis',(0.,0.,1.));
#14707=DIRECTION('ref_axis',(1.,0.,0.));
#14708=DIRECTION('',(0.,-1.,0.));
#14709=DIRECTION('',(1.,0.,0.));
#14710=DIRECTION('center_axis',(0.,0.,1.));
#14711=DIRECTION('ref_axis',(-0.707106781186548,-0.707106781186548,0.));
#14712=DIRECTION('',(0.,1.,0.));
#14713=DIRECTION('center_axis',(0.,0.,-1.));
#14714=DIRECTION('ref_axis',(0.707106781186547,0.707106781186547,0.));
#14715=DIRECTION('',(1.,0.,0.));
#14716=DIRECTION('center_axis',(0.,0.,-1.));
#14717=DIRECTION('ref_axis',(-0.707106781186547,0.707106781186547,0.));
#14718=DIRECTION('',(0.,-1.,0.));
#14719=DIRECTION('center_axis',(0.,0.,1.));
#14720=DIRECTION('ref_axis',(0.707106781186548,-0.707106781186548,0.));
#14721=DIRECTION('',(1.,0.,0.));
#14722=DIRECTION('',(0.,-1.,0.));
#14723=DIRECTION('center_axis',(0.,0.,1.));
#14724=DIRECTION('ref_axis',(1.,0.,0.));
#14725=DIRECTION('',(0.,-1.,0.));
#14726=DIRECTION('',(1.,0.,0.));
#14727=DIRECTION('center_axis',(0.,0.,1.));
#14728=DIRECTION('ref_axis',(-0.707106781186548,-0.707106781186548,0.));
#14729=DIRECTION('',(0.,1.,0.));
#14730=DIRECTION('center_axis',(0.,0.,-1.));
#14731=DIRECTION('ref_axis',(0.707106781186547,0.707106781186547,0.));
#14732=DIRECTION('',(1.,0.,0.));
#14733=DIRECTION('center_axis',(0.,0.,-1.));
#14734=DIRECTION('ref_axis',(-0.707106781186552,0.707106781186543,0.));
#14735=DIRECTION('',(0.,-1.,0.));
#14736=DIRECTION('center_axis',(0.,0.,1.));
#14737=DIRECTION('ref_axis',(0.707106781186541,-0.707106781186554,0.));
#14738=DIRECTION('',(1.,0.,0.));
#14739=DIRECTION('',(0.,-1.,0.));
#14740=DIRECTION('center_axis',(0.,0.,1.));
#14741=DIRECTION('ref_axis',(1.,0.,0.));
#14742=DIRECTION('',(0.,-1.,0.));
#14743=DIRECTION('',(1.,0.,0.));
#14744=DIRECTION('center_axis',(0.,0.,1.));
#14745=DIRECTION('ref_axis',(-0.707106781186541,-0.707106781186554,0.));
#14746=DIRECTION('',(0.,1.,0.));
#14747=DIRECTION('center_axis',(0.,0.,-1.));
#14748=DIRECTION('ref_axis',(0.707106781186552,0.707106781186543,0.));
#14749=DIRECTION('',(1.,0.,0.));
#14750=DIRECTION('center_axis',(0.,0.,-1.));
#14751=DIRECTION('ref_axis',(-0.707106781186552,0.707106781186543,0.));
#14752=DIRECTION('',(0.,-1.,0.));
#14753=DIRECTION('center_axis',(0.,0.,1.));
#14754=DIRECTION('ref_axis',(0.707106781186541,-0.707106781186554,0.));
#14755=DIRECTION('',(1.,0.,0.));
#14756=DIRECTION('',(0.,-1.,0.));
#14757=DIRECTION('center_axis',(0.,0.,1.));
#14758=DIRECTION('ref_axis',(1.,0.,0.));
#14759=DIRECTION('',(0.,-1.,0.));
#14760=DIRECTION('',(1.,0.,0.));
#14761=DIRECTION('center_axis',(0.,0.,1.));
#14762=DIRECTION('ref_axis',(-0.707106781186541,-0.707106781186554,0.));
#14763=DIRECTION('',(0.,1.,0.));
#14764=DIRECTION('center_axis',(0.,0.,-1.));
#14765=DIRECTION('ref_axis',(0.707106781186551,0.707106781186544,0.));
#14766=DIRECTION('',(1.,0.,0.));
#14767=DIRECTION('center_axis',(0.,0.,1.));
#14768=DIRECTION('ref_axis',(-0.707106781186543,-0.707106781186553,0.));
#14769=DIRECTION('',(0.,1.,0.));
#14770=DIRECTION('center_axis',(0.,0.,1.));
#14771=DIRECTION('ref_axis',(1.38777878078145E-16,1.,0.));
#14772=DIRECTION('',(1.,2.59513396228053E-17,0.));
#14773=DIRECTION('center_axis',(0.,0.,-1.));
#14774=DIRECTION('ref_axis',(0.707106781186547,-0.707106781186548,0.));
#14775=DIRECTION('',(0.,1.,0.));
#14776=DIRECTION('center_axis',(0.,0.,1.));
#14777=DIRECTION('ref_axis',(-0.707106781186548,0.707106781186547,0.));
#14778=DIRECTION('',(-1.,0.,0.));
#14779=DIRECTION('',(0.,1.,0.));
#14780=DIRECTION('center_axis',(0.,0.,1.));
#14781=DIRECTION('ref_axis',(1.,0.,0.));
#14782=DIRECTION('',(0.,1.,0.));
#14783=DIRECTION('',(-1.,0.,0.));
#14784=DIRECTION('center_axis',(0.,0.,1.));
#14785=DIRECTION('ref_axis',(0.707106781186549,0.707106781186546,0.));
#14786=DIRECTION('',(0.,-1.,0.));
#14787=DIRECTION('center_axis',(0.,0.,-1.));
#14788=DIRECTION('ref_axis',(-0.707106781186548,-0.707106781186547,0.));
#14789=DIRECTION('',(1.,2.59513396228053E-17,0.));
#14790=DIRECTION('center_axis',(0.,0.,-1.));
#14791=DIRECTION('ref_axis',(0.707106781186544,-0.707106781186551,0.));
#14792=DIRECTION('',(0.,1.,0.));
#14793=DIRECTION('center_axis',(0.,0.,1.));
#14794=DIRECTION('ref_axis',(-0.707106781186553,0.707106781186542,0.));
#14795=DIRECTION('',(-1.,0.,0.));
#14796=DIRECTION('',(0.,1.,0.));
#14797=DIRECTION('center_axis',(0.,0.,1.));
#14798=DIRECTION('ref_axis',(1.,0.,0.));
#14799=DIRECTION('',(0.,1.,0.));
#14800=DIRECTION('',(-1.,0.,0.));
#14801=DIRECTION('center_axis',(0.,0.,1.));
#14802=DIRECTION('ref_axis',(0.707106781186553,0.707106781186542,0.));
#14803=DIRECTION('',(0.,-1.,0.));
#14804=DIRECTION('center_axis',(0.,0.,-1.));
#14805=DIRECTION('ref_axis',(-0.707106781186544,-0.707106781186551,0.));
#14806=DIRECTION('',(1.,2.59513396228053E-17,0.));
#14807=DIRECTION('center_axis',(0.,0.,1.));
#14808=DIRECTION('ref_axis',(1.,-6.24500451351653E-15,0.));
#14809=DIRECTION('',(0.,-1.,0.));
#14810=DIRECTION('center_axis',(0.,0.,1.));
#14811=DIRECTION('ref_axis',(-1.,6.66133814775096E-15,0.));
#14812=DIRECTION('',(1.,0.,0.));
#14813=DIRECTION('',(-1.,0.,0.));
#14814=DIRECTION('',(0.,1.,0.));
#14815=DIRECTION('center_axis',(0.,0.,1.));
#14816=DIRECTION('ref_axis',(1.,0.,0.));
#14817=DIRECTION('',(0.,1.,0.));
#14818=DIRECTION('',(-1.,2.91397119324188E-17,0.));
#14819=DIRECTION('',(-1.,2.91397119324188E-17,0.));
#14820=DIRECTION('',(0.,1.,0.));
#14821=DIRECTION('center_axis',(0.,0.,1.));
#14822=DIRECTION('ref_axis',(1.,0.,0.));
#14823=DIRECTION('',(0.,1.,0.));
#14824=DIRECTION('',(-1.,-4.60064070150771E-16,0.));
#14825=DIRECTION('center_axis',(0.,0.,-1.));
#14826=DIRECTION('ref_axis',(0.,1.,0.));
#14827=DIRECTION('',(0.,1.,0.));
#14828=DIRECTION('center_axis',(0.,0.,-1.));
#14829=DIRECTION('ref_axis',(-1.,0.,0.));
#14830=DIRECTION('',(-1.,0.,0.));
#14831=DIRECTION('center_axis',(0.,0.,-1.));
#14832=DIRECTION('ref_axis',(0.,-1.,0.));
#14833=DIRECTION('',(0.,-1.,0.));
#14834=DIRECTION('center_axis',(0.,0.,-1.));
#14835=DIRECTION('ref_axis',(1.,0.,0.));
#14836=DIRECTION('',(1.,0.,0.));
#14837=DIRECTION('center_axis',(0.,0.,-1.));
#14838=DIRECTION('ref_axis',(0.,1.,0.));
#14839=DIRECTION('',(0.,1.,0.));
#14840=DIRECTION('center_axis',(0.,0.,-1.));
#14841=DIRECTION('ref_axis',(-1.,0.,0.));
#14842=DIRECTION('',(-1.,0.,0.));
#14843=DIRECTION('center_axis',(0.,0.,-1.));
#14844=DIRECTION('ref_axis',(0.,-1.,0.));
#14845=DIRECTION('',(0.,-1.,0.));
#14846=DIRECTION('center_axis',(0.,0.,-1.));
#14847=DIRECTION('ref_axis',(1.,0.,0.));
#14848=DIRECTION('',(1.,0.,0.));
#14849=DIRECTION('center_axis',(0.,0.,-1.));
#14850=DIRECTION('ref_axis',(0.,1.,0.));
#14851=DIRECTION('',(0.,1.,0.));
#14852=DIRECTION('center_axis',(0.,0.,-1.));
#14853=DIRECTION('ref_axis',(-1.,0.,0.));
#14854=DIRECTION('',(-1.,0.,0.));
#14855=DIRECTION('center_axis',(0.,0.,-1.));
#14856=DIRECTION('ref_axis',(0.,-1.,0.));
#14857=DIRECTION('',(0.,-1.,0.));
#14858=DIRECTION('center_axis',(0.,0.,-1.));
#14859=DIRECTION('ref_axis',(1.,0.,0.));
#14860=DIRECTION('',(1.,0.,0.));
#14861=DIRECTION('center_axis',(0.,0.,-1.));
#14862=DIRECTION('ref_axis',(0.,1.,0.));
#14863=DIRECTION('',(0.,1.,0.));
#14864=DIRECTION('center_axis',(0.,0.,-1.));
#14865=DIRECTION('ref_axis',(-1.,0.,0.));
#14866=DIRECTION('',(-1.,0.,0.));
#14867=DIRECTION('center_axis',(0.,0.,-1.));
#14868=DIRECTION('ref_axis',(0.,-1.,0.));
#14869=DIRECTION('',(0.,-1.,0.));
#14870=DIRECTION('center_axis',(0.,0.,-1.));
#14871=DIRECTION('ref_axis',(1.,0.,0.));
#14872=DIRECTION('',(1.,0.,0.));
#14873=DIRECTION('center_axis',(0.,0.,-1.));
#14874=DIRECTION('ref_axis',(0.,1.,0.));
#14875=DIRECTION('',(0.,1.,0.));
#14876=DIRECTION('center_axis',(0.,0.,-1.));
#14877=DIRECTION('ref_axis',(-1.,0.,0.));
#14878=DIRECTION('',(-1.,0.,0.));
#14879=DIRECTION('center_axis',(0.,0.,-1.));
#14880=DIRECTION('ref_axis',(0.,-1.,0.));
#14881=DIRECTION('',(0.,-1.,0.));
#14882=DIRECTION('center_axis',(0.,0.,-1.));
#14883=DIRECTION('ref_axis',(1.,0.,0.));
#14884=DIRECTION('',(1.,0.,0.));
#14885=DIRECTION('center_axis',(0.,0.,-1.));
#14886=DIRECTION('ref_axis',(0.,1.,0.));
#14887=DIRECTION('',(0.,1.,0.));
#14888=DIRECTION('center_axis',(0.,0.,-1.));
#14889=DIRECTION('ref_axis',(-1.,0.,0.));
#14890=DIRECTION('',(-1.,0.,0.));
#14891=DIRECTION('center_axis',(0.,0.,-1.));
#14892=DIRECTION('ref_axis',(0.,-1.,0.));
#14893=DIRECTION('',(0.,-1.,0.));
#14894=DIRECTION('center_axis',(0.,0.,-1.));
#14895=DIRECTION('ref_axis',(1.,0.,0.));
#14896=DIRECTION('',(1.,0.,0.));
#14897=DIRECTION('center_axis',(0.,0.,-1.));
#14898=DIRECTION('ref_axis',(0.,1.,0.));
#14899=DIRECTION('',(0.,1.,0.));
#14900=DIRECTION('center_axis',(0.,0.,-1.));
#14901=DIRECTION('ref_axis',(-1.,0.,0.));
#14902=DIRECTION('',(-1.,0.,0.));
#14903=DIRECTION('center_axis',(0.,0.,-1.));
#14904=DIRECTION('ref_axis',(0.,-1.,0.));
#14905=DIRECTION('',(0.,-1.,0.));
#14906=DIRECTION('center_axis',(0.,0.,-1.));
#14907=DIRECTION('ref_axis',(1.,0.,0.));
#14908=DIRECTION('',(1.,0.,0.));
#14909=DIRECTION('center_axis',(0.,0.,-1.));
#14910=DIRECTION('ref_axis',(0.,1.,0.));
#14911=DIRECTION('',(0.,1.,0.));
#14912=DIRECTION('center_axis',(0.,0.,-1.));
#14913=DIRECTION('ref_axis',(-1.,0.,0.));
#14914=DIRECTION('',(-1.,0.,0.));
#14915=DIRECTION('center_axis',(0.,0.,-1.));
#14916=DIRECTION('ref_axis',(0.,-1.,0.));
#14917=DIRECTION('',(0.,-1.,0.));
#14918=DIRECTION('center_axis',(0.,0.,-1.));
#14919=DIRECTION('ref_axis',(1.,0.,0.));
#14920=DIRECTION('',(1.,0.,0.));
#14921=DIRECTION('center_axis',(0.,0.,-1.));
#14922=DIRECTION('ref_axis',(0.,1.,0.));
#14923=DIRECTION('',(0.,1.,0.));
#14924=DIRECTION('center_axis',(0.,0.,-1.));
#14925=DIRECTION('ref_axis',(-1.,0.,0.));
#14926=DIRECTION('',(-1.,0.,0.));
#14927=DIRECTION('center_axis',(0.,0.,-1.));
#14928=DIRECTION('ref_axis',(0.,-1.,0.));
#14929=DIRECTION('',(0.,-1.,0.));
#14930=DIRECTION('center_axis',(0.,0.,-1.));
#14931=DIRECTION('ref_axis',(1.,0.,0.));
#14932=DIRECTION('',(1.,0.,0.));
#14933=DIRECTION('center_axis',(0.,0.,-1.));
#14934=DIRECTION('ref_axis',(0.,1.,0.));
#14935=DIRECTION('',(0.,1.,0.));
#14936=DIRECTION('center_axis',(0.,0.,-1.));
#14937=DIRECTION('ref_axis',(-1.,0.,0.));
#14938=DIRECTION('',(-1.,0.,0.));
#14939=DIRECTION('center_axis',(0.,0.,-1.));
#14940=DIRECTION('ref_axis',(0.,-1.,0.));
#14941=DIRECTION('',(0.,-1.,0.));
#14942=DIRECTION('center_axis',(0.,0.,-1.));
#14943=DIRECTION('ref_axis',(1.,0.,0.));
#14944=DIRECTION('',(1.,0.,0.));
#14945=DIRECTION('center_axis',(0.,0.,-1.));
#14946=DIRECTION('ref_axis',(0.,1.,0.));
#14947=DIRECTION('',(0.,1.,0.));
#14948=DIRECTION('center_axis',(0.,0.,-1.));
#14949=DIRECTION('ref_axis',(-1.,0.,0.));
#14950=DIRECTION('',(-1.,0.,0.));
#14951=DIRECTION('center_axis',(0.,0.,-1.));
#14952=DIRECTION('ref_axis',(0.,-1.,0.));
#14953=DIRECTION('',(0.,-1.,0.));
#14954=DIRECTION('center_axis',(0.,0.,-1.));
#14955=DIRECTION('ref_axis',(1.,0.,0.));
#14956=DIRECTION('',(1.,0.,0.));
#14957=DIRECTION('center_axis',(0.,0.,-1.));
#14958=DIRECTION('ref_axis',(0.,1.,0.));
#14959=DIRECTION('',(0.,1.,0.));
#14960=DIRECTION('center_axis',(0.,0.,-1.));
#14961=DIRECTION('ref_axis',(-1.,0.,0.));
#14962=DIRECTION('',(-1.,0.,0.));
#14963=DIRECTION('center_axis',(0.,0.,-1.));
#14964=DIRECTION('ref_axis',(0.,-1.,0.));
#14965=DIRECTION('',(0.,-1.,0.));
#14966=DIRECTION('center_axis',(0.,0.,-1.));
#14967=DIRECTION('ref_axis',(1.,0.,0.));
#14968=DIRECTION('',(1.,0.,0.));
#14969=DIRECTION('center_axis',(0.,0.,-1.));
#14970=DIRECTION('ref_axis',(0.,1.,0.));
#14971=DIRECTION('',(0.,1.,0.));
#14972=DIRECTION('center_axis',(0.,0.,-1.));
#14973=DIRECTION('ref_axis',(-1.,0.,0.));
#14974=DIRECTION('',(-1.,0.,0.));
#14975=DIRECTION('center_axis',(0.,0.,-1.));
#14976=DIRECTION('ref_axis',(0.,-1.,0.));
#14977=DIRECTION('',(0.,-1.,0.));
#14978=DIRECTION('center_axis',(0.,0.,-1.));
#14979=DIRECTION('ref_axis',(1.,0.,0.));
#14980=DIRECTION('',(1.,0.,0.));
#14981=DIRECTION('center_axis',(0.,0.,-1.));
#14982=DIRECTION('ref_axis',(0.,1.,0.));
#14983=DIRECTION('',(0.,1.,0.));
#14984=DIRECTION('center_axis',(0.,0.,-1.));
#14985=DIRECTION('ref_axis',(-1.,0.,0.));
#14986=DIRECTION('',(-1.,0.,0.));
#14987=DIRECTION('center_axis',(0.,0.,-1.));
#14988=DIRECTION('ref_axis',(0.,-1.,0.));
#14989=DIRECTION('',(0.,-1.,0.));
#14990=DIRECTION('center_axis',(0.,0.,-1.));
#14991=DIRECTION('ref_axis',(1.,0.,0.));
#14992=DIRECTION('',(1.,0.,0.));
#14993=DIRECTION('center_axis',(0.,0.,-1.));
#14994=DIRECTION('ref_axis',(0.,1.,0.));
#14995=DIRECTION('',(0.,1.,0.));
#14996=DIRECTION('center_axis',(0.,0.,-1.));
#14997=DIRECTION('ref_axis',(-1.,0.,0.));
#14998=DIRECTION('',(-1.,0.,0.));
#14999=DIRECTION('center_axis',(0.,0.,-1.));
#15000=DIRECTION('ref_axis',(0.,-1.,0.));
#15001=DIRECTION('',(0.,-1.,0.));
#15002=DIRECTION('center_axis',(0.,0.,-1.));
#15003=DIRECTION('ref_axis',(1.,0.,0.));
#15004=DIRECTION('',(1.,0.,0.));
#15005=DIRECTION('center_axis',(0.,0.,-1.));
#15006=DIRECTION('ref_axis',(0.,1.,0.));
#15007=DIRECTION('',(0.,1.,0.));
#15008=DIRECTION('center_axis',(0.,0.,-1.));
#15009=DIRECTION('ref_axis',(-1.,0.,0.));
#15010=DIRECTION('',(-1.,0.,0.));
#15011=DIRECTION('center_axis',(0.,0.,-1.));
#15012=DIRECTION('ref_axis',(0.,-1.,0.));
#15013=DIRECTION('',(0.,-1.,0.));
#15014=DIRECTION('center_axis',(0.,0.,-1.));
#15015=DIRECTION('ref_axis',(1.,0.,0.));
#15016=DIRECTION('',(1.,0.,0.));
#15017=DIRECTION('center_axis',(0.,0.,-1.));
#15018=DIRECTION('ref_axis',(0.,1.,0.));
#15019=DIRECTION('',(0.,1.,0.));
#15020=DIRECTION('center_axis',(0.,0.,-1.));
#15021=DIRECTION('ref_axis',(-1.,0.,0.));
#15022=DIRECTION('',(-1.,0.,0.));
#15023=DIRECTION('center_axis',(0.,0.,-1.));
#15024=DIRECTION('ref_axis',(0.,-1.,0.));
#15025=DIRECTION('',(0.,-1.,0.));
#15026=DIRECTION('center_axis',(0.,0.,-1.));
#15027=DIRECTION('ref_axis',(1.,0.,0.));
#15028=DIRECTION('',(1.,0.,0.));
#15029=DIRECTION('center_axis',(0.,0.,-1.));
#15030=DIRECTION('ref_axis',(0.,1.,0.));
#15031=DIRECTION('',(0.,1.,0.));
#15032=DIRECTION('center_axis',(0.,0.,-1.));
#15033=DIRECTION('ref_axis',(-1.,0.,0.));
#15034=DIRECTION('',(-1.,0.,0.));
#15035=DIRECTION('center_axis',(0.,0.,-1.));
#15036=DIRECTION('ref_axis',(0.,-1.,0.));
#15037=DIRECTION('',(0.,-1.,0.));
#15038=DIRECTION('center_axis',(0.,0.,-1.));
#15039=DIRECTION('ref_axis',(1.,0.,0.));
#15040=DIRECTION('',(1.,0.,0.));
#15041=DIRECTION('center_axis',(0.,0.,-1.));
#15042=DIRECTION('ref_axis',(0.,1.,0.));
#15043=DIRECTION('',(0.,1.,0.));
#15044=DIRECTION('center_axis',(0.,0.,-1.));
#15045=DIRECTION('ref_axis',(-1.,0.,0.));
#15046=DIRECTION('',(-1.,0.,0.));
#15047=DIRECTION('center_axis',(0.,0.,-1.));
#15048=DIRECTION('ref_axis',(0.,-1.,0.));
#15049=DIRECTION('',(0.,-1.,0.));
#15050=DIRECTION('center_axis',(0.,0.,-1.));
#15051=DIRECTION('ref_axis',(1.,0.,0.));
#15052=DIRECTION('',(1.,0.,0.));
#15053=DIRECTION('center_axis',(0.,0.,-1.));
#15054=DIRECTION('ref_axis',(0.,1.,0.));
#15055=DIRECTION('',(0.,1.,0.));
#15056=DIRECTION('center_axis',(0.,0.,-1.));
#15057=DIRECTION('ref_axis',(-1.,0.,0.));
#15058=DIRECTION('',(-1.,0.,0.));
#15059=DIRECTION('center_axis',(0.,0.,-1.));
#15060=DIRECTION('ref_axis',(0.,-1.,0.));
#15061=DIRECTION('',(0.,-1.,0.));
#15062=DIRECTION('center_axis',(0.,0.,-1.));
#15063=DIRECTION('ref_axis',(1.,0.,0.));
#15064=DIRECTION('',(1.,0.,0.));
#15065=DIRECTION('center_axis',(0.,0.,-1.));
#15066=DIRECTION('ref_axis',(0.,1.,0.));
#15067=DIRECTION('',(0.,1.,0.));
#15068=DIRECTION('center_axis',(0.,0.,-1.));
#15069=DIRECTION('ref_axis',(-1.,0.,0.));
#15070=DIRECTION('',(-1.,0.,0.));
#15071=DIRECTION('center_axis',(0.,0.,-1.));
#15072=DIRECTION('ref_axis',(0.,-1.,0.));
#15073=DIRECTION('',(0.,-1.,0.));
#15074=DIRECTION('center_axis',(0.,0.,-1.));
#15075=DIRECTION('ref_axis',(1.,0.,0.));
#15076=DIRECTION('',(1.,0.,0.));
#15077=DIRECTION('center_axis',(0.,0.,-1.));
#15078=DIRECTION('ref_axis',(0.,-1.,0.));
#15079=DIRECTION('',(0.,-1.,0.));
#15080=DIRECTION('center_axis',(0.,0.,-1.));
#15081=DIRECTION('ref_axis',(1.,0.,0.));
#15082=DIRECTION('',(1.,0.,0.));
#15083=DIRECTION('center_axis',(0.,0.,-1.));
#15084=DIRECTION('ref_axis',(0.,1.,0.));
#15085=DIRECTION('',(0.,1.,0.));
#15086=DIRECTION('center_axis',(0.,0.,-1.));
#15087=DIRECTION('ref_axis',(-1.,0.,0.));
#15088=DIRECTION('',(-1.,0.,0.));
#15089=DIRECTION('center_axis',(0.,0.,-1.));
#15090=DIRECTION('ref_axis',(0.,-1.,0.));
#15091=DIRECTION('',(0.,-1.,0.));
#15092=DIRECTION('center_axis',(0.,0.,-1.));
#15093=DIRECTION('ref_axis',(1.,0.,0.));
#15094=DIRECTION('',(1.,0.,0.));
#15095=DIRECTION('center_axis',(0.,0.,-1.));
#15096=DIRECTION('ref_axis',(0.,1.,0.));
#15097=DIRECTION('',(0.,1.,0.));
#15098=DIRECTION('center_axis',(0.,0.,-1.));
#15099=DIRECTION('ref_axis',(-1.,0.,0.));
#15100=DIRECTION('',(-1.,0.,0.));
#15101=DIRECTION('center_axis',(0.,0.,-1.));
#15102=DIRECTION('ref_axis',(0.,1.,0.));
#15103=DIRECTION('',(0.,1.,0.));
#15104=DIRECTION('center_axis',(0.,0.,-1.));
#15105=DIRECTION('ref_axis',(-1.,0.,0.));
#15106=DIRECTION('',(-1.,0.,0.));
#15107=DIRECTION('center_axis',(0.,0.,-1.));
#15108=DIRECTION('ref_axis',(0.,-1.,0.));
#15109=DIRECTION('',(0.,-1.,0.));
#15110=DIRECTION('center_axis',(0.,0.,-1.));
#15111=DIRECTION('ref_axis',(1.,0.,0.));
#15112=DIRECTION('',(1.,0.,0.));
#15113=DIRECTION('center_axis',(0.,0.,-1.));
#15114=DIRECTION('ref_axis',(0.,1.,0.));
#15115=DIRECTION('',(0.,1.,0.));
#15116=DIRECTION('center_axis',(0.,0.,-1.));
#15117=DIRECTION('ref_axis',(-1.,0.,0.));
#15118=DIRECTION('',(-1.,0.,0.));
#15119=DIRECTION('center_axis',(0.,0.,-1.));
#15120=DIRECTION('ref_axis',(0.,-1.,0.));
#15121=DIRECTION('',(0.,-1.,0.));
#15122=DIRECTION('center_axis',(0.,0.,-1.));
#15123=DIRECTION('ref_axis',(1.,0.,0.));
#15124=DIRECTION('',(1.,0.,0.));
#15125=DIRECTION('center_axis',(0.,0.,-1.));
#15126=DIRECTION('ref_axis',(0.,1.,0.));
#15127=DIRECTION('',(0.,1.,0.));
#15128=DIRECTION('center_axis',(0.,0.,-1.));
#15129=DIRECTION('ref_axis',(-1.,0.,0.));
#15130=DIRECTION('',(-1.,0.,0.));
#15131=DIRECTION('center_axis',(0.,0.,-1.));
#15132=DIRECTION('ref_axis',(0.,-1.,0.));
#15133=DIRECTION('',(0.,-1.,0.));
#15134=DIRECTION('center_axis',(0.,0.,-1.));
#15135=DIRECTION('ref_axis',(1.,0.,0.));
#15136=DIRECTION('',(1.,0.,0.));
#15137=DIRECTION('center_axis',(0.,0.,-1.));
#15138=DIRECTION('ref_axis',(0.,1.,0.));
#15139=DIRECTION('',(0.,1.,0.));
#15140=DIRECTION('center_axis',(0.,0.,-1.));
#15141=DIRECTION('ref_axis',(-1.,0.,0.));
#15142=DIRECTION('',(-1.,0.,0.));
#15143=DIRECTION('center_axis',(0.,0.,-1.));
#15144=DIRECTION('ref_axis',(0.,-1.,0.));
#15145=DIRECTION('',(0.,-1.,0.));
#15146=DIRECTION('center_axis',(0.,0.,-1.));
#15147=DIRECTION('ref_axis',(1.,0.,0.));
#15148=DIRECTION('',(1.,0.,0.));
#15149=DIRECTION('center_axis',(0.,0.,-1.));
#15150=DIRECTION('ref_axis',(0.,1.,0.));
#15151=DIRECTION('',(0.,1.,0.));
#15152=DIRECTION('center_axis',(0.,0.,-1.));
#15153=DIRECTION('ref_axis',(-1.,0.,0.));
#15154=DIRECTION('',(-1.,0.,0.));
#15155=DIRECTION('center_axis',(0.,0.,-1.));
#15156=DIRECTION('ref_axis',(0.,-1.,0.));
#15157=DIRECTION('',(0.,-1.,0.));
#15158=DIRECTION('center_axis',(0.,0.,-1.));
#15159=DIRECTION('ref_axis',(1.,0.,0.));
#15160=DIRECTION('',(1.,0.,0.));
#15161=DIRECTION('center_axis',(0.,0.,-1.));
#15162=DIRECTION('ref_axis',(0.,1.,0.));
#15163=DIRECTION('',(0.,1.,0.));
#15164=DIRECTION('center_axis',(0.,0.,-1.));
#15165=DIRECTION('ref_axis',(-1.,0.,0.));
#15166=DIRECTION('',(-1.,0.,0.));
#15167=DIRECTION('center_axis',(0.,0.,-1.));
#15168=DIRECTION('ref_axis',(0.,-1.,0.));
#15169=DIRECTION('',(0.,-1.,0.));
#15170=DIRECTION('center_axis',(0.,0.,-1.));
#15171=DIRECTION('ref_axis',(1.,0.,0.));
#15172=DIRECTION('',(1.,0.,0.));
#15173=DIRECTION('center_axis',(0.,0.,-1.));
#15174=DIRECTION('ref_axis',(0.,1.,0.));
#15175=DIRECTION('',(0.,1.,0.));
#15176=DIRECTION('center_axis',(0.,0.,-1.));
#15177=DIRECTION('ref_axis',(-1.,0.,0.));
#15178=DIRECTION('',(-1.,0.,0.));
#15179=DIRECTION('center_axis',(0.,0.,-1.));
#15180=DIRECTION('ref_axis',(0.,-1.,0.));
#15181=DIRECTION('',(0.,-1.,0.));
#15182=DIRECTION('center_axis',(0.,0.,-1.));
#15183=DIRECTION('ref_axis',(1.,0.,0.));
#15184=DIRECTION('',(1.,0.,0.));
#15185=DIRECTION('center_axis',(0.,0.,-1.));
#15186=DIRECTION('ref_axis',(0.,1.,0.));
#15187=DIRECTION('',(0.,1.,0.));
#15188=DIRECTION('center_axis',(0.,0.,-1.));
#15189=DIRECTION('ref_axis',(-1.,0.,0.));
#15190=DIRECTION('',(-1.,0.,0.));
#15191=DIRECTION('center_axis',(0.,0.,-1.));
#15192=DIRECTION('ref_axis',(0.,-1.,0.));
#15193=DIRECTION('',(0.,-1.,0.));
#15194=DIRECTION('center_axis',(0.,0.,-1.));
#15195=DIRECTION('ref_axis',(1.,0.,0.));
#15196=DIRECTION('',(1.,0.,0.));
#15197=DIRECTION('center_axis',(0.,0.,-1.));
#15198=DIRECTION('ref_axis',(0.,1.,0.));
#15199=DIRECTION('',(0.,1.,0.));
#15200=DIRECTION('center_axis',(0.,0.,-1.));
#15201=DIRECTION('ref_axis',(-1.,0.,0.));
#15202=DIRECTION('',(-1.,0.,0.));
#15203=DIRECTION('center_axis',(0.,0.,-1.));
#15204=DIRECTION('ref_axis',(0.,-1.,0.));
#15205=DIRECTION('',(0.,-1.,0.));
#15206=DIRECTION('center_axis',(0.,0.,-1.));
#15207=DIRECTION('ref_axis',(1.,0.,0.));
#15208=DIRECTION('',(1.,0.,0.));
#15209=DIRECTION('center_axis',(0.,0.,-1.));
#15210=DIRECTION('ref_axis',(0.,1.,0.));
#15211=DIRECTION('',(0.,1.,0.));
#15212=DIRECTION('center_axis',(0.,0.,-1.));
#15213=DIRECTION('ref_axis',(-1.,0.,0.));
#15214=DIRECTION('',(-1.,0.,0.));
#15215=DIRECTION('center_axis',(0.,0.,-1.));
#15216=DIRECTION('ref_axis',(0.,-1.,0.));
#15217=DIRECTION('',(0.,-1.,0.));
#15218=DIRECTION('center_axis',(0.,0.,-1.));
#15219=DIRECTION('ref_axis',(1.,0.,0.));
#15220=DIRECTION('',(1.,0.,0.));
#15221=DIRECTION('center_axis',(0.,0.,-1.));
#15222=DIRECTION('ref_axis',(0.,1.,0.));
#15223=DIRECTION('',(0.,1.,0.));
#15224=DIRECTION('center_axis',(0.,0.,-1.));
#15225=DIRECTION('ref_axis',(-1.,0.,0.));
#15226=DIRECTION('',(-1.,0.,0.));
#15227=DIRECTION('center_axis',(0.,0.,-1.));
#15228=DIRECTION('ref_axis',(0.,-1.,0.));
#15229=DIRECTION('',(0.,-1.,0.));
#15230=DIRECTION('center_axis',(0.,0.,-1.));
#15231=DIRECTION('ref_axis',(1.,0.,0.));
#15232=DIRECTION('',(1.,0.,0.));
#15233=DIRECTION('center_axis',(0.,0.,-1.));
#15234=DIRECTION('ref_axis',(0.,1.,0.));
#15235=DIRECTION('',(0.,1.,0.));
#15236=DIRECTION('center_axis',(0.,0.,-1.));
#15237=DIRECTION('ref_axis',(-1.,0.,0.));
#15238=DIRECTION('',(-1.,0.,0.));
#15239=DIRECTION('center_axis',(0.,0.,-1.));
#15240=DIRECTION('ref_axis',(0.,-1.,0.));
#15241=DIRECTION('',(0.,-1.,0.));
#15242=DIRECTION('center_axis',(0.,0.,-1.));
#15243=DIRECTION('ref_axis',(1.,0.,0.));
#15244=DIRECTION('',(1.,0.,0.));
#15245=DIRECTION('center_axis',(0.,0.,-1.));
#15246=DIRECTION('ref_axis',(0.,1.,0.));
#15247=DIRECTION('',(0.,1.,0.));
#15248=DIRECTION('center_axis',(0.,0.,-1.));
#15249=DIRECTION('ref_axis',(-1.,0.,0.));
#15250=DIRECTION('',(-1.,0.,0.));
#15251=DIRECTION('center_axis',(0.,0.,-1.));
#15252=DIRECTION('ref_axis',(0.,-1.,0.));
#15253=DIRECTION('',(0.,-1.,0.));
#15254=DIRECTION('center_axis',(0.,0.,-1.));
#15255=DIRECTION('ref_axis',(1.,0.,0.));
#15256=DIRECTION('',(1.,0.,0.));
#15257=DIRECTION('center_axis',(0.,0.,-1.));
#15258=DIRECTION('ref_axis',(0.,1.,0.));
#15259=DIRECTION('',(0.,1.,0.));
#15260=DIRECTION('center_axis',(0.,0.,-1.));
#15261=DIRECTION('ref_axis',(-1.,0.,0.));
#15262=DIRECTION('',(-1.,0.,0.));
#15263=DIRECTION('center_axis',(0.,0.,-1.));
#15264=DIRECTION('ref_axis',(0.,-1.,0.));
#15265=DIRECTION('',(0.,-1.,0.));
#15266=DIRECTION('center_axis',(0.,0.,-1.));
#15267=DIRECTION('ref_axis',(1.,0.,0.));
#15268=DIRECTION('',(1.,0.,0.));
#15269=DIRECTION('center_axis',(0.,0.,-1.));
#15270=DIRECTION('ref_axis',(0.,1.,0.));
#15271=DIRECTION('',(0.,1.,0.));
#15272=DIRECTION('center_axis',(0.,0.,-1.));
#15273=DIRECTION('ref_axis',(-1.,0.,0.));
#15274=DIRECTION('',(-1.,0.,0.));
#15275=DIRECTION('center_axis',(0.,0.,-1.));
#15276=DIRECTION('ref_axis',(0.,-1.,0.));
#15277=DIRECTION('',(0.,-1.,0.));
#15278=DIRECTION('center_axis',(0.,0.,-1.));
#15279=DIRECTION('ref_axis',(1.,0.,0.));
#15280=DIRECTION('',(1.,0.,0.));
#15281=DIRECTION('center_axis',(0.,0.,-1.));
#15282=DIRECTION('ref_axis',(0.,-1.,0.));
#15283=DIRECTION('',(0.,-1.,0.));
#15284=DIRECTION('center_axis',(0.,0.,-1.));
#15285=DIRECTION('ref_axis',(1.,0.,0.));
#15286=DIRECTION('',(1.,0.,0.));
#15287=DIRECTION('center_axis',(0.,0.,-1.));
#15288=DIRECTION('ref_axis',(0.,1.,0.));
#15289=DIRECTION('',(0.,1.,0.));
#15290=DIRECTION('center_axis',(0.,0.,-1.));
#15291=DIRECTION('ref_axis',(-1.,0.,0.));
#15292=DIRECTION('',(-1.,0.,0.));
#15293=DIRECTION('center_axis',(0.,0.,-1.));
#15294=DIRECTION('ref_axis',(0.,1.,0.));
#15295=DIRECTION('',(0.,1.,0.));
#15296=DIRECTION('center_axis',(0.,0.,-1.));
#15297=DIRECTION('ref_axis',(-1.,0.,0.));
#15298=DIRECTION('',(-1.,0.,0.));
#15299=DIRECTION('center_axis',(0.,0.,-1.));
#15300=DIRECTION('ref_axis',(0.,-1.,0.));
#15301=DIRECTION('',(0.,-1.,0.));
#15302=DIRECTION('center_axis',(0.,0.,-1.));
#15303=DIRECTION('ref_axis',(1.,0.,0.));
#15304=DIRECTION('',(1.,0.,0.));
#15305=DIRECTION('center_axis',(0.,0.,-1.));
#15306=DIRECTION('ref_axis',(0.,-1.,0.));
#15307=DIRECTION('',(0.,-1.,0.));
#15308=DIRECTION('center_axis',(0.,0.,-1.));
#15309=DIRECTION('ref_axis',(1.,0.,0.));
#15310=DIRECTION('',(1.,0.,0.));
#15311=DIRECTION('center_axis',(0.,0.,-1.));
#15312=DIRECTION('ref_axis',(0.,1.,0.));
#15313=DIRECTION('',(0.,1.,0.));
#15314=DIRECTION('center_axis',(0.,0.,-1.));
#15315=DIRECTION('ref_axis',(-1.,0.,0.));
#15316=DIRECTION('',(-1.,0.,0.));
#15317=DIRECTION('center_axis',(0.,0.,-1.));
#15318=DIRECTION('ref_axis',(0.,1.,0.));
#15319=DIRECTION('',(0.,1.,0.));
#15320=DIRECTION('center_axis',(0.,0.,-1.));
#15321=DIRECTION('ref_axis',(-1.,0.,0.));
#15322=DIRECTION('',(-1.,0.,0.));
#15323=DIRECTION('center_axis',(0.,0.,-1.));
#15324=DIRECTION('ref_axis',(0.,-1.,0.));
#15325=DIRECTION('',(0.,-1.,0.));
#15326=DIRECTION('center_axis',(0.,0.,-1.));
#15327=DIRECTION('ref_axis',(1.,0.,0.));
#15328=DIRECTION('',(1.,0.,0.));
#15329=DIRECTION('center_axis',(0.,0.,-1.));
#15330=DIRECTION('ref_axis',(0.,1.,0.));
#15331=DIRECTION('',(0.,1.,0.));
#15332=DIRECTION('center_axis',(0.,0.,-1.));
#15333=DIRECTION('ref_axis',(-1.,0.,0.));
#15334=DIRECTION('',(-1.,0.,0.));
#15335=DIRECTION('center_axis',(0.,0.,-1.));
#15336=DIRECTION('ref_axis',(0.,-1.,0.));
#15337=DIRECTION('',(0.,-1.,0.));
#15338=DIRECTION('center_axis',(0.,0.,-1.));
#15339=DIRECTION('ref_axis',(1.,0.,0.));
#15340=DIRECTION('',(1.,0.,0.));
#15341=DIRECTION('center_axis',(0.,0.,-1.));
#15342=DIRECTION('ref_axis',(0.,1.,0.));
#15343=DIRECTION('',(0.,1.,0.));
#15344=DIRECTION('center_axis',(0.,0.,-1.));
#15345=DIRECTION('ref_axis',(-1.,0.,0.));
#15346=DIRECTION('',(-1.,0.,0.));
#15347=DIRECTION('center_axis',(0.,0.,-1.));
#15348=DIRECTION('ref_axis',(0.,-1.,0.));
#15349=DIRECTION('',(0.,-1.,0.));
#15350=DIRECTION('center_axis',(0.,0.,-1.));
#15351=DIRECTION('ref_axis',(1.,0.,0.));
#15352=DIRECTION('',(1.,0.,0.));
#15353=DIRECTION('center_axis',(0.,0.,-1.));
#15354=DIRECTION('ref_axis',(0.,-1.,0.));
#15355=DIRECTION('',(0.,-1.,0.));
#15356=DIRECTION('center_axis',(0.,0.,-1.));
#15357=DIRECTION('ref_axis',(1.,0.,0.));
#15358=DIRECTION('',(1.,0.,0.));
#15359=DIRECTION('center_axis',(0.,0.,-1.));
#15360=DIRECTION('ref_axis',(0.,1.,0.));
#15361=DIRECTION('',(-1.61486985400024E-14,1.,0.));
#15362=DIRECTION('center_axis',(0.,0.,1.));
#15363=DIRECTION('ref_axis',(0.,-1.,0.));
#15364=DIRECTION('',(1.,-7.89491928622332E-16,0.));
#15365=DIRECTION('center_axis',(0.,0.,1.));
#15366=DIRECTION('ref_axis',(-1.,0.,0.));
#15367=DIRECTION('',(0.,-1.,0.));
#15368=DIRECTION('center_axis',(0.,0.,-1.));
#15369=DIRECTION('ref_axis',(1.,0.,0.));
#15370=DIRECTION('',(1.,0.,0.));
#15371=DIRECTION('center_axis',(0.,0.,-1.));
#15372=DIRECTION('ref_axis',(0.,1.,0.));
#15373=DIRECTION('',(0.,1.,0.));
#15374=DIRECTION('center_axis',(0.,0.,-1.));
#15375=DIRECTION('ref_axis',(-1.,0.,0.));
#15376=DIRECTION('',(-1.,0.,0.));
#15377=DIRECTION('center_axis',(0.,0.,1.));
#15378=DIRECTION('ref_axis',(1.,0.,0.));
#15379=DIRECTION('',(0.,1.,0.));
#15380=DIRECTION('center_axis',(0.,0.,-1.));
#15381=DIRECTION('ref_axis',(-1.,0.,0.));
#15382=DIRECTION('',(-1.,0.,0.));
#15383=DIRECTION('center_axis',(0.,0.,-1.));
#15384=DIRECTION('ref_axis',(0.,-1.,0.));
#15385=DIRECTION('',(0.,-1.,0.));
#15386=DIRECTION('center_axis',(0.,0.,1.));
#15387=DIRECTION('ref_axis',(0.,1.,0.));
#15388=DIRECTION('',(-1.,0.,0.));
#15389=DIRECTION('center_axis',(0.,0.,-1.));
#15390=DIRECTION('ref_axis',(0.,1.,0.));
#15391=DIRECTION('',(0.,1.,0.));
#15392=DIRECTION('center_axis',(0.,0.,-1.));
#15393=DIRECTION('ref_axis',(-1.,0.,0.));
#15394=DIRECTION('',(-1.,0.,0.));
#15395=DIRECTION('center_axis',(0.,0.,-1.));
#15396=DIRECTION('ref_axis',(0.,-1.,0.));
#15397=DIRECTION('',(0.,-1.,0.));
#15398=DIRECTION('center_axis',(0.,0.,-1.));
#15399=DIRECTION('ref_axis',(1.,0.,0.));
#15400=DIRECTION('',(1.,0.,0.));
#15401=DIRECTION('center_axis',(0.,0.,-1.));
#15402=DIRECTION('ref_axis',(0.,1.,0.));
#15403=DIRECTION('',(0.,1.,0.));
#15404=DIRECTION('center_axis',(0.,0.,-1.));
#15405=DIRECTION('ref_axis',(-1.,0.,0.));
#15406=DIRECTION('',(-1.,0.,0.));
#15407=DIRECTION('center_axis',(0.,0.,-1.));
#15408=DIRECTION('ref_axis',(0.,-1.,0.));
#15409=DIRECTION('',(0.,-1.,0.));
#15410=DIRECTION('center_axis',(0.,0.,-1.));
#15411=DIRECTION('ref_axis',(1.,0.,0.));
#15412=DIRECTION('',(1.,0.,0.));
#15413=DIRECTION('center_axis',(0.,0.,-1.));
#15414=DIRECTION('ref_axis',(0.,1.,0.));
#15415=DIRECTION('',(0.,1.,0.));
#15416=DIRECTION('center_axis',(0.,0.,-1.));
#15417=DIRECTION('ref_axis',(-1.,0.,0.));
#15418=DIRECTION('',(-1.,0.,0.));
#15419=DIRECTION('center_axis',(0.,0.,-1.));
#15420=DIRECTION('ref_axis',(0.,-1.,0.));
#15421=DIRECTION('',(0.,-1.,0.));
#15422=DIRECTION('center_axis',(0.,0.,-1.));
#15423=DIRECTION('ref_axis',(1.,0.,0.));
#15424=DIRECTION('',(1.,0.,0.));
#15425=DIRECTION('center_axis',(0.,0.,-1.));
#15426=DIRECTION('ref_axis',(0.,1.,0.));
#15427=DIRECTION('',(0.,1.,0.));
#15428=DIRECTION('center_axis',(0.,0.,-1.));
#15429=DIRECTION('ref_axis',(-1.,0.,0.));
#15430=DIRECTION('',(-1.,0.,0.));
#15431=DIRECTION('center_axis',(0.,0.,-1.));
#15432=DIRECTION('ref_axis',(0.,-1.,0.));
#15433=DIRECTION('',(0.,-1.,0.));
#15434=DIRECTION('center_axis',(0.,0.,-1.));
#15435=DIRECTION('ref_axis',(1.,0.,0.));
#15436=DIRECTION('',(1.,0.,0.));
#15437=DIRECTION('center_axis',(0.,0.,-1.));
#15438=DIRECTION('ref_axis',(0.,1.,0.));
#15439=DIRECTION('',(0.,1.,0.));
#15440=DIRECTION('center_axis',(0.,0.,-1.));
#15441=DIRECTION('ref_axis',(-1.,0.,0.));
#15442=DIRECTION('',(-1.,0.,0.));
#15443=DIRECTION('center_axis',(0.,0.,-1.));
#15444=DIRECTION('ref_axis',(0.,-1.,0.));
#15445=DIRECTION('',(0.,-1.,0.));
#15446=DIRECTION('center_axis',(0.,0.,-1.));
#15447=DIRECTION('ref_axis',(1.,0.,0.));
#15448=DIRECTION('',(1.,0.,0.));
#15449=DIRECTION('center_axis',(0.,0.,-1.));
#15450=DIRECTION('ref_axis',(0.,1.,0.));
#15451=DIRECTION('',(0.,1.,0.));
#15452=DIRECTION('center_axis',(0.,0.,-1.));
#15453=DIRECTION('ref_axis',(-1.,0.,0.));
#15454=DIRECTION('',(-1.,0.,0.));
#15455=DIRECTION('center_axis',(0.,0.,-1.));
#15456=DIRECTION('ref_axis',(0.,-1.,0.));
#15457=DIRECTION('',(0.,-1.,0.));
#15458=DIRECTION('center_axis',(0.,0.,-1.));
#15459=DIRECTION('ref_axis',(1.,0.,0.));
#15460=DIRECTION('',(1.,0.,0.));
#15461=DIRECTION('center_axis',(0.,0.,-1.));
#15462=DIRECTION('ref_axis',(0.,1.,0.));
#15463=DIRECTION('',(0.,1.,0.));
#15464=DIRECTION('center_axis',(0.,0.,-1.));
#15465=DIRECTION('ref_axis',(-1.,0.,0.));
#15466=DIRECTION('',(-1.,0.,0.));
#15467=DIRECTION('center_axis',(0.,0.,-1.));
#15468=DIRECTION('ref_axis',(0.,-1.,0.));
#15469=DIRECTION('',(0.,-1.,0.));
#15470=DIRECTION('center_axis',(0.,0.,-1.));
#15471=DIRECTION('ref_axis',(1.,0.,0.));
#15472=DIRECTION('',(1.,0.,0.));
#15473=DIRECTION('center_axis',(0.,0.,-1.));
#15474=DIRECTION('ref_axis',(0.,1.,0.));
#15475=DIRECTION('',(0.,1.,0.));
#15476=DIRECTION('center_axis',(0.,0.,-1.));
#15477=DIRECTION('ref_axis',(-1.,0.,0.));
#15478=DIRECTION('',(-1.,0.,0.));
#15479=DIRECTION('center_axis',(0.,0.,-1.));
#15480=DIRECTION('ref_axis',(0.,-1.,0.));
#15481=DIRECTION('',(0.,-1.,0.));
#15482=DIRECTION('center_axis',(0.,0.,-1.));
#15483=DIRECTION('ref_axis',(1.,0.,0.));
#15484=DIRECTION('',(1.,0.,0.));
#15485=DIRECTION('center_axis',(0.,0.,-1.));
#15486=DIRECTION('ref_axis',(0.,1.,0.));
#15487=DIRECTION('',(0.,1.,0.));
#15488=DIRECTION('center_axis',(0.,0.,-1.));
#15489=DIRECTION('ref_axis',(-1.,0.,0.));
#15490=DIRECTION('',(-1.,0.,0.));
#15491=DIRECTION('center_axis',(0.,0.,-1.));
#15492=DIRECTION('ref_axis',(0.,-1.,0.));
#15493=DIRECTION('',(0.,-1.,0.));
#15494=DIRECTION('center_axis',(0.,0.,-1.));
#15495=DIRECTION('ref_axis',(1.,0.,0.));
#15496=DIRECTION('',(1.,0.,0.));
#15497=DIRECTION('center_axis',(0.,0.,-1.));
#15498=DIRECTION('ref_axis',(0.,1.,0.));
#15499=DIRECTION('',(0.,1.,0.));
#15500=DIRECTION('center_axis',(0.,0.,-1.));
#15501=DIRECTION('ref_axis',(-1.,0.,0.));
#15502=DIRECTION('',(-1.,0.,0.));
#15503=DIRECTION('center_axis',(0.,0.,-1.));
#15504=DIRECTION('ref_axis',(0.,-1.,0.));
#15505=DIRECTION('',(0.,-1.,0.));
#15506=DIRECTION('center_axis',(0.,0.,-1.));
#15507=DIRECTION('ref_axis',(1.,0.,0.));
#15508=DIRECTION('',(1.,0.,0.));
#15509=DIRECTION('center_axis',(0.,0.,-1.));
#15510=DIRECTION('ref_axis',(0.,1.,0.));
#15511=DIRECTION('',(0.,1.,0.));
#15512=DIRECTION('center_axis',(0.,0.,-1.));
#15513=DIRECTION('ref_axis',(-1.,0.,0.));
#15514=DIRECTION('',(-1.,0.,0.));
#15515=DIRECTION('center_axis',(0.,0.,-1.));
#15516=DIRECTION('ref_axis',(0.,-1.,0.));
#15517=DIRECTION('',(0.,-1.,0.));
#15518=DIRECTION('center_axis',(0.,0.,-1.));
#15519=DIRECTION('ref_axis',(1.,0.,0.));
#15520=DIRECTION('',(1.,0.,0.));
#15521=DIRECTION('center_axis',(0.,0.,-1.));
#15522=DIRECTION('ref_axis',(-0.707106781186548,-0.707106781186548,0.));
#15523=DIRECTION('',(0.,0.,1.));
#15524=DIRECTION('',(0.,0.,-1.));
#15525=DIRECTION('center_axis',(-1.,0.,0.));
#15526=DIRECTION('ref_axis',(0.,-1.,0.));
#15527=DIRECTION('',(0.,0.,1.));
#15528=DIRECTION('center_axis',(0.,0.,1.));
#15529=DIRECTION('ref_axis',(0.707106781186548,-0.707106781186548,0.));
#15530=DIRECTION('',(0.,0.,-1.));
#15531=DIRECTION('',(0.,0.,1.));
#15532=DIRECTION('center_axis',(1.,0.,0.));
#15533=DIRECTION('ref_axis',(0.,1.,0.));
#15534=DIRECTION('',(0.,0.,-1.));
#15535=DIRECTION('center_axis',(0.,0.,-1.));
#15536=DIRECTION('ref_axis',(-0.707106781186548,-0.707106781186548,0.));
#15537=DIRECTION('',(0.,0.,1.));
#15538=DIRECTION('',(0.,0.,-1.));
#15539=DIRECTION('center_axis',(-1.,0.,0.));
#15540=DIRECTION('ref_axis',(0.,-1.,0.));
#15541=DIRECTION('',(0.,0.,1.));
#15542=DIRECTION('center_axis',(0.,0.,1.));
#15543=DIRECTION('ref_axis',(0.707106781186541,-0.707106781186554,0.));
#15544=DIRECTION('',(0.,0.,-1.));
#15545=DIRECTION('',(0.,0.,1.));
#15546=DIRECTION('center_axis',(1.,0.,0.));
#15547=DIRECTION('ref_axis',(0.,1.,0.));
#15548=DIRECTION('',(0.,0.,-1.));
#15549=DIRECTION('center_axis',(0.,0.,-1.));
#15550=DIRECTION('ref_axis',(-0.707106781186541,-0.707106781186554,0.));
#15551=DIRECTION('',(0.,0.,1.));
#15552=DIRECTION('',(0.,0.,-1.));
#15553=DIRECTION('center_axis',(-1.,0.,0.));
#15554=DIRECTION('ref_axis',(0.,-1.,0.));
#15555=DIRECTION('',(0.,0.,1.));
#15556=DIRECTION('center_axis',(0.,0.,1.));
#15557=DIRECTION('ref_axis',(0.707106781186541,-0.707106781186554,0.));
#15558=DIRECTION('',(0.,0.,-1.));
#15559=DIRECTION('',(0.,0.,1.));
#15560=DIRECTION('center_axis',(1.,0.,0.));
#15561=DIRECTION('ref_axis',(0.,1.,0.));
#15562=DIRECTION('',(0.,0.,-1.));
#15563=DIRECTION('center_axis',(0.,0.,-1.));
#15564=DIRECTION('ref_axis',(-0.707106781186541,-0.707106781186554,0.));
#15565=DIRECTION('',(0.,0.,1.));
#15566=DIRECTION('',(0.,0.,-1.));
#15567=DIRECTION('center_axis',(-1.,0.,0.));
#15568=DIRECTION('ref_axis',(0.,-1.,0.));
#15569=DIRECTION('',(0.,0.,1.));
#15570=DIRECTION('center_axis',(0.,0.,1.));
#15571=DIRECTION('ref_axis',(-0.707106781186548,0.707106781186547,0.));
#15572=DIRECTION('',(0.,0.,-1.));
#15573=DIRECTION('',(0.,0.,1.));
#15574=DIRECTION('center_axis',(-1.,0.,0.));
#15575=DIRECTION('ref_axis',(0.,-1.,0.));
#15576=DIRECTION('',(0.,0.,-1.));
#15577=DIRECTION('center_axis',(0.,0.,-1.));
#15578=DIRECTION('ref_axis',(0.707106781186549,0.707106781186546,0.));
#15579=DIRECTION('',(0.,0.,1.));
#15580=DIRECTION('',(0.,0.,-1.));
#15581=DIRECTION('center_axis',(1.,0.,0.));
#15582=DIRECTION('ref_axis',(0.,1.,0.));
#15583=DIRECTION('',(0.,0.,1.));
#15584=DIRECTION('center_axis',(0.,0.,1.));
#15585=DIRECTION('ref_axis',(-0.707106781186553,0.707106781186542,0.));
#15586=DIRECTION('',(0.,0.,-1.));
#15587=DIRECTION('',(0.,0.,1.));
#15588=DIRECTION('center_axis',(-1.,0.,0.));
#15589=DIRECTION('ref_axis',(0.,-1.,0.));
#15590=DIRECTION('',(0.,0.,-1.));
#15591=DIRECTION('center_axis',(0.,0.,-1.));
#15592=DIRECTION('ref_axis',(0.707106781186553,0.707106781186542,0.));
#15593=DIRECTION('',(0.,0.,1.));
#15594=DIRECTION('',(0.,0.,-1.));
#15595=DIRECTION('center_axis',(1.,0.,0.));
#15596=DIRECTION('ref_axis',(0.,1.,0.));
#15597=DIRECTION('',(0.,0.,1.));
#15598=DIRECTION('center_axis',(0.,1.,0.));
#15599=DIRECTION('ref_axis',(0.,0.,1.));
#15600=DIRECTION('',(0.,0.,1.));
#15601=DIRECTION('center_axis',(0.,1.,0.));
#15602=DIRECTION('ref_axis',(0.,0.,1.));
#15603=DIRECTION('',(0.,0.,-1.));
#15604=DIRECTION('center_axis',(1.,0.,0.));
#15605=DIRECTION('ref_axis',(0.,0.,1.));
#15606=DIRECTION('',(0.,0.,-1.));
#15607=DIRECTION('',(0.,0.,1.));
#15608=DIRECTION('center_axis',(0.,-1.,0.));
#15609=DIRECTION('ref_axis',(0.,0.,-1.));
#15610=DIRECTION('center_axis',(1.,0.,0.));
#15611=DIRECTION('ref_axis',(0.,0.,1.));
#15612=DIRECTION('',(0.,0.,-1.));
#15613=DIRECTION('',(0.,0.,1.));
#15614=DIRECTION('center_axis',(0.,-1.,0.));
#15615=DIRECTION('ref_axis',(0.,0.,-1.));
#15616=DIRECTION('center_axis',(1.,0.,0.));
#15617=DIRECTION('ref_axis',(0.,0.,1.));
#15618=DIRECTION('',(0.,0.,-1.));
#15619=DIRECTION('',(0.,0.,1.));
#15620=DIRECTION('center_axis',(0.,-1.,0.));
#15621=DIRECTION('ref_axis',(0.,0.,-1.));
#15622=DIRECTION('center_axis',(-1.,0.,0.));
#15623=DIRECTION('ref_axis',(0.,0.,-1.));
#15624=DIRECTION('',(0.,0.,1.));
#15625=DIRECTION('',(0.,0.,-1.));
#15626=DIRECTION('center_axis',(0.,-1.,0.));
#15627=DIRECTION('ref_axis',(0.,0.,-1.));
#15628=DIRECTION('center_axis',(1.,0.,0.));
#15629=DIRECTION('ref_axis',(0.,0.,1.));
#15630=DIRECTION('',(0.,0.,-1.));
#15631=DIRECTION('',(0.,0.,1.));
#15632=DIRECTION('center_axis',(0.,-1.,0.));
#15633=DIRECTION('ref_axis',(0.,0.,-1.));
#15634=DIRECTION('center_axis',(-1.,0.,0.));
#15635=DIRECTION('ref_axis',(0.,0.,-1.));
#15636=DIRECTION('',(0.,0.,1.));
#15637=DIRECTION('',(0.,0.,-1.));
#15638=DIRECTION('center_axis',(0.,-1.,0.));
#15639=DIRECTION('ref_axis',(0.,0.,-1.));
#15640=DIRECTION('center_axis',(-1.,0.,0.));
#15641=DIRECTION('ref_axis',(0.,0.,-1.));
#15642=DIRECTION('',(0.,0.,1.));
#15643=DIRECTION('',(0.,0.,-1.));
#15644=DIRECTION('center_axis',(0.,-1.,0.));
#15645=DIRECTION('ref_axis',(0.,0.,-1.));
#15646=DIRECTION('center_axis',(-1.,0.,0.));
#15647=DIRECTION('ref_axis',(0.,0.,-1.));
#15648=DIRECTION('',(0.,0.,1.));
#15649=DIRECTION('',(0.,0.,-1.));
#15650=DIRECTION('center_axis',(0.,-1.,0.));
#15651=DIRECTION('ref_axis',(0.,0.,-1.));
#15652=DIRECTION('center_axis',(1.,0.,0.));
#15653=DIRECTION('ref_axis',(0.,0.,-1.));
#15654=DIRECTION('',(0.,0.,1.));
#15655=DIRECTION('',(0.,0.,-1.));
#15656=DIRECTION('center_axis',(0.,1.,0.));
#15657=DIRECTION('ref_axis',(0.,0.,1.));
#15658=DIRECTION('center_axis',(1.,0.,0.));
#15659=DIRECTION('ref_axis',(0.,0.,-1.));
#15660=DIRECTION('',(0.,0.,1.));
#15661=DIRECTION('',(0.,0.,-1.));
#15662=DIRECTION('center_axis',(0.,1.,0.));
#15663=DIRECTION('ref_axis',(0.,0.,1.));
#15664=DIRECTION('center_axis',(-1.,0.,0.));
#15665=DIRECTION('ref_axis',(0.,0.,1.));
#15666=DIRECTION('',(0.,0.,-1.));
#15667=DIRECTION('',(0.,0.,1.));
#15668=DIRECTION('center_axis',(0.,1.,0.));
#15669=DIRECTION('ref_axis',(0.,0.,1.));
#15670=DIRECTION('center_axis',(-1.,0.,0.));
#15671=DIRECTION('ref_axis',(0.,0.,1.));
#15672=DIRECTION('',(0.,0.,-1.));
#15673=DIRECTION('',(0.,0.,1.));
#15674=DIRECTION('center_axis',(0.,1.,0.));
#15675=DIRECTION('ref_axis',(0.,0.,1.));
#15676=DIRECTION('center_axis',(1.,0.,0.));
#15677=DIRECTION('ref_axis',(0.,0.,-1.));
#15678=DIRECTION('',(0.,0.,1.));
#15679=DIRECTION('center_axis',(1.,0.,0.));
#15680=DIRECTION('ref_axis',(0.,0.,-1.));
#15681=DIRECTION('',(0.,0.,1.));
#15682=DIRECTION('',(0.,0.,-1.));
#15683=DIRECTION('center_axis',(0.,1.,0.));
#15684=DIRECTION('ref_axis',(0.,0.,1.));
#15685=DIRECTION('center_axis',(-1.,0.,0.));
#15686=DIRECTION('ref_axis',(0.,0.,1.));
#15687=DIRECTION('',(0.,0.,-1.));
#15688=DIRECTION('',(0.,0.,1.));
#15689=DIRECTION('center_axis',(0.,1.,0.));
#15690=DIRECTION('ref_axis',(0.,0.,1.));
#15691=DIRECTION('center_axis',(-1.,0.,0.));
#15692=DIRECTION('ref_axis',(0.,0.,1.));
#15693=DIRECTION('',(0.,0.,-1.));
#15694=DIRECTION('center_axis',(0.,0.,1.));
#15695=DIRECTION('ref_axis',(1.,0.,0.));
#15696=DIRECTION('center_axis',(0.,0.,1.));
#15697=DIRECTION('ref_axis',(-0.707106781186547,0.707106781186547,0.));
#15698=DIRECTION('',(0.,0.,1.));
#15699=DIRECTION('center_axis',(0.,-1.,0.));
#15700=DIRECTION('ref_axis',(1.,0.,0.));
#15701=DIRECTION('',(0.,0.,1.));
#15702=DIRECTION('center_axis',(0.,0.,1.));
#15703=DIRECTION('ref_axis',(-0.707106781186547,0.707106781186547,0.));
#15704=DIRECTION('',(0.,0.,1.));
#15705=DIRECTION('center_axis',(0.,-1.,0.));
#15706=DIRECTION('ref_axis',(1.,0.,0.));
#15707=DIRECTION('',(0.,0.,-1.));
#15708=DIRECTION('center_axis',(0.,0.,-1.));
#15709=DIRECTION('ref_axis',(0.707106781186547,0.707106781186547,0.));
#15710=DIRECTION('center_axis',(0.,0.,1.));
#15711=DIRECTION('ref_axis',(-0.707106781186552,0.707106781186543,0.));
#15712=DIRECTION('',(0.,0.,1.));
#15713=DIRECTION('center_axis',(0.,-1.,0.));
#15714=DIRECTION('ref_axis',(1.,0.,0.));
#15715=DIRECTION('',(0.,0.,-1.));
#15716=DIRECTION('center_axis',(0.,0.,-1.));
#15717=DIRECTION('ref_axis',(0.707106781186547,0.707106781186547,0.));
#15718=DIRECTION('center_axis',(0.,0.,-1.));
#15719=DIRECTION('ref_axis',(0.707106781186551,0.707106781186544,0.));
#15720=DIRECTION('',(0.,0.,-1.));
#15721=DIRECTION('center_axis',(0.,-1.,0.));
#15722=DIRECTION('ref_axis',(1.,0.,0.));
#15723=DIRECTION('',(0.,0.,1.));
#15724=DIRECTION('center_axis',(0.,0.,-1.));
#15725=DIRECTION('ref_axis',(-0.707106781186552,0.707106781186543,0.));
#15726=DIRECTION('',(0.,0.,1.));
#15727=DIRECTION('center_axis',(0.,0.,-1.));
#15728=DIRECTION('ref_axis',(0.707106781186552,0.707106781186543,0.));
#15729=DIRECTION('',(0.,0.,-1.));
#15730=DIRECTION('center_axis',(0.,-1.,0.));
#15731=DIRECTION('ref_axis',(1.,0.,0.));
#15732=DIRECTION('center_axis',(0.,0.,1.));
#15733=DIRECTION('ref_axis',(0.707106781186547,-0.707106781186548,0.));
#15734=DIRECTION('',(0.,0.,1.));
#15735=DIRECTION('center_axis',(-2.59513396228053E-17,1.,0.));
#15736=DIRECTION('ref_axis',(-1.,-2.59513396228053E-17,0.));
#15737=DIRECTION('',(0.,0.,1.));
#15738=DIRECTION('center_axis',(0.,0.,-1.));
#15739=DIRECTION('ref_axis',(-0.707106781186544,-0.707106781186551,0.));
#15740=DIRECTION('',(0.,0.,-1.));
#15741=DIRECTION('center_axis',(-2.59513396228053E-17,1.,0.));
#15742=DIRECTION('ref_axis',(-1.,-2.59513396228053E-17,0.));
#15743=DIRECTION('',(0.,0.,1.));
#15744=DIRECTION('center_axis',(0.,0.,-1.));
#15745=DIRECTION('ref_axis',(-0.707106781186548,-0.707106781186547,0.));
#15746=DIRECTION('',(0.,0.,-1.));
#15747=DIRECTION('center_axis',(-2.59513396228053E-17,1.,0.));
#15748=DIRECTION('ref_axis',(-1.,-2.59513396228053E-17,0.));
#15749=DIRECTION('',(0.,0.,1.));
#15750=DIRECTION('center_axis',(0.,0.,-1.));
#15751=DIRECTION('ref_axis',(0.707106781186544,-0.707106781186551,0.));
#15752=DIRECTION('center_axis',(0.,0.,1.));
#15753=DIRECTION('ref_axis',(1.,0.,0.));
#15754=DIRECTION('center_axis',(0.,0.,1.));
#15755=DIRECTION('ref_axis',(1.,0.,0.));
#15756=DIRECTION('center_axis',(0.,0.,1.));
#15757=DIRECTION('ref_axis',(1.,0.,0.));
#15758=DIRECTION('center_axis',(0.,0.,1.));
#15759=DIRECTION('ref_axis',(1.,0.,0.));
#15760=DIRECTION('center_axis',(0.,0.,1.));
#15761=DIRECTION('ref_axis',(1.,0.,0.));
#15762=DIRECTION('center_axis',(0.,1.,0.));
#15763=DIRECTION('ref_axis',(-1.,0.,0.));
#15764=DIRECTION('',(0.,0.,1.));
#15765=DIRECTION('center_axis',(0.,0.,1.));
#15766=DIRECTION('ref_axis',(1.,0.,0.));
#15767=DIRECTION('center_axis',(0.,0.,1.));
#15768=DIRECTION('ref_axis',(1.,0.,0.));
#15769=DIRECTION('center_axis',(0.,0.,1.));
#15770=DIRECTION('ref_axis',(-0.707106781186543,-0.707106781186553,0.));
#15771=DIRECTION('',(0.,0.,-1.));
#15772=DIRECTION('center_axis',(1.,0.,0.));
#15773=DIRECTION('ref_axis',(0.,1.,0.));
#15774=DIRECTION('',(0.,0.,1.));
#15775=DIRECTION('',(0.,0.,1.));
#15776=DIRECTION('center_axis',(0.,0.,1.));
#15777=DIRECTION('ref_axis',(-1.,0.,0.));
#15778=DIRECTION('',(0.,0.,1.));
#15779=DIRECTION('center_axis',(0.,1.,0.));
#15780=DIRECTION('ref_axis',(-1.,0.,0.));
#15781=DIRECTION('',(0.,0.,1.));
#15782=DIRECTION('center_axis',(0.,0.,1.));
#15783=DIRECTION('ref_axis',(0.,-1.,0.));
#15784=DIRECTION('',(0.,0.,1.));
#15785=DIRECTION('center_axis',(-1.,0.,0.));
#15786=DIRECTION('ref_axis',(0.,-1.,0.));
#15787=DIRECTION('',(0.,0.,1.));
#15788=DIRECTION('center_axis',(0.,0.,1.));
#15789=DIRECTION('ref_axis',(1.,0.,0.));
#15790=DIRECTION('',(0.,0.,1.));
#15791=DIRECTION('center_axis',(0.,-1.,0.));
#15792=DIRECTION('ref_axis',(1.,0.,0.));
#15793=DIRECTION('',(0.,0.,1.));
#15794=DIRECTION('center_axis',(0.,0.,1.));
#15795=DIRECTION('ref_axis',(0.,1.,0.));
#15796=DIRECTION('center_axis',(1.,0.,0.));
#15797=DIRECTION('ref_axis',(0.,1.,0.));
#15798=DIRECTION('',(0.,0.,1.));
#15799=DIRECTION('',(0.,0.,1.));
#15800=DIRECTION('center_axis',(0.,0.,1.));
#15801=DIRECTION('ref_axis',(-1.,0.,0.));
#15802=DIRECTION('',(0.,0.,1.));
#15803=DIRECTION('center_axis',(0.,1.,0.));
#15804=DIRECTION('ref_axis',(-1.,0.,0.));
#15805=DIRECTION('',(0.,0.,1.));
#15806=DIRECTION('center_axis',(0.,0.,1.));
#15807=DIRECTION('ref_axis',(0.,-1.,0.));
#15808=DIRECTION('',(0.,0.,1.));
#15809=DIRECTION('center_axis',(-1.,0.,0.));
#15810=DIRECTION('ref_axis',(0.,-1.,0.));
#15811=DIRECTION('',(0.,0.,1.));
#15812=DIRECTION('center_axis',(0.,0.,1.));
#15813=DIRECTION('ref_axis',(1.,0.,0.));
#15814=DIRECTION('',(0.,0.,1.));
#15815=DIRECTION('center_axis',(0.,-1.,0.));
#15816=DIRECTION('ref_axis',(1.,0.,0.));
#15817=DIRECTION('',(0.,0.,1.));
#15818=DIRECTION('center_axis',(0.,0.,1.));
#15819=DIRECTION('ref_axis',(0.,1.,0.));
#15820=DIRECTION('center_axis',(1.,0.,0.));
#15821=DIRECTION('ref_axis',(0.,1.,0.));
#15822=DIRECTION('',(0.,0.,1.));
#15823=DIRECTION('',(0.,0.,1.));
#15824=DIRECTION('center_axis',(0.,0.,1.));
#15825=DIRECTION('ref_axis',(-1.,0.,0.));
#15826=DIRECTION('',(0.,0.,1.));
#15827=DIRECTION('center_axis',(0.,1.,0.));
#15828=DIRECTION('ref_axis',(-1.,0.,0.));
#15829=DIRECTION('',(0.,0.,1.));
#15830=DIRECTION('center_axis',(0.,0.,1.));
#15831=DIRECTION('ref_axis',(0.,-1.,0.));
#15832=DIRECTION('',(0.,0.,1.));
#15833=DIRECTION('center_axis',(-1.,0.,0.));
#15834=DIRECTION('ref_axis',(0.,-1.,0.));
#15835=DIRECTION('',(0.,0.,1.));
#15836=DIRECTION('center_axis',(0.,0.,1.));
#15837=DIRECTION('ref_axis',(1.,0.,0.));
#15838=DIRECTION('',(0.,0.,1.));
#15839=DIRECTION('center_axis',(0.,-1.,0.));
#15840=DIRECTION('ref_axis',(1.,0.,0.));
#15841=DIRECTION('',(0.,0.,1.));
#15842=DIRECTION('center_axis',(0.,0.,1.));
#15843=DIRECTION('ref_axis',(0.,1.,0.));
#15844=DIRECTION('center_axis',(1.,0.,0.));
#15845=DIRECTION('ref_axis',(0.,1.,0.));
#15846=DIRECTION('',(0.,0.,1.));
#15847=DIRECTION('',(0.,0.,1.));
#15848=DIRECTION('center_axis',(0.,0.,1.));
#15849=DIRECTION('ref_axis',(-1.,0.,0.));
#15850=DIRECTION('',(0.,0.,1.));
#15851=DIRECTION('center_axis',(0.,1.,0.));
#15852=DIRECTION('ref_axis',(-1.,0.,0.));
#15853=DIRECTION('',(0.,0.,1.));
#15854=DIRECTION('center_axis',(0.,0.,1.));
#15855=DIRECTION('ref_axis',(0.,-1.,0.));
#15856=DIRECTION('',(0.,0.,1.));
#15857=DIRECTION('center_axis',(-1.,0.,0.));
#15858=DIRECTION('ref_axis',(0.,-1.,0.));
#15859=DIRECTION('',(0.,0.,1.));
#15860=DIRECTION('center_axis',(0.,0.,1.));
#15861=DIRECTION('ref_axis',(1.,0.,0.));
#15862=DIRECTION('',(0.,0.,1.));
#15863=DIRECTION('center_axis',(0.,-1.,0.));
#15864=DIRECTION('ref_axis',(1.,0.,0.));
#15865=DIRECTION('',(0.,0.,1.));
#15866=DIRECTION('center_axis',(0.,0.,1.));
#15867=DIRECTION('ref_axis',(0.,1.,0.));
#15868=DIRECTION('center_axis',(1.,0.,0.));
#15869=DIRECTION('ref_axis',(0.,1.,0.));
#15870=DIRECTION('',(0.,0.,1.));
#15871=DIRECTION('',(0.,0.,1.));
#15872=DIRECTION('center_axis',(0.,0.,1.));
#15873=DIRECTION('ref_axis',(-1.,0.,0.));
#15874=DIRECTION('',(0.,0.,1.));
#15875=DIRECTION('center_axis',(0.,1.,0.));
#15876=DIRECTION('ref_axis',(-1.,0.,0.));
#15877=DIRECTION('',(0.,0.,1.));
#15878=DIRECTION('center_axis',(0.,0.,1.));
#15879=DIRECTION('ref_axis',(0.,-1.,0.));
#15880=DIRECTION('',(0.,0.,1.));
#15881=DIRECTION('center_axis',(-1.,0.,0.));
#15882=DIRECTION('ref_axis',(0.,-1.,0.));
#15883=DIRECTION('',(0.,0.,1.));
#15884=DIRECTION('center_axis',(0.,0.,1.));
#15885=DIRECTION('ref_axis',(1.,0.,0.));
#15886=DIRECTION('',(0.,0.,1.));
#15887=DIRECTION('center_axis',(0.,-1.,0.));
#15888=DIRECTION('ref_axis',(1.,0.,0.));
#15889=DIRECTION('',(0.,0.,1.));
#15890=DIRECTION('center_axis',(0.,0.,1.));
#15891=DIRECTION('ref_axis',(0.,1.,0.));
#15892=DIRECTION('center_axis',(1.,0.,0.));
#15893=DIRECTION('ref_axis',(0.,1.,0.));
#15894=DIRECTION('',(0.,0.,1.));
#15895=DIRECTION('',(0.,0.,1.));
#15896=DIRECTION('center_axis',(0.,0.,1.));
#15897=DIRECTION('ref_axis',(-1.,0.,0.));
#15898=DIRECTION('',(0.,0.,1.));
#15899=DIRECTION('center_axis',(0.,1.,0.));
#15900=DIRECTION('ref_axis',(-1.,0.,0.));
#15901=DIRECTION('',(0.,0.,1.));
#15902=DIRECTION('center_axis',(0.,0.,1.));
#15903=DIRECTION('ref_axis',(0.,-1.,0.));
#15904=DIRECTION('',(0.,0.,1.));
#15905=DIRECTION('center_axis',(-1.,0.,0.));
#15906=DIRECTION('ref_axis',(0.,-1.,0.));
#15907=DIRECTION('',(0.,0.,1.));
#15908=DIRECTION('center_axis',(0.,0.,1.));
#15909=DIRECTION('ref_axis',(1.,0.,0.));
#15910=DIRECTION('',(0.,0.,1.));
#15911=DIRECTION('center_axis',(0.,-1.,0.));
#15912=DIRECTION('ref_axis',(1.,0.,0.));
#15913=DIRECTION('',(0.,0.,1.));
#15914=DIRECTION('center_axis',(0.,0.,1.));
#15915=DIRECTION('ref_axis',(0.,1.,0.));
#15916=DIRECTION('center_axis',(1.,0.,0.));
#15917=DIRECTION('ref_axis',(0.,1.,0.));
#15918=DIRECTION('',(0.,0.,1.));
#15919=DIRECTION('',(0.,0.,1.));
#15920=DIRECTION('center_axis',(0.,0.,1.));
#15921=DIRECTION('ref_axis',(-1.,0.,0.));
#15922=DIRECTION('',(0.,0.,1.));
#15923=DIRECTION('center_axis',(0.,1.,0.));
#15924=DIRECTION('ref_axis',(-1.,0.,0.));
#15925=DIRECTION('',(0.,0.,1.));
#15926=DIRECTION('center_axis',(0.,0.,1.));
#15927=DIRECTION('ref_axis',(0.,-1.,0.));
#15928=DIRECTION('',(0.,0.,1.));
#15929=DIRECTION('center_axis',(-1.,0.,0.));
#15930=DIRECTION('ref_axis',(0.,-1.,0.));
#15931=DIRECTION('',(0.,0.,1.));
#15932=DIRECTION('center_axis',(0.,0.,1.));
#15933=DIRECTION('ref_axis',(1.,0.,0.));
#15934=DIRECTION('',(0.,0.,1.));
#15935=DIRECTION('center_axis',(0.,-1.,0.));
#15936=DIRECTION('ref_axis',(1.,0.,0.));
#15937=DIRECTION('',(0.,0.,1.));
#15938=DIRECTION('center_axis',(0.,0.,1.));
#15939=DIRECTION('ref_axis',(0.,1.,0.));
#15940=DIRECTION('center_axis',(1.,0.,0.));
#15941=DIRECTION('ref_axis',(0.,1.,0.));
#15942=DIRECTION('',(0.,0.,1.));
#15943=DIRECTION('',(0.,0.,1.));
#15944=DIRECTION('center_axis',(0.,0.,1.));
#15945=DIRECTION('ref_axis',(-1.,0.,0.));
#15946=DIRECTION('',(0.,0.,1.));
#15947=DIRECTION('center_axis',(0.,1.,0.));
#15948=DIRECTION('ref_axis',(-1.,0.,0.));
#15949=DIRECTION('',(0.,0.,1.));
#15950=DIRECTION('center_axis',(0.,0.,1.));
#15951=DIRECTION('ref_axis',(0.,-1.,0.));
#15952=DIRECTION('',(0.,0.,1.));
#15953=DIRECTION('center_axis',(-1.,0.,0.));
#15954=DIRECTION('ref_axis',(0.,-1.,0.));
#15955=DIRECTION('',(0.,0.,1.));
#15956=DIRECTION('center_axis',(0.,0.,1.));
#15957=DIRECTION('ref_axis',(1.,0.,0.));
#15958=DIRECTION('',(0.,0.,1.));
#15959=DIRECTION('center_axis',(0.,-1.,0.));
#15960=DIRECTION('ref_axis',(1.,0.,0.));
#15961=DIRECTION('',(0.,0.,1.));
#15962=DIRECTION('center_axis',(0.,0.,1.));
#15963=DIRECTION('ref_axis',(0.,1.,0.));
#15964=DIRECTION('center_axis',(1.,0.,0.));
#15965=DIRECTION('ref_axis',(0.,1.,0.));
#15966=DIRECTION('',(0.,0.,1.));
#15967=DIRECTION('',(0.,0.,1.));
#15968=DIRECTION('center_axis',(0.,0.,1.));
#15969=DIRECTION('ref_axis',(-1.,0.,0.));
#15970=DIRECTION('',(0.,0.,1.));
#15971=DIRECTION('center_axis',(0.,1.,0.));
#15972=DIRECTION('ref_axis',(-1.,0.,0.));
#15973=DIRECTION('',(0.,0.,1.));
#15974=DIRECTION('center_axis',(0.,0.,1.));
#15975=DIRECTION('ref_axis',(0.,-1.,0.));
#15976=DIRECTION('',(0.,0.,1.));
#15977=DIRECTION('center_axis',(-1.,0.,0.));
#15978=DIRECTION('ref_axis',(0.,-1.,0.));
#15979=DIRECTION('',(0.,0.,1.));
#15980=DIRECTION('center_axis',(0.,0.,1.));
#15981=DIRECTION('ref_axis',(1.,0.,0.));
#15982=DIRECTION('',(0.,0.,1.));
#15983=DIRECTION('center_axis',(0.,-1.,0.));
#15984=DIRECTION('ref_axis',(1.,0.,0.));
#15985=DIRECTION('',(0.,0.,1.));
#15986=DIRECTION('center_axis',(0.,0.,1.));
#15987=DIRECTION('ref_axis',(0.,1.,0.));
#15988=DIRECTION('center_axis',(1.,0.,0.));
#15989=DIRECTION('ref_axis',(0.,1.,0.));
#15990=DIRECTION('',(0.,0.,1.));
#15991=DIRECTION('',(0.,0.,1.));
#15992=DIRECTION('center_axis',(0.,0.,1.));
#15993=DIRECTION('ref_axis',(-1.,0.,0.));
#15994=DIRECTION('',(0.,0.,1.));
#15995=DIRECTION('center_axis',(0.,1.,0.));
#15996=DIRECTION('ref_axis',(-1.,0.,0.));
#15997=DIRECTION('',(0.,0.,1.));
#15998=DIRECTION('center_axis',(0.,0.,1.));
#15999=DIRECTION('ref_axis',(0.,-1.,0.));
#16000=DIRECTION('',(0.,0.,1.));
#16001=DIRECTION('center_axis',(-1.,0.,0.));
#16002=DIRECTION('ref_axis',(0.,-1.,0.));
#16003=DIRECTION('',(0.,0.,1.));
#16004=DIRECTION('center_axis',(0.,0.,1.));
#16005=DIRECTION('ref_axis',(1.,0.,0.));
#16006=DIRECTION('',(0.,0.,1.));
#16007=DIRECTION('center_axis',(0.,-1.,0.));
#16008=DIRECTION('ref_axis',(1.,0.,0.));
#16009=DIRECTION('',(0.,0.,1.));
#16010=DIRECTION('center_axis',(0.,0.,1.));
#16011=DIRECTION('ref_axis',(0.,1.,0.));
#16012=DIRECTION('center_axis',(1.,0.,0.));
#16013=DIRECTION('ref_axis',(0.,1.,0.));
#16014=DIRECTION('',(0.,0.,1.));
#16015=DIRECTION('',(0.,0.,1.));
#16016=DIRECTION('center_axis',(0.,0.,1.));
#16017=DIRECTION('ref_axis',(-1.,0.,0.));
#16018=DIRECTION('',(0.,0.,1.));
#16019=DIRECTION('center_axis',(0.,1.,0.));
#16020=DIRECTION('ref_axis',(-1.,0.,0.));
#16021=DIRECTION('',(0.,0.,1.));
#16022=DIRECTION('center_axis',(0.,0.,1.));
#16023=DIRECTION('ref_axis',(0.,-1.,0.));
#16024=DIRECTION('',(0.,0.,1.));
#16025=DIRECTION('center_axis',(-1.,0.,0.));
#16026=DIRECTION('ref_axis',(0.,-1.,0.));
#16027=DIRECTION('',(0.,0.,1.));
#16028=DIRECTION('center_axis',(0.,0.,1.));
#16029=DIRECTION('ref_axis',(1.,0.,0.));
#16030=DIRECTION('',(0.,0.,1.));
#16031=DIRECTION('center_axis',(0.,-1.,0.));
#16032=DIRECTION('ref_axis',(1.,0.,0.));
#16033=DIRECTION('',(0.,0.,1.));
#16034=DIRECTION('center_axis',(0.,0.,1.));
#16035=DIRECTION('ref_axis',(0.,1.,0.));
#16036=DIRECTION('center_axis',(-1.,0.,0.));
#16037=DIRECTION('ref_axis',(0.,-1.,0.));
#16038=DIRECTION('',(0.,0.,1.));
#16039=DIRECTION('',(0.,0.,1.));
#16040=DIRECTION('center_axis',(0.,0.,1.));
#16041=DIRECTION('ref_axis',(1.,0.,0.));
#16042=DIRECTION('',(0.,0.,1.));
#16043=DIRECTION('center_axis',(0.,-1.,0.));
#16044=DIRECTION('ref_axis',(1.,0.,0.));
#16045=DIRECTION('',(0.,0.,1.));
#16046=DIRECTION('center_axis',(0.,0.,1.));
#16047=DIRECTION('ref_axis',(0.,1.,0.));
#16048=DIRECTION('',(0.,0.,1.));
#16049=DIRECTION('center_axis',(1.,1.61486985400024E-14,0.));
#16050=DIRECTION('ref_axis',(-1.61486985400024E-14,1.,0.));
#16051=DIRECTION('',(0.,0.,1.));
#16052=DIRECTION('center_axis',(0.,0.,1.));
#16053=DIRECTION('ref_axis',(0.,-1.,0.));
#16054=DIRECTION('',(0.,0.,1.));
#16055=DIRECTION('center_axis',(-7.89491928622332E-16,-1.,0.));
#16056=DIRECTION('ref_axis',(1.,-7.89491928622332E-16,0.));
#16057=DIRECTION('',(0.,0.,1.));
#16058=DIRECTION('center_axis',(0.,0.,1.));
#16059=DIRECTION('ref_axis',(-1.,0.,0.));
#16060=DIRECTION('',(0.,0.,1.));
#16061=DIRECTION('center_axis',(-1.,0.,0.));
#16062=DIRECTION('ref_axis',(0.,-1.,0.));
#16063=DIRECTION('',(0.,0.,1.));
#16064=DIRECTION('center_axis',(0.,0.,1.));
#16065=DIRECTION('ref_axis',(1.,0.,0.));
#16066=DIRECTION('',(0.,0.,1.));
#16067=DIRECTION('center_axis',(0.,-1.,0.));
#16068=DIRECTION('ref_axis',(1.,0.,0.));
#16069=DIRECTION('',(0.,0.,1.));
#16070=DIRECTION('center_axis',(0.,0.,1.));
#16071=DIRECTION('ref_axis',(0.,1.,0.));
#16072=DIRECTION('',(0.,0.,1.));
#16073=DIRECTION('center_axis',(1.,0.,0.));
#16074=DIRECTION('ref_axis',(0.,1.,0.));
#16075=DIRECTION('',(0.,0.,1.));
#16076=DIRECTION('center_axis',(0.,0.,1.));
#16077=DIRECTION('ref_axis',(-1.,0.,0.));
#16078=DIRECTION('',(0.,0.,1.));
#16079=DIRECTION('center_axis',(0.,1.,0.));
#16080=DIRECTION('ref_axis',(-1.,0.,0.));
#16081=DIRECTION('',(0.,0.,1.));
#16082=DIRECTION('center_axis',(0.,0.,1.));
#16083=DIRECTION('ref_axis',(1.,0.,0.));
#16084=DIRECTION('',(0.,0.,1.));
#16085=DIRECTION('center_axis',(1.,0.,0.));
#16086=DIRECTION('ref_axis',(0.,1.,0.));
#16087=DIRECTION('',(0.,0.,1.));
#16088=DIRECTION('center_axis',(0.,0.,1.));
#16089=DIRECTION('ref_axis',(-1.,0.,0.));
#16090=DIRECTION('',(0.,0.,1.));
#16091=DIRECTION('center_axis',(0.,1.,0.));
#16092=DIRECTION('ref_axis',(-1.,0.,0.));
#16093=DIRECTION('',(0.,0.,1.));
#16094=DIRECTION('center_axis',(0.,0.,1.));
#16095=DIRECTION('ref_axis',(0.,-1.,0.));
#16096=DIRECTION('',(0.,0.,1.));
#16097=DIRECTION('center_axis',(-1.,0.,0.));
#16098=DIRECTION('ref_axis',(0.,-1.,0.));
#16099=DIRECTION('',(0.,0.,1.));
#16100=DIRECTION('center_axis',(0.,0.,1.));
#16101=DIRECTION('ref_axis',(0.,1.,0.));
#16102=DIRECTION('',(0.,0.,1.));
#16103=DIRECTION('center_axis',(0.,1.,0.));
#16104=DIRECTION('ref_axis',(-1.,0.,0.));
#16105=DIRECTION('',(0.,0.,1.));
#16106=DIRECTION('center_axis',(0.,0.,1.));
#16107=DIRECTION('ref_axis',(0.,-1.,0.));
#16108=DIRECTION('center_axis',(1.,0.,0.));
#16109=DIRECTION('ref_axis',(0.,1.,0.));
#16110=DIRECTION('',(0.,0.,1.));
#16111=DIRECTION('',(0.,0.,1.));
#16112=DIRECTION('center_axis',(0.,0.,1.));
#16113=DIRECTION('ref_axis',(-1.,0.,0.));
#16114=DIRECTION('',(0.,0.,1.));
#16115=DIRECTION('center_axis',(0.,1.,0.));
#16116=DIRECTION('ref_axis',(-1.,0.,0.));
#16117=DIRECTION('',(0.,0.,1.));
#16118=DIRECTION('center_axis',(0.,0.,1.));
#16119=DIRECTION('ref_axis',(0.,-1.,0.));
#16120=DIRECTION('',(0.,0.,1.));
#16121=DIRECTION('center_axis',(-1.,0.,0.));
#16122=DIRECTION('ref_axis',(0.,-1.,0.));
#16123=DIRECTION('',(0.,0.,1.));
#16124=DIRECTION('center_axis',(0.,0.,1.));
#16125=DIRECTION('ref_axis',(1.,0.,0.));
#16126=DIRECTION('',(0.,0.,1.));
#16127=DIRECTION('center_axis',(0.,-1.,0.));
#16128=DIRECTION('ref_axis',(1.,0.,0.));
#16129=DIRECTION('',(0.,0.,1.));
#16130=DIRECTION('center_axis',(0.,0.,1.));
#16131=DIRECTION('ref_axis',(0.,1.,0.));
#16132=DIRECTION('center_axis',(1.,0.,0.));
#16133=DIRECTION('ref_axis',(0.,1.,0.));
#16134=DIRECTION('',(0.,0.,1.));
#16135=DIRECTION('',(0.,0.,1.));
#16136=DIRECTION('center_axis',(0.,0.,1.));
#16137=DIRECTION('ref_axis',(-1.,0.,0.));
#16138=DIRECTION('',(0.,0.,1.));
#16139=DIRECTION('center_axis',(0.,1.,0.));
#16140=DIRECTION('ref_axis',(-1.,0.,0.));
#16141=DIRECTION('',(0.,0.,1.));
#16142=DIRECTION('center_axis',(0.,0.,1.));
#16143=DIRECTION('ref_axis',(0.,-1.,0.));
#16144=DIRECTION('',(0.,0.,1.));
#16145=DIRECTION('center_axis',(-1.,0.,0.));
#16146=DIRECTION('ref_axis',(0.,-1.,0.));
#16147=DIRECTION('',(0.,0.,1.));
#16148=DIRECTION('center_axis',(0.,0.,1.));
#16149=DIRECTION('ref_axis',(1.,0.,0.));
#16150=DIRECTION('',(0.,0.,1.));
#16151=DIRECTION('center_axis',(0.,-1.,0.));
#16152=DIRECTION('ref_axis',(1.,0.,0.));
#16153=DIRECTION('',(0.,0.,1.));
#16154=DIRECTION('center_axis',(0.,0.,1.));
#16155=DIRECTION('ref_axis',(0.,1.,0.));
#16156=DIRECTION('center_axis',(1.,0.,0.));
#16157=DIRECTION('ref_axis',(0.,1.,0.));
#16158=DIRECTION('',(0.,0.,1.));
#16159=DIRECTION('',(0.,0.,1.));
#16160=DIRECTION('center_axis',(0.,0.,1.));
#16161=DIRECTION('ref_axis',(-1.,0.,0.));
#16162=DIRECTION('',(0.,0.,1.));
#16163=DIRECTION('center_axis',(0.,1.,0.));
#16164=DIRECTION('ref_axis',(-1.,0.,0.));
#16165=DIRECTION('',(0.,0.,1.));
#16166=DIRECTION('center_axis',(0.,0.,1.));
#16167=DIRECTION('ref_axis',(0.,-1.,0.));
#16168=DIRECTION('',(0.,0.,1.));
#16169=DIRECTION('center_axis',(-1.,0.,0.));
#16170=DIRECTION('ref_axis',(0.,-1.,0.));
#16171=DIRECTION('',(0.,0.,1.));
#16172=DIRECTION('center_axis',(0.,0.,1.));
#16173=DIRECTION('ref_axis',(1.,0.,0.));
#16174=DIRECTION('',(0.,0.,1.));
#16175=DIRECTION('center_axis',(0.,-1.,0.));
#16176=DIRECTION('ref_axis',(1.,0.,0.));
#16177=DIRECTION('',(0.,0.,1.));
#16178=DIRECTION('center_axis',(0.,0.,1.));
#16179=DIRECTION('ref_axis',(0.,1.,0.));
#16180=DIRECTION('center_axis',(-1.,0.,0.));
#16181=DIRECTION('ref_axis',(0.,-1.,0.));
#16182=DIRECTION('',(0.,0.,1.));
#16183=DIRECTION('',(0.,0.,1.));
#16184=DIRECTION('center_axis',(0.,0.,1.));
#16185=DIRECTION('ref_axis',(1.,0.,0.));
#16186=DIRECTION('',(0.,0.,1.));
#16187=DIRECTION('center_axis',(0.,-1.,0.));
#16188=DIRECTION('ref_axis',(1.,0.,0.));
#16189=DIRECTION('',(0.,0.,1.));
#16190=DIRECTION('center_axis',(0.,0.,1.));
#16191=DIRECTION('ref_axis',(0.,1.,0.));
#16192=DIRECTION('',(0.,0.,1.));
#16193=DIRECTION('center_axis',(1.,0.,0.));
#16194=DIRECTION('ref_axis',(0.,1.,0.));
#16195=DIRECTION('',(0.,0.,1.));
#16196=DIRECTION('center_axis',(0.,0.,1.));
#16197=DIRECTION('ref_axis',(-1.,0.,0.));
#16198=DIRECTION('',(0.,0.,1.));
#16199=DIRECTION('center_axis',(0.,1.,0.));
#16200=DIRECTION('ref_axis',(-1.,0.,0.));
#16201=DIRECTION('',(0.,0.,1.));
#16202=DIRECTION('center_axis',(0.,0.,1.));
#16203=DIRECTION('ref_axis',(0.,-1.,0.));
#16204=DIRECTION('center_axis',(1.,0.,0.));
#16205=DIRECTION('ref_axis',(0.,1.,0.));
#16206=DIRECTION('',(0.,0.,1.));
#16207=DIRECTION('',(0.,0.,1.));
#16208=DIRECTION('center_axis',(0.,0.,1.));
#16209=DIRECTION('ref_axis',(-1.,0.,0.));
#16210=DIRECTION('',(0.,0.,1.));
#16211=DIRECTION('center_axis',(0.,1.,0.));
#16212=DIRECTION('ref_axis',(-1.,0.,0.));
#16213=DIRECTION('',(0.,0.,1.));
#16214=DIRECTION('center_axis',(0.,0.,1.));
#16215=DIRECTION('ref_axis',(0.,-1.,0.));
#16216=DIRECTION('',(0.,0.,1.));
#16217=DIRECTION('center_axis',(-1.,0.,0.));
#16218=DIRECTION('ref_axis',(0.,-1.,0.));
#16219=DIRECTION('',(0.,0.,1.));
#16220=DIRECTION('center_axis',(0.,0.,1.));
#16221=DIRECTION('ref_axis',(1.,0.,0.));
#16222=DIRECTION('',(0.,0.,1.));
#16223=DIRECTION('center_axis',(0.,-1.,0.));
#16224=DIRECTION('ref_axis',(1.,0.,0.));
#16225=DIRECTION('',(0.,0.,1.));
#16226=DIRECTION('center_axis',(0.,0.,1.));
#16227=DIRECTION('ref_axis',(0.,1.,0.));
#16228=DIRECTION('center_axis',(-1.,0.,0.));
#16229=DIRECTION('ref_axis',(0.,-1.,0.));
#16230=DIRECTION('',(0.,0.,1.));
#16231=DIRECTION('',(0.,0.,1.));
#16232=DIRECTION('center_axis',(0.,0.,1.));
#16233=DIRECTION('ref_axis',(1.,0.,0.));
#16234=DIRECTION('',(0.,0.,1.));
#16235=DIRECTION('center_axis',(0.,-1.,0.));
#16236=DIRECTION('ref_axis',(1.,0.,0.));
#16237=DIRECTION('',(0.,0.,1.));
#16238=DIRECTION('center_axis',(0.,0.,1.));
#16239=DIRECTION('ref_axis',(0.,1.,0.));
#16240=DIRECTION('',(0.,0.,1.));
#16241=DIRECTION('center_axis',(1.,0.,0.));
#16242=DIRECTION('ref_axis',(0.,1.,0.));
#16243=DIRECTION('',(0.,0.,1.));
#16244=DIRECTION('center_axis',(0.,0.,1.));
#16245=DIRECTION('ref_axis',(-1.,0.,0.));
#16246=DIRECTION('',(0.,0.,1.));
#16247=DIRECTION('center_axis',(0.,1.,0.));
#16248=DIRECTION('ref_axis',(-1.,0.,0.));
#16249=DIRECTION('',(0.,0.,1.));
#16250=DIRECTION('center_axis',(0.,0.,1.));
#16251=DIRECTION('ref_axis',(0.,-1.,0.));
#16252=DIRECTION('center_axis',(1.,0.,0.));
#16253=DIRECTION('ref_axis',(0.,1.,0.));
#16254=DIRECTION('',(0.,0.,1.));
#16255=DIRECTION('',(0.,0.,1.));
#16256=DIRECTION('center_axis',(0.,0.,1.));
#16257=DIRECTION('ref_axis',(-1.,0.,0.));
#16258=DIRECTION('',(0.,0.,1.));
#16259=DIRECTION('center_axis',(0.,1.,0.));
#16260=DIRECTION('ref_axis',(-1.,0.,0.));
#16261=DIRECTION('',(0.,0.,1.));
#16262=DIRECTION('center_axis',(0.,0.,1.));
#16263=DIRECTION('ref_axis',(0.,-1.,0.));
#16264=DIRECTION('',(0.,0.,1.));
#16265=DIRECTION('center_axis',(-1.,0.,0.));
#16266=DIRECTION('ref_axis',(0.,-1.,0.));
#16267=DIRECTION('',(0.,0.,1.));
#16268=DIRECTION('center_axis',(0.,0.,1.));
#16269=DIRECTION('ref_axis',(1.,0.,0.));
#16270=DIRECTION('',(0.,0.,1.));
#16271=DIRECTION('center_axis',(0.,-1.,0.));
#16272=DIRECTION('ref_axis',(1.,0.,0.));
#16273=DIRECTION('',(0.,0.,1.));
#16274=DIRECTION('center_axis',(0.,0.,1.));
#16275=DIRECTION('ref_axis',(0.,1.,0.));
#16276=DIRECTION('center_axis',(1.,0.,0.));
#16277=DIRECTION('ref_axis',(0.,1.,0.));
#16278=DIRECTION('',(0.,0.,1.));
#16279=DIRECTION('',(0.,0.,1.));
#16280=DIRECTION('center_axis',(0.,0.,1.));
#16281=DIRECTION('ref_axis',(-1.,0.,0.));
#16282=DIRECTION('',(0.,0.,1.));
#16283=DIRECTION('center_axis',(0.,1.,0.));
#16284=DIRECTION('ref_axis',(-1.,0.,0.));
#16285=DIRECTION('',(0.,0.,1.));
#16286=DIRECTION('center_axis',(0.,0.,1.));
#16287=DIRECTION('ref_axis',(0.,-1.,0.));
#16288=DIRECTION('',(0.,0.,1.));
#16289=DIRECTION('center_axis',(-1.,0.,0.));
#16290=DIRECTION('ref_axis',(0.,-1.,0.));
#16291=DIRECTION('',(0.,0.,1.));
#16292=DIRECTION('center_axis',(0.,0.,1.));
#16293=DIRECTION('ref_axis',(1.,0.,0.));
#16294=DIRECTION('',(0.,0.,1.));
#16295=DIRECTION('center_axis',(0.,-1.,0.));
#16296=DIRECTION('ref_axis',(1.,0.,0.));
#16297=DIRECTION('',(0.,0.,1.));
#16298=DIRECTION('center_axis',(0.,0.,1.));
#16299=DIRECTION('ref_axis',(0.,1.,0.));
#16300=DIRECTION('center_axis',(1.,0.,0.));
#16301=DIRECTION('ref_axis',(0.,1.,0.));
#16302=DIRECTION('',(0.,0.,1.));
#16303=DIRECTION('',(0.,0.,1.));
#16304=DIRECTION('center_axis',(0.,0.,1.));
#16305=DIRECTION('ref_axis',(-1.,0.,0.));
#16306=DIRECTION('',(0.,0.,1.));
#16307=DIRECTION('center_axis',(0.,1.,0.));
#16308=DIRECTION('ref_axis',(-1.,0.,0.));
#16309=DIRECTION('',(0.,0.,1.));
#16310=DIRECTION('center_axis',(0.,0.,1.));
#16311=DIRECTION('ref_axis',(0.,-1.,0.));
#16312=DIRECTION('',(0.,0.,1.));
#16313=DIRECTION('center_axis',(-1.,0.,0.));
#16314=DIRECTION('ref_axis',(0.,-1.,0.));
#16315=DIRECTION('',(0.,0.,1.));
#16316=DIRECTION('center_axis',(0.,0.,1.));
#16317=DIRECTION('ref_axis',(1.,0.,0.));
#16318=DIRECTION('',(0.,0.,1.));
#16319=DIRECTION('center_axis',(0.,-1.,0.));
#16320=DIRECTION('ref_axis',(1.,0.,0.));
#16321=DIRECTION('',(0.,0.,1.));
#16322=DIRECTION('center_axis',(0.,0.,1.));
#16323=DIRECTION('ref_axis',(0.,1.,0.));
#16324=DIRECTION('center_axis',(1.,0.,0.));
#16325=DIRECTION('ref_axis',(0.,1.,0.));
#16326=DIRECTION('',(0.,0.,1.));
#16327=DIRECTION('',(0.,0.,1.));
#16328=DIRECTION('center_axis',(0.,0.,1.));
#16329=DIRECTION('ref_axis',(-1.,0.,0.));
#16330=DIRECTION('',(0.,0.,1.));
#16331=DIRECTION('center_axis',(0.,1.,0.));
#16332=DIRECTION('ref_axis',(-1.,0.,0.));
#16333=DIRECTION('',(0.,0.,1.));
#16334=DIRECTION('center_axis',(0.,0.,1.));
#16335=DIRECTION('ref_axis',(0.,-1.,0.));
#16336=DIRECTION('',(0.,0.,1.));
#16337=DIRECTION('center_axis',(-1.,0.,0.));
#16338=DIRECTION('ref_axis',(0.,-1.,0.));
#16339=DIRECTION('',(0.,0.,1.));
#16340=DIRECTION('center_axis',(0.,0.,1.));
#16341=DIRECTION('ref_axis',(1.,0.,0.));
#16342=DIRECTION('',(0.,0.,1.));
#16343=DIRECTION('center_axis',(0.,-1.,0.));
#16344=DIRECTION('ref_axis',(1.,0.,0.));
#16345=DIRECTION('',(0.,0.,1.));
#16346=DIRECTION('center_axis',(0.,0.,1.));
#16347=DIRECTION('ref_axis',(0.,1.,0.));
#16348=DIRECTION('center_axis',(1.,0.,0.));
#16349=DIRECTION('ref_axis',(0.,1.,0.));
#16350=DIRECTION('',(0.,0.,1.));
#16351=DIRECTION('',(0.,0.,1.));
#16352=DIRECTION('center_axis',(0.,0.,1.));
#16353=DIRECTION('ref_axis',(-1.,0.,0.));
#16354=DIRECTION('',(0.,0.,1.));
#16355=DIRECTION('center_axis',(0.,1.,0.));
#16356=DIRECTION('ref_axis',(-1.,0.,0.));
#16357=DIRECTION('',(0.,0.,1.));
#16358=DIRECTION('center_axis',(0.,0.,1.));
#16359=DIRECTION('ref_axis',(0.,-1.,0.));
#16360=DIRECTION('',(0.,0.,1.));
#16361=DIRECTION('center_axis',(-1.,0.,0.));
#16362=DIRECTION('ref_axis',(0.,-1.,0.));
#16363=DIRECTION('',(0.,0.,1.));
#16364=DIRECTION('center_axis',(0.,0.,1.));
#16365=DIRECTION('ref_axis',(1.,0.,0.));
#16366=DIRECTION('',(0.,0.,1.));
#16367=DIRECTION('center_axis',(0.,-1.,0.));
#16368=DIRECTION('ref_axis',(1.,0.,0.));
#16369=DIRECTION('',(0.,0.,1.));
#16370=DIRECTION('center_axis',(0.,0.,1.));
#16371=DIRECTION('ref_axis',(0.,1.,0.));
#16372=DIRECTION('center_axis',(1.,0.,0.));
#16373=DIRECTION('ref_axis',(0.,1.,0.));
#16374=DIRECTION('',(0.,0.,1.));
#16375=DIRECTION('',(0.,0.,1.));
#16376=DIRECTION('center_axis',(0.,0.,1.));
#16377=DIRECTION('ref_axis',(-1.,0.,0.));
#16378=DIRECTION('',(0.,0.,1.));
#16379=DIRECTION('center_axis',(0.,1.,0.));
#16380=DIRECTION('ref_axis',(-1.,0.,0.));
#16381=DIRECTION('',(0.,0.,1.));
#16382=DIRECTION('center_axis',(0.,0.,1.));
#16383=DIRECTION('ref_axis',(0.,-1.,0.));
#16384=DIRECTION('',(0.,0.,1.));
#16385=DIRECTION('center_axis',(-1.,0.,0.));
#16386=DIRECTION('ref_axis',(0.,-1.,0.));
#16387=DIRECTION('',(0.,0.,1.));
#16388=DIRECTION('center_axis',(0.,0.,1.));
#16389=DIRECTION('ref_axis',(1.,0.,0.));
#16390=DIRECTION('',(0.,0.,1.));
#16391=DIRECTION('center_axis',(0.,-1.,0.));
#16392=DIRECTION('ref_axis',(1.,0.,0.));
#16393=DIRECTION('',(0.,0.,1.));
#16394=DIRECTION('center_axis',(0.,0.,1.));
#16395=DIRECTION('ref_axis',(0.,1.,0.));
#16396=DIRECTION('center_axis',(1.,0.,0.));
#16397=DIRECTION('ref_axis',(0.,1.,0.));
#16398=DIRECTION('',(0.,0.,1.));
#16399=DIRECTION('',(0.,0.,1.));
#16400=DIRECTION('center_axis',(0.,0.,1.));
#16401=DIRECTION('ref_axis',(-1.,0.,0.));
#16402=DIRECTION('',(0.,0.,1.));
#16403=DIRECTION('center_axis',(0.,1.,0.));
#16404=DIRECTION('ref_axis',(-1.,0.,0.));
#16405=DIRECTION('',(0.,0.,1.));
#16406=DIRECTION('center_axis',(0.,0.,1.));
#16407=DIRECTION('ref_axis',(0.,-1.,0.));
#16408=DIRECTION('',(0.,0.,1.));
#16409=DIRECTION('center_axis',(-1.,0.,0.));
#16410=DIRECTION('ref_axis',(0.,-1.,0.));
#16411=DIRECTION('',(0.,0.,1.));
#16412=DIRECTION('center_axis',(0.,0.,1.));
#16413=DIRECTION('ref_axis',(1.,0.,0.));
#16414=DIRECTION('',(0.,0.,1.));
#16415=DIRECTION('center_axis',(0.,-1.,0.));
#16416=DIRECTION('ref_axis',(1.,0.,0.));
#16417=DIRECTION('',(0.,0.,1.));
#16418=DIRECTION('center_axis',(0.,0.,1.));
#16419=DIRECTION('ref_axis',(0.,1.,0.));
#16420=DIRECTION('center_axis',(1.,0.,0.));
#16421=DIRECTION('ref_axis',(0.,1.,0.));
#16422=DIRECTION('',(0.,0.,1.));
#16423=DIRECTION('',(0.,0.,1.));
#16424=DIRECTION('center_axis',(0.,0.,1.));
#16425=DIRECTION('ref_axis',(-1.,0.,0.));
#16426=DIRECTION('',(0.,0.,1.));
#16427=DIRECTION('center_axis',(0.,1.,0.));
#16428=DIRECTION('ref_axis',(-1.,0.,0.));
#16429=DIRECTION('',(0.,0.,1.));
#16430=DIRECTION('center_axis',(0.,0.,1.));
#16431=DIRECTION('ref_axis',(0.,-1.,0.));
#16432=DIRECTION('',(0.,0.,1.));
#16433=DIRECTION('center_axis',(-1.,0.,0.));
#16434=DIRECTION('ref_axis',(0.,-1.,0.));
#16435=DIRECTION('',(0.,0.,1.));
#16436=DIRECTION('center_axis',(0.,0.,1.));
#16437=DIRECTION('ref_axis',(1.,0.,0.));
#16438=DIRECTION('',(0.,0.,1.));
#16439=DIRECTION('center_axis',(0.,-1.,0.));
#16440=DIRECTION('ref_axis',(1.,0.,0.));
#16441=DIRECTION('',(0.,0.,1.));
#16442=DIRECTION('center_axis',(0.,0.,1.));
#16443=DIRECTION('ref_axis',(0.,1.,0.));
#16444=DIRECTION('center_axis',(1.,0.,0.));
#16445=DIRECTION('ref_axis',(0.,1.,0.));
#16446=DIRECTION('',(0.,0.,1.));
#16447=DIRECTION('',(0.,0.,1.));
#16448=DIRECTION('center_axis',(0.,0.,1.));
#16449=DIRECTION('ref_axis',(-1.,0.,0.));
#16450=DIRECTION('',(0.,0.,1.));
#16451=DIRECTION('center_axis',(0.,1.,0.));
#16452=DIRECTION('ref_axis',(-1.,0.,0.));
#16453=DIRECTION('',(0.,0.,1.));
#16454=DIRECTION('center_axis',(0.,0.,1.));
#16455=DIRECTION('ref_axis',(0.,-1.,0.));
#16456=DIRECTION('',(0.,0.,1.));
#16457=DIRECTION('center_axis',(-1.,0.,0.));
#16458=DIRECTION('ref_axis',(0.,-1.,0.));
#16459=DIRECTION('',(0.,0.,1.));
#16460=DIRECTION('center_axis',(0.,0.,1.));
#16461=DIRECTION('ref_axis',(1.,0.,0.));
#16462=DIRECTION('',(0.,0.,1.));
#16463=DIRECTION('center_axis',(0.,-1.,0.));
#16464=DIRECTION('ref_axis',(1.,0.,0.));
#16465=DIRECTION('',(0.,0.,1.));
#16466=DIRECTION('center_axis',(0.,0.,1.));
#16467=DIRECTION('ref_axis',(0.,1.,0.));
#16468=DIRECTION('center_axis',(1.,0.,0.));
#16469=DIRECTION('ref_axis',(0.,1.,0.));
#16470=DIRECTION('',(0.,0.,1.));
#16471=DIRECTION('',(0.,0.,1.));
#16472=DIRECTION('center_axis',(0.,0.,1.));
#16473=DIRECTION('ref_axis',(-1.,0.,0.));
#16474=DIRECTION('',(0.,0.,1.));
#16475=DIRECTION('center_axis',(0.,1.,0.));
#16476=DIRECTION('ref_axis',(-1.,0.,0.));
#16477=DIRECTION('',(0.,0.,1.));
#16478=DIRECTION('center_axis',(0.,0.,1.));
#16479=DIRECTION('ref_axis',(0.,-1.,0.));
#16480=DIRECTION('',(0.,0.,1.));
#16481=DIRECTION('center_axis',(-1.,0.,0.));
#16482=DIRECTION('ref_axis',(0.,-1.,0.));
#16483=DIRECTION('',(0.,0.,1.));
#16484=DIRECTION('center_axis',(0.,0.,1.));
#16485=DIRECTION('ref_axis',(1.,0.,0.));
#16486=DIRECTION('',(0.,0.,1.));
#16487=DIRECTION('center_axis',(0.,-1.,0.));
#16488=DIRECTION('ref_axis',(1.,0.,0.));
#16489=DIRECTION('',(0.,0.,1.));
#16490=DIRECTION('center_axis',(0.,0.,1.));
#16491=DIRECTION('ref_axis',(0.,1.,0.));
#16492=DIRECTION('center_axis',(1.,0.,0.));
#16493=DIRECTION('ref_axis',(0.,1.,0.));
#16494=DIRECTION('',(0.,0.,1.));
#16495=DIRECTION('',(0.,0.,1.));
#16496=DIRECTION('center_axis',(0.,0.,1.));
#16497=DIRECTION('ref_axis',(-1.,0.,0.));
#16498=DIRECTION('',(0.,0.,1.));
#16499=DIRECTION('center_axis',(0.,1.,0.));
#16500=DIRECTION('ref_axis',(-1.,0.,0.));
#16501=DIRECTION('',(0.,0.,1.));
#16502=DIRECTION('center_axis',(0.,0.,1.));
#16503=DIRECTION('ref_axis',(0.,-1.,0.));
#16504=DIRECTION('',(0.,0.,1.));
#16505=DIRECTION('center_axis',(-1.,0.,0.));
#16506=DIRECTION('ref_axis',(0.,-1.,0.));
#16507=DIRECTION('',(0.,0.,1.));
#16508=DIRECTION('center_axis',(0.,0.,1.));
#16509=DIRECTION('ref_axis',(1.,0.,0.));
#16510=DIRECTION('',(0.,0.,1.));
#16511=DIRECTION('center_axis',(0.,-1.,0.));
#16512=DIRECTION('ref_axis',(1.,0.,0.));
#16513=DIRECTION('',(0.,0.,1.));
#16514=DIRECTION('center_axis',(0.,0.,1.));
#16515=DIRECTION('ref_axis',(0.,1.,0.));
#16516=DIRECTION('center_axis',(1.,0.,0.));
#16517=DIRECTION('ref_axis',(0.,1.,0.));
#16518=DIRECTION('',(0.,0.,1.));
#16519=DIRECTION('',(0.,0.,1.));
#16520=DIRECTION('center_axis',(0.,0.,1.));
#16521=DIRECTION('ref_axis',(-1.,0.,0.));
#16522=DIRECTION('',(0.,0.,1.));
#16523=DIRECTION('center_axis',(0.,1.,0.));
#16524=DIRECTION('ref_axis',(-1.,0.,0.));
#16525=DIRECTION('',(0.,0.,1.));
#16526=DIRECTION('center_axis',(0.,0.,1.));
#16527=DIRECTION('ref_axis',(0.,-1.,0.));
#16528=DIRECTION('',(0.,0.,1.));
#16529=DIRECTION('center_axis',(-1.,0.,0.));
#16530=DIRECTION('ref_axis',(0.,-1.,0.));
#16531=DIRECTION('',(0.,0.,1.));
#16532=DIRECTION('center_axis',(0.,0.,1.));
#16533=DIRECTION('ref_axis',(1.,0.,0.));
#16534=DIRECTION('',(0.,0.,1.));
#16535=DIRECTION('center_axis',(0.,-1.,0.));
#16536=DIRECTION('ref_axis',(1.,0.,0.));
#16537=DIRECTION('',(0.,0.,1.));
#16538=DIRECTION('center_axis',(0.,0.,1.));
#16539=DIRECTION('ref_axis',(0.,1.,0.));
#16540=DIRECTION('center_axis',(1.,0.,0.));
#16541=DIRECTION('ref_axis',(0.,1.,0.));
#16542=DIRECTION('',(0.,0.,1.));
#16543=DIRECTION('',(0.,0.,1.));
#16544=DIRECTION('center_axis',(0.,0.,1.));
#16545=DIRECTION('ref_axis',(-1.,0.,0.));
#16546=DIRECTION('',(0.,0.,1.));
#16547=DIRECTION('center_axis',(0.,1.,0.));
#16548=DIRECTION('ref_axis',(-1.,0.,0.));
#16549=DIRECTION('',(0.,0.,1.));
#16550=DIRECTION('center_axis',(0.,0.,1.));
#16551=DIRECTION('ref_axis',(0.,-1.,0.));
#16552=DIRECTION('',(0.,0.,1.));
#16553=DIRECTION('center_axis',(-1.,0.,0.));
#16554=DIRECTION('ref_axis',(0.,-1.,0.));
#16555=DIRECTION('',(0.,0.,1.));
#16556=DIRECTION('center_axis',(0.,0.,1.));
#16557=DIRECTION('ref_axis',(1.,0.,0.));
#16558=DIRECTION('',(0.,0.,1.));
#16559=DIRECTION('center_axis',(0.,-1.,0.));
#16560=DIRECTION('ref_axis',(1.,0.,0.));
#16561=DIRECTION('',(0.,0.,1.));
#16562=DIRECTION('center_axis',(0.,0.,1.));
#16563=DIRECTION('ref_axis',(0.,1.,0.));
#16564=DIRECTION('center_axis',(1.,0.,0.));
#16565=DIRECTION('ref_axis',(0.,1.,0.));
#16566=DIRECTION('',(0.,0.,1.));
#16567=DIRECTION('',(0.,0.,1.));
#16568=DIRECTION('center_axis',(0.,0.,1.));
#16569=DIRECTION('ref_axis',(-1.,0.,0.));
#16570=DIRECTION('',(0.,0.,1.));
#16571=DIRECTION('center_axis',(0.,1.,0.));
#16572=DIRECTION('ref_axis',(-1.,0.,0.));
#16573=DIRECTION('',(0.,0.,1.));
#16574=DIRECTION('center_axis',(0.,0.,1.));
#16575=DIRECTION('ref_axis',(0.,-1.,0.));
#16576=DIRECTION('',(0.,0.,1.));
#16577=DIRECTION('center_axis',(-1.,0.,0.));
#16578=DIRECTION('ref_axis',(0.,-1.,0.));
#16579=DIRECTION('',(0.,0.,1.));
#16580=DIRECTION('center_axis',(0.,0.,1.));
#16581=DIRECTION('ref_axis',(1.,0.,0.));
#16582=DIRECTION('',(0.,0.,1.));
#16583=DIRECTION('center_axis',(0.,-1.,0.));
#16584=DIRECTION('ref_axis',(1.,0.,0.));
#16585=DIRECTION('',(0.,0.,1.));
#16586=DIRECTION('center_axis',(0.,0.,1.));
#16587=DIRECTION('ref_axis',(0.,1.,0.));
#16588=DIRECTION('center_axis',(1.,0.,0.));
#16589=DIRECTION('ref_axis',(0.,1.,0.));
#16590=DIRECTION('',(0.,0.,1.));
#16591=DIRECTION('',(0.,0.,1.));
#16592=DIRECTION('center_axis',(0.,0.,1.));
#16593=DIRECTION('ref_axis',(-1.,0.,0.));
#16594=DIRECTION('',(0.,0.,1.));
#16595=DIRECTION('center_axis',(0.,1.,0.));
#16596=DIRECTION('ref_axis',(-1.,0.,0.));
#16597=DIRECTION('',(0.,0.,1.));
#16598=DIRECTION('center_axis',(0.,0.,1.));
#16599=DIRECTION('ref_axis',(0.,-1.,0.));
#16600=DIRECTION('',(0.,0.,1.));
#16601=DIRECTION('center_axis',(-1.,0.,0.));
#16602=DIRECTION('ref_axis',(0.,-1.,0.));
#16603=DIRECTION('',(0.,0.,1.));
#16604=DIRECTION('center_axis',(0.,0.,1.));
#16605=DIRECTION('ref_axis',(1.,0.,0.));
#16606=DIRECTION('',(0.,0.,1.));
#16607=DIRECTION('center_axis',(0.,-1.,0.));
#16608=DIRECTION('ref_axis',(1.,0.,0.));
#16609=DIRECTION('',(0.,0.,1.));
#16610=DIRECTION('center_axis',(0.,0.,1.));
#16611=DIRECTION('ref_axis',(0.,1.,0.));
#16612=DIRECTION('center_axis',(-1.,0.,0.));
#16613=DIRECTION('ref_axis',(0.,-1.,0.));
#16614=DIRECTION('',(0.,0.,1.));
#16615=DIRECTION('',(0.,0.,1.));
#16616=DIRECTION('center_axis',(0.,0.,1.));
#16617=DIRECTION('ref_axis',(1.,0.,0.));
#16618=DIRECTION('',(0.,0.,1.));
#16619=DIRECTION('center_axis',(0.,-1.,0.));
#16620=DIRECTION('ref_axis',(1.,0.,0.));
#16621=DIRECTION('',(0.,0.,1.));
#16622=DIRECTION('center_axis',(0.,0.,1.));
#16623=DIRECTION('ref_axis',(0.,1.,0.));
#16624=DIRECTION('',(0.,0.,1.));
#16625=DIRECTION('center_axis',(1.,0.,0.));
#16626=DIRECTION('ref_axis',(0.,1.,0.));
#16627=DIRECTION('',(0.,0.,1.));
#16628=DIRECTION('center_axis',(0.,0.,1.));
#16629=DIRECTION('ref_axis',(-1.,0.,0.));
#16630=DIRECTION('',(0.,0.,1.));
#16631=DIRECTION('center_axis',(0.,1.,0.));
#16632=DIRECTION('ref_axis',(-1.,0.,0.));
#16633=DIRECTION('',(0.,0.,1.));
#16634=DIRECTION('center_axis',(0.,0.,1.));
#16635=DIRECTION('ref_axis',(0.,-1.,0.));
#16636=DIRECTION('center_axis',(-1.,0.,0.));
#16637=DIRECTION('ref_axis',(0.,-1.,0.));
#16638=DIRECTION('',(0.,0.,1.));
#16639=DIRECTION('',(0.,0.,1.));
#16640=DIRECTION('center_axis',(0.,0.,1.));
#16641=DIRECTION('ref_axis',(1.,0.,0.));
#16642=DIRECTION('',(0.,0.,1.));
#16643=DIRECTION('center_axis',(0.,-1.,0.));
#16644=DIRECTION('ref_axis',(1.,0.,0.));
#16645=DIRECTION('',(0.,0.,1.));
#16646=DIRECTION('center_axis',(0.,0.,1.));
#16647=DIRECTION('ref_axis',(0.,1.,0.));
#16648=DIRECTION('',(0.,0.,1.));
#16649=DIRECTION('center_axis',(1.,0.,0.));
#16650=DIRECTION('ref_axis',(0.,1.,0.));
#16651=DIRECTION('',(0.,0.,1.));
#16652=DIRECTION('center_axis',(0.,0.,1.));
#16653=DIRECTION('ref_axis',(-1.,0.,0.));
#16654=DIRECTION('',(0.,0.,1.));
#16655=DIRECTION('center_axis',(0.,1.,0.));
#16656=DIRECTION('ref_axis',(-1.,0.,0.));
#16657=DIRECTION('',(0.,0.,1.));
#16658=DIRECTION('center_axis',(0.,0.,1.));
#16659=DIRECTION('ref_axis',(0.,-1.,0.));
#16660=DIRECTION('center_axis',(1.,0.,0.));
#16661=DIRECTION('ref_axis',(0.,1.,0.));
#16662=DIRECTION('',(0.,0.,1.));
#16663=DIRECTION('',(0.,0.,1.));
#16664=DIRECTION('center_axis',(0.,0.,1.));
#16665=DIRECTION('ref_axis',(-1.,0.,0.));
#16666=DIRECTION('',(0.,0.,1.));
#16667=DIRECTION('center_axis',(0.,1.,0.));
#16668=DIRECTION('ref_axis',(-1.,0.,0.));
#16669=DIRECTION('',(0.,0.,1.));
#16670=DIRECTION('center_axis',(0.,0.,1.));
#16671=DIRECTION('ref_axis',(0.,-1.,0.));
#16672=DIRECTION('',(0.,0.,1.));
#16673=DIRECTION('center_axis',(-1.,0.,0.));
#16674=DIRECTION('ref_axis',(0.,-1.,0.));
#16675=DIRECTION('',(0.,0.,1.));
#16676=DIRECTION('center_axis',(0.,0.,1.));
#16677=DIRECTION('ref_axis',(1.,0.,0.));
#16678=DIRECTION('',(0.,0.,1.));
#16679=DIRECTION('center_axis',(0.,-1.,0.));
#16680=DIRECTION('ref_axis',(1.,0.,0.));
#16681=DIRECTION('',(0.,0.,1.));
#16682=DIRECTION('center_axis',(0.,0.,1.));
#16683=DIRECTION('ref_axis',(0.,1.,0.));
#16684=DIRECTION('center_axis',(1.,0.,0.));
#16685=DIRECTION('ref_axis',(0.,1.,0.));
#16686=DIRECTION('',(0.,0.,1.));
#16687=DIRECTION('',(0.,0.,1.));
#16688=DIRECTION('center_axis',(0.,0.,1.));
#16689=DIRECTION('ref_axis',(-1.,0.,0.));
#16690=DIRECTION('',(0.,0.,1.));
#16691=DIRECTION('center_axis',(0.,1.,0.));
#16692=DIRECTION('ref_axis',(-1.,0.,0.));
#16693=DIRECTION('',(0.,0.,1.));
#16694=DIRECTION('center_axis',(0.,0.,1.));
#16695=DIRECTION('ref_axis',(0.,-1.,0.));
#16696=DIRECTION('',(0.,0.,1.));
#16697=DIRECTION('center_axis',(-1.,0.,0.));
#16698=DIRECTION('ref_axis',(0.,-1.,0.));
#16699=DIRECTION('',(0.,0.,1.));
#16700=DIRECTION('center_axis',(0.,0.,1.));
#16701=DIRECTION('ref_axis',(1.,0.,0.));
#16702=DIRECTION('',(0.,0.,1.));
#16703=DIRECTION('center_axis',(0.,-1.,0.));
#16704=DIRECTION('ref_axis',(1.,0.,0.));
#16705=DIRECTION('',(0.,0.,1.));
#16706=DIRECTION('center_axis',(0.,0.,1.));
#16707=DIRECTION('ref_axis',(0.,1.,0.));
#16708=DIRECTION('center_axis',(1.,0.,0.));
#16709=DIRECTION('ref_axis',(0.,1.,0.));
#16710=DIRECTION('',(0.,0.,1.));
#16711=DIRECTION('',(0.,0.,1.));
#16712=DIRECTION('center_axis',(0.,0.,1.));
#16713=DIRECTION('ref_axis',(-1.,0.,0.));
#16714=DIRECTION('',(0.,0.,1.));
#16715=DIRECTION('center_axis',(0.,1.,0.));
#16716=DIRECTION('ref_axis',(-1.,0.,0.));
#16717=DIRECTION('',(0.,0.,1.));
#16718=DIRECTION('center_axis',(0.,0.,1.));
#16719=DIRECTION('ref_axis',(0.,-1.,0.));
#16720=DIRECTION('',(0.,0.,1.));
#16721=DIRECTION('center_axis',(-1.,0.,0.));
#16722=DIRECTION('ref_axis',(0.,-1.,0.));
#16723=DIRECTION('',(0.,0.,1.));
#16724=DIRECTION('center_axis',(0.,0.,1.));
#16725=DIRECTION('ref_axis',(1.,0.,0.));
#16726=DIRECTION('',(0.,0.,1.));
#16727=DIRECTION('center_axis',(0.,-1.,0.));
#16728=DIRECTION('ref_axis',(1.,0.,0.));
#16729=DIRECTION('',(0.,0.,1.));
#16730=DIRECTION('center_axis',(0.,0.,1.));
#16731=DIRECTION('ref_axis',(0.,1.,0.));
#16732=DIRECTION('center_axis',(1.,0.,0.));
#16733=DIRECTION('ref_axis',(0.,1.,0.));
#16734=DIRECTION('',(0.,0.,1.));
#16735=DIRECTION('',(0.,0.,1.));
#16736=DIRECTION('center_axis',(0.,0.,1.));
#16737=DIRECTION('ref_axis',(-1.,0.,0.));
#16738=DIRECTION('',(0.,0.,1.));
#16739=DIRECTION('center_axis',(0.,1.,0.));
#16740=DIRECTION('ref_axis',(-1.,0.,0.));
#16741=DIRECTION('',(0.,0.,1.));
#16742=DIRECTION('center_axis',(0.,0.,1.));
#16743=DIRECTION('ref_axis',(0.,-1.,0.));
#16744=DIRECTION('',(0.,0.,1.));
#16745=DIRECTION('center_axis',(-1.,0.,0.));
#16746=DIRECTION('ref_axis',(0.,-1.,0.));
#16747=DIRECTION('',(0.,0.,1.));
#16748=DIRECTION('center_axis',(0.,0.,1.));
#16749=DIRECTION('ref_axis',(1.,0.,0.));
#16750=DIRECTION('',(0.,0.,1.));
#16751=DIRECTION('center_axis',(0.,-1.,0.));
#16752=DIRECTION('ref_axis',(1.,0.,0.));
#16753=DIRECTION('',(0.,0.,1.));
#16754=DIRECTION('center_axis',(0.,0.,1.));
#16755=DIRECTION('ref_axis',(0.,1.,0.));
#16756=DIRECTION('center_axis',(1.,0.,0.));
#16757=DIRECTION('ref_axis',(0.,1.,0.));
#16758=DIRECTION('',(0.,0.,1.));
#16759=DIRECTION('',(0.,0.,1.));
#16760=DIRECTION('center_axis',(0.,0.,1.));
#16761=DIRECTION('ref_axis',(-1.,0.,0.));
#16762=DIRECTION('',(0.,0.,1.));
#16763=DIRECTION('center_axis',(0.,1.,0.));
#16764=DIRECTION('ref_axis',(-1.,0.,0.));
#16765=DIRECTION('',(0.,0.,1.));
#16766=DIRECTION('center_axis',(0.,0.,1.));
#16767=DIRECTION('ref_axis',(0.,-1.,0.));
#16768=DIRECTION('',(0.,0.,1.));
#16769=DIRECTION('center_axis',(-1.,0.,0.));
#16770=DIRECTION('ref_axis',(0.,-1.,0.));
#16771=DIRECTION('',(0.,0.,1.));
#16772=DIRECTION('center_axis',(0.,0.,1.));
#16773=DIRECTION('ref_axis',(1.,0.,0.));
#16774=DIRECTION('',(0.,0.,1.));
#16775=DIRECTION('center_axis',(0.,-1.,0.));
#16776=DIRECTION('ref_axis',(1.,0.,0.));
#16777=DIRECTION('',(0.,0.,1.));
#16778=DIRECTION('center_axis',(0.,0.,1.));
#16779=DIRECTION('ref_axis',(0.,1.,0.));
#16780=DIRECTION('center_axis',(1.,0.,0.));
#16781=DIRECTION('ref_axis',(0.,1.,0.));
#16782=DIRECTION('',(0.,0.,1.));
#16783=DIRECTION('',(0.,0.,1.));
#16784=DIRECTION('center_axis',(0.,0.,1.));
#16785=DIRECTION('ref_axis',(-1.,0.,0.));
#16786=DIRECTION('',(0.,0.,1.));
#16787=DIRECTION('center_axis',(0.,1.,0.));
#16788=DIRECTION('ref_axis',(-1.,0.,0.));
#16789=DIRECTION('',(0.,0.,1.));
#16790=DIRECTION('center_axis',(0.,0.,1.));
#16791=DIRECTION('ref_axis',(0.,-1.,0.));
#16792=DIRECTION('',(0.,0.,1.));
#16793=DIRECTION('center_axis',(-1.,0.,0.));
#16794=DIRECTION('ref_axis',(0.,-1.,0.));
#16795=DIRECTION('',(0.,0.,1.));
#16796=DIRECTION('center_axis',(0.,0.,1.));
#16797=DIRECTION('ref_axis',(1.,0.,0.));
#16798=DIRECTION('',(0.,0.,1.));
#16799=DIRECTION('center_axis',(0.,-1.,0.));
#16800=DIRECTION('ref_axis',(1.,0.,0.));
#16801=DIRECTION('',(0.,0.,1.));
#16802=DIRECTION('center_axis',(0.,0.,1.));
#16803=DIRECTION('ref_axis',(0.,1.,0.));
#16804=DIRECTION('center_axis',(1.,0.,0.));
#16805=DIRECTION('ref_axis',(0.,1.,0.));
#16806=DIRECTION('',(0.,0.,1.));
#16807=DIRECTION('',(0.,0.,1.));
#16808=DIRECTION('center_axis',(0.,0.,1.));
#16809=DIRECTION('ref_axis',(-1.,0.,0.));
#16810=DIRECTION('',(0.,0.,1.));
#16811=DIRECTION('center_axis',(0.,1.,0.));
#16812=DIRECTION('ref_axis',(-1.,0.,0.));
#16813=DIRECTION('',(0.,0.,1.));
#16814=DIRECTION('center_axis',(0.,0.,1.));
#16815=DIRECTION('ref_axis',(0.,-1.,0.));
#16816=DIRECTION('',(0.,0.,1.));
#16817=DIRECTION('center_axis',(-1.,0.,0.));
#16818=DIRECTION('ref_axis',(0.,-1.,0.));
#16819=DIRECTION('',(0.,0.,1.));
#16820=DIRECTION('center_axis',(0.,0.,1.));
#16821=DIRECTION('ref_axis',(1.,0.,0.));
#16822=DIRECTION('',(0.,0.,1.));
#16823=DIRECTION('center_axis',(0.,-1.,0.));
#16824=DIRECTION('ref_axis',(1.,0.,0.));
#16825=DIRECTION('',(0.,0.,1.));
#16826=DIRECTION('center_axis',(0.,0.,1.));
#16827=DIRECTION('ref_axis',(0.,1.,0.));
#16828=DIRECTION('center_axis',(1.,0.,0.));
#16829=DIRECTION('ref_axis',(0.,1.,0.));
#16830=DIRECTION('',(0.,0.,1.));
#16831=DIRECTION('',(0.,0.,1.));
#16832=DIRECTION('center_axis',(0.,0.,1.));
#16833=DIRECTION('ref_axis',(-1.,0.,0.));
#16834=DIRECTION('',(0.,0.,1.));
#16835=DIRECTION('center_axis',(0.,1.,0.));
#16836=DIRECTION('ref_axis',(-1.,0.,0.));
#16837=DIRECTION('',(0.,0.,1.));
#16838=DIRECTION('center_axis',(0.,0.,1.));
#16839=DIRECTION('ref_axis',(0.,-1.,0.));
#16840=DIRECTION('',(0.,0.,1.));
#16841=DIRECTION('center_axis',(-1.,0.,0.));
#16842=DIRECTION('ref_axis',(0.,-1.,0.));
#16843=DIRECTION('',(0.,0.,1.));
#16844=DIRECTION('center_axis',(0.,0.,1.));
#16845=DIRECTION('ref_axis',(1.,0.,0.));
#16846=DIRECTION('',(0.,0.,1.));
#16847=DIRECTION('center_axis',(0.,-1.,0.));
#16848=DIRECTION('ref_axis',(1.,0.,0.));
#16849=DIRECTION('',(0.,0.,1.));
#16850=DIRECTION('center_axis',(0.,0.,1.));
#16851=DIRECTION('ref_axis',(0.,1.,0.));
#16852=DIRECTION('center_axis',(1.,0.,0.));
#16853=DIRECTION('ref_axis',(0.,1.,0.));
#16854=DIRECTION('',(0.,0.,1.));
#16855=DIRECTION('',(0.,0.,1.));
#16856=DIRECTION('center_axis',(0.,0.,1.));
#16857=DIRECTION('ref_axis',(-1.,0.,0.));
#16858=DIRECTION('',(0.,0.,1.));
#16859=DIRECTION('center_axis',(0.,1.,0.));
#16860=DIRECTION('ref_axis',(-1.,0.,0.));
#16861=DIRECTION('',(0.,0.,1.));
#16862=DIRECTION('center_axis',(0.,0.,1.));
#16863=DIRECTION('ref_axis',(0.,-1.,0.));
#16864=DIRECTION('',(0.,0.,1.));
#16865=DIRECTION('center_axis',(-1.,0.,0.));
#16866=DIRECTION('ref_axis',(0.,-1.,0.));
#16867=DIRECTION('',(0.,0.,1.));
#16868=DIRECTION('center_axis',(0.,0.,1.));
#16869=DIRECTION('ref_axis',(1.,0.,0.));
#16870=DIRECTION('',(0.,0.,1.));
#16871=DIRECTION('center_axis',(0.,-1.,0.));
#16872=DIRECTION('ref_axis',(1.,0.,0.));
#16873=DIRECTION('',(0.,0.,1.));
#16874=DIRECTION('center_axis',(0.,0.,1.));
#16875=DIRECTION('ref_axis',(0.,1.,0.));
#16876=DIRECTION('center_axis',(1.,0.,0.));
#16877=DIRECTION('ref_axis',(0.,1.,0.));
#16878=DIRECTION('',(0.,0.,1.));
#16879=DIRECTION('',(0.,0.,1.));
#16880=DIRECTION('center_axis',(0.,0.,1.));
#16881=DIRECTION('ref_axis',(-1.,0.,0.));
#16882=DIRECTION('',(0.,0.,1.));
#16883=DIRECTION('center_axis',(0.,1.,0.));
#16884=DIRECTION('ref_axis',(-1.,0.,0.));
#16885=DIRECTION('',(0.,0.,1.));
#16886=DIRECTION('center_axis',(0.,0.,1.));
#16887=DIRECTION('ref_axis',(0.,-1.,0.));
#16888=DIRECTION('',(0.,0.,1.));
#16889=DIRECTION('center_axis',(-1.,0.,0.));
#16890=DIRECTION('ref_axis',(0.,-1.,0.));
#16891=DIRECTION('',(0.,0.,1.));
#16892=DIRECTION('center_axis',(0.,0.,1.));
#16893=DIRECTION('ref_axis',(1.,0.,0.));
#16894=DIRECTION('',(0.,0.,1.));
#16895=DIRECTION('center_axis',(0.,-1.,0.));
#16896=DIRECTION('ref_axis',(1.,0.,0.));
#16897=DIRECTION('',(0.,0.,1.));
#16898=DIRECTION('center_axis',(0.,0.,1.));
#16899=DIRECTION('ref_axis',(0.,1.,0.));
#16900=DIRECTION('center_axis',(1.,0.,0.));
#16901=DIRECTION('ref_axis',(0.,1.,0.));
#16902=DIRECTION('',(0.,0.,1.));
#16903=DIRECTION('',(0.,0.,1.));
#16904=DIRECTION('center_axis',(0.,0.,1.));
#16905=DIRECTION('ref_axis',(-1.,0.,0.));
#16906=DIRECTION('',(0.,0.,1.));
#16907=DIRECTION('center_axis',(0.,1.,0.));
#16908=DIRECTION('ref_axis',(-1.,0.,0.));
#16909=DIRECTION('',(0.,0.,1.));
#16910=DIRECTION('center_axis',(0.,0.,1.));
#16911=DIRECTION('ref_axis',(0.,-1.,0.));
#16912=DIRECTION('',(0.,0.,1.));
#16913=DIRECTION('center_axis',(-1.,0.,0.));
#16914=DIRECTION('ref_axis',(0.,-1.,0.));
#16915=DIRECTION('',(0.,0.,1.));
#16916=DIRECTION('center_axis',(0.,0.,1.));
#16917=DIRECTION('ref_axis',(1.,0.,0.));
#16918=DIRECTION('',(0.,0.,1.));
#16919=DIRECTION('center_axis',(0.,-1.,0.));
#16920=DIRECTION('ref_axis',(1.,0.,0.));
#16921=DIRECTION('',(0.,0.,1.));
#16922=DIRECTION('center_axis',(0.,0.,1.));
#16923=DIRECTION('ref_axis',(0.,1.,0.));
#16924=DIRECTION('center_axis',(1.,0.,0.));
#16925=DIRECTION('ref_axis',(0.,1.,0.));
#16926=DIRECTION('',(0.,0.,1.));
#16927=DIRECTION('',(0.,0.,1.));
#16928=DIRECTION('center_axis',(0.,0.,1.));
#16929=DIRECTION('ref_axis',(-1.,0.,0.));
#16930=DIRECTION('',(0.,0.,1.));
#16931=DIRECTION('center_axis',(0.,1.,0.));
#16932=DIRECTION('ref_axis',(-1.,0.,0.));
#16933=DIRECTION('',(0.,0.,1.));
#16934=DIRECTION('center_axis',(0.,0.,1.));
#16935=DIRECTION('ref_axis',(0.,-1.,0.));
#16936=DIRECTION('',(0.,0.,1.));
#16937=DIRECTION('center_axis',(-1.,0.,0.));
#16938=DIRECTION('ref_axis',(0.,-1.,0.));
#16939=DIRECTION('',(0.,0.,1.));
#16940=DIRECTION('center_axis',(0.,0.,1.));
#16941=DIRECTION('ref_axis',(1.,0.,0.));
#16942=DIRECTION('',(0.,0.,1.));
#16943=DIRECTION('center_axis',(0.,-1.,0.));
#16944=DIRECTION('ref_axis',(1.,0.,0.));
#16945=DIRECTION('',(0.,0.,1.));
#16946=DIRECTION('center_axis',(0.,0.,1.));
#16947=DIRECTION('ref_axis',(0.,1.,0.));
#16948=DIRECTION('center_axis',(1.,0.,0.));
#16949=DIRECTION('ref_axis',(0.,1.,0.));
#16950=DIRECTION('',(0.,0.,1.));
#16951=DIRECTION('',(0.,0.,1.));
#16952=DIRECTION('center_axis',(0.,0.,1.));
#16953=DIRECTION('ref_axis',(-1.,0.,0.));
#16954=DIRECTION('',(0.,0.,1.));
#16955=DIRECTION('center_axis',(0.,1.,0.));
#16956=DIRECTION('ref_axis',(-1.,0.,0.));
#16957=DIRECTION('',(0.,0.,1.));
#16958=DIRECTION('center_axis',(0.,0.,1.));
#16959=DIRECTION('ref_axis',(0.,-1.,0.));
#16960=DIRECTION('',(0.,0.,1.));
#16961=DIRECTION('center_axis',(-1.,0.,0.));
#16962=DIRECTION('ref_axis',(0.,-1.,0.));
#16963=DIRECTION('',(0.,0.,1.));
#16964=DIRECTION('center_axis',(0.,0.,1.));
#16965=DIRECTION('ref_axis',(1.,0.,0.));
#16966=DIRECTION('',(0.,0.,1.));
#16967=DIRECTION('center_axis',(0.,-1.,0.));
#16968=DIRECTION('ref_axis',(1.,0.,0.));
#16969=DIRECTION('',(0.,0.,1.));
#16970=DIRECTION('center_axis',(0.,0.,1.));
#16971=DIRECTION('ref_axis',(0.,1.,0.));
#16972=DIRECTION('center_axis',(1.,0.,0.));
#16973=DIRECTION('ref_axis',(0.,1.,0.));
#16974=DIRECTION('',(0.,0.,1.));
#16975=DIRECTION('',(0.,0.,1.));
#16976=DIRECTION('center_axis',(0.,0.,1.));
#16977=DIRECTION('ref_axis',(-1.,0.,0.));
#16978=DIRECTION('',(0.,0.,1.));
#16979=DIRECTION('center_axis',(0.,1.,0.));
#16980=DIRECTION('ref_axis',(-1.,0.,0.));
#16981=DIRECTION('',(0.,0.,1.));
#16982=DIRECTION('center_axis',(0.,0.,1.));
#16983=DIRECTION('ref_axis',(0.,-1.,0.));
#16984=DIRECTION('',(0.,0.,1.));
#16985=DIRECTION('center_axis',(-1.,0.,0.));
#16986=DIRECTION('ref_axis',(0.,-1.,0.));
#16987=DIRECTION('',(0.,0.,1.));
#16988=DIRECTION('center_axis',(0.,0.,1.));
#16989=DIRECTION('ref_axis',(1.,0.,0.));
#16990=DIRECTION('',(0.,0.,1.));
#16991=DIRECTION('center_axis',(0.,-1.,0.));
#16992=DIRECTION('ref_axis',(1.,0.,0.));
#16993=DIRECTION('',(0.,0.,1.));
#16994=DIRECTION('center_axis',(0.,0.,1.));
#16995=DIRECTION('ref_axis',(0.,1.,0.));
#16996=DIRECTION('center_axis',(1.,0.,0.));
#16997=DIRECTION('ref_axis',(0.,1.,0.));
#16998=DIRECTION('',(0.,0.,1.));
#16999=DIRECTION('',(0.,0.,1.));
#17000=DIRECTION('center_axis',(0.,0.,1.));
#17001=DIRECTION('ref_axis',(-1.,0.,0.));
#17002=DIRECTION('',(0.,0.,1.));
#17003=DIRECTION('center_axis',(0.,1.,0.));
#17004=DIRECTION('ref_axis',(-1.,0.,0.));
#17005=DIRECTION('',(0.,0.,1.));
#17006=DIRECTION('center_axis',(0.,0.,1.));
#17007=DIRECTION('ref_axis',(0.,-1.,0.));
#17008=DIRECTION('',(0.,0.,1.));
#17009=DIRECTION('center_axis',(-1.,0.,0.));
#17010=DIRECTION('ref_axis',(0.,-1.,0.));
#17011=DIRECTION('',(0.,0.,1.));
#17012=DIRECTION('center_axis',(0.,0.,1.));
#17013=DIRECTION('ref_axis',(1.,0.,0.));
#17014=DIRECTION('',(0.,0.,1.));
#17015=DIRECTION('center_axis',(0.,-1.,0.));
#17016=DIRECTION('ref_axis',(1.,0.,0.));
#17017=DIRECTION('',(0.,0.,1.));
#17018=DIRECTION('center_axis',(0.,0.,1.));
#17019=DIRECTION('ref_axis',(0.,1.,0.));
#17020=DIRECTION('center_axis',(1.,0.,0.));
#17021=DIRECTION('ref_axis',(0.,1.,0.));
#17022=DIRECTION('',(0.,0.,1.));
#17023=DIRECTION('',(0.,0.,1.));
#17024=DIRECTION('center_axis',(0.,0.,1.));
#17025=DIRECTION('ref_axis',(-1.,0.,0.));
#17026=DIRECTION('',(0.,0.,1.));
#17027=DIRECTION('center_axis',(0.,1.,0.));
#17028=DIRECTION('ref_axis',(-1.,0.,0.));
#17029=DIRECTION('',(0.,0.,1.));
#17030=DIRECTION('center_axis',(0.,0.,1.));
#17031=DIRECTION('ref_axis',(0.,-1.,0.));
#17032=DIRECTION('',(0.,0.,1.));
#17033=DIRECTION('center_axis',(-1.,0.,0.));
#17034=DIRECTION('ref_axis',(0.,-1.,0.));
#17035=DIRECTION('',(0.,0.,1.));
#17036=DIRECTION('center_axis',(0.,0.,1.));
#17037=DIRECTION('ref_axis',(1.,0.,0.));
#17038=DIRECTION('',(0.,0.,1.));
#17039=DIRECTION('center_axis',(0.,-1.,0.));
#17040=DIRECTION('ref_axis',(1.,0.,0.));
#17041=DIRECTION('',(0.,0.,1.));
#17042=DIRECTION('center_axis',(0.,0.,1.));
#17043=DIRECTION('ref_axis',(0.,1.,0.));
#17044=DIRECTION('center_axis',(1.,0.,0.));
#17045=DIRECTION('ref_axis',(0.,1.,0.));
#17046=DIRECTION('',(0.,0.,1.));
#17047=DIRECTION('',(0.,0.,1.));
#17048=DIRECTION('center_axis',(0.,0.,1.));
#17049=DIRECTION('ref_axis',(-1.,0.,0.));
#17050=DIRECTION('',(0.,0.,1.));
#17051=DIRECTION('center_axis',(0.,1.,0.));
#17052=DIRECTION('ref_axis',(-1.,0.,0.));
#17053=DIRECTION('',(0.,0.,1.));
#17054=DIRECTION('center_axis',(0.,0.,1.));
#17055=DIRECTION('ref_axis',(0.,-1.,0.));
#17056=DIRECTION('',(0.,0.,1.));
#17057=DIRECTION('center_axis',(-1.,0.,0.));
#17058=DIRECTION('ref_axis',(0.,-1.,0.));
#17059=DIRECTION('',(0.,0.,1.));
#17060=DIRECTION('center_axis',(0.,0.,1.));
#17061=DIRECTION('ref_axis',(1.,0.,0.));
#17062=DIRECTION('',(0.,0.,1.));
#17063=DIRECTION('center_axis',(0.,-1.,0.));
#17064=DIRECTION('ref_axis',(1.,0.,0.));
#17065=DIRECTION('',(0.,0.,1.));
#17066=DIRECTION('center_axis',(0.,0.,1.));
#17067=DIRECTION('ref_axis',(0.,1.,0.));
#17068=DIRECTION('center_axis',(1.,0.,0.));
#17069=DIRECTION('ref_axis',(0.,1.,0.));
#17070=DIRECTION('',(0.,0.,1.));
#17071=DIRECTION('',(0.,0.,1.));
#17072=DIRECTION('center_axis',(0.,0.,1.));
#17073=DIRECTION('ref_axis',(-1.,0.,0.));
#17074=DIRECTION('',(0.,0.,1.));
#17075=DIRECTION('center_axis',(0.,1.,0.));
#17076=DIRECTION('ref_axis',(-1.,0.,0.));
#17077=DIRECTION('',(0.,0.,1.));
#17078=DIRECTION('center_axis',(0.,0.,1.));
#17079=DIRECTION('ref_axis',(0.,-1.,0.));
#17080=DIRECTION('',(0.,0.,1.));
#17081=DIRECTION('center_axis',(-1.,0.,0.));
#17082=DIRECTION('ref_axis',(0.,-1.,0.));
#17083=DIRECTION('',(0.,0.,1.));
#17084=DIRECTION('center_axis',(0.,0.,1.));
#17085=DIRECTION('ref_axis',(1.,0.,0.));
#17086=DIRECTION('',(0.,0.,1.));
#17087=DIRECTION('center_axis',(0.,-1.,0.));
#17088=DIRECTION('ref_axis',(1.,0.,0.));
#17089=DIRECTION('',(0.,0.,1.));
#17090=DIRECTION('center_axis',(0.,0.,1.));
#17091=DIRECTION('ref_axis',(0.,1.,0.));
#17092=DIRECTION('center_axis',(1.,0.,0.));
#17093=DIRECTION('ref_axis',(0.,1.,0.));
#17094=DIRECTION('',(0.,0.,1.));
#17095=DIRECTION('',(0.,0.,1.));
#17096=DIRECTION('center_axis',(0.,0.,1.));
#17097=DIRECTION('ref_axis',(-1.,0.,0.));
#17098=DIRECTION('',(0.,0.,1.));
#17099=DIRECTION('center_axis',(0.,1.,0.));
#17100=DIRECTION('ref_axis',(-1.,0.,0.));
#17101=DIRECTION('',(0.,0.,1.));
#17102=DIRECTION('center_axis',(0.,0.,1.));
#17103=DIRECTION('ref_axis',(0.,-1.,0.));
#17104=DIRECTION('',(0.,0.,1.));
#17105=DIRECTION('center_axis',(-1.,0.,0.));
#17106=DIRECTION('ref_axis',(0.,-1.,0.));
#17107=DIRECTION('',(0.,0.,1.));
#17108=DIRECTION('center_axis',(0.,0.,1.));
#17109=DIRECTION('ref_axis',(1.,0.,0.));
#17110=DIRECTION('',(0.,0.,1.));
#17111=DIRECTION('center_axis',(0.,-1.,0.));
#17112=DIRECTION('ref_axis',(1.,0.,0.));
#17113=DIRECTION('',(0.,0.,1.));
#17114=DIRECTION('center_axis',(0.,0.,1.));
#17115=DIRECTION('ref_axis',(0.,1.,0.));
#17116=DIRECTION('center_axis',(1.,0.,0.));
#17117=DIRECTION('ref_axis',(0.,1.,0.));
#17118=DIRECTION('',(0.,0.,1.));
#17119=DIRECTION('',(0.,0.,1.));
#17120=DIRECTION('center_axis',(0.,0.,1.));
#17121=DIRECTION('ref_axis',(-1.,0.,0.));
#17122=DIRECTION('',(0.,0.,1.));
#17123=DIRECTION('center_axis',(0.,1.,0.));
#17124=DIRECTION('ref_axis',(-1.,0.,0.));
#17125=DIRECTION('',(0.,0.,1.));
#17126=DIRECTION('center_axis',(0.,0.,1.));
#17127=DIRECTION('ref_axis',(0.,-1.,0.));
#17128=DIRECTION('',(0.,0.,1.));
#17129=DIRECTION('center_axis',(-1.,0.,0.));
#17130=DIRECTION('ref_axis',(0.,-1.,0.));
#17131=DIRECTION('',(0.,0.,1.));
#17132=DIRECTION('center_axis',(0.,0.,1.));
#17133=DIRECTION('ref_axis',(1.,0.,0.));
#17134=DIRECTION('',(0.,0.,1.));
#17135=DIRECTION('center_axis',(0.,-1.,0.));
#17136=DIRECTION('ref_axis',(1.,0.,0.));
#17137=DIRECTION('',(0.,0.,1.));
#17138=DIRECTION('center_axis',(0.,0.,1.));
#17139=DIRECTION('ref_axis',(0.,1.,0.));
#17140=DIRECTION('center_axis',(1.,0.,0.));
#17141=DIRECTION('ref_axis',(0.,1.,0.));
#17142=DIRECTION('',(0.,0.,1.));
#17143=DIRECTION('',(0.,0.,1.));
#17144=DIRECTION('center_axis',(0.,0.,1.));
#17145=DIRECTION('ref_axis',(-1.,0.,0.));
#17146=DIRECTION('',(0.,0.,1.));
#17147=DIRECTION('center_axis',(0.,1.,0.));
#17148=DIRECTION('ref_axis',(-1.,0.,0.));
#17149=DIRECTION('',(0.,0.,1.));
#17150=DIRECTION('center_axis',(0.,0.,1.));
#17151=DIRECTION('ref_axis',(0.,-1.,0.));
#17152=DIRECTION('',(0.,0.,1.));
#17153=DIRECTION('center_axis',(-1.,0.,0.));
#17154=DIRECTION('ref_axis',(0.,-1.,0.));
#17155=DIRECTION('',(0.,0.,1.));
#17156=DIRECTION('center_axis',(0.,0.,1.));
#17157=DIRECTION('ref_axis',(1.,0.,0.));
#17158=DIRECTION('',(0.,0.,1.));
#17159=DIRECTION('center_axis',(0.,-1.,0.));
#17160=DIRECTION('ref_axis',(1.,0.,0.));
#17161=DIRECTION('',(0.,0.,1.));
#17162=DIRECTION('center_axis',(0.,0.,1.));
#17163=DIRECTION('ref_axis',(0.,1.,0.));
#17164=DIRECTION('center_axis',(-1.,0.,0.));
#17165=DIRECTION('ref_axis',(0.,-1.,0.));
#17166=DIRECTION('',(0.,0.,1.));
#17167=DIRECTION('center_axis',(0.,0.,1.));
#17168=DIRECTION('ref_axis',(1.38777878078145E-16,1.,0.));
#17169=DIRECTION('center_axis',(0.,0.,1.));
#17170=DIRECTION('ref_axis',(1.,-6.24500451351653E-15,0.));
#17171=DIRECTION('',(0.,0.,1.));
#17172=DIRECTION('center_axis',(1.,0.,0.));
#17173=DIRECTION('ref_axis',(0.,1.,0.));
#17174=DIRECTION('',(0.,0.,1.));
#17175=DIRECTION('center_axis',(0.,0.,1.));
#17176=DIRECTION('ref_axis',(-1.,6.66133814775096E-15,0.));
#17177=DIRECTION('center_axis',(0.,0.,1.));
#17178=DIRECTION('ref_axis',(1.,1.33226762955017E-14,0.));
#17179=DIRECTION('',(0.,0.,1.));
#17180=DIRECTION('center_axis',(1.,0.,0.));
#17181=DIRECTION('ref_axis',(0.,1.,0.));
#17182=DIRECTION('',(0.,0.,1.));
#17183=DIRECTION('center_axis',(0.,0.,1.));
#17184=DIRECTION('ref_axis',(-3.55271367880045E-14,-1.,0.));
#17185=CARTESIAN_POINT('',(0.,0.,0.));
#17186=CARTESIAN_POINT('Origin',(235.554586487641,-96.2470620818804,52.3));
#17187=CARTESIAN_POINT('',(233.554595031444,-96.2529080324464,50.8));
#17188=CARTESIAN_POINT('',(235.554586487641,-96.2470620818804,50.8));
#17189=CARTESIAN_POINT('',(182.142560434962,-96.4031847807879,50.8));
#17190=CARTESIAN_POINT('',(233.554595031444,-96.2529080324464,52.3));
#17191=CARTESIAN_POINT('',(233.554595031444,-96.2529080324464,52.3));
#17192=CARTESIAN_POINT('',(235.554586487641,-96.2470620818804,52.3));
#17193=CARTESIAN_POINT('',(182.142560434962,-96.4031847807879,52.3));
#17194=CARTESIAN_POINT('',(235.554586487641,-96.2470620818804,52.3));
#17195=CARTESIAN_POINT('Origin',(235.553125,-95.7470642178311,52.3));
#17196=CARTESIAN_POINT('',(235.551663512358,-95.2470663537817,50.8));
#17197=CARTESIAN_POINT('Origin',(235.553125,-95.7470642178311,50.8));
#17198=CARTESIAN_POINT('',(235.551663512358,-95.2470663537817,52.3));
#17199=CARTESIAN_POINT('Origin',(235.553125,-95.7470642178311,52.3));
#17200=CARTESIAN_POINT('',(235.551663512358,-95.2470663537817,52.3));
#17201=CARTESIAN_POINT('Origin',(233.551672056161,-95.2529123043477,52.3));
#17202=CARTESIAN_POINT('',(233.551672056161,-95.2529123043477,50.8));
#17203=CARTESIAN_POINT('',(181.13964173158,-95.4061120279723,50.8));
#17204=CARTESIAN_POINT('',(233.551672056161,-95.2529123043477,52.3));
#17205=CARTESIAN_POINT('',(181.13964173158,-95.4061120279723,52.3));
#17206=CARTESIAN_POINT('',(233.551672056161,-95.2529123043477,52.3));
#17207=CARTESIAN_POINT('Origin',(233.553133543803,-95.752910168397,52.3));
#17208=CARTESIAN_POINT('Origin',(233.553133543803,-95.752910168397,50.8));
#17209=CARTESIAN_POINT('Origin',(233.553133543803,-95.752910168397,52.3));
#17210=CARTESIAN_POINT('Origin',(23.6234875383521,-96.2467567304383,52.3));
#17211=CARTESIAN_POINT('',(21.6234979394989,-96.253206883847,50.8));
#17212=CARTESIAN_POINT('',(23.6234875383521,-96.2467567304383,50.8));
#17213=CARTESIAN_POINT('',(76.1833519372739,-96.0772462546312,50.8));
#17214=CARTESIAN_POINT('',(21.6234979394989,-96.253206883847,52.3));
#17215=CARTESIAN_POINT('',(21.6234979394989,-96.253206883847,52.3));
#17216=CARTESIAN_POINT('',(23.6234875383521,-96.2467567304383,52.3));
#17217=CARTESIAN_POINT('',(76.1833519372739,-96.0772462546312,52.3));
#17218=CARTESIAN_POINT('',(23.6234875383521,-96.2467567304383,52.3));
#17219=CARTESIAN_POINT('Origin',(23.621875,-95.746759330725,52.3));
#17220=CARTESIAN_POINT('',(23.6202624616478,-95.2467619310118,50.8));
#17221=CARTESIAN_POINT('Origin',(23.621875,-95.746759330725,50.8));
#17222=CARTESIAN_POINT('',(23.6202624616478,-95.2467619310118,52.3));
#17223=CARTESIAN_POINT('Origin',(23.621875,-95.746759330725,52.3));
#17224=CARTESIAN_POINT('',(23.6202624616478,-95.2467619310118,52.3));
#17225=CARTESIAN_POINT('Origin',(21.6202728627946,-95.2532120844204,52.3));
#17226=CARTESIAN_POINT('',(21.6202728627946,-95.2532120844204,50.8));
#17227=CARTESIAN_POINT('',(75.1801320611432,-95.0804765319085,50.8));
#17228=CARTESIAN_POINT('',(21.6202728627946,-95.2532120844204,52.3));
#17229=CARTESIAN_POINT('',(75.1801320611432,-95.0804765319085,52.3));
#17230=CARTESIAN_POINT('',(21.6202728627946,-95.2532120844204,52.3));
#17231=CARTESIAN_POINT('Origin',(21.6218854011468,-95.7532094841337,52.3));
#17232=CARTESIAN_POINT('Origin',(21.6218854011468,-95.7532094841337,50.8));
#17233=CARTESIAN_POINT('Origin',(21.6218854011468,-95.7532094841337,52.3));
#17234=CARTESIAN_POINT('Origin',(239.125,-19.05,52.3));
#17235=CARTESIAN_POINT('',(237.125,-19.05,50.8));
#17236=CARTESIAN_POINT('',(239.125,-19.05,50.8));
#17237=CARTESIAN_POINT('',(183.85625,-19.05,50.8));
#17238=CARTESIAN_POINT('',(237.125,-19.05,52.3));
#17239=CARTESIAN_POINT('',(237.125,-19.05,52.3));
#17240=CARTESIAN_POINT('',(239.125,-19.05,52.3));
#17241=CARTESIAN_POINT('',(183.85625,-19.05,52.3));
#17242=CARTESIAN_POINT('',(239.125,-19.05,52.3));
#17243=CARTESIAN_POINT('Origin',(239.125,-18.55,52.3));
#17244=CARTESIAN_POINT('',(239.125,-18.05,50.8));
#17245=CARTESIAN_POINT('Origin',(239.125,-18.55,50.8));
#17246=CARTESIAN_POINT('',(239.125,-18.05,52.3));
#17247=CARTESIAN_POINT('Origin',(239.125,-18.55,52.3));
#17248=CARTESIAN_POINT('',(239.125,-18.05,52.3));
#17249=CARTESIAN_POINT('Origin',(237.125,-18.05,52.3));
#17250=CARTESIAN_POINT('',(237.125,-18.05,50.8));
#17251=CARTESIAN_POINT('',(182.85625,-18.05,50.8));
#17252=CARTESIAN_POINT('',(237.125,-18.05,52.3));
#17253=CARTESIAN_POINT('',(182.85625,-18.05,52.3));
#17254=CARTESIAN_POINT('',(237.125,-18.05,52.3));
#17255=CARTESIAN_POINT('Origin',(237.125,-18.55,52.3));
#17256=CARTESIAN_POINT('Origin',(237.125,-18.55,50.8));
#17257=CARTESIAN_POINT('Origin',(237.125,-18.55,52.3));
#17258=CARTESIAN_POINT('Origin',(187.370066338008,-96.2473552029111,52.3));
#17259=CARTESIAN_POINT('',(185.370073269003,-96.2526205549423,50.8));
#17260=CARTESIAN_POINT('',(187.370066338008,-96.2473552029111,50.8));
#17261=CARTESIAN_POINT('',(158.042990111867,-96.3245641606675,50.8));
#17262=CARTESIAN_POINT('',(185.370073269003,-96.2526205549423,52.3));
#17263=CARTESIAN_POINT('',(185.370073269003,-96.2526205549423,52.3));
#17264=CARTESIAN_POINT('',(187.370066338008,-96.2473552029111,52.3));
#17265=CARTESIAN_POINT('',(158.042990111867,-96.3245641606675,52.3));
#17266=CARTESIAN_POINT('',(187.370066338008,-96.2473552029111,52.3));
#17267=CARTESIAN_POINT('Origin',(187.36875,-95.7473569356598,52.3));
#17268=CARTESIAN_POINT('',(187.367433672529,-95.2473586683808,50.8));
#17269=CARTESIAN_POINT('Origin',(187.36875,-95.7473569356598,50.8));
#17270=CARTESIAN_POINT('',(187.367433672529,-95.2473586683808,52.3));
#17271=CARTESIAN_POINT('Origin',(187.36875,-95.7473569356598,52.3));
#17272=CARTESIAN_POINT('',(187.367433672529,-95.2473586683808,52.3));
#17273=CARTESIAN_POINT('Origin',(185.367440592987,-95.2526240204398,52.3));
#17274=CARTESIAN_POINT('',(185.367440592987,-95.2526240204398,50.8));
#17275=CARTESIAN_POINT('',(157.040360901349,-95.3272003021807,50.8));
#17276=CARTESIAN_POINT('',(185.367440592987,-95.2526240204398,52.3));
#17277=CARTESIAN_POINT('',(157.040360901349,-95.3272003021807,52.3));
#17278=CARTESIAN_POINT('',(185.367440592987,-95.2526240204398,52.3));
#17279=CARTESIAN_POINT('Origin',(185.368756930995,-95.7526222876911,52.3));
#17280=CARTESIAN_POINT('Origin',(185.368756930995,-95.7526222876911,50.8));
#17281=CARTESIAN_POINT('Origin',(185.368756930995,-95.7526222876911,52.3));
#17282=CARTESIAN_POINT('Origin',(71.8076291000933,-96.2472284948526,52.3));
#17283=CARTESIAN_POINT('',(69.8076367077761,-96.2527448952259,50.8));
#17284=CARTESIAN_POINT('',(71.8076291000933,-96.2472284948526,50.8));
#17285=CARTESIAN_POINT('',(100.264403233624,-96.1687387165632,50.8));
#17286=CARTESIAN_POINT('',(69.8076367077761,-96.2527448952259,52.3));
#17287=CARTESIAN_POINT('',(69.8076367077761,-96.2527448952259,52.3));
#17288=CARTESIAN_POINT('',(71.8076291000933,-96.2472284948526,52.3));
#17289=CARTESIAN_POINT('',(100.264403233624,-96.1687387165632,52.3));
#17290=CARTESIAN_POINT('',(71.8076291000933,-96.2472284948526,52.3));
#17291=CARTESIAN_POINT('Origin',(71.80625,-95.7472303967733,52.3));
#17292=CARTESIAN_POINT('',(71.8048708999067,-95.2472322986941,50.8));
#17293=CARTESIAN_POINT('Origin',(71.80625,-95.7472303967733,50.8));
#17294=CARTESIAN_POINT('',(71.8048708999067,-95.2472322986941,52.3));
#17295=CARTESIAN_POINT('Origin',(71.80625,-95.7472303967733,52.3));
#17296=CARTESIAN_POINT('',(71.8048708999067,-95.2472322986941,52.3));
#17297=CARTESIAN_POINT('Origin',(69.8048785075894,-95.2527486990673,52.3));
#17298=CARTESIAN_POINT('',(69.8048785075894,-95.2527486990673,50.8));
#17299=CARTESIAN_POINT('',(99.2616488372789,-95.1715007205915,50.8));
#17300=CARTESIAN_POINT('',(69.8048785075894,-95.2527486990673,52.3));
#17301=CARTESIAN_POINT('',(99.2616488372789,-95.1715007205915,52.3));
#17302=CARTESIAN_POINT('',(69.8048785075894,-95.2527486990673,52.3));
#17303=CARTESIAN_POINT('Origin',(69.8062576076827,-95.7527467971466,52.3));
#17304=CARTESIAN_POINT('Origin',(69.8062576076827,-95.7527467971466,50.8));
#17305=CARTESIAN_POINT('Origin',(69.8062576076827,-95.7527467971466,52.3));
#17306=CARTESIAN_POINT('Origin',(160.925,-18.05,52.3));
#17307=CARTESIAN_POINT('',(162.925,-18.05,50.8));
#17308=CARTESIAN_POINT('',(160.925,-18.05,50.8));
#17309=CARTESIAN_POINT('',(144.75625,-18.05,50.8));
#17310=CARTESIAN_POINT('',(162.925,-18.05,52.3));
#17311=CARTESIAN_POINT('',(162.925,-18.05,52.3));
#17312=CARTESIAN_POINT('',(160.925,-18.05,52.3));
#17313=CARTESIAN_POINT('',(144.75625,-18.05,52.3));
#17314=CARTESIAN_POINT('',(160.925,-18.05,52.3));
#17315=CARTESIAN_POINT('Origin',(160.925,-18.55,52.3));
#17316=CARTESIAN_POINT('',(160.925,-19.05,50.8));
#17317=CARTESIAN_POINT('Origin',(160.925,-18.55,50.8));
#17318=CARTESIAN_POINT('',(160.925,-19.05,52.3));
#17319=CARTESIAN_POINT('Origin',(160.925,-18.55,52.3));
#17320=CARTESIAN_POINT('',(160.925,-19.05,52.3));
#17321=CARTESIAN_POINT('Origin',(162.925,-19.05,52.3));
#17322=CARTESIAN_POINT('',(162.925,-19.05,50.8));
#17323=CARTESIAN_POINT('',(145.75625,-19.05,50.8));
#17324=CARTESIAN_POINT('',(162.925,-19.05,52.3));
#17325=CARTESIAN_POINT('',(145.75625,-19.05,52.3));
#17326=CARTESIAN_POINT('',(162.925,-19.05,52.3));
#17327=CARTESIAN_POINT('Origin',(162.925,-18.55,52.3));
#17328=CARTESIAN_POINT('Origin',(162.925,-18.55,50.8));
#17329=CARTESIAN_POINT('Origin',(162.925,-18.55,52.3));
#17330=CARTESIAN_POINT('Origin',(20.05,0.500000000000001,52.3));
#17331=CARTESIAN_POINT('',(20.05,4.85722573273506E-16,50.8));
#17332=CARTESIAN_POINT('',(20.05,1.,50.8));
#17333=CARTESIAN_POINT('Origin',(20.05,0.500000000000001,50.8));
#17334=CARTESIAN_POINT('',(20.05,4.85722573273506E-16,52.3));
#17335=CARTESIAN_POINT('',(20.05,4.85722573273506E-16,52.3));
#17336=CARTESIAN_POINT('',(20.05,1.,52.3));
#17337=CARTESIAN_POINT('Origin',(20.05,0.500000000000001,52.3));
#17338=CARTESIAN_POINT('',(20.05,1.,52.3));
#17339=CARTESIAN_POINT('Origin',(18.05,1.,52.3));
#17340=CARTESIAN_POINT('',(18.05,1.,50.8));
#17341=CARTESIAN_POINT('',(73.31875,0.999999999999992,50.8));
#17342=CARTESIAN_POINT('',(18.05,1.,52.3));
#17343=CARTESIAN_POINT('',(73.31875,0.999999999999992,52.3));
#17344=CARTESIAN_POINT('',(18.05,1.,52.3));
#17345=CARTESIAN_POINT('Origin',(18.05,0.5,52.3));
#17346=CARTESIAN_POINT('',(18.05,4.16333634234434E-16,50.8));
#17347=CARTESIAN_POINT('Origin',(18.05,0.5,50.8));
#17348=CARTESIAN_POINT('',(18.05,4.16333634234434E-16,52.3));
#17349=CARTESIAN_POINT('Origin',(18.05,0.5,52.3));
#17350=CARTESIAN_POINT('',(18.05,4.16333634234434E-16,52.3));
#17351=CARTESIAN_POINT('Origin',(20.05,4.82418348491267E-16,52.3));
#17352=CARTESIAN_POINT('',(74.31875,0.,50.8));
#17353=CARTESIAN_POINT('',(74.31875,0.,52.3));
#17354=CARTESIAN_POINT('Origin',(96.25,0.500000000000001,52.3));
#17355=CARTESIAN_POINT('',(96.25,4.85722573273506E-16,50.8));
#17356=CARTESIAN_POINT('',(96.25,1.,50.8));
#17357=CARTESIAN_POINT('Origin',(96.25,0.500000000000001,50.8));
#17358=CARTESIAN_POINT('',(96.25,4.85722573273506E-16,52.3));
#17359=CARTESIAN_POINT('',(96.25,4.85722573273506E-16,52.3));
#17360=CARTESIAN_POINT('',(96.25,1.,52.3));
#17361=CARTESIAN_POINT('Origin',(96.25,0.500000000000001,52.3));
#17362=CARTESIAN_POINT('',(96.25,1.,52.3));
#17363=CARTESIAN_POINT('Origin',(94.25,1.,52.3));
#17364=CARTESIAN_POINT('',(94.25,1.,50.8));
#17365=CARTESIAN_POINT('',(111.41875,0.999999999999996,50.8));
#17366=CARTESIAN_POINT('',(94.25,1.,52.3));
#17367=CARTESIAN_POINT('',(111.41875,0.999999999999996,52.3));
#17368=CARTESIAN_POINT('',(94.25,1.,52.3));
#17369=CARTESIAN_POINT('Origin',(94.25,0.5,52.3));
#17370=CARTESIAN_POINT('',(94.25,4.16333634234434E-16,50.8));
#17371=CARTESIAN_POINT('Origin',(94.25,0.5,50.8));
#17372=CARTESIAN_POINT('',(94.25,4.16333634234434E-16,52.3));
#17373=CARTESIAN_POINT('Origin',(94.25,0.5,52.3));
#17374=CARTESIAN_POINT('',(94.25,4.16333634234434E-16,52.3));
#17375=CARTESIAN_POINT('Origin',(96.25,4.82418348491267E-16,52.3));
#17376=CARTESIAN_POINT('',(112.41875,0.,50.8));
#17377=CARTESIAN_POINT('',(112.41875,0.,52.3));
#17378=CARTESIAN_POINT('Origin',(242.625,-17.55,50.8));
#17379=CARTESIAN_POINT('',(241.125,-17.55,52.3));
#17380=CARTESIAN_POINT('',(242.625,-19.05,52.3));
#17381=CARTESIAN_POINT('Origin',(242.625,-17.55,52.3));
#17382=CARTESIAN_POINT('',(242.625,-19.05,50.8));
#17383=CARTESIAN_POINT('',(242.625,-19.05,50.8));
#17384=CARTESIAN_POINT('',(241.125,-17.55,50.8));
#17385=CARTESIAN_POINT('Origin',(242.625,-17.55,50.8));
#17386=CARTESIAN_POINT('',(241.125,-17.55,50.8));
#17387=CARTESIAN_POINT('Origin',(256.175,-19.05,50.8));
#17388=CARTESIAN_POINT('',(256.175,-19.05,52.3));
#17389=CARTESIAN_POINT('',(188.2625,-19.05,52.3));
#17390=CARTESIAN_POINT('',(256.175,-19.05,50.8));
#17391=CARTESIAN_POINT('',(256.175,-19.05,50.8));
#17392=CARTESIAN_POINT('',(188.2625,-19.05,50.8));
#17393=CARTESIAN_POINT('Origin',(240.125,-15.555,50.8));
#17394=CARTESIAN_POINT('',(241.125,-15.555,50.8));
#17395=CARTESIAN_POINT('',(240.125,-14.555,50.8));
#17396=CARTESIAN_POINT('Origin',(240.125,-15.555,50.8));
#17397=CARTESIAN_POINT('',(240.125,-14.555,52.3));
#17398=CARTESIAN_POINT('',(240.125,-14.555,50.8));
#17399=CARTESIAN_POINT('',(241.125,-15.555,52.3));
#17400=CARTESIAN_POINT('Origin',(240.125,-15.555,52.3));
#17401=CARTESIAN_POINT('',(241.125,-15.555,50.8));
#17402=CARTESIAN_POINT('Origin',(241.125,-19.05,50.8));
#17403=CARTESIAN_POINT('',(241.125,-33.3375,50.8));
#17404=CARTESIAN_POINT('',(241.125,-33.3375,52.3));
#17405=CARTESIAN_POINT('Origin',(128.5875,-47.625,52.3));
#17406=CARTESIAN_POINT('',(239.125,-14.555,52.3));
#17407=CARTESIAN_POINT('',(183.85625,-14.555,52.3));
#17408=CARTESIAN_POINT('',(239.125,-15.555,52.3));
#17409=CARTESIAN_POINT('',(239.125,-15.555,52.3));
#17410=CARTESIAN_POINT('',(237.125,-15.555,52.3));
#17411=CARTESIAN_POINT('Origin',(238.125,-15.555,52.3));
#17412=CARTESIAN_POINT('',(237.125,-14.555,52.3));
#17413=CARTESIAN_POINT('',(237.125,-15.555,52.3));
#17414=CARTESIAN_POINT('',(236.125,-14.555,52.3));
#17415=CARTESIAN_POINT('',(181.98125,-14.555,52.3));
#17416=CARTESIAN_POINT('',(235.125,-15.555,52.3));
#17417=CARTESIAN_POINT('Origin',(236.125,-15.555,52.3));
#17418=CARTESIAN_POINT('',(235.125,-17.55,52.3));
#17419=CARTESIAN_POINT('',(235.125,-31.59,52.3));
#17420=CARTESIAN_POINT('',(233.625,-19.05,52.3));
#17421=CARTESIAN_POINT('Origin',(233.625,-17.55,52.3));
#17422=CARTESIAN_POINT('',(166.425,-19.05,52.3));
#17423=CARTESIAN_POINT('',(188.2625,-19.05,52.3));
#17424=CARTESIAN_POINT('',(164.925,-17.55,52.3));
#17425=CARTESIAN_POINT('Origin',(166.425,-17.55,52.3));
#17426=CARTESIAN_POINT('',(164.925,-15.555,52.3));
#17427=CARTESIAN_POINT('',(164.925,-33.3375,52.3));
#17428=CARTESIAN_POINT('',(163.925,-14.555,52.3));
#17429=CARTESIAN_POINT('Origin',(163.925,-15.555,52.3));
#17430=CARTESIAN_POINT('',(162.925,-14.555,52.3));
#17431=CARTESIAN_POINT('',(143.88125,-14.555,52.3));
#17432=CARTESIAN_POINT('',(162.925,-15.555,52.3));
#17433=CARTESIAN_POINT('',(162.925,-15.555,52.3));
#17434=CARTESIAN_POINT('',(160.925,-15.555,52.3));
#17435=CARTESIAN_POINT('Origin',(161.925,-15.555,52.3));
#17436=CARTESIAN_POINT('',(160.925,-14.555,52.3));
#17437=CARTESIAN_POINT('',(160.925,-15.555,52.3));
#17438=CARTESIAN_POINT('',(159.925,-14.555,52.3));
#17439=CARTESIAN_POINT('',(143.88125,-14.555,52.3));
#17440=CARTESIAN_POINT('',(158.925,-15.555,52.3));
#17441=CARTESIAN_POINT('Origin',(159.925,-15.555,52.3));
#17442=CARTESIAN_POINT('',(158.925,-17.55,52.3));
#17443=CARTESIAN_POINT('',(158.925,-31.59,52.3));
#17444=CARTESIAN_POINT('',(157.425,-19.05,52.3));
#17445=CARTESIAN_POINT('Origin',(157.425,-17.55,52.3));
#17446=CARTESIAN_POINT('',(115.3,-19.05,52.3));
#17447=CARTESIAN_POINT('',(188.2625,-19.05,52.3));
#17448=CARTESIAN_POINT('',(114.3,-18.05,52.3));
#17449=CARTESIAN_POINT('Origin',(115.3,-18.05,52.3));
#17450=CARTESIAN_POINT('',(114.3,-1.,52.3));
#17451=CARTESIAN_POINT('',(114.3,-4.93383184139207,52.3));
#17452=CARTESIAN_POINT('',(113.3,4.44089209850063E-15,52.3));
#17453=CARTESIAN_POINT('Origin',(113.3,-0.999999999999994,52.3));
#17454=CARTESIAN_POINT('',(99.75,2.56269478775202E-15,52.3));
#17455=CARTESIAN_POINT('',(1.,0.,52.3));
#17456=CARTESIAN_POINT('',(98.25,1.5,52.3));
#17457=CARTESIAN_POINT('Origin',(99.75,1.5,52.3));
#17458=CARTESIAN_POINT('',(98.25,3.49500000000001,52.3));
#17459=CARTESIAN_POINT('',(98.25,-23.8125,52.3));
#17460=CARTESIAN_POINT('',(97.25,4.49500000000001,52.3));
#17461=CARTESIAN_POINT('Origin',(97.25,3.49500000000001,52.3));
#17462=CARTESIAN_POINT('',(96.25,4.49500000000001,52.3));
#17463=CARTESIAN_POINT('',(112.41875,4.49500000000001,52.3));
#17464=CARTESIAN_POINT('',(96.25,3.49500000000001,52.3));
#17465=CARTESIAN_POINT('',(96.25,3.49500000000001,52.3));
#17466=CARTESIAN_POINT('',(94.25,3.49500000000001,52.3));
#17467=CARTESIAN_POINT('Origin',(95.25,3.49500000000001,52.3));
#17468=CARTESIAN_POINT('',(94.25,4.49500000000001,52.3));
#17469=CARTESIAN_POINT('',(94.25,3.49500000000001,52.3));
#17470=CARTESIAN_POINT('',(93.25,4.49500000000001,52.3));
#17471=CARTESIAN_POINT('',(110.41875,4.49500000000001,52.3));
#17472=CARTESIAN_POINT('',(92.25,3.49500000000001,52.3));
#17473=CARTESIAN_POINT('Origin',(93.25,3.49500000000001,52.3));
#17474=CARTESIAN_POINT('',(92.25,1.5,52.3));
#17475=CARTESIAN_POINT('',(92.25,3.49500000000001,52.3));
#17476=CARTESIAN_POINT('',(90.75,2.32913273114678E-15,52.3));
#17477=CARTESIAN_POINT('Origin',(90.75,1.5,52.3));
#17478=CARTESIAN_POINT('',(23.55,5.8520270849426E-16,52.3));
#17479=CARTESIAN_POINT('',(1.,0.,52.3));
#17480=CARTESIAN_POINT('',(22.05,1.5,52.3));
#17481=CARTESIAN_POINT('Origin',(23.55,1.5,52.3));
#17482=CARTESIAN_POINT('',(22.05,3.495,52.3));
#17483=CARTESIAN_POINT('',(22.05,-23.8125,52.3));
#17484=CARTESIAN_POINT('',(21.05,4.49500000000001,52.3));
#17485=CARTESIAN_POINT('Origin',(21.05,3.495,52.3));
#17486=CARTESIAN_POINT('',(20.05,4.49500000000001,52.3));
#17487=CARTESIAN_POINT('',(74.31875,4.49500000000001,52.3));
#17488=CARTESIAN_POINT('',(20.05,3.49500000000001,52.3));
#17489=CARTESIAN_POINT('',(20.05,3.49500000000001,52.3));
#17490=CARTESIAN_POINT('',(18.05,3.495,52.3));
#17491=CARTESIAN_POINT('Origin',(19.05,3.495,52.3));
#17492=CARTESIAN_POINT('',(18.05,4.495,52.3));
#17493=CARTESIAN_POINT('',(18.05,3.495,52.3));
#17494=CARTESIAN_POINT('',(17.05,4.49500000000001,52.3));
#17495=CARTESIAN_POINT('',(72.31875,4.49500000000001,52.3));
#17496=CARTESIAN_POINT('',(16.05,3.495,52.3));
#17497=CARTESIAN_POINT('Origin',(17.05,3.495,52.3));
#17498=CARTESIAN_POINT('',(16.05,1.5,52.3));
#17499=CARTESIAN_POINT('',(16.05,3.495,52.3));
#17500=CARTESIAN_POINT('',(14.55,3.51640651889012E-16,52.3));
#17501=CARTESIAN_POINT('Origin',(14.55,1.5,52.3));
#17502=CARTESIAN_POINT('',(0.999999999999996,0.,52.3));
#17503=CARTESIAN_POINT('',(1.,0.,52.3));
#17504=CARTESIAN_POINT('',(0.,-0.999999999999996,52.3));
#17505=CARTESIAN_POINT('Origin',(1.,-1.,52.3));
#17506=CARTESIAN_POINT('',(0.,-94.25,52.3));
#17507=CARTESIAN_POINT('',(0.,-95.25,52.3));
#17508=CARTESIAN_POINT('',(1.,-95.25,52.3));
#17509=CARTESIAN_POINT('Origin',(1.,-94.25,52.3));
#17510=CARTESIAN_POINT('',(18.121875,-95.25,52.3));
#17511=CARTESIAN_POINT('',(0.,-95.25,52.3));
#17512=CARTESIAN_POINT('',(19.621875,-96.75,52.3));
#17513=CARTESIAN_POINT('Origin',(18.121875,-96.75,52.3));
#17514=CARTESIAN_POINT('',(19.621875,-98.745,52.3));
#17515=CARTESIAN_POINT('',(19.621875,-71.4375,52.3));
#17516=CARTESIAN_POINT('',(20.621875,-99.745,52.3));
#17517=CARTESIAN_POINT('Origin',(20.621875,-98.745,52.3));
#17518=CARTESIAN_POINT('',(21.621875,-99.745,52.3));
#17519=CARTESIAN_POINT('',(75.1046875,-99.745,52.3));
#17520=CARTESIAN_POINT('',(21.621875,-98.745,52.3));
#17521=CARTESIAN_POINT('',(21.621875,-98.745,52.3));
#17522=CARTESIAN_POINT('',(23.621875,-98.745,52.3));
#17523=CARTESIAN_POINT('Origin',(22.621875,-98.745,52.3));
#17524=CARTESIAN_POINT('',(23.621875,-99.745,52.3));
#17525=CARTESIAN_POINT('',(23.621875,-98.745,52.3));
#17526=CARTESIAN_POINT('',(24.621875,-99.745,52.3));
#17527=CARTESIAN_POINT('',(77.1046875,-99.745,52.3));
#17528=CARTESIAN_POINT('',(25.621875,-98.745,52.3));
#17529=CARTESIAN_POINT('Origin',(24.621875,-98.745,52.3));
#17530=CARTESIAN_POINT('',(25.621875,-96.75,52.3));
#17531=CARTESIAN_POINT('',(25.621875,-98.745,52.3));
#17532=CARTESIAN_POINT('',(27.121875,-95.25,52.3));
#17533=CARTESIAN_POINT('Origin',(27.121875,-96.75,52.3));
#17534=CARTESIAN_POINT('',(66.30625,-95.25,52.3));
#17535=CARTESIAN_POINT('',(0.,-95.25,52.3));
#17536=CARTESIAN_POINT('',(67.80625,-96.75,52.3));
#17537=CARTESIAN_POINT('Origin',(66.30625,-96.75,52.3));
#17538=CARTESIAN_POINT('',(67.80625,-98.745,52.3));
#17539=CARTESIAN_POINT('',(67.80625,-71.4375,52.3));
#17540=CARTESIAN_POINT('',(68.80625,-99.745,52.3));
#17541=CARTESIAN_POINT('Origin',(68.80625,-98.745,52.3));
#17542=CARTESIAN_POINT('',(69.80625,-99.745,52.3));
#17543=CARTESIAN_POINT('',(99.196875,-99.745,52.3));
#17544=CARTESIAN_POINT('',(69.80625,-98.745,52.3));
#17545=CARTESIAN_POINT('',(69.80625,-98.745,52.3));
#17546=CARTESIAN_POINT('',(71.80625,-98.745,52.3));
#17547=CARTESIAN_POINT('Origin',(70.80625,-98.745,52.3));
#17548=CARTESIAN_POINT('',(71.80625,-99.745,52.3));
#17549=CARTESIAN_POINT('',(71.80625,-98.745,52.3));
#17550=CARTESIAN_POINT('',(72.80625,-99.745,52.3));
#17551=CARTESIAN_POINT('',(101.196875,-99.745,52.3));
#17552=CARTESIAN_POINT('',(73.80625,-98.745,52.3));
#17553=CARTESIAN_POINT('Origin',(72.80625,-98.745,52.3));
#17554=CARTESIAN_POINT('',(73.80625,-96.75,52.3));
#17555=CARTESIAN_POINT('',(73.80625,-98.745,52.3));
#17556=CARTESIAN_POINT('',(75.30625,-95.25,52.3));
#17557=CARTESIAN_POINT('Origin',(75.30625,-96.75,52.3));
#17558=CARTESIAN_POINT('',(181.86875,-95.25,52.3));
#17559=CARTESIAN_POINT('',(0.,-95.25,52.3));
#17560=CARTESIAN_POINT('',(183.36875,-96.75,52.3));
#17561=CARTESIAN_POINT('Origin',(181.86875,-96.75,52.3));
#17562=CARTESIAN_POINT('',(183.36875,-98.745,52.3));
#17563=CARTESIAN_POINT('',(183.36875,-71.4375,52.3));
#17564=CARTESIAN_POINT('',(184.36875,-99.745,52.3));
#17565=CARTESIAN_POINT('Origin',(184.36875,-98.745,52.3));
#17566=CARTESIAN_POINT('',(185.36875,-99.745,52.3));
#17567=CARTESIAN_POINT('',(156.978125,-99.745,52.3));
#17568=CARTESIAN_POINT('',(185.36875,-98.745,52.3));
#17569=CARTESIAN_POINT('',(185.36875,-98.745,52.3));
#17570=CARTESIAN_POINT('',(187.36875,-98.745,52.3));
#17571=CARTESIAN_POINT('Origin',(186.36875,-98.745,52.3));
#17572=CARTESIAN_POINT('',(187.36875,-99.745,52.3));
#17573=CARTESIAN_POINT('',(187.36875,-98.745,52.3));
#17574=CARTESIAN_POINT('',(188.36875,-99.745,52.3));
#17575=CARTESIAN_POINT('',(158.978125,-99.745,52.3));
#17576=CARTESIAN_POINT('',(189.36875,-98.745,52.3));
#17577=CARTESIAN_POINT('Origin',(188.36875,-98.745,52.3));
#17578=CARTESIAN_POINT('',(189.36875,-96.75,52.3));
#17579=CARTESIAN_POINT('',(189.36875,-98.745,52.3));
#17580=CARTESIAN_POINT('',(190.86875,-95.25,52.3));
#17581=CARTESIAN_POINT('Origin',(190.86875,-96.75,52.3));
#17582=CARTESIAN_POINT('',(230.053125,-95.25,52.3));
#17583=CARTESIAN_POINT('',(0.,-95.25,52.3));
#17584=CARTESIAN_POINT('',(231.553125,-96.75,52.3));
#17585=CARTESIAN_POINT('Origin',(230.053125,-96.75,52.3));
#17586=CARTESIAN_POINT('',(231.553125,-98.745,52.3));
#17587=CARTESIAN_POINT('',(231.553125,-71.4375,52.3));
#17588=CARTESIAN_POINT('',(232.553125,-99.745,52.3));
#17589=CARTESIAN_POINT('Origin',(232.553125,-98.745,52.3));
#17590=CARTESIAN_POINT('',(233.553125,-99.745,52.3));
#17591=CARTESIAN_POINT('',(181.0703125,-99.745,52.3));
#17592=CARTESIAN_POINT('',(233.553125,-98.745,52.3));
#17593=CARTESIAN_POINT('',(233.553125,-98.745,52.3));
#17594=CARTESIAN_POINT('',(235.553125,-98.745,52.3));
#17595=CARTESIAN_POINT('Origin',(234.553125,-98.745,52.3));
#17596=CARTESIAN_POINT('',(235.553125,-99.745,52.3));
#17597=CARTESIAN_POINT('',(235.553125,-98.745,52.3));
#17598=CARTESIAN_POINT('',(236.553125,-99.745,52.3));
#17599=CARTESIAN_POINT('',(183.0703125,-99.745,52.3));
#17600=CARTESIAN_POINT('',(237.553125,-98.745,52.3));
#17601=CARTESIAN_POINT('Origin',(236.553125,-98.745,52.3));
#17602=CARTESIAN_POINT('',(237.553125,-96.75,52.3));
#17603=CARTESIAN_POINT('',(237.553125,-98.745,52.3));
#17604=CARTESIAN_POINT('',(239.053125,-95.25,52.3));
#17605=CARTESIAN_POINT('Origin',(239.053125,-96.75,52.3));
#17606=CARTESIAN_POINT('',(256.175,-95.25,52.3));
#17607=CARTESIAN_POINT('',(0.,-95.25,52.3));
#17608=CARTESIAN_POINT('',(257.175,-94.25,52.3));
#17609=CARTESIAN_POINT('Origin',(256.175,-94.25,52.3));
#17610=CARTESIAN_POINT('',(257.175,-20.05,52.3));
#17611=CARTESIAN_POINT('',(257.175,-94.25,52.3));
#17612=CARTESIAN_POINT('Origin',(256.175,-20.05,52.3));
#17613=CARTESIAN_POINT('',(69.2,-22.075,52.3));
#17614=CARTESIAN_POINT('',(69.7,-21.575,52.3));
#17615=CARTESIAN_POINT('Origin',(69.7,-22.075,52.3));
#17616=CARTESIAN_POINT('',(82.7,-21.575,52.3));
#17617=CARTESIAN_POINT('',(69.7,-21.575,52.3));
#17618=CARTESIAN_POINT('',(83.2,-22.075,52.3));
#17619=CARTESIAN_POINT('Origin',(82.7,-22.075,52.3));
#17620=CARTESIAN_POINT('',(83.2,-35.075,52.3));
#17621=CARTESIAN_POINT('',(83.2,-22.075,52.3));
#17622=CARTESIAN_POINT('',(82.7,-35.575,52.3));
#17623=CARTESIAN_POINT('Origin',(82.7,-35.075,52.3));
#17624=CARTESIAN_POINT('',(69.7,-35.575,52.3));
#17625=CARTESIAN_POINT('',(69.7,-35.575,52.3));
#17626=CARTESIAN_POINT('',(69.2,-35.075,52.3));
#17627=CARTESIAN_POINT('Origin',(69.7,-35.075,52.3));
#17628=CARTESIAN_POINT('',(69.2,-22.075,52.3));
#17629=CARTESIAN_POINT('',(78.725,-3.025,52.3));
#17630=CARTESIAN_POINT('',(79.225,-2.525,52.3));
#17631=CARTESIAN_POINT('Origin',(79.225,-3.025,52.3));
#17632=CARTESIAN_POINT('',(92.225,-2.52500000000001,52.3));
#17633=CARTESIAN_POINT('',(79.225,-2.525,52.3));
#17634=CARTESIAN_POINT('',(92.725,-3.025,52.3));
#17635=CARTESIAN_POINT('Origin',(92.225,-3.025,52.3));
#17636=CARTESIAN_POINT('',(92.725,-16.025,52.3));
#17637=CARTESIAN_POINT('',(92.725,-3.025,52.3));
#17638=CARTESIAN_POINT('',(92.225,-16.525,52.3));
#17639=CARTESIAN_POINT('Origin',(92.225,-16.025,52.3));
#17640=CARTESIAN_POINT('',(79.225,-16.525,52.3));
#17641=CARTESIAN_POINT('',(79.225,-16.525,52.3));
#17642=CARTESIAN_POINT('',(78.725,-16.025,52.3));
#17643=CARTESIAN_POINT('Origin',(79.225,-16.025,52.3));
#17644=CARTESIAN_POINT('',(78.725,-3.025,52.3));
#17645=CARTESIAN_POINT('',(31.1,-22.075,52.3));
#17646=CARTESIAN_POINT('',(31.6,-21.575,52.3));
#17647=CARTESIAN_POINT('Origin',(31.6,-22.075,52.3));
#17648=CARTESIAN_POINT('',(44.6,-21.575,52.3));
#17649=CARTESIAN_POINT('',(31.6,-21.575,52.3));
#17650=CARTESIAN_POINT('',(45.1,-22.075,52.3));
#17651=CARTESIAN_POINT('Origin',(44.6,-22.075,52.3));
#17652=CARTESIAN_POINT('',(45.1,-35.075,52.3));
#17653=CARTESIAN_POINT('',(45.1,-22.075,52.3));
#17654=CARTESIAN_POINT('',(44.6,-35.575,52.3));
#17655=CARTESIAN_POINT('Origin',(44.6,-35.075,52.3));
#17656=CARTESIAN_POINT('',(31.6,-35.575,52.3));
#17657=CARTESIAN_POINT('',(31.6,-35.575,52.3));
#17658=CARTESIAN_POINT('',(31.1,-35.075,52.3));
#17659=CARTESIAN_POINT('Origin',(31.6,-35.075,52.3));
#17660=CARTESIAN_POINT('',(31.1,-22.075,52.3));
#17661=CARTESIAN_POINT('',(97.775,-3.025,52.3));
#17662=CARTESIAN_POINT('',(98.275,-2.525,52.3));
#17663=CARTESIAN_POINT('Origin',(98.275,-3.025,52.3));
#17664=CARTESIAN_POINT('',(111.275,-2.52499999999999,52.3));
#17665=CARTESIAN_POINT('',(98.275,-2.525,52.3));
#17666=CARTESIAN_POINT('',(111.775,-3.025,52.3));
#17667=CARTESIAN_POINT('Origin',(111.275,-3.025,52.3));
#17668=CARTESIAN_POINT('',(111.775,-16.025,52.3));
#17669=CARTESIAN_POINT('',(111.775,-3.025,52.3));
#17670=CARTESIAN_POINT('',(111.275,-16.525,52.3));
#17671=CARTESIAN_POINT('Origin',(111.275,-16.025,52.3));
#17672=CARTESIAN_POINT('',(98.275,-16.525,52.3));
#17673=CARTESIAN_POINT('',(98.275,-16.525,52.3));
#17674=CARTESIAN_POINT('',(97.775,-16.025,52.3));
#17675=CARTESIAN_POINT('Origin',(98.275,-16.025,52.3));
#17676=CARTESIAN_POINT('',(97.775,-3.025,52.3));
#17677=CARTESIAN_POINT('',(50.15,-22.075,52.3));
#17678=CARTESIAN_POINT('',(50.65,-21.575,52.3));
#17679=CARTESIAN_POINT('Origin',(50.65,-22.075,52.3));
#17680=CARTESIAN_POINT('',(63.65,-21.575,52.3));
#17681=CARTESIAN_POINT('',(50.65,-21.575,52.3));
#17682=CARTESIAN_POINT('',(64.15,-22.075,52.3));
#17683=CARTESIAN_POINT('Origin',(63.65,-22.075,52.3));
#17684=CARTESIAN_POINT('',(64.15,-35.075,52.3));
#17685=CARTESIAN_POINT('',(64.15,-22.075,52.3));
#17686=CARTESIAN_POINT('',(63.65,-35.575,52.3));
#17687=CARTESIAN_POINT('Origin',(63.65,-35.075,52.3));
#17688=CARTESIAN_POINT('',(50.65,-35.575,52.3));
#17689=CARTESIAN_POINT('',(50.65,-35.575,52.3));
#17690=CARTESIAN_POINT('',(50.15,-35.075,52.3));
#17691=CARTESIAN_POINT('Origin',(50.65,-35.075,52.3));
#17692=CARTESIAN_POINT('',(50.15,-22.075,52.3));
#17693=CARTESIAN_POINT('',(88.25,-22.075,52.3));
#17694=CARTESIAN_POINT('',(88.75,-21.575,52.3));
#17695=CARTESIAN_POINT('Origin',(88.75,-22.075,52.3));
#17696=CARTESIAN_POINT('',(101.75,-21.575,52.3));
#17697=CARTESIAN_POINT('',(88.75,-21.575,52.3));
#17698=CARTESIAN_POINT('',(102.25,-22.075,52.3));
#17699=CARTESIAN_POINT('Origin',(101.75,-22.075,52.3));
#17700=CARTESIAN_POINT('',(102.25,-35.075,52.3));
#17701=CARTESIAN_POINT('',(102.25,-22.075,52.3));
#17702=CARTESIAN_POINT('',(101.75,-35.575,52.3));
#17703=CARTESIAN_POINT('Origin',(101.75,-35.075,52.3));
#17704=CARTESIAN_POINT('',(88.75,-35.575,52.3));
#17705=CARTESIAN_POINT('',(88.75,-35.575,52.3));
#17706=CARTESIAN_POINT('',(88.25,-35.075,52.3));
#17707=CARTESIAN_POINT('Origin',(88.75,-35.075,52.3));
#17708=CARTESIAN_POINT('',(88.25,-22.075,52.3));
#17709=CARTESIAN_POINT('',(7.2875,-22.075,52.3));
#17710=CARTESIAN_POINT('',(7.7875,-21.575,52.3));
#17711=CARTESIAN_POINT('Origin',(7.7875,-22.075,52.3));
#17712=CARTESIAN_POINT('',(20.7875,-21.575,52.3));
#17713=CARTESIAN_POINT('',(7.7875,-21.575,52.3));
#17714=CARTESIAN_POINT('',(21.2875,-22.075,52.3));
#17715=CARTESIAN_POINT('Origin',(20.7875,-22.075,52.3));
#17716=CARTESIAN_POINT('',(21.2875,-35.075,52.3));
#17717=CARTESIAN_POINT('',(21.2875,-22.075,52.3));
#17718=CARTESIAN_POINT('',(20.7875,-35.575,52.3));
#17719=CARTESIAN_POINT('Origin',(20.7875,-35.075,52.3));
#17720=CARTESIAN_POINT('',(7.7875,-35.575,52.3));
#17721=CARTESIAN_POINT('',(7.7875,-35.575,52.3));
#17722=CARTESIAN_POINT('',(7.2875,-35.075,52.3));
#17723=CARTESIAN_POINT('Origin',(7.7875,-35.075,52.3));
#17724=CARTESIAN_POINT('',(7.2875,-22.075,52.3));
#17725=CARTESIAN_POINT('',(40.625,-3.025,52.3));
#17726=CARTESIAN_POINT('',(41.125,-2.525,52.3));
#17727=CARTESIAN_POINT('Origin',(41.125,-3.025,52.3));
#17728=CARTESIAN_POINT('',(54.125,-2.525,52.3));
#17729=CARTESIAN_POINT('',(41.125,-2.525,52.3));
#17730=CARTESIAN_POINT('',(54.625,-3.025,52.3));
#17731=CARTESIAN_POINT('Origin',(54.125,-3.025,52.3));
#17732=CARTESIAN_POINT('',(54.625,-16.025,52.3));
#17733=CARTESIAN_POINT('',(54.625,-3.025,52.3));
#17734=CARTESIAN_POINT('',(54.125,-16.525,52.3));
#17735=CARTESIAN_POINT('Origin',(54.125,-16.025,52.3));
#17736=CARTESIAN_POINT('',(41.125,-16.525,52.3));
#17737=CARTESIAN_POINT('',(41.125,-16.525,52.3));
#17738=CARTESIAN_POINT('',(40.625,-16.025,52.3));
#17739=CARTESIAN_POINT('Origin',(41.125,-16.025,52.3));
#17740=CARTESIAN_POINT('',(40.625,-3.025,52.3));
#17741=CARTESIAN_POINT('',(59.675,-3.025,52.3));
#17742=CARTESIAN_POINT('',(60.175,-2.525,52.3));
#17743=CARTESIAN_POINT('Origin',(60.175,-3.025,52.3));
#17744=CARTESIAN_POINT('',(73.175,-2.525,52.3));
#17745=CARTESIAN_POINT('',(60.175,-2.525,52.3));
#17746=CARTESIAN_POINT('',(73.675,-3.025,52.3));
#17747=CARTESIAN_POINT('Origin',(73.175,-3.025,52.3));
#17748=CARTESIAN_POINT('',(73.675,-16.025,52.3));
#17749=CARTESIAN_POINT('',(73.675,-3.025,52.3));
#17750=CARTESIAN_POINT('',(73.175,-16.525,52.3));
#17751=CARTESIAN_POINT('Origin',(73.175,-16.025,52.3));
#17752=CARTESIAN_POINT('',(60.175,-16.525,52.3));
#17753=CARTESIAN_POINT('',(60.175,-16.525,52.3));
#17754=CARTESIAN_POINT('',(59.675,-16.025,52.3));
#17755=CARTESIAN_POINT('Origin',(60.175,-16.025,52.3));
#17756=CARTESIAN_POINT('',(59.675,-3.025,52.3));
#17757=CARTESIAN_POINT('',(21.575,-3.025,52.3));
#17758=CARTESIAN_POINT('',(22.075,-2.525,52.3));
#17759=CARTESIAN_POINT('Origin',(22.075,-3.025,52.3));
#17760=CARTESIAN_POINT('',(35.075,-2.525,52.3));
#17761=CARTESIAN_POINT('',(22.075,-2.525,52.3));
#17762=CARTESIAN_POINT('',(35.575,-3.025,52.3));
#17763=CARTESIAN_POINT('Origin',(35.075,-3.025,52.3));
#17764=CARTESIAN_POINT('',(35.575,-16.025,52.3));
#17765=CARTESIAN_POINT('',(35.575,-3.025,52.3));
#17766=CARTESIAN_POINT('',(35.075,-16.525,52.3));
#17767=CARTESIAN_POINT('Origin',(35.075,-16.025,52.3));
#17768=CARTESIAN_POINT('',(22.075,-16.525,52.3));
#17769=CARTESIAN_POINT('',(22.075,-16.525,52.3));
#17770=CARTESIAN_POINT('',(21.575,-16.025,52.3));
#17771=CARTESIAN_POINT('Origin',(22.075,-16.025,52.3));
#17772=CARTESIAN_POINT('',(21.575,-3.025,52.3));
#17773=CARTESIAN_POINT('',(2.525,-3.025,52.3));
#17774=CARTESIAN_POINT('',(3.025,-2.525,52.3));
#17775=CARTESIAN_POINT('Origin',(3.025,-3.025,52.3));
#17776=CARTESIAN_POINT('',(16.025,-2.525,52.3));
#17777=CARTESIAN_POINT('',(3.025,-2.525,52.3));
#17778=CARTESIAN_POINT('',(16.525,-3.025,52.3));
#17779=CARTESIAN_POINT('Origin',(16.025,-3.025,52.3));
#17780=CARTESIAN_POINT('',(16.525,-16.025,52.3));
#17781=CARTESIAN_POINT('',(16.525,-3.025,52.3));
#17782=CARTESIAN_POINT('',(16.025,-16.525,52.3));
#17783=CARTESIAN_POINT('Origin',(16.025,-16.025,52.3));
#17784=CARTESIAN_POINT('',(3.025,-16.525,52.3));
#17785=CARTESIAN_POINT('',(3.025,-16.525,52.3));
#17786=CARTESIAN_POINT('',(2.525,-16.025,52.3));
#17787=CARTESIAN_POINT('Origin',(3.025,-16.025,52.3));
#17788=CARTESIAN_POINT('',(2.525,-3.025,52.3));
#17789=CARTESIAN_POINT('',(141.6125,-91.225,52.3));
#17790=CARTESIAN_POINT('',(141.1125,-91.725,52.3));
#17791=CARTESIAN_POINT('Origin',(141.1125,-91.225,52.3));
#17792=CARTESIAN_POINT('',(135.9875,-91.725,52.3));
#17793=CARTESIAN_POINT('',(141.1125,-91.725,52.3));
#17794=CARTESIAN_POINT('',(135.5875,-92.125,52.3));
#17795=CARTESIAN_POINT('Origin',(135.9875,-92.125,52.3));
#17796=CARTESIAN_POINT('',(135.5875,-92.225,52.3));
#17797=CARTESIAN_POINT('',(135.5875,-92.125,52.3));
#17798=CARTESIAN_POINT('',(135.0875,-92.725,52.3));
#17799=CARTESIAN_POINT('Origin',(135.0875,-92.225,52.3));
#17800=CARTESIAN_POINT('',(122.0875,-92.725,52.3));
#17801=CARTESIAN_POINT('',(122.0875,-92.725,52.3));
#17802=CARTESIAN_POINT('',(121.5875,-92.225,52.3));
#17803=CARTESIAN_POINT('Origin',(122.0875,-92.225,52.3));
#17804=CARTESIAN_POINT('',(121.5875,-92.125,52.3));
#17805=CARTESIAN_POINT('',(121.5875,-92.125,52.3));
#17806=CARTESIAN_POINT('',(121.1875,-91.725,52.3));
#17807=CARTESIAN_POINT('Origin',(121.1875,-92.125,52.3));
#17808=CARTESIAN_POINT('',(116.0625,-91.725,52.3));
#17809=CARTESIAN_POINT('',(121.1875,-91.725,52.3));
#17810=CARTESIAN_POINT('',(115.5625,-91.225,52.3));
#17811=CARTESIAN_POINT('Origin',(116.0625,-91.225,52.3));
#17812=CARTESIAN_POINT('',(115.5625,-77.225,52.3));
#17813=CARTESIAN_POINT('',(115.5625,-91.225,52.3));
#17814=CARTESIAN_POINT('',(116.0625,-76.725,52.3));
#17815=CARTESIAN_POINT('Origin',(116.0625,-77.225,52.3));
#17816=CARTESIAN_POINT('',(122.0625,-76.725,52.3));
#17817=CARTESIAN_POINT('',(122.0625,-76.725,52.3));
#17818=CARTESIAN_POINT('',(122.5625,-77.225,52.3));
#17819=CARTESIAN_POINT('Origin',(122.0625,-77.225,52.3));
#17820=CARTESIAN_POINT('',(122.5625,-78.325,52.3));
#17821=CARTESIAN_POINT('',(122.5625,-78.325,52.3));
#17822=CARTESIAN_POINT('',(122.9625,-78.725,52.3));
#17823=CARTESIAN_POINT('Origin',(122.9625,-78.325,52.3));
#17824=CARTESIAN_POINT('',(134.2125,-78.725,52.3));
#17825=CARTESIAN_POINT('',(122.9625,-78.725,52.3));
#17826=CARTESIAN_POINT('',(134.6125,-78.325,52.3));
#17827=CARTESIAN_POINT('Origin',(134.2125,-78.325,52.3));
#17828=CARTESIAN_POINT('',(134.6125,-77.225,52.3));
#17829=CARTESIAN_POINT('',(134.6125,-78.325,52.3));
#17830=CARTESIAN_POINT('',(135.1125,-76.725,52.3));
#17831=CARTESIAN_POINT('Origin',(135.1125,-77.225,52.3));
#17832=CARTESIAN_POINT('',(141.1125,-76.725,52.3));
#17833=CARTESIAN_POINT('',(141.1125,-76.725,52.3));
#17834=CARTESIAN_POINT('',(141.6125,-77.225,52.3));
#17835=CARTESIAN_POINT('Origin',(141.1125,-77.225,52.3));
#17836=CARTESIAN_POINT('',(141.6125,-91.225,52.3));
#17837=CARTESIAN_POINT('',(238.26875,-79.225,52.3));
#17838=CARTESIAN_POINT('',(238.76875,-78.725,52.3));
#17839=CARTESIAN_POINT('Origin',(238.76875,-79.225,52.3));
#17840=CARTESIAN_POINT('',(251.76875,-78.725,52.3));
#17841=CARTESIAN_POINT('',(238.76875,-78.725,52.3));
#17842=CARTESIAN_POINT('',(252.26875,-79.225,52.3));
#17843=CARTESIAN_POINT('Origin',(251.76875,-79.225,52.3));
#17844=CARTESIAN_POINT('',(252.26875,-92.225,52.3));
#17845=CARTESIAN_POINT('',(252.26875,-79.225,52.3));
#17846=CARTESIAN_POINT('',(251.76875,-92.725,52.3));
#17847=CARTESIAN_POINT('Origin',(251.76875,-92.225,52.3));
#17848=CARTESIAN_POINT('',(238.76875,-92.725,52.3));
#17849=CARTESIAN_POINT('',(238.76875,-92.725,52.3));
#17850=CARTESIAN_POINT('',(238.26875,-92.225,52.3));
#17851=CARTESIAN_POINT('Origin',(238.76875,-92.225,52.3));
#17852=CARTESIAN_POINT('',(238.26875,-79.225,52.3));
#17853=CARTESIAN_POINT('',(216.8375,-79.225,52.3));
#17854=CARTESIAN_POINT('',(217.3375,-78.725,52.3));
#17855=CARTESIAN_POINT('Origin',(217.3375,-79.225,52.3));
#17856=CARTESIAN_POINT('',(230.3375,-78.725,52.3));
#17857=CARTESIAN_POINT('',(217.3375,-78.725,52.3));
#17858=CARTESIAN_POINT('',(230.8375,-79.225,52.3));
#17859=CARTESIAN_POINT('Origin',(230.3375,-79.225,52.3));
#17860=CARTESIAN_POINT('',(230.8375,-92.225,52.3));
#17861=CARTESIAN_POINT('',(230.8375,-79.225,52.3));
#17862=CARTESIAN_POINT('',(230.3375,-92.725,52.3));
#17863=CARTESIAN_POINT('Origin',(230.3375,-92.225,52.3));
#17864=CARTESIAN_POINT('',(217.3375,-92.725,52.3));
#17865=CARTESIAN_POINT('',(217.3375,-92.725,52.3));
#17866=CARTESIAN_POINT('',(216.8375,-92.225,52.3));
#17867=CARTESIAN_POINT('Origin',(217.3375,-92.225,52.3));
#17868=CARTESIAN_POINT('',(216.8375,-79.225,52.3));
#17869=CARTESIAN_POINT('',(193.025,-79.225,52.3));
#17870=CARTESIAN_POINT('',(193.525,-78.725,52.3));
#17871=CARTESIAN_POINT('Origin',(193.525,-79.225,52.3));
#17872=CARTESIAN_POINT('',(206.525,-78.725,52.3));
#17873=CARTESIAN_POINT('',(193.525,-78.725,52.3));
#17874=CARTESIAN_POINT('',(207.025,-79.225,52.3));
#17875=CARTESIAN_POINT('Origin',(206.525,-79.225,52.3));
#17876=CARTESIAN_POINT('',(207.025,-92.225,52.3));
#17877=CARTESIAN_POINT('',(207.025,-79.225,52.3));
#17878=CARTESIAN_POINT('',(206.525,-92.725,52.3));
#17879=CARTESIAN_POINT('Origin',(206.525,-92.225,52.3));
#17880=CARTESIAN_POINT('',(193.525,-92.725,52.3));
#17881=CARTESIAN_POINT('',(193.525,-92.725,52.3));
#17882=CARTESIAN_POINT('',(193.025,-92.225,52.3));
#17883=CARTESIAN_POINT('Origin',(193.525,-92.225,52.3));
#17884=CARTESIAN_POINT('',(193.025,-79.225,52.3));
#17885=CARTESIAN_POINT('',(179.7125,-91.225,52.3));
#17886=CARTESIAN_POINT('',(179.2125,-91.725,52.3));
#17887=CARTESIAN_POINT('Origin',(179.2125,-91.225,52.3));
#17888=CARTESIAN_POINT('',(173.2125,-91.725,52.3));
#17889=CARTESIAN_POINT('',(179.2125,-91.725,52.3));
#17890=CARTESIAN_POINT('',(172.7125,-91.225,52.3));
#17891=CARTESIAN_POINT('Origin',(173.2125,-91.225,52.3));
#17892=CARTESIAN_POINT('',(172.7125,-77.225,52.3));
#17893=CARTESIAN_POINT('',(172.7125,-91.225,52.3));
#17894=CARTESIAN_POINT('',(173.2125,-76.725,52.3));
#17895=CARTESIAN_POINT('Origin',(173.2125,-77.225,52.3));
#17896=CARTESIAN_POINT('',(179.2125,-76.725,52.3));
#17897=CARTESIAN_POINT('',(179.2125,-76.725,52.3));
#17898=CARTESIAN_POINT('',(179.7125,-77.225,52.3));
#17899=CARTESIAN_POINT('Origin',(179.2125,-77.225,52.3));
#17900=CARTESIAN_POINT('',(179.7125,-91.225,52.3));
#17901=CARTESIAN_POINT('',(150.1625,-79.225,52.3));
#17902=CARTESIAN_POINT('',(150.6625,-78.725,52.3));
#17903=CARTESIAN_POINT('Origin',(150.6625,-79.225,52.3));
#17904=CARTESIAN_POINT('',(163.6625,-78.725,52.3));
#17905=CARTESIAN_POINT('',(150.6625,-78.725,52.3));
#17906=CARTESIAN_POINT('',(164.1625,-79.225,52.3));
#17907=CARTESIAN_POINT('Origin',(163.6625,-79.225,52.3));
#17908=CARTESIAN_POINT('',(164.1625,-92.225,52.3));
#17909=CARTESIAN_POINT('',(164.1625,-79.225,52.3));
#17910=CARTESIAN_POINT('',(163.6625,-92.725,52.3));
#17911=CARTESIAN_POINT('Origin',(163.6625,-92.225,52.3));
#17912=CARTESIAN_POINT('',(150.6625,-92.725,52.3));
#17913=CARTESIAN_POINT('',(150.6625,-92.725,52.3));
#17914=CARTESIAN_POINT('',(150.1625,-92.225,52.3));
#17915=CARTESIAN_POINT('Origin',(150.6625,-92.225,52.3));
#17916=CARTESIAN_POINT('',(150.1625,-79.225,52.3));
#17917=CARTESIAN_POINT('',(84.4625,-91.225,52.3));
#17918=CARTESIAN_POINT('',(83.9625,-91.725,52.3));
#17919=CARTESIAN_POINT('Origin',(83.9625,-91.225,52.3));
#17920=CARTESIAN_POINT('',(77.9625,-91.725,52.3));
#17921=CARTESIAN_POINT('',(83.9625,-91.725,52.3));
#17922=CARTESIAN_POINT('',(77.4625,-91.225,52.3));
#17923=CARTESIAN_POINT('Origin',(77.9625,-91.225,52.3));
#17924=CARTESIAN_POINT('',(77.4625,-77.225,52.3));
#17925=CARTESIAN_POINT('',(77.4625,-91.225,52.3));
#17926=CARTESIAN_POINT('',(77.9625,-76.725,52.3));
#17927=CARTESIAN_POINT('Origin',(77.9625,-77.225,52.3));
#17928=CARTESIAN_POINT('',(83.9625,-76.725,52.3));
#17929=CARTESIAN_POINT('',(83.9625,-76.725,52.3));
#17930=CARTESIAN_POINT('',(84.4625,-77.225,52.3));
#17931=CARTESIAN_POINT('Origin',(83.9625,-77.225,52.3));
#17932=CARTESIAN_POINT('',(84.4625,-91.225,52.3));
#17933=CARTESIAN_POINT('',(93.0125,-79.225,52.3));
#17934=CARTESIAN_POINT('',(93.5125,-78.725,52.3));
#17935=CARTESIAN_POINT('Origin',(93.5125,-79.225,52.3));
#17936=CARTESIAN_POINT('',(106.5125,-78.725,52.3));
#17937=CARTESIAN_POINT('',(93.5125,-78.725,52.3));
#17938=CARTESIAN_POINT('',(107.0125,-79.225,52.3));
#17939=CARTESIAN_POINT('Origin',(106.5125,-79.225,52.3));
#17940=CARTESIAN_POINT('',(107.0125,-92.225,52.3));
#17941=CARTESIAN_POINT('',(107.0125,-79.225,52.3));
#17942=CARTESIAN_POINT('',(106.5125,-92.725,52.3));
#17943=CARTESIAN_POINT('Origin',(106.5125,-92.225,52.3));
#17944=CARTESIAN_POINT('',(93.5125,-92.725,52.3));
#17945=CARTESIAN_POINT('',(93.5125,-92.725,52.3));
#17946=CARTESIAN_POINT('',(93.0125,-92.225,52.3));
#17947=CARTESIAN_POINT('Origin',(93.5125,-92.225,52.3));
#17948=CARTESIAN_POINT('',(93.0125,-79.225,52.3));
#17949=CARTESIAN_POINT('',(50.15,-79.225,52.3));
#17950=CARTESIAN_POINT('',(50.65,-78.725,52.3));
#17951=CARTESIAN_POINT('Origin',(50.65,-79.225,52.3));
#17952=CARTESIAN_POINT('',(63.65,-78.725,52.3));
#17953=CARTESIAN_POINT('',(50.65,-78.725,52.3));
#17954=CARTESIAN_POINT('',(64.15,-79.225,52.3));
#17955=CARTESIAN_POINT('Origin',(63.65,-79.225,52.3));
#17956=CARTESIAN_POINT('',(64.15,-92.225,52.3));
#17957=CARTESIAN_POINT('',(64.15,-79.225,52.3));
#17958=CARTESIAN_POINT('',(63.65,-92.725,52.3));
#17959=CARTESIAN_POINT('Origin',(63.65,-92.225,52.3));
#17960=CARTESIAN_POINT('',(50.65,-92.725,52.3));
#17961=CARTESIAN_POINT('',(50.65,-92.725,52.3));
#17962=CARTESIAN_POINT('',(50.15,-92.225,52.3));
#17963=CARTESIAN_POINT('Origin',(50.65,-92.225,52.3));
#17964=CARTESIAN_POINT('',(50.15,-79.225,52.3));
#17965=CARTESIAN_POINT('',(26.3375,-79.225,52.3));
#17966=CARTESIAN_POINT('',(26.8375,-78.725,52.3));
#17967=CARTESIAN_POINT('Origin',(26.8375,-79.225,52.3));
#17968=CARTESIAN_POINT('',(39.8375,-78.725,52.3));
#17969=CARTESIAN_POINT('',(26.8375,-78.725,52.3));
#17970=CARTESIAN_POINT('',(40.3375,-79.225,52.3));
#17971=CARTESIAN_POINT('Origin',(39.8375,-79.225,52.3));
#17972=CARTESIAN_POINT('',(40.3375,-92.225,52.3));
#17973=CARTESIAN_POINT('',(40.3375,-79.225,52.3));
#17974=CARTESIAN_POINT('',(39.8375,-92.725,52.3));
#17975=CARTESIAN_POINT('Origin',(39.8375,-92.225,52.3));
#17976=CARTESIAN_POINT('',(26.8375,-92.725,52.3));
#17977=CARTESIAN_POINT('',(26.8375,-92.725,52.3));
#17978=CARTESIAN_POINT('',(26.3375,-92.225,52.3));
#17979=CARTESIAN_POINT('Origin',(26.8375,-92.225,52.3));
#17980=CARTESIAN_POINT('',(26.3375,-79.225,52.3));
#17981=CARTESIAN_POINT('',(4.90625,-79.225,52.3));
#17982=CARTESIAN_POINT('',(5.40625,-78.725,52.3));
#17983=CARTESIAN_POINT('Origin',(5.40625,-79.225,52.3));
#17984=CARTESIAN_POINT('',(18.40625,-78.725,52.3));
#17985=CARTESIAN_POINT('',(5.40625,-78.725,52.3));
#17986=CARTESIAN_POINT('',(18.90625,-79.225,52.3));
#17987=CARTESIAN_POINT('Origin',(18.40625,-79.225,52.3));
#17988=CARTESIAN_POINT('',(18.90625,-92.225,52.3));
#17989=CARTESIAN_POINT('',(18.90625,-79.225,52.3));
#17990=CARTESIAN_POINT('',(18.40625,-92.725,52.3));
#17991=CARTESIAN_POINT('Origin',(18.40625,-92.225,52.3));
#17992=CARTESIAN_POINT('',(5.40625,-92.725,52.3));
#17993=CARTESIAN_POINT('',(5.40625,-92.725,52.3));
#17994=CARTESIAN_POINT('',(4.90625,-92.225,52.3));
#17995=CARTESIAN_POINT('Origin',(5.40625,-92.225,52.3));
#17996=CARTESIAN_POINT('',(4.90625,-79.225,52.3));
#17997=CARTESIAN_POINT('',(235.8875,-60.175,52.3));
#17998=CARTESIAN_POINT('',(236.3875,-59.675,52.3));
#17999=CARTESIAN_POINT('Origin',(236.3875,-60.175,52.3));
#18000=CARTESIAN_POINT('',(249.3875,-59.675,52.3));
#18001=CARTESIAN_POINT('',(236.3875,-59.675,52.3));
#18002=CARTESIAN_POINT('',(249.8875,-60.175,52.3));
#18003=CARTESIAN_POINT('Origin',(249.3875,-60.175,52.3));
#18004=CARTESIAN_POINT('',(249.8875,-73.175,52.3));
#18005=CARTESIAN_POINT('',(249.8875,-60.175,52.3));
#18006=CARTESIAN_POINT('',(249.3875,-73.675,52.3));
#18007=CARTESIAN_POINT('Origin',(249.3875,-73.175,52.3));
#18008=CARTESIAN_POINT('',(236.3875,-73.675,52.3));
#18009=CARTESIAN_POINT('',(236.3875,-73.675,52.3));
#18010=CARTESIAN_POINT('',(235.8875,-73.175,52.3));
#18011=CARTESIAN_POINT('Origin',(236.3875,-73.175,52.3));
#18012=CARTESIAN_POINT('',(235.8875,-60.175,52.3));
#18013=CARTESIAN_POINT('',(212.075,-60.175,52.3));
#18014=CARTESIAN_POINT('',(212.575,-59.675,52.3));
#18015=CARTESIAN_POINT('Origin',(212.575,-60.175,52.3));
#18016=CARTESIAN_POINT('',(225.575,-59.675,52.3));
#18017=CARTESIAN_POINT('',(212.575,-59.675,52.3));
#18018=CARTESIAN_POINT('',(226.075,-60.175,52.3));
#18019=CARTESIAN_POINT('Origin',(225.575,-60.175,52.3));
#18020=CARTESIAN_POINT('',(226.075,-73.175,52.3));
#18021=CARTESIAN_POINT('',(226.075,-60.175,52.3));
#18022=CARTESIAN_POINT('',(225.575,-73.675,52.3));
#18023=CARTESIAN_POINT('Origin',(225.575,-73.175,52.3));
#18024=CARTESIAN_POINT('',(212.575,-73.675,52.3));
#18025=CARTESIAN_POINT('',(212.575,-73.675,52.3));
#18026=CARTESIAN_POINT('',(212.075,-73.175,52.3));
#18027=CARTESIAN_POINT('Origin',(212.575,-73.175,52.3));
#18028=CARTESIAN_POINT('',(212.075,-60.175,52.3));
#18029=CARTESIAN_POINT('',(193.025,-60.175,52.3));
#18030=CARTESIAN_POINT('',(193.525,-59.675,52.3));
#18031=CARTESIAN_POINT('Origin',(193.525,-60.175,52.3));
#18032=CARTESIAN_POINT('',(206.525,-59.675,52.3));
#18033=CARTESIAN_POINT('',(193.525,-59.675,52.3));
#18034=CARTESIAN_POINT('',(207.025,-60.175,52.3));
#18035=CARTESIAN_POINT('Origin',(206.525,-60.175,52.3));
#18036=CARTESIAN_POINT('',(207.025,-73.175,52.3));
#18037=CARTESIAN_POINT('',(207.025,-60.175,52.3));
#18038=CARTESIAN_POINT('',(206.525,-73.675,52.3));
#18039=CARTESIAN_POINT('Origin',(206.525,-73.175,52.3));
#18040=CARTESIAN_POINT('',(193.525,-73.675,52.3));
#18041=CARTESIAN_POINT('',(193.525,-73.675,52.3));
#18042=CARTESIAN_POINT('',(193.025,-73.175,52.3));
#18043=CARTESIAN_POINT('Origin',(193.525,-73.175,52.3));
#18044=CARTESIAN_POINT('',(193.025,-60.175,52.3));
#18045=CARTESIAN_POINT('',(173.975,-60.175,52.3));
#18046=CARTESIAN_POINT('',(174.475,-59.675,52.3));
#18047=CARTESIAN_POINT('Origin',(174.475,-60.175,52.3));
#18048=CARTESIAN_POINT('',(187.475,-59.675,52.3));
#18049=CARTESIAN_POINT('',(174.475,-59.675,52.3));
#18050=CARTESIAN_POINT('',(187.975,-60.175,52.3));
#18051=CARTESIAN_POINT('Origin',(187.475,-60.175,52.3));
#18052=CARTESIAN_POINT('',(187.975,-73.175,52.3));
#18053=CARTESIAN_POINT('',(187.975,-60.175,52.3));
#18054=CARTESIAN_POINT('',(187.475,-73.675,52.3));
#18055=CARTESIAN_POINT('Origin',(187.475,-73.175,52.3));
#18056=CARTESIAN_POINT('',(174.475,-73.675,52.3));
#18057=CARTESIAN_POINT('',(174.475,-73.675,52.3));
#18058=CARTESIAN_POINT('',(173.975,-73.175,52.3));
#18059=CARTESIAN_POINT('Origin',(174.475,-73.175,52.3));
#18060=CARTESIAN_POINT('',(173.975,-60.175,52.3));
#18061=CARTESIAN_POINT('',(154.925,-60.175,52.3));
#18062=CARTESIAN_POINT('',(155.425,-59.675,52.3));
#18063=CARTESIAN_POINT('Origin',(155.425,-60.175,52.3));
#18064=CARTESIAN_POINT('',(168.425,-59.675,52.3));
#18065=CARTESIAN_POINT('',(155.425,-59.675,52.3));
#18066=CARTESIAN_POINT('',(168.925,-60.175,52.3));
#18067=CARTESIAN_POINT('Origin',(168.425,-60.175,52.3));
#18068=CARTESIAN_POINT('',(168.925,-73.175,52.3));
#18069=CARTESIAN_POINT('',(168.925,-60.175,52.3));
#18070=CARTESIAN_POINT('',(168.425,-73.675,52.3));
#18071=CARTESIAN_POINT('Origin',(168.425,-73.175,52.3));
#18072=CARTESIAN_POINT('',(155.425,-73.675,52.3));
#18073=CARTESIAN_POINT('',(155.425,-73.675,52.3));
#18074=CARTESIAN_POINT('',(154.925,-73.175,52.3));
#18075=CARTESIAN_POINT('Origin',(155.425,-73.175,52.3));
#18076=CARTESIAN_POINT('',(154.925,-60.175,52.3));
#18077=CARTESIAN_POINT('',(135.875,-60.175,52.3));
#18078=CARTESIAN_POINT('',(136.375,-59.675,52.3));
#18079=CARTESIAN_POINT('Origin',(136.375,-60.175,52.3));
#18080=CARTESIAN_POINT('',(149.375,-59.675,52.3));
#18081=CARTESIAN_POINT('',(136.375,-59.675,52.3));
#18082=CARTESIAN_POINT('',(149.875,-60.175,52.3));
#18083=CARTESIAN_POINT('Origin',(149.375,-60.175,52.3));
#18084=CARTESIAN_POINT('',(149.875,-73.175,52.3));
#18085=CARTESIAN_POINT('',(149.875,-60.175,52.3));
#18086=CARTESIAN_POINT('',(149.375,-73.675,52.3));
#18087=CARTESIAN_POINT('Origin',(149.375,-73.175,52.3));
#18088=CARTESIAN_POINT('',(136.375,-73.675,52.3));
#18089=CARTESIAN_POINT('',(136.375,-73.675,52.3));
#18090=CARTESIAN_POINT('',(135.875,-73.175,52.3));
#18091=CARTESIAN_POINT('Origin',(136.375,-73.175,52.3));
#18092=CARTESIAN_POINT('',(135.875,-60.175,52.3));
#18093=CARTESIAN_POINT('',(116.825,-60.175,52.3));
#18094=CARTESIAN_POINT('',(117.325,-59.675,52.3));
#18095=CARTESIAN_POINT('Origin',(117.325,-60.175,52.3));
#18096=CARTESIAN_POINT('',(130.325,-59.675,52.3));
#18097=CARTESIAN_POINT('',(117.325,-59.675,52.3));
#18098=CARTESIAN_POINT('',(130.825,-60.175,52.3));
#18099=CARTESIAN_POINT('Origin',(130.325,-60.175,52.3));
#18100=CARTESIAN_POINT('',(130.825,-73.175,52.3));
#18101=CARTESIAN_POINT('',(130.825,-60.175,52.3));
#18102=CARTESIAN_POINT('',(130.325,-73.675,52.3));
#18103=CARTESIAN_POINT('Origin',(130.325,-73.175,52.3));
#18104=CARTESIAN_POINT('',(117.325,-73.675,52.3));
#18105=CARTESIAN_POINT('',(117.325,-73.675,52.3));
#18106=CARTESIAN_POINT('',(116.825,-73.175,52.3));
#18107=CARTESIAN_POINT('Origin',(117.325,-73.175,52.3));
#18108=CARTESIAN_POINT('',(116.825,-60.175,52.3));
#18109=CARTESIAN_POINT('',(97.775,-60.175,52.3));
#18110=CARTESIAN_POINT('',(98.275,-59.675,52.3));
#18111=CARTESIAN_POINT('Origin',(98.275,-60.175,52.3));
#18112=CARTESIAN_POINT('',(111.275,-59.675,52.3));
#18113=CARTESIAN_POINT('',(98.275,-59.675,52.3));
#18114=CARTESIAN_POINT('',(111.775,-60.175,52.3));
#18115=CARTESIAN_POINT('Origin',(111.275,-60.175,52.3));
#18116=CARTESIAN_POINT('',(111.775,-73.175,52.3));
#18117=CARTESIAN_POINT('',(111.775,-60.175,52.3));
#18118=CARTESIAN_POINT('',(111.275,-73.675,52.3));
#18119=CARTESIAN_POINT('Origin',(111.275,-73.175,52.3));
#18120=CARTESIAN_POINT('',(98.275,-73.675,52.3));
#18121=CARTESIAN_POINT('',(98.275,-73.675,52.3));
#18122=CARTESIAN_POINT('',(97.775,-73.175,52.3));
#18123=CARTESIAN_POINT('Origin',(98.275,-73.175,52.3));
#18124=CARTESIAN_POINT('',(97.775,-60.175,52.3));
#18125=CARTESIAN_POINT('',(78.725,-60.175,52.3));
#18126=CARTESIAN_POINT('',(79.225,-59.675,52.3));
#18127=CARTESIAN_POINT('Origin',(79.225,-60.175,52.3));
#18128=CARTESIAN_POINT('',(92.225,-59.675,52.3));
#18129=CARTESIAN_POINT('',(79.225,-59.675,52.3));
#18130=CARTESIAN_POINT('',(92.725,-60.175,52.3));
#18131=CARTESIAN_POINT('Origin',(92.225,-60.175,52.3));
#18132=CARTESIAN_POINT('',(92.725,-73.175,52.3));
#18133=CARTESIAN_POINT('',(92.725,-60.175,52.3));
#18134=CARTESIAN_POINT('',(92.225,-73.675,52.3));
#18135=CARTESIAN_POINT('Origin',(92.225,-73.175,52.3));
#18136=CARTESIAN_POINT('',(79.225,-73.675,52.3));
#18137=CARTESIAN_POINT('',(79.225,-73.675,52.3));
#18138=CARTESIAN_POINT('',(78.725,-73.175,52.3));
#18139=CARTESIAN_POINT('Origin',(79.225,-73.175,52.3));
#18140=CARTESIAN_POINT('',(78.725,-60.175,52.3));
#18141=CARTESIAN_POINT('',(59.675,-60.175,52.3));
#18142=CARTESIAN_POINT('',(60.175,-59.675,52.3));
#18143=CARTESIAN_POINT('Origin',(60.175,-60.175,52.3));
#18144=CARTESIAN_POINT('',(73.175,-59.675,52.3));
#18145=CARTESIAN_POINT('',(60.175,-59.675,52.3));
#18146=CARTESIAN_POINT('',(73.675,-60.175,52.3));
#18147=CARTESIAN_POINT('Origin',(73.175,-60.175,52.3));
#18148=CARTESIAN_POINT('',(73.675,-73.175,52.3));
#18149=CARTESIAN_POINT('',(73.675,-60.175,52.3));
#18150=CARTESIAN_POINT('',(73.175,-73.675,52.3));
#18151=CARTESIAN_POINT('Origin',(73.175,-73.175,52.3));
#18152=CARTESIAN_POINT('',(60.175,-73.675,52.3));
#18153=CARTESIAN_POINT('',(60.175,-73.675,52.3));
#18154=CARTESIAN_POINT('',(59.675,-73.175,52.3));
#18155=CARTESIAN_POINT('Origin',(60.175,-73.175,52.3));
#18156=CARTESIAN_POINT('',(59.675,-60.175,52.3));
#18157=CARTESIAN_POINT('',(40.625,-60.175,52.3));
#18158=CARTESIAN_POINT('',(41.125,-59.675,52.3));
#18159=CARTESIAN_POINT('Origin',(41.125,-60.175,52.3));
#18160=CARTESIAN_POINT('',(54.125,-59.675,52.3));
#18161=CARTESIAN_POINT('',(41.125,-59.675,52.3));
#18162=CARTESIAN_POINT('',(54.625,-60.175,52.3));
#18163=CARTESIAN_POINT('Origin',(54.125,-60.175,52.3));
#18164=CARTESIAN_POINT('',(54.625,-73.175,52.3));
#18165=CARTESIAN_POINT('',(54.625,-60.175,52.3));
#18166=CARTESIAN_POINT('',(54.125,-73.675,52.3));
#18167=CARTESIAN_POINT('Origin',(54.125,-73.175,52.3));
#18168=CARTESIAN_POINT('',(41.125,-73.675,52.3));
#18169=CARTESIAN_POINT('',(41.125,-73.675,52.3));
#18170=CARTESIAN_POINT('',(40.625,-73.175,52.3));
#18171=CARTESIAN_POINT('Origin',(41.125,-73.175,52.3));
#18172=CARTESIAN_POINT('',(40.625,-60.175,52.3));
#18173=CARTESIAN_POINT('',(10.612,-72.175,52.3));
#18174=CARTESIAN_POINT('',(10.112,-72.675,52.3));
#18175=CARTESIAN_POINT('Origin',(10.112,-72.175,52.3));
#18176=CARTESIAN_POINT('',(4.11200000000001,-72.675,52.3));
#18177=CARTESIAN_POINT('',(10.112,-72.675,52.3));
#18178=CARTESIAN_POINT('',(3.612,-72.175,52.3));
#18179=CARTESIAN_POINT('Origin',(4.112,-72.175,52.3));
#18180=CARTESIAN_POINT('',(3.612,-58.175,52.3));
#18181=CARTESIAN_POINT('',(3.612,-72.175,52.3));
#18182=CARTESIAN_POINT('',(4.11200000000001,-57.675,52.3));
#18183=CARTESIAN_POINT('Origin',(4.112,-58.175,52.3));
#18184=CARTESIAN_POINT('',(10.112,-57.675,52.3));
#18185=CARTESIAN_POINT('',(10.112,-57.675,52.3));
#18186=CARTESIAN_POINT('',(10.612,-58.175,52.3));
#18187=CARTESIAN_POINT('Origin',(10.112,-58.175,52.3));
#18188=CARTESIAN_POINT('',(10.612,-72.175,52.3));
#18189=CARTESIAN_POINT('',(34.488,-72.175,52.3));
#18190=CARTESIAN_POINT('',(33.988,-72.675,52.3));
#18191=CARTESIAN_POINT('Origin',(33.988,-72.175,52.3));
#18192=CARTESIAN_POINT('',(27.988,-72.675,52.3));
#18193=CARTESIAN_POINT('',(33.988,-72.675,52.3));
#18194=CARTESIAN_POINT('',(27.488,-72.175,52.3));
#18195=CARTESIAN_POINT('Origin',(27.988,-72.175,52.3));
#18196=CARTESIAN_POINT('',(27.488,-58.175,52.3));
#18197=CARTESIAN_POINT('',(27.488,-72.175,52.3));
#18198=CARTESIAN_POINT('',(27.988,-57.675,52.3));
#18199=CARTESIAN_POINT('Origin',(27.988,-58.175,52.3));
#18200=CARTESIAN_POINT('',(33.988,-57.675,52.3));
#18201=CARTESIAN_POINT('',(33.988,-57.675,52.3));
#18202=CARTESIAN_POINT('',(34.488,-58.175,52.3));
#18203=CARTESIAN_POINT('Origin',(33.988,-58.175,52.3));
#18204=CARTESIAN_POINT('',(34.488,-72.175,52.3));
#18205=CARTESIAN_POINT('',(12.05,-60.175,52.3));
#18206=CARTESIAN_POINT('',(12.55,-59.675,52.3));
#18207=CARTESIAN_POINT('Origin',(12.55,-60.175,52.3));
#18208=CARTESIAN_POINT('',(25.55,-59.675,52.3));
#18209=CARTESIAN_POINT('',(12.55,-59.675,52.3));
#18210=CARTESIAN_POINT('',(26.05,-60.175,52.3));
#18211=CARTESIAN_POINT('Origin',(25.55,-60.175,52.3));
#18212=CARTESIAN_POINT('',(26.05,-73.175,52.3));
#18213=CARTESIAN_POINT('',(26.05,-60.175,52.3));
#18214=CARTESIAN_POINT('',(25.55,-73.675,52.3));
#18215=CARTESIAN_POINT('Origin',(25.55,-73.175,52.3));
#18216=CARTESIAN_POINT('',(12.55,-73.675,52.3));
#18217=CARTESIAN_POINT('',(12.55,-73.675,52.3));
#18218=CARTESIAN_POINT('',(12.05,-73.175,52.3));
#18219=CARTESIAN_POINT('Origin',(12.55,-73.175,52.3));
#18220=CARTESIAN_POINT('',(12.05,-60.175,52.3));
#18221=CARTESIAN_POINT('',(233.50625,-41.125,52.3));
#18222=CARTESIAN_POINT('',(234.00625,-40.625,52.3));
#18223=CARTESIAN_POINT('Origin',(234.00625,-41.125,52.3));
#18224=CARTESIAN_POINT('',(247.00625,-40.625,52.3));
#18225=CARTESIAN_POINT('',(234.00625,-40.625,52.3));
#18226=CARTESIAN_POINT('',(247.50625,-41.125,52.3));
#18227=CARTESIAN_POINT('Origin',(247.00625,-41.125,52.3));
#18228=CARTESIAN_POINT('',(247.50625,-54.125,52.3));
#18229=CARTESIAN_POINT('',(247.50625,-41.125,52.3));
#18230=CARTESIAN_POINT('',(247.00625,-54.625,52.3));
#18231=CARTESIAN_POINT('Origin',(247.00625,-54.125,52.3));
#18232=CARTESIAN_POINT('',(234.00625,-54.625,52.3));
#18233=CARTESIAN_POINT('',(234.00625,-54.625,52.3));
#18234=CARTESIAN_POINT('',(233.50625,-54.125,52.3));
#18235=CARTESIAN_POINT('Origin',(234.00625,-54.125,52.3));
#18236=CARTESIAN_POINT('',(233.50625,-41.125,52.3));
#18237=CARTESIAN_POINT('',(207.3125,-41.125,52.3));
#18238=CARTESIAN_POINT('',(207.8125,-40.625,52.3));
#18239=CARTESIAN_POINT('Origin',(207.8125,-41.125,52.3));
#18240=CARTESIAN_POINT('',(220.8125,-40.625,52.3));
#18241=CARTESIAN_POINT('',(207.8125,-40.625,52.3));
#18242=CARTESIAN_POINT('',(221.3125,-41.125,52.3));
#18243=CARTESIAN_POINT('Origin',(220.8125,-41.125,52.3));
#18244=CARTESIAN_POINT('',(221.3125,-54.125,52.3));
#18245=CARTESIAN_POINT('',(221.3125,-41.125,52.3));
#18246=CARTESIAN_POINT('',(220.8125,-54.625,52.3));
#18247=CARTESIAN_POINT('Origin',(220.8125,-54.125,52.3));
#18248=CARTESIAN_POINT('',(207.8125,-54.625,52.3));
#18249=CARTESIAN_POINT('',(207.8125,-54.625,52.3));
#18250=CARTESIAN_POINT('',(207.3125,-54.125,52.3));
#18251=CARTESIAN_POINT('Origin',(207.8125,-54.125,52.3));
#18252=CARTESIAN_POINT('',(207.3125,-41.125,52.3));
#18253=CARTESIAN_POINT('',(188.2625,-41.125,52.3));
#18254=CARTESIAN_POINT('',(188.7625,-40.625,52.3));
#18255=CARTESIAN_POINT('Origin',(188.7625,-41.125,52.3));
#18256=CARTESIAN_POINT('',(201.7625,-40.625,52.3));
#18257=CARTESIAN_POINT('',(188.7625,-40.625,52.3));
#18258=CARTESIAN_POINT('',(202.2625,-41.125,52.3));
#18259=CARTESIAN_POINT('Origin',(201.7625,-41.125,52.3));
#18260=CARTESIAN_POINT('',(202.2625,-54.125,52.3));
#18261=CARTESIAN_POINT('',(202.2625,-41.125,52.3));
#18262=CARTESIAN_POINT('',(201.7625,-54.625,52.3));
#18263=CARTESIAN_POINT('Origin',(201.7625,-54.125,52.3));
#18264=CARTESIAN_POINT('',(188.7625,-54.625,52.3));
#18265=CARTESIAN_POINT('',(188.7625,-54.625,52.3));
#18266=CARTESIAN_POINT('',(188.2625,-54.125,52.3));
#18267=CARTESIAN_POINT('Origin',(188.7625,-54.125,52.3));
#18268=CARTESIAN_POINT('',(188.2625,-41.125,52.3));
#18269=CARTESIAN_POINT('',(169.2125,-41.125,52.3));
#18270=CARTESIAN_POINT('',(169.7125,-40.625,52.3));
#18271=CARTESIAN_POINT('Origin',(169.7125,-41.125,52.3));
#18272=CARTESIAN_POINT('',(182.7125,-40.625,52.3));
#18273=CARTESIAN_POINT('',(169.7125,-40.625,52.3));
#18274=CARTESIAN_POINT('',(183.2125,-41.125,52.3));
#18275=CARTESIAN_POINT('Origin',(182.7125,-41.125,52.3));
#18276=CARTESIAN_POINT('',(183.2125,-54.125,52.3));
#18277=CARTESIAN_POINT('',(183.2125,-41.125,52.3));
#18278=CARTESIAN_POINT('',(182.7125,-54.625,52.3));
#18279=CARTESIAN_POINT('Origin',(182.7125,-54.125,52.3));
#18280=CARTESIAN_POINT('',(169.7125,-54.625,52.3));
#18281=CARTESIAN_POINT('',(169.7125,-54.625,52.3));
#18282=CARTESIAN_POINT('',(169.2125,-54.125,52.3));
#18283=CARTESIAN_POINT('Origin',(169.7125,-54.125,52.3));
#18284=CARTESIAN_POINT('',(169.2125,-41.125,52.3));
#18285=CARTESIAN_POINT('',(150.1625,-41.125,52.3));
#18286=CARTESIAN_POINT('',(150.6625,-40.625,52.3));
#18287=CARTESIAN_POINT('Origin',(150.6625,-41.125,52.3));
#18288=CARTESIAN_POINT('',(163.6625,-40.625,52.3));
#18289=CARTESIAN_POINT('',(150.6625,-40.625,52.3));
#18290=CARTESIAN_POINT('',(164.1625,-41.125,52.3));
#18291=CARTESIAN_POINT('Origin',(163.6625,-41.125,52.3));
#18292=CARTESIAN_POINT('',(164.1625,-54.125,52.3));
#18293=CARTESIAN_POINT('',(164.1625,-41.125,52.3));
#18294=CARTESIAN_POINT('',(163.6625,-54.625,52.3));
#18295=CARTESIAN_POINT('Origin',(163.6625,-54.125,52.3));
#18296=CARTESIAN_POINT('',(150.6625,-54.625,52.3));
#18297=CARTESIAN_POINT('',(150.6625,-54.625,52.3));
#18298=CARTESIAN_POINT('',(150.1625,-54.125,52.3));
#18299=CARTESIAN_POINT('Origin',(150.6625,-54.125,52.3));
#18300=CARTESIAN_POINT('',(150.1625,-41.125,52.3));
#18301=CARTESIAN_POINT('',(131.1125,-41.125,52.3));
#18302=CARTESIAN_POINT('',(131.6125,-40.625,52.3));
#18303=CARTESIAN_POINT('Origin',(131.6125,-41.125,52.3));
#18304=CARTESIAN_POINT('',(144.6125,-40.625,52.3));
#18305=CARTESIAN_POINT('',(131.6125,-40.625,52.3));
#18306=CARTESIAN_POINT('',(145.1125,-41.125,52.3));
#18307=CARTESIAN_POINT('Origin',(144.6125,-41.125,52.3));
#18308=CARTESIAN_POINT('',(145.1125,-54.125,52.3));
#18309=CARTESIAN_POINT('',(145.1125,-41.125,52.3));
#18310=CARTESIAN_POINT('',(144.6125,-54.625,52.3));
#18311=CARTESIAN_POINT('Origin',(144.6125,-54.125,52.3));
#18312=CARTESIAN_POINT('',(131.6125,-54.625,52.3));
#18313=CARTESIAN_POINT('',(131.6125,-54.625,52.3));
#18314=CARTESIAN_POINT('',(131.1125,-54.125,52.3));
#18315=CARTESIAN_POINT('Origin',(131.6125,-54.125,52.3));
#18316=CARTESIAN_POINT('',(131.1125,-41.125,52.3));
#18317=CARTESIAN_POINT('',(112.0625,-41.125,52.3));
#18318=CARTESIAN_POINT('',(112.5625,-40.625,52.3));
#18319=CARTESIAN_POINT('Origin',(112.5625,-41.125,52.3));
#18320=CARTESIAN_POINT('',(125.5625,-40.625,52.3));
#18321=CARTESIAN_POINT('',(112.5625,-40.625,52.3));
#18322=CARTESIAN_POINT('',(126.0625,-41.125,52.3));
#18323=CARTESIAN_POINT('Origin',(125.5625,-41.125,52.3));
#18324=CARTESIAN_POINT('',(126.0625,-54.125,52.3));
#18325=CARTESIAN_POINT('',(126.0625,-41.125,52.3));
#18326=CARTESIAN_POINT('',(125.5625,-54.625,52.3));
#18327=CARTESIAN_POINT('Origin',(125.5625,-54.125,52.3));
#18328=CARTESIAN_POINT('',(112.5625,-54.625,52.3));
#18329=CARTESIAN_POINT('',(112.5625,-54.625,52.3));
#18330=CARTESIAN_POINT('',(112.0625,-54.125,52.3));
#18331=CARTESIAN_POINT('Origin',(112.5625,-54.125,52.3));
#18332=CARTESIAN_POINT('',(112.0625,-41.125,52.3));
#18333=CARTESIAN_POINT('',(93.0125,-41.125,52.3));
#18334=CARTESIAN_POINT('',(93.5125,-40.625,52.3));
#18335=CARTESIAN_POINT('Origin',(93.5125,-41.125,52.3));
#18336=CARTESIAN_POINT('',(106.5125,-40.625,52.3));
#18337=CARTESIAN_POINT('',(93.5125,-40.625,52.3));
#18338=CARTESIAN_POINT('',(107.0125,-41.125,52.3));
#18339=CARTESIAN_POINT('Origin',(106.5125,-41.125,52.3));
#18340=CARTESIAN_POINT('',(107.0125,-54.125,52.3));
#18341=CARTESIAN_POINT('',(107.0125,-41.125,52.3));
#18342=CARTESIAN_POINT('',(106.5125,-54.625,52.3));
#18343=CARTESIAN_POINT('Origin',(106.5125,-54.125,52.3));
#18344=CARTESIAN_POINT('',(93.5125,-54.625,52.3));
#18345=CARTESIAN_POINT('',(93.5125,-54.625,52.3));
#18346=CARTESIAN_POINT('',(93.0125,-54.125,52.3));
#18347=CARTESIAN_POINT('Origin',(93.5125,-54.125,52.3));
#18348=CARTESIAN_POINT('',(93.0125,-41.125,52.3));
#18349=CARTESIAN_POINT('',(73.9625,-41.125,52.3));
#18350=CARTESIAN_POINT('',(74.4625,-40.625,52.3));
#18351=CARTESIAN_POINT('Origin',(74.4625,-41.125,52.3));
#18352=CARTESIAN_POINT('',(87.4625,-40.625,52.3));
#18353=CARTESIAN_POINT('',(74.4625,-40.625,52.3));
#18354=CARTESIAN_POINT('',(87.9625,-41.125,52.3));
#18355=CARTESIAN_POINT('Origin',(87.4625,-41.125,52.3));
#18356=CARTESIAN_POINT('',(87.9625,-54.125,52.3));
#18357=CARTESIAN_POINT('',(87.9625,-41.125,52.3));
#18358=CARTESIAN_POINT('',(87.4625,-54.625,52.3));
#18359=CARTESIAN_POINT('Origin',(87.4625,-54.125,52.3));
#18360=CARTESIAN_POINT('',(74.4625,-54.625,52.3));
#18361=CARTESIAN_POINT('',(74.4625,-54.625,52.3));
#18362=CARTESIAN_POINT('',(73.9625,-54.125,52.3));
#18363=CARTESIAN_POINT('Origin',(74.4625,-54.125,52.3));
#18364=CARTESIAN_POINT('',(73.9625,-41.125,52.3));
#18365=CARTESIAN_POINT('',(54.9125,-41.125,52.3));
#18366=CARTESIAN_POINT('',(55.4125,-40.625,52.3));
#18367=CARTESIAN_POINT('Origin',(55.4125,-41.125,52.3));
#18368=CARTESIAN_POINT('',(68.4125,-40.625,52.3));
#18369=CARTESIAN_POINT('',(55.4125,-40.625,52.3));
#18370=CARTESIAN_POINT('',(68.9125,-41.125,52.3));
#18371=CARTESIAN_POINT('Origin',(68.4125,-41.125,52.3));
#18372=CARTESIAN_POINT('',(68.9125,-54.125,52.3));
#18373=CARTESIAN_POINT('',(68.9125,-41.125,52.3));
#18374=CARTESIAN_POINT('',(68.4125,-54.625,52.3));
#18375=CARTESIAN_POINT('Origin',(68.4125,-54.125,52.3));
#18376=CARTESIAN_POINT('',(55.4125,-54.625,52.3));
#18377=CARTESIAN_POINT('',(55.4125,-54.625,52.3));
#18378=CARTESIAN_POINT('',(54.9125,-54.125,52.3));
#18379=CARTESIAN_POINT('Origin',(55.4125,-54.125,52.3));
#18380=CARTESIAN_POINT('',(54.9125,-41.125,52.3));
#18381=CARTESIAN_POINT('',(35.8625,-41.125,52.3));
#18382=CARTESIAN_POINT('',(36.3625,-40.625,52.3));
#18383=CARTESIAN_POINT('Origin',(36.3625,-41.125,52.3));
#18384=CARTESIAN_POINT('',(49.3625,-40.625,52.3));
#18385=CARTESIAN_POINT('',(36.3625,-40.625,52.3));
#18386=CARTESIAN_POINT('',(49.8625,-41.125,52.3));
#18387=CARTESIAN_POINT('Origin',(49.3625,-41.125,52.3));
#18388=CARTESIAN_POINT('',(49.8625,-54.125,52.3));
#18389=CARTESIAN_POINT('',(49.8625,-41.125,52.3));
#18390=CARTESIAN_POINT('',(49.3625,-54.625,52.3));
#18391=CARTESIAN_POINT('Origin',(49.3625,-54.125,52.3));
#18392=CARTESIAN_POINT('',(36.3625,-54.625,52.3));
#18393=CARTESIAN_POINT('',(36.3625,-54.625,52.3));
#18394=CARTESIAN_POINT('',(35.8625,-54.125,52.3));
#18395=CARTESIAN_POINT('Origin',(36.3625,-54.125,52.3));
#18396=CARTESIAN_POINT('',(35.8625,-41.125,52.3));
#18397=CARTESIAN_POINT('',(4.90625,-41.125,52.3));
#18398=CARTESIAN_POINT('',(5.40625,-40.625,52.3));
#18399=CARTESIAN_POINT('Origin',(5.40625,-41.125,52.3));
#18400=CARTESIAN_POINT('',(23.16875,-40.625,52.3));
#18401=CARTESIAN_POINT('',(5.40625,-40.625,52.3));
#18402=CARTESIAN_POINT('',(23.66875,-41.125,52.3));
#18403=CARTESIAN_POINT('Origin',(23.16875,-41.125,52.3));
#18404=CARTESIAN_POINT('',(23.66875,-54.125,52.3));
#18405=CARTESIAN_POINT('',(23.66875,-41.125,52.3));
#18406=CARTESIAN_POINT('',(23.16875,-54.625,52.3));
#18407=CARTESIAN_POINT('Origin',(23.16875,-54.125,52.3));
#18408=CARTESIAN_POINT('',(5.40625,-54.625,52.3));
#18409=CARTESIAN_POINT('',(5.40625,-54.625,52.3));
#18410=CARTESIAN_POINT('',(4.90625,-54.125,52.3));
#18411=CARTESIAN_POINT('Origin',(5.40625,-54.125,52.3));
#18412=CARTESIAN_POINT('',(4.90625,-41.125,52.3));
#18413=CARTESIAN_POINT('',(240.65,-22.075,52.3));
#18414=CARTESIAN_POINT('',(241.15,-21.575,52.3));
#18415=CARTESIAN_POINT('Origin',(241.15,-22.075,52.3));
#18416=CARTESIAN_POINT('',(254.15,-21.575,52.3));
#18417=CARTESIAN_POINT('',(241.15,-21.575,52.3));
#18418=CARTESIAN_POINT('',(254.65,-22.075,52.3));
#18419=CARTESIAN_POINT('Origin',(254.15,-22.075,52.3));
#18420=CARTESIAN_POINT('',(254.65,-35.075,52.3));
#18421=CARTESIAN_POINT('',(254.65,-22.075,52.3));
#18422=CARTESIAN_POINT('',(254.15,-35.575,52.3));
#18423=CARTESIAN_POINT('Origin',(254.15,-35.075,52.3));
#18424=CARTESIAN_POINT('',(241.15,-35.575,52.3));
#18425=CARTESIAN_POINT('',(241.15,-35.575,52.3));
#18426=CARTESIAN_POINT('',(240.65,-35.075,52.3));
#18427=CARTESIAN_POINT('Origin',(241.15,-35.075,52.3));
#18428=CARTESIAN_POINT('',(240.65,-22.075,52.3));
#18429=CARTESIAN_POINT('',(221.6,-22.075,52.3));
#18430=CARTESIAN_POINT('',(222.1,-21.575,52.3));
#18431=CARTESIAN_POINT('Origin',(222.1,-22.075,52.3));
#18432=CARTESIAN_POINT('',(235.1,-21.575,52.3));
#18433=CARTESIAN_POINT('',(222.1,-21.575,52.3));
#18434=CARTESIAN_POINT('',(235.6,-22.075,52.3));
#18435=CARTESIAN_POINT('Origin',(235.1,-22.075,52.3));
#18436=CARTESIAN_POINT('',(235.6,-35.075,52.3));
#18437=CARTESIAN_POINT('',(235.6,-22.075,52.3));
#18438=CARTESIAN_POINT('',(235.1,-35.575,52.3));
#18439=CARTESIAN_POINT('Origin',(235.1,-35.075,52.3));
#18440=CARTESIAN_POINT('',(222.1,-35.575,52.3));
#18441=CARTESIAN_POINT('',(222.1,-35.575,52.3));
#18442=CARTESIAN_POINT('',(221.6,-35.075,52.3));
#18443=CARTESIAN_POINT('Origin',(222.1,-35.075,52.3));
#18444=CARTESIAN_POINT('',(221.6,-22.075,52.3));
#18445=CARTESIAN_POINT('',(202.55,-22.075,52.3));
#18446=CARTESIAN_POINT('',(203.05,-21.575,52.3));
#18447=CARTESIAN_POINT('Origin',(203.05,-22.075,52.3));
#18448=CARTESIAN_POINT('',(216.05,-21.575,52.3));
#18449=CARTESIAN_POINT('',(203.05,-21.575,52.3));
#18450=CARTESIAN_POINT('',(216.55,-22.075,52.3));
#18451=CARTESIAN_POINT('Origin',(216.05,-22.075,52.3));
#18452=CARTESIAN_POINT('',(216.55,-35.075,52.3));
#18453=CARTESIAN_POINT('',(216.55,-22.075,52.3));
#18454=CARTESIAN_POINT('',(216.05,-35.575,52.3));
#18455=CARTESIAN_POINT('Origin',(216.05,-35.075,52.3));
#18456=CARTESIAN_POINT('',(203.05,-35.575,52.3));
#18457=CARTESIAN_POINT('',(203.05,-35.575,52.3));
#18458=CARTESIAN_POINT('',(202.55,-35.075,52.3));
#18459=CARTESIAN_POINT('Origin',(203.05,-35.075,52.3));
#18460=CARTESIAN_POINT('',(202.55,-22.075,52.3));
#18461=CARTESIAN_POINT('',(183.5,-22.075,52.3));
#18462=CARTESIAN_POINT('',(184.,-21.575,52.3));
#18463=CARTESIAN_POINT('Origin',(184.,-22.075,52.3));
#18464=CARTESIAN_POINT('',(197.,-21.575,52.3));
#18465=CARTESIAN_POINT('',(184.,-21.575,52.3));
#18466=CARTESIAN_POINT('',(197.5,-22.075,52.3));
#18467=CARTESIAN_POINT('Origin',(197.,-22.075,52.3));
#18468=CARTESIAN_POINT('',(197.5,-35.075,52.3));
#18469=CARTESIAN_POINT('',(197.5,-22.075,52.3));
#18470=CARTESIAN_POINT('',(197.,-35.575,52.3));
#18471=CARTESIAN_POINT('Origin',(197.,-35.075,52.3));
#18472=CARTESIAN_POINT('',(184.,-35.575,52.3));
#18473=CARTESIAN_POINT('',(184.,-35.575,52.3));
#18474=CARTESIAN_POINT('',(183.5,-35.075,52.3));
#18475=CARTESIAN_POINT('Origin',(184.,-35.075,52.3));
#18476=CARTESIAN_POINT('',(183.5,-22.075,52.3));
#18477=CARTESIAN_POINT('',(164.45,-22.075,52.3));
#18478=CARTESIAN_POINT('',(164.95,-21.575,52.3));
#18479=CARTESIAN_POINT('Origin',(164.95,-22.075,52.3));
#18480=CARTESIAN_POINT('',(177.95,-21.575,52.3));
#18481=CARTESIAN_POINT('',(164.95,-21.575,52.3));
#18482=CARTESIAN_POINT('',(178.45,-22.075,52.3));
#18483=CARTESIAN_POINT('Origin',(177.95,-22.075,52.3));
#18484=CARTESIAN_POINT('',(178.45,-35.075,52.3));
#18485=CARTESIAN_POINT('',(178.45,-22.075,52.3));
#18486=CARTESIAN_POINT('',(177.95,-35.575,52.3));
#18487=CARTESIAN_POINT('Origin',(177.95,-35.075,52.3));
#18488=CARTESIAN_POINT('',(164.95,-35.575,52.3));
#18489=CARTESIAN_POINT('',(164.95,-35.575,52.3));
#18490=CARTESIAN_POINT('',(164.45,-35.075,52.3));
#18491=CARTESIAN_POINT('Origin',(164.95,-35.075,52.3));
#18492=CARTESIAN_POINT('',(164.45,-22.075,52.3));
#18493=CARTESIAN_POINT('',(145.4,-22.075,52.3));
#18494=CARTESIAN_POINT('',(145.9,-21.575,52.3));
#18495=CARTESIAN_POINT('Origin',(145.9,-22.075,52.3));
#18496=CARTESIAN_POINT('',(158.9,-21.575,52.3));
#18497=CARTESIAN_POINT('',(145.9,-21.575,52.3));
#18498=CARTESIAN_POINT('',(159.4,-22.075,52.3));
#18499=CARTESIAN_POINT('Origin',(158.9,-22.075,52.3));
#18500=CARTESIAN_POINT('',(159.4,-35.075,52.3));
#18501=CARTESIAN_POINT('',(159.4,-22.075,52.3));
#18502=CARTESIAN_POINT('',(158.9,-35.575,52.3));
#18503=CARTESIAN_POINT('Origin',(158.9,-35.075,52.3));
#18504=CARTESIAN_POINT('',(145.9,-35.575,52.3));
#18505=CARTESIAN_POINT('',(145.9,-35.575,52.3));
#18506=CARTESIAN_POINT('',(145.4,-35.075,52.3));
#18507=CARTESIAN_POINT('Origin',(145.9,-35.075,52.3));
#18508=CARTESIAN_POINT('',(145.4,-22.075,52.3));
#18509=CARTESIAN_POINT('',(126.35,-22.075,52.3));
#18510=CARTESIAN_POINT('',(126.85,-21.575,52.3));
#18511=CARTESIAN_POINT('Origin',(126.85,-22.075,52.3));
#18512=CARTESIAN_POINT('',(139.85,-21.575,52.3));
#18513=CARTESIAN_POINT('',(126.85,-21.575,52.3));
#18514=CARTESIAN_POINT('',(140.35,-22.075,52.3));
#18515=CARTESIAN_POINT('Origin',(139.85,-22.075,52.3));
#18516=CARTESIAN_POINT('',(140.35,-35.075,52.3));
#18517=CARTESIAN_POINT('',(140.35,-22.075,52.3));
#18518=CARTESIAN_POINT('',(139.85,-35.575,52.3));
#18519=CARTESIAN_POINT('Origin',(139.85,-35.075,52.3));
#18520=CARTESIAN_POINT('',(126.85,-35.575,52.3));
#18521=CARTESIAN_POINT('',(126.85,-35.575,52.3));
#18522=CARTESIAN_POINT('',(126.35,-35.075,52.3));
#18523=CARTESIAN_POINT('Origin',(126.85,-35.075,52.3));
#18524=CARTESIAN_POINT('',(126.35,-22.075,52.3));
#18525=CARTESIAN_POINT('',(107.3,-22.075,52.3));
#18526=CARTESIAN_POINT('',(107.8,-21.575,52.3));
#18527=CARTESIAN_POINT('Origin',(107.8,-22.075,52.3));
#18528=CARTESIAN_POINT('',(120.8,-21.575,52.3));
#18529=CARTESIAN_POINT('',(107.8,-21.575,52.3));
#18530=CARTESIAN_POINT('',(121.3,-22.075,52.3));
#18531=CARTESIAN_POINT('Origin',(120.8,-22.075,52.3));
#18532=CARTESIAN_POINT('',(121.3,-35.075,52.3));
#18533=CARTESIAN_POINT('',(121.3,-22.075,52.3));
#18534=CARTESIAN_POINT('',(120.8,-35.575,52.3));
#18535=CARTESIAN_POINT('Origin',(120.8,-35.075,52.3));
#18536=CARTESIAN_POINT('',(107.8,-35.575,52.3));
#18537=CARTESIAN_POINT('',(107.8,-35.575,52.3));
#18538=CARTESIAN_POINT('',(107.3,-35.075,52.3));
#18539=CARTESIAN_POINT('Origin',(107.8,-35.075,52.3));
#18540=CARTESIAN_POINT('',(107.3,-22.075,52.3));
#18541=CARTESIAN_POINT('Origin',(233.625,-17.55,50.8));
#18542=CARTESIAN_POINT('',(235.125,-17.55,50.8));
#18543=CARTESIAN_POINT('',(235.125,-17.55,50.8));
#18544=CARTESIAN_POINT('',(233.625,-19.05,50.8));
#18545=CARTESIAN_POINT('Origin',(233.625,-17.55,50.8));
#18546=CARTESIAN_POINT('',(233.625,-19.05,50.8));
#18547=CARTESIAN_POINT('Origin',(235.125,-15.555,50.8));
#18548=CARTESIAN_POINT('',(235.125,-15.555,50.8));
#18549=CARTESIAN_POINT('',(235.125,-15.555,50.8));
#18550=CARTESIAN_POINT('',(235.125,-31.59,50.8));
#18551=CARTESIAN_POINT('Origin',(236.125,-15.555,50.8));
#18552=CARTESIAN_POINT('',(236.125,-14.555,50.8));
#18553=CARTESIAN_POINT('',(236.125,-14.555,50.8));
#18554=CARTESIAN_POINT('Origin',(236.125,-15.555,50.8));
#18555=CARTESIAN_POINT('Origin',(166.425,-17.55,50.8));
#18556=CARTESIAN_POINT('',(166.425,-19.05,50.8));
#18557=CARTESIAN_POINT('',(166.425,-19.05,50.8));
#18558=CARTESIAN_POINT('',(164.925,-17.55,50.8));
#18559=CARTESIAN_POINT('Origin',(166.425,-17.55,50.8));
#18560=CARTESIAN_POINT('',(164.925,-17.55,50.8));
#18561=CARTESIAN_POINT('Origin',(256.175,-19.05,50.8));
#18562=CARTESIAN_POINT('',(188.2625,-19.05,50.8));
#18563=CARTESIAN_POINT('Origin',(163.925,-15.555,50.8));
#18564=CARTESIAN_POINT('',(164.925,-15.555,50.8));
#18565=CARTESIAN_POINT('',(163.925,-14.555,50.8));
#18566=CARTESIAN_POINT('Origin',(163.925,-15.555,50.8));
#18567=CARTESIAN_POINT('',(163.925,-14.555,50.8));
#18568=CARTESIAN_POINT('',(164.925,-15.555,50.8));
#18569=CARTESIAN_POINT('Origin',(164.925,-19.05,50.8));
#18570=CARTESIAN_POINT('',(164.925,-33.3375,50.8));
#18571=CARTESIAN_POINT('Origin',(157.425,-17.55,50.8));
#18572=CARTESIAN_POINT('',(158.925,-17.55,50.8));
#18573=CARTESIAN_POINT('',(158.925,-17.55,50.8));
#18574=CARTESIAN_POINT('',(157.425,-19.05,50.8));
#18575=CARTESIAN_POINT('Origin',(157.425,-17.55,50.8));
#18576=CARTESIAN_POINT('',(157.425,-19.05,50.8));
#18577=CARTESIAN_POINT('Origin',(158.925,-15.555,50.8));
#18578=CARTESIAN_POINT('',(158.925,-15.555,50.8));
#18579=CARTESIAN_POINT('',(158.925,-15.555,50.8));
#18580=CARTESIAN_POINT('',(158.925,-31.59,50.8));
#18581=CARTESIAN_POINT('Origin',(159.925,-15.555,50.8));
#18582=CARTESIAN_POINT('',(159.925,-14.555,50.8));
#18583=CARTESIAN_POINT('',(159.925,-14.555,50.8));
#18584=CARTESIAN_POINT('Origin',(159.925,-15.555,50.8));
#18585=CARTESIAN_POINT('Origin',(236.553125,-98.745,50.8));
#18586=CARTESIAN_POINT('',(236.553125,-99.745,50.8));
#18587=CARTESIAN_POINT('',(236.553125,-99.745,50.8));
#18588=CARTESIAN_POINT('',(237.553125,-98.745,50.8));
#18589=CARTESIAN_POINT('Origin',(236.553125,-98.745,50.8));
#18590=CARTESIAN_POINT('',(237.553125,-98.745,50.8));
#18591=CARTESIAN_POINT('Origin',(237.553125,-98.745,50.8));
#18592=CARTESIAN_POINT('',(237.553125,-96.75,50.8));
#18593=CARTESIAN_POINT('',(237.553125,-98.745,50.8));
#18594=CARTESIAN_POINT('',(237.553125,-96.75,50.8));
#18595=CARTESIAN_POINT('Origin',(128.5875,-47.625,50.8));
#18596=CARTESIAN_POINT('',(257.175,-20.05,50.8));
#18597=CARTESIAN_POINT('Origin',(256.175,-20.05,50.8));
#18598=CARTESIAN_POINT('',(257.175,-94.25,50.8));
#18599=CARTESIAN_POINT('',(257.175,-94.25,50.8));
#18600=CARTESIAN_POINT('',(256.175,-95.25,50.8));
#18601=CARTESIAN_POINT('Origin',(256.175,-94.25,50.8));
#18602=CARTESIAN_POINT('',(239.053125,-95.25,50.8));
#18603=CARTESIAN_POINT('',(0.,-95.25,50.8));
#18604=CARTESIAN_POINT('Origin',(239.053125,-96.75,50.8));
#18605=CARTESIAN_POINT('',(235.553125,-99.745,50.8));
#18606=CARTESIAN_POINT('',(183.0703125,-99.745,50.8));
#18607=CARTESIAN_POINT('',(235.553125,-98.745,50.8));
#18608=CARTESIAN_POINT('',(235.553125,-98.745,50.8));
#18609=CARTESIAN_POINT('',(233.553125,-98.745,50.8));
#18610=CARTESIAN_POINT('Origin',(234.553125,-98.745,50.8));
#18611=CARTESIAN_POINT('',(233.553125,-99.745,50.8));
#18612=CARTESIAN_POINT('',(233.553125,-98.745,50.8));
#18613=CARTESIAN_POINT('',(232.553125,-99.745,50.8));
#18614=CARTESIAN_POINT('',(181.0703125,-99.745,50.8));
#18615=CARTESIAN_POINT('',(231.553125,-98.745,50.8));
#18616=CARTESIAN_POINT('Origin',(232.553125,-98.745,50.8));
#18617=CARTESIAN_POINT('',(231.553125,-96.75,50.8));
#18618=CARTESIAN_POINT('',(231.553125,-71.4375,50.8));
#18619=CARTESIAN_POINT('',(230.053125,-95.25,50.8));
#18620=CARTESIAN_POINT('Origin',(230.053125,-96.75,50.8));
#18621=CARTESIAN_POINT('',(190.86875,-95.25,50.8));
#18622=CARTESIAN_POINT('',(0.,-95.25,50.8));
#18623=CARTESIAN_POINT('',(189.36875,-96.75,50.8));
#18624=CARTESIAN_POINT('Origin',(190.86875,-96.75,50.8));
#18625=CARTESIAN_POINT('',(189.36875,-98.745,50.8));
#18626=CARTESIAN_POINT('',(189.36875,-98.745,50.8));
#18627=CARTESIAN_POINT('',(188.36875,-99.745,50.8));
#18628=CARTESIAN_POINT('Origin',(188.36875,-98.745,50.8));
#18629=CARTESIAN_POINT('',(187.36875,-99.745,50.8));
#18630=CARTESIAN_POINT('',(158.978125,-99.745,50.8));
#18631=CARTESIAN_POINT('',(187.36875,-98.745,50.8));
#18632=CARTESIAN_POINT('',(187.36875,-98.745,50.8));
#18633=CARTESIAN_POINT('',(185.36875,-98.745,50.8));
#18634=CARTESIAN_POINT('Origin',(186.36875,-98.745,50.8));
#18635=CARTESIAN_POINT('',(185.36875,-99.745,50.8));
#18636=CARTESIAN_POINT('',(185.36875,-98.745,50.8));
#18637=CARTESIAN_POINT('',(184.36875,-99.745,50.8));
#18638=CARTESIAN_POINT('',(156.978125,-99.745,50.8));
#18639=CARTESIAN_POINT('',(183.36875,-98.745,50.8));
#18640=CARTESIAN_POINT('Origin',(184.36875,-98.745,50.8));
#18641=CARTESIAN_POINT('',(183.36875,-96.75,50.8));
#18642=CARTESIAN_POINT('',(183.36875,-71.4375,50.8));
#18643=CARTESIAN_POINT('',(181.86875,-95.25,50.8));
#18644=CARTESIAN_POINT('Origin',(181.86875,-96.75,50.8));
#18645=CARTESIAN_POINT('',(75.30625,-95.25,50.8));
#18646=CARTESIAN_POINT('',(0.,-95.25,50.8));
#18647=CARTESIAN_POINT('',(73.80625,-96.75,50.8));
#18648=CARTESIAN_POINT('Origin',(75.30625,-96.75,50.8));
#18649=CARTESIAN_POINT('',(73.80625,-98.745,50.8));
#18650=CARTESIAN_POINT('',(73.80625,-98.745,50.8));
#18651=CARTESIAN_POINT('',(72.80625,-99.745,50.8));
#18652=CARTESIAN_POINT('Origin',(72.80625,-98.745,50.8));
#18653=CARTESIAN_POINT('',(71.80625,-99.745,50.8));
#18654=CARTESIAN_POINT('',(101.196875,-99.745,50.8));
#18655=CARTESIAN_POINT('',(71.80625,-98.745,50.8));
#18656=CARTESIAN_POINT('',(71.80625,-98.745,50.8));
#18657=CARTESIAN_POINT('',(69.80625,-98.745,50.8));
#18658=CARTESIAN_POINT('Origin',(70.80625,-98.745,50.8));
#18659=CARTESIAN_POINT('',(69.80625,-99.745,50.8));
#18660=CARTESIAN_POINT('',(69.80625,-98.745,50.8));
#18661=CARTESIAN_POINT('',(68.80625,-99.745,50.8));
#18662=CARTESIAN_POINT('',(99.196875,-99.745,50.8));
#18663=CARTESIAN_POINT('',(67.80625,-98.745,50.8));
#18664=CARTESIAN_POINT('Origin',(68.80625,-98.745,50.8));
#18665=CARTESIAN_POINT('',(67.80625,-96.75,50.8));
#18666=CARTESIAN_POINT('',(67.80625,-71.4375,50.8));
#18667=CARTESIAN_POINT('',(66.30625,-95.25,50.8));
#18668=CARTESIAN_POINT('Origin',(66.30625,-96.75,50.8));
#18669=CARTESIAN_POINT('',(27.121875,-95.25,50.8));
#18670=CARTESIAN_POINT('',(0.,-95.25,50.8));
#18671=CARTESIAN_POINT('',(25.621875,-96.75,50.8));
#18672=CARTESIAN_POINT('Origin',(27.121875,-96.75,50.8));
#18673=CARTESIAN_POINT('',(25.621875,-98.745,50.8));
#18674=CARTESIAN_POINT('',(25.621875,-98.745,50.8));
#18675=CARTESIAN_POINT('',(24.621875,-99.745,50.8));
#18676=CARTESIAN_POINT('Origin',(24.621875,-98.745,50.8));
#18677=CARTESIAN_POINT('',(23.621875,-99.745,50.8));
#18678=CARTESIAN_POINT('',(77.1046875,-99.745,50.8));
#18679=CARTESIAN_POINT('',(23.621875,-98.745,50.8));
#18680=CARTESIAN_POINT('',(23.621875,-98.745,50.8));
#18681=CARTESIAN_POINT('',(21.621875,-98.745,50.8));
#18682=CARTESIAN_POINT('Origin',(22.621875,-98.745,50.8));
#18683=CARTESIAN_POINT('',(21.621875,-99.745,50.8));
#18684=CARTESIAN_POINT('',(21.621875,-98.745,50.8));
#18685=CARTESIAN_POINT('',(20.621875,-99.745,50.8));
#18686=CARTESIAN_POINT('',(75.1046875,-99.745,50.8));
#18687=CARTESIAN_POINT('',(19.621875,-98.745,50.8));
#18688=CARTESIAN_POINT('Origin',(20.621875,-98.745,50.8));
#18689=CARTESIAN_POINT('',(19.621875,-96.75,50.8));
#18690=CARTESIAN_POINT('',(19.621875,-71.4375,50.8));
#18691=CARTESIAN_POINT('',(18.121875,-95.25,50.8));
#18692=CARTESIAN_POINT('Origin',(18.121875,-96.75,50.8));
#18693=CARTESIAN_POINT('',(1.,-95.25,50.8));
#18694=CARTESIAN_POINT('',(0.,-95.25,50.8));
#18695=CARTESIAN_POINT('',(0.,-94.25,50.8));
#18696=CARTESIAN_POINT('Origin',(1.,-94.25,50.8));
#18697=CARTESIAN_POINT('',(0.,-0.999999999999996,50.8));
#18698=CARTESIAN_POINT('',(0.,-95.25,50.8));
#18699=CARTESIAN_POINT('',(1.,0.,50.8));
#18700=CARTESIAN_POINT('Origin',(1.,-1.,50.8));
#18701=CARTESIAN_POINT('',(14.55,3.51640651889012E-16,50.8));
#18702=CARTESIAN_POINT('',(1.,0.,50.8));
#18703=CARTESIAN_POINT('',(16.05,1.5,50.8));
#18704=CARTESIAN_POINT('Origin',(14.55,1.5,50.8));
#18705=CARTESIAN_POINT('',(16.05,3.495,50.8));
#18706=CARTESIAN_POINT('',(16.05,-22.065,50.8));
#18707=CARTESIAN_POINT('',(17.05,4.49500000000001,50.8));
#18708=CARTESIAN_POINT('Origin',(17.05,3.495,50.8));
#18709=CARTESIAN_POINT('',(18.05,4.495,50.8));
#18710=CARTESIAN_POINT('',(72.31875,4.49500000000001,50.8));
#18711=CARTESIAN_POINT('',(18.05,3.495,50.8));
#18712=CARTESIAN_POINT('',(18.05,3.495,50.8));
#18713=CARTESIAN_POINT('',(20.05,3.49500000000001,50.8));
#18714=CARTESIAN_POINT('Origin',(19.05,3.495,50.8));
#18715=CARTESIAN_POINT('',(20.05,4.49500000000001,50.8));
#18716=CARTESIAN_POINT('',(20.05,3.49500000000001,50.8));
#18717=CARTESIAN_POINT('',(21.05,4.49500000000001,50.8));
#18718=CARTESIAN_POINT('',(74.31875,4.49500000000001,50.8));
#18719=CARTESIAN_POINT('',(22.05,3.495,50.8));
#18720=CARTESIAN_POINT('Origin',(21.05,3.495,50.8));
#18721=CARTESIAN_POINT('',(22.05,1.5,50.8));
#18722=CARTESIAN_POINT('',(22.05,-23.8125,50.8));
#18723=CARTESIAN_POINT('',(23.55,5.8520270849426E-16,50.8));
#18724=CARTESIAN_POINT('Origin',(23.55,1.5,50.8));
#18725=CARTESIAN_POINT('',(90.75,2.32913273114678E-15,50.8));
#18726=CARTESIAN_POINT('',(1.,0.,50.8));
#18727=CARTESIAN_POINT('',(92.25,1.5,50.8));
#18728=CARTESIAN_POINT('Origin',(90.75,1.5,50.8));
#18729=CARTESIAN_POINT('',(92.25,3.49500000000001,50.8));
#18730=CARTESIAN_POINT('',(92.25,-22.065,50.8));
#18731=CARTESIAN_POINT('',(93.25,4.49500000000001,50.8));
#18732=CARTESIAN_POINT('Origin',(93.25,3.49500000000001,50.8));
#18733=CARTESIAN_POINT('',(94.25,4.49500000000001,50.8));
#18734=CARTESIAN_POINT('',(110.41875,4.49500000000001,50.8));
#18735=CARTESIAN_POINT('',(94.25,3.49500000000001,50.8));
#18736=CARTESIAN_POINT('',(94.25,3.49500000000001,50.8));
#18737=CARTESIAN_POINT('',(96.25,3.49500000000001,50.8));
#18738=CARTESIAN_POINT('Origin',(95.25,3.49500000000001,50.8));
#18739=CARTESIAN_POINT('',(96.25,4.49500000000001,50.8));
#18740=CARTESIAN_POINT('',(96.25,3.49500000000001,50.8));
#18741=CARTESIAN_POINT('',(97.25,4.49500000000001,50.8));
#18742=CARTESIAN_POINT('',(112.41875,4.49500000000001,50.8));
#18743=CARTESIAN_POINT('',(98.25,3.49500000000001,50.8));
#18744=CARTESIAN_POINT('Origin',(97.25,3.49500000000001,50.8));
#18745=CARTESIAN_POINT('',(98.25,1.5,50.8));
#18746=CARTESIAN_POINT('',(98.25,-23.8125,50.8));
#18747=CARTESIAN_POINT('',(99.75,2.56269478775202E-15,50.8));
#18748=CARTESIAN_POINT('Origin',(99.75,1.5,50.8));
#18749=CARTESIAN_POINT('',(113.3,2.91433543964104E-15,50.8));
#18750=CARTESIAN_POINT('',(1.,0.,50.8));
#18751=CARTESIAN_POINT('',(114.3,-1.,50.8));
#18752=CARTESIAN_POINT('Origin',(113.3,-0.999999999999994,50.8));
#18753=CARTESIAN_POINT('',(114.3,-18.05,50.8));
#18754=CARTESIAN_POINT('',(114.3,-4.93383184139207,50.8));
#18755=CARTESIAN_POINT('',(115.3,-19.05,50.8));
#18756=CARTESIAN_POINT('Origin',(115.3,-18.05,50.8));
#18757=CARTESIAN_POINT('',(188.2625,-19.05,50.8));
#18758=CARTESIAN_POINT('',(160.925,-14.555,50.8));
#18759=CARTESIAN_POINT('',(143.88125,-14.555,50.8));
#18760=CARTESIAN_POINT('',(160.925,-15.555,50.8));
#18761=CARTESIAN_POINT('',(160.925,-15.555,50.8));
#18762=CARTESIAN_POINT('',(162.925,-15.555,50.8));
#18763=CARTESIAN_POINT('Origin',(161.925,-15.555,50.8));
#18764=CARTESIAN_POINT('',(162.925,-14.555,50.8));
#18765=CARTESIAN_POINT('',(162.925,-15.555,50.8));
#18766=CARTESIAN_POINT('',(145.75625,-14.555,50.8));
#18767=CARTESIAN_POINT('',(237.125,-14.555,50.8));
#18768=CARTESIAN_POINT('',(181.98125,-14.555,50.8));
#18769=CARTESIAN_POINT('',(237.125,-15.555,50.8));
#18770=CARTESIAN_POINT('',(237.125,-15.555,50.8));
#18771=CARTESIAN_POINT('',(239.125,-15.555,50.8));
#18772=CARTESIAN_POINT('Origin',(238.125,-15.555,50.8));
#18773=CARTESIAN_POINT('',(239.125,-14.555,50.8));
#18774=CARTESIAN_POINT('',(239.125,-15.555,50.8));
#18775=CARTESIAN_POINT('',(183.85625,-14.555,50.8));
#18776=CARTESIAN_POINT('',(107.3,-22.075,50.8));
#18777=CARTESIAN_POINT('',(107.8,-21.575,50.8));
#18778=CARTESIAN_POINT('Origin',(107.8,-22.075,50.8));
#18779=CARTESIAN_POINT('',(107.3,-35.075,50.8));
#18780=CARTESIAN_POINT('',(107.3,-22.075,50.8));
#18781=CARTESIAN_POINT('',(107.8,-35.575,50.8));
#18782=CARTESIAN_POINT('Origin',(107.8,-35.075,50.8));
#18783=CARTESIAN_POINT('',(120.8,-35.575,50.8));
#18784=CARTESIAN_POINT('',(107.8,-35.575,50.8));
#18785=CARTESIAN_POINT('',(121.3,-35.075,50.8));
#18786=CARTESIAN_POINT('Origin',(120.8,-35.075,50.8));
#18787=CARTESIAN_POINT('',(121.3,-22.075,50.8));
#18788=CARTESIAN_POINT('',(121.3,-22.075,50.8));
#18789=CARTESIAN_POINT('',(120.8,-21.575,50.8));
#18790=CARTESIAN_POINT('Origin',(120.8,-22.075,50.8));
#18791=CARTESIAN_POINT('',(107.8,-21.575,50.8));
#18792=CARTESIAN_POINT('',(126.35,-22.075,50.8));
#18793=CARTESIAN_POINT('',(126.85,-21.575,50.8));
#18794=CARTESIAN_POINT('Origin',(126.85,-22.075,50.8));
#18795=CARTESIAN_POINT('',(126.35,-35.075,50.8));
#18796=CARTESIAN_POINT('',(126.35,-22.075,50.8));
#18797=CARTESIAN_POINT('',(126.85,-35.575,50.8));
#18798=CARTESIAN_POINT('Origin',(126.85,-35.075,50.8));
#18799=CARTESIAN_POINT('',(139.85,-35.575,50.8));
#18800=CARTESIAN_POINT('',(126.85,-35.575,50.8));
#18801=CARTESIAN_POINT('',(140.35,-35.075,50.8));
#18802=CARTESIAN_POINT('Origin',(139.85,-35.075,50.8));
#18803=CARTESIAN_POINT('',(140.35,-22.075,50.8));
#18804=CARTESIAN_POINT('',(140.35,-22.075,50.8));
#18805=CARTESIAN_POINT('',(139.85,-21.575,50.8));
#18806=CARTESIAN_POINT('Origin',(139.85,-22.075,50.8));
#18807=CARTESIAN_POINT('',(126.85,-21.575,50.8));
#18808=CARTESIAN_POINT('',(145.4,-22.075,50.8));
#18809=CARTESIAN_POINT('',(145.9,-21.575,50.8));
#18810=CARTESIAN_POINT('Origin',(145.9,-22.075,50.8));
#18811=CARTESIAN_POINT('',(145.4,-35.075,50.8));
#18812=CARTESIAN_POINT('',(145.4,-22.075,50.8));
#18813=CARTESIAN_POINT('',(145.9,-35.575,50.8));
#18814=CARTESIAN_POINT('Origin',(145.9,-35.075,50.8));
#18815=CARTESIAN_POINT('',(158.9,-35.575,50.8));
#18816=CARTESIAN_POINT('',(145.9,-35.575,50.8));
#18817=CARTESIAN_POINT('',(159.4,-35.075,50.8));
#18818=CARTESIAN_POINT('Origin',(158.9,-35.075,50.8));
#18819=CARTESIAN_POINT('',(159.4,-22.075,50.8));
#18820=CARTESIAN_POINT('',(159.4,-22.075,50.8));
#18821=CARTESIAN_POINT('',(158.9,-21.575,50.8));
#18822=CARTESIAN_POINT('Origin',(158.9,-22.075,50.8));
#18823=CARTESIAN_POINT('',(145.9,-21.575,50.8));
#18824=CARTESIAN_POINT('',(164.45,-22.075,50.8));
#18825=CARTESIAN_POINT('',(164.95,-21.575,50.8));
#18826=CARTESIAN_POINT('Origin',(164.95,-22.075,50.8));
#18827=CARTESIAN_POINT('',(164.45,-35.075,50.8));
#18828=CARTESIAN_POINT('',(164.45,-22.075,50.8));
#18829=CARTESIAN_POINT('',(164.95,-35.575,50.8));
#18830=CARTESIAN_POINT('Origin',(164.95,-35.075,50.8));
#18831=CARTESIAN_POINT('',(177.95,-35.575,50.8));
#18832=CARTESIAN_POINT('',(164.95,-35.575,50.8));
#18833=CARTESIAN_POINT('',(178.45,-35.075,50.8));
#18834=CARTESIAN_POINT('Origin',(177.95,-35.075,50.8));
#18835=CARTESIAN_POINT('',(178.45,-22.075,50.8));
#18836=CARTESIAN_POINT('',(178.45,-22.075,50.8));
#18837=CARTESIAN_POINT('',(177.95,-21.575,50.8));
#18838=CARTESIAN_POINT('Origin',(177.95,-22.075,50.8));
#18839=CARTESIAN_POINT('',(164.95,-21.575,50.8));
#18840=CARTESIAN_POINT('',(183.5,-22.075,50.8));
#18841=CARTESIAN_POINT('',(184.,-21.575,50.8));
#18842=CARTESIAN_POINT('Origin',(184.,-22.075,50.8));
#18843=CARTESIAN_POINT('',(183.5,-35.075,50.8));
#18844=CARTESIAN_POINT('',(183.5,-22.075,50.8));
#18845=CARTESIAN_POINT('',(184.,-35.575,50.8));
#18846=CARTESIAN_POINT('Origin',(184.,-35.075,50.8));
#18847=CARTESIAN_POINT('',(197.,-35.575,50.8));
#18848=CARTESIAN_POINT('',(184.,-35.575,50.8));
#18849=CARTESIAN_POINT('',(197.5,-35.075,50.8));
#18850=CARTESIAN_POINT('Origin',(197.,-35.075,50.8));
#18851=CARTESIAN_POINT('',(197.5,-22.075,50.8));
#18852=CARTESIAN_POINT('',(197.5,-22.075,50.8));
#18853=CARTESIAN_POINT('',(197.,-21.575,50.8));
#18854=CARTESIAN_POINT('Origin',(197.,-22.075,50.8));
#18855=CARTESIAN_POINT('',(184.,-21.575,50.8));
#18856=CARTESIAN_POINT('',(202.55,-22.075,50.8));
#18857=CARTESIAN_POINT('',(203.05,-21.575,50.8));
#18858=CARTESIAN_POINT('Origin',(203.05,-22.075,50.8));
#18859=CARTESIAN_POINT('',(202.55,-35.075,50.8));
#18860=CARTESIAN_POINT('',(202.55,-22.075,50.8));
#18861=CARTESIAN_POINT('',(203.05,-35.575,50.8));
#18862=CARTESIAN_POINT('Origin',(203.05,-35.075,50.8));
#18863=CARTESIAN_POINT('',(216.05,-35.575,50.8));
#18864=CARTESIAN_POINT('',(203.05,-35.575,50.8));
#18865=CARTESIAN_POINT('',(216.55,-35.075,50.8));
#18866=CARTESIAN_POINT('Origin',(216.05,-35.075,50.8));
#18867=CARTESIAN_POINT('',(216.55,-22.075,50.8));
#18868=CARTESIAN_POINT('',(216.55,-22.075,50.8));
#18869=CARTESIAN_POINT('',(216.05,-21.575,50.8));
#18870=CARTESIAN_POINT('Origin',(216.05,-22.075,50.8));
#18871=CARTESIAN_POINT('',(203.05,-21.575,50.8));
#18872=CARTESIAN_POINT('',(221.6,-22.075,50.8));
#18873=CARTESIAN_POINT('',(222.1,-21.575,50.8));
#18874=CARTESIAN_POINT('Origin',(222.1,-22.075,50.8));
#18875=CARTESIAN_POINT('',(221.6,-35.075,50.8));
#18876=CARTESIAN_POINT('',(221.6,-22.075,50.8));
#18877=CARTESIAN_POINT('',(222.1,-35.575,50.8));
#18878=CARTESIAN_POINT('Origin',(222.1,-35.075,50.8));
#18879=CARTESIAN_POINT('',(235.1,-35.575,50.8));
#18880=CARTESIAN_POINT('',(222.1,-35.575,50.8));
#18881=CARTESIAN_POINT('',(235.6,-35.075,50.8));
#18882=CARTESIAN_POINT('Origin',(235.1,-35.075,50.8));
#18883=CARTESIAN_POINT('',(235.6,-22.075,50.8));
#18884=CARTESIAN_POINT('',(235.6,-22.075,50.8));
#18885=CARTESIAN_POINT('',(235.1,-21.575,50.8));
#18886=CARTESIAN_POINT('Origin',(235.1,-22.075,50.8));
#18887=CARTESIAN_POINT('',(222.1,-21.575,50.8));
#18888=CARTESIAN_POINT('',(240.65,-22.075,50.8));
#18889=CARTESIAN_POINT('',(241.15,-21.575,50.8));
#18890=CARTESIAN_POINT('Origin',(241.15,-22.075,50.8));
#18891=CARTESIAN_POINT('',(240.65,-35.075,50.8));
#18892=CARTESIAN_POINT('',(240.65,-22.075,50.8));
#18893=CARTESIAN_POINT('',(241.15,-35.575,50.8));
#18894=CARTESIAN_POINT('Origin',(241.15,-35.075,50.8));
#18895=CARTESIAN_POINT('',(254.15,-35.575,50.8));
#18896=CARTESIAN_POINT('',(241.15,-35.575,50.8));
#18897=CARTESIAN_POINT('',(254.65,-35.075,50.8));
#18898=CARTESIAN_POINT('Origin',(254.15,-35.075,50.8));
#18899=CARTESIAN_POINT('',(254.65,-22.075,50.8));
#18900=CARTESIAN_POINT('',(254.65,-22.075,50.8));
#18901=CARTESIAN_POINT('',(254.15,-21.575,50.8));
#18902=CARTESIAN_POINT('Origin',(254.15,-22.075,50.8));
#18903=CARTESIAN_POINT('',(241.15,-21.575,50.8));
#18904=CARTESIAN_POINT('',(4.90625,-41.125,50.8));
#18905=CARTESIAN_POINT('',(5.40625,-40.625,50.8));
#18906=CARTESIAN_POINT('Origin',(5.40625,-41.125,50.8));
#18907=CARTESIAN_POINT('',(4.90625,-54.125,50.8));
#18908=CARTESIAN_POINT('',(4.90625,-41.125,50.8));
#18909=CARTESIAN_POINT('',(5.40625,-54.625,50.8));
#18910=CARTESIAN_POINT('Origin',(5.40625,-54.125,50.8));
#18911=CARTESIAN_POINT('',(23.16875,-54.625,50.8));
#18912=CARTESIAN_POINT('',(5.40625,-54.625,50.8));
#18913=CARTESIAN_POINT('',(23.66875,-54.125,50.8));
#18914=CARTESIAN_POINT('Origin',(23.16875,-54.125,50.8));
#18915=CARTESIAN_POINT('',(23.66875,-41.125,50.8));
#18916=CARTESIAN_POINT('',(23.66875,-41.125,50.8));
#18917=CARTESIAN_POINT('',(23.16875,-40.625,50.8));
#18918=CARTESIAN_POINT('Origin',(23.16875,-41.125,50.8));
#18919=CARTESIAN_POINT('',(5.40625,-40.625,50.8));
#18920=CARTESIAN_POINT('',(35.8625,-41.125,50.8));
#18921=CARTESIAN_POINT('',(36.3625,-40.625,50.8));
#18922=CARTESIAN_POINT('Origin',(36.3625,-41.125,50.8));
#18923=CARTESIAN_POINT('',(35.8625,-54.125,50.8));
#18924=CARTESIAN_POINT('',(35.8625,-41.125,50.8));
#18925=CARTESIAN_POINT('',(36.3625,-54.625,50.8));
#18926=CARTESIAN_POINT('Origin',(36.3625,-54.125,50.8));
#18927=CARTESIAN_POINT('',(49.3625,-54.625,50.8));
#18928=CARTESIAN_POINT('',(36.3625,-54.625,50.8));
#18929=CARTESIAN_POINT('',(49.8625,-54.125,50.8));
#18930=CARTESIAN_POINT('Origin',(49.3625,-54.125,50.8));
#18931=CARTESIAN_POINT('',(49.8625,-41.125,50.8));
#18932=CARTESIAN_POINT('',(49.8625,-41.125,50.8));
#18933=CARTESIAN_POINT('',(49.3625,-40.625,50.8));
#18934=CARTESIAN_POINT('Origin',(49.3625,-41.125,50.8));
#18935=CARTESIAN_POINT('',(36.3625,-40.625,50.8));
#18936=CARTESIAN_POINT('',(54.9125,-41.125,50.8));
#18937=CARTESIAN_POINT('',(55.4125,-40.625,50.8));
#18938=CARTESIAN_POINT('Origin',(55.4125,-41.125,50.8));
#18939=CARTESIAN_POINT('',(54.9125,-54.125,50.8));
#18940=CARTESIAN_POINT('',(54.9125,-41.125,50.8));
#18941=CARTESIAN_POINT('',(55.4125,-54.625,50.8));
#18942=CARTESIAN_POINT('Origin',(55.4125,-54.125,50.8));
#18943=CARTESIAN_POINT('',(68.4125,-54.625,50.8));
#18944=CARTESIAN_POINT('',(55.4125,-54.625,50.8));
#18945=CARTESIAN_POINT('',(68.9125,-54.125,50.8));
#18946=CARTESIAN_POINT('Origin',(68.4125,-54.125,50.8));
#18947=CARTESIAN_POINT('',(68.9125,-41.125,50.8));
#18948=CARTESIAN_POINT('',(68.9125,-41.125,50.8));
#18949=CARTESIAN_POINT('',(68.4125,-40.625,50.8));
#18950=CARTESIAN_POINT('Origin',(68.4125,-41.125,50.8));
#18951=CARTESIAN_POINT('',(55.4125,-40.625,50.8));
#18952=CARTESIAN_POINT('',(73.9625,-41.125,50.8));
#18953=CARTESIAN_POINT('',(74.4625,-40.625,50.8));
#18954=CARTESIAN_POINT('Origin',(74.4625,-41.125,50.8));
#18955=CARTESIAN_POINT('',(73.9625,-54.125,50.8));
#18956=CARTESIAN_POINT('',(73.9625,-41.125,50.8));
#18957=CARTESIAN_POINT('',(74.4625,-54.625,50.8));
#18958=CARTESIAN_POINT('Origin',(74.4625,-54.125,50.8));
#18959=CARTESIAN_POINT('',(87.4625,-54.625,50.8));
#18960=CARTESIAN_POINT('',(74.4625,-54.625,50.8));
#18961=CARTESIAN_POINT('',(87.9625,-54.125,50.8));
#18962=CARTESIAN_POINT('Origin',(87.4625,-54.125,50.8));
#18963=CARTESIAN_POINT('',(87.9625,-41.125,50.8));
#18964=CARTESIAN_POINT('',(87.9625,-41.125,50.8));
#18965=CARTESIAN_POINT('',(87.4625,-40.625,50.8));
#18966=CARTESIAN_POINT('Origin',(87.4625,-41.125,50.8));
#18967=CARTESIAN_POINT('',(74.4625,-40.625,50.8));
#18968=CARTESIAN_POINT('',(93.0125,-41.125,50.8));
#18969=CARTESIAN_POINT('',(93.5125,-40.625,50.8));
#18970=CARTESIAN_POINT('Origin',(93.5125,-41.125,50.8));
#18971=CARTESIAN_POINT('',(93.0125,-54.125,50.8));
#18972=CARTESIAN_POINT('',(93.0125,-41.125,50.8));
#18973=CARTESIAN_POINT('',(93.5125,-54.625,50.8));
#18974=CARTESIAN_POINT('Origin',(93.5125,-54.125,50.8));
#18975=CARTESIAN_POINT('',(106.5125,-54.625,50.8));
#18976=CARTESIAN_POINT('',(93.5125,-54.625,50.8));
#18977=CARTESIAN_POINT('',(107.0125,-54.125,50.8));
#18978=CARTESIAN_POINT('Origin',(106.5125,-54.125,50.8));
#18979=CARTESIAN_POINT('',(107.0125,-41.125,50.8));
#18980=CARTESIAN_POINT('',(107.0125,-41.125,50.8));
#18981=CARTESIAN_POINT('',(106.5125,-40.625,50.8));
#18982=CARTESIAN_POINT('Origin',(106.5125,-41.125,50.8));
#18983=CARTESIAN_POINT('',(93.5125,-40.625,50.8));
#18984=CARTESIAN_POINT('',(112.0625,-41.125,50.8));
#18985=CARTESIAN_POINT('',(112.5625,-40.625,50.8));
#18986=CARTESIAN_POINT('Origin',(112.5625,-41.125,50.8));
#18987=CARTESIAN_POINT('',(112.0625,-54.125,50.8));
#18988=CARTESIAN_POINT('',(112.0625,-41.125,50.8));
#18989=CARTESIAN_POINT('',(112.5625,-54.625,50.8));
#18990=CARTESIAN_POINT('Origin',(112.5625,-54.125,50.8));
#18991=CARTESIAN_POINT('',(125.5625,-54.625,50.8));
#18992=CARTESIAN_POINT('',(112.5625,-54.625,50.8));
#18993=CARTESIAN_POINT('',(126.0625,-54.125,50.8));
#18994=CARTESIAN_POINT('Origin',(125.5625,-54.125,50.8));
#18995=CARTESIAN_POINT('',(126.0625,-41.125,50.8));
#18996=CARTESIAN_POINT('',(126.0625,-41.125,50.8));
#18997=CARTESIAN_POINT('',(125.5625,-40.625,50.8));
#18998=CARTESIAN_POINT('Origin',(125.5625,-41.125,50.8));
#18999=CARTESIAN_POINT('',(112.5625,-40.625,50.8));
#19000=CARTESIAN_POINT('',(131.1125,-41.125,50.8));
#19001=CARTESIAN_POINT('',(131.6125,-40.625,50.8));
#19002=CARTESIAN_POINT('Origin',(131.6125,-41.125,50.8));
#19003=CARTESIAN_POINT('',(131.1125,-54.125,50.8));
#19004=CARTESIAN_POINT('',(131.1125,-41.125,50.8));
#19005=CARTESIAN_POINT('',(131.6125,-54.625,50.8));
#19006=CARTESIAN_POINT('Origin',(131.6125,-54.125,50.8));
#19007=CARTESIAN_POINT('',(144.6125,-54.625,50.8));
#19008=CARTESIAN_POINT('',(131.6125,-54.625,50.8));
#19009=CARTESIAN_POINT('',(145.1125,-54.125,50.8));
#19010=CARTESIAN_POINT('Origin',(144.6125,-54.125,50.8));
#19011=CARTESIAN_POINT('',(145.1125,-41.125,50.8));
#19012=CARTESIAN_POINT('',(145.1125,-41.125,50.8));
#19013=CARTESIAN_POINT('',(144.6125,-40.625,50.8));
#19014=CARTESIAN_POINT('Origin',(144.6125,-41.125,50.8));
#19015=CARTESIAN_POINT('',(131.6125,-40.625,50.8));
#19016=CARTESIAN_POINT('',(150.1625,-41.125,50.8));
#19017=CARTESIAN_POINT('',(150.6625,-40.625,50.8));
#19018=CARTESIAN_POINT('Origin',(150.6625,-41.125,50.8));
#19019=CARTESIAN_POINT('',(150.1625,-54.125,50.8));
#19020=CARTESIAN_POINT('',(150.1625,-41.125,50.8));
#19021=CARTESIAN_POINT('',(150.6625,-54.625,50.8));
#19022=CARTESIAN_POINT('Origin',(150.6625,-54.125,50.8));
#19023=CARTESIAN_POINT('',(163.6625,-54.625,50.8));
#19024=CARTESIAN_POINT('',(150.6625,-54.625,50.8));
#19025=CARTESIAN_POINT('',(164.1625,-54.125,50.8));
#19026=CARTESIAN_POINT('Origin',(163.6625,-54.125,50.8));
#19027=CARTESIAN_POINT('',(164.1625,-41.125,50.8));
#19028=CARTESIAN_POINT('',(164.1625,-41.125,50.8));
#19029=CARTESIAN_POINT('',(163.6625,-40.625,50.8));
#19030=CARTESIAN_POINT('Origin',(163.6625,-41.125,50.8));
#19031=CARTESIAN_POINT('',(150.6625,-40.625,50.8));
#19032=CARTESIAN_POINT('',(169.2125,-41.125,50.8));
#19033=CARTESIAN_POINT('',(169.7125,-40.625,50.8));
#19034=CARTESIAN_POINT('Origin',(169.7125,-41.125,50.8));
#19035=CARTESIAN_POINT('',(169.2125,-54.125,50.8));
#19036=CARTESIAN_POINT('',(169.2125,-41.125,50.8));
#19037=CARTESIAN_POINT('',(169.7125,-54.625,50.8));
#19038=CARTESIAN_POINT('Origin',(169.7125,-54.125,50.8));
#19039=CARTESIAN_POINT('',(182.7125,-54.625,50.8));
#19040=CARTESIAN_POINT('',(169.7125,-54.625,50.8));
#19041=CARTESIAN_POINT('',(183.2125,-54.125,50.8));
#19042=CARTESIAN_POINT('Origin',(182.7125,-54.125,50.8));
#19043=CARTESIAN_POINT('',(183.2125,-41.125,50.8));
#19044=CARTESIAN_POINT('',(183.2125,-41.125,50.8));
#19045=CARTESIAN_POINT('',(182.7125,-40.625,50.8));
#19046=CARTESIAN_POINT('Origin',(182.7125,-41.125,50.8));
#19047=CARTESIAN_POINT('',(169.7125,-40.625,50.8));
#19048=CARTESIAN_POINT('',(188.2625,-41.125,50.8));
#19049=CARTESIAN_POINT('',(188.7625,-40.625,50.8));
#19050=CARTESIAN_POINT('Origin',(188.7625,-41.125,50.8));
#19051=CARTESIAN_POINT('',(188.2625,-54.125,50.8));
#19052=CARTESIAN_POINT('',(188.2625,-41.125,50.8));
#19053=CARTESIAN_POINT('',(188.7625,-54.625,50.8));
#19054=CARTESIAN_POINT('Origin',(188.7625,-54.125,50.8));
#19055=CARTESIAN_POINT('',(201.7625,-54.625,50.8));
#19056=CARTESIAN_POINT('',(188.7625,-54.625,50.8));
#19057=CARTESIAN_POINT('',(202.2625,-54.125,50.8));
#19058=CARTESIAN_POINT('Origin',(201.7625,-54.125,50.8));
#19059=CARTESIAN_POINT('',(202.2625,-41.125,50.8));
#19060=CARTESIAN_POINT('',(202.2625,-41.125,50.8));
#19061=CARTESIAN_POINT('',(201.7625,-40.625,50.8));
#19062=CARTESIAN_POINT('Origin',(201.7625,-41.125,50.8));
#19063=CARTESIAN_POINT('',(188.7625,-40.625,50.8));
#19064=CARTESIAN_POINT('',(207.3125,-41.125,50.8));
#19065=CARTESIAN_POINT('',(207.8125,-40.625,50.8));
#19066=CARTESIAN_POINT('Origin',(207.8125,-41.125,50.8));
#19067=CARTESIAN_POINT('',(207.3125,-54.125,50.8));
#19068=CARTESIAN_POINT('',(207.3125,-41.125,50.8));
#19069=CARTESIAN_POINT('',(207.8125,-54.625,50.8));
#19070=CARTESIAN_POINT('Origin',(207.8125,-54.125,50.8));
#19071=CARTESIAN_POINT('',(220.8125,-54.625,50.8));
#19072=CARTESIAN_POINT('',(207.8125,-54.625,50.8));
#19073=CARTESIAN_POINT('',(221.3125,-54.125,50.8));
#19074=CARTESIAN_POINT('Origin',(220.8125,-54.125,50.8));
#19075=CARTESIAN_POINT('',(221.3125,-41.125,50.8));
#19076=CARTESIAN_POINT('',(221.3125,-41.125,50.8));
#19077=CARTESIAN_POINT('',(220.8125,-40.625,50.8));
#19078=CARTESIAN_POINT('Origin',(220.8125,-41.125,50.8));
#19079=CARTESIAN_POINT('',(207.8125,-40.625,50.8));
#19080=CARTESIAN_POINT('',(233.50625,-41.125,50.8));
#19081=CARTESIAN_POINT('',(234.00625,-40.625,50.8));
#19082=CARTESIAN_POINT('Origin',(234.00625,-41.125,50.8));
#19083=CARTESIAN_POINT('',(233.50625,-54.125,50.8));
#19084=CARTESIAN_POINT('',(233.50625,-41.125,50.8));
#19085=CARTESIAN_POINT('',(234.00625,-54.625,50.8));
#19086=CARTESIAN_POINT('Origin',(234.00625,-54.125,50.8));
#19087=CARTESIAN_POINT('',(247.00625,-54.625,50.8));
#19088=CARTESIAN_POINT('',(234.00625,-54.625,50.8));
#19089=CARTESIAN_POINT('',(247.50625,-54.125,50.8));
#19090=CARTESIAN_POINT('Origin',(247.00625,-54.125,50.8));
#19091=CARTESIAN_POINT('',(247.50625,-41.125,50.8));
#19092=CARTESIAN_POINT('',(247.50625,-41.125,50.8));
#19093=CARTESIAN_POINT('',(247.00625,-40.625,50.8));
#19094=CARTESIAN_POINT('Origin',(247.00625,-41.125,50.8));
#19095=CARTESIAN_POINT('',(234.00625,-40.625,50.8));
#19096=CARTESIAN_POINT('',(12.05,-60.175,50.8));
#19097=CARTESIAN_POINT('',(12.55,-59.675,50.8));
#19098=CARTESIAN_POINT('Origin',(12.55,-60.175,50.8));
#19099=CARTESIAN_POINT('',(12.05,-73.175,50.8));
#19100=CARTESIAN_POINT('',(12.05,-60.175,50.8));
#19101=CARTESIAN_POINT('',(12.55,-73.675,50.8));
#19102=CARTESIAN_POINT('Origin',(12.55,-73.175,50.8));
#19103=CARTESIAN_POINT('',(25.55,-73.675,50.8));
#19104=CARTESIAN_POINT('',(12.55,-73.675,50.8));
#19105=CARTESIAN_POINT('',(26.05,-73.175,50.8));
#19106=CARTESIAN_POINT('Origin',(25.55,-73.175,50.8));
#19107=CARTESIAN_POINT('',(26.05,-60.175,50.8));
#19108=CARTESIAN_POINT('',(26.05,-60.175,50.8));
#19109=CARTESIAN_POINT('',(25.55,-59.675,50.8));
#19110=CARTESIAN_POINT('Origin',(25.55,-60.175,50.8));
#19111=CARTESIAN_POINT('',(12.55,-59.675,50.8));
#19112=CARTESIAN_POINT('',(34.488,-72.175,50.8));
#19113=CARTESIAN_POINT('',(33.988,-72.675,50.8));
#19114=CARTESIAN_POINT('Origin',(33.988,-72.175,50.8));
#19115=CARTESIAN_POINT('',(34.488,-58.175,50.8));
#19116=CARTESIAN_POINT('',(34.488,-72.175,50.8));
#19117=CARTESIAN_POINT('',(33.988,-57.675,50.8));
#19118=CARTESIAN_POINT('Origin',(33.988,-58.175,50.8));
#19119=CARTESIAN_POINT('',(27.988,-57.675,50.8));
#19120=CARTESIAN_POINT('',(33.988,-57.675,50.8));
#19121=CARTESIAN_POINT('',(27.488,-58.175,50.8));
#19122=CARTESIAN_POINT('Origin',(27.988,-58.175,50.8));
#19123=CARTESIAN_POINT('',(27.488,-72.175,50.8));
#19124=CARTESIAN_POINT('',(27.488,-72.175,50.8));
#19125=CARTESIAN_POINT('',(27.988,-72.675,50.8));
#19126=CARTESIAN_POINT('Origin',(27.988,-72.175,50.8));
#19127=CARTESIAN_POINT('',(33.988,-72.675,50.8));
#19128=CARTESIAN_POINT('',(10.612,-72.175,50.8));
#19129=CARTESIAN_POINT('',(10.112,-72.675,50.8));
#19130=CARTESIAN_POINT('Origin',(10.112,-72.175,50.8));
#19131=CARTESIAN_POINT('',(10.612,-58.175,50.8));
#19132=CARTESIAN_POINT('',(10.612,-72.175,50.8));
#19133=CARTESIAN_POINT('',(10.112,-57.675,50.8));
#19134=CARTESIAN_POINT('Origin',(10.112,-58.175,50.8));
#19135=CARTESIAN_POINT('',(4.112,-57.675,50.8));
#19136=CARTESIAN_POINT('',(10.112,-57.675,50.8));
#19137=CARTESIAN_POINT('',(3.612,-58.175,50.8));
#19138=CARTESIAN_POINT('Origin',(4.112,-58.175,50.8));
#19139=CARTESIAN_POINT('',(3.612,-72.175,50.8));
#19140=CARTESIAN_POINT('',(3.612,-72.175,50.8));
#19141=CARTESIAN_POINT('',(4.112,-72.675,50.8));
#19142=CARTESIAN_POINT('Origin',(4.112,-72.175,50.8));
#19143=CARTESIAN_POINT('',(10.112,-72.675,50.8));
#19144=CARTESIAN_POINT('',(40.625,-60.175,50.8));
#19145=CARTESIAN_POINT('',(41.125,-59.675,50.8));
#19146=CARTESIAN_POINT('Origin',(41.125,-60.175,50.8));
#19147=CARTESIAN_POINT('',(40.625,-73.175,50.8));
#19148=CARTESIAN_POINT('',(40.625,-60.175,50.8));
#19149=CARTESIAN_POINT('',(41.125,-73.675,50.8));
#19150=CARTESIAN_POINT('Origin',(41.125,-73.175,50.8));
#19151=CARTESIAN_POINT('',(54.125,-73.675,50.8));
#19152=CARTESIAN_POINT('',(41.125,-73.675,50.8));
#19153=CARTESIAN_POINT('',(54.625,-73.175,50.8));
#19154=CARTESIAN_POINT('Origin',(54.125,-73.175,50.8));
#19155=CARTESIAN_POINT('',(54.625,-60.175,50.8));
#19156=CARTESIAN_POINT('',(54.625,-60.175,50.8));
#19157=CARTESIAN_POINT('',(54.125,-59.675,50.8));
#19158=CARTESIAN_POINT('Origin',(54.125,-60.175,50.8));
#19159=CARTESIAN_POINT('',(41.125,-59.675,50.8));
#19160=CARTESIAN_POINT('',(59.675,-60.175,50.8));
#19161=CARTESIAN_POINT('',(60.175,-59.675,50.8));
#19162=CARTESIAN_POINT('Origin',(60.175,-60.175,50.8));
#19163=CARTESIAN_POINT('',(59.675,-73.175,50.8));
#19164=CARTESIAN_POINT('',(59.675,-60.175,50.8));
#19165=CARTESIAN_POINT('',(60.175,-73.675,50.8));
#19166=CARTESIAN_POINT('Origin',(60.175,-73.175,50.8));
#19167=CARTESIAN_POINT('',(73.175,-73.675,50.8));
#19168=CARTESIAN_POINT('',(60.175,-73.675,50.8));
#19169=CARTESIAN_POINT('',(73.675,-73.175,50.8));
#19170=CARTESIAN_POINT('Origin',(73.175,-73.175,50.8));
#19171=CARTESIAN_POINT('',(73.675,-60.175,50.8));
#19172=CARTESIAN_POINT('',(73.675,-60.175,50.8));
#19173=CARTESIAN_POINT('',(73.175,-59.675,50.8));
#19174=CARTESIAN_POINT('Origin',(73.175,-60.175,50.8));
#19175=CARTESIAN_POINT('',(60.175,-59.675,50.8));
#19176=CARTESIAN_POINT('',(78.725,-60.175,50.8));
#19177=CARTESIAN_POINT('',(79.225,-59.675,50.8));
#19178=CARTESIAN_POINT('Origin',(79.225,-60.175,50.8));
#19179=CARTESIAN_POINT('',(78.725,-73.175,50.8));
#19180=CARTESIAN_POINT('',(78.725,-60.175,50.8));
#19181=CARTESIAN_POINT('',(79.225,-73.675,50.8));
#19182=CARTESIAN_POINT('Origin',(79.225,-73.175,50.8));
#19183=CARTESIAN_POINT('',(92.225,-73.675,50.8));
#19184=CARTESIAN_POINT('',(79.225,-73.675,50.8));
#19185=CARTESIAN_POINT('',(92.725,-73.175,50.8));
#19186=CARTESIAN_POINT('Origin',(92.225,-73.175,50.8));
#19187=CARTESIAN_POINT('',(92.725,-60.175,50.8));
#19188=CARTESIAN_POINT('',(92.725,-60.175,50.8));
#19189=CARTESIAN_POINT('',(92.225,-59.675,50.8));
#19190=CARTESIAN_POINT('Origin',(92.225,-60.175,50.8));
#19191=CARTESIAN_POINT('',(79.225,-59.675,50.8));
#19192=CARTESIAN_POINT('',(97.775,-60.175,50.8));
#19193=CARTESIAN_POINT('',(98.275,-59.675,50.8));
#19194=CARTESIAN_POINT('Origin',(98.275,-60.175,50.8));
#19195=CARTESIAN_POINT('',(97.775,-73.175,50.8));
#19196=CARTESIAN_POINT('',(97.775,-60.175,50.8));
#19197=CARTESIAN_POINT('',(98.275,-73.675,50.8));
#19198=CARTESIAN_POINT('Origin',(98.275,-73.175,50.8));
#19199=CARTESIAN_POINT('',(111.275,-73.675,50.8));
#19200=CARTESIAN_POINT('',(98.275,-73.675,50.8));
#19201=CARTESIAN_POINT('',(111.775,-73.175,50.8));
#19202=CARTESIAN_POINT('Origin',(111.275,-73.175,50.8));
#19203=CARTESIAN_POINT('',(111.775,-60.175,50.8));
#19204=CARTESIAN_POINT('',(111.775,-60.175,50.8));
#19205=CARTESIAN_POINT('',(111.275,-59.675,50.8));
#19206=CARTESIAN_POINT('Origin',(111.275,-60.175,50.8));
#19207=CARTESIAN_POINT('',(98.275,-59.675,50.8));
#19208=CARTESIAN_POINT('',(116.825,-60.175,50.8));
#19209=CARTESIAN_POINT('',(117.325,-59.675,50.8));
#19210=CARTESIAN_POINT('Origin',(117.325,-60.175,50.8));
#19211=CARTESIAN_POINT('',(116.825,-73.175,50.8));
#19212=CARTESIAN_POINT('',(116.825,-60.175,50.8));
#19213=CARTESIAN_POINT('',(117.325,-73.675,50.8));
#19214=CARTESIAN_POINT('Origin',(117.325,-73.175,50.8));
#19215=CARTESIAN_POINT('',(130.325,-73.675,50.8));
#19216=CARTESIAN_POINT('',(117.325,-73.675,50.8));
#19217=CARTESIAN_POINT('',(130.825,-73.175,50.8));
#19218=CARTESIAN_POINT('Origin',(130.325,-73.175,50.8));
#19219=CARTESIAN_POINT('',(130.825,-60.175,50.8));
#19220=CARTESIAN_POINT('',(130.825,-60.175,50.8));
#19221=CARTESIAN_POINT('',(130.325,-59.675,50.8));
#19222=CARTESIAN_POINT('Origin',(130.325,-60.175,50.8));
#19223=CARTESIAN_POINT('',(117.325,-59.675,50.8));
#19224=CARTESIAN_POINT('',(135.875,-60.175,50.8));
#19225=CARTESIAN_POINT('',(136.375,-59.675,50.8));
#19226=CARTESIAN_POINT('Origin',(136.375,-60.175,50.8));
#19227=CARTESIAN_POINT('',(135.875,-73.175,50.8));
#19228=CARTESIAN_POINT('',(135.875,-60.175,50.8));
#19229=CARTESIAN_POINT('',(136.375,-73.675,50.8));
#19230=CARTESIAN_POINT('Origin',(136.375,-73.175,50.8));
#19231=CARTESIAN_POINT('',(149.375,-73.675,50.8));
#19232=CARTESIAN_POINT('',(136.375,-73.675,50.8));
#19233=CARTESIAN_POINT('',(149.875,-73.175,50.8));
#19234=CARTESIAN_POINT('Origin',(149.375,-73.175,50.8));
#19235=CARTESIAN_POINT('',(149.875,-60.175,50.8));
#19236=CARTESIAN_POINT('',(149.875,-60.175,50.8));
#19237=CARTESIAN_POINT('',(149.375,-59.675,50.8));
#19238=CARTESIAN_POINT('Origin',(149.375,-60.175,50.8));
#19239=CARTESIAN_POINT('',(136.375,-59.675,50.8));
#19240=CARTESIAN_POINT('',(154.925,-60.175,50.8));
#19241=CARTESIAN_POINT('',(155.425,-59.675,50.8));
#19242=CARTESIAN_POINT('Origin',(155.425,-60.175,50.8));
#19243=CARTESIAN_POINT('',(154.925,-73.175,50.8));
#19244=CARTESIAN_POINT('',(154.925,-60.175,50.8));
#19245=CARTESIAN_POINT('',(155.425,-73.675,50.8));
#19246=CARTESIAN_POINT('Origin',(155.425,-73.175,50.8));
#19247=CARTESIAN_POINT('',(168.425,-73.675,50.8));
#19248=CARTESIAN_POINT('',(155.425,-73.675,50.8));
#19249=CARTESIAN_POINT('',(168.925,-73.175,50.8));
#19250=CARTESIAN_POINT('Origin',(168.425,-73.175,50.8));
#19251=CARTESIAN_POINT('',(168.925,-60.175,50.8));
#19252=CARTESIAN_POINT('',(168.925,-60.175,50.8));
#19253=CARTESIAN_POINT('',(168.425,-59.675,50.8));
#19254=CARTESIAN_POINT('Origin',(168.425,-60.175,50.8));
#19255=CARTESIAN_POINT('',(155.425,-59.675,50.8));
#19256=CARTESIAN_POINT('',(173.975,-60.175,50.8));
#19257=CARTESIAN_POINT('',(174.475,-59.675,50.8));
#19258=CARTESIAN_POINT('Origin',(174.475,-60.175,50.8));
#19259=CARTESIAN_POINT('',(173.975,-73.175,50.8));
#19260=CARTESIAN_POINT('',(173.975,-60.175,50.8));
#19261=CARTESIAN_POINT('',(174.475,-73.675,50.8));
#19262=CARTESIAN_POINT('Origin',(174.475,-73.175,50.8));
#19263=CARTESIAN_POINT('',(187.475,-73.675,50.8));
#19264=CARTESIAN_POINT('',(174.475,-73.675,50.8));
#19265=CARTESIAN_POINT('',(187.975,-73.175,50.8));
#19266=CARTESIAN_POINT('Origin',(187.475,-73.175,50.8));
#19267=CARTESIAN_POINT('',(187.975,-60.175,50.8));
#19268=CARTESIAN_POINT('',(187.975,-60.175,50.8));
#19269=CARTESIAN_POINT('',(187.475,-59.675,50.8));
#19270=CARTESIAN_POINT('Origin',(187.475,-60.175,50.8));
#19271=CARTESIAN_POINT('',(174.475,-59.675,50.8));
#19272=CARTESIAN_POINT('',(193.025,-60.175,50.8));
#19273=CARTESIAN_POINT('',(193.525,-59.675,50.8));
#19274=CARTESIAN_POINT('Origin',(193.525,-60.175,50.8));
#19275=CARTESIAN_POINT('',(193.025,-73.175,50.8));
#19276=CARTESIAN_POINT('',(193.025,-60.175,50.8));
#19277=CARTESIAN_POINT('',(193.525,-73.675,50.8));
#19278=CARTESIAN_POINT('Origin',(193.525,-73.175,50.8));
#19279=CARTESIAN_POINT('',(206.525,-73.675,50.8));
#19280=CARTESIAN_POINT('',(193.525,-73.675,50.8));
#19281=CARTESIAN_POINT('',(207.025,-73.175,50.8));
#19282=CARTESIAN_POINT('Origin',(206.525,-73.175,50.8));
#19283=CARTESIAN_POINT('',(207.025,-60.175,50.8));
#19284=CARTESIAN_POINT('',(207.025,-60.175,50.8));
#19285=CARTESIAN_POINT('',(206.525,-59.675,50.8));
#19286=CARTESIAN_POINT('Origin',(206.525,-60.175,50.8));
#19287=CARTESIAN_POINT('',(193.525,-59.675,50.8));
#19288=CARTESIAN_POINT('',(212.075,-60.175,50.8));
#19289=CARTESIAN_POINT('',(212.575,-59.675,50.8));
#19290=CARTESIAN_POINT('Origin',(212.575,-60.175,50.8));
#19291=CARTESIAN_POINT('',(212.075,-73.175,50.8));
#19292=CARTESIAN_POINT('',(212.075,-60.175,50.8));
#19293=CARTESIAN_POINT('',(212.575,-73.675,50.8));
#19294=CARTESIAN_POINT('Origin',(212.575,-73.175,50.8));
#19295=CARTESIAN_POINT('',(225.575,-73.675,50.8));
#19296=CARTESIAN_POINT('',(212.575,-73.675,50.8));
#19297=CARTESIAN_POINT('',(226.075,-73.175,50.8));
#19298=CARTESIAN_POINT('Origin',(225.575,-73.175,50.8));
#19299=CARTESIAN_POINT('',(226.075,-60.175,50.8));
#19300=CARTESIAN_POINT('',(226.075,-60.175,50.8));
#19301=CARTESIAN_POINT('',(225.575,-59.675,50.8));
#19302=CARTESIAN_POINT('Origin',(225.575,-60.175,50.8));
#19303=CARTESIAN_POINT('',(212.575,-59.675,50.8));
#19304=CARTESIAN_POINT('',(235.8875,-60.175,50.8));
#19305=CARTESIAN_POINT('',(236.3875,-59.675,50.8));
#19306=CARTESIAN_POINT('Origin',(236.3875,-60.175,50.8));
#19307=CARTESIAN_POINT('',(235.8875,-73.175,50.8));
#19308=CARTESIAN_POINT('',(235.8875,-60.175,50.8));
#19309=CARTESIAN_POINT('',(236.3875,-73.675,50.8));
#19310=CARTESIAN_POINT('Origin',(236.3875,-73.175,50.8));
#19311=CARTESIAN_POINT('',(249.3875,-73.675,50.8));
#19312=CARTESIAN_POINT('',(236.3875,-73.675,50.8));
#19313=CARTESIAN_POINT('',(249.8875,-73.175,50.8));
#19314=CARTESIAN_POINT('Origin',(249.3875,-73.175,50.8));
#19315=CARTESIAN_POINT('',(249.8875,-60.175,50.8));
#19316=CARTESIAN_POINT('',(249.8875,-60.175,50.8));
#19317=CARTESIAN_POINT('',(249.3875,-59.675,50.8));
#19318=CARTESIAN_POINT('Origin',(249.3875,-60.175,50.8));
#19319=CARTESIAN_POINT('',(236.3875,-59.675,50.8));
#19320=CARTESIAN_POINT('',(4.90625,-79.225,50.8));
#19321=CARTESIAN_POINT('',(5.40625,-78.725,50.8));
#19322=CARTESIAN_POINT('Origin',(5.40625,-79.225,50.8));
#19323=CARTESIAN_POINT('',(4.90625,-92.225,50.8));
#19324=CARTESIAN_POINT('',(4.90625,-79.225,50.8));
#19325=CARTESIAN_POINT('',(5.40625,-92.725,50.8));
#19326=CARTESIAN_POINT('Origin',(5.40625,-92.225,50.8));
#19327=CARTESIAN_POINT('',(18.40625,-92.725,50.8));
#19328=CARTESIAN_POINT('',(5.40625,-92.725,50.8));
#19329=CARTESIAN_POINT('',(18.90625,-92.225,50.8));
#19330=CARTESIAN_POINT('Origin',(18.40625,-92.225,50.8));
#19331=CARTESIAN_POINT('',(18.90625,-79.225,50.8));
#19332=CARTESIAN_POINT('',(18.90625,-79.225,50.8));
#19333=CARTESIAN_POINT('',(18.40625,-78.725,50.8));
#19334=CARTESIAN_POINT('Origin',(18.40625,-79.225,50.8));
#19335=CARTESIAN_POINT('',(5.40625,-78.725,50.8));
#19336=CARTESIAN_POINT('',(26.3375,-79.225,50.8));
#19337=CARTESIAN_POINT('',(26.8375,-78.725,50.8));
#19338=CARTESIAN_POINT('Origin',(26.8375,-79.225,50.8));
#19339=CARTESIAN_POINT('',(26.3375,-92.225,50.8));
#19340=CARTESIAN_POINT('',(26.3375,-79.225,50.8));
#19341=CARTESIAN_POINT('',(26.8375,-92.725,50.8));
#19342=CARTESIAN_POINT('Origin',(26.8375,-92.225,50.8));
#19343=CARTESIAN_POINT('',(39.8375,-92.725,50.8));
#19344=CARTESIAN_POINT('',(26.8375,-92.725,50.8));
#19345=CARTESIAN_POINT('',(40.3375,-92.225,50.8));
#19346=CARTESIAN_POINT('Origin',(39.8375,-92.225,50.8));
#19347=CARTESIAN_POINT('',(40.3375,-79.225,50.8));
#19348=CARTESIAN_POINT('',(40.3375,-79.225,50.8));
#19349=CARTESIAN_POINT('',(39.8375,-78.725,50.8));
#19350=CARTESIAN_POINT('Origin',(39.8375,-79.225,50.8));
#19351=CARTESIAN_POINT('',(26.8375,-78.725,50.8));
#19352=CARTESIAN_POINT('',(50.15,-79.225,50.8));
#19353=CARTESIAN_POINT('',(50.65,-78.725,50.8));
#19354=CARTESIAN_POINT('Origin',(50.65,-79.225,50.8));
#19355=CARTESIAN_POINT('',(50.15,-92.225,50.8));
#19356=CARTESIAN_POINT('',(50.15,-79.225,50.8));
#19357=CARTESIAN_POINT('',(50.65,-92.725,50.8));
#19358=CARTESIAN_POINT('Origin',(50.65,-92.225,50.8));
#19359=CARTESIAN_POINT('',(63.65,-92.725,50.8));
#19360=CARTESIAN_POINT('',(50.65,-92.725,50.8));
#19361=CARTESIAN_POINT('',(64.15,-92.225,50.8));
#19362=CARTESIAN_POINT('Origin',(63.65,-92.225,50.8));
#19363=CARTESIAN_POINT('',(64.15,-79.225,50.8));
#19364=CARTESIAN_POINT('',(64.15,-79.225,50.8));
#19365=CARTESIAN_POINT('',(63.65,-78.725,50.8));
#19366=CARTESIAN_POINT('Origin',(63.65,-79.225,50.8));
#19367=CARTESIAN_POINT('',(50.65,-78.725,50.8));
#19368=CARTESIAN_POINT('',(93.0125,-79.225,50.8));
#19369=CARTESIAN_POINT('',(93.5125,-78.725,50.8));
#19370=CARTESIAN_POINT('Origin',(93.5125,-79.225,50.8));
#19371=CARTESIAN_POINT('',(93.0125,-92.225,50.8));
#19372=CARTESIAN_POINT('',(93.0125,-79.225,50.8));
#19373=CARTESIAN_POINT('',(93.5125,-92.725,50.8));
#19374=CARTESIAN_POINT('Origin',(93.5125,-92.225,50.8));
#19375=CARTESIAN_POINT('',(106.5125,-92.725,50.8));
#19376=CARTESIAN_POINT('',(93.5125,-92.725,50.8));
#19377=CARTESIAN_POINT('',(107.0125,-92.225,50.8));
#19378=CARTESIAN_POINT('Origin',(106.5125,-92.225,50.8));
#19379=CARTESIAN_POINT('',(107.0125,-79.225,50.8));
#19380=CARTESIAN_POINT('',(107.0125,-79.225,50.8));
#19381=CARTESIAN_POINT('',(106.5125,-78.725,50.8));
#19382=CARTESIAN_POINT('Origin',(106.5125,-79.225,50.8));
#19383=CARTESIAN_POINT('',(93.5125,-78.725,50.8));
#19384=CARTESIAN_POINT('',(84.4625,-91.225,50.8));
#19385=CARTESIAN_POINT('',(83.9625,-91.725,50.8));
#19386=CARTESIAN_POINT('Origin',(83.9625,-91.225,50.8));
#19387=CARTESIAN_POINT('',(84.4625,-77.225,50.8));
#19388=CARTESIAN_POINT('',(84.4625,-91.225,50.8));
#19389=CARTESIAN_POINT('',(83.9625,-76.725,50.8));
#19390=CARTESIAN_POINT('Origin',(83.9625,-77.225,50.8));
#19391=CARTESIAN_POINT('',(77.9625,-76.725,50.8));
#19392=CARTESIAN_POINT('',(83.9625,-76.725,50.8));
#19393=CARTESIAN_POINT('',(77.4625,-77.225,50.8));
#19394=CARTESIAN_POINT('Origin',(77.9625,-77.225,50.8));
#19395=CARTESIAN_POINT('',(77.4625,-91.225,50.8));
#19396=CARTESIAN_POINT('',(77.4625,-91.225,50.8));
#19397=CARTESIAN_POINT('',(77.9625,-91.725,50.8));
#19398=CARTESIAN_POINT('Origin',(77.9625,-91.225,50.8));
#19399=CARTESIAN_POINT('',(83.9625,-91.725,50.8));
#19400=CARTESIAN_POINT('',(150.1625,-79.225,50.8));
#19401=CARTESIAN_POINT('',(150.6625,-78.725,50.8));
#19402=CARTESIAN_POINT('Origin',(150.6625,-79.225,50.8));
#19403=CARTESIAN_POINT('',(150.1625,-92.225,50.8));
#19404=CARTESIAN_POINT('',(150.1625,-79.225,50.8));
#19405=CARTESIAN_POINT('',(150.6625,-92.725,50.8));
#19406=CARTESIAN_POINT('Origin',(150.6625,-92.225,50.8));
#19407=CARTESIAN_POINT('',(163.6625,-92.725,50.8));
#19408=CARTESIAN_POINT('',(150.6625,-92.725,50.8));
#19409=CARTESIAN_POINT('',(164.1625,-92.225,50.8));
#19410=CARTESIAN_POINT('Origin',(163.6625,-92.225,50.8));
#19411=CARTESIAN_POINT('',(164.1625,-79.225,50.8));
#19412=CARTESIAN_POINT('',(164.1625,-79.225,50.8));
#19413=CARTESIAN_POINT('',(163.6625,-78.725,50.8));
#19414=CARTESIAN_POINT('Origin',(163.6625,-79.225,50.8));
#19415=CARTESIAN_POINT('',(150.6625,-78.725,50.8));
#19416=CARTESIAN_POINT('',(179.7125,-91.225,50.8));
#19417=CARTESIAN_POINT('',(179.2125,-91.725,50.8));
#19418=CARTESIAN_POINT('Origin',(179.2125,-91.225,50.8));
#19419=CARTESIAN_POINT('',(179.7125,-77.225,50.8));
#19420=CARTESIAN_POINT('',(179.7125,-91.225,50.8));
#19421=CARTESIAN_POINT('',(179.2125,-76.725,50.8));
#19422=CARTESIAN_POINT('Origin',(179.2125,-77.225,50.8));
#19423=CARTESIAN_POINT('',(173.2125,-76.725,50.8));
#19424=CARTESIAN_POINT('',(179.2125,-76.725,50.8));
#19425=CARTESIAN_POINT('',(172.7125,-77.225,50.8));
#19426=CARTESIAN_POINT('Origin',(173.2125,-77.225,50.8));
#19427=CARTESIAN_POINT('',(172.7125,-91.225,50.8));
#19428=CARTESIAN_POINT('',(172.7125,-91.225,50.8));
#19429=CARTESIAN_POINT('',(173.2125,-91.725,50.8));
#19430=CARTESIAN_POINT('Origin',(173.2125,-91.225,50.8));
#19431=CARTESIAN_POINT('',(179.2125,-91.725,50.8));
#19432=CARTESIAN_POINT('',(193.025,-79.225,50.8));
#19433=CARTESIAN_POINT('',(193.525,-78.725,50.8));
#19434=CARTESIAN_POINT('Origin',(193.525,-79.225,50.8));
#19435=CARTESIAN_POINT('',(193.025,-92.225,50.8));
#19436=CARTESIAN_POINT('',(193.025,-79.225,50.8));
#19437=CARTESIAN_POINT('',(193.525,-92.725,50.8));
#19438=CARTESIAN_POINT('Origin',(193.525,-92.225,50.8));
#19439=CARTESIAN_POINT('',(206.525,-92.725,50.8));
#19440=CARTESIAN_POINT('',(193.525,-92.725,50.8));
#19441=CARTESIAN_POINT('',(207.025,-92.225,50.8));
#19442=CARTESIAN_POINT('Origin',(206.525,-92.225,50.8));
#19443=CARTESIAN_POINT('',(207.025,-79.225,50.8));
#19444=CARTESIAN_POINT('',(207.025,-79.225,50.8));
#19445=CARTESIAN_POINT('',(206.525,-78.725,50.8));
#19446=CARTESIAN_POINT('Origin',(206.525,-79.225,50.8));
#19447=CARTESIAN_POINT('',(193.525,-78.725,50.8));
#19448=CARTESIAN_POINT('',(216.8375,-79.225,50.8));
#19449=CARTESIAN_POINT('',(217.3375,-78.725,50.8));
#19450=CARTESIAN_POINT('Origin',(217.3375,-79.225,50.8));
#19451=CARTESIAN_POINT('',(216.8375,-92.225,50.8));
#19452=CARTESIAN_POINT('',(216.8375,-79.225,50.8));
#19453=CARTESIAN_POINT('',(217.3375,-92.725,50.8));
#19454=CARTESIAN_POINT('Origin',(217.3375,-92.225,50.8));
#19455=CARTESIAN_POINT('',(230.3375,-92.725,50.8));
#19456=CARTESIAN_POINT('',(217.3375,-92.725,50.8));
#19457=CARTESIAN_POINT('',(230.8375,-92.225,50.8));
#19458=CARTESIAN_POINT('Origin',(230.3375,-92.225,50.8));
#19459=CARTESIAN_POINT('',(230.8375,-79.225,50.8));
#19460=CARTESIAN_POINT('',(230.8375,-79.225,50.8));
#19461=CARTESIAN_POINT('',(230.3375,-78.725,50.8));
#19462=CARTESIAN_POINT('Origin',(230.3375,-79.225,50.8));
#19463=CARTESIAN_POINT('',(217.3375,-78.725,50.8));
#19464=CARTESIAN_POINT('',(238.26875,-79.225,50.8));
#19465=CARTESIAN_POINT('',(238.76875,-78.725,50.8));
#19466=CARTESIAN_POINT('Origin',(238.76875,-79.225,50.8));
#19467=CARTESIAN_POINT('',(238.26875,-92.225,50.8));
#19468=CARTESIAN_POINT('',(238.26875,-79.225,50.8));
#19469=CARTESIAN_POINT('',(238.76875,-92.725,50.8));
#19470=CARTESIAN_POINT('Origin',(238.76875,-92.225,50.8));
#19471=CARTESIAN_POINT('',(251.76875,-92.725,50.8));
#19472=CARTESIAN_POINT('',(238.76875,-92.725,50.8));
#19473=CARTESIAN_POINT('',(252.26875,-92.225,50.8));
#19474=CARTESIAN_POINT('Origin',(251.76875,-92.225,50.8));
#19475=CARTESIAN_POINT('',(252.26875,-79.225,50.8));
#19476=CARTESIAN_POINT('',(252.26875,-79.225,50.8));
#19477=CARTESIAN_POINT('',(251.76875,-78.725,50.8));
#19478=CARTESIAN_POINT('Origin',(251.76875,-79.225,50.8));
#19479=CARTESIAN_POINT('',(238.76875,-78.725,50.8));
#19480=CARTESIAN_POINT('',(141.6125,-91.225,50.8));
#19481=CARTESIAN_POINT('',(141.1125,-91.725,50.8));
#19482=CARTESIAN_POINT('Origin',(141.1125,-91.225,50.8));
#19483=CARTESIAN_POINT('',(141.6125,-77.225,50.8));
#19484=CARTESIAN_POINT('',(141.6125,-91.225,50.8));
#19485=CARTESIAN_POINT('',(141.1125,-76.725,50.8));
#19486=CARTESIAN_POINT('Origin',(141.1125,-77.225,50.8));
#19487=CARTESIAN_POINT('',(135.1125,-76.725,50.8));
#19488=CARTESIAN_POINT('',(141.1125,-76.725,50.8));
#19489=CARTESIAN_POINT('',(134.6125,-77.225,50.8));
#19490=CARTESIAN_POINT('Origin',(135.1125,-77.225,50.8));
#19491=CARTESIAN_POINT('',(134.6125,-78.325,50.8));
#19492=CARTESIAN_POINT('',(134.6125,-78.325,50.8));
#19493=CARTESIAN_POINT('',(134.2125,-78.725,50.8));
#19494=CARTESIAN_POINT('Origin',(134.2125,-78.325,50.8));
#19495=CARTESIAN_POINT('',(122.9625,-78.725,50.8));
#19496=CARTESIAN_POINT('',(122.9625,-78.725,50.8));
#19497=CARTESIAN_POINT('',(122.5625,-78.325,50.8));
#19498=CARTESIAN_POINT('Origin',(122.9625,-78.325,50.8));
#19499=CARTESIAN_POINT('',(122.5625,-77.225,50.8));
#19500=CARTESIAN_POINT('',(122.5625,-78.325,50.8));
#19501=CARTESIAN_POINT('',(122.0625,-76.725,50.8));
#19502=CARTESIAN_POINT('Origin',(122.0625,-77.225,50.8));
#19503=CARTESIAN_POINT('',(116.0625,-76.725,50.8));
#19504=CARTESIAN_POINT('',(122.0625,-76.725,50.8));
#19505=CARTESIAN_POINT('',(115.5625,-77.225,50.8));
#19506=CARTESIAN_POINT('Origin',(116.0625,-77.225,50.8));
#19507=CARTESIAN_POINT('',(115.5625,-91.225,50.8));
#19508=CARTESIAN_POINT('',(115.5625,-91.225,50.8));
#19509=CARTESIAN_POINT('',(116.0625,-91.725,50.8));
#19510=CARTESIAN_POINT('Origin',(116.0625,-91.225,50.8));
#19511=CARTESIAN_POINT('',(121.1875,-91.725,50.8));
#19512=CARTESIAN_POINT('',(121.1875,-91.725,50.8));
#19513=CARTESIAN_POINT('',(121.5875,-92.125,50.8));
#19514=CARTESIAN_POINT('Origin',(121.1875,-92.125,50.8));
#19515=CARTESIAN_POINT('',(121.5875,-92.225,50.8));
#19516=CARTESIAN_POINT('',(121.5875,-92.125,50.8));
#19517=CARTESIAN_POINT('',(122.0875,-92.725,50.8));
#19518=CARTESIAN_POINT('Origin',(122.0875,-92.225,50.8));
#19519=CARTESIAN_POINT('',(135.0875,-92.725,50.8));
#19520=CARTESIAN_POINT('',(122.0875,-92.725,50.8));
#19521=CARTESIAN_POINT('',(135.5875,-92.225,50.8));
#19522=CARTESIAN_POINT('Origin',(135.0875,-92.225,50.8));
#19523=CARTESIAN_POINT('',(135.5875,-92.125,50.8));
#19524=CARTESIAN_POINT('',(135.5875,-92.125,50.8));
#19525=CARTESIAN_POINT('',(135.9875,-91.725,50.8));
#19526=CARTESIAN_POINT('Origin',(135.9875,-92.125,50.8));
#19527=CARTESIAN_POINT('',(141.1125,-91.725,50.8));
#19528=CARTESIAN_POINT('',(2.525,-3.025,50.8));
#19529=CARTESIAN_POINT('',(3.025,-2.525,50.8));
#19530=CARTESIAN_POINT('Origin',(3.025,-3.025,50.8));
#19531=CARTESIAN_POINT('',(2.525,-16.025,50.8));
#19532=CARTESIAN_POINT('',(2.525,-3.025,50.8));
#19533=CARTESIAN_POINT('',(3.025,-16.525,50.8));
#19534=CARTESIAN_POINT('Origin',(3.025,-16.025,50.8));
#19535=CARTESIAN_POINT('',(16.025,-16.525,50.8));
#19536=CARTESIAN_POINT('',(3.025,-16.525,50.8));
#19537=CARTESIAN_POINT('',(16.525,-16.025,50.8));
#19538=CARTESIAN_POINT('Origin',(16.025,-16.025,50.8));
#19539=CARTESIAN_POINT('',(16.525,-3.025,50.8));
#19540=CARTESIAN_POINT('',(16.525,-3.025,50.8));
#19541=CARTESIAN_POINT('',(16.025,-2.525,50.8));
#19542=CARTESIAN_POINT('Origin',(16.025,-3.025,50.8));
#19543=CARTESIAN_POINT('',(3.025,-2.525,50.8));
#19544=CARTESIAN_POINT('',(21.575,-3.025,50.8));
#19545=CARTESIAN_POINT('',(22.075,-2.525,50.8));
#19546=CARTESIAN_POINT('Origin',(22.075,-3.025,50.8));
#19547=CARTESIAN_POINT('',(21.575,-16.025,50.8));
#19548=CARTESIAN_POINT('',(21.575,-3.025,50.8));
#19549=CARTESIAN_POINT('',(22.075,-16.525,50.8));
#19550=CARTESIAN_POINT('Origin',(22.075,-16.025,50.8));
#19551=CARTESIAN_POINT('',(35.075,-16.525,50.8));
#19552=CARTESIAN_POINT('',(22.075,-16.525,50.8));
#19553=CARTESIAN_POINT('',(35.575,-16.025,50.8));
#19554=CARTESIAN_POINT('Origin',(35.075,-16.025,50.8));
#19555=CARTESIAN_POINT('',(35.575,-3.025,50.8));
#19556=CARTESIAN_POINT('',(35.575,-3.025,50.8));
#19557=CARTESIAN_POINT('',(35.075,-2.525,50.8));
#19558=CARTESIAN_POINT('Origin',(35.075,-3.025,50.8));
#19559=CARTESIAN_POINT('',(22.075,-2.525,50.8));
#19560=CARTESIAN_POINT('',(59.675,-3.025,50.8));
#19561=CARTESIAN_POINT('',(60.175,-2.525,50.8));
#19562=CARTESIAN_POINT('Origin',(60.175,-3.025,50.8));
#19563=CARTESIAN_POINT('',(59.675,-16.025,50.8));
#19564=CARTESIAN_POINT('',(59.675,-3.025,50.8));
#19565=CARTESIAN_POINT('',(60.175,-16.525,50.8));
#19566=CARTESIAN_POINT('Origin',(60.175,-16.025,50.8));
#19567=CARTESIAN_POINT('',(73.175,-16.525,50.8));
#19568=CARTESIAN_POINT('',(60.175,-16.525,50.8));
#19569=CARTESIAN_POINT('',(73.675,-16.025,50.8));
#19570=CARTESIAN_POINT('Origin',(73.175,-16.025,50.8));
#19571=CARTESIAN_POINT('',(73.675,-3.025,50.8));
#19572=CARTESIAN_POINT('',(73.675,-3.025,50.8));
#19573=CARTESIAN_POINT('',(73.175,-2.525,50.8));
#19574=CARTESIAN_POINT('Origin',(73.175,-3.025,50.8));
#19575=CARTESIAN_POINT('',(60.175,-2.525,50.8));
#19576=CARTESIAN_POINT('',(40.625,-3.025,50.8));
#19577=CARTESIAN_POINT('',(41.125,-2.525,50.8));
#19578=CARTESIAN_POINT('Origin',(41.125,-3.025,50.8));
#19579=CARTESIAN_POINT('',(40.625,-16.025,50.8));
#19580=CARTESIAN_POINT('',(40.625,-3.025,50.8));
#19581=CARTESIAN_POINT('',(41.125,-16.525,50.8));
#19582=CARTESIAN_POINT('Origin',(41.125,-16.025,50.8));
#19583=CARTESIAN_POINT('',(54.125,-16.525,50.8));
#19584=CARTESIAN_POINT('',(41.125,-16.525,50.8));
#19585=CARTESIAN_POINT('',(54.625,-16.025,50.8));
#19586=CARTESIAN_POINT('Origin',(54.125,-16.025,50.8));
#19587=CARTESIAN_POINT('',(54.625,-3.025,50.8));
#19588=CARTESIAN_POINT('',(54.625,-3.025,50.8));
#19589=CARTESIAN_POINT('',(54.125,-2.525,50.8));
#19590=CARTESIAN_POINT('Origin',(54.125,-3.025,50.8));
#19591=CARTESIAN_POINT('',(41.125,-2.525,50.8));
#19592=CARTESIAN_POINT('',(7.2875,-22.075,50.8));
#19593=CARTESIAN_POINT('',(7.7875,-21.575,50.8));
#19594=CARTESIAN_POINT('Origin',(7.7875,-22.075,50.8));
#19595=CARTESIAN_POINT('',(7.2875,-35.075,50.8));
#19596=CARTESIAN_POINT('',(7.2875,-22.075,50.8));
#19597=CARTESIAN_POINT('',(7.7875,-35.575,50.8));
#19598=CARTESIAN_POINT('Origin',(7.7875,-35.075,50.8));
#19599=CARTESIAN_POINT('',(20.7875,-35.575,50.8));
#19600=CARTESIAN_POINT('',(7.7875,-35.575,50.8));
#19601=CARTESIAN_POINT('',(21.2875,-35.075,50.8));
#19602=CARTESIAN_POINT('Origin',(20.7875,-35.075,50.8));
#19603=CARTESIAN_POINT('',(21.2875,-22.075,50.8));
#19604=CARTESIAN_POINT('',(21.2875,-22.075,50.8));
#19605=CARTESIAN_POINT('',(20.7875,-21.575,50.8));
#19606=CARTESIAN_POINT('Origin',(20.7875,-22.075,50.8));
#19607=CARTESIAN_POINT('',(7.7875,-21.575,50.8));
#19608=CARTESIAN_POINT('',(88.25,-22.075,50.8));
#19609=CARTESIAN_POINT('',(88.75,-21.575,50.8));
#19610=CARTESIAN_POINT('Origin',(88.75,-22.075,50.8));
#19611=CARTESIAN_POINT('',(88.25,-35.075,50.8));
#19612=CARTESIAN_POINT('',(88.25,-22.075,50.8));
#19613=CARTESIAN_POINT('',(88.75,-35.575,50.8));
#19614=CARTESIAN_POINT('Origin',(88.75,-35.075,50.8));
#19615=CARTESIAN_POINT('',(101.75,-35.575,50.8));
#19616=CARTESIAN_POINT('',(88.75,-35.575,50.8));
#19617=CARTESIAN_POINT('',(102.25,-35.075,50.8));
#19618=CARTESIAN_POINT('Origin',(101.75,-35.075,50.8));
#19619=CARTESIAN_POINT('',(102.25,-22.075,50.8));
#19620=CARTESIAN_POINT('',(102.25,-22.075,50.8));
#19621=CARTESIAN_POINT('',(101.75,-21.575,50.8));
#19622=CARTESIAN_POINT('Origin',(101.75,-22.075,50.8));
#19623=CARTESIAN_POINT('',(88.75,-21.575,50.8));
#19624=CARTESIAN_POINT('',(50.15,-22.075,50.8));
#19625=CARTESIAN_POINT('',(50.65,-21.575,50.8));
#19626=CARTESIAN_POINT('Origin',(50.65,-22.075,50.8));
#19627=CARTESIAN_POINT('',(50.15,-35.075,50.8));
#19628=CARTESIAN_POINT('',(50.15,-22.075,50.8));
#19629=CARTESIAN_POINT('',(50.65,-35.575,50.8));
#19630=CARTESIAN_POINT('Origin',(50.65,-35.075,50.8));
#19631=CARTESIAN_POINT('',(63.65,-35.575,50.8));
#19632=CARTESIAN_POINT('',(50.65,-35.575,50.8));
#19633=CARTESIAN_POINT('',(64.15,-35.075,50.8));
#19634=CARTESIAN_POINT('Origin',(63.65,-35.075,50.8));
#19635=CARTESIAN_POINT('',(64.15,-22.075,50.8));
#19636=CARTESIAN_POINT('',(64.15,-22.075,50.8));
#19637=CARTESIAN_POINT('',(63.65,-21.575,50.8));
#19638=CARTESIAN_POINT('Origin',(63.65,-22.075,50.8));
#19639=CARTESIAN_POINT('',(50.65,-21.575,50.8));
#19640=CARTESIAN_POINT('',(97.775,-3.025,50.8));
#19641=CARTESIAN_POINT('',(98.275,-2.525,50.8));
#19642=CARTESIAN_POINT('Origin',(98.275,-3.025,50.8));
#19643=CARTESIAN_POINT('',(97.775,-16.025,50.8));
#19644=CARTESIAN_POINT('',(97.775,-3.025,50.8));
#19645=CARTESIAN_POINT('',(98.275,-16.525,50.8));
#19646=CARTESIAN_POINT('Origin',(98.275,-16.025,50.8));
#19647=CARTESIAN_POINT('',(111.275,-16.525,50.8));
#19648=CARTESIAN_POINT('',(98.275,-16.525,50.8));
#19649=CARTESIAN_POINT('',(111.775,-16.025,50.8));
#19650=CARTESIAN_POINT('Origin',(111.275,-16.025,50.8));
#19651=CARTESIAN_POINT('',(111.775,-3.025,50.8));
#19652=CARTESIAN_POINT('',(111.775,-3.025,50.8));
#19653=CARTESIAN_POINT('',(111.275,-2.52499999999999,50.8));
#19654=CARTESIAN_POINT('Origin',(111.275,-3.025,50.8));
#19655=CARTESIAN_POINT('',(98.275,-2.525,50.8));
#19656=CARTESIAN_POINT('',(31.1,-22.075,50.8));
#19657=CARTESIAN_POINT('',(31.6,-21.575,50.8));
#19658=CARTESIAN_POINT('Origin',(31.6,-22.075,50.8));
#19659=CARTESIAN_POINT('',(31.1,-35.075,50.8));
#19660=CARTESIAN_POINT('',(31.1,-22.075,50.8));
#19661=CARTESIAN_POINT('',(31.6,-35.575,50.8));
#19662=CARTESIAN_POINT('Origin',(31.6,-35.075,50.8));
#19663=CARTESIAN_POINT('',(44.6,-35.575,50.8));
#19664=CARTESIAN_POINT('',(31.6,-35.575,50.8));
#19665=CARTESIAN_POINT('',(45.1,-35.075,50.8));
#19666=CARTESIAN_POINT('Origin',(44.6,-35.075,50.8));
#19667=CARTESIAN_POINT('',(45.1,-22.075,50.8));
#19668=CARTESIAN_POINT('',(45.1,-22.075,50.8));
#19669=CARTESIAN_POINT('',(44.6,-21.575,50.8));
#19670=CARTESIAN_POINT('Origin',(44.6,-22.075,50.8));
#19671=CARTESIAN_POINT('',(31.6,-21.575,50.8));
#19672=CARTESIAN_POINT('',(78.725,-3.025,50.8));
#19673=CARTESIAN_POINT('',(79.225,-2.525,50.8));
#19674=CARTESIAN_POINT('Origin',(79.225,-3.025,50.8));
#19675=CARTESIAN_POINT('',(78.725,-16.025,50.8));
#19676=CARTESIAN_POINT('',(78.725,-3.025,50.8));
#19677=CARTESIAN_POINT('',(79.225,-16.525,50.8));
#19678=CARTESIAN_POINT('Origin',(79.225,-16.025,50.8));
#19679=CARTESIAN_POINT('',(92.225,-16.525,50.8));
#19680=CARTESIAN_POINT('',(79.225,-16.525,50.8));
#19681=CARTESIAN_POINT('',(92.725,-16.025,50.8));
#19682=CARTESIAN_POINT('Origin',(92.225,-16.025,50.8));
#19683=CARTESIAN_POINT('',(92.725,-3.025,50.8));
#19684=CARTESIAN_POINT('',(92.725,-3.025,50.8));
#19685=CARTESIAN_POINT('',(92.225,-2.52500000000001,50.8));
#19686=CARTESIAN_POINT('Origin',(92.225,-3.025,50.8));
#19687=CARTESIAN_POINT('',(79.225,-2.525,50.8));
#19688=CARTESIAN_POINT('',(69.2,-22.075,50.8));
#19689=CARTESIAN_POINT('',(69.7,-21.575,50.8));
#19690=CARTESIAN_POINT('Origin',(69.7,-22.075,50.8));
#19691=CARTESIAN_POINT('',(69.2,-35.075,50.8));
#19692=CARTESIAN_POINT('',(69.2,-22.075,50.8));
#19693=CARTESIAN_POINT('',(69.7,-35.575,50.8));
#19694=CARTESIAN_POINT('Origin',(69.7,-35.075,50.8));
#19695=CARTESIAN_POINT('',(82.7,-35.575,50.8));
#19696=CARTESIAN_POINT('',(69.7,-35.575,50.8));
#19697=CARTESIAN_POINT('',(83.2,-35.075,50.8));
#19698=CARTESIAN_POINT('Origin',(82.7,-35.075,50.8));
#19699=CARTESIAN_POINT('',(83.2,-22.075,50.8));
#19700=CARTESIAN_POINT('',(83.2,-22.075,50.8));
#19701=CARTESIAN_POINT('',(82.7,-21.575,50.8));
#19702=CARTESIAN_POINT('Origin',(82.7,-22.075,50.8));
#19703=CARTESIAN_POINT('',(69.7,-21.575,50.8));
#19704=CARTESIAN_POINT('Origin',(232.553125,-98.745,50.8));
#19705=CARTESIAN_POINT('',(232.553125,-99.745,50.8));
#19706=CARTESIAN_POINT('',(231.553125,-98.745,50.8));
#19707=CARTESIAN_POINT('Origin',(231.553125,-95.25,50.8));
#19708=CARTESIAN_POINT('',(231.553125,-96.75,50.8));
#19709=CARTESIAN_POINT('Origin',(188.36875,-98.745,50.8));
#19710=CARTESIAN_POINT('',(188.36875,-99.745,50.8));
#19711=CARTESIAN_POINT('',(189.36875,-98.745,50.8));
#19712=CARTESIAN_POINT('Origin',(189.36875,-98.745,50.8));
#19713=CARTESIAN_POINT('',(189.36875,-96.75,50.8));
#19714=CARTESIAN_POINT('Origin',(184.36875,-98.745,50.8));
#19715=CARTESIAN_POINT('',(184.36875,-99.745,50.8));
#19716=CARTESIAN_POINT('',(183.36875,-98.745,50.8));
#19717=CARTESIAN_POINT('Origin',(183.36875,-95.25,50.8));
#19718=CARTESIAN_POINT('',(183.36875,-96.75,50.8));
#19719=CARTESIAN_POINT('Origin',(72.80625,-98.745,50.8));
#19720=CARTESIAN_POINT('',(72.80625,-99.745,50.8));
#19721=CARTESIAN_POINT('',(73.80625,-98.745,50.8));
#19722=CARTESIAN_POINT('Origin',(73.80625,-98.745,50.8));
#19723=CARTESIAN_POINT('',(73.80625,-96.75,50.8));
#19724=CARTESIAN_POINT('Origin',(68.80625,-98.745,50.8));
#19725=CARTESIAN_POINT('',(68.80625,-99.745,50.8));
#19726=CARTESIAN_POINT('',(67.80625,-98.745,50.8));
#19727=CARTESIAN_POINT('Origin',(67.80625,-95.25,50.8));
#19728=CARTESIAN_POINT('',(67.80625,-96.75,50.8));
#19729=CARTESIAN_POINT('Origin',(24.621875,-98.745,50.8));
#19730=CARTESIAN_POINT('',(24.621875,-99.745,50.8));
#19731=CARTESIAN_POINT('',(25.621875,-98.745,50.8));
#19732=CARTESIAN_POINT('Origin',(25.621875,-98.745,50.8));
#19733=CARTESIAN_POINT('',(25.621875,-96.75,50.8));
#19734=CARTESIAN_POINT('Origin',(20.621875,-98.745,50.8));
#19735=CARTESIAN_POINT('',(20.621875,-99.745,50.8));
#19736=CARTESIAN_POINT('',(19.621875,-98.745,50.8));
#19737=CARTESIAN_POINT('Origin',(19.621875,-95.25,50.8));
#19738=CARTESIAN_POINT('',(19.621875,-96.75,50.8));
#19739=CARTESIAN_POINT('Origin',(17.05,3.495,50.8));
#19740=CARTESIAN_POINT('',(17.05,4.495,50.8));
#19741=CARTESIAN_POINT('',(16.05,3.495,50.8));
#19742=CARTESIAN_POINT('Origin',(16.05,3.495,50.8));
#19743=CARTESIAN_POINT('',(16.05,1.5,50.8));
#19744=CARTESIAN_POINT('Origin',(21.05,3.495,50.8));
#19745=CARTESIAN_POINT('',(21.05,4.495,50.8));
#19746=CARTESIAN_POINT('',(22.05,3.495,50.8));
#19747=CARTESIAN_POINT('Origin',(22.05,0.,50.8));
#19748=CARTESIAN_POINT('',(22.05,1.5,50.8));
#19749=CARTESIAN_POINT('Origin',(93.25,3.49500000000001,50.8));
#19750=CARTESIAN_POINT('',(93.25,4.49500000000001,50.8));
#19751=CARTESIAN_POINT('',(92.25,3.49500000000001,50.8));
#19752=CARTESIAN_POINT('Origin',(92.25,3.49500000000001,50.8));
#19753=CARTESIAN_POINT('',(92.25,1.5,50.8));
#19754=CARTESIAN_POINT('Origin',(97.25,3.49500000000001,50.8));
#19755=CARTESIAN_POINT('',(97.25,4.49500000000001,50.8));
#19756=CARTESIAN_POINT('',(98.25,3.49500000000001,50.8));
#19757=CARTESIAN_POINT('Origin',(98.25,0.,50.8));
#19758=CARTESIAN_POINT('',(98.25,1.5,50.8));
#19759=CARTESIAN_POINT('Origin',(159.175,-14.555,50.8));
#19760=CARTESIAN_POINT('',(162.925,-14.555,50.8));
#19761=CARTESIAN_POINT('Origin',(159.175,-14.555,50.8));
#19762=CARTESIAN_POINT('',(160.925,-14.555,50.8));
#19763=CARTESIAN_POINT('Origin',(185.36875,-98.745,50.8));
#19764=CARTESIAN_POINT('',(185.36875,-98.745,50.8));
#19765=CARTESIAN_POINT('',(185.36875,-99.745,50.8));
#19766=CARTESIAN_POINT('Origin',(185.36875,-99.745,50.8));
#19767=CARTESIAN_POINT('Origin',(233.553125,-98.745,50.8));
#19768=CARTESIAN_POINT('',(233.553125,-98.745,50.8));
#19769=CARTESIAN_POINT('',(233.553125,-99.745,50.8));
#19770=CARTESIAN_POINT('Origin',(233.553125,-99.745,50.8));
#19771=CARTESIAN_POINT('Origin',(69.80625,-98.745,50.8));
#19772=CARTESIAN_POINT('',(69.80625,-98.745,50.8));
#19773=CARTESIAN_POINT('',(69.80625,-99.745,50.8));
#19774=CARTESIAN_POINT('Origin',(69.80625,-99.745,50.8));
#19775=CARTESIAN_POINT('Origin',(23.621875,-98.745,52.3));
#19776=CARTESIAN_POINT('',(23.621875,-98.745,50.8));
#19777=CARTESIAN_POINT('',(23.621875,-99.745,50.8));
#19778=CARTESIAN_POINT('Origin',(25.621875,-99.745,50.8));
#19779=CARTESIAN_POINT('Origin',(21.621875,-98.745,50.8));
#19780=CARTESIAN_POINT('',(21.621875,-98.745,50.8));
#19781=CARTESIAN_POINT('',(21.621875,-99.745,50.8));
#19782=CARTESIAN_POINT('Origin',(21.621875,-99.745,50.8));
#19783=CARTESIAN_POINT('Origin',(71.80625,-98.745,52.3));
#19784=CARTESIAN_POINT('',(71.80625,-98.745,50.8));
#19785=CARTESIAN_POINT('',(71.80625,-99.745,50.8));
#19786=CARTESIAN_POINT('Origin',(73.80625,-99.745,50.8));
#19787=CARTESIAN_POINT('Origin',(235.553125,-98.745,52.3));
#19788=CARTESIAN_POINT('',(235.553125,-98.745,50.8));
#19789=CARTESIAN_POINT('',(235.553125,-99.745,50.8));
#19790=CARTESIAN_POINT('Origin',(237.553125,-99.745,50.8));
#19791=CARTESIAN_POINT('Origin',(187.36875,-98.745,52.3));
#19792=CARTESIAN_POINT('',(187.36875,-98.745,50.8));
#19793=CARTESIAN_POINT('',(187.36875,-99.745,50.8));
#19794=CARTESIAN_POINT('Origin',(189.36875,-99.745,50.8));
#19795=CARTESIAN_POINT('Origin',(18.05,3.49500000000001,52.3));
#19796=CARTESIAN_POINT('',(18.05,3.49500000000001,50.8));
#19797=CARTESIAN_POINT('',(18.05,4.49500000000001,50.8));
#19798=CARTESIAN_POINT('Origin',(16.05,4.495,50.8));
#19799=CARTESIAN_POINT('Origin',(94.25,3.49500000000001,52.3));
#19800=CARTESIAN_POINT('',(94.25,3.49500000000001,50.8));
#19801=CARTESIAN_POINT('',(94.25,4.49500000000001,50.8));
#19802=CARTESIAN_POINT('Origin',(92.25,4.49500000000001,50.8));
#19803=CARTESIAN_POINT('Origin',(96.25,3.49500000000001,50.8));
#19804=CARTESIAN_POINT('',(96.25,3.49500000000001,50.8));
#19805=CARTESIAN_POINT('',(96.25,4.49500000000001,50.8));
#19806=CARTESIAN_POINT('Origin',(96.25,4.49500000000001,50.8));
#19807=CARTESIAN_POINT('Origin',(20.05,3.49500000000001,50.8));
#19808=CARTESIAN_POINT('',(20.05,3.49500000000001,50.8));
#19809=CARTESIAN_POINT('',(20.05,4.49500000000001,50.8));
#19810=CARTESIAN_POINT('Origin',(20.05,4.495,50.8));
#19811=CARTESIAN_POINT('Origin',(160.925,-15.555,52.3));
#19812=CARTESIAN_POINT('',(160.925,-15.555,50.8));
#19813=CARTESIAN_POINT('Origin',(237.125,-15.555,52.3));
#19814=CARTESIAN_POINT('',(237.125,-15.555,50.8));
#19815=CARTESIAN_POINT('',(237.125,-14.555,50.8));
#19816=CARTESIAN_POINT('Origin',(235.375,-14.555,50.8));
#19817=CARTESIAN_POINT('Origin',(239.125,-15.555,50.8));
#19818=CARTESIAN_POINT('',(239.125,-15.555,50.8));
#19819=CARTESIAN_POINT('',(239.125,-14.555,50.8));
#19820=CARTESIAN_POINT('Origin',(235.375,-14.555,50.8));
#19821=CARTESIAN_POINT('Origin',(162.925,-15.555,50.8));
#19822=CARTESIAN_POINT('',(162.925,-15.555,50.8));
#19823=CARTESIAN_POINT('Origin',(161.925,-15.555,50.8));
#19824=CARTESIAN_POINT('Origin',(239.053125,-96.75,50.8));
#19825=CARTESIAN_POINT('',(239.053125,-95.25,50.8));
#19826=CARTESIAN_POINT('Origin',(0.,-95.25,50.8));
#19827=CARTESIAN_POINT('',(256.175,-95.25,50.8));
#19828=CARTESIAN_POINT('Origin',(190.86875,-96.75,50.8));
#19829=CARTESIAN_POINT('',(190.86875,-95.25,50.8));
#19830=CARTESIAN_POINT('Origin',(0.,-95.25,50.8));
#19831=CARTESIAN_POINT('',(230.053125,-95.25,50.8));
#19832=CARTESIAN_POINT('Origin',(230.053125,-96.75,50.8));
#19833=CARTESIAN_POINT('Origin',(75.30625,-96.75,50.8));
#19834=CARTESIAN_POINT('',(75.30625,-95.25,50.8));
#19835=CARTESIAN_POINT('Origin',(0.,-95.25,50.8));
#19836=CARTESIAN_POINT('',(181.86875,-95.25,50.8));
#19837=CARTESIAN_POINT('Origin',(181.86875,-96.75,50.8));
#19838=CARTESIAN_POINT('Origin',(18.121875,-96.75,50.8));
#19839=CARTESIAN_POINT('',(18.121875,-95.25,50.8));
#19840=CARTESIAN_POINT('Origin',(0.,-95.25,50.8));
#19841=CARTESIAN_POINT('',(1.,-95.25,50.8));
#19842=CARTESIAN_POINT('Origin',(27.121875,-96.75,50.8));
#19843=CARTESIAN_POINT('',(27.121875,-95.25,50.8));
#19844=CARTESIAN_POINT('Origin',(66.30625,-96.75,50.8));
#19845=CARTESIAN_POINT('',(66.30625,-95.25,50.8));
#19846=CARTESIAN_POINT('Origin',(0.,-95.25,50.8));
#19847=CARTESIAN_POINT('Origin',(14.55,1.5,50.8));
#19848=CARTESIAN_POINT('',(14.55,5.55111512312578E-16,50.8));
#19849=CARTESIAN_POINT('Origin',(113.3,2.91433543964104E-15,50.8));
#19850=CARTESIAN_POINT('',(1.,0.,50.8));
#19851=CARTESIAN_POINT('Origin',(99.75,1.5,50.8));
#19852=CARTESIAN_POINT('',(99.75,2.4980018054066E-15,50.8));
#19853=CARTESIAN_POINT('Origin',(113.3,2.91433543964104E-15,50.8));
#19854=CARTESIAN_POINT('',(113.3,2.91433543964104E-15,50.8));
#19855=CARTESIAN_POINT('Origin',(23.55,1.5,50.8));
#19856=CARTESIAN_POINT('',(23.55,5.55111512312578E-16,50.8));
#19857=CARTESIAN_POINT('Origin',(113.3,2.91433543964104E-15,50.8));
#19858=CARTESIAN_POINT('',(90.75,2.22044604925031E-15,50.8));
#19859=CARTESIAN_POINT('Origin',(90.75,1.5,50.8));
#19860=CARTESIAN_POINT('Origin',(22.621875,-98.745,50.8));
#19861=CARTESIAN_POINT('Origin',(234.553125,-98.745,50.8));
#19862=CARTESIAN_POINT('Origin',(70.80625,-98.745,50.8));
#19863=CARTESIAN_POINT('Origin',(186.36875,-98.745,50.8));
#19864=CARTESIAN_POINT('Origin',(238.125,-15.555,50.8));
#19865=CARTESIAN_POINT('Origin',(256.175,-19.05,50.8));
#19866=CARTESIAN_POINT('',(115.3,-19.05,50.8));
#19867=CARTESIAN_POINT('Origin',(19.05,3.495,50.8));
#19868=CARTESIAN_POINT('Origin',(95.25,3.49500000000001,50.8));
#19869=CARTESIAN_POINT('Origin',(1.,-94.25,50.8));
#19870=CARTESIAN_POINT('',(0.,-94.25,50.8));
#19871=CARTESIAN_POINT('Origin',(69.2,-35.075,50.8));
#19872=CARTESIAN_POINT('',(69.2,-22.075,50.8));
#19873=CARTESIAN_POINT('',(69.2,-35.075,50.8));
#19874=CARTESIAN_POINT('Origin',(69.7,-35.075,50.8));
#19875=CARTESIAN_POINT('',(69.7,-35.575,50.8));
#19876=CARTESIAN_POINT('Origin',(82.7,-35.575,50.8));
#19877=CARTESIAN_POINT('',(82.7,-35.575,50.8));
#19878=CARTESIAN_POINT('Origin',(82.7,-35.075,50.8));
#19879=CARTESIAN_POINT('',(83.2,-35.075,50.8));
#19880=CARTESIAN_POINT('Origin',(83.2,-22.075,50.8));
#19881=CARTESIAN_POINT('',(83.2,-22.075,50.8));
#19882=CARTESIAN_POINT('Origin',(82.7,-22.075,50.8));
#19883=CARTESIAN_POINT('',(82.7,-21.575,50.8));
#19884=CARTESIAN_POINT('Origin',(69.7,-21.575,50.8));
#19885=CARTESIAN_POINT('',(69.7,-21.575,50.8));
#19886=CARTESIAN_POINT('Origin',(69.7,-22.075,50.8));
#19887=CARTESIAN_POINT('Origin',(78.725,-16.025,50.8));
#19888=CARTESIAN_POINT('',(78.725,-3.025,50.8));
#19889=CARTESIAN_POINT('',(78.725,-16.025,50.8));
#19890=CARTESIAN_POINT('Origin',(79.225,-16.025,50.8));
#19891=CARTESIAN_POINT('',(79.225,-16.525,50.8));
#19892=CARTESIAN_POINT('Origin',(92.225,-16.525,50.8));
#19893=CARTESIAN_POINT('',(92.225,-16.525,50.8));
#19894=CARTESIAN_POINT('Origin',(92.225,-16.025,50.8));
#19895=CARTESIAN_POINT('',(92.725,-16.025,50.8));
#19896=CARTESIAN_POINT('Origin',(92.725,-3.025,50.8));
#19897=CARTESIAN_POINT('',(92.725,-3.025,50.8));
#19898=CARTESIAN_POINT('Origin',(92.225,-3.025,50.8));
#19899=CARTESIAN_POINT('',(92.225,-2.52500000000001,50.8));
#19900=CARTESIAN_POINT('Origin',(79.225,-2.525,50.8));
#19901=CARTESIAN_POINT('',(79.225,-2.525,50.8));
#19902=CARTESIAN_POINT('Origin',(79.225,-3.025,50.8));
#19903=CARTESIAN_POINT('Origin',(31.1,-35.075,50.8));
#19904=CARTESIAN_POINT('',(31.1,-22.075,50.8));
#19905=CARTESIAN_POINT('',(31.1,-35.075,50.8));
#19906=CARTESIAN_POINT('Origin',(31.6,-35.075,50.8));
#19907=CARTESIAN_POINT('',(31.6,-35.575,50.8));
#19908=CARTESIAN_POINT('Origin',(44.6,-35.575,50.8));
#19909=CARTESIAN_POINT('',(44.6,-35.575,50.8));
#19910=CARTESIAN_POINT('Origin',(44.6,-35.075,50.8));
#19911=CARTESIAN_POINT('',(45.1,-35.075,50.8));
#19912=CARTESIAN_POINT('Origin',(45.1,-22.075,50.8));
#19913=CARTESIAN_POINT('',(45.1,-22.075,50.8));
#19914=CARTESIAN_POINT('Origin',(44.6,-22.075,50.8));
#19915=CARTESIAN_POINT('',(44.6,-21.575,50.8));
#19916=CARTESIAN_POINT('Origin',(31.6,-21.575,50.8));
#19917=CARTESIAN_POINT('',(31.6,-21.575,50.8));
#19918=CARTESIAN_POINT('Origin',(31.6,-22.075,50.8));
#19919=CARTESIAN_POINT('Origin',(97.775,-16.025,50.8));
#19920=CARTESIAN_POINT('',(97.775,-3.025,50.8));
#19921=CARTESIAN_POINT('',(97.775,-16.025,50.8));
#19922=CARTESIAN_POINT('Origin',(98.275,-16.025,50.8));
#19923=CARTESIAN_POINT('',(98.275,-16.525,50.8));
#19924=CARTESIAN_POINT('Origin',(111.275,-16.525,50.8));
#19925=CARTESIAN_POINT('',(111.275,-16.525,50.8));
#19926=CARTESIAN_POINT('Origin',(111.275,-16.025,50.8));
#19927=CARTESIAN_POINT('',(111.775,-16.025,50.8));
#19928=CARTESIAN_POINT('Origin',(111.775,-3.025,50.8));
#19929=CARTESIAN_POINT('',(111.775,-3.025,50.8));
#19930=CARTESIAN_POINT('Origin',(111.275,-3.025,50.8));
#19931=CARTESIAN_POINT('',(111.275,-2.52499999999999,50.8));
#19932=CARTESIAN_POINT('Origin',(98.275,-2.525,50.8));
#19933=CARTESIAN_POINT('',(98.275,-2.525,50.8));
#19934=CARTESIAN_POINT('Origin',(98.275,-3.025,50.8));
#19935=CARTESIAN_POINT('Origin',(50.15,-35.075,50.8));
#19936=CARTESIAN_POINT('',(50.15,-22.075,50.8));
#19937=CARTESIAN_POINT('',(50.15,-35.075,50.8));
#19938=CARTESIAN_POINT('Origin',(50.65,-35.075,50.8));
#19939=CARTESIAN_POINT('',(50.65,-35.575,50.8));
#19940=CARTESIAN_POINT('Origin',(63.65,-35.575,50.8));
#19941=CARTESIAN_POINT('',(63.65,-35.575,50.8));
#19942=CARTESIAN_POINT('Origin',(63.65,-35.075,50.8));
#19943=CARTESIAN_POINT('',(64.15,-35.075,50.8));
#19944=CARTESIAN_POINT('Origin',(64.15,-22.075,50.8));
#19945=CARTESIAN_POINT('',(64.15,-22.075,50.8));
#19946=CARTESIAN_POINT('Origin',(63.65,-22.075,50.8));
#19947=CARTESIAN_POINT('',(63.65,-21.575,50.8));
#19948=CARTESIAN_POINT('Origin',(50.65,-21.575,50.8));
#19949=CARTESIAN_POINT('',(50.65,-21.575,50.8));
#19950=CARTESIAN_POINT('Origin',(50.65,-22.075,50.8));
#19951=CARTESIAN_POINT('Origin',(88.25,-35.075,50.8));
#19952=CARTESIAN_POINT('',(88.25,-22.075,50.8));
#19953=CARTESIAN_POINT('',(88.25,-35.075,50.8));
#19954=CARTESIAN_POINT('Origin',(88.75,-35.075,50.8));
#19955=CARTESIAN_POINT('',(88.75,-35.575,50.8));
#19956=CARTESIAN_POINT('Origin',(101.75,-35.575,50.8));
#19957=CARTESIAN_POINT('',(101.75,-35.575,50.8));
#19958=CARTESIAN_POINT('Origin',(101.75,-35.075,50.8));
#19959=CARTESIAN_POINT('',(102.25,-35.075,50.8));
#19960=CARTESIAN_POINT('Origin',(102.25,-22.075,50.8));
#19961=CARTESIAN_POINT('',(102.25,-22.075,50.8));
#19962=CARTESIAN_POINT('Origin',(101.75,-22.075,50.8));
#19963=CARTESIAN_POINT('',(101.75,-21.575,50.8));
#19964=CARTESIAN_POINT('Origin',(88.75,-21.575,50.8));
#19965=CARTESIAN_POINT('',(88.75,-21.575,50.8));
#19966=CARTESIAN_POINT('Origin',(88.75,-22.075,50.8));
#19967=CARTESIAN_POINT('Origin',(7.2875,-35.075,50.8));
#19968=CARTESIAN_POINT('',(7.2875,-22.075,50.8));
#19969=CARTESIAN_POINT('',(7.2875,-35.075,50.8));
#19970=CARTESIAN_POINT('Origin',(7.7875,-35.075,50.8));
#19971=CARTESIAN_POINT('',(7.7875,-35.575,50.8));
#19972=CARTESIAN_POINT('Origin',(20.7875,-35.575,50.8));
#19973=CARTESIAN_POINT('',(20.7875,-35.575,50.8));
#19974=CARTESIAN_POINT('Origin',(20.7875,-35.075,50.8));
#19975=CARTESIAN_POINT('',(21.2875,-35.075,50.8));
#19976=CARTESIAN_POINT('Origin',(21.2875,-22.075,50.8));
#19977=CARTESIAN_POINT('',(21.2875,-22.075,50.8));
#19978=CARTESIAN_POINT('Origin',(20.7875,-22.075,50.8));
#19979=CARTESIAN_POINT('',(20.7875,-21.575,50.8));
#19980=CARTESIAN_POINT('Origin',(7.7875,-21.575,50.8));
#19981=CARTESIAN_POINT('',(7.7875,-21.575,50.8));
#19982=CARTESIAN_POINT('Origin',(7.7875,-22.075,50.8));
#19983=CARTESIAN_POINT('Origin',(40.625,-16.025,50.8));
#19984=CARTESIAN_POINT('',(40.625,-3.025,50.8));
#19985=CARTESIAN_POINT('',(40.625,-16.025,50.8));
#19986=CARTESIAN_POINT('Origin',(41.125,-16.025,50.8));
#19987=CARTESIAN_POINT('',(41.125,-16.525,50.8));
#19988=CARTESIAN_POINT('Origin',(54.125,-16.525,50.8));
#19989=CARTESIAN_POINT('',(54.125,-16.525,50.8));
#19990=CARTESIAN_POINT('Origin',(54.125,-16.025,50.8));
#19991=CARTESIAN_POINT('',(54.625,-16.025,50.8));
#19992=CARTESIAN_POINT('Origin',(54.625,-3.025,50.8));
#19993=CARTESIAN_POINT('',(54.625,-3.025,50.8));
#19994=CARTESIAN_POINT('Origin',(54.125,-3.025,50.8));
#19995=CARTESIAN_POINT('',(54.125,-2.525,50.8));
#19996=CARTESIAN_POINT('Origin',(41.125,-2.525,50.8));
#19997=CARTESIAN_POINT('',(41.125,-2.525,50.8));
#19998=CARTESIAN_POINT('Origin',(41.125,-3.025,50.8));
#19999=CARTESIAN_POINT('Origin',(59.675,-16.025,50.8));
#20000=CARTESIAN_POINT('',(59.675,-3.025,50.8));
#20001=CARTESIAN_POINT('',(59.675,-16.025,50.8));
#20002=CARTESIAN_POINT('Origin',(60.175,-16.025,50.8));
#20003=CARTESIAN_POINT('',(60.175,-16.525,50.8));
#20004=CARTESIAN_POINT('Origin',(73.175,-16.525,50.8));
#20005=CARTESIAN_POINT('',(73.175,-16.525,50.8));
#20006=CARTESIAN_POINT('Origin',(73.175,-16.025,50.8));
#20007=CARTESIAN_POINT('',(73.675,-16.025,50.8));
#20008=CARTESIAN_POINT('Origin',(73.675,-3.025,50.8));
#20009=CARTESIAN_POINT('',(73.675,-3.025,50.8));
#20010=CARTESIAN_POINT('Origin',(73.175,-3.025,50.8));
#20011=CARTESIAN_POINT('',(73.175,-2.525,50.8));
#20012=CARTESIAN_POINT('Origin',(60.175,-2.525,50.8));
#20013=CARTESIAN_POINT('',(60.175,-2.525,50.8));
#20014=CARTESIAN_POINT('Origin',(60.175,-3.025,50.8));
#20015=CARTESIAN_POINT('Origin',(21.575,-16.025,50.8));
#20016=CARTESIAN_POINT('',(21.575,-3.025,50.8));
#20017=CARTESIAN_POINT('',(21.575,-16.025,50.8));
#20018=CARTESIAN_POINT('Origin',(22.075,-16.025,50.8));
#20019=CARTESIAN_POINT('',(22.075,-16.525,50.8));
#20020=CARTESIAN_POINT('Origin',(35.075,-16.525,50.8));
#20021=CARTESIAN_POINT('',(35.075,-16.525,50.8));
#20022=CARTESIAN_POINT('Origin',(35.075,-16.025,50.8));
#20023=CARTESIAN_POINT('',(35.575,-16.025,50.8));
#20024=CARTESIAN_POINT('Origin',(35.575,-3.025,50.8));
#20025=CARTESIAN_POINT('',(35.575,-3.025,50.8));
#20026=CARTESIAN_POINT('Origin',(35.075,-3.025,50.8));
#20027=CARTESIAN_POINT('',(35.075,-2.525,50.8));
#20028=CARTESIAN_POINT('Origin',(22.075,-2.525,50.8));
#20029=CARTESIAN_POINT('',(22.075,-2.525,50.8));
#20030=CARTESIAN_POINT('Origin',(22.075,-3.025,50.8));
#20031=CARTESIAN_POINT('Origin',(2.525,-16.025,50.8));
#20032=CARTESIAN_POINT('',(2.525,-3.025,50.8));
#20033=CARTESIAN_POINT('',(2.525,-16.025,50.8));
#20034=CARTESIAN_POINT('Origin',(3.025,-16.025,50.8));
#20035=CARTESIAN_POINT('',(3.025,-16.525,50.8));
#20036=CARTESIAN_POINT('Origin',(16.025,-16.525,50.8));
#20037=CARTESIAN_POINT('',(16.025,-16.525,50.8));
#20038=CARTESIAN_POINT('Origin',(16.025,-16.025,50.8));
#20039=CARTESIAN_POINT('',(16.525,-16.025,50.8));
#20040=CARTESIAN_POINT('Origin',(16.525,-3.025,50.8));
#20041=CARTESIAN_POINT('',(16.525,-3.025,50.8));
#20042=CARTESIAN_POINT('Origin',(16.025,-3.025,50.8));
#20043=CARTESIAN_POINT('',(16.025,-2.525,50.8));
#20044=CARTESIAN_POINT('Origin',(3.025,-2.525,50.8));
#20045=CARTESIAN_POINT('',(3.025,-2.525,50.8));
#20046=CARTESIAN_POINT('Origin',(3.025,-3.025,50.8));
#20047=CARTESIAN_POINT('Origin',(141.6125,-77.225,50.8));
#20048=CARTESIAN_POINT('',(141.6125,-91.225,50.8));
#20049=CARTESIAN_POINT('',(141.6125,-77.225,50.8));
#20050=CARTESIAN_POINT('Origin',(141.1125,-77.225,50.8));
#20051=CARTESIAN_POINT('',(141.1125,-76.725,50.8));
#20052=CARTESIAN_POINT('Origin',(135.1125,-76.725,50.8));
#20053=CARTESIAN_POINT('',(135.1125,-76.725,50.8));
#20054=CARTESIAN_POINT('Origin',(135.1125,-77.225,50.8));
#20055=CARTESIAN_POINT('',(134.6125,-77.225,50.8));
#20056=CARTESIAN_POINT('Origin',(134.6125,-78.325,50.8));
#20057=CARTESIAN_POINT('',(134.6125,-78.325,50.8));
#20058=CARTESIAN_POINT('Origin',(134.2125,-78.325,50.8));
#20059=CARTESIAN_POINT('',(134.2125,-78.725,50.8));
#20060=CARTESIAN_POINT('Origin',(122.9625,-78.725,50.8));
#20061=CARTESIAN_POINT('',(122.9625,-78.725,50.8));
#20062=CARTESIAN_POINT('Origin',(122.9625,-78.325,50.8));
#20063=CARTESIAN_POINT('',(122.5625,-78.325,50.8));
#20064=CARTESIAN_POINT('Origin',(122.5625,-77.225,50.8));
#20065=CARTESIAN_POINT('',(122.5625,-77.225,50.8));
#20066=CARTESIAN_POINT('Origin',(122.0625,-77.225,50.8));
#20067=CARTESIAN_POINT('',(122.0625,-76.725,50.8));
#20068=CARTESIAN_POINT('Origin',(116.0625,-76.725,50.8));
#20069=CARTESIAN_POINT('',(116.0625,-76.725,50.8));
#20070=CARTESIAN_POINT('Origin',(116.0625,-77.225,50.8));
#20071=CARTESIAN_POINT('',(115.5625,-77.225,50.8));
#20072=CARTESIAN_POINT('Origin',(115.5625,-91.225,50.8));
#20073=CARTESIAN_POINT('',(115.5625,-91.225,50.8));
#20074=CARTESIAN_POINT('Origin',(116.0625,-91.225,50.8));
#20075=CARTESIAN_POINT('',(116.0625,-91.725,50.8));
#20076=CARTESIAN_POINT('Origin',(121.1875,-91.725,50.8));
#20077=CARTESIAN_POINT('',(121.1875,-91.725,50.8));
#20078=CARTESIAN_POINT('Origin',(121.1875,-92.125,50.8));
#20079=CARTESIAN_POINT('',(121.5875,-92.125,50.8));
#20080=CARTESIAN_POINT('Origin',(121.5875,-92.225,50.8));
#20081=CARTESIAN_POINT('',(121.5875,-92.225,50.8));
#20082=CARTESIAN_POINT('Origin',(122.0875,-92.225,50.8));
#20083=CARTESIAN_POINT('',(122.0875,-92.725,50.8));
#20084=CARTESIAN_POINT('Origin',(135.0875,-92.725,50.8));
#20085=CARTESIAN_POINT('',(135.0875,-92.725,50.8));
#20086=CARTESIAN_POINT('Origin',(135.0875,-92.225,50.8));
#20087=CARTESIAN_POINT('',(135.5875,-92.225,50.8));
#20088=CARTESIAN_POINT('Origin',(135.5875,-92.125,50.8));
#20089=CARTESIAN_POINT('',(135.5875,-92.125,50.8));
#20090=CARTESIAN_POINT('Origin',(135.9875,-92.125,50.8));
#20091=CARTESIAN_POINT('',(135.9875,-91.725,50.8));
#20092=CARTESIAN_POINT('Origin',(141.1125,-91.725,50.8));
#20093=CARTESIAN_POINT('',(141.1125,-91.725,50.8));
#20094=CARTESIAN_POINT('Origin',(141.1125,-91.225,50.8));
#20095=CARTESIAN_POINT('Origin',(238.26875,-92.225,50.8));
#20096=CARTESIAN_POINT('',(238.26875,-79.225,50.8));
#20097=CARTESIAN_POINT('',(238.26875,-92.225,50.8));
#20098=CARTESIAN_POINT('Origin',(238.76875,-92.225,50.8));
#20099=CARTESIAN_POINT('',(238.76875,-92.725,50.8));
#20100=CARTESIAN_POINT('Origin',(251.76875,-92.725,50.8));
#20101=CARTESIAN_POINT('',(251.76875,-92.725,50.8));
#20102=CARTESIAN_POINT('Origin',(251.76875,-92.225,50.8));
#20103=CARTESIAN_POINT('',(252.26875,-92.225,50.8));
#20104=CARTESIAN_POINT('Origin',(252.26875,-79.225,50.8));
#20105=CARTESIAN_POINT('',(252.26875,-79.225,50.8));
#20106=CARTESIAN_POINT('Origin',(251.76875,-79.225,50.8));
#20107=CARTESIAN_POINT('',(251.76875,-78.725,50.8));
#20108=CARTESIAN_POINT('Origin',(238.76875,-78.725,50.8));
#20109=CARTESIAN_POINT('',(238.76875,-78.725,50.8));
#20110=CARTESIAN_POINT('Origin',(238.76875,-79.225,50.8));
#20111=CARTESIAN_POINT('Origin',(216.8375,-92.225,50.8));
#20112=CARTESIAN_POINT('',(216.8375,-79.225,50.8));
#20113=CARTESIAN_POINT('',(216.8375,-92.225,50.8));
#20114=CARTESIAN_POINT('Origin',(217.3375,-92.225,50.8));
#20115=CARTESIAN_POINT('',(217.3375,-92.725,50.8));
#20116=CARTESIAN_POINT('Origin',(230.3375,-92.725,50.8));
#20117=CARTESIAN_POINT('',(230.3375,-92.725,50.8));
#20118=CARTESIAN_POINT('Origin',(230.3375,-92.225,50.8));
#20119=CARTESIAN_POINT('',(230.8375,-92.225,50.8));
#20120=CARTESIAN_POINT('Origin',(230.8375,-79.225,50.8));
#20121=CARTESIAN_POINT('',(230.8375,-79.225,50.8));
#20122=CARTESIAN_POINT('Origin',(230.3375,-79.225,50.8));
#20123=CARTESIAN_POINT('',(230.3375,-78.725,50.8));
#20124=CARTESIAN_POINT('Origin',(217.3375,-78.725,50.8));
#20125=CARTESIAN_POINT('',(217.3375,-78.725,50.8));
#20126=CARTESIAN_POINT('Origin',(217.3375,-79.225,50.8));
#20127=CARTESIAN_POINT('Origin',(193.025,-92.225,50.8));
#20128=CARTESIAN_POINT('',(193.025,-79.225,50.8));
#20129=CARTESIAN_POINT('',(193.025,-92.225,50.8));
#20130=CARTESIAN_POINT('Origin',(193.525,-92.225,50.8));
#20131=CARTESIAN_POINT('',(193.525,-92.725,50.8));
#20132=CARTESIAN_POINT('Origin',(206.525,-92.725,50.8));
#20133=CARTESIAN_POINT('',(206.525,-92.725,50.8));
#20134=CARTESIAN_POINT('Origin',(206.525,-92.225,50.8));
#20135=CARTESIAN_POINT('',(207.025,-92.225,50.8));
#20136=CARTESIAN_POINT('Origin',(207.025,-79.225,50.8));
#20137=CARTESIAN_POINT('',(207.025,-79.225,50.8));
#20138=CARTESIAN_POINT('Origin',(206.525,-79.225,50.8));
#20139=CARTESIAN_POINT('',(206.525,-78.725,50.8));
#20140=CARTESIAN_POINT('Origin',(193.525,-78.725,50.8));
#20141=CARTESIAN_POINT('',(193.525,-78.725,50.8));
#20142=CARTESIAN_POINT('Origin',(193.525,-79.225,50.8));
#20143=CARTESIAN_POINT('Origin',(179.7125,-77.225,50.8));
#20144=CARTESIAN_POINT('',(179.7125,-91.225,50.8));
#20145=CARTESIAN_POINT('',(179.7125,-77.225,50.8));
#20146=CARTESIAN_POINT('Origin',(179.2125,-77.225,50.8));
#20147=CARTESIAN_POINT('',(179.2125,-76.725,50.8));
#20148=CARTESIAN_POINT('Origin',(173.2125,-76.725,50.8));
#20149=CARTESIAN_POINT('',(173.2125,-76.725,50.8));
#20150=CARTESIAN_POINT('Origin',(173.2125,-77.225,50.8));
#20151=CARTESIAN_POINT('',(172.7125,-77.225,50.8));
#20152=CARTESIAN_POINT('Origin',(172.7125,-91.225,50.8));
#20153=CARTESIAN_POINT('',(172.7125,-91.225,50.8));
#20154=CARTESIAN_POINT('Origin',(173.2125,-91.225,50.8));
#20155=CARTESIAN_POINT('',(173.2125,-91.725,50.8));
#20156=CARTESIAN_POINT('Origin',(179.2125,-91.725,50.8));
#20157=CARTESIAN_POINT('',(179.2125,-91.725,50.8));
#20158=CARTESIAN_POINT('Origin',(179.2125,-91.225,50.8));
#20159=CARTESIAN_POINT('Origin',(150.1625,-92.225,50.8));
#20160=CARTESIAN_POINT('',(150.1625,-79.225,50.8));
#20161=CARTESIAN_POINT('',(150.1625,-92.225,50.8));
#20162=CARTESIAN_POINT('Origin',(150.6625,-92.225,50.8));
#20163=CARTESIAN_POINT('',(150.6625,-92.725,50.8));
#20164=CARTESIAN_POINT('Origin',(163.6625,-92.725,50.8));
#20165=CARTESIAN_POINT('',(163.6625,-92.725,50.8));
#20166=CARTESIAN_POINT('Origin',(163.6625,-92.225,50.8));
#20167=CARTESIAN_POINT('',(164.1625,-92.225,50.8));
#20168=CARTESIAN_POINT('Origin',(164.1625,-79.225,50.8));
#20169=CARTESIAN_POINT('',(164.1625,-79.225,50.8));
#20170=CARTESIAN_POINT('Origin',(163.6625,-79.225,50.8));
#20171=CARTESIAN_POINT('',(163.6625,-78.725,50.8));
#20172=CARTESIAN_POINT('Origin',(150.6625,-78.725,50.8));
#20173=CARTESIAN_POINT('',(150.6625,-78.725,50.8));
#20174=CARTESIAN_POINT('Origin',(150.6625,-79.225,50.8));
#20175=CARTESIAN_POINT('Origin',(84.4625,-77.225,50.8));
#20176=CARTESIAN_POINT('',(84.4625,-91.225,50.8));
#20177=CARTESIAN_POINT('',(84.4625,-77.225,50.8));
#20178=CARTESIAN_POINT('Origin',(83.9625,-77.225,50.8));
#20179=CARTESIAN_POINT('',(83.9625,-76.725,50.8));
#20180=CARTESIAN_POINT('Origin',(77.9625,-76.725,50.8));
#20181=CARTESIAN_POINT('',(77.9625,-76.725,50.8));
#20182=CARTESIAN_POINT('Origin',(77.9625,-77.225,50.8));
#20183=CARTESIAN_POINT('',(77.4625,-77.225,50.8));
#20184=CARTESIAN_POINT('Origin',(77.4625,-91.225,50.8));
#20185=CARTESIAN_POINT('',(77.4625,-91.225,50.8));
#20186=CARTESIAN_POINT('Origin',(77.9625,-91.225,50.8));
#20187=CARTESIAN_POINT('',(77.9625,-91.725,50.8));
#20188=CARTESIAN_POINT('Origin',(83.9625,-91.725,50.8));
#20189=CARTESIAN_POINT('',(83.9625,-91.725,50.8));
#20190=CARTESIAN_POINT('Origin',(83.9625,-91.225,50.8));
#20191=CARTESIAN_POINT('Origin',(93.0125,-92.225,50.8));
#20192=CARTESIAN_POINT('',(93.0125,-79.225,50.8));
#20193=CARTESIAN_POINT('',(93.0125,-92.225,50.8));
#20194=CARTESIAN_POINT('Origin',(93.5125,-92.225,50.8));
#20195=CARTESIAN_POINT('',(93.5125,-92.725,50.8));
#20196=CARTESIAN_POINT('Origin',(106.5125,-92.725,50.8));
#20197=CARTESIAN_POINT('',(106.5125,-92.725,50.8));
#20198=CARTESIAN_POINT('Origin',(106.5125,-92.225,50.8));
#20199=CARTESIAN_POINT('',(107.0125,-92.225,50.8));
#20200=CARTESIAN_POINT('Origin',(107.0125,-79.225,50.8));
#20201=CARTESIAN_POINT('',(107.0125,-79.225,50.8));
#20202=CARTESIAN_POINT('Origin',(106.5125,-79.225,50.8));
#20203=CARTESIAN_POINT('',(106.5125,-78.725,50.8));
#20204=CARTESIAN_POINT('Origin',(93.5125,-78.725,50.8));
#20205=CARTESIAN_POINT('',(93.5125,-78.725,50.8));
#20206=CARTESIAN_POINT('Origin',(93.5125,-79.225,50.8));
#20207=CARTESIAN_POINT('Origin',(50.15,-92.225,50.8));
#20208=CARTESIAN_POINT('',(50.15,-79.225,50.8));
#20209=CARTESIAN_POINT('',(50.15,-92.225,50.8));
#20210=CARTESIAN_POINT('Origin',(50.65,-92.225,50.8));
#20211=CARTESIAN_POINT('',(50.65,-92.725,50.8));
#20212=CARTESIAN_POINT('Origin',(63.65,-92.725,50.8));
#20213=CARTESIAN_POINT('',(63.65,-92.725,50.8));
#20214=CARTESIAN_POINT('Origin',(63.65,-92.225,50.8));
#20215=CARTESIAN_POINT('',(64.15,-92.225,50.8));
#20216=CARTESIAN_POINT('Origin',(64.15,-79.225,50.8));
#20217=CARTESIAN_POINT('',(64.15,-79.225,50.8));
#20218=CARTESIAN_POINT('Origin',(63.65,-79.225,50.8));
#20219=CARTESIAN_POINT('',(63.65,-78.725,50.8));
#20220=CARTESIAN_POINT('Origin',(50.65,-78.725,50.8));
#20221=CARTESIAN_POINT('',(50.65,-78.725,50.8));
#20222=CARTESIAN_POINT('Origin',(50.65,-79.225,50.8));
#20223=CARTESIAN_POINT('Origin',(26.3375,-92.225,50.8));
#20224=CARTESIAN_POINT('',(26.3375,-79.225,50.8));
#20225=CARTESIAN_POINT('',(26.3375,-92.225,50.8));
#20226=CARTESIAN_POINT('Origin',(26.8375,-92.225,50.8));
#20227=CARTESIAN_POINT('',(26.8375,-92.725,50.8));
#20228=CARTESIAN_POINT('Origin',(39.8375,-92.725,50.8));
#20229=CARTESIAN_POINT('',(39.8375,-92.725,50.8));
#20230=CARTESIAN_POINT('Origin',(39.8375,-92.225,50.8));
#20231=CARTESIAN_POINT('',(40.3375,-92.225,50.8));
#20232=CARTESIAN_POINT('Origin',(40.3375,-79.225,50.8));
#20233=CARTESIAN_POINT('',(40.3375,-79.225,50.8));
#20234=CARTESIAN_POINT('Origin',(39.8375,-79.225,50.8));
#20235=CARTESIAN_POINT('',(39.8375,-78.725,50.8));
#20236=CARTESIAN_POINT('Origin',(26.8375,-78.725,50.8));
#20237=CARTESIAN_POINT('',(26.8375,-78.725,50.8));
#20238=CARTESIAN_POINT('Origin',(26.8375,-79.225,50.8));
#20239=CARTESIAN_POINT('Origin',(4.90625,-92.225,50.8));
#20240=CARTESIAN_POINT('',(4.90625,-79.225,50.8));
#20241=CARTESIAN_POINT('',(4.90625,-92.225,50.8));
#20242=CARTESIAN_POINT('Origin',(5.40625,-92.225,50.8));
#20243=CARTESIAN_POINT('',(5.40625,-92.725,50.8));
#20244=CARTESIAN_POINT('Origin',(18.40625,-92.725,50.8));
#20245=CARTESIAN_POINT('',(18.40625,-92.725,50.8));
#20246=CARTESIAN_POINT('Origin',(18.40625,-92.225,50.8));
#20247=CARTESIAN_POINT('',(18.90625,-92.225,50.8));
#20248=CARTESIAN_POINT('Origin',(18.90625,-79.225,50.8));
#20249=CARTESIAN_POINT('',(18.90625,-79.225,50.8));
#20250=CARTESIAN_POINT('Origin',(18.40625,-79.225,50.8));
#20251=CARTESIAN_POINT('',(18.40625,-78.725,50.8));
#20252=CARTESIAN_POINT('Origin',(5.40625,-78.725,50.8));
#20253=CARTESIAN_POINT('',(5.40625,-78.725,50.8));
#20254=CARTESIAN_POINT('Origin',(5.40625,-79.225,50.8));
#20255=CARTESIAN_POINT('Origin',(235.8875,-73.175,50.8));
#20256=CARTESIAN_POINT('',(235.8875,-60.175,50.8));
#20257=CARTESIAN_POINT('',(235.8875,-73.175,50.8));
#20258=CARTESIAN_POINT('Origin',(236.3875,-73.175,50.8));
#20259=CARTESIAN_POINT('',(236.3875,-73.675,50.8));
#20260=CARTESIAN_POINT('Origin',(249.3875,-73.675,50.8));
#20261=CARTESIAN_POINT('',(249.3875,-73.675,50.8));
#20262=CARTESIAN_POINT('Origin',(249.3875,-73.175,50.8));
#20263=CARTESIAN_POINT('',(249.8875,-73.175,50.8));
#20264=CARTESIAN_POINT('Origin',(249.8875,-60.175,50.8));
#20265=CARTESIAN_POINT('',(249.8875,-60.175,50.8));
#20266=CARTESIAN_POINT('Origin',(249.3875,-60.175,50.8));
#20267=CARTESIAN_POINT('',(249.3875,-59.675,50.8));
#20268=CARTESIAN_POINT('Origin',(236.3875,-59.675,50.8));
#20269=CARTESIAN_POINT('',(236.3875,-59.675,50.8));
#20270=CARTESIAN_POINT('Origin',(236.3875,-60.175,50.8));
#20271=CARTESIAN_POINT('Origin',(212.075,-73.175,50.8));
#20272=CARTESIAN_POINT('',(212.075,-60.175,50.8));
#20273=CARTESIAN_POINT('',(212.075,-73.175,50.8));
#20274=CARTESIAN_POINT('Origin',(212.575,-73.175,50.8));
#20275=CARTESIAN_POINT('',(212.575,-73.675,50.8));
#20276=CARTESIAN_POINT('Origin',(225.575,-73.675,50.8));
#20277=CARTESIAN_POINT('',(225.575,-73.675,50.8));
#20278=CARTESIAN_POINT('Origin',(225.575,-73.175,50.8));
#20279=CARTESIAN_POINT('',(226.075,-73.175,50.8));
#20280=CARTESIAN_POINT('Origin',(226.075,-60.175,50.8));
#20281=CARTESIAN_POINT('',(226.075,-60.175,50.8));
#20282=CARTESIAN_POINT('Origin',(225.575,-60.175,50.8));
#20283=CARTESIAN_POINT('',(225.575,-59.675,50.8));
#20284=CARTESIAN_POINT('Origin',(212.575,-59.675,50.8));
#20285=CARTESIAN_POINT('',(212.575,-59.675,50.8));
#20286=CARTESIAN_POINT('Origin',(212.575,-60.175,50.8));
#20287=CARTESIAN_POINT('Origin',(193.025,-73.175,50.8));
#20288=CARTESIAN_POINT('',(193.025,-60.175,50.8));
#20289=CARTESIAN_POINT('',(193.025,-73.175,50.8));
#20290=CARTESIAN_POINT('Origin',(193.525,-73.175,50.8));
#20291=CARTESIAN_POINT('',(193.525,-73.675,50.8));
#20292=CARTESIAN_POINT('Origin',(206.525,-73.675,50.8));
#20293=CARTESIAN_POINT('',(206.525,-73.675,50.8));
#20294=CARTESIAN_POINT('Origin',(206.525,-73.175,50.8));
#20295=CARTESIAN_POINT('',(207.025,-73.175,50.8));
#20296=CARTESIAN_POINT('Origin',(207.025,-60.175,50.8));
#20297=CARTESIAN_POINT('',(207.025,-60.175,50.8));
#20298=CARTESIAN_POINT('Origin',(206.525,-60.175,50.8));
#20299=CARTESIAN_POINT('',(206.525,-59.675,50.8));
#20300=CARTESIAN_POINT('Origin',(193.525,-59.675,50.8));
#20301=CARTESIAN_POINT('',(193.525,-59.675,50.8));
#20302=CARTESIAN_POINT('Origin',(193.525,-60.175,50.8));
#20303=CARTESIAN_POINT('Origin',(173.975,-73.175,50.8));
#20304=CARTESIAN_POINT('',(173.975,-60.175,50.8));
#20305=CARTESIAN_POINT('',(173.975,-73.175,50.8));
#20306=CARTESIAN_POINT('Origin',(174.475,-73.175,50.8));
#20307=CARTESIAN_POINT('',(174.475,-73.675,50.8));
#20308=CARTESIAN_POINT('Origin',(187.475,-73.675,50.8));
#20309=CARTESIAN_POINT('',(187.475,-73.675,50.8));
#20310=CARTESIAN_POINT('Origin',(187.475,-73.175,50.8));
#20311=CARTESIAN_POINT('',(187.975,-73.175,50.8));
#20312=CARTESIAN_POINT('Origin',(187.975,-60.175,50.8));
#20313=CARTESIAN_POINT('',(187.975,-60.175,50.8));
#20314=CARTESIAN_POINT('Origin',(187.475,-60.175,50.8));
#20315=CARTESIAN_POINT('',(187.475,-59.675,50.8));
#20316=CARTESIAN_POINT('Origin',(174.475,-59.675,50.8));
#20317=CARTESIAN_POINT('',(174.475,-59.675,50.8));
#20318=CARTESIAN_POINT('Origin',(174.475,-60.175,50.8));
#20319=CARTESIAN_POINT('Origin',(154.925,-73.175,50.8));
#20320=CARTESIAN_POINT('',(154.925,-60.175,50.8));
#20321=CARTESIAN_POINT('',(154.925,-73.175,50.8));
#20322=CARTESIAN_POINT('Origin',(155.425,-73.175,50.8));
#20323=CARTESIAN_POINT('',(155.425,-73.675,50.8));
#20324=CARTESIAN_POINT('Origin',(168.425,-73.675,50.8));
#20325=CARTESIAN_POINT('',(168.425,-73.675,50.8));
#20326=CARTESIAN_POINT('Origin',(168.425,-73.175,50.8));
#20327=CARTESIAN_POINT('',(168.925,-73.175,50.8));
#20328=CARTESIAN_POINT('Origin',(168.925,-60.175,50.8));
#20329=CARTESIAN_POINT('',(168.925,-60.175,50.8));
#20330=CARTESIAN_POINT('Origin',(168.425,-60.175,50.8));
#20331=CARTESIAN_POINT('',(168.425,-59.675,50.8));
#20332=CARTESIAN_POINT('Origin',(155.425,-59.675,50.8));
#20333=CARTESIAN_POINT('',(155.425,-59.675,50.8));
#20334=CARTESIAN_POINT('Origin',(155.425,-60.175,50.8));
#20335=CARTESIAN_POINT('Origin',(135.875,-73.175,50.8));
#20336=CARTESIAN_POINT('',(135.875,-60.175,50.8));
#20337=CARTESIAN_POINT('',(135.875,-73.175,50.8));
#20338=CARTESIAN_POINT('Origin',(136.375,-73.175,50.8));
#20339=CARTESIAN_POINT('',(136.375,-73.675,50.8));
#20340=CARTESIAN_POINT('Origin',(149.375,-73.675,50.8));
#20341=CARTESIAN_POINT('',(149.375,-73.675,50.8));
#20342=CARTESIAN_POINT('Origin',(149.375,-73.175,50.8));
#20343=CARTESIAN_POINT('',(149.875,-73.175,50.8));
#20344=CARTESIAN_POINT('Origin',(149.875,-60.175,50.8));
#20345=CARTESIAN_POINT('',(149.875,-60.175,50.8));
#20346=CARTESIAN_POINT('Origin',(149.375,-60.175,50.8));
#20347=CARTESIAN_POINT('',(149.375,-59.675,50.8));
#20348=CARTESIAN_POINT('Origin',(136.375,-59.675,50.8));
#20349=CARTESIAN_POINT('',(136.375,-59.675,50.8));
#20350=CARTESIAN_POINT('Origin',(136.375,-60.175,50.8));
#20351=CARTESIAN_POINT('Origin',(116.825,-73.175,50.8));
#20352=CARTESIAN_POINT('',(116.825,-60.175,50.8));
#20353=CARTESIAN_POINT('',(116.825,-73.175,50.8));
#20354=CARTESIAN_POINT('Origin',(117.325,-73.175,50.8));
#20355=CARTESIAN_POINT('',(117.325,-73.675,50.8));
#20356=CARTESIAN_POINT('Origin',(130.325,-73.675,50.8));
#20357=CARTESIAN_POINT('',(130.325,-73.675,50.8));
#20358=CARTESIAN_POINT('Origin',(130.325,-73.175,50.8));
#20359=CARTESIAN_POINT('',(130.825,-73.175,50.8));
#20360=CARTESIAN_POINT('Origin',(130.825,-60.175,50.8));
#20361=CARTESIAN_POINT('',(130.825,-60.175,50.8));
#20362=CARTESIAN_POINT('Origin',(130.325,-60.175,50.8));
#20363=CARTESIAN_POINT('',(130.325,-59.675,50.8));
#20364=CARTESIAN_POINT('Origin',(117.325,-59.675,50.8));
#20365=CARTESIAN_POINT('',(117.325,-59.675,50.8));
#20366=CARTESIAN_POINT('Origin',(117.325,-60.175,50.8));
#20367=CARTESIAN_POINT('Origin',(97.775,-73.175,50.8));
#20368=CARTESIAN_POINT('',(97.775,-60.175,50.8));
#20369=CARTESIAN_POINT('',(97.775,-73.175,50.8));
#20370=CARTESIAN_POINT('Origin',(98.275,-73.175,50.8));
#20371=CARTESIAN_POINT('',(98.275,-73.675,50.8));
#20372=CARTESIAN_POINT('Origin',(111.275,-73.675,50.8));
#20373=CARTESIAN_POINT('',(111.275,-73.675,50.8));
#20374=CARTESIAN_POINT('Origin',(111.275,-73.175,50.8));
#20375=CARTESIAN_POINT('',(111.775,-73.175,50.8));
#20376=CARTESIAN_POINT('Origin',(111.775,-60.175,50.8));
#20377=CARTESIAN_POINT('',(111.775,-60.175,50.8));
#20378=CARTESIAN_POINT('Origin',(111.275,-60.175,50.8));
#20379=CARTESIAN_POINT('',(111.275,-59.675,50.8));
#20380=CARTESIAN_POINT('Origin',(98.275,-59.675,50.8));
#20381=CARTESIAN_POINT('',(98.275,-59.675,50.8));
#20382=CARTESIAN_POINT('Origin',(98.275,-60.175,50.8));
#20383=CARTESIAN_POINT('Origin',(78.725,-73.175,50.8));
#20384=CARTESIAN_POINT('',(78.725,-60.175,50.8));
#20385=CARTESIAN_POINT('',(78.725,-73.175,50.8));
#20386=CARTESIAN_POINT('Origin',(79.225,-73.175,50.8));
#20387=CARTESIAN_POINT('',(79.225,-73.675,50.8));
#20388=CARTESIAN_POINT('Origin',(92.225,-73.675,50.8));
#20389=CARTESIAN_POINT('',(92.225,-73.675,50.8));
#20390=CARTESIAN_POINT('Origin',(92.225,-73.175,50.8));
#20391=CARTESIAN_POINT('',(92.725,-73.175,50.8));
#20392=CARTESIAN_POINT('Origin',(92.725,-60.175,50.8));
#20393=CARTESIAN_POINT('',(92.725,-60.175,50.8));
#20394=CARTESIAN_POINT('Origin',(92.225,-60.175,50.8));
#20395=CARTESIAN_POINT('',(92.225,-59.675,50.8));
#20396=CARTESIAN_POINT('Origin',(79.225,-59.675,50.8));
#20397=CARTESIAN_POINT('',(79.225,-59.675,50.8));
#20398=CARTESIAN_POINT('Origin',(79.225,-60.175,50.8));
#20399=CARTESIAN_POINT('Origin',(59.675,-73.175,50.8));
#20400=CARTESIAN_POINT('',(59.675,-60.175,50.8));
#20401=CARTESIAN_POINT('',(59.675,-73.175,50.8));
#20402=CARTESIAN_POINT('Origin',(60.175,-73.175,50.8));
#20403=CARTESIAN_POINT('',(60.175,-73.675,50.8));
#20404=CARTESIAN_POINT('Origin',(73.175,-73.675,50.8));
#20405=CARTESIAN_POINT('',(73.175,-73.675,50.8));
#20406=CARTESIAN_POINT('Origin',(73.175,-73.175,50.8));
#20407=CARTESIAN_POINT('',(73.675,-73.175,50.8));
#20408=CARTESIAN_POINT('Origin',(73.675,-60.175,50.8));
#20409=CARTESIAN_POINT('',(73.675,-60.175,50.8));
#20410=CARTESIAN_POINT('Origin',(73.175,-60.175,50.8));
#20411=CARTESIAN_POINT('',(73.175,-59.675,50.8));
#20412=CARTESIAN_POINT('Origin',(60.175,-59.675,50.8));
#20413=CARTESIAN_POINT('',(60.175,-59.675,50.8));
#20414=CARTESIAN_POINT('Origin',(60.175,-60.175,50.8));
#20415=CARTESIAN_POINT('Origin',(40.625,-73.175,50.8));
#20416=CARTESIAN_POINT('',(40.625,-60.175,50.8));
#20417=CARTESIAN_POINT('',(40.625,-73.175,50.8));
#20418=CARTESIAN_POINT('Origin',(41.125,-73.175,50.8));
#20419=CARTESIAN_POINT('',(41.125,-73.675,50.8));
#20420=CARTESIAN_POINT('Origin',(54.125,-73.675,50.8));
#20421=CARTESIAN_POINT('',(54.125,-73.675,50.8));
#20422=CARTESIAN_POINT('Origin',(54.125,-73.175,50.8));
#20423=CARTESIAN_POINT('',(54.625,-73.175,50.8));
#20424=CARTESIAN_POINT('Origin',(54.625,-60.175,50.8));
#20425=CARTESIAN_POINT('',(54.625,-60.175,50.8));
#20426=CARTESIAN_POINT('Origin',(54.125,-60.175,50.8));
#20427=CARTESIAN_POINT('',(54.125,-59.675,50.8));
#20428=CARTESIAN_POINT('Origin',(41.125,-59.675,50.8));
#20429=CARTESIAN_POINT('',(41.125,-59.675,50.8));
#20430=CARTESIAN_POINT('Origin',(41.125,-60.175,50.8));
#20431=CARTESIAN_POINT('Origin',(10.612,-58.175,50.8));
#20432=CARTESIAN_POINT('',(10.612,-72.175,50.8));
#20433=CARTESIAN_POINT('',(10.612,-58.175,50.8));
#20434=CARTESIAN_POINT('Origin',(10.112,-58.175,50.8));
#20435=CARTESIAN_POINT('',(10.112,-57.675,50.8));
#20436=CARTESIAN_POINT('Origin',(4.112,-57.675,50.8));
#20437=CARTESIAN_POINT('',(4.112,-57.675,50.8));
#20438=CARTESIAN_POINT('Origin',(4.112,-58.175,50.8));
#20439=CARTESIAN_POINT('',(3.612,-58.175,50.8));
#20440=CARTESIAN_POINT('Origin',(3.612,-72.175,50.8));
#20441=CARTESIAN_POINT('',(3.612,-72.175,50.8));
#20442=CARTESIAN_POINT('Origin',(4.112,-72.175,50.8));
#20443=CARTESIAN_POINT('',(4.112,-72.675,50.8));
#20444=CARTESIAN_POINT('Origin',(10.112,-72.675,50.8));
#20445=CARTESIAN_POINT('',(10.112,-72.675,50.8));
#20446=CARTESIAN_POINT('Origin',(10.112,-72.175,50.8));
#20447=CARTESIAN_POINT('Origin',(34.488,-58.175,50.8));
#20448=CARTESIAN_POINT('',(34.488,-72.175,50.8));
#20449=CARTESIAN_POINT('',(34.488,-58.175,50.8));
#20450=CARTESIAN_POINT('Origin',(33.988,-58.175,50.8));
#20451=CARTESIAN_POINT('',(33.988,-57.675,50.8));
#20452=CARTESIAN_POINT('Origin',(27.988,-57.675,50.8));
#20453=CARTESIAN_POINT('',(27.988,-57.675,50.8));
#20454=CARTESIAN_POINT('Origin',(27.988,-58.175,50.8));
#20455=CARTESIAN_POINT('',(27.488,-58.175,50.8));
#20456=CARTESIAN_POINT('Origin',(27.488,-72.175,50.8));
#20457=CARTESIAN_POINT('',(27.488,-72.175,50.8));
#20458=CARTESIAN_POINT('Origin',(27.988,-72.175,50.8));
#20459=CARTESIAN_POINT('',(27.988,-72.675,50.8));
#20460=CARTESIAN_POINT('Origin',(33.988,-72.675,50.8));
#20461=CARTESIAN_POINT('',(33.988,-72.675,50.8));
#20462=CARTESIAN_POINT('Origin',(33.988,-72.175,50.8));
#20463=CARTESIAN_POINT('Origin',(12.05,-73.175,50.8));
#20464=CARTESIAN_POINT('',(12.05,-60.175,50.8));
#20465=CARTESIAN_POINT('',(12.05,-73.175,50.8));
#20466=CARTESIAN_POINT('Origin',(12.55,-73.175,50.8));
#20467=CARTESIAN_POINT('',(12.55,-73.675,50.8));
#20468=CARTESIAN_POINT('Origin',(25.55,-73.675,50.8));
#20469=CARTESIAN_POINT('',(25.55,-73.675,50.8));
#20470=CARTESIAN_POINT('Origin',(25.55,-73.175,50.8));
#20471=CARTESIAN_POINT('',(26.05,-73.175,50.8));
#20472=CARTESIAN_POINT('Origin',(26.05,-60.175,50.8));
#20473=CARTESIAN_POINT('',(26.05,-60.175,50.8));
#20474=CARTESIAN_POINT('Origin',(25.55,-60.175,50.8));
#20475=CARTESIAN_POINT('',(25.55,-59.675,50.8));
#20476=CARTESIAN_POINT('Origin',(12.55,-59.675,50.8));
#20477=CARTESIAN_POINT('',(12.55,-59.675,50.8));
#20478=CARTESIAN_POINT('Origin',(12.55,-60.175,50.8));
#20479=CARTESIAN_POINT('Origin',(233.50625,-54.125,50.8));
#20480=CARTESIAN_POINT('',(233.50625,-41.125,50.8));
#20481=CARTESIAN_POINT('',(233.50625,-54.125,50.8));
#20482=CARTESIAN_POINT('Origin',(234.00625,-54.125,50.8));
#20483=CARTESIAN_POINT('',(234.00625,-54.625,50.8));
#20484=CARTESIAN_POINT('Origin',(247.00625,-54.625,50.8));
#20485=CARTESIAN_POINT('',(247.00625,-54.625,50.8));
#20486=CARTESIAN_POINT('Origin',(247.00625,-54.125,50.8));
#20487=CARTESIAN_POINT('',(247.50625,-54.125,50.8));
#20488=CARTESIAN_POINT('Origin',(247.50625,-41.125,50.8));
#20489=CARTESIAN_POINT('',(247.50625,-41.125,50.8));
#20490=CARTESIAN_POINT('Origin',(247.00625,-41.125,50.8));
#20491=CARTESIAN_POINT('',(247.00625,-40.625,50.8));
#20492=CARTESIAN_POINT('Origin',(234.00625,-40.625,50.8));
#20493=CARTESIAN_POINT('',(234.00625,-40.625,50.8));
#20494=CARTESIAN_POINT('Origin',(234.00625,-41.125,50.8));
#20495=CARTESIAN_POINT('Origin',(207.3125,-54.125,50.8));
#20496=CARTESIAN_POINT('',(207.3125,-41.125,50.8));
#20497=CARTESIAN_POINT('',(207.3125,-54.125,50.8));
#20498=CARTESIAN_POINT('Origin',(207.8125,-54.125,50.8));
#20499=CARTESIAN_POINT('',(207.8125,-54.625,50.8));
#20500=CARTESIAN_POINT('Origin',(220.8125,-54.625,50.8));
#20501=CARTESIAN_POINT('',(220.8125,-54.625,50.8));
#20502=CARTESIAN_POINT('Origin',(220.8125,-54.125,50.8));
#20503=CARTESIAN_POINT('',(221.3125,-54.125,50.8));
#20504=CARTESIAN_POINT('Origin',(221.3125,-41.125,50.8));
#20505=CARTESIAN_POINT('',(221.3125,-41.125,50.8));
#20506=CARTESIAN_POINT('Origin',(220.8125,-41.125,50.8));
#20507=CARTESIAN_POINT('',(220.8125,-40.625,50.8));
#20508=CARTESIAN_POINT('Origin',(207.8125,-40.625,50.8));
#20509=CARTESIAN_POINT('',(207.8125,-40.625,50.8));
#20510=CARTESIAN_POINT('Origin',(207.8125,-41.125,50.8));
#20511=CARTESIAN_POINT('Origin',(188.2625,-54.125,50.8));
#20512=CARTESIAN_POINT('',(188.2625,-41.125,50.8));
#20513=CARTESIAN_POINT('',(188.2625,-54.125,50.8));
#20514=CARTESIAN_POINT('Origin',(188.7625,-54.125,50.8));
#20515=CARTESIAN_POINT('',(188.7625,-54.625,50.8));
#20516=CARTESIAN_POINT('Origin',(201.7625,-54.625,50.8));
#20517=CARTESIAN_POINT('',(201.7625,-54.625,50.8));
#20518=CARTESIAN_POINT('Origin',(201.7625,-54.125,50.8));
#20519=CARTESIAN_POINT('',(202.2625,-54.125,50.8));
#20520=CARTESIAN_POINT('Origin',(202.2625,-41.125,50.8));
#20521=CARTESIAN_POINT('',(202.2625,-41.125,50.8));
#20522=CARTESIAN_POINT('Origin',(201.7625,-41.125,50.8));
#20523=CARTESIAN_POINT('',(201.7625,-40.625,50.8));
#20524=CARTESIAN_POINT('Origin',(188.7625,-40.625,50.8));
#20525=CARTESIAN_POINT('',(188.7625,-40.625,50.8));
#20526=CARTESIAN_POINT('Origin',(188.7625,-41.125,50.8));
#20527=CARTESIAN_POINT('Origin',(169.2125,-54.125,50.8));
#20528=CARTESIAN_POINT('',(169.2125,-41.125,50.8));
#20529=CARTESIAN_POINT('',(169.2125,-54.125,50.8));
#20530=CARTESIAN_POINT('Origin',(169.7125,-54.125,50.8));
#20531=CARTESIAN_POINT('',(169.7125,-54.625,50.8));
#20532=CARTESIAN_POINT('Origin',(182.7125,-54.625,50.8));
#20533=CARTESIAN_POINT('',(182.7125,-54.625,50.8));
#20534=CARTESIAN_POINT('Origin',(182.7125,-54.125,50.8));
#20535=CARTESIAN_POINT('',(183.2125,-54.125,50.8));
#20536=CARTESIAN_POINT('Origin',(183.2125,-41.125,50.8));
#20537=CARTESIAN_POINT('',(183.2125,-41.125,50.8));
#20538=CARTESIAN_POINT('Origin',(182.7125,-41.125,50.8));
#20539=CARTESIAN_POINT('',(182.7125,-40.625,50.8));
#20540=CARTESIAN_POINT('Origin',(169.7125,-40.625,50.8));
#20541=CARTESIAN_POINT('',(169.7125,-40.625,50.8));
#20542=CARTESIAN_POINT('Origin',(169.7125,-41.125,50.8));
#20543=CARTESIAN_POINT('Origin',(150.1625,-54.125,50.8));
#20544=CARTESIAN_POINT('',(150.1625,-41.125,50.8));
#20545=CARTESIAN_POINT('',(150.1625,-54.125,50.8));
#20546=CARTESIAN_POINT('Origin',(150.6625,-54.125,50.8));
#20547=CARTESIAN_POINT('',(150.6625,-54.625,50.8));
#20548=CARTESIAN_POINT('Origin',(163.6625,-54.625,50.8));
#20549=CARTESIAN_POINT('',(163.6625,-54.625,50.8));
#20550=CARTESIAN_POINT('Origin',(163.6625,-54.125,50.8));
#20551=CARTESIAN_POINT('',(164.1625,-54.125,50.8));
#20552=CARTESIAN_POINT('Origin',(164.1625,-41.125,50.8));
#20553=CARTESIAN_POINT('',(164.1625,-41.125,50.8));
#20554=CARTESIAN_POINT('Origin',(163.6625,-41.125,50.8));
#20555=CARTESIAN_POINT('',(163.6625,-40.625,50.8));
#20556=CARTESIAN_POINT('Origin',(150.6625,-40.625,50.8));
#20557=CARTESIAN_POINT('',(150.6625,-40.625,50.8));
#20558=CARTESIAN_POINT('Origin',(150.6625,-41.125,50.8));
#20559=CARTESIAN_POINT('Origin',(131.1125,-54.125,50.8));
#20560=CARTESIAN_POINT('',(131.1125,-41.125,50.8));
#20561=CARTESIAN_POINT('',(131.1125,-54.125,50.8));
#20562=CARTESIAN_POINT('Origin',(131.6125,-54.125,50.8));
#20563=CARTESIAN_POINT('',(131.6125,-54.625,50.8));
#20564=CARTESIAN_POINT('Origin',(144.6125,-54.625,50.8));
#20565=CARTESIAN_POINT('',(144.6125,-54.625,50.8));
#20566=CARTESIAN_POINT('Origin',(144.6125,-54.125,50.8));
#20567=CARTESIAN_POINT('',(145.1125,-54.125,50.8));
#20568=CARTESIAN_POINT('Origin',(145.1125,-41.125,50.8));
#20569=CARTESIAN_POINT('',(145.1125,-41.125,50.8));
#20570=CARTESIAN_POINT('Origin',(144.6125,-41.125,50.8));
#20571=CARTESIAN_POINT('',(144.6125,-40.625,50.8));
#20572=CARTESIAN_POINT('Origin',(131.6125,-40.625,50.8));
#20573=CARTESIAN_POINT('',(131.6125,-40.625,50.8));
#20574=CARTESIAN_POINT('Origin',(131.6125,-41.125,50.8));
#20575=CARTESIAN_POINT('Origin',(112.0625,-54.125,50.8));
#20576=CARTESIAN_POINT('',(112.0625,-41.125,50.8));
#20577=CARTESIAN_POINT('',(112.0625,-54.125,50.8));
#20578=CARTESIAN_POINT('Origin',(112.5625,-54.125,50.8));
#20579=CARTESIAN_POINT('',(112.5625,-54.625,50.8));
#20580=CARTESIAN_POINT('Origin',(125.5625,-54.625,50.8));
#20581=CARTESIAN_POINT('',(125.5625,-54.625,50.8));
#20582=CARTESIAN_POINT('Origin',(125.5625,-54.125,50.8));
#20583=CARTESIAN_POINT('',(126.0625,-54.125,50.8));
#20584=CARTESIAN_POINT('Origin',(126.0625,-41.125,50.8));
#20585=CARTESIAN_POINT('',(126.0625,-41.125,50.8));
#20586=CARTESIAN_POINT('Origin',(125.5625,-41.125,50.8));
#20587=CARTESIAN_POINT('',(125.5625,-40.625,50.8));
#20588=CARTESIAN_POINT('Origin',(112.5625,-40.625,50.8));
#20589=CARTESIAN_POINT('',(112.5625,-40.625,50.8));
#20590=CARTESIAN_POINT('Origin',(112.5625,-41.125,50.8));
#20591=CARTESIAN_POINT('Origin',(93.0125,-54.125,50.8));
#20592=CARTESIAN_POINT('',(93.0125,-41.125,50.8));
#20593=CARTESIAN_POINT('',(93.0125,-54.125,50.8));
#20594=CARTESIAN_POINT('Origin',(93.5125,-54.125,50.8));
#20595=CARTESIAN_POINT('',(93.5125,-54.625,50.8));
#20596=CARTESIAN_POINT('Origin',(106.5125,-54.625,50.8));
#20597=CARTESIAN_POINT('',(106.5125,-54.625,50.8));
#20598=CARTESIAN_POINT('Origin',(106.5125,-54.125,50.8));
#20599=CARTESIAN_POINT('',(107.0125,-54.125,50.8));
#20600=CARTESIAN_POINT('Origin',(107.0125,-41.125,50.8));
#20601=CARTESIAN_POINT('',(107.0125,-41.125,50.8));
#20602=CARTESIAN_POINT('Origin',(106.5125,-41.125,50.8));
#20603=CARTESIAN_POINT('',(106.5125,-40.625,50.8));
#20604=CARTESIAN_POINT('Origin',(93.5125,-40.625,50.8));
#20605=CARTESIAN_POINT('',(93.5125,-40.625,50.8));
#20606=CARTESIAN_POINT('Origin',(93.5125,-41.125,50.8));
#20607=CARTESIAN_POINT('Origin',(73.9625,-54.125,50.8));
#20608=CARTESIAN_POINT('',(73.9625,-41.125,50.8));
#20609=CARTESIAN_POINT('',(73.9625,-54.125,50.8));
#20610=CARTESIAN_POINT('Origin',(74.4625,-54.125,50.8));
#20611=CARTESIAN_POINT('',(74.4625,-54.625,50.8));
#20612=CARTESIAN_POINT('Origin',(87.4625,-54.625,50.8));
#20613=CARTESIAN_POINT('',(87.4625,-54.625,50.8));
#20614=CARTESIAN_POINT('Origin',(87.4625,-54.125,50.8));
#20615=CARTESIAN_POINT('',(87.9625,-54.125,50.8));
#20616=CARTESIAN_POINT('Origin',(87.9625,-41.125,50.8));
#20617=CARTESIAN_POINT('',(87.9625,-41.125,50.8));
#20618=CARTESIAN_POINT('Origin',(87.4625,-41.125,50.8));
#20619=CARTESIAN_POINT('',(87.4625,-40.625,50.8));
#20620=CARTESIAN_POINT('Origin',(74.4625,-40.625,50.8));
#20621=CARTESIAN_POINT('',(74.4625,-40.625,50.8));
#20622=CARTESIAN_POINT('Origin',(74.4625,-41.125,50.8));
#20623=CARTESIAN_POINT('Origin',(54.9125,-54.125,50.8));
#20624=CARTESIAN_POINT('',(54.9125,-41.125,50.8));
#20625=CARTESIAN_POINT('',(54.9125,-54.125,50.8));
#20626=CARTESIAN_POINT('Origin',(55.4125,-54.125,50.8));
#20627=CARTESIAN_POINT('',(55.4125,-54.625,50.8));
#20628=CARTESIAN_POINT('Origin',(68.4125,-54.625,50.8));
#20629=CARTESIAN_POINT('',(68.4125,-54.625,50.8));
#20630=CARTESIAN_POINT('Origin',(68.4125,-54.125,50.8));
#20631=CARTESIAN_POINT('',(68.9125,-54.125,50.8));
#20632=CARTESIAN_POINT('Origin',(68.9125,-41.125,50.8));
#20633=CARTESIAN_POINT('',(68.9125,-41.125,50.8));
#20634=CARTESIAN_POINT('Origin',(68.4125,-41.125,50.8));
#20635=CARTESIAN_POINT('',(68.4125,-40.625,50.8));
#20636=CARTESIAN_POINT('Origin',(55.4125,-40.625,50.8));
#20637=CARTESIAN_POINT('',(55.4125,-40.625,50.8));
#20638=CARTESIAN_POINT('Origin',(55.4125,-41.125,50.8));
#20639=CARTESIAN_POINT('Origin',(35.8625,-54.125,50.8));
#20640=CARTESIAN_POINT('',(35.8625,-41.125,50.8));
#20641=CARTESIAN_POINT('',(35.8625,-54.125,50.8));
#20642=CARTESIAN_POINT('Origin',(36.3625,-54.125,50.8));
#20643=CARTESIAN_POINT('',(36.3625,-54.625,50.8));
#20644=CARTESIAN_POINT('Origin',(49.3625,-54.625,50.8));
#20645=CARTESIAN_POINT('',(49.3625,-54.625,50.8));
#20646=CARTESIAN_POINT('Origin',(49.3625,-54.125,50.8));
#20647=CARTESIAN_POINT('',(49.8625,-54.125,50.8));
#20648=CARTESIAN_POINT('Origin',(49.8625,-41.125,50.8));
#20649=CARTESIAN_POINT('',(49.8625,-41.125,50.8));
#20650=CARTESIAN_POINT('Origin',(49.3625,-41.125,50.8));
#20651=CARTESIAN_POINT('',(49.3625,-40.625,50.8));
#20652=CARTESIAN_POINT('Origin',(36.3625,-40.625,50.8));
#20653=CARTESIAN_POINT('',(36.3625,-40.625,50.8));
#20654=CARTESIAN_POINT('Origin',(36.3625,-41.125,50.8));
#20655=CARTESIAN_POINT('Origin',(4.90625,-54.125,50.8));
#20656=CARTESIAN_POINT('',(4.90625,-41.125,50.8));
#20657=CARTESIAN_POINT('',(4.90625,-54.125,50.8));
#20658=CARTESIAN_POINT('Origin',(5.40625,-54.125,50.8));
#20659=CARTESIAN_POINT('',(5.40625,-54.625,50.8));
#20660=CARTESIAN_POINT('Origin',(23.16875,-54.625,50.8));
#20661=CARTESIAN_POINT('',(23.16875,-54.625,50.8));
#20662=CARTESIAN_POINT('Origin',(23.16875,-54.125,50.8));
#20663=CARTESIAN_POINT('',(23.66875,-54.125,50.8));
#20664=CARTESIAN_POINT('Origin',(23.66875,-41.125,50.8));
#20665=CARTESIAN_POINT('',(23.66875,-41.125,50.8));
#20666=CARTESIAN_POINT('Origin',(23.16875,-41.125,50.8));
#20667=CARTESIAN_POINT('',(23.16875,-40.625,50.8));
#20668=CARTESIAN_POINT('Origin',(5.40625,-40.625,50.8));
#20669=CARTESIAN_POINT('',(5.40625,-40.625,50.8));
#20670=CARTESIAN_POINT('Origin',(5.40625,-41.125,50.8));
#20671=CARTESIAN_POINT('Origin',(240.65,-35.075,50.8));
#20672=CARTESIAN_POINT('',(240.65,-22.075,50.8));
#20673=CARTESIAN_POINT('',(240.65,-35.075,50.8));
#20674=CARTESIAN_POINT('Origin',(241.15,-35.075,50.8));
#20675=CARTESIAN_POINT('',(241.15,-35.575,50.8));
#20676=CARTESIAN_POINT('Origin',(254.15,-35.575,50.8));
#20677=CARTESIAN_POINT('',(254.15,-35.575,50.8));
#20678=CARTESIAN_POINT('Origin',(254.15,-35.075,50.8));
#20679=CARTESIAN_POINT('',(254.65,-35.075,50.8));
#20680=CARTESIAN_POINT('Origin',(254.65,-22.075,50.8));
#20681=CARTESIAN_POINT('',(254.65,-22.075,50.8));
#20682=CARTESIAN_POINT('Origin',(254.15,-22.075,50.8));
#20683=CARTESIAN_POINT('',(254.15,-21.575,50.8));
#20684=CARTESIAN_POINT('Origin',(241.15,-21.575,50.8));
#20685=CARTESIAN_POINT('',(241.15,-21.575,50.8));
#20686=CARTESIAN_POINT('Origin',(241.15,-22.075,50.8));
#20687=CARTESIAN_POINT('Origin',(221.6,-35.075,50.8));
#20688=CARTESIAN_POINT('',(221.6,-22.075,50.8));
#20689=CARTESIAN_POINT('',(221.6,-35.075,50.8));
#20690=CARTESIAN_POINT('Origin',(222.1,-35.075,50.8));
#20691=CARTESIAN_POINT('',(222.1,-35.575,50.8));
#20692=CARTESIAN_POINT('Origin',(235.1,-35.575,50.8));
#20693=CARTESIAN_POINT('',(235.1,-35.575,50.8));
#20694=CARTESIAN_POINT('Origin',(235.1,-35.075,50.8));
#20695=CARTESIAN_POINT('',(235.6,-35.075,50.8));
#20696=CARTESIAN_POINT('Origin',(235.6,-22.075,50.8));
#20697=CARTESIAN_POINT('',(235.6,-22.075,50.8));
#20698=CARTESIAN_POINT('Origin',(235.1,-22.075,50.8));
#20699=CARTESIAN_POINT('',(235.1,-21.575,50.8));
#20700=CARTESIAN_POINT('Origin',(222.1,-21.575,50.8));
#20701=CARTESIAN_POINT('',(222.1,-21.575,50.8));
#20702=CARTESIAN_POINT('Origin',(222.1,-22.075,50.8));
#20703=CARTESIAN_POINT('Origin',(202.55,-35.075,50.8));
#20704=CARTESIAN_POINT('',(202.55,-22.075,50.8));
#20705=CARTESIAN_POINT('',(202.55,-35.075,50.8));
#20706=CARTESIAN_POINT('Origin',(203.05,-35.075,50.8));
#20707=CARTESIAN_POINT('',(203.05,-35.575,50.8));
#20708=CARTESIAN_POINT('Origin',(216.05,-35.575,50.8));
#20709=CARTESIAN_POINT('',(216.05,-35.575,50.8));
#20710=CARTESIAN_POINT('Origin',(216.05,-35.075,50.8));
#20711=CARTESIAN_POINT('',(216.55,-35.075,50.8));
#20712=CARTESIAN_POINT('Origin',(216.55,-22.075,50.8));
#20713=CARTESIAN_POINT('',(216.55,-22.075,50.8));
#20714=CARTESIAN_POINT('Origin',(216.05,-22.075,50.8));
#20715=CARTESIAN_POINT('',(216.05,-21.575,50.8));
#20716=CARTESIAN_POINT('Origin',(203.05,-21.575,50.8));
#20717=CARTESIAN_POINT('',(203.05,-21.575,50.8));
#20718=CARTESIAN_POINT('Origin',(203.05,-22.075,50.8));
#20719=CARTESIAN_POINT('Origin',(183.5,-35.075,50.8));
#20720=CARTESIAN_POINT('',(183.5,-22.075,50.8));
#20721=CARTESIAN_POINT('',(183.5,-35.075,50.8));
#20722=CARTESIAN_POINT('Origin',(184.,-35.075,50.8));
#20723=CARTESIAN_POINT('',(184.,-35.575,50.8));
#20724=CARTESIAN_POINT('Origin',(197.,-35.575,50.8));
#20725=CARTESIAN_POINT('',(197.,-35.575,50.8));
#20726=CARTESIAN_POINT('Origin',(197.,-35.075,50.8));
#20727=CARTESIAN_POINT('',(197.5,-35.075,50.8));
#20728=CARTESIAN_POINT('Origin',(197.5,-22.075,50.8));
#20729=CARTESIAN_POINT('',(197.5,-22.075,50.8));
#20730=CARTESIAN_POINT('Origin',(197.,-22.075,50.8));
#20731=CARTESIAN_POINT('',(197.,-21.575,50.8));
#20732=CARTESIAN_POINT('Origin',(184.,-21.575,50.8));
#20733=CARTESIAN_POINT('',(184.,-21.575,50.8));
#20734=CARTESIAN_POINT('Origin',(184.,-22.075,50.8));
#20735=CARTESIAN_POINT('Origin',(164.45,-35.075,50.8));
#20736=CARTESIAN_POINT('',(164.45,-22.075,50.8));
#20737=CARTESIAN_POINT('',(164.45,-35.075,50.8));
#20738=CARTESIAN_POINT('Origin',(164.95,-35.075,50.8));
#20739=CARTESIAN_POINT('',(164.95,-35.575,50.8));
#20740=CARTESIAN_POINT('Origin',(177.95,-35.575,50.8));
#20741=CARTESIAN_POINT('',(177.95,-35.575,50.8));
#20742=CARTESIAN_POINT('Origin',(177.95,-35.075,50.8));
#20743=CARTESIAN_POINT('',(178.45,-35.075,50.8));
#20744=CARTESIAN_POINT('Origin',(178.45,-22.075,50.8));
#20745=CARTESIAN_POINT('',(178.45,-22.075,50.8));
#20746=CARTESIAN_POINT('Origin',(177.95,-22.075,50.8));
#20747=CARTESIAN_POINT('',(177.95,-21.575,50.8));
#20748=CARTESIAN_POINT('Origin',(164.95,-21.575,50.8));
#20749=CARTESIAN_POINT('',(164.95,-21.575,50.8));
#20750=CARTESIAN_POINT('Origin',(164.95,-22.075,50.8));
#20751=CARTESIAN_POINT('Origin',(145.4,-35.075,50.8));
#20752=CARTESIAN_POINT('',(145.4,-22.075,50.8));
#20753=CARTESIAN_POINT('',(145.4,-35.075,50.8));
#20754=CARTESIAN_POINT('Origin',(145.9,-35.075,50.8));
#20755=CARTESIAN_POINT('',(145.9,-35.575,50.8));
#20756=CARTESIAN_POINT('Origin',(158.9,-35.575,50.8));
#20757=CARTESIAN_POINT('',(158.9,-35.575,50.8));
#20758=CARTESIAN_POINT('Origin',(158.9,-35.075,50.8));
#20759=CARTESIAN_POINT('',(159.4,-35.075,50.8));
#20760=CARTESIAN_POINT('Origin',(159.4,-22.075,50.8));
#20761=CARTESIAN_POINT('',(159.4,-22.075,50.8));
#20762=CARTESIAN_POINT('Origin',(158.9,-22.075,50.8));
#20763=CARTESIAN_POINT('',(158.9,-21.575,50.8));
#20764=CARTESIAN_POINT('Origin',(145.9,-21.575,50.8));
#20765=CARTESIAN_POINT('',(145.9,-21.575,50.8));
#20766=CARTESIAN_POINT('Origin',(145.9,-22.075,50.8));
#20767=CARTESIAN_POINT('Origin',(126.35,-35.075,50.8));
#20768=CARTESIAN_POINT('',(126.35,-22.075,50.8));
#20769=CARTESIAN_POINT('',(126.35,-35.075,50.8));
#20770=CARTESIAN_POINT('Origin',(126.85,-35.075,50.8));
#20771=CARTESIAN_POINT('',(126.85,-35.575,50.8));
#20772=CARTESIAN_POINT('Origin',(139.85,-35.575,50.8));
#20773=CARTESIAN_POINT('',(139.85,-35.575,50.8));
#20774=CARTESIAN_POINT('Origin',(139.85,-35.075,50.8));
#20775=CARTESIAN_POINT('',(140.35,-35.075,50.8));
#20776=CARTESIAN_POINT('Origin',(140.35,-22.075,50.8));
#20777=CARTESIAN_POINT('',(140.35,-22.075,50.8));
#20778=CARTESIAN_POINT('Origin',(139.85,-22.075,50.8));
#20779=CARTESIAN_POINT('',(139.85,-21.575,50.8));
#20780=CARTESIAN_POINT('Origin',(126.85,-21.575,50.8));
#20781=CARTESIAN_POINT('',(126.85,-21.575,50.8));
#20782=CARTESIAN_POINT('Origin',(126.85,-22.075,50.8));
#20783=CARTESIAN_POINT('Origin',(107.3,-35.075,50.8));
#20784=CARTESIAN_POINT('',(107.3,-22.075,50.8));
#20785=CARTESIAN_POINT('',(107.3,-35.075,50.8));
#20786=CARTESIAN_POINT('Origin',(107.8,-35.075,50.8));
#20787=CARTESIAN_POINT('',(107.8,-35.575,50.8));
#20788=CARTESIAN_POINT('Origin',(120.8,-35.575,50.8));
#20789=CARTESIAN_POINT('',(120.8,-35.575,50.8));
#20790=CARTESIAN_POINT('Origin',(120.8,-35.075,50.8));
#20791=CARTESIAN_POINT('',(121.3,-35.075,50.8));
#20792=CARTESIAN_POINT('Origin',(121.3,-22.075,50.8));
#20793=CARTESIAN_POINT('',(121.3,-22.075,50.8));
#20794=CARTESIAN_POINT('Origin',(120.8,-22.075,50.8));
#20795=CARTESIAN_POINT('',(120.8,-21.575,50.8));
#20796=CARTESIAN_POINT('Origin',(107.8,-21.575,50.8));
#20797=CARTESIAN_POINT('',(107.8,-21.575,50.8));
#20798=CARTESIAN_POINT('Origin',(107.8,-22.075,50.8));
#20799=CARTESIAN_POINT('Origin',(0.,-0.999999999999996,50.8));
#20800=CARTESIAN_POINT('',(0.,-0.999999999999996,50.8));
#20801=CARTESIAN_POINT('Origin',(1.,-1.,50.8));
#20802=CARTESIAN_POINT('Origin',(113.3,-0.999999999999994,50.8));
#20803=CARTESIAN_POINT('',(114.3,-1.,50.8));
#20804=CARTESIAN_POINT('Origin',(114.3,-18.05,50.8));
#20805=CARTESIAN_POINT('',(114.3,-18.05,50.8));
#20806=CARTESIAN_POINT('Origin',(115.3,-18.05,50.8));
#20807=CARTESIAN_POINT('Origin',(256.175,-20.05,50.8));
#20808=CARTESIAN_POINT('',(257.175,-20.05,50.8));
#20809=CARTESIAN_POINT('Origin',(257.175,-94.25,50.8));
#20810=CARTESIAN_POINT('',(257.175,-94.25,50.8));
#20811=CARTESIAN_POINT('Origin',(256.175,-94.25,50.8));
#20812=UNCERTAINTY_MEASURE_WITH_UNIT(LENGTH_MEASURE(0.01),#20816,
'DISTANCE_ACCURACY_VALUE',
'Maximum model space distance between geometric entities at asserted c
onnectivities');
#20813=UNCERTAINTY_MEASURE_WITH_UNIT(LENGTH_MEASURE(0.01),#20816,
'DISTANCE_ACCURACY_VALUE',
'Maximum model space distance between geometric entities at asserted c
onnectivities');
#20814=(
GEOMETRIC_REPRESENTATION_CONTEXT(3)
GLOBAL_UNCERTAINTY_ASSIGNED_CONTEXT((#20812))
GLOBAL_UNIT_ASSIGNED_CONTEXT((#20816,#20817,#20818))
REPRESENTATION_CONTEXT('','3D')
);
#20815=(
GEOMETRIC_REPRESENTATION_CONTEXT(3)
GLOBAL_UNCERTAINTY_ASSIGNED_CONTEXT((#20813))
GLOBAL_UNIT_ASSIGNED_CONTEXT((#20816,#20817,#20818))
REPRESENTATION_CONTEXT('','3D')
);
#20816=(
LENGTH_UNIT()
NAMED_UNIT(*)
SI_UNIT(.MILLI.,.METRE.)
);
#20817=(
NAMED_UNIT(*)
PLANE_ANGLE_UNIT()
SI_UNIT($,.RADIAN.)
);
#20818=(
NAMED_UNIT(*)
SI_UNIT($,.STERADIAN.)
SOLID_ANGLE_UNIT()
);
#20819=SHAPE_DEFINITION_REPRESENTATION(#20820,#20821);
#20820=PRODUCT_DEFINITION_SHAPE('',$,#20823);
#20821=SHAPE_REPRESENTATION('',(#12376),#20814);
#20822=PRODUCT_DEFINITION_CONTEXT('part definition',#20827,'design');
#20823=PRODUCT_DEFINITION('laika v29','laika v29 v61',#20824,#20822);
#20824=PRODUCT_DEFINITION_FORMATION('',$,#20829);
#20825=PRODUCT_RELATED_PRODUCT_CATEGORY('laika v29 v61','laika v29 v61',
(#20829));
#20826=APPLICATION_PROTOCOL_DEFINITION('international standard',
'automotive_design',2009,#20827);
#20827=APPLICATION_CONTEXT(
'Core Data for Automotive Mechanical Design Process');
#20828=PRODUCT_CONTEXT('part definition',#20827,'mechanical');
#20829=PRODUCT('laika v29','laika v29 v61',$,(#20828));
#20830=PRESENTATION_STYLE_ASSIGNMENT((#20844));
#20831=PRESENTATION_STYLE_ASSIGNMENT((#20845));
#20832=PRESENTATION_STYLE_ASSIGNMENT((#20846));
#20833=PRESENTATION_STYLE_ASSIGNMENT((#20847));
#20834=PRESENTATION_STYLE_ASSIGNMENT((#20848));
#20835=PRESENTATION_STYLE_ASSIGNMENT((#20849));
#20836=PRESENTATION_STYLE_ASSIGNMENT((#20850));
#20837=PRESENTATION_STYLE_ASSIGNMENT((#20851));
#20838=PRESENTATION_STYLE_ASSIGNMENT((#20852));
#20839=PRESENTATION_STYLE_ASSIGNMENT((#20853));
#20840=PRESENTATION_STYLE_ASSIGNMENT((#20854));
#20841=PRESENTATION_STYLE_ASSIGNMENT((#20855));
#20842=PRESENTATION_STYLE_ASSIGNMENT((#20856));
#20843=PRESENTATION_STYLE_ASSIGNMENT((#20857));
#20844=SURFACE_STYLE_USAGE(.BOTH.,#20858);
#20845=SURFACE_STYLE_USAGE(.BOTH.,#20859);
#20846=SURFACE_STYLE_USAGE(.BOTH.,#20860);
#20847=SURFACE_STYLE_USAGE(.BOTH.,#20861);
#20848=SURFACE_STYLE_USAGE(.BOTH.,#20862);
#20849=SURFACE_STYLE_USAGE(.BOTH.,#20863);
#20850=SURFACE_STYLE_USAGE(.BOTH.,#20864);
#20851=SURFACE_STYLE_USAGE(.BOTH.,#20865);
#20852=SURFACE_STYLE_USAGE(.BOTH.,#20866);
#20853=SURFACE_STYLE_USAGE(.BOTH.,#20867);
#20854=SURFACE_STYLE_USAGE(.BOTH.,#20868);
#20855=SURFACE_STYLE_USAGE(.BOTH.,#20869);
#20856=SURFACE_STYLE_USAGE(.BOTH.,#20870);
#20857=SURFACE_STYLE_USAGE(.BOTH.,#20871);
#20858=SURFACE_SIDE_STYLE('',(#20872));
#20859=SURFACE_SIDE_STYLE('',(#20873));
#20860=SURFACE_SIDE_STYLE('',(#20874));
#20861=SURFACE_SIDE_STYLE('',(#20875));
#20862=SURFACE_SIDE_STYLE('',(#20876));
#20863=SURFACE_SIDE_STYLE('',(#20877));
#20864=SURFACE_SIDE_STYLE('',(#20878));
#20865=SURFACE_SIDE_STYLE('',(#20879));
#20866=SURFACE_SIDE_STYLE('',(#20880));
#20867=SURFACE_SIDE_STYLE('',(#20881));
#20868=SURFACE_SIDE_STYLE('',(#20882));
#20869=SURFACE_SIDE_STYLE('',(#20883));
#20870=SURFACE_SIDE_STYLE('',(#20884));
#20871=SURFACE_SIDE_STYLE('',(#20885));
#20872=SURFACE_STYLE_FILL_AREA(#20886);
#20873=SURFACE_STYLE_FILL_AREA(#20887);
#20874=SURFACE_STYLE_FILL_AREA(#20888);
#20875=SURFACE_STYLE_FILL_AREA(#20889);
#20876=SURFACE_STYLE_FILL_AREA(#20890);
#20877=SURFACE_STYLE_FILL_AREA(#20891);
#20878=SURFACE_STYLE_FILL_AREA(#20892);
#20879=SURFACE_STYLE_FILL_AREA(#20893);
#20880=SURFACE_STYLE_FILL_AREA(#20894);
#20881=SURFACE_STYLE_FILL_AREA(#20895);
#20882=SURFACE_STYLE_FILL_AREA(#20896);
#20883=SURFACE_STYLE_FILL_AREA(#20897);
#20884=SURFACE_STYLE_FILL_AREA(#20898);
#20885=SURFACE_STYLE_FILL_AREA(#20899);
#20886=FILL_AREA_STYLE('Steel - Satin',(#20900));
#20887=FILL_AREA_STYLE('Aluminum - Polished',(#20901));
#20888=FILL_AREA_STYLE('Opaque(190,190,190)',(#20902));
#20889=FILL_AREA_STYLE('Opaque(64,64,64)',(#20903));
#20890=FILL_AREA_STYLE('Opaque(154,24,18)',(#20904));
#20891=FILL_AREA_STYLE('Opaque(37,36,36)',(#20905));
#20892=FILL_AREA_STYLE('Brass - Matte',(#20906));
#20893=FILL_AREA_STYLE('Aluminum - Anodized Glossy (Red)',(#20907));
#20894=FILL_AREA_STYLE('Brass - Polished',(#20908));
#20895=FILL_AREA_STYLE('Brass - Matte (1)',(#20909));
#20896=FILL_AREA_STYLE('Steel - Satin',(#20910));
#20897=FILL_AREA_STYLE('Opaque(210,209,199)',(#20911));
#20898=FILL_AREA_STYLE('Fabric (Light Brown)',(#20912));
#20899=FILL_AREA_STYLE('Fabric (Denim)',(#20913));
#20900=FILL_AREA_STYLE_COLOUR('Steel - Satin',#20914);
#20901=FILL_AREA_STYLE_COLOUR('Aluminum - Polished',#20915);
#20902=FILL_AREA_STYLE_COLOUR('Opaque(190,190,190)',#20916);
#20903=FILL_AREA_STYLE_COLOUR('Opaque(64,64,64)',#20917);
#20904=FILL_AREA_STYLE_COLOUR('Opaque(154,24,18)',#20918);
#20905=FILL_AREA_STYLE_COLOUR('Opaque(37,36,36)',#20919);
#20906=FILL_AREA_STYLE_COLOUR('Brass - Matte',#20920);
#20907=FILL_AREA_STYLE_COLOUR('Aluminum - Anodized Glossy (Red)',#20921);
#20908=FILL_AREA_STYLE_COLOUR('Brass - Polished',#20922);
#20909=FILL_AREA_STYLE_COLOUR('Brass - Matte (1)',#20923);
#20910=FILL_AREA_STYLE_COLOUR('Steel - Satin',#20924);
#20911=FILL_AREA_STYLE_COLOUR('Opaque(210,209,199)',#20925);
#20912=FILL_AREA_STYLE_COLOUR('Fabric (Light Brown)',#20926);
#20913=FILL_AREA_STYLE_COLOUR('Fabric (Denim)',#20927);
#20914=COLOUR_RGB('Steel - Satin',0.627450980392157,0.627450980392157,0.627450980392157);
#20915=COLOUR_RGB('Aluminum - Polished',0.96078431372549,0.96078431372549,
0.964705882352941);
#20916=COLOUR_RGB('Opaque(190,190,190)',0.745098039215686,0.745098039215686,
0.745098039215686);
#20917=COLOUR_RGB('Opaque(64,64,64)',0.250980392156863,0.250980392156863,
0.250980392156863);
#20918=COLOUR_RGB('Opaque(154,24,18)',0.603921568627451,0.0941176470588235,
0.0705882352941176);
#20919=COLOUR_RGB('Opaque(37,36,36)',0.145098039215686,0.141176470588235,
0.141176470588235);
#20920=COLOUR_RGB('Brass - Matte',0.952941176470588,0.796078431372549,0.486274509803922);
#20921=COLOUR_RGB('Aluminum - Anodized Glossy (Red)',0.0941176470588235,
0.431372549019608,0.392156862745098);
#20922=COLOUR_RGB('Brass - Polished',0.952941176470588,0.796078431372549,
0.486274509803922);
#20923=COLOUR_RGB('Brass - Matte (1)',0.952941176470588,0.796078431372549,
0.486274509803922);
#20924=COLOUR_RGB('Steel - Satin',0.627450980392157,0.627450980392157,0.627450980392157);
#20925=COLOUR_RGB('Opaque(210,209,199)',0.823529411764706,0.819607843137255,
0.780392156862745);
#20926=COLOUR_RGB('Fabric (Light Brown)',0.,0.,0.);
#20927=COLOUR_RGB('Fabric (Denim)',0.,0.,0.);
ENDSEC;
END-ISO-10303-21;
