ISO-10303-21;
HEADER;
/* Generated by software containing ST-Developer
 * from STEP Tools, Inc. (www.steptools.com) 
 */

FILE_DESCRIPTION(
/* description */ (''),
/* implementation_level */ '2;1');

FILE_NAME(
/* name */ 'top-weight (laika).step',
/* time_stamp */ '2026-04-08T13:26:33+03:00',
/* author */ (''),
/* organization */ (''),
/* preprocessor_version */ 'ST-DEVELOPER v20.1',
/* originating_system */ 'Autodesk Translation Framework v14.24.0.0',
/* authorisation */ '');

FILE_SCHEMA (('AUTOMOTIVE_DESIGN { 1 0 10303 214 3 1 1 }'));
ENDSEC;

DATA;
#10=MECHANICAL_DESIGN_GEOMETRIC_PRESENTATION_REPRESENTATION('',(#130,#131,
#132,#133,#134,#135,#136,#137,#138,#139,#140),#3597);
#11=SHAPE_REPRESENTATION_RELATIONSHIP('SRR','None',#3603,#12);
#12=ADVANCED_BREP_SHAPE_REPRESENTATION('',(#13),#3596);
#13=MANIFOLD_SOLID_BREP('TOP-WEIGHT laika-text',#2045);
#14=CIRCLE('',#2107,0.789821784166675);
#15=CIRCLE('',#2108,0.789821784166675);
#16=CIRCLE('',#2111,0.789821784166662);
#17=CIRCLE('',#2112,0.789821784166662);
#18=CIRCLE('',#2115,0.789821784166674);
#19=CIRCLE('',#2116,0.789821784166674);
#20=CIRCLE('',#2119,0.78982178416668);
#21=CIRCLE('',#2120,0.78982178416668);
#22=CIRCLE('',#2124,1.5);
#23=CIRCLE('',#2125,1.5);
#24=CIRCLE('',#2126,1.5);
#25=CIRCLE('',#2127,1.5);
#26=CIRCLE('',#2130,2.54999999999999);
#27=CIRCLE('',#2132,2.54999999999999);
#28=CIRCLE('',#2134,2.55000000000001);
#29=CIRCLE('',#2136,2.55000000000001);
#30=CIRCLE('',#2138,1.5);
#31=CIRCLE('',#2140,1.5);
#32=CIRCLE('',#2143,1.5);
#33=CIRCLE('',#2146,1.5);
#34=CYLINDRICAL_SURFACE('',#2106,0.789821784166675);
#35=CYLINDRICAL_SURFACE('',#2110,0.789821784166662);
#36=CYLINDRICAL_SURFACE('',#2114,0.789821784166674);
#37=CYLINDRICAL_SURFACE('',#2118,0.78982178416668);
#38=CYLINDRICAL_SURFACE('',#2131,2.54999999999999);
#39=CYLINDRICAL_SURFACE('',#2135,2.55000000000001);
#40=CYLINDRICAL_SURFACE('',#2137,1.5);
#41=CYLINDRICAL_SURFACE('',#2139,1.5);
#42=CYLINDRICAL_SURFACE('',#2142,1.5);
#43=CYLINDRICAL_SURFACE('',#2145,1.5);
#44=FACE_BOUND('',#306,.T.);
#45=FACE_BOUND('',#330,.T.);
#46=FACE_BOUND('',#346,.T.);
#47=FACE_BOUND('',#347,.T.);
#48=FACE_BOUND('',#348,.T.);
#49=FACE_BOUND('',#349,.T.);
#50=FACE_BOUND('',#350,.T.);
#51=FACE_BOUND('',#351,.T.);
#52=FACE_BOUND('',#352,.T.);
#53=FACE_BOUND('',#366,.T.);
#54=FACE_BOUND('',#367,.T.);
#55=B_SPLINE_CURVE_WITH_KNOTS('',3,(#2625,#2626,#2627,#2628,#2629),
 .UNSPECIFIED.,.F.,.F.,(4,1,4),(0.,0.0146916808727606,0.0292491957249437),
 .UNSPECIFIED.);
#56=B_SPLINE_CURVE_WITH_KNOTS('',3,(#2632,#2633,#2634,#2635,#2636),
 .UNSPECIFIED.,.F.,.F.,(4,1,4),(0.,0.0146916808727606,0.0292491957249437),
 .UNSPECIFIED.);
#57=B_SPLINE_CURVE_WITH_KNOTS('',3,(#2648,#2649,#2650,#2651,#2652),
 .UNSPECIFIED.,.F.,.F.,(4,1,4),(0.,0.0145575323102984,0.0292492047773477),
 .UNSPECIFIED.);
#58=B_SPLINE_CURVE_WITH_KNOTS('',3,(#2655,#2656,#2657,#2658,#2659),
 .UNSPECIFIED.,.F.,.F.,(4,1,4),(0.,0.0145575323102984,0.0292492047773477),
 .UNSPECIFIED.);
#59=B_SPLINE_CURVE_WITH_KNOTS('',3,(#2689,#2690,#2691,#2692,#2693),
 .UNSPECIFIED.,.F.,.F.,(4,1,4),(0.,0.0301859282459754,0.060830973945327),
 .UNSPECIFIED.);
#60=B_SPLINE_CURVE_WITH_KNOTS('',3,(#2696,#2697,#2698,#2699,#2700),
 .UNSPECIFIED.,.F.,.F.,(4,1,4),(0.,0.0301859282459754,0.060830973945327),
 .UNSPECIFIED.);
#61=B_SPLINE_CURVE_WITH_KNOTS('',3,(#2712,#2713,#2714,#2715,#2716),
 .UNSPECIFIED.,.F.,.F.,(4,1,4),(0.,0.0301280299480533,0.0602560866879325),
 .UNSPECIFIED.);
#62=B_SPLINE_CURVE_WITH_KNOTS('',3,(#2719,#2720,#2721,#2722,#2723),
 .UNSPECIFIED.,.F.,.F.,(4,1,4),(0.,0.0301280299480533,0.0602560866879325),
 .UNSPECIFIED.);
#63=B_SPLINE_CURVE_WITH_KNOTS('',3,(#2735,#2736,#2737,#2738,#2739),
 .UNSPECIFIED.,.F.,.F.,(4,1,4),(0.,0.0306450437720515,0.0608309695722558),
 .UNSPECIFIED.);
#64=B_SPLINE_CURVE_WITH_KNOTS('',3,(#2742,#2743,#2744,#2745,#2746),
 .UNSPECIFIED.,.F.,.F.,(4,1,4),(0.,0.0306450437720515,0.0608309695722558),
 .UNSPECIFIED.);
#65=B_SPLINE_CURVE_WITH_KNOTS('',3,(#2886,#2887,#2888,#2889,#2890),
 .UNSPECIFIED.,.F.,.F.,(4,1,4),(0.,0.0146917300888185,0.0292492010497972),
 .UNSPECIFIED.);
#66=B_SPLINE_CURVE_WITH_KNOTS('',3,(#2893,#2894,#2895,#2896,#2897),
 .UNSPECIFIED.,.F.,.F.,(4,1,4),(0.,0.0146917300888185,0.0292492010497972),
 .UNSPECIFIED.);
#67=B_SPLINE_CURVE_WITH_KNOTS('',3,(#2908,#2909,#2910,#2911,#2912),
 .UNSPECIFIED.,.F.,.F.,(4,1,4),(0.,0.014557540793525,0.0292492216662856),
 .UNSPECIFIED.);
#68=B_SPLINE_CURVE_WITH_KNOTS('',3,(#2913,#2914,#2915,#2916,#2917),
 .UNSPECIFIED.,.F.,.F.,(4,1,4),(0.,0.014557540793525,0.0292492216662856),
 .UNSPECIFIED.);
#69=B_SPLINE_CURVE_WITH_KNOTS('',3,(#2930,#2931,#2932,#2933,#2934),
 .UNSPECIFIED.,.F.,.F.,(4,1,4),(0.,0.0301859561278513,0.060830984481758),
 .UNSPECIFIED.);
#70=B_SPLINE_CURVE_WITH_KNOTS('',3,(#2938,#2939,#2940,#2941,#2942),
 .UNSPECIFIED.,.F.,.F.,(4,1,4),(0.,0.0301859561278513,0.060830984481758),
 .UNSPECIFIED.);
#71=B_SPLINE_CURVE_WITH_KNOTS('',3,(#2955,#2956,#2957,#2958,#2959),
 .UNSPECIFIED.,.F.,.F.,(4,1,4),(0.,0.0301279717902694,0.0602561056386193),
 .UNSPECIFIED.);
#72=B_SPLINE_CURVE_WITH_KNOTS('',3,(#2962,#2963,#2964,#2965,#2966),
 .UNSPECIFIED.,.F.,.F.,(4,1,4),(0.,0.0301279717902694,0.0602561056386193),
 .UNSPECIFIED.);
#73=B_SPLINE_CURVE_WITH_KNOTS('',3,(#2978,#2979,#2980,#2981,#2982),
 .UNSPECIFIED.,.F.,.F.,(4,1,4),(0.,0.031359867820414,0.0617666227655891),
 .UNSPECIFIED.);
#74=B_SPLINE_CURVE_WITH_KNOTS('',3,(#2985,#2986,#2987,#2988,#2989),
 .UNSPECIFIED.,.F.,.F.,(4,1,4),(0.,0.031359867820414,0.0617666227655891),
 .UNSPECIFIED.);
#75=B_SPLINE_CURVE_WITH_KNOTS('',3,(#3019,#3020,#3021,#3022,#3023),
 .UNSPECIFIED.,.F.,.F.,(4,1,4),(0.,0.0146916316567796,0.0292491026177583),
 .UNSPECIFIED.);
#76=B_SPLINE_CURVE_WITH_KNOTS('',3,(#3026,#3027,#3028,#3029,#3030),
 .UNSPECIFIED.,.F.,.F.,(4,1,4),(0.,0.0146916316567796,0.0292491026177583),
 .UNSPECIFIED.);
#77=B_SPLINE_CURVE_WITH_KNOTS('',3,(#3042,#3043,#3044,#3045,#3046),
 .UNSPECIFIED.,.F.,.F.,(4,1,4),(0.,0.0145574822719635,0.0292492796066182),
 .UNSPECIFIED.);
#78=B_SPLINE_CURVE_WITH_KNOTS('',3,(#3049,#3050,#3051,#3052,#3053),
 .UNSPECIFIED.,.F.,.F.,(4,1,4),(0.,0.0145574822719635,0.0292492796066182),
 .UNSPECIFIED.);
#79=B_SPLINE_CURVE_WITH_KNOTS('',3,(#3083,#3084,#3085,#3086,#3087),
 .UNSPECIFIED.,.F.,.F.,(4,1,4),(0.,0.0301859091689832,0.0608309683596354),
 .UNSPECIFIED.);
#80=B_SPLINE_CURVE_WITH_KNOTS('',3,(#3090,#3091,#3092,#3093,#3094),
 .UNSPECIFIED.,.F.,.F.,(4,1,4),(0.,0.0301859091689832,0.0608309683596354),
 .UNSPECIFIED.);
#81=B_SPLINE_CURVE_WITH_KNOTS('',3,(#3106,#3107,#3108,#3109,#3110),
 .UNSPECIFIED.,.F.,.F.,(4,1,4),(0.,0.0301279534933674,0.0602560376785346),
 .UNSPECIFIED.);
#82=B_SPLINE_CURVE_WITH_KNOTS('',3,(#3113,#3114,#3115,#3116,#3117),
 .UNSPECIFIED.,.F.,.F.,(4,1,4),(0.,0.0301279534933674,0.0602560376785346),
 .UNSPECIFIED.);
#83=B_SPLINE_CURVE_WITH_KNOTS('',3,(#3129,#3130,#3131,#3132,#3133),
 .UNSPECIFIED.,.F.,.F.,(4,1,4),(0.,0.0306450437720515,0.060830976420419),
 .UNSPECIFIED.);
#84=B_SPLINE_CURVE_WITH_KNOTS('',3,(#3136,#3137,#3138,#3139,#3140),
 .UNSPECIFIED.,.F.,.F.,(4,1,4),(0.,0.0306450437720515,0.060830976420419),
 .UNSPECIFIED.);
#85=B_SPLINE_CURVE_WITH_KNOTS('',3,(#3189,#3190,#3191,#3192,#3193),
 .UNSPECIFIED.,.F.,.F.,(4,1,4),(0.,0.0146916808727606,0.0292492103553462),
 .UNSPECIFIED.);
#86=B_SPLINE_CURVE_WITH_KNOTS('',3,(#3196,#3197,#3198,#3199,#3200),
 .UNSPECIFIED.,.F.,.F.,(4,1,4),(0.,0.0146916808727606,0.0292492103553462),
 .UNSPECIFIED.);
#87=B_SPLINE_CURVE_WITH_KNOTS('',3,(#3211,#3212,#3213,#3214,#3215),
 .UNSPECIFIED.,.F.,.F.,(4,1,4),(0.,0.0145575351380259,0.0292491991993742),
 .UNSPECIFIED.);
#88=B_SPLINE_CURVE_WITH_KNOTS('',3,(#3216,#3217,#3218,#3219,#3220),
 .UNSPECIFIED.,.F.,.F.,(4,1,4),(0.,0.0145575351380259,0.0292491991993742),
 .UNSPECIFIED.);
#89=B_SPLINE_CURVE_WITH_KNOTS('',3,(#3233,#3234,#3235,#3236,#3237),
 .UNSPECIFIED.,.F.,.F.,(4,1,4),(0.,0.0301859326483675,0.060830976420419),
 .UNSPECIFIED.);
#90=B_SPLINE_CURVE_WITH_KNOTS('',3,(#3241,#3242,#3243,#3244,#3245),
 .UNSPECIFIED.,.F.,.F.,(4,1,4),(0.,0.0301859326483675,0.060830976420419),
 .UNSPECIFIED.);
#91=B_SPLINE_CURVE_WITH_KNOTS('',3,(#3258,#3259,#3260,#3261,#3262),
 .UNSPECIFIED.,.F.,.F.,(4,1,4),(0.,0.0301280658883039,0.0602560899552234),
 .UNSPECIFIED.);
#92=B_SPLINE_CURVE_WITH_KNOTS('',3,(#3265,#3266,#3267,#3268,#3269),
 .UNSPECIFIED.,.F.,.F.,(4,1,4),(0.,0.0301280658883039,0.0602560899552234),
 .UNSPECIFIED.);
#93=B_SPLINE_CURVE_WITH_KNOTS('',3,(#3281,#3282,#3283,#3284,#3285),
 .UNSPECIFIED.,.F.,.F.,(4,1,4),(0.,0.0313597495671194,0.0617666142284718),
 .UNSPECIFIED.);
#94=B_SPLINE_CURVE_WITH_KNOTS('',3,(#3288,#3289,#3290,#3291,#3292),
 .UNSPECIFIED.,.F.,.F.,(4,1,4),(0.,0.0313597495671194,0.0617666142284718),
 .UNSPECIFIED.);
#95=B_SPLINE_CURVE_WITH_KNOTS('',3,(#3322,#3323,#3324,#3325,#3326),
 .UNSPECIFIED.,.F.,.F.,(4,1,4),(0.,0.0146916808727606,0.0292491518337393),
 .UNSPECIFIED.);
#96=B_SPLINE_CURVE_WITH_KNOTS('',3,(#3329,#3330,#3331,#3332,#3333),
 .UNSPECIFIED.,.F.,.F.,(4,1,4),(0.,0.0146916808727606,0.0292491518337393),
 .UNSPECIFIED.);
#97=B_SPLINE_CURVE_WITH_KNOTS('',3,(#3345,#3346,#3347,#3348,#3349),
 .UNSPECIFIED.,.F.,.F.,(4,1,4),(0.,0.0145574709609787,0.0292492010497972),
 .UNSPECIFIED.);
#98=B_SPLINE_CURVE_WITH_KNOTS('',3,(#3352,#3353,#3354,#3355,#3356),
 .UNSPECIFIED.,.F.,.F.,(4,1,4),(0.,0.0145574709609787,0.0292492010497972),
 .UNSPECIFIED.);
#99=B_SPLINE_CURVE_WITH_KNOTS('',3,(#3386,#3387,#3388,#3389,#3390),
 .UNSPECIFIED.,.F.,.F.,(4,1,4),(0.,0.0301859326483675,0.060830976420419),
 .UNSPECIFIED.);
#100=B_SPLINE_CURVE_WITH_KNOTS('',3,(#3393,#3394,#3395,#3396,#3397),
 .UNSPECIFIED.,.F.,.F.,(4,1,4),(0.,0.0301859326483675,0.060830976420419),
 .UNSPECIFIED.);
#101=B_SPLINE_CURVE_WITH_KNOTS('',3,(#3409,#3410,#3411,#3412,#3413),
 .UNSPECIFIED.,.F.,.F.,(4,1,4),(0.,0.0301280475914591,0.0602560951829181),
 .UNSPECIFIED.);
#102=B_SPLINE_CURVE_WITH_KNOTS('',3,(#3416,#3417,#3418,#3419,#3420),
 .UNSPECIFIED.,.F.,.F.,(4,1,4),(0.,0.0301280475914591,0.0602560951829181),
 .UNSPECIFIED.);
#103=B_SPLINE_CURVE_WITH_KNOTS('',3,(#3432,#3433,#3434,#3435,#3436),
 .UNSPECIFIED.,.F.,.F.,(4,1,4),(0.,0.0306450437720515,0.060830976420419),
 .UNSPECIFIED.);
#104=B_SPLINE_CURVE_WITH_KNOTS('',3,(#3439,#3440,#3441,#3442,#3443),
 .UNSPECIFIED.,.F.,.F.,(4,1,4),(0.,0.0306450437720515,0.060830976420419),
 .UNSPECIFIED.);
#105=B_SPLINE_SURFACE_WITH_KNOTS('',3,1,((#2614,#2615),(#2616,#2617),(#2618,
#2619),(#2620,#2621),(#2622,#2623)),.UNSPECIFIED.,.F.,.F.,.F.,(4,1,4),(2,
2),(0.,0.0146916808727606,0.0292491957249437),(0.,0.00999999999999979),
 .UNSPECIFIED.);
#106=B_SPLINE_SURFACE_WITH_KNOTS('',3,1,((#2637,#2638),(#2639,#2640),(#2641,
#2642),(#2643,#2644),(#2645,#2646)),.UNSPECIFIED.,.F.,.F.,.F.,(4,1,4),(2,
2),(0.,0.0145575323102984,0.0292492047773477),(0.,0.00999999999999979),
 .UNSPECIFIED.);
#107=B_SPLINE_SURFACE_WITH_KNOTS('',3,1,((#2678,#2679),(#2680,#2681),(#2682,
#2683),(#2684,#2685),(#2686,#2687)),.UNSPECIFIED.,.F.,.F.,.F.,(4,1,4),(2,
2),(0.,0.0301859282459754,0.060830973945327),(0.,0.00999999999999979),
 .UNSPECIFIED.);
#108=B_SPLINE_SURFACE_WITH_KNOTS('',3,1,((#2701,#2702),(#2703,#2704),(#2705,
#2706),(#2707,#2708),(#2709,#2710)),.UNSPECIFIED.,.F.,.F.,.F.,(4,1,4),(2,
2),(0.,0.0301280299480533,0.0602560866879325),(0.,0.00999999999999979),
 .UNSPECIFIED.);
#109=B_SPLINE_SURFACE_WITH_KNOTS('',3,1,((#2724,#2725),(#2726,#2727),(#2728,
#2729),(#2730,#2731),(#2732,#2733)),.UNSPECIFIED.,.F.,.F.,.F.,(4,1,4),(2,
2),(0.,0.0306450437720515,0.0608309695722558),(0.,0.00999999999999979),
 .UNSPECIFIED.);
#110=B_SPLINE_SURFACE_WITH_KNOTS('',3,1,((#2875,#2876),(#2877,#2878),(#2879,
#2880),(#2881,#2882),(#2883,#2884)),.UNSPECIFIED.,.F.,.F.,.F.,(4,1,4),(2,
2),(0.,0.0146917300888185,0.0292492010497972),(0.,0.00999999999999979),
 .UNSPECIFIED.);
#111=B_SPLINE_SURFACE_WITH_KNOTS('',3,1,((#2898,#2899),(#2900,#2901),(#2902,
#2903),(#2904,#2905),(#2906,#2907)),.UNSPECIFIED.,.F.,.F.,.F.,(4,1,4),(2,
2),(0.,0.014557540793525,0.0292492216662856),(0.,0.00999999999999979),
 .UNSPECIFIED.);
#112=B_SPLINE_SURFACE_WITH_KNOTS('',3,1,((#2918,#2919),(#2920,#2921),(#2922,
#2923),(#2924,#2925),(#2926,#2927)),.UNSPECIFIED.,.F.,.F.,.F.,(4,1,4),(2,
2),(0.,0.0301859561278513,0.060830984481758),(0.,0.00999999999999979),
 .UNSPECIFIED.);
#113=B_SPLINE_SURFACE_WITH_KNOTS('',3,1,((#2944,#2945),(#2946,#2947),(#2948,
#2949),(#2950,#2951),(#2952,#2953)),.UNSPECIFIED.,.F.,.F.,.F.,(4,1,4),(2,
2),(0.,0.0301279717902694,0.0602561056386193),(0.,0.00999999999999979),
 .UNSPECIFIED.);
#114=B_SPLINE_SURFACE_WITH_KNOTS('',3,1,((#2967,#2968),(#2969,#2970),(#2971,
#2972),(#2973,#2974),(#2975,#2976)),.UNSPECIFIED.,.F.,.F.,.F.,(4,1,4),(2,
2),(0.,0.031359867820414,0.0617666227655891),(0.,0.00999999999999979),
 .UNSPECIFIED.);
#115=B_SPLINE_SURFACE_WITH_KNOTS('',3,1,((#3008,#3009),(#3010,#3011),(#3012,
#3013),(#3014,#3015),(#3016,#3017)),.UNSPECIFIED.,.F.,.F.,.F.,(4,1,4),(2,
2),(0.,0.0146916316567796,0.0292491026177583),(0.,0.00999999999999979),
 .UNSPECIFIED.);
#116=B_SPLINE_SURFACE_WITH_KNOTS('',3,1,((#3031,#3032),(#3033,#3034),(#3035,
#3036),(#3037,#3038),(#3039,#3040)),.UNSPECIFIED.,.F.,.F.,.F.,(4,1,4),(2,
2),(0.,0.0145574822719635,0.0292492796066182),(0.,0.00999999999999979),
 .UNSPECIFIED.);
#117=B_SPLINE_SURFACE_WITH_KNOTS('',3,1,((#3072,#3073),(#3074,#3075),(#3076,
#3077),(#3078,#3079),(#3080,#3081)),.UNSPECIFIED.,.F.,.F.,.F.,(4,1,4),(2,
2),(0.,0.0301859091689832,0.0608309683596354),(0.,0.00999999999999979),
 .UNSPECIFIED.);
#118=B_SPLINE_SURFACE_WITH_KNOTS('',3,1,((#3095,#3096),(#3097,#3098),(#3099,
#3100),(#3101,#3102),(#3103,#3104)),.UNSPECIFIED.,.F.,.F.,.F.,(4,1,4),(2,
2),(0.,0.0301279534933674,0.0602560376785346),(0.,0.00999999999999979),
 .UNSPECIFIED.);
#119=B_SPLINE_SURFACE_WITH_KNOTS('',3,1,((#3118,#3119),(#3120,#3121),(#3122,
#3123),(#3124,#3125),(#3126,#3127)),.UNSPECIFIED.,.F.,.F.,.F.,(4,1,4),(2,
2),(0.,0.0306450437720515,0.060830976420419),(0.,0.00999999999999979),
 .UNSPECIFIED.);
#120=B_SPLINE_SURFACE_WITH_KNOTS('',3,1,((#3178,#3179),(#3180,#3181),(#3182,
#3183),(#3184,#3185),(#3186,#3187)),.UNSPECIFIED.,.F.,.F.,.F.,(4,1,4),(2,
2),(0.,0.0146916808727606,0.0292492103553462),(0.,0.00999999999999979),
 .UNSPECIFIED.);
#121=B_SPLINE_SURFACE_WITH_KNOTS('',3,1,((#3201,#3202),(#3203,#3204),(#3205,
#3206),(#3207,#3208),(#3209,#3210)),.UNSPECIFIED.,.F.,.F.,.F.,(4,1,4),(2,
2),(0.,0.0145575351380259,0.0292491991993742),(0.,0.00999999999999979),
 .UNSPECIFIED.);
#122=B_SPLINE_SURFACE_WITH_KNOTS('',3,1,((#3221,#3222),(#3223,#3224),(#3225,
#3226),(#3227,#3228),(#3229,#3230)),.UNSPECIFIED.,.F.,.F.,.F.,(4,1,4),(2,
2),(0.,0.0301859326483675,0.060830976420419),(0.,0.00999999999999979),
 .UNSPECIFIED.);
#123=B_SPLINE_SURFACE_WITH_KNOTS('',3,1,((#3247,#3248),(#3249,#3250),(#3251,
#3252),(#3253,#3254),(#3255,#3256)),.UNSPECIFIED.,.F.,.F.,.F.,(4,1,4),(2,
2),(0.,0.0301280658883039,0.0602560899552234),(0.,0.00999999999999979),
 .UNSPECIFIED.);
#124=B_SPLINE_SURFACE_WITH_KNOTS('',3,1,((#3270,#3271),(#3272,#3273),(#3274,
#3275),(#3276,#3277),(#3278,#3279)),.UNSPECIFIED.,.F.,.F.,.F.,(4,1,4),(2,
2),(0.,0.0313597495671194,0.0617666142284718),(0.,0.00999999999999979),
 .UNSPECIFIED.);
#125=B_SPLINE_SURFACE_WITH_KNOTS('',3,1,((#3311,#3312),(#3313,#3314),(#3315,
#3316),(#3317,#3318),(#3319,#3320)),.UNSPECIFIED.,.F.,.F.,.F.,(4,1,4),(2,
2),(0.,0.0146916808727606,0.0292491518337393),(0.,0.00999999999999979),
 .UNSPECIFIED.);
#126=B_SPLINE_SURFACE_WITH_KNOTS('',3,1,((#3334,#3335),(#3336,#3337),(#3338,
#3339),(#3340,#3341),(#3342,#3343)),.UNSPECIFIED.,.F.,.F.,.F.,(4,1,4),(2,
2),(0.,0.0145574709609787,0.0292492010497972),(0.,0.00999999999999979),
 .UNSPECIFIED.);
#127=B_SPLINE_SURFACE_WITH_KNOTS('',3,1,((#3375,#3376),(#3377,#3378),(#3379,
#3380),(#3381,#3382),(#3383,#3384)),.UNSPECIFIED.,.F.,.F.,.F.,(4,1,4),(2,
2),(0.,0.0301859326483675,0.060830976420419),(0.,0.00999999999999979),
 .UNSPECIFIED.);
#128=B_SPLINE_SURFACE_WITH_KNOTS('',3,1,((#3398,#3399),(#3400,#3401),(#3402,
#3403),(#3404,#3405),(#3406,#3407)),.UNSPECIFIED.,.F.,.F.,.F.,(4,1,4),(2,
2),(0.,0.0301280475914591,0.0602560951829181),(0.,0.00999999999999979),
 .UNSPECIFIED.);
#129=B_SPLINE_SURFACE_WITH_KNOTS('',3,1,((#3421,#3422),(#3423,#3424),(#3425,
#3426),(#3427,#3428),(#3429,#3430)),.UNSPECIFIED.,.F.,.F.,.F.,(4,1,4),(2,
2),(0.,0.0306450437720515,0.060830976420419),(0.,0.00999999999999979),
 .UNSPECIFIED.);
#130=STYLED_ITEM('',(#3621),#1940);
#131=STYLED_ITEM('',(#3621),#1952);
#132=STYLED_ITEM('',(#3621),#1968);
#133=STYLED_ITEM('',(#3621),#1991);
#134=STYLED_ITEM('',(#3621),#2014);
#135=STYLED_ITEM('',(#3621),#2019);
#136=STYLED_ITEM('',(#3621),#2028);
#137=STYLED_ITEM('',(#3618),#2029);
#138=STYLED_ITEM('',(#3618),#2030);
#139=STYLED_ITEM('',(#3618),#2044);
#140=STYLED_ITEM('',(#3620),#13);
#141=FACE_OUTER_BOUND('',#250,.T.);
#142=FACE_OUTER_BOUND('',#251,.T.);
#143=FACE_OUTER_BOUND('',#252,.T.);
#144=FACE_OUTER_BOUND('',#253,.T.);
#145=FACE_OUTER_BOUND('',#254,.T.);
#146=FACE_OUTER_BOUND('',#255,.T.);
#147=FACE_OUTER_BOUND('',#256,.T.);
#148=FACE_OUTER_BOUND('',#257,.T.);
#149=FACE_OUTER_BOUND('',#258,.T.);
#150=FACE_OUTER_BOUND('',#259,.T.);
#151=FACE_OUTER_BOUND('',#260,.T.);
#152=FACE_OUTER_BOUND('',#261,.T.);
#153=FACE_OUTER_BOUND('',#262,.T.);
#154=FACE_OUTER_BOUND('',#263,.T.);
#155=FACE_OUTER_BOUND('',#264,.T.);
#156=FACE_OUTER_BOUND('',#265,.T.);
#157=FACE_OUTER_BOUND('',#266,.T.);
#158=FACE_OUTER_BOUND('',#267,.T.);
#159=FACE_OUTER_BOUND('',#268,.T.);
#160=FACE_OUTER_BOUND('',#269,.T.);
#161=FACE_OUTER_BOUND('',#270,.T.);
#162=FACE_OUTER_BOUND('',#271,.T.);
#163=FACE_OUTER_BOUND('',#272,.T.);
#164=FACE_OUTER_BOUND('',#273,.T.);
#165=FACE_OUTER_BOUND('',#274,.T.);
#166=FACE_OUTER_BOUND('',#275,.T.);
#167=FACE_OUTER_BOUND('',#276,.T.);
#168=FACE_OUTER_BOUND('',#277,.T.);
#169=FACE_OUTER_BOUND('',#278,.T.);
#170=FACE_OUTER_BOUND('',#279,.T.);
#171=FACE_OUTER_BOUND('',#280,.T.);
#172=FACE_OUTER_BOUND('',#281,.T.);
#173=FACE_OUTER_BOUND('',#282,.T.);
#174=FACE_OUTER_BOUND('',#283,.T.);
#175=FACE_OUTER_BOUND('',#284,.T.);
#176=FACE_OUTER_BOUND('',#285,.T.);
#177=FACE_OUTER_BOUND('',#286,.T.);
#178=FACE_OUTER_BOUND('',#287,.T.);
#179=FACE_OUTER_BOUND('',#288,.T.);
#180=FACE_OUTER_BOUND('',#289,.T.);
#181=FACE_OUTER_BOUND('',#290,.T.);
#182=FACE_OUTER_BOUND('',#291,.T.);
#183=FACE_OUTER_BOUND('',#292,.T.);
#184=FACE_OUTER_BOUND('',#293,.T.);
#185=FACE_OUTER_BOUND('',#294,.T.);
#186=FACE_OUTER_BOUND('',#295,.T.);
#187=FACE_OUTER_BOUND('',#296,.T.);
#188=FACE_OUTER_BOUND('',#297,.T.);
#189=FACE_OUTER_BOUND('',#298,.T.);
#190=FACE_OUTER_BOUND('',#299,.T.);
#191=FACE_OUTER_BOUND('',#300,.T.);
#192=FACE_OUTER_BOUND('',#301,.T.);
#193=FACE_OUTER_BOUND('',#302,.T.);
#194=FACE_OUTER_BOUND('',#303,.T.);
#195=FACE_OUTER_BOUND('',#304,.T.);
#196=FACE_OUTER_BOUND('',#305,.T.);
#197=FACE_OUTER_BOUND('',#307,.T.);
#198=FACE_OUTER_BOUND('',#308,.T.);
#199=FACE_OUTER_BOUND('',#309,.T.);
#200=FACE_OUTER_BOUND('',#310,.T.);
#201=FACE_OUTER_BOUND('',#311,.T.);
#202=FACE_OUTER_BOUND('',#312,.T.);
#203=FACE_OUTER_BOUND('',#313,.T.);
#204=FACE_OUTER_BOUND('',#314,.T.);
#205=FACE_OUTER_BOUND('',#315,.T.);
#206=FACE_OUTER_BOUND('',#316,.T.);
#207=FACE_OUTER_BOUND('',#317,.T.);
#208=FACE_OUTER_BOUND('',#318,.T.);
#209=FACE_OUTER_BOUND('',#319,.T.);
#210=FACE_OUTER_BOUND('',#320,.T.);
#211=FACE_OUTER_BOUND('',#321,.T.);
#212=FACE_OUTER_BOUND('',#322,.T.);
#213=FACE_OUTER_BOUND('',#323,.T.);
#214=FACE_OUTER_BOUND('',#324,.T.);
#215=FACE_OUTER_BOUND('',#325,.T.);
#216=FACE_OUTER_BOUND('',#326,.T.);
#217=FACE_OUTER_BOUND('',#327,.T.);
#218=FACE_OUTER_BOUND('',#328,.T.);
#219=FACE_OUTER_BOUND('',#329,.T.);
#220=FACE_OUTER_BOUND('',#331,.T.);
#221=FACE_OUTER_BOUND('',#332,.T.);
#222=FACE_OUTER_BOUND('',#333,.T.);
#223=FACE_OUTER_BOUND('',#334,.T.);
#224=FACE_OUTER_BOUND('',#335,.T.);
#225=FACE_OUTER_BOUND('',#336,.T.);
#226=FACE_OUTER_BOUND('',#337,.T.);
#227=FACE_OUTER_BOUND('',#338,.T.);
#228=FACE_OUTER_BOUND('',#339,.T.);
#229=FACE_OUTER_BOUND('',#340,.T.);
#230=FACE_OUTER_BOUND('',#341,.T.);
#231=FACE_OUTER_BOUND('',#342,.T.);
#232=FACE_OUTER_BOUND('',#343,.T.);
#233=FACE_OUTER_BOUND('',#344,.T.);
#234=FACE_OUTER_BOUND('',#345,.T.);
#235=FACE_OUTER_BOUND('',#353,.T.);
#236=FACE_OUTER_BOUND('',#354,.T.);
#237=FACE_OUTER_BOUND('',#355,.T.);
#238=FACE_OUTER_BOUND('',#356,.T.);
#239=FACE_OUTER_BOUND('',#357,.T.);
#240=FACE_OUTER_BOUND('',#358,.T.);
#241=FACE_OUTER_BOUND('',#359,.T.);
#242=FACE_OUTER_BOUND('',#360,.T.);
#243=FACE_OUTER_BOUND('',#361,.T.);
#244=FACE_OUTER_BOUND('',#362,.T.);
#245=FACE_OUTER_BOUND('',#363,.T.);
#246=FACE_OUTER_BOUND('',#364,.T.);
#247=FACE_OUTER_BOUND('',#365,.T.);
#248=FACE_OUTER_BOUND('',#368,.T.);
#249=FACE_OUTER_BOUND('',#369,.T.);
#250=EDGE_LOOP('',(#1286,#1287,#1288,#1289));
#251=EDGE_LOOP('',(#1290,#1291,#1292,#1293));
#252=EDGE_LOOP('',(#1294,#1295,#1296,#1297));
#253=EDGE_LOOP('',(#1298,#1299,#1300,#1301));
#254=EDGE_LOOP('',(#1302,#1303,#1304,#1305));
#255=EDGE_LOOP('',(#1306,#1307,#1308,#1309));
#256=EDGE_LOOP('',(#1310,#1311,#1312,#1313));
#257=EDGE_LOOP('',(#1314,#1315,#1316,#1317));
#258=EDGE_LOOP('',(#1318,#1319,#1320,#1321));
#259=EDGE_LOOP('',(#1322,#1323,#1324,#1325));
#260=EDGE_LOOP('',(#1326,#1327,#1328,#1329));
#261=EDGE_LOOP('',(#1330,#1331,#1332,#1333));
#262=EDGE_LOOP('',(#1334,#1335,#1336,#1337));
#263=EDGE_LOOP('',(#1338,#1339,#1340,#1341));
#264=EDGE_LOOP('',(#1342,#1343,#1344,#1345));
#265=EDGE_LOOP('',(#1346,#1347,#1348,#1349));
#266=EDGE_LOOP('',(#1350,#1351,#1352,#1353,#1354,#1355,#1356,#1357,#1358,
#1359,#1360));
#267=EDGE_LOOP('',(#1361,#1362,#1363,#1364));
#268=EDGE_LOOP('',(#1365,#1366,#1367,#1368));
#269=EDGE_LOOP('',(#1369,#1370,#1371,#1372));
#270=EDGE_LOOP('',(#1373,#1374,#1375,#1376));
#271=EDGE_LOOP('',(#1377,#1378,#1379,#1380));
#272=EDGE_LOOP('',(#1381,#1382,#1383,#1384));
#273=EDGE_LOOP('',(#1385,#1386,#1387,#1388));
#274=EDGE_LOOP('',(#1389,#1390,#1391,#1392));
#275=EDGE_LOOP('',(#1393,#1394,#1395,#1396));
#276=EDGE_LOOP('',(#1397,#1398,#1399,#1400));
#277=EDGE_LOOP('',(#1401,#1402,#1403,#1404));
#278=EDGE_LOOP('',(#1405,#1406,#1407,#1408));
#279=EDGE_LOOP('',(#1409,#1410,#1411,#1412));
#280=EDGE_LOOP('',(#1413,#1414,#1415,#1416));
#281=EDGE_LOOP('',(#1417,#1418,#1419,#1420));
#282=EDGE_LOOP('',(#1421,#1422,#1423,#1424,#1425,#1426,#1427,#1428,#1429,
#1430,#1431,#1432,#1433,#1434,#1435));
#283=EDGE_LOOP('',(#1436,#1437,#1438,#1439));
#284=EDGE_LOOP('',(#1440,#1441,#1442,#1443));
#285=EDGE_LOOP('',(#1444,#1445,#1446,#1447));
#286=EDGE_LOOP('',(#1448,#1449,#1450,#1451));
#287=EDGE_LOOP('',(#1452,#1453,#1454,#1455));
#288=EDGE_LOOP('',(#1456,#1457,#1458,#1459));
#289=EDGE_LOOP('',(#1460,#1461,#1462,#1463));
#290=EDGE_LOOP('',(#1464,#1465,#1466,#1467));
#291=EDGE_LOOP('',(#1468,#1469,#1470,#1471));
#292=EDGE_LOOP('',(#1472,#1473,#1474,#1475));
#293=EDGE_LOOP('',(#1476,#1477,#1478,#1479));
#294=EDGE_LOOP('',(#1480,#1481,#1482,#1483));
#295=EDGE_LOOP('',(#1484,#1485,#1486,#1487));
#296=EDGE_LOOP('',(#1488,#1489,#1490,#1491));
#297=EDGE_LOOP('',(#1492,#1493,#1494,#1495));
#298=EDGE_LOOP('',(#1496,#1497,#1498,#1499));
#299=EDGE_LOOP('',(#1500,#1501,#1502,#1503));
#300=EDGE_LOOP('',(#1504,#1505,#1506,#1507));
#301=EDGE_LOOP('',(#1508,#1509,#1510,#1511));
#302=EDGE_LOOP('',(#1512,#1513,#1514,#1515));
#303=EDGE_LOOP('',(#1516,#1517,#1518,#1519));
#304=EDGE_LOOP('',(#1520,#1521,#1522,#1523));
#305=EDGE_LOOP('',(#1524,#1525,#1526,#1527,#1528,#1529,#1530,#1531,#1532,
#1533,#1534,#1535,#1536,#1537,#1538,#1539));
#306=EDGE_LOOP('',(#1540,#1541,#1542,#1543,#1544,#1545));
#307=EDGE_LOOP('',(#1546,#1547,#1548,#1549));
#308=EDGE_LOOP('',(#1550,#1551,#1552,#1553));
#309=EDGE_LOOP('',(#1554,#1555,#1556,#1557));
#310=EDGE_LOOP('',(#1558,#1559,#1560,#1561));
#311=EDGE_LOOP('',(#1562,#1563,#1564,#1565));
#312=EDGE_LOOP('',(#1566,#1567,#1568,#1569));
#313=EDGE_LOOP('',(#1570,#1571,#1572,#1573));
#314=EDGE_LOOP('',(#1574,#1575,#1576,#1577));
#315=EDGE_LOOP('',(#1578,#1579,#1580,#1581));
#316=EDGE_LOOP('',(#1582,#1583,#1584,#1585));
#317=EDGE_LOOP('',(#1586,#1587,#1588,#1589));
#318=EDGE_LOOP('',(#1590,#1591,#1592,#1593));
#319=EDGE_LOOP('',(#1594,#1595,#1596,#1597));
#320=EDGE_LOOP('',(#1598,#1599,#1600,#1601));
#321=EDGE_LOOP('',(#1602,#1603,#1604,#1605));
#322=EDGE_LOOP('',(#1606,#1607,#1608,#1609));
#323=EDGE_LOOP('',(#1610,#1611,#1612,#1613));
#324=EDGE_LOOP('',(#1614,#1615,#1616,#1617));
#325=EDGE_LOOP('',(#1618,#1619,#1620,#1621));
#326=EDGE_LOOP('',(#1622,#1623,#1624,#1625));
#327=EDGE_LOOP('',(#1626,#1627,#1628,#1629));
#328=EDGE_LOOP('',(#1630,#1631,#1632,#1633));
#329=EDGE_LOOP('',(#1634,#1635,#1636,#1637,#1638,#1639,#1640,#1641,#1642,
#1643,#1644,#1645,#1646,#1647,#1648,#1649));
#330=EDGE_LOOP('',(#1650,#1651,#1652,#1653,#1654,#1655));
#331=EDGE_LOOP('',(#1656,#1657,#1658,#1659));
#332=EDGE_LOOP('',(#1660,#1661,#1662,#1663));
#333=EDGE_LOOP('',(#1664,#1665,#1666,#1667));
#334=EDGE_LOOP('',(#1668,#1669,#1670,#1671));
#335=EDGE_LOOP('',(#1672,#1673,#1674,#1675));
#336=EDGE_LOOP('',(#1676,#1677,#1678,#1679));
#337=EDGE_LOOP('',(#1680,#1681,#1682,#1683));
#338=EDGE_LOOP('',(#1684,#1685,#1686,#1687));
#339=EDGE_LOOP('',(#1688,#1689,#1690,#1691));
#340=EDGE_LOOP('',(#1692,#1693,#1694,#1695));
#341=EDGE_LOOP('',(#1696,#1697,#1698,#1699));
#342=EDGE_LOOP('',(#1700,#1701,#1702,#1703));
#343=EDGE_LOOP('',(#1704,#1705,#1706,#1707));
#344=EDGE_LOOP('',(#1708,#1709,#1710,#1711,#1712,#1713,#1714,#1715));
#345=EDGE_LOOP('',(#1716,#1717,#1718,#1719,#1720,#1721,#1722,#1723));
#346=EDGE_LOOP('',(#1724,#1725,#1726,#1727));
#347=EDGE_LOOP('',(#1728,#1729,#1730,#1731,#1732,#1733,#1734,#1735,#1736,
#1737,#1738));
#348=EDGE_LOOP('',(#1739,#1740,#1741,#1742,#1743,#1744,#1745,#1746,#1747,
#1748,#1749,#1750,#1751,#1752,#1753));
#349=EDGE_LOOP('',(#1754,#1755,#1756,#1757,#1758,#1759,#1760,#1761,#1762,
#1763,#1764,#1765,#1766,#1767,#1768,#1769));
#350=EDGE_LOOP('',(#1770,#1771,#1772,#1773,#1774,#1775,#1776,#1777,#1778,
#1779,#1780,#1781,#1782,#1783,#1784,#1785));
#351=EDGE_LOOP('',(#1786,#1787,#1788,#1789));
#352=EDGE_LOOP('',(#1790,#1791,#1792,#1793,#1794,#1795,#1796,#1797));
#353=EDGE_LOOP('',(#1798,#1799,#1800,#1801,#1802,#1803));
#354=EDGE_LOOP('',(#1804));
#355=EDGE_LOOP('',(#1805,#1806,#1807,#1808));
#356=EDGE_LOOP('',(#1809));
#357=EDGE_LOOP('',(#1810,#1811,#1812,#1813));
#358=EDGE_LOOP('',(#1814,#1815,#1816,#1817));
#359=EDGE_LOOP('',(#1818,#1819,#1820,#1821));
#360=EDGE_LOOP('',(#1822,#1823,#1824,#1825));
#361=EDGE_LOOP('',(#1826,#1827,#1828,#1829));
#362=EDGE_LOOP('',(#1830,#1831,#1832,#1833));
#363=EDGE_LOOP('',(#1834,#1835,#1836,#1837));
#364=EDGE_LOOP('',(#1838,#1839,#1840,#1841));
#365=EDGE_LOOP('',(#1842,#1843,#1844,#1845,#1846,#1847,#1848,#1849));
#366=EDGE_LOOP('',(#1850));
#367=EDGE_LOOP('',(#1851));
#368=EDGE_LOOP('',(#1852,#1853,#1854,#1855));
#369=EDGE_LOOP('',(#1856,#1857,#1858,#1859,#1860,#1861));
#370=LINE('',#2583,#588);
#371=LINE('',#2585,#589);
#372=LINE('',#2587,#590);
#373=LINE('',#2588,#591);
#374=LINE('',#2591,#592);
#375=LINE('',#2593,#593);
#376=LINE('',#2594,#594);
#377=LINE('',#2597,#595);
#378=LINE('',#2599,#596);
#379=LINE('',#2600,#597);
#380=LINE('',#2602,#598);
#381=LINE('',#2603,#599);
#382=LINE('',#2608,#600);
#383=LINE('',#2610,#601);
#384=LINE('',#2612,#602);
#385=LINE('',#2613,#603);
#386=LINE('',#2631,#604);
#387=LINE('',#2654,#605);
#388=LINE('',#2662,#606);
#389=LINE('',#2664,#607);
#390=LINE('',#2665,#608);
#391=LINE('',#2668,#609);
#392=LINE('',#2670,#610);
#393=LINE('',#2671,#611);
#394=LINE('',#2674,#612);
#395=LINE('',#2676,#613);
#396=LINE('',#2677,#614);
#397=LINE('',#2695,#615);
#398=LINE('',#2718,#616);
#399=LINE('',#2741,#617);
#400=LINE('',#2749,#618);
#401=LINE('',#2751,#619);
#402=LINE('',#2752,#620);
#403=LINE('',#2754,#621);
#404=LINE('',#2755,#622);
#405=LINE('',#2760,#623);
#406=LINE('',#2762,#624);
#407=LINE('',#2764,#625);
#408=LINE('',#2765,#626);
#409=LINE('',#2768,#627);
#410=LINE('',#2770,#628);
#411=LINE('',#2771,#629);
#412=LINE('',#2774,#630);
#413=LINE('',#2776,#631);
#414=LINE('',#2777,#632);
#415=LINE('',#2780,#633);
#416=LINE('',#2782,#634);
#417=LINE('',#2783,#635);
#418=LINE('',#2786,#636);
#419=LINE('',#2788,#637);
#420=LINE('',#2789,#638);
#421=LINE('',#2792,#639);
#422=LINE('',#2794,#640);
#423=LINE('',#2795,#641);
#424=LINE('',#2798,#642);
#425=LINE('',#2800,#643);
#426=LINE('',#2801,#644);
#427=LINE('',#2804,#645);
#428=LINE('',#2806,#646);
#429=LINE('',#2807,#647);
#430=LINE('',#2810,#648);
#431=LINE('',#2812,#649);
#432=LINE('',#2813,#650);
#433=LINE('',#2816,#651);
#434=LINE('',#2818,#652);
#435=LINE('',#2819,#653);
#436=LINE('',#2822,#654);
#437=LINE('',#2824,#655);
#438=LINE('',#2825,#656);
#439=LINE('',#2828,#657);
#440=LINE('',#2830,#658);
#441=LINE('',#2831,#659);
#442=LINE('',#2834,#660);
#443=LINE('',#2836,#661);
#444=LINE('',#2837,#662);
#445=LINE('',#2840,#663);
#446=LINE('',#2842,#664);
#447=LINE('',#2843,#665);
#448=LINE('',#2845,#666);
#449=LINE('',#2846,#667);
#450=LINE('',#2851,#668);
#451=LINE('',#2853,#669);
#452=LINE('',#2855,#670);
#453=LINE('',#2856,#671);
#454=LINE('',#2859,#672);
#455=LINE('',#2861,#673);
#456=LINE('',#2862,#674);
#457=LINE('',#2865,#675);
#458=LINE('',#2867,#676);
#459=LINE('',#2868,#677);
#460=LINE('',#2871,#678);
#461=LINE('',#2873,#679);
#462=LINE('',#2874,#680);
#463=LINE('',#2892,#681);
#464=LINE('',#2936,#682);
#465=LINE('',#2943,#683);
#466=LINE('',#2961,#684);
#467=LINE('',#2984,#685);
#468=LINE('',#2992,#686);
#469=LINE('',#2994,#687);
#470=LINE('',#2995,#688);
#471=LINE('',#2998,#689);
#472=LINE('',#3000,#690);
#473=LINE('',#3001,#691);
#474=LINE('',#3004,#692);
#475=LINE('',#3006,#693);
#476=LINE('',#3007,#694);
#477=LINE('',#3025,#695);
#478=LINE('',#3048,#696);
#479=LINE('',#3056,#697);
#480=LINE('',#3058,#698);
#481=LINE('',#3059,#699);
#482=LINE('',#3062,#700);
#483=LINE('',#3064,#701);
#484=LINE('',#3065,#702);
#485=LINE('',#3068,#703);
#486=LINE('',#3070,#704);
#487=LINE('',#3071,#705);
#488=LINE('',#3089,#706);
#489=LINE('',#3112,#707);
#490=LINE('',#3135,#708);
#491=LINE('',#3143,#709);
#492=LINE('',#3145,#710);
#493=LINE('',#3146,#711);
#494=LINE('',#3148,#712);
#495=LINE('',#3149,#713);
#496=LINE('',#3154,#714);
#497=LINE('',#3156,#715);
#498=LINE('',#3158,#716);
#499=LINE('',#3159,#717);
#500=LINE('',#3162,#718);
#501=LINE('',#3164,#719);
#502=LINE('',#3165,#720);
#503=LINE('',#3168,#721);
#504=LINE('',#3170,#722);
#505=LINE('',#3171,#723);
#506=LINE('',#3174,#724);
#507=LINE('',#3176,#725);
#508=LINE('',#3177,#726);
#509=LINE('',#3195,#727);
#510=LINE('',#3239,#728);
#511=LINE('',#3246,#729);
#512=LINE('',#3264,#730);
#513=LINE('',#3287,#731);
#514=LINE('',#3295,#732);
#515=LINE('',#3297,#733);
#516=LINE('',#3298,#734);
#517=LINE('',#3301,#735);
#518=LINE('',#3303,#736);
#519=LINE('',#3304,#737);
#520=LINE('',#3307,#738);
#521=LINE('',#3309,#739);
#522=LINE('',#3310,#740);
#523=LINE('',#3328,#741);
#524=LINE('',#3351,#742);
#525=LINE('',#3359,#743);
#526=LINE('',#3361,#744);
#527=LINE('',#3362,#745);
#528=LINE('',#3365,#746);
#529=LINE('',#3367,#747);
#530=LINE('',#3368,#748);
#531=LINE('',#3371,#749);
#532=LINE('',#3373,#750);
#533=LINE('',#3374,#751);
#534=LINE('',#3392,#752);
#535=LINE('',#3415,#753);
#536=LINE('',#3438,#754);
#537=LINE('',#3446,#755);
#538=LINE('',#3448,#756);
#539=LINE('',#3449,#757);
#540=LINE('',#3451,#758);
#541=LINE('',#3452,#759);
#542=LINE('',#3457,#760);
#543=LINE('',#3459,#761);
#544=LINE('',#3461,#762);
#545=LINE('',#3462,#763);
#546=LINE('',#3465,#764);
#547=LINE('',#3467,#765);
#548=LINE('',#3468,#766);
#549=LINE('',#3471,#767);
#550=LINE('',#3473,#768);
#551=LINE('',#3474,#769);
#552=LINE('',#3476,#770);
#553=LINE('',#3477,#771);
#554=LINE('',#3484,#772);
#555=LINE('',#3487,#773);
#556=LINE('',#3490,#774);
#557=LINE('',#3492,#775);
#558=LINE('',#3493,#776);
#559=LINE('',#3498,#777);
#560=LINE('',#3502,#778);
#561=LINE('',#3504,#779);
#562=LINE('',#3505,#780);
#563=LINE('',#3510,#781);
#564=LINE('',#3514,#782);
#565=LINE('',#3516,#783);
#566=LINE('',#3517,#784);
#567=LINE('',#3522,#785);
#568=LINE('',#3525,#786);
#569=LINE('',#3526,#787);
#570=LINE('',#3533,#788);
#571=LINE('',#3537,#789);
#572=LINE('',#3541,#790);
#573=LINE('',#3544,#791);
#574=LINE('',#3551,#792);
#575=LINE('',#3558,#793);
#576=LINE('',#3562,#794);
#577=LINE('',#3565,#795);
#578=LINE('',#3568,#796);
#579=LINE('',#3571,#797);
#580=LINE('',#3574,#798);
#581=LINE('',#3575,#799);
#582=LINE('',#3578,#800);
#583=LINE('',#3582,#801);
#584=LINE('',#3583,#802);
#585=LINE('',#3586,#803);
#586=LINE('',#3589,#804);
#587=LINE('',#3591,#805);
#588=VECTOR('',#2155,10.);
#589=VECTOR('',#2156,10.);
#590=VECTOR('',#2157,10.);
#591=VECTOR('',#2158,10.);
#592=VECTOR('',#2161,10.);
#593=VECTOR('',#2162,10.);
#594=VECTOR('',#2163,10.);
#595=VECTOR('',#2166,10.);
#596=VECTOR('',#2167,10.);
#597=VECTOR('',#2168,10.);
#598=VECTOR('',#2171,10.);
#599=VECTOR('',#2172,10.);
#600=VECTOR('',#2177,10.);
#601=VECTOR('',#2178,10.);
#602=VECTOR('',#2179,10.);
#603=VECTOR('',#2180,10.);
#604=VECTOR('',#2181,10.);
#605=VECTOR('',#2182,10.);
#606=VECTOR('',#2185,10.);
#607=VECTOR('',#2186,10.);
#608=VECTOR('',#2187,10.);
#609=VECTOR('',#2190,10.);
#610=VECTOR('',#2191,10.);
#611=VECTOR('',#2192,10.);
#612=VECTOR('',#2195,10.);
#613=VECTOR('',#2196,10.);
#614=VECTOR('',#2197,10.);
#615=VECTOR('',#2198,10.);
#616=VECTOR('',#2199,10.);
#617=VECTOR('',#2200,10.);
#618=VECTOR('',#2203,10.);
#619=VECTOR('',#2204,10.);
#620=VECTOR('',#2205,10.);
#621=VECTOR('',#2208,10.);
#622=VECTOR('',#2209,10.);
#623=VECTOR('',#2214,10.);
#624=VECTOR('',#2215,10.);
#625=VECTOR('',#2216,10.);
#626=VECTOR('',#2217,10.);
#627=VECTOR('',#2220,10.);
#628=VECTOR('',#2221,10.);
#629=VECTOR('',#2222,10.);
#630=VECTOR('',#2225,10.);
#631=VECTOR('',#2226,10.);
#632=VECTOR('',#2227,10.);
#633=VECTOR('',#2230,10.);
#634=VECTOR('',#2231,10.);
#635=VECTOR('',#2232,10.);
#636=VECTOR('',#2235,10.);
#637=VECTOR('',#2236,10.);
#638=VECTOR('',#2237,10.);
#639=VECTOR('',#2240,10.);
#640=VECTOR('',#2241,10.);
#641=VECTOR('',#2242,10.);
#642=VECTOR('',#2245,10.);
#643=VECTOR('',#2246,10.);
#644=VECTOR('',#2247,10.);
#645=VECTOR('',#2250,10.);
#646=VECTOR('',#2251,10.);
#647=VECTOR('',#2252,10.);
#648=VECTOR('',#2255,10.);
#649=VECTOR('',#2256,10.);
#650=VECTOR('',#2257,10.);
#651=VECTOR('',#2260,10.);
#652=VECTOR('',#2261,10.);
#653=VECTOR('',#2262,10.);
#654=VECTOR('',#2265,10.);
#655=VECTOR('',#2266,10.);
#656=VECTOR('',#2267,10.);
#657=VECTOR('',#2270,10.);
#658=VECTOR('',#2271,10.);
#659=VECTOR('',#2272,10.);
#660=VECTOR('',#2275,10.);
#661=VECTOR('',#2276,10.);
#662=VECTOR('',#2277,10.);
#663=VECTOR('',#2280,10.);
#664=VECTOR('',#2281,10.);
#665=VECTOR('',#2282,10.);
#666=VECTOR('',#2285,10.);
#667=VECTOR('',#2286,10.);
#668=VECTOR('',#2291,10.);
#669=VECTOR('',#2292,10.);
#670=VECTOR('',#2293,10.);
#671=VECTOR('',#2294,10.);
#672=VECTOR('',#2297,10.);
#673=VECTOR('',#2298,10.);
#674=VECTOR('',#2299,10.);
#675=VECTOR('',#2302,10.);
#676=VECTOR('',#2303,10.);
#677=VECTOR('',#2304,10.);
#678=VECTOR('',#2307,10.);
#679=VECTOR('',#2308,10.);
#680=VECTOR('',#2309,10.);
#681=VECTOR('',#2310,10.);
#682=VECTOR('',#2311,10.);
#683=VECTOR('',#2312,10.);
#684=VECTOR('',#2313,10.);
#685=VECTOR('',#2314,10.);
#686=VECTOR('',#2317,10.);
#687=VECTOR('',#2318,10.);
#688=VECTOR('',#2319,10.);
#689=VECTOR('',#2322,10.);
#690=VECTOR('',#2323,10.);
#691=VECTOR('',#2324,10.);
#692=VECTOR('',#2327,10.);
#693=VECTOR('',#2328,10.);
#694=VECTOR('',#2329,10.);
#695=VECTOR('',#2330,10.);
#696=VECTOR('',#2331,10.);
#697=VECTOR('',#2334,10.);
#698=VECTOR('',#2335,10.);
#699=VECTOR('',#2336,10.);
#700=VECTOR('',#2339,10.);
#701=VECTOR('',#2340,10.);
#702=VECTOR('',#2341,10.);
#703=VECTOR('',#2344,10.);
#704=VECTOR('',#2345,10.);
#705=VECTOR('',#2346,10.);
#706=VECTOR('',#2347,10.);
#707=VECTOR('',#2348,10.);
#708=VECTOR('',#2349,10.);
#709=VECTOR('',#2352,10.);
#710=VECTOR('',#2353,10.);
#711=VECTOR('',#2354,10.);
#712=VECTOR('',#2357,10.);
#713=VECTOR('',#2358,10.);
#714=VECTOR('',#2363,10.);
#715=VECTOR('',#2364,10.);
#716=VECTOR('',#2365,10.);
#717=VECTOR('',#2366,10.);
#718=VECTOR('',#2369,10.);
#719=VECTOR('',#2370,10.);
#720=VECTOR('',#2371,10.);
#721=VECTOR('',#2374,10.);
#722=VECTOR('',#2375,10.);
#723=VECTOR('',#2376,10.);
#724=VECTOR('',#2379,10.);
#725=VECTOR('',#2380,10.);
#726=VECTOR('',#2381,10.);
#727=VECTOR('',#2382,10.);
#728=VECTOR('',#2383,10.);
#729=VECTOR('',#2384,10.);
#730=VECTOR('',#2385,10.);
#731=VECTOR('',#2386,10.);
#732=VECTOR('',#2389,10.);
#733=VECTOR('',#2390,10.);
#734=VECTOR('',#2391,10.);
#735=VECTOR('',#2394,10.);
#736=VECTOR('',#2395,10.);
#737=VECTOR('',#2396,10.);
#738=VECTOR('',#2399,10.);
#739=VECTOR('',#2400,10.);
#740=VECTOR('',#2401,10.);
#741=VECTOR('',#2402,10.);
#742=VECTOR('',#2403,10.);
#743=VECTOR('',#2406,10.);
#744=VECTOR('',#2407,10.);
#745=VECTOR('',#2408,10.);
#746=VECTOR('',#2411,10.);
#747=VECTOR('',#2412,10.);
#748=VECTOR('',#2413,10.);
#749=VECTOR('',#2416,10.);
#750=VECTOR('',#2417,10.);
#751=VECTOR('',#2418,10.);
#752=VECTOR('',#2419,10.);
#753=VECTOR('',#2420,10.);
#754=VECTOR('',#2421,10.);
#755=VECTOR('',#2424,10.);
#756=VECTOR('',#2425,10.);
#757=VECTOR('',#2426,10.);
#758=VECTOR('',#2429,10.);
#759=VECTOR('',#2430,10.);
#760=VECTOR('',#2435,10.);
#761=VECTOR('',#2436,10.);
#762=VECTOR('',#2437,10.);
#763=VECTOR('',#2438,10.);
#764=VECTOR('',#2441,10.);
#765=VECTOR('',#2442,10.);
#766=VECTOR('',#2443,10.);
#767=VECTOR('',#2446,10.);
#768=VECTOR('',#2447,10.);
#769=VECTOR('',#2448,10.);
#770=VECTOR('',#2451,10.);
#771=VECTOR('',#2452,10.);
#772=VECTOR('',#2459,10.);
#773=VECTOR('',#2462,10.);
#774=VECTOR('',#2465,10.);
#775=VECTOR('',#2466,10.);
#776=VECTOR('',#2467,10.);
#777=VECTOR('',#2472,10.);
#778=VECTOR('',#2477,10.);
#779=VECTOR('',#2478,10.);
#780=VECTOR('',#2479,10.);
#781=VECTOR('',#2484,10.);
#782=VECTOR('',#2489,10.);
#783=VECTOR('',#2490,10.);
#784=VECTOR('',#2491,10.);
#785=VECTOR('',#2496,10.);
#786=VECTOR('',#2501,10.);
#787=VECTOR('',#2502,10.);
#788=VECTOR('',#2509,10.);
#789=VECTOR('',#2512,10.);
#790=VECTOR('',#2515,10.);
#791=VECTOR('',#2518,10.);
#792=VECTOR('',#2527,2.54999999999999);
#793=VECTOR('',#2536,2.55000000000001);
#794=VECTOR('',#2541,10.);
#795=VECTOR('',#2544,10.);
#796=VECTOR('',#2547,10.);
#797=VECTOR('',#2550,10.);
#798=VECTOR('',#2553,10.);
#799=VECTOR('',#2554,10.);
#800=VECTOR('',#2557,10.);
#801=VECTOR('',#2562,10.);
#802=VECTOR('',#2563,10.);
#803=VECTOR('',#2566,10.);
#804=VECTOR('',#2571,10.);
#805=VECTOR('',#2574,10.);
#806=VERTEX_POINT('',#2581);
#807=VERTEX_POINT('',#2582);
#808=VERTEX_POINT('',#2584);
#809=VERTEX_POINT('',#2586);
#810=VERTEX_POINT('',#2590);
#811=VERTEX_POINT('',#2592);
#812=VERTEX_POINT('',#2596);
#813=VERTEX_POINT('',#2598);
#814=VERTEX_POINT('',#2606);
#815=VERTEX_POINT('',#2607);
#816=VERTEX_POINT('',#2609);
#817=VERTEX_POINT('',#2611);
#818=VERTEX_POINT('',#2624);
#819=VERTEX_POINT('',#2630);
#820=VERTEX_POINT('',#2647);
#821=VERTEX_POINT('',#2653);
#822=VERTEX_POINT('',#2661);
#823=VERTEX_POINT('',#2663);
#824=VERTEX_POINT('',#2667);
#825=VERTEX_POINT('',#2669);
#826=VERTEX_POINT('',#2673);
#827=VERTEX_POINT('',#2675);
#828=VERTEX_POINT('',#2688);
#829=VERTEX_POINT('',#2694);
#830=VERTEX_POINT('',#2711);
#831=VERTEX_POINT('',#2717);
#832=VERTEX_POINT('',#2734);
#833=VERTEX_POINT('',#2740);
#834=VERTEX_POINT('',#2748);
#835=VERTEX_POINT('',#2750);
#836=VERTEX_POINT('',#2758);
#837=VERTEX_POINT('',#2759);
#838=VERTEX_POINT('',#2761);
#839=VERTEX_POINT('',#2763);
#840=VERTEX_POINT('',#2767);
#841=VERTEX_POINT('',#2769);
#842=VERTEX_POINT('',#2773);
#843=VERTEX_POINT('',#2775);
#844=VERTEX_POINT('',#2779);
#845=VERTEX_POINT('',#2781);
#846=VERTEX_POINT('',#2785);
#847=VERTEX_POINT('',#2787);
#848=VERTEX_POINT('',#2791);
#849=VERTEX_POINT('',#2793);
#850=VERTEX_POINT('',#2797);
#851=VERTEX_POINT('',#2799);
#852=VERTEX_POINT('',#2803);
#853=VERTEX_POINT('',#2805);
#854=VERTEX_POINT('',#2809);
#855=VERTEX_POINT('',#2811);
#856=VERTEX_POINT('',#2815);
#857=VERTEX_POINT('',#2817);
#858=VERTEX_POINT('',#2821);
#859=VERTEX_POINT('',#2823);
#860=VERTEX_POINT('',#2827);
#861=VERTEX_POINT('',#2829);
#862=VERTEX_POINT('',#2833);
#863=VERTEX_POINT('',#2835);
#864=VERTEX_POINT('',#2839);
#865=VERTEX_POINT('',#2841);
#866=VERTEX_POINT('',#2849);
#867=VERTEX_POINT('',#2850);
#868=VERTEX_POINT('',#2852);
#869=VERTEX_POINT('',#2854);
#870=VERTEX_POINT('',#2858);
#871=VERTEX_POINT('',#2860);
#872=VERTEX_POINT('',#2864);
#873=VERTEX_POINT('',#2866);
#874=VERTEX_POINT('',#2870);
#875=VERTEX_POINT('',#2872);
#876=VERTEX_POINT('',#2885);
#877=VERTEX_POINT('',#2891);
#878=VERTEX_POINT('',#2928);
#879=VERTEX_POINT('',#2929);
#880=VERTEX_POINT('',#2935);
#881=VERTEX_POINT('',#2937);
#882=VERTEX_POINT('',#2954);
#883=VERTEX_POINT('',#2960);
#884=VERTEX_POINT('',#2977);
#885=VERTEX_POINT('',#2983);
#886=VERTEX_POINT('',#2991);
#887=VERTEX_POINT('',#2993);
#888=VERTEX_POINT('',#2997);
#889=VERTEX_POINT('',#2999);
#890=VERTEX_POINT('',#3003);
#891=VERTEX_POINT('',#3005);
#892=VERTEX_POINT('',#3018);
#893=VERTEX_POINT('',#3024);
#894=VERTEX_POINT('',#3041);
#895=VERTEX_POINT('',#3047);
#896=VERTEX_POINT('',#3055);
#897=VERTEX_POINT('',#3057);
#898=VERTEX_POINT('',#3061);
#899=VERTEX_POINT('',#3063);
#900=VERTEX_POINT('',#3067);
#901=VERTEX_POINT('',#3069);
#902=VERTEX_POINT('',#3082);
#903=VERTEX_POINT('',#3088);
#904=VERTEX_POINT('',#3105);
#905=VERTEX_POINT('',#3111);
#906=VERTEX_POINT('',#3128);
#907=VERTEX_POINT('',#3134);
#908=VERTEX_POINT('',#3142);
#909=VERTEX_POINT('',#3144);
#910=VERTEX_POINT('',#3152);
#911=VERTEX_POINT('',#3153);
#912=VERTEX_POINT('',#3155);
#913=VERTEX_POINT('',#3157);
#914=VERTEX_POINT('',#3161);
#915=VERTEX_POINT('',#3163);
#916=VERTEX_POINT('',#3167);
#917=VERTEX_POINT('',#3169);
#918=VERTEX_POINT('',#3173);
#919=VERTEX_POINT('',#3175);
#920=VERTEX_POINT('',#3188);
#921=VERTEX_POINT('',#3194);
#922=VERTEX_POINT('',#3231);
#923=VERTEX_POINT('',#3232);
#924=VERTEX_POINT('',#3238);
#925=VERTEX_POINT('',#3240);
#926=VERTEX_POINT('',#3257);
#927=VERTEX_POINT('',#3263);
#928=VERTEX_POINT('',#3280);
#929=VERTEX_POINT('',#3286);
#930=VERTEX_POINT('',#3294);
#931=VERTEX_POINT('',#3296);
#932=VERTEX_POINT('',#3300);
#933=VERTEX_POINT('',#3302);
#934=VERTEX_POINT('',#3306);
#935=VERTEX_POINT('',#3308);
#936=VERTEX_POINT('',#3321);
#937=VERTEX_POINT('',#3327);
#938=VERTEX_POINT('',#3344);
#939=VERTEX_POINT('',#3350);
#940=VERTEX_POINT('',#3358);
#941=VERTEX_POINT('',#3360);
#942=VERTEX_POINT('',#3364);
#943=VERTEX_POINT('',#3366);
#944=VERTEX_POINT('',#3370);
#945=VERTEX_POINT('',#3372);
#946=VERTEX_POINT('',#3385);
#947=VERTEX_POINT('',#3391);
#948=VERTEX_POINT('',#3408);
#949=VERTEX_POINT('',#3414);
#950=VERTEX_POINT('',#3431);
#951=VERTEX_POINT('',#3437);
#952=VERTEX_POINT('',#3445);
#953=VERTEX_POINT('',#3447);
#954=VERTEX_POINT('',#3455);
#955=VERTEX_POINT('',#3456);
#956=VERTEX_POINT('',#3458);
#957=VERTEX_POINT('',#3460);
#958=VERTEX_POINT('',#3464);
#959=VERTEX_POINT('',#3466);
#960=VERTEX_POINT('',#3470);
#961=VERTEX_POINT('',#3472);
#962=VERTEX_POINT('',#3480);
#963=VERTEX_POINT('',#3481);
#964=VERTEX_POINT('',#3483);
#965=VERTEX_POINT('',#3485);
#966=VERTEX_POINT('',#3489);
#967=VERTEX_POINT('',#3491);
#968=VERTEX_POINT('',#3495);
#969=VERTEX_POINT('',#3497);
#970=VERTEX_POINT('',#3501);
#971=VERTEX_POINT('',#3503);
#972=VERTEX_POINT('',#3507);
#973=VERTEX_POINT('',#3509);
#974=VERTEX_POINT('',#3513);
#975=VERTEX_POINT('',#3515);
#976=VERTEX_POINT('',#3519);
#977=VERTEX_POINT('',#3521);
#978=VERTEX_POINT('',#3529);
#979=VERTEX_POINT('',#3530);
#980=VERTEX_POINT('',#3532);
#981=VERTEX_POINT('',#3534);
#982=VERTEX_POINT('',#3536);
#983=VERTEX_POINT('',#3538);
#984=VERTEX_POINT('',#3540);
#985=VERTEX_POINT('',#3542);
#986=VERTEX_POINT('',#3547);
#987=VERTEX_POINT('',#3550);
#988=VERTEX_POINT('',#3554);
#989=VERTEX_POINT('',#3557);
#990=VERTEX_POINT('',#3561);
#991=VERTEX_POINT('',#3563);
#992=VERTEX_POINT('',#3567);
#993=VERTEX_POINT('',#3569);
#994=VERTEX_POINT('',#3573);
#995=VERTEX_POINT('',#3577);
#996=VERTEX_POINT('',#3581);
#997=VERTEX_POINT('',#3585);
#998=EDGE_CURVE('',#806,#807,#370,.T.);
#999=EDGE_CURVE('',#806,#808,#371,.T.);
#1000=EDGE_CURVE('',#808,#809,#372,.T.);
#1001=EDGE_CURVE('',#807,#809,#373,.T.);
#1002=EDGE_CURVE('',#810,#806,#374,.T.);
#1003=EDGE_CURVE('',#810,#811,#375,.T.);
#1004=EDGE_CURVE('',#811,#808,#376,.T.);
#1005=EDGE_CURVE('',#812,#810,#377,.T.);
#1006=EDGE_CURVE('',#812,#813,#378,.T.);
#1007=EDGE_CURVE('',#813,#811,#379,.T.);
#1008=EDGE_CURVE('',#807,#812,#380,.T.);
#1009=EDGE_CURVE('',#809,#813,#381,.T.);
#1010=EDGE_CURVE('',#814,#815,#382,.T.);
#1011=EDGE_CURVE('',#814,#816,#383,.T.);
#1012=EDGE_CURVE('',#816,#817,#384,.T.);
#1013=EDGE_CURVE('',#815,#817,#385,.T.);
#1014=EDGE_CURVE('',#818,#814,#55,.T.);
#1015=EDGE_CURVE('',#818,#819,#386,.T.);
#1016=EDGE_CURVE('',#819,#816,#56,.T.);
#1017=EDGE_CURVE('',#820,#818,#57,.T.);
#1018=EDGE_CURVE('',#820,#821,#387,.T.);
#1019=EDGE_CURVE('',#821,#819,#58,.T.);
#1020=EDGE_CURVE('',#822,#820,#388,.T.);
#1021=EDGE_CURVE('',#822,#823,#389,.T.);
#1022=EDGE_CURVE('',#823,#821,#390,.T.);
#1023=EDGE_CURVE('',#824,#822,#391,.T.);
#1024=EDGE_CURVE('',#824,#825,#392,.T.);
#1025=EDGE_CURVE('',#825,#823,#393,.T.);
#1026=EDGE_CURVE('',#826,#824,#394,.T.);
#1027=EDGE_CURVE('',#826,#827,#395,.T.);
#1028=EDGE_CURVE('',#827,#825,#396,.T.);
#1029=EDGE_CURVE('',#828,#826,#59,.T.);
#1030=EDGE_CURVE('',#828,#829,#397,.T.);
#1031=EDGE_CURVE('',#829,#827,#60,.T.);
#1032=EDGE_CURVE('',#830,#828,#61,.T.);
#1033=EDGE_CURVE('',#830,#831,#398,.T.);
#1034=EDGE_CURVE('',#831,#829,#62,.T.);
#1035=EDGE_CURVE('',#832,#830,#63,.T.);
#1036=EDGE_CURVE('',#832,#833,#399,.T.);
#1037=EDGE_CURVE('',#833,#831,#64,.T.);
#1038=EDGE_CURVE('',#834,#832,#400,.T.);
#1039=EDGE_CURVE('',#834,#835,#401,.T.);
#1040=EDGE_CURVE('',#835,#833,#402,.T.);
#1041=EDGE_CURVE('',#815,#834,#403,.T.);
#1042=EDGE_CURVE('',#817,#835,#404,.T.);
#1043=EDGE_CURVE('',#836,#837,#405,.T.);
#1044=EDGE_CURVE('',#836,#838,#406,.T.);
#1045=EDGE_CURVE('',#838,#839,#407,.T.);
#1046=EDGE_CURVE('',#837,#839,#408,.T.);
#1047=EDGE_CURVE('',#840,#836,#409,.T.);
#1048=EDGE_CURVE('',#840,#841,#410,.T.);
#1049=EDGE_CURVE('',#841,#838,#411,.T.);
#1050=EDGE_CURVE('',#842,#840,#412,.T.);
#1051=EDGE_CURVE('',#842,#843,#413,.T.);
#1052=EDGE_CURVE('',#843,#841,#414,.T.);
#1053=EDGE_CURVE('',#844,#842,#415,.T.);
#1054=EDGE_CURVE('',#844,#845,#416,.T.);
#1055=EDGE_CURVE('',#845,#843,#417,.T.);
#1056=EDGE_CURVE('',#846,#844,#418,.T.);
#1057=EDGE_CURVE('',#846,#847,#419,.T.);
#1058=EDGE_CURVE('',#847,#845,#420,.T.);
#1059=EDGE_CURVE('',#848,#846,#421,.T.);
#1060=EDGE_CURVE('',#848,#849,#422,.T.);
#1061=EDGE_CURVE('',#849,#847,#423,.T.);
#1062=EDGE_CURVE('',#850,#848,#424,.T.);
#1063=EDGE_CURVE('',#850,#851,#425,.T.);
#1064=EDGE_CURVE('',#851,#849,#426,.T.);
#1065=EDGE_CURVE('',#852,#850,#427,.T.);
#1066=EDGE_CURVE('',#852,#853,#428,.T.);
#1067=EDGE_CURVE('',#853,#851,#429,.T.);
#1068=EDGE_CURVE('',#854,#852,#430,.T.);
#1069=EDGE_CURVE('',#854,#855,#431,.T.);
#1070=EDGE_CURVE('',#855,#853,#432,.T.);
#1071=EDGE_CURVE('',#856,#854,#433,.T.);
#1072=EDGE_CURVE('',#856,#857,#434,.T.);
#1073=EDGE_CURVE('',#857,#855,#435,.T.);
#1074=EDGE_CURVE('',#858,#856,#436,.T.);
#1075=EDGE_CURVE('',#858,#859,#437,.T.);
#1076=EDGE_CURVE('',#859,#857,#438,.T.);
#1077=EDGE_CURVE('',#860,#858,#439,.T.);
#1078=EDGE_CURVE('',#860,#861,#440,.T.);
#1079=EDGE_CURVE('',#861,#859,#441,.T.);
#1080=EDGE_CURVE('',#862,#860,#442,.T.);
#1081=EDGE_CURVE('',#862,#863,#443,.T.);
#1082=EDGE_CURVE('',#863,#861,#444,.T.);
#1083=EDGE_CURVE('',#864,#862,#445,.T.);
#1084=EDGE_CURVE('',#864,#865,#446,.T.);
#1085=EDGE_CURVE('',#865,#863,#447,.T.);
#1086=EDGE_CURVE('',#837,#864,#448,.T.);
#1087=EDGE_CURVE('',#839,#865,#449,.T.);
#1088=EDGE_CURVE('',#866,#867,#450,.T.);
#1089=EDGE_CURVE('',#866,#868,#451,.T.);
#1090=EDGE_CURVE('',#868,#869,#452,.T.);
#1091=EDGE_CURVE('',#867,#869,#453,.T.);
#1092=EDGE_CURVE('',#870,#866,#454,.T.);
#1093=EDGE_CURVE('',#870,#871,#455,.T.);
#1094=EDGE_CURVE('',#871,#868,#456,.T.);
#1095=EDGE_CURVE('',#872,#870,#457,.T.);
#1096=EDGE_CURVE('',#872,#873,#458,.T.);
#1097=EDGE_CURVE('',#873,#871,#459,.T.);
#1098=EDGE_CURVE('',#874,#872,#460,.T.);
#1099=EDGE_CURVE('',#874,#875,#461,.T.);
#1100=EDGE_CURVE('',#875,#873,#462,.T.);
#1101=EDGE_CURVE('',#876,#874,#65,.T.);
#1102=EDGE_CURVE('',#876,#877,#463,.T.);
#1103=EDGE_CURVE('',#877,#875,#66,.T.);
#1104=EDGE_CURVE('',#867,#876,#67,.T.);
#1105=EDGE_CURVE('',#869,#877,#68,.T.);
#1106=EDGE_CURVE('',#878,#879,#69,.T.);
#1107=EDGE_CURVE('',#878,#880,#464,.T.);
#1108=EDGE_CURVE('',#880,#881,#70,.T.);
#1109=EDGE_CURVE('',#879,#881,#465,.T.);
#1110=EDGE_CURVE('',#882,#878,#71,.T.);
#1111=EDGE_CURVE('',#882,#883,#466,.T.);
#1112=EDGE_CURVE('',#883,#880,#72,.T.);
#1113=EDGE_CURVE('',#884,#882,#73,.T.);
#1114=EDGE_CURVE('',#884,#885,#467,.T.);
#1115=EDGE_CURVE('',#885,#883,#74,.T.);
#1116=EDGE_CURVE('',#886,#884,#468,.T.);
#1117=EDGE_CURVE('',#886,#887,#469,.T.);
#1118=EDGE_CURVE('',#887,#885,#470,.T.);
#1119=EDGE_CURVE('',#888,#886,#471,.T.);
#1120=EDGE_CURVE('',#888,#889,#472,.T.);
#1121=EDGE_CURVE('',#889,#887,#473,.T.);
#1122=EDGE_CURVE('',#890,#888,#474,.T.);
#1123=EDGE_CURVE('',#890,#891,#475,.T.);
#1124=EDGE_CURVE('',#891,#889,#476,.T.);
#1125=EDGE_CURVE('',#892,#890,#75,.T.);
#1126=EDGE_CURVE('',#892,#893,#477,.T.);
#1127=EDGE_CURVE('',#893,#891,#76,.T.);
#1128=EDGE_CURVE('',#894,#892,#77,.T.);
#1129=EDGE_CURVE('',#894,#895,#478,.T.);
#1130=EDGE_CURVE('',#895,#893,#78,.T.);
#1131=EDGE_CURVE('',#896,#894,#479,.T.);
#1132=EDGE_CURVE('',#896,#897,#480,.T.);
#1133=EDGE_CURVE('',#897,#895,#481,.T.);
#1134=EDGE_CURVE('',#898,#896,#482,.T.);
#1135=EDGE_CURVE('',#898,#899,#483,.T.);
#1136=EDGE_CURVE('',#899,#897,#484,.T.);
#1137=EDGE_CURVE('',#900,#898,#485,.T.);
#1138=EDGE_CURVE('',#900,#901,#486,.T.);
#1139=EDGE_CURVE('',#901,#899,#487,.T.);
#1140=EDGE_CURVE('',#902,#900,#79,.T.);
#1141=EDGE_CURVE('',#902,#903,#488,.T.);
#1142=EDGE_CURVE('',#903,#901,#80,.T.);
#1143=EDGE_CURVE('',#904,#902,#81,.T.);
#1144=EDGE_CURVE('',#904,#905,#489,.T.);
#1145=EDGE_CURVE('',#905,#903,#82,.T.);
#1146=EDGE_CURVE('',#906,#904,#83,.T.);
#1147=EDGE_CURVE('',#906,#907,#490,.T.);
#1148=EDGE_CURVE('',#907,#905,#84,.T.);
#1149=EDGE_CURVE('',#908,#906,#491,.T.);
#1150=EDGE_CURVE('',#908,#909,#492,.T.);
#1151=EDGE_CURVE('',#909,#907,#493,.T.);
#1152=EDGE_CURVE('',#879,#908,#494,.T.);
#1153=EDGE_CURVE('',#881,#909,#495,.T.);
#1154=EDGE_CURVE('',#910,#911,#496,.T.);
#1155=EDGE_CURVE('',#910,#912,#497,.T.);
#1156=EDGE_CURVE('',#912,#913,#498,.T.);
#1157=EDGE_CURVE('',#911,#913,#499,.T.);
#1158=EDGE_CURVE('',#914,#910,#500,.T.);
#1159=EDGE_CURVE('',#914,#915,#501,.T.);
#1160=EDGE_CURVE('',#915,#912,#502,.T.);
#1161=EDGE_CURVE('',#916,#914,#503,.T.);
#1162=EDGE_CURVE('',#916,#917,#504,.T.);
#1163=EDGE_CURVE('',#917,#915,#505,.T.);
#1164=EDGE_CURVE('',#918,#916,#506,.T.);
#1165=EDGE_CURVE('',#918,#919,#507,.T.);
#1166=EDGE_CURVE('',#919,#917,#508,.T.);
#1167=EDGE_CURVE('',#920,#918,#85,.T.);
#1168=EDGE_CURVE('',#920,#921,#509,.T.);
#1169=EDGE_CURVE('',#921,#919,#86,.T.);
#1170=EDGE_CURVE('',#911,#920,#87,.T.);
#1171=EDGE_CURVE('',#913,#921,#88,.T.);
#1172=EDGE_CURVE('',#922,#923,#89,.T.);
#1173=EDGE_CURVE('',#922,#924,#510,.T.);
#1174=EDGE_CURVE('',#924,#925,#90,.T.);
#1175=EDGE_CURVE('',#923,#925,#511,.T.);
#1176=EDGE_CURVE('',#926,#922,#91,.T.);
#1177=EDGE_CURVE('',#926,#927,#512,.T.);
#1178=EDGE_CURVE('',#927,#924,#92,.T.);
#1179=EDGE_CURVE('',#928,#926,#93,.T.);
#1180=EDGE_CURVE('',#928,#929,#513,.T.);
#1181=EDGE_CURVE('',#929,#927,#94,.T.);
#1182=EDGE_CURVE('',#930,#928,#514,.T.);
#1183=EDGE_CURVE('',#930,#931,#515,.T.);
#1184=EDGE_CURVE('',#931,#929,#516,.T.);
#1185=EDGE_CURVE('',#932,#930,#517,.T.);
#1186=EDGE_CURVE('',#932,#933,#518,.T.);
#1187=EDGE_CURVE('',#933,#931,#519,.T.);
#1188=EDGE_CURVE('',#934,#932,#520,.T.);
#1189=EDGE_CURVE('',#934,#935,#521,.T.);
#1190=EDGE_CURVE('',#935,#933,#522,.T.);
#1191=EDGE_CURVE('',#936,#934,#95,.T.);
#1192=EDGE_CURVE('',#936,#937,#523,.T.);
#1193=EDGE_CURVE('',#937,#935,#96,.T.);
#1194=EDGE_CURVE('',#938,#936,#97,.T.);
#1195=EDGE_CURVE('',#938,#939,#524,.T.);
#1196=EDGE_CURVE('',#939,#937,#98,.T.);
#1197=EDGE_CURVE('',#940,#938,#525,.T.);
#1198=EDGE_CURVE('',#940,#941,#526,.T.);
#1199=EDGE_CURVE('',#941,#939,#527,.T.);
#1200=EDGE_CURVE('',#942,#940,#528,.T.);
#1201=EDGE_CURVE('',#942,#943,#529,.T.);
#1202=EDGE_CURVE('',#943,#941,#530,.T.);
#1203=EDGE_CURVE('',#944,#942,#531,.T.);
#1204=EDGE_CURVE('',#944,#945,#532,.T.);
#1205=EDGE_CURVE('',#945,#943,#533,.T.);
#1206=EDGE_CURVE('',#946,#944,#99,.T.);
#1207=EDGE_CURVE('',#946,#947,#534,.T.);
#1208=EDGE_CURVE('',#947,#945,#100,.T.);
#1209=EDGE_CURVE('',#948,#946,#101,.T.);
#1210=EDGE_CURVE('',#948,#949,#535,.T.);
#1211=EDGE_CURVE('',#949,#947,#102,.T.);
#1212=EDGE_CURVE('',#950,#948,#103,.T.);
#1213=EDGE_CURVE('',#950,#951,#536,.T.);
#1214=EDGE_CURVE('',#951,#949,#104,.T.);
#1215=EDGE_CURVE('',#952,#950,#537,.T.);
#1216=EDGE_CURVE('',#952,#953,#538,.T.);
#1217=EDGE_CURVE('',#953,#951,#539,.T.);
#1218=EDGE_CURVE('',#923,#952,#540,.T.);
#1219=EDGE_CURVE('',#925,#953,#541,.T.);
#1220=EDGE_CURVE('',#954,#955,#542,.T.);
#1221=EDGE_CURVE('',#954,#956,#543,.T.);
#1222=EDGE_CURVE('',#956,#957,#544,.T.);
#1223=EDGE_CURVE('',#955,#957,#545,.T.);
#1224=EDGE_CURVE('',#958,#954,#546,.T.);
#1225=EDGE_CURVE('',#958,#959,#547,.T.);
#1226=EDGE_CURVE('',#959,#956,#548,.T.);
#1227=EDGE_CURVE('',#960,#958,#549,.T.);
#1228=EDGE_CURVE('',#960,#961,#550,.T.);
#1229=EDGE_CURVE('',#961,#959,#551,.T.);
#1230=EDGE_CURVE('',#955,#960,#552,.T.);
#1231=EDGE_CURVE('',#957,#961,#553,.T.);
#1232=EDGE_CURVE('',#962,#963,#14,.T.);
#1233=EDGE_CURVE('',#962,#964,#554,.T.);
#1234=EDGE_CURVE('',#964,#965,#15,.T.);
#1235=EDGE_CURVE('',#963,#965,#555,.T.);
#1236=EDGE_CURVE('',#966,#962,#556,.T.);
#1237=EDGE_CURVE('',#966,#967,#557,.T.);
#1238=EDGE_CURVE('',#967,#964,#558,.T.);
#1239=EDGE_CURVE('',#968,#966,#16,.T.);
#1240=EDGE_CURVE('',#968,#969,#559,.T.);
#1241=EDGE_CURVE('',#969,#967,#17,.T.);
#1242=EDGE_CURVE('',#970,#968,#560,.T.);
#1243=EDGE_CURVE('',#970,#971,#561,.T.);
#1244=EDGE_CURVE('',#971,#969,#562,.T.);
#1245=EDGE_CURVE('',#972,#970,#18,.T.);
#1246=EDGE_CURVE('',#972,#973,#563,.T.);
#1247=EDGE_CURVE('',#973,#971,#19,.T.);
#1248=EDGE_CURVE('',#974,#972,#564,.T.);
#1249=EDGE_CURVE('',#974,#975,#565,.T.);
#1250=EDGE_CURVE('',#975,#973,#566,.T.);
#1251=EDGE_CURVE('',#976,#974,#20,.T.);
#1252=EDGE_CURVE('',#976,#977,#567,.T.);
#1253=EDGE_CURVE('',#977,#975,#21,.T.);
#1254=EDGE_CURVE('',#963,#976,#568,.T.);
#1255=EDGE_CURVE('',#965,#977,#569,.T.);
#1256=EDGE_CURVE('',#978,#979,#22,.T.);
#1257=EDGE_CURVE('',#980,#978,#570,.T.);
#1258=EDGE_CURVE('',#981,#980,#23,.T.);
#1259=EDGE_CURVE('',#982,#981,#571,.T.);
#1260=EDGE_CURVE('',#983,#982,#24,.T.);
#1261=EDGE_CURVE('',#984,#983,#572,.T.);
#1262=EDGE_CURVE('',#985,#984,#25,.T.);
#1263=EDGE_CURVE('',#979,#985,#573,.T.);
#1264=EDGE_CURVE('',#986,#986,#26,.T.);
#1265=EDGE_CURVE('',#986,#987,#574,.T.);
#1266=EDGE_CURVE('',#987,#987,#27,.T.);
#1267=EDGE_CURVE('',#988,#988,#28,.T.);
#1268=EDGE_CURVE('',#988,#989,#575,.T.);
#1269=EDGE_CURVE('',#989,#989,#29,.T.);
#1270=EDGE_CURVE('',#979,#990,#576,.T.);
#1271=EDGE_CURVE('',#990,#991,#30,.T.);
#1272=EDGE_CURVE('',#991,#978,#577,.T.);
#1273=EDGE_CURVE('',#984,#992,#578,.T.);
#1274=EDGE_CURVE('',#992,#993,#31,.T.);
#1275=EDGE_CURVE('',#993,#985,#579,.T.);
#1276=EDGE_CURVE('',#994,#983,#580,.T.);
#1277=EDGE_CURVE('',#992,#994,#581,.T.);
#1278=EDGE_CURVE('',#982,#995,#582,.T.);
#1279=EDGE_CURVE('',#995,#994,#32,.T.);
#1280=EDGE_CURVE('',#996,#981,#583,.T.);
#1281=EDGE_CURVE('',#995,#996,#584,.T.);
#1282=EDGE_CURVE('',#980,#997,#585,.T.);
#1283=EDGE_CURVE('',#997,#996,#33,.T.);
#1284=EDGE_CURVE('',#997,#991,#586,.T.);
#1285=EDGE_CURVE('',#990,#993,#587,.T.);
#1286=ORIENTED_EDGE('',*,*,#998,.F.);
#1287=ORIENTED_EDGE('',*,*,#999,.T.);
#1288=ORIENTED_EDGE('',*,*,#1000,.T.);
#1289=ORIENTED_EDGE('',*,*,#1001,.F.);
#1290=ORIENTED_EDGE('',*,*,#1002,.F.);
#1291=ORIENTED_EDGE('',*,*,#1003,.T.);
#1292=ORIENTED_EDGE('',*,*,#1004,.T.);
#1293=ORIENTED_EDGE('',*,*,#999,.F.);
#1294=ORIENTED_EDGE('',*,*,#1005,.F.);
#1295=ORIENTED_EDGE('',*,*,#1006,.T.);
#1296=ORIENTED_EDGE('',*,*,#1007,.T.);
#1297=ORIENTED_EDGE('',*,*,#1003,.F.);
#1298=ORIENTED_EDGE('',*,*,#1008,.F.);
#1299=ORIENTED_EDGE('',*,*,#1001,.T.);
#1300=ORIENTED_EDGE('',*,*,#1009,.T.);
#1301=ORIENTED_EDGE('',*,*,#1006,.F.);
#1302=ORIENTED_EDGE('',*,*,#1009,.F.);
#1303=ORIENTED_EDGE('',*,*,#1000,.F.);
#1304=ORIENTED_EDGE('',*,*,#1004,.F.);
#1305=ORIENTED_EDGE('',*,*,#1007,.F.);
#1306=ORIENTED_EDGE('',*,*,#1010,.F.);
#1307=ORIENTED_EDGE('',*,*,#1011,.T.);
#1308=ORIENTED_EDGE('',*,*,#1012,.T.);
#1309=ORIENTED_EDGE('',*,*,#1013,.F.);
#1310=ORIENTED_EDGE('',*,*,#1014,.F.);
#1311=ORIENTED_EDGE('',*,*,#1015,.T.);
#1312=ORIENTED_EDGE('',*,*,#1016,.T.);
#1313=ORIENTED_EDGE('',*,*,#1011,.F.);
#1314=ORIENTED_EDGE('',*,*,#1017,.F.);
#1315=ORIENTED_EDGE('',*,*,#1018,.T.);
#1316=ORIENTED_EDGE('',*,*,#1019,.T.);
#1317=ORIENTED_EDGE('',*,*,#1015,.F.);
#1318=ORIENTED_EDGE('',*,*,#1020,.F.);
#1319=ORIENTED_EDGE('',*,*,#1021,.T.);
#1320=ORIENTED_EDGE('',*,*,#1022,.T.);
#1321=ORIENTED_EDGE('',*,*,#1018,.F.);
#1322=ORIENTED_EDGE('',*,*,#1023,.F.);
#1323=ORIENTED_EDGE('',*,*,#1024,.T.);
#1324=ORIENTED_EDGE('',*,*,#1025,.T.);
#1325=ORIENTED_EDGE('',*,*,#1021,.F.);
#1326=ORIENTED_EDGE('',*,*,#1026,.F.);
#1327=ORIENTED_EDGE('',*,*,#1027,.T.);
#1328=ORIENTED_EDGE('',*,*,#1028,.T.);
#1329=ORIENTED_EDGE('',*,*,#1024,.F.);
#1330=ORIENTED_EDGE('',*,*,#1029,.F.);
#1331=ORIENTED_EDGE('',*,*,#1030,.T.);
#1332=ORIENTED_EDGE('',*,*,#1031,.T.);
#1333=ORIENTED_EDGE('',*,*,#1027,.F.);
#1334=ORIENTED_EDGE('',*,*,#1032,.F.);
#1335=ORIENTED_EDGE('',*,*,#1033,.T.);
#1336=ORIENTED_EDGE('',*,*,#1034,.T.);
#1337=ORIENTED_EDGE('',*,*,#1030,.F.);
#1338=ORIENTED_EDGE('',*,*,#1035,.F.);
#1339=ORIENTED_EDGE('',*,*,#1036,.T.);
#1340=ORIENTED_EDGE('',*,*,#1037,.T.);
#1341=ORIENTED_EDGE('',*,*,#1033,.F.);
#1342=ORIENTED_EDGE('',*,*,#1038,.F.);
#1343=ORIENTED_EDGE('',*,*,#1039,.T.);
#1344=ORIENTED_EDGE('',*,*,#1040,.T.);
#1345=ORIENTED_EDGE('',*,*,#1036,.F.);
#1346=ORIENTED_EDGE('',*,*,#1041,.F.);
#1347=ORIENTED_EDGE('',*,*,#1013,.T.);
#1348=ORIENTED_EDGE('',*,*,#1042,.T.);
#1349=ORIENTED_EDGE('',*,*,#1039,.F.);
#1350=ORIENTED_EDGE('',*,*,#1042,.F.);
#1351=ORIENTED_EDGE('',*,*,#1012,.F.);
#1352=ORIENTED_EDGE('',*,*,#1016,.F.);
#1353=ORIENTED_EDGE('',*,*,#1019,.F.);
#1354=ORIENTED_EDGE('',*,*,#1022,.F.);
#1355=ORIENTED_EDGE('',*,*,#1025,.F.);
#1356=ORIENTED_EDGE('',*,*,#1028,.F.);
#1357=ORIENTED_EDGE('',*,*,#1031,.F.);
#1358=ORIENTED_EDGE('',*,*,#1034,.F.);
#1359=ORIENTED_EDGE('',*,*,#1037,.F.);
#1360=ORIENTED_EDGE('',*,*,#1040,.F.);
#1361=ORIENTED_EDGE('',*,*,#1043,.F.);
#1362=ORIENTED_EDGE('',*,*,#1044,.T.);
#1363=ORIENTED_EDGE('',*,*,#1045,.T.);
#1364=ORIENTED_EDGE('',*,*,#1046,.F.);
#1365=ORIENTED_EDGE('',*,*,#1047,.F.);
#1366=ORIENTED_EDGE('',*,*,#1048,.T.);
#1367=ORIENTED_EDGE('',*,*,#1049,.T.);
#1368=ORIENTED_EDGE('',*,*,#1044,.F.);
#1369=ORIENTED_EDGE('',*,*,#1050,.F.);
#1370=ORIENTED_EDGE('',*,*,#1051,.T.);
#1371=ORIENTED_EDGE('',*,*,#1052,.T.);
#1372=ORIENTED_EDGE('',*,*,#1048,.F.);
#1373=ORIENTED_EDGE('',*,*,#1053,.F.);
#1374=ORIENTED_EDGE('',*,*,#1054,.T.);
#1375=ORIENTED_EDGE('',*,*,#1055,.T.);
#1376=ORIENTED_EDGE('',*,*,#1051,.F.);
#1377=ORIENTED_EDGE('',*,*,#1056,.F.);
#1378=ORIENTED_EDGE('',*,*,#1057,.T.);
#1379=ORIENTED_EDGE('',*,*,#1058,.T.);
#1380=ORIENTED_EDGE('',*,*,#1054,.F.);
#1381=ORIENTED_EDGE('',*,*,#1059,.F.);
#1382=ORIENTED_EDGE('',*,*,#1060,.T.);
#1383=ORIENTED_EDGE('',*,*,#1061,.T.);
#1384=ORIENTED_EDGE('',*,*,#1057,.F.);
#1385=ORIENTED_EDGE('',*,*,#1062,.F.);
#1386=ORIENTED_EDGE('',*,*,#1063,.T.);
#1387=ORIENTED_EDGE('',*,*,#1064,.T.);
#1388=ORIENTED_EDGE('',*,*,#1060,.F.);
#1389=ORIENTED_EDGE('',*,*,#1065,.F.);
#1390=ORIENTED_EDGE('',*,*,#1066,.T.);
#1391=ORIENTED_EDGE('',*,*,#1067,.T.);
#1392=ORIENTED_EDGE('',*,*,#1063,.F.);
#1393=ORIENTED_EDGE('',*,*,#1068,.F.);
#1394=ORIENTED_EDGE('',*,*,#1069,.T.);
#1395=ORIENTED_EDGE('',*,*,#1070,.T.);
#1396=ORIENTED_EDGE('',*,*,#1066,.F.);
#1397=ORIENTED_EDGE('',*,*,#1071,.F.);
#1398=ORIENTED_EDGE('',*,*,#1072,.T.);
#1399=ORIENTED_EDGE('',*,*,#1073,.T.);
#1400=ORIENTED_EDGE('',*,*,#1069,.F.);
#1401=ORIENTED_EDGE('',*,*,#1074,.F.);
#1402=ORIENTED_EDGE('',*,*,#1075,.T.);
#1403=ORIENTED_EDGE('',*,*,#1076,.T.);
#1404=ORIENTED_EDGE('',*,*,#1072,.F.);
#1405=ORIENTED_EDGE('',*,*,#1077,.F.);
#1406=ORIENTED_EDGE('',*,*,#1078,.T.);
#1407=ORIENTED_EDGE('',*,*,#1079,.T.);
#1408=ORIENTED_EDGE('',*,*,#1075,.F.);
#1409=ORIENTED_EDGE('',*,*,#1080,.F.);
#1410=ORIENTED_EDGE('',*,*,#1081,.T.);
#1411=ORIENTED_EDGE('',*,*,#1082,.T.);
#1412=ORIENTED_EDGE('',*,*,#1078,.F.);
#1413=ORIENTED_EDGE('',*,*,#1083,.F.);
#1414=ORIENTED_EDGE('',*,*,#1084,.T.);
#1415=ORIENTED_EDGE('',*,*,#1085,.T.);
#1416=ORIENTED_EDGE('',*,*,#1081,.F.);
#1417=ORIENTED_EDGE('',*,*,#1086,.F.);
#1418=ORIENTED_EDGE('',*,*,#1046,.T.);
#1419=ORIENTED_EDGE('',*,*,#1087,.T.);
#1420=ORIENTED_EDGE('',*,*,#1084,.F.);
#1421=ORIENTED_EDGE('',*,*,#1087,.F.);
#1422=ORIENTED_EDGE('',*,*,#1045,.F.);
#1423=ORIENTED_EDGE('',*,*,#1049,.F.);
#1424=ORIENTED_EDGE('',*,*,#1052,.F.);
#1425=ORIENTED_EDGE('',*,*,#1055,.F.);
#1426=ORIENTED_EDGE('',*,*,#1058,.F.);
#1427=ORIENTED_EDGE('',*,*,#1061,.F.);
#1428=ORIENTED_EDGE('',*,*,#1064,.F.);
#1429=ORIENTED_EDGE('',*,*,#1067,.F.);
#1430=ORIENTED_EDGE('',*,*,#1070,.F.);
#1431=ORIENTED_EDGE('',*,*,#1073,.F.);
#1432=ORIENTED_EDGE('',*,*,#1076,.F.);
#1433=ORIENTED_EDGE('',*,*,#1079,.F.);
#1434=ORIENTED_EDGE('',*,*,#1082,.F.);
#1435=ORIENTED_EDGE('',*,*,#1085,.F.);
#1436=ORIENTED_EDGE('',*,*,#1088,.F.);
#1437=ORIENTED_EDGE('',*,*,#1089,.T.);
#1438=ORIENTED_EDGE('',*,*,#1090,.T.);
#1439=ORIENTED_EDGE('',*,*,#1091,.F.);
#1440=ORIENTED_EDGE('',*,*,#1092,.F.);
#1441=ORIENTED_EDGE('',*,*,#1093,.T.);
#1442=ORIENTED_EDGE('',*,*,#1094,.T.);
#1443=ORIENTED_EDGE('',*,*,#1089,.F.);
#1444=ORIENTED_EDGE('',*,*,#1095,.F.);
#1445=ORIENTED_EDGE('',*,*,#1096,.T.);
#1446=ORIENTED_EDGE('',*,*,#1097,.T.);
#1447=ORIENTED_EDGE('',*,*,#1093,.F.);
#1448=ORIENTED_EDGE('',*,*,#1098,.F.);
#1449=ORIENTED_EDGE('',*,*,#1099,.T.);
#1450=ORIENTED_EDGE('',*,*,#1100,.T.);
#1451=ORIENTED_EDGE('',*,*,#1096,.F.);
#1452=ORIENTED_EDGE('',*,*,#1101,.F.);
#1453=ORIENTED_EDGE('',*,*,#1102,.T.);
#1454=ORIENTED_EDGE('',*,*,#1103,.T.);
#1455=ORIENTED_EDGE('',*,*,#1099,.F.);
#1456=ORIENTED_EDGE('',*,*,#1104,.F.);
#1457=ORIENTED_EDGE('',*,*,#1091,.T.);
#1458=ORIENTED_EDGE('',*,*,#1105,.T.);
#1459=ORIENTED_EDGE('',*,*,#1102,.F.);
#1460=ORIENTED_EDGE('',*,*,#1106,.F.);
#1461=ORIENTED_EDGE('',*,*,#1107,.T.);
#1462=ORIENTED_EDGE('',*,*,#1108,.T.);
#1463=ORIENTED_EDGE('',*,*,#1109,.F.);
#1464=ORIENTED_EDGE('',*,*,#1110,.F.);
#1465=ORIENTED_EDGE('',*,*,#1111,.T.);
#1466=ORIENTED_EDGE('',*,*,#1112,.T.);
#1467=ORIENTED_EDGE('',*,*,#1107,.F.);
#1468=ORIENTED_EDGE('',*,*,#1113,.F.);
#1469=ORIENTED_EDGE('',*,*,#1114,.T.);
#1470=ORIENTED_EDGE('',*,*,#1115,.T.);
#1471=ORIENTED_EDGE('',*,*,#1111,.F.);
#1472=ORIENTED_EDGE('',*,*,#1116,.F.);
#1473=ORIENTED_EDGE('',*,*,#1117,.T.);
#1474=ORIENTED_EDGE('',*,*,#1118,.T.);
#1475=ORIENTED_EDGE('',*,*,#1114,.F.);
#1476=ORIENTED_EDGE('',*,*,#1119,.F.);
#1477=ORIENTED_EDGE('',*,*,#1120,.T.);
#1478=ORIENTED_EDGE('',*,*,#1121,.T.);
#1479=ORIENTED_EDGE('',*,*,#1117,.F.);
#1480=ORIENTED_EDGE('',*,*,#1122,.F.);
#1481=ORIENTED_EDGE('',*,*,#1123,.T.);
#1482=ORIENTED_EDGE('',*,*,#1124,.T.);
#1483=ORIENTED_EDGE('',*,*,#1120,.F.);
#1484=ORIENTED_EDGE('',*,*,#1125,.F.);
#1485=ORIENTED_EDGE('',*,*,#1126,.T.);
#1486=ORIENTED_EDGE('',*,*,#1127,.T.);
#1487=ORIENTED_EDGE('',*,*,#1123,.F.);
#1488=ORIENTED_EDGE('',*,*,#1128,.F.);
#1489=ORIENTED_EDGE('',*,*,#1129,.T.);
#1490=ORIENTED_EDGE('',*,*,#1130,.T.);
#1491=ORIENTED_EDGE('',*,*,#1126,.F.);
#1492=ORIENTED_EDGE('',*,*,#1131,.F.);
#1493=ORIENTED_EDGE('',*,*,#1132,.T.);
#1494=ORIENTED_EDGE('',*,*,#1133,.T.);
#1495=ORIENTED_EDGE('',*,*,#1129,.F.);
#1496=ORIENTED_EDGE('',*,*,#1134,.F.);
#1497=ORIENTED_EDGE('',*,*,#1135,.T.);
#1498=ORIENTED_EDGE('',*,*,#1136,.T.);
#1499=ORIENTED_EDGE('',*,*,#1132,.F.);
#1500=ORIENTED_EDGE('',*,*,#1137,.F.);
#1501=ORIENTED_EDGE('',*,*,#1138,.T.);
#1502=ORIENTED_EDGE('',*,*,#1139,.T.);
#1503=ORIENTED_EDGE('',*,*,#1135,.F.);
#1504=ORIENTED_EDGE('',*,*,#1140,.F.);
#1505=ORIENTED_EDGE('',*,*,#1141,.T.);
#1506=ORIENTED_EDGE('',*,*,#1142,.T.);
#1507=ORIENTED_EDGE('',*,*,#1138,.F.);
#1508=ORIENTED_EDGE('',*,*,#1143,.F.);
#1509=ORIENTED_EDGE('',*,*,#1144,.T.);
#1510=ORIENTED_EDGE('',*,*,#1145,.T.);
#1511=ORIENTED_EDGE('',*,*,#1141,.F.);
#1512=ORIENTED_EDGE('',*,*,#1146,.F.);
#1513=ORIENTED_EDGE('',*,*,#1147,.T.);
#1514=ORIENTED_EDGE('',*,*,#1148,.T.);
#1515=ORIENTED_EDGE('',*,*,#1144,.F.);
#1516=ORIENTED_EDGE('',*,*,#1149,.F.);
#1517=ORIENTED_EDGE('',*,*,#1150,.T.);
#1518=ORIENTED_EDGE('',*,*,#1151,.T.);
#1519=ORIENTED_EDGE('',*,*,#1147,.F.);
#1520=ORIENTED_EDGE('',*,*,#1152,.F.);
#1521=ORIENTED_EDGE('',*,*,#1109,.T.);
#1522=ORIENTED_EDGE('',*,*,#1153,.T.);
#1523=ORIENTED_EDGE('',*,*,#1150,.F.);
#1524=ORIENTED_EDGE('',*,*,#1153,.F.);
#1525=ORIENTED_EDGE('',*,*,#1108,.F.);
#1526=ORIENTED_EDGE('',*,*,#1112,.F.);
#1527=ORIENTED_EDGE('',*,*,#1115,.F.);
#1528=ORIENTED_EDGE('',*,*,#1118,.F.);
#1529=ORIENTED_EDGE('',*,*,#1121,.F.);
#1530=ORIENTED_EDGE('',*,*,#1124,.F.);
#1531=ORIENTED_EDGE('',*,*,#1127,.F.);
#1532=ORIENTED_EDGE('',*,*,#1130,.F.);
#1533=ORIENTED_EDGE('',*,*,#1133,.F.);
#1534=ORIENTED_EDGE('',*,*,#1136,.F.);
#1535=ORIENTED_EDGE('',*,*,#1139,.F.);
#1536=ORIENTED_EDGE('',*,*,#1142,.F.);
#1537=ORIENTED_EDGE('',*,*,#1145,.F.);
#1538=ORIENTED_EDGE('',*,*,#1148,.F.);
#1539=ORIENTED_EDGE('',*,*,#1151,.F.);
#1540=ORIENTED_EDGE('',*,*,#1105,.F.);
#1541=ORIENTED_EDGE('',*,*,#1090,.F.);
#1542=ORIENTED_EDGE('',*,*,#1094,.F.);
#1543=ORIENTED_EDGE('',*,*,#1097,.F.);
#1544=ORIENTED_EDGE('',*,*,#1100,.F.);
#1545=ORIENTED_EDGE('',*,*,#1103,.F.);
#1546=ORIENTED_EDGE('',*,*,#1154,.F.);
#1547=ORIENTED_EDGE('',*,*,#1155,.T.);
#1548=ORIENTED_EDGE('',*,*,#1156,.T.);
#1549=ORIENTED_EDGE('',*,*,#1157,.F.);
#1550=ORIENTED_EDGE('',*,*,#1158,.F.);
#1551=ORIENTED_EDGE('',*,*,#1159,.T.);
#1552=ORIENTED_EDGE('',*,*,#1160,.T.);
#1553=ORIENTED_EDGE('',*,*,#1155,.F.);
#1554=ORIENTED_EDGE('',*,*,#1161,.F.);
#1555=ORIENTED_EDGE('',*,*,#1162,.T.);
#1556=ORIENTED_EDGE('',*,*,#1163,.T.);
#1557=ORIENTED_EDGE('',*,*,#1159,.F.);
#1558=ORIENTED_EDGE('',*,*,#1164,.F.);
#1559=ORIENTED_EDGE('',*,*,#1165,.T.);
#1560=ORIENTED_EDGE('',*,*,#1166,.T.);
#1561=ORIENTED_EDGE('',*,*,#1162,.F.);
#1562=ORIENTED_EDGE('',*,*,#1167,.F.);
#1563=ORIENTED_EDGE('',*,*,#1168,.T.);
#1564=ORIENTED_EDGE('',*,*,#1169,.T.);
#1565=ORIENTED_EDGE('',*,*,#1165,.F.);
#1566=ORIENTED_EDGE('',*,*,#1170,.F.);
#1567=ORIENTED_EDGE('',*,*,#1157,.T.);
#1568=ORIENTED_EDGE('',*,*,#1171,.T.);
#1569=ORIENTED_EDGE('',*,*,#1168,.F.);
#1570=ORIENTED_EDGE('',*,*,#1172,.F.);
#1571=ORIENTED_EDGE('',*,*,#1173,.T.);
#1572=ORIENTED_EDGE('',*,*,#1174,.T.);
#1573=ORIENTED_EDGE('',*,*,#1175,.F.);
#1574=ORIENTED_EDGE('',*,*,#1176,.F.);
#1575=ORIENTED_EDGE('',*,*,#1177,.T.);
#1576=ORIENTED_EDGE('',*,*,#1178,.T.);
#1577=ORIENTED_EDGE('',*,*,#1173,.F.);
#1578=ORIENTED_EDGE('',*,*,#1179,.F.);
#1579=ORIENTED_EDGE('',*,*,#1180,.T.);
#1580=ORIENTED_EDGE('',*,*,#1181,.T.);
#1581=ORIENTED_EDGE('',*,*,#1177,.F.);
#1582=ORIENTED_EDGE('',*,*,#1182,.F.);
#1583=ORIENTED_EDGE('',*,*,#1183,.T.);
#1584=ORIENTED_EDGE('',*,*,#1184,.T.);
#1585=ORIENTED_EDGE('',*,*,#1180,.F.);
#1586=ORIENTED_EDGE('',*,*,#1185,.F.);
#1587=ORIENTED_EDGE('',*,*,#1186,.T.);
#1588=ORIENTED_EDGE('',*,*,#1187,.T.);
#1589=ORIENTED_EDGE('',*,*,#1183,.F.);
#1590=ORIENTED_EDGE('',*,*,#1188,.F.);
#1591=ORIENTED_EDGE('',*,*,#1189,.T.);
#1592=ORIENTED_EDGE('',*,*,#1190,.T.);
#1593=ORIENTED_EDGE('',*,*,#1186,.F.);
#1594=ORIENTED_EDGE('',*,*,#1191,.F.);
#1595=ORIENTED_EDGE('',*,*,#1192,.T.);
#1596=ORIENTED_EDGE('',*,*,#1193,.T.);
#1597=ORIENTED_EDGE('',*,*,#1189,.F.);
#1598=ORIENTED_EDGE('',*,*,#1194,.F.);
#1599=ORIENTED_EDGE('',*,*,#1195,.T.);
#1600=ORIENTED_EDGE('',*,*,#1196,.T.);
#1601=ORIENTED_EDGE('',*,*,#1192,.F.);
#1602=ORIENTED_EDGE('',*,*,#1197,.F.);
#1603=ORIENTED_EDGE('',*,*,#1198,.T.);
#1604=ORIENTED_EDGE('',*,*,#1199,.T.);
#1605=ORIENTED_EDGE('',*,*,#1195,.F.);
#1606=ORIENTED_EDGE('',*,*,#1200,.F.);
#1607=ORIENTED_EDGE('',*,*,#1201,.T.);
#1608=ORIENTED_EDGE('',*,*,#1202,.T.);
#1609=ORIENTED_EDGE('',*,*,#1198,.F.);
#1610=ORIENTED_EDGE('',*,*,#1203,.F.);
#1611=ORIENTED_EDGE('',*,*,#1204,.T.);
#1612=ORIENTED_EDGE('',*,*,#1205,.T.);
#1613=ORIENTED_EDGE('',*,*,#1201,.F.);
#1614=ORIENTED_EDGE('',*,*,#1206,.F.);
#1615=ORIENTED_EDGE('',*,*,#1207,.T.);
#1616=ORIENTED_EDGE('',*,*,#1208,.T.);
#1617=ORIENTED_EDGE('',*,*,#1204,.F.);
#1618=ORIENTED_EDGE('',*,*,#1209,.F.);
#1619=ORIENTED_EDGE('',*,*,#1210,.T.);
#1620=ORIENTED_EDGE('',*,*,#1211,.T.);
#1621=ORIENTED_EDGE('',*,*,#1207,.F.);
#1622=ORIENTED_EDGE('',*,*,#1212,.F.);
#1623=ORIENTED_EDGE('',*,*,#1213,.T.);
#1624=ORIENTED_EDGE('',*,*,#1214,.T.);
#1625=ORIENTED_EDGE('',*,*,#1210,.F.);
#1626=ORIENTED_EDGE('',*,*,#1215,.F.);
#1627=ORIENTED_EDGE('',*,*,#1216,.T.);
#1628=ORIENTED_EDGE('',*,*,#1217,.T.);
#1629=ORIENTED_EDGE('',*,*,#1213,.F.);
#1630=ORIENTED_EDGE('',*,*,#1218,.F.);
#1631=ORIENTED_EDGE('',*,*,#1175,.T.);
#1632=ORIENTED_EDGE('',*,*,#1219,.T.);
#1633=ORIENTED_EDGE('',*,*,#1216,.F.);
#1634=ORIENTED_EDGE('',*,*,#1219,.F.);
#1635=ORIENTED_EDGE('',*,*,#1174,.F.);
#1636=ORIENTED_EDGE('',*,*,#1178,.F.);
#1637=ORIENTED_EDGE('',*,*,#1181,.F.);
#1638=ORIENTED_EDGE('',*,*,#1184,.F.);
#1639=ORIENTED_EDGE('',*,*,#1187,.F.);
#1640=ORIENTED_EDGE('',*,*,#1190,.F.);
#1641=ORIENTED_EDGE('',*,*,#1193,.F.);
#1642=ORIENTED_EDGE('',*,*,#1196,.F.);
#1643=ORIENTED_EDGE('',*,*,#1199,.F.);
#1644=ORIENTED_EDGE('',*,*,#1202,.F.);
#1645=ORIENTED_EDGE('',*,*,#1205,.F.);
#1646=ORIENTED_EDGE('',*,*,#1208,.F.);
#1647=ORIENTED_EDGE('',*,*,#1211,.F.);
#1648=ORIENTED_EDGE('',*,*,#1214,.F.);
#1649=ORIENTED_EDGE('',*,*,#1217,.F.);
#1650=ORIENTED_EDGE('',*,*,#1171,.F.);
#1651=ORIENTED_EDGE('',*,*,#1156,.F.);
#1652=ORIENTED_EDGE('',*,*,#1160,.F.);
#1653=ORIENTED_EDGE('',*,*,#1163,.F.);
#1654=ORIENTED_EDGE('',*,*,#1166,.F.);
#1655=ORIENTED_EDGE('',*,*,#1169,.F.);
#1656=ORIENTED_EDGE('',*,*,#1220,.F.);
#1657=ORIENTED_EDGE('',*,*,#1221,.T.);
#1658=ORIENTED_EDGE('',*,*,#1222,.T.);
#1659=ORIENTED_EDGE('',*,*,#1223,.F.);
#1660=ORIENTED_EDGE('',*,*,#1224,.F.);
#1661=ORIENTED_EDGE('',*,*,#1225,.T.);
#1662=ORIENTED_EDGE('',*,*,#1226,.T.);
#1663=ORIENTED_EDGE('',*,*,#1221,.F.);
#1664=ORIENTED_EDGE('',*,*,#1227,.F.);
#1665=ORIENTED_EDGE('',*,*,#1228,.T.);
#1666=ORIENTED_EDGE('',*,*,#1229,.T.);
#1667=ORIENTED_EDGE('',*,*,#1225,.F.);
#1668=ORIENTED_EDGE('',*,*,#1230,.F.);
#1669=ORIENTED_EDGE('',*,*,#1223,.T.);
#1670=ORIENTED_EDGE('',*,*,#1231,.T.);
#1671=ORIENTED_EDGE('',*,*,#1228,.F.);
#1672=ORIENTED_EDGE('',*,*,#1231,.F.);
#1673=ORIENTED_EDGE('',*,*,#1222,.F.);
#1674=ORIENTED_EDGE('',*,*,#1226,.F.);
#1675=ORIENTED_EDGE('',*,*,#1229,.F.);
#1676=ORIENTED_EDGE('',*,*,#1232,.F.);
#1677=ORIENTED_EDGE('',*,*,#1233,.T.);
#1678=ORIENTED_EDGE('',*,*,#1234,.T.);
#1679=ORIENTED_EDGE('',*,*,#1235,.F.);
#1680=ORIENTED_EDGE('',*,*,#1236,.F.);
#1681=ORIENTED_EDGE('',*,*,#1237,.T.);
#1682=ORIENTED_EDGE('',*,*,#1238,.T.);
#1683=ORIENTED_EDGE('',*,*,#1233,.F.);
#1684=ORIENTED_EDGE('',*,*,#1239,.F.);
#1685=ORIENTED_EDGE('',*,*,#1240,.T.);
#1686=ORIENTED_EDGE('',*,*,#1241,.T.);
#1687=ORIENTED_EDGE('',*,*,#1237,.F.);
#1688=ORIENTED_EDGE('',*,*,#1242,.F.);
#1689=ORIENTED_EDGE('',*,*,#1243,.T.);
#1690=ORIENTED_EDGE('',*,*,#1244,.T.);
#1691=ORIENTED_EDGE('',*,*,#1240,.F.);
#1692=ORIENTED_EDGE('',*,*,#1245,.F.);
#1693=ORIENTED_EDGE('',*,*,#1246,.T.);
#1694=ORIENTED_EDGE('',*,*,#1247,.T.);
#1695=ORIENTED_EDGE('',*,*,#1243,.F.);
#1696=ORIENTED_EDGE('',*,*,#1248,.F.);
#1697=ORIENTED_EDGE('',*,*,#1249,.T.);
#1698=ORIENTED_EDGE('',*,*,#1250,.T.);
#1699=ORIENTED_EDGE('',*,*,#1246,.F.);
#1700=ORIENTED_EDGE('',*,*,#1251,.F.);
#1701=ORIENTED_EDGE('',*,*,#1252,.T.);
#1702=ORIENTED_EDGE('',*,*,#1253,.T.);
#1703=ORIENTED_EDGE('',*,*,#1249,.F.);
#1704=ORIENTED_EDGE('',*,*,#1254,.F.);
#1705=ORIENTED_EDGE('',*,*,#1235,.T.);
#1706=ORIENTED_EDGE('',*,*,#1255,.T.);
#1707=ORIENTED_EDGE('',*,*,#1252,.F.);
#1708=ORIENTED_EDGE('',*,*,#1255,.F.);
#1709=ORIENTED_EDGE('',*,*,#1234,.F.);
#1710=ORIENTED_EDGE('',*,*,#1238,.F.);
#1711=ORIENTED_EDGE('',*,*,#1241,.F.);
#1712=ORIENTED_EDGE('',*,*,#1244,.F.);
#1713=ORIENTED_EDGE('',*,*,#1247,.F.);
#1714=ORIENTED_EDGE('',*,*,#1250,.F.);
#1715=ORIENTED_EDGE('',*,*,#1253,.F.);
#1716=ORIENTED_EDGE('',*,*,#1256,.F.);
#1717=ORIENTED_EDGE('',*,*,#1257,.F.);
#1718=ORIENTED_EDGE('',*,*,#1258,.F.);
#1719=ORIENTED_EDGE('',*,*,#1259,.F.);
#1720=ORIENTED_EDGE('',*,*,#1260,.F.);
#1721=ORIENTED_EDGE('',*,*,#1261,.F.);
#1722=ORIENTED_EDGE('',*,*,#1262,.F.);
#1723=ORIENTED_EDGE('',*,*,#1263,.F.);
#1724=ORIENTED_EDGE('',*,*,#998,.T.);
#1725=ORIENTED_EDGE('',*,*,#1008,.T.);
#1726=ORIENTED_EDGE('',*,*,#1005,.T.);
#1727=ORIENTED_EDGE('',*,*,#1002,.T.);
#1728=ORIENTED_EDGE('',*,*,#1010,.T.);
#1729=ORIENTED_EDGE('',*,*,#1041,.T.);
#1730=ORIENTED_EDGE('',*,*,#1038,.T.);
#1731=ORIENTED_EDGE('',*,*,#1035,.T.);
#1732=ORIENTED_EDGE('',*,*,#1032,.T.);
#1733=ORIENTED_EDGE('',*,*,#1029,.T.);
#1734=ORIENTED_EDGE('',*,*,#1026,.T.);
#1735=ORIENTED_EDGE('',*,*,#1023,.T.);
#1736=ORIENTED_EDGE('',*,*,#1020,.T.);
#1737=ORIENTED_EDGE('',*,*,#1017,.T.);
#1738=ORIENTED_EDGE('',*,*,#1014,.T.);
#1739=ORIENTED_EDGE('',*,*,#1043,.T.);
#1740=ORIENTED_EDGE('',*,*,#1086,.T.);
#1741=ORIENTED_EDGE('',*,*,#1083,.T.);
#1742=ORIENTED_EDGE('',*,*,#1080,.T.);
#1743=ORIENTED_EDGE('',*,*,#1077,.T.);
#1744=ORIENTED_EDGE('',*,*,#1074,.T.);
#1745=ORIENTED_EDGE('',*,*,#1071,.T.);
#1746=ORIENTED_EDGE('',*,*,#1068,.T.);
#1747=ORIENTED_EDGE('',*,*,#1065,.T.);
#1748=ORIENTED_EDGE('',*,*,#1062,.T.);
#1749=ORIENTED_EDGE('',*,*,#1059,.T.);
#1750=ORIENTED_EDGE('',*,*,#1056,.T.);
#1751=ORIENTED_EDGE('',*,*,#1053,.T.);
#1752=ORIENTED_EDGE('',*,*,#1050,.T.);
#1753=ORIENTED_EDGE('',*,*,#1047,.T.);
#1754=ORIENTED_EDGE('',*,*,#1106,.T.);
#1755=ORIENTED_EDGE('',*,*,#1152,.T.);
#1756=ORIENTED_EDGE('',*,*,#1149,.T.);
#1757=ORIENTED_EDGE('',*,*,#1146,.T.);
#1758=ORIENTED_EDGE('',*,*,#1143,.T.);
#1759=ORIENTED_EDGE('',*,*,#1140,.T.);
#1760=ORIENTED_EDGE('',*,*,#1137,.T.);
#1761=ORIENTED_EDGE('',*,*,#1134,.T.);
#1762=ORIENTED_EDGE('',*,*,#1131,.T.);
#1763=ORIENTED_EDGE('',*,*,#1128,.T.);
#1764=ORIENTED_EDGE('',*,*,#1125,.T.);
#1765=ORIENTED_EDGE('',*,*,#1122,.T.);
#1766=ORIENTED_EDGE('',*,*,#1119,.T.);
#1767=ORIENTED_EDGE('',*,*,#1116,.T.);
#1768=ORIENTED_EDGE('',*,*,#1113,.T.);
#1769=ORIENTED_EDGE('',*,*,#1110,.T.);
#1770=ORIENTED_EDGE('',*,*,#1172,.T.);
#1771=ORIENTED_EDGE('',*,*,#1218,.T.);
#1772=ORIENTED_EDGE('',*,*,#1215,.T.);
#1773=ORIENTED_EDGE('',*,*,#1212,.T.);
#1774=ORIENTED_EDGE('',*,*,#1209,.T.);
#1775=ORIENTED_EDGE('',*,*,#1206,.T.);
#1776=ORIENTED_EDGE('',*,*,#1203,.T.);
#1777=ORIENTED_EDGE('',*,*,#1200,.T.);
#1778=ORIENTED_EDGE('',*,*,#1197,.T.);
#1779=ORIENTED_EDGE('',*,*,#1194,.T.);
#1780=ORIENTED_EDGE('',*,*,#1191,.T.);
#1781=ORIENTED_EDGE('',*,*,#1188,.T.);
#1782=ORIENTED_EDGE('',*,*,#1185,.T.);
#1783=ORIENTED_EDGE('',*,*,#1182,.T.);
#1784=ORIENTED_EDGE('',*,*,#1179,.T.);
#1785=ORIENTED_EDGE('',*,*,#1176,.T.);
#1786=ORIENTED_EDGE('',*,*,#1220,.T.);
#1787=ORIENTED_EDGE('',*,*,#1230,.T.);
#1788=ORIENTED_EDGE('',*,*,#1227,.T.);
#1789=ORIENTED_EDGE('',*,*,#1224,.T.);
#1790=ORIENTED_EDGE('',*,*,#1232,.T.);
#1791=ORIENTED_EDGE('',*,*,#1254,.T.);
#1792=ORIENTED_EDGE('',*,*,#1251,.T.);
#1793=ORIENTED_EDGE('',*,*,#1248,.T.);
#1794=ORIENTED_EDGE('',*,*,#1245,.T.);
#1795=ORIENTED_EDGE('',*,*,#1242,.T.);
#1796=ORIENTED_EDGE('',*,*,#1239,.T.);
#1797=ORIENTED_EDGE('',*,*,#1236,.T.);
#1798=ORIENTED_EDGE('',*,*,#1154,.T.);
#1799=ORIENTED_EDGE('',*,*,#1170,.T.);
#1800=ORIENTED_EDGE('',*,*,#1167,.T.);
#1801=ORIENTED_EDGE('',*,*,#1164,.T.);
#1802=ORIENTED_EDGE('',*,*,#1161,.T.);
#1803=ORIENTED_EDGE('',*,*,#1158,.T.);
#1804=ORIENTED_EDGE('',*,*,#1264,.F.);
#1805=ORIENTED_EDGE('',*,*,#1264,.T.);
#1806=ORIENTED_EDGE('',*,*,#1265,.T.);
#1807=ORIENTED_EDGE('',*,*,#1266,.F.);
#1808=ORIENTED_EDGE('',*,*,#1265,.F.);
#1809=ORIENTED_EDGE('',*,*,#1267,.F.);
#1810=ORIENTED_EDGE('',*,*,#1267,.T.);
#1811=ORIENTED_EDGE('',*,*,#1268,.T.);
#1812=ORIENTED_EDGE('',*,*,#1269,.F.);
#1813=ORIENTED_EDGE('',*,*,#1268,.F.);
#1814=ORIENTED_EDGE('',*,*,#1256,.T.);
#1815=ORIENTED_EDGE('',*,*,#1270,.T.);
#1816=ORIENTED_EDGE('',*,*,#1271,.T.);
#1817=ORIENTED_EDGE('',*,*,#1272,.T.);
#1818=ORIENTED_EDGE('',*,*,#1262,.T.);
#1819=ORIENTED_EDGE('',*,*,#1273,.T.);
#1820=ORIENTED_EDGE('',*,*,#1274,.T.);
#1821=ORIENTED_EDGE('',*,*,#1275,.T.);
#1822=ORIENTED_EDGE('',*,*,#1273,.F.);
#1823=ORIENTED_EDGE('',*,*,#1261,.T.);
#1824=ORIENTED_EDGE('',*,*,#1276,.F.);
#1825=ORIENTED_EDGE('',*,*,#1277,.F.);
#1826=ORIENTED_EDGE('',*,*,#1260,.T.);
#1827=ORIENTED_EDGE('',*,*,#1278,.T.);
#1828=ORIENTED_EDGE('',*,*,#1279,.T.);
#1829=ORIENTED_EDGE('',*,*,#1276,.T.);
#1830=ORIENTED_EDGE('',*,*,#1278,.F.);
#1831=ORIENTED_EDGE('',*,*,#1259,.T.);
#1832=ORIENTED_EDGE('',*,*,#1280,.F.);
#1833=ORIENTED_EDGE('',*,*,#1281,.F.);
#1834=ORIENTED_EDGE('',*,*,#1258,.T.);
#1835=ORIENTED_EDGE('',*,*,#1282,.T.);
#1836=ORIENTED_EDGE('',*,*,#1283,.T.);
#1837=ORIENTED_EDGE('',*,*,#1280,.T.);
#1838=ORIENTED_EDGE('',*,*,#1272,.F.);
#1839=ORIENTED_EDGE('',*,*,#1284,.F.);
#1840=ORIENTED_EDGE('',*,*,#1282,.F.);
#1841=ORIENTED_EDGE('',*,*,#1257,.T.);
#1842=ORIENTED_EDGE('',*,*,#1271,.F.);
#1843=ORIENTED_EDGE('',*,*,#1285,.T.);
#1844=ORIENTED_EDGE('',*,*,#1274,.F.);
#1845=ORIENTED_EDGE('',*,*,#1277,.T.);
#1846=ORIENTED_EDGE('',*,*,#1279,.F.);
#1847=ORIENTED_EDGE('',*,*,#1281,.T.);
#1848=ORIENTED_EDGE('',*,*,#1283,.F.);
#1849=ORIENTED_EDGE('',*,*,#1284,.T.);
#1850=ORIENTED_EDGE('',*,*,#1266,.T.);
#1851=ORIENTED_EDGE('',*,*,#1269,.T.);
#1852=ORIENTED_EDGE('',*,*,#1270,.F.);
#1853=ORIENTED_EDGE('',*,*,#1263,.T.);
#1854=ORIENTED_EDGE('',*,*,#1275,.F.);
#1855=ORIENTED_EDGE('',*,*,#1285,.F.);
#1856=ORIENTED_EDGE('',*,*,#1088,.T.);
#1857=ORIENTED_EDGE('',*,*,#1104,.T.);
#1858=ORIENTED_EDGE('',*,*,#1101,.T.);
#1859=ORIENTED_EDGE('',*,*,#1098,.T.);
#1860=ORIENTED_EDGE('',*,*,#1095,.T.);
#1861=ORIENTED_EDGE('',*,*,#1092,.T.);
#1862=PLANE('',#2047);
#1863=PLANE('',#2048);
#1864=PLANE('',#2049);
#1865=PLANE('',#2050);
#1866=PLANE('',#2051);
#1867=PLANE('',#2052);
#1868=PLANE('',#2053);
#1869=PLANE('',#2054);
#1870=PLANE('',#2055);
#1871=PLANE('',#2056);
#1872=PLANE('',#2057);
#1873=PLANE('',#2058);
#1874=PLANE('',#2059);
#1875=PLANE('',#2060);
#1876=PLANE('',#2061);
#1877=PLANE('',#2062);
#1878=PLANE('',#2063);
#1879=PLANE('',#2064);
#1880=PLANE('',#2065);
#1881=PLANE('',#2066);
#1882=PLANE('',#2067);
#1883=PLANE('',#2068);
#1884=PLANE('',#2069);
#1885=PLANE('',#2070);
#1886=PLANE('',#2071);
#1887=PLANE('',#2072);
#1888=PLANE('',#2073);
#1889=PLANE('',#2074);
#1890=PLANE('',#2075);
#1891=PLANE('',#2076);
#1892=PLANE('',#2077);
#1893=PLANE('',#2078);
#1894=PLANE('',#2079);
#1895=PLANE('',#2080);
#1896=PLANE('',#2081);
#1897=PLANE('',#2082);
#1898=PLANE('',#2083);
#1899=PLANE('',#2084);
#1900=PLANE('',#2085);
#1901=PLANE('',#2086);
#1902=PLANE('',#2087);
#1903=PLANE('',#2088);
#1904=PLANE('',#2089);
#1905=PLANE('',#2090);
#1906=PLANE('',#2091);
#1907=PLANE('',#2092);
#1908=PLANE('',#2093);
#1909=PLANE('',#2094);
#1910=PLANE('',#2095);
#1911=PLANE('',#2096);
#1912=PLANE('',#2097);
#1913=PLANE('',#2098);
#1914=PLANE('',#2099);
#1915=PLANE('',#2100);
#1916=PLANE('',#2101);
#1917=PLANE('',#2102);
#1918=PLANE('',#2103);
#1919=PLANE('',#2104);
#1920=PLANE('',#2105);
#1921=PLANE('',#2109);
#1922=PLANE('',#2113);
#1923=PLANE('',#2117);
#1924=PLANE('',#2121);
#1925=PLANE('',#2122);
#1926=PLANE('',#2123);
#1927=PLANE('',#2128);
#1928=PLANE('',#2129);
#1929=PLANE('',#2133);
#1930=PLANE('',#2141);
#1931=PLANE('',#2144);
#1932=PLANE('',#2147);
#1933=PLANE('',#2148);
#1934=PLANE('',#2149);
#1935=PLANE('',#2150);
#1936=ADVANCED_FACE('',(#141),#1862,.F.);
#1937=ADVANCED_FACE('',(#142),#1863,.F.);
#1938=ADVANCED_FACE('',(#143),#1864,.F.);
#1939=ADVANCED_FACE('',(#144),#1865,.F.);
#1940=ADVANCED_FACE('',(#145),#1866,.F.);
#1941=ADVANCED_FACE('',(#146),#1867,.F.);
#1942=ADVANCED_FACE('',(#147),#105,.F.);
#1943=ADVANCED_FACE('',(#148),#106,.F.);
#1944=ADVANCED_FACE('',(#149),#1868,.F.);
#1945=ADVANCED_FACE('',(#150),#1869,.F.);
#1946=ADVANCED_FACE('',(#151),#1870,.F.);
#1947=ADVANCED_FACE('',(#152),#107,.F.);
#1948=ADVANCED_FACE('',(#153),#108,.F.);
#1949=ADVANCED_FACE('',(#154),#109,.F.);
#1950=ADVANCED_FACE('',(#155),#1871,.F.);
#1951=ADVANCED_FACE('',(#156),#1872,.F.);
#1952=ADVANCED_FACE('',(#157),#1873,.T.);
#1953=ADVANCED_FACE('',(#158),#1874,.F.);
#1954=ADVANCED_FACE('',(#159),#1875,.F.);
#1955=ADVANCED_FACE('',(#160),#1876,.F.);
#1956=ADVANCED_FACE('',(#161),#1877,.F.);
#1957=ADVANCED_FACE('',(#162),#1878,.F.);
#1958=ADVANCED_FACE('',(#163),#1879,.F.);
#1959=ADVANCED_FACE('',(#164),#1880,.F.);
#1960=ADVANCED_FACE('',(#165),#1881,.F.);
#1961=ADVANCED_FACE('',(#166),#1882,.F.);
#1962=ADVANCED_FACE('',(#167),#1883,.F.);
#1963=ADVANCED_FACE('',(#168),#1884,.F.);
#1964=ADVANCED_FACE('',(#169),#1885,.F.);
#1965=ADVANCED_FACE('',(#170),#1886,.F.);
#1966=ADVANCED_FACE('',(#171),#1887,.F.);
#1967=ADVANCED_FACE('',(#172),#1888,.F.);
#1968=ADVANCED_FACE('',(#173),#1889,.F.);
#1969=ADVANCED_FACE('',(#174),#1890,.F.);
#1970=ADVANCED_FACE('',(#175),#1891,.F.);
#1971=ADVANCED_FACE('',(#176),#1892,.F.);
#1972=ADVANCED_FACE('',(#177),#1893,.F.);
#1973=ADVANCED_FACE('',(#178),#110,.F.);
#1974=ADVANCED_FACE('',(#179),#111,.F.);
#1975=ADVANCED_FACE('',(#180),#112,.F.);
#1976=ADVANCED_FACE('',(#181),#113,.F.);
#1977=ADVANCED_FACE('',(#182),#114,.F.);
#1978=ADVANCED_FACE('',(#183),#1894,.F.);
#1979=ADVANCED_FACE('',(#184),#1895,.F.);
#1980=ADVANCED_FACE('',(#185),#1896,.F.);
#1981=ADVANCED_FACE('',(#186),#115,.F.);
#1982=ADVANCED_FACE('',(#187),#116,.F.);
#1983=ADVANCED_FACE('',(#188),#1897,.F.);
#1984=ADVANCED_FACE('',(#189),#1898,.F.);
#1985=ADVANCED_FACE('',(#190),#1899,.F.);
#1986=ADVANCED_FACE('',(#191),#117,.F.);
#1987=ADVANCED_FACE('',(#192),#118,.F.);
#1988=ADVANCED_FACE('',(#193),#119,.F.);
#1989=ADVANCED_FACE('',(#194),#1900,.F.);
#1990=ADVANCED_FACE('',(#195),#1901,.F.);
#1991=ADVANCED_FACE('',(#196,#44),#1902,.T.);
#1992=ADVANCED_FACE('',(#197),#1903,.F.);
#1993=ADVANCED_FACE('',(#198),#1904,.F.);
#1994=ADVANCED_FACE('',(#199),#1905,.F.);
#1995=ADVANCED_FACE('',(#200),#1906,.F.);
#1996=ADVANCED_FACE('',(#201),#120,.F.);
#1997=ADVANCED_FACE('',(#202),#121,.F.);
#1998=ADVANCED_FACE('',(#203),#122,.F.);
#1999=ADVANCED_FACE('',(#204),#123,.F.);
#2000=ADVANCED_FACE('',(#205),#124,.F.);
#2001=ADVANCED_FACE('',(#206),#1907,.F.);
#2002=ADVANCED_FACE('',(#207),#1908,.F.);
#2003=ADVANCED_FACE('',(#208),#1909,.F.);
#2004=ADVANCED_FACE('',(#209),#125,.F.);
#2005=ADVANCED_FACE('',(#210),#126,.F.);
#2006=ADVANCED_FACE('',(#211),#1910,.F.);
#2007=ADVANCED_FACE('',(#212),#1911,.F.);
#2008=ADVANCED_FACE('',(#213),#1912,.F.);
#2009=ADVANCED_FACE('',(#214),#127,.F.);
#2010=ADVANCED_FACE('',(#215),#128,.F.);
#2011=ADVANCED_FACE('',(#216),#129,.F.);
#2012=ADVANCED_FACE('',(#217),#1913,.F.);
#2013=ADVANCED_FACE('',(#218),#1914,.F.);
#2014=ADVANCED_FACE('',(#219,#45),#1915,.T.);
#2015=ADVANCED_FACE('',(#220),#1916,.F.);
#2016=ADVANCED_FACE('',(#221),#1917,.F.);
#2017=ADVANCED_FACE('',(#222),#1918,.F.);
#2018=ADVANCED_FACE('',(#223),#1919,.F.);
#2019=ADVANCED_FACE('',(#224),#1920,.F.);
#2020=ADVANCED_FACE('',(#225),#34,.F.);
#2021=ADVANCED_FACE('',(#226),#1921,.F.);
#2022=ADVANCED_FACE('',(#227),#35,.F.);
#2023=ADVANCED_FACE('',(#228),#1922,.F.);
#2024=ADVANCED_FACE('',(#229),#36,.F.);
#2025=ADVANCED_FACE('',(#230),#1923,.F.);
#2026=ADVANCED_FACE('',(#231),#37,.F.);
#2027=ADVANCED_FACE('',(#232),#1924,.F.);
#2028=ADVANCED_FACE('',(#233),#1925,.T.);
#2029=ADVANCED_FACE('',(#234,#46,#47,#48,#49,#50,#51,#52),#1926,.T.);
#2030=ADVANCED_FACE('',(#235),#1927,.T.);
#2031=ADVANCED_FACE('',(#236),#1928,.T.);
#2032=ADVANCED_FACE('',(#237),#38,.F.);
#2033=ADVANCED_FACE('',(#238),#1929,.T.);
#2034=ADVANCED_FACE('',(#239),#39,.F.);
#2035=ADVANCED_FACE('',(#240),#40,.T.);
#2036=ADVANCED_FACE('',(#241),#41,.T.);
#2037=ADVANCED_FACE('',(#242),#1930,.T.);
#2038=ADVANCED_FACE('',(#243),#42,.T.);
#2039=ADVANCED_FACE('',(#244),#1931,.T.);
#2040=ADVANCED_FACE('',(#245),#43,.T.);
#2041=ADVANCED_FACE('',(#246),#1932,.T.);
#2042=ADVANCED_FACE('',(#247,#53,#54),#1933,.F.);
#2043=ADVANCED_FACE('',(#248),#1934,.T.);
#2044=ADVANCED_FACE('',(#249),#1935,.T.);
#2045=CLOSED_SHELL('',(#1936,#1937,#1938,#1939,#1940,#1941,#1942,#1943,
#1944,#1945,#1946,#1947,#1948,#1949,#1950,#1951,#1952,#1953,#1954,#1955,
#1956,#1957,#1958,#1959,#1960,#1961,#1962,#1963,#1964,#1965,#1966,#1967,
#1968,#1969,#1970,#1971,#1972,#1973,#1974,#1975,#1976,#1977,#1978,#1979,
#1980,#1981,#1982,#1983,#1984,#1985,#1986,#1987,#1988,#1989,#1990,#1991,
#1992,#1993,#1994,#1995,#1996,#1997,#1998,#1999,#2000,#2001,#2002,#2003,
#2004,#2005,#2006,#2007,#2008,#2009,#2010,#2011,#2012,#2013,#2014,#2015,
#2016,#2017,#2018,#2019,#2020,#2021,#2022,#2023,#2024,#2025,#2026,#2027,
#2028,#2029,#2030,#2031,#2032,#2033,#2034,#2035,#2036,#2037,#2038,#2039,
#2040,#2041,#2042,#2043,#2044));
#2046=AXIS2_PLACEMENT_3D('',#2579,#2151,#2152);
#2047=AXIS2_PLACEMENT_3D('',#2580,#2153,#2154);
#2048=AXIS2_PLACEMENT_3D('',#2589,#2159,#2160);
#2049=AXIS2_PLACEMENT_3D('',#2595,#2164,#2165);
#2050=AXIS2_PLACEMENT_3D('',#2601,#2169,#2170);
#2051=AXIS2_PLACEMENT_3D('',#2604,#2173,#2174);
#2052=AXIS2_PLACEMENT_3D('',#2605,#2175,#2176);
#2053=AXIS2_PLACEMENT_3D('',#2660,#2183,#2184);
#2054=AXIS2_PLACEMENT_3D('',#2666,#2188,#2189);
#2055=AXIS2_PLACEMENT_3D('',#2672,#2193,#2194);
#2056=AXIS2_PLACEMENT_3D('',#2747,#2201,#2202);
#2057=AXIS2_PLACEMENT_3D('',#2753,#2206,#2207);
#2058=AXIS2_PLACEMENT_3D('',#2756,#2210,#2211);
#2059=AXIS2_PLACEMENT_3D('',#2757,#2212,#2213);
#2060=AXIS2_PLACEMENT_3D('',#2766,#2218,#2219);
#2061=AXIS2_PLACEMENT_3D('',#2772,#2223,#2224);
#2062=AXIS2_PLACEMENT_3D('',#2778,#2228,#2229);
#2063=AXIS2_PLACEMENT_3D('',#2784,#2233,#2234);
#2064=AXIS2_PLACEMENT_3D('',#2790,#2238,#2239);
#2065=AXIS2_PLACEMENT_3D('',#2796,#2243,#2244);
#2066=AXIS2_PLACEMENT_3D('',#2802,#2248,#2249);
#2067=AXIS2_PLACEMENT_3D('',#2808,#2253,#2254);
#2068=AXIS2_PLACEMENT_3D('',#2814,#2258,#2259);
#2069=AXIS2_PLACEMENT_3D('',#2820,#2263,#2264);
#2070=AXIS2_PLACEMENT_3D('',#2826,#2268,#2269);
#2071=AXIS2_PLACEMENT_3D('',#2832,#2273,#2274);
#2072=AXIS2_PLACEMENT_3D('',#2838,#2278,#2279);
#2073=AXIS2_PLACEMENT_3D('',#2844,#2283,#2284);
#2074=AXIS2_PLACEMENT_3D('',#2847,#2287,#2288);
#2075=AXIS2_PLACEMENT_3D('',#2848,#2289,#2290);
#2076=AXIS2_PLACEMENT_3D('',#2857,#2295,#2296);
#2077=AXIS2_PLACEMENT_3D('',#2863,#2300,#2301);
#2078=AXIS2_PLACEMENT_3D('',#2869,#2305,#2306);
#2079=AXIS2_PLACEMENT_3D('',#2990,#2315,#2316);
#2080=AXIS2_PLACEMENT_3D('',#2996,#2320,#2321);
#2081=AXIS2_PLACEMENT_3D('',#3002,#2325,#2326);
#2082=AXIS2_PLACEMENT_3D('',#3054,#2332,#2333);
#2083=AXIS2_PLACEMENT_3D('',#3060,#2337,#2338);
#2084=AXIS2_PLACEMENT_3D('',#3066,#2342,#2343);
#2085=AXIS2_PLACEMENT_3D('',#3141,#2350,#2351);
#2086=AXIS2_PLACEMENT_3D('',#3147,#2355,#2356);
#2087=AXIS2_PLACEMENT_3D('',#3150,#2359,#2360);
#2088=AXIS2_PLACEMENT_3D('',#3151,#2361,#2362);
#2089=AXIS2_PLACEMENT_3D('',#3160,#2367,#2368);
#2090=AXIS2_PLACEMENT_3D('',#3166,#2372,#2373);
#2091=AXIS2_PLACEMENT_3D('',#3172,#2377,#2378);
#2092=AXIS2_PLACEMENT_3D('',#3293,#2387,#2388);
#2093=AXIS2_PLACEMENT_3D('',#3299,#2392,#2393);
#2094=AXIS2_PLACEMENT_3D('',#3305,#2397,#2398);
#2095=AXIS2_PLACEMENT_3D('',#3357,#2404,#2405);
#2096=AXIS2_PLACEMENT_3D('',#3363,#2409,#2410);
#2097=AXIS2_PLACEMENT_3D('',#3369,#2414,#2415);
#2098=AXIS2_PLACEMENT_3D('',#3444,#2422,#2423);
#2099=AXIS2_PLACEMENT_3D('',#3450,#2427,#2428);
#2100=AXIS2_PLACEMENT_3D('',#3453,#2431,#2432);
#2101=AXIS2_PLACEMENT_3D('',#3454,#2433,#2434);
#2102=AXIS2_PLACEMENT_3D('',#3463,#2439,#2440);
#2103=AXIS2_PLACEMENT_3D('',#3469,#2444,#2445);
#2104=AXIS2_PLACEMENT_3D('',#3475,#2449,#2450);
#2105=AXIS2_PLACEMENT_3D('',#3478,#2453,#2454);
#2106=AXIS2_PLACEMENT_3D('',#3479,#2455,#2456);
#2107=AXIS2_PLACEMENT_3D('',#3482,#2457,#2458);
#2108=AXIS2_PLACEMENT_3D('',#3486,#2460,#2461);
#2109=AXIS2_PLACEMENT_3D('',#3488,#2463,#2464);
#2110=AXIS2_PLACEMENT_3D('',#3494,#2468,#2469);
#2111=AXIS2_PLACEMENT_3D('',#3496,#2470,#2471);
#2112=AXIS2_PLACEMENT_3D('',#3499,#2473,#2474);
#2113=AXIS2_PLACEMENT_3D('',#3500,#2475,#2476);
#2114=AXIS2_PLACEMENT_3D('',#3506,#2480,#2481);
#2115=AXIS2_PLACEMENT_3D('',#3508,#2482,#2483);
#2116=AXIS2_PLACEMENT_3D('',#3511,#2485,#2486);
#2117=AXIS2_PLACEMENT_3D('',#3512,#2487,#2488);
#2118=AXIS2_PLACEMENT_3D('',#3518,#2492,#2493);
#2119=AXIS2_PLACEMENT_3D('',#3520,#2494,#2495);
#2120=AXIS2_PLACEMENT_3D('',#3523,#2497,#2498);
#2121=AXIS2_PLACEMENT_3D('',#3524,#2499,#2500);
#2122=AXIS2_PLACEMENT_3D('',#3527,#2503,#2504);
#2123=AXIS2_PLACEMENT_3D('',#3528,#2505,#2506);
#2124=AXIS2_PLACEMENT_3D('',#3531,#2507,#2508);
#2125=AXIS2_PLACEMENT_3D('',#3535,#2510,#2511);
#2126=AXIS2_PLACEMENT_3D('',#3539,#2513,#2514);
#2127=AXIS2_PLACEMENT_3D('',#3543,#2516,#2517);
#2128=AXIS2_PLACEMENT_3D('',#3545,#2519,#2520);
#2129=AXIS2_PLACEMENT_3D('',#3546,#2521,#2522);
#2130=AXIS2_PLACEMENT_3D('',#3548,#2523,#2524);
#2131=AXIS2_PLACEMENT_3D('',#3549,#2525,#2526);
#2132=AXIS2_PLACEMENT_3D('',#3552,#2528,#2529);
#2133=AXIS2_PLACEMENT_3D('',#3553,#2530,#2531);
#2134=AXIS2_PLACEMENT_3D('',#3555,#2532,#2533);
#2135=AXIS2_PLACEMENT_3D('',#3556,#2534,#2535);
#2136=AXIS2_PLACEMENT_3D('',#3559,#2537,#2538);
#2137=AXIS2_PLACEMENT_3D('',#3560,#2539,#2540);
#2138=AXIS2_PLACEMENT_3D('',#3564,#2542,#2543);
#2139=AXIS2_PLACEMENT_3D('',#3566,#2545,#2546);
#2140=AXIS2_PLACEMENT_3D('',#3570,#2548,#2549);
#2141=AXIS2_PLACEMENT_3D('',#3572,#2551,#2552);
#2142=AXIS2_PLACEMENT_3D('',#3576,#2555,#2556);
#2143=AXIS2_PLACEMENT_3D('',#3579,#2558,#2559);
#2144=AXIS2_PLACEMENT_3D('',#3580,#2560,#2561);
#2145=AXIS2_PLACEMENT_3D('',#3584,#2564,#2565);
#2146=AXIS2_PLACEMENT_3D('',#3587,#2567,#2568);
#2147=AXIS2_PLACEMENT_3D('',#3588,#2569,#2570);
#2148=AXIS2_PLACEMENT_3D('',#3590,#2572,#2573);
#2149=AXIS2_PLACEMENT_3D('',#3592,#2575,#2576);
#2150=AXIS2_PLACEMENT_3D('',#3593,#2577,#2578);
#2151=DIRECTION('axis',(0.,0.,1.));
#2152=DIRECTION('refdir',(1.,0.,0.));
#2153=DIRECTION('center_axis',(0.,1.,0.));
#2154=DIRECTION('ref_axis',(1.,0.,0.));
#2155=DIRECTION('',(1.,0.,0.));
#2156=DIRECTION('',(0.,0.,-1.));
#2157=DIRECTION('',(1.,0.,0.));
#2158=DIRECTION('',(0.,0.,-1.));
#2159=DIRECTION('center_axis',(-1.,0.,0.));
#2160=DIRECTION('ref_axis',(0.,1.,0.));
#2161=DIRECTION('',(0.,1.,0.));
#2162=DIRECTION('',(0.,0.,-1.));
#2163=DIRECTION('',(0.,1.,0.));
#2164=DIRECTION('center_axis',(0.,-1.,0.));
#2165=DIRECTION('ref_axis',(-1.,0.,0.));
#2166=DIRECTION('',(-1.,0.,0.));
#2167=DIRECTION('',(0.,0.,-1.));
#2168=DIRECTION('',(-1.,0.,0.));
#2169=DIRECTION('center_axis',(1.,0.,0.));
#2170=DIRECTION('ref_axis',(0.,-1.,0.));
#2171=DIRECTION('',(0.,-1.,0.));
#2172=DIRECTION('',(0.,-1.,0.));
#2173=DIRECTION('center_axis',(0.,0.,-1.));
#2174=DIRECTION('ref_axis',(-1.,0.,0.));
#2175=DIRECTION('center_axis',(0.,1.,0.));
#2176=DIRECTION('ref_axis',(1.,0.,0.));
#2177=DIRECTION('',(1.,0.,0.));
#2178=DIRECTION('',(0.,0.,-1.));
#2179=DIRECTION('',(1.,0.,0.));
#2180=DIRECTION('',(0.,0.,-1.));
#2181=DIRECTION('',(0.,0.,-1.));
#2182=DIRECTION('',(0.,0.,-1.));
#2183=DIRECTION('center_axis',(1.,0.,0.));
#2184=DIRECTION('ref_axis',(0.,-1.,0.));
#2185=DIRECTION('',(0.,-1.,0.));
#2186=DIRECTION('',(0.,0.,-1.));
#2187=DIRECTION('',(0.,-1.,0.));
#2188=DIRECTION('center_axis',(0.,1.,0.));
#2189=DIRECTION('ref_axis',(1.,0.,0.));
#2190=DIRECTION('',(1.,0.,0.));
#2191=DIRECTION('',(0.,0.,-1.));
#2192=DIRECTION('',(1.,0.,0.));
#2193=DIRECTION('center_axis',(-1.,5.69703690908511E-15,0.));
#2194=DIRECTION('ref_axis',(5.69703690908511E-15,1.,0.));
#2195=DIRECTION('',(5.69703690908511E-15,1.,0.));
#2196=DIRECTION('',(0.,0.,-1.));
#2197=DIRECTION('',(5.69703690908511E-15,1.,0.));
#2198=DIRECTION('',(0.,0.,-1.));
#2199=DIRECTION('',(0.,0.,-1.));
#2200=DIRECTION('',(0.,0.,-1.));
#2201=DIRECTION('center_axis',(0.,-1.,0.));
#2202=DIRECTION('ref_axis',(-1.,0.,0.));
#2203=DIRECTION('',(-1.,0.,0.));
#2204=DIRECTION('',(0.,0.,-1.));
#2205=DIRECTION('',(-1.,0.,0.));
#2206=DIRECTION('center_axis',(1.,0.,0.));
#2207=DIRECTION('ref_axis',(0.,-1.,0.));
#2208=DIRECTION('',(0.,-1.,0.));
#2209=DIRECTION('',(0.,-1.,0.));
#2210=DIRECTION('center_axis',(0.,0.,1.));
#2211=DIRECTION('ref_axis',(-1.,0.,0.));
#2212=DIRECTION('center_axis',(0.,-1.,0.));
#2213=DIRECTION('ref_axis',(-1.,0.,0.));
#2214=DIRECTION('',(-1.,0.,0.));
#2215=DIRECTION('',(0.,0.,-1.));
#2216=DIRECTION('',(-1.,0.,0.));
#2217=DIRECTION('',(0.,0.,-1.));
#2218=DIRECTION('center_axis',(-0.73752291092968,-0.675322112664624,0.));
#2219=DIRECTION('ref_axis',(-0.675322112664624,0.73752291092968,0.));
#2220=DIRECTION('',(-0.675322112664624,0.73752291092968,0.));
#2221=DIRECTION('',(0.,0.,-1.));
#2222=DIRECTION('',(-0.675322112664624,0.73752291092968,0.));
#2223=DIRECTION('center_axis',(0.,-1.,0.));
#2224=DIRECTION('ref_axis',(-1.,0.,0.));
#2225=DIRECTION('',(-1.,0.,0.));
#2226=DIRECTION('',(0.,0.,-1.));
#2227=DIRECTION('',(-1.,0.,0.));
#2228=DIRECTION('center_axis',(1.,0.,0.));
#2229=DIRECTION('ref_axis',(0.,-1.,0.));
#2230=DIRECTION('',(0.,-1.,0.));
#2231=DIRECTION('',(0.,0.,-1.));
#2232=DIRECTION('',(0.,-1.,0.));
#2233=DIRECTION('center_axis',(0.740867408253808,0.671651310865456,0.));
#2234=DIRECTION('ref_axis',(0.671651310865456,-0.740867408253808,0.));
#2235=DIRECTION('',(0.671651310865456,-0.740867408253808,0.));
#2236=DIRECTION('',(0.,0.,-1.));
#2237=DIRECTION('',(0.671651310865456,-0.740867408253808,0.));
#2238=DIRECTION('center_axis',(0.739592682983378,-0.673054725321388,0.));
#2239=DIRECTION('ref_axis',(-0.673054725321388,-0.739592682983378,0.));
#2240=DIRECTION('',(-0.673054725321388,-0.739592682983378,0.));
#2241=DIRECTION('',(0.,0.,-1.));
#2242=DIRECTION('',(-0.673054725321388,-0.739592682983378,0.));
#2243=DIRECTION('center_axis',(1.,0.,0.));
#2244=DIRECTION('ref_axis',(0.,-1.,0.));
#2245=DIRECTION('',(0.,-1.,0.));
#2246=DIRECTION('',(0.,0.,-1.));
#2247=DIRECTION('',(0.,-1.,0.));
#2248=DIRECTION('center_axis',(0.,1.,0.));
#2249=DIRECTION('ref_axis',(1.,0.,0.));
#2250=DIRECTION('',(1.,0.,0.));
#2251=DIRECTION('',(0.,0.,-1.));
#2252=DIRECTION('',(1.,0.,0.));
#2253=DIRECTION('center_axis',(-0.73752291092968,0.675322112664624,0.));
#2254=DIRECTION('ref_axis',(0.675322112664624,0.73752291092968,0.));
#2255=DIRECTION('',(0.675322112664624,0.73752291092968,0.));
#2256=DIRECTION('',(0.,0.,-1.));
#2257=DIRECTION('',(0.675322112664624,0.73752291092968,0.));
#2258=DIRECTION('center_axis',(-7.22143577408905E-16,1.,0.));
#2259=DIRECTION('ref_axis',(1.,7.22143577408905E-16,0.));
#2260=DIRECTION('',(1.,7.22143577408905E-16,0.));
#2261=DIRECTION('',(0.,0.,-1.));
#2262=DIRECTION('',(1.,7.22143577408905E-16,0.));
#2263=DIRECTION('center_axis',(1.,0.,0.));
#2264=DIRECTION('ref_axis',(0.,-1.,0.));
#2265=DIRECTION('',(0.,-1.,0.));
#2266=DIRECTION('',(0.,0.,-1.));
#2267=DIRECTION('',(0.,-1.,0.));
#2268=DIRECTION('center_axis',(1.40906234433889E-15,1.,0.));
#2269=DIRECTION('ref_axis',(1.,-1.40906234433889E-15,0.));
#2270=DIRECTION('',(1.,-1.40906234433889E-15,0.));
#2271=DIRECTION('',(0.,0.,-1.));
#2272=DIRECTION('',(1.,-1.40906234433889E-15,0.));
#2273=DIRECTION('center_axis',(-1.,0.,0.));
#2274=DIRECTION('ref_axis',(0.,1.,0.));
#2275=DIRECTION('',(0.,1.,0.));
#2276=DIRECTION('',(0.,0.,-1.));
#2277=DIRECTION('',(0.,1.,0.));
#2278=DIRECTION('center_axis',(0.,-1.,0.));
#2279=DIRECTION('ref_axis',(-1.,0.,0.));
#2280=DIRECTION('',(-1.,0.,0.));
#2281=DIRECTION('',(0.,0.,-1.));
#2282=DIRECTION('',(-1.,0.,0.));
#2283=DIRECTION('center_axis',(1.,0.,0.));
#2284=DIRECTION('ref_axis',(0.,-1.,0.));
#2285=DIRECTION('',(0.,-1.,0.));
#2286=DIRECTION('',(0.,-1.,0.));
#2287=DIRECTION('center_axis',(0.,0.,-1.));
#2288=DIRECTION('ref_axis',(-1.,0.,0.));
#2289=DIRECTION('center_axis',(1.,0.,0.));
#2290=DIRECTION('ref_axis',(0.,-1.,0.));
#2291=DIRECTION('',(0.,-1.,0.));
#2292=DIRECTION('',(0.,0.,-1.));
#2293=DIRECTION('',(0.,-1.,0.));
#2294=DIRECTION('',(0.,0.,-1.));
#2295=DIRECTION('center_axis',(0.,-1.,0.));
#2296=DIRECTION('ref_axis',(-1.,0.,0.));
#2297=DIRECTION('',(-1.,0.,0.));
#2298=DIRECTION('',(0.,0.,-1.));
#2299=DIRECTION('',(-1.,0.,0.));
#2300=DIRECTION('center_axis',(-1.,0.,0.));
#2301=DIRECTION('ref_axis',(0.,1.,0.));
#2302=DIRECTION('',(0.,1.,0.));
#2303=DIRECTION('',(0.,0.,-1.));
#2304=DIRECTION('',(0.,1.,0.));
#2305=DIRECTION('center_axis',(0.,1.,0.));
#2306=DIRECTION('ref_axis',(1.,0.,0.));
#2307=DIRECTION('',(1.,0.,0.));
#2308=DIRECTION('',(0.,0.,-1.));
#2309=DIRECTION('',(1.,0.,0.));
#2310=DIRECTION('',(0.,0.,-1.));
#2311=DIRECTION('',(0.,0.,-1.));
#2312=DIRECTION('',(0.,0.,-1.));
#2313=DIRECTION('',(0.,0.,-1.));
#2314=DIRECTION('',(0.,0.,-1.));
#2315=DIRECTION('center_axis',(0.,1.,0.));
#2316=DIRECTION('ref_axis',(1.,0.,0.));
#2317=DIRECTION('',(1.,0.,0.));
#2318=DIRECTION('',(0.,0.,-1.));
#2319=DIRECTION('',(1.,0.,0.));
#2320=DIRECTION('center_axis',(-1.,0.,0.));
#2321=DIRECTION('ref_axis',(0.,1.,0.));
#2322=DIRECTION('',(0.,1.,0.));
#2323=DIRECTION('',(0.,0.,-1.));
#2324=DIRECTION('',(0.,1.,0.));
#2325=DIRECTION('center_axis',(0.,-1.,0.));
#2326=DIRECTION('ref_axis',(-1.,0.,0.));
#2327=DIRECTION('',(-1.,0.,0.));
#2328=DIRECTION('',(0.,0.,-1.));
#2329=DIRECTION('',(-1.,0.,0.));
#2330=DIRECTION('',(0.,0.,-1.));
#2331=DIRECTION('',(0.,0.,-1.));
#2332=DIRECTION('center_axis',(-1.,0.,0.));
#2333=DIRECTION('ref_axis',(0.,1.,0.));
#2334=DIRECTION('',(0.,1.,0.));
#2335=DIRECTION('',(0.,0.,-1.));
#2336=DIRECTION('',(0.,1.,0.));
#2337=DIRECTION('center_axis',(2.27446862690553E-16,1.,0.));
#2338=DIRECTION('ref_axis',(1.,-2.27446862690553E-16,0.));
#2339=DIRECTION('',(1.,-2.27446862690553E-16,0.));
#2340=DIRECTION('',(0.,0.,-1.));
#2341=DIRECTION('',(1.,-2.27446862690553E-16,0.));
#2342=DIRECTION('center_axis',(-1.,0.,0.));
#2343=DIRECTION('ref_axis',(0.,1.,0.));
#2344=DIRECTION('',(0.,1.,0.));
#2345=DIRECTION('',(0.,0.,-1.));
#2346=DIRECTION('',(0.,1.,0.));
#2347=DIRECTION('',(0.,0.,-1.));
#2348=DIRECTION('',(0.,0.,-1.));
#2349=DIRECTION('',(0.,0.,-1.));
#2350=DIRECTION('center_axis',(-4.91672482484878E-16,-1.,0.));
#2351=DIRECTION('ref_axis',(-1.,4.91672482484878E-16,0.));
#2352=DIRECTION('',(-1.,4.91672482484878E-16,0.));
#2353=DIRECTION('',(0.,0.,-1.));
#2354=DIRECTION('',(-1.,4.91672482484878E-16,0.));
#2355=DIRECTION('center_axis',(1.,0.,0.));
#2356=DIRECTION('ref_axis',(0.,-1.,0.));
#2357=DIRECTION('',(0.,-1.,0.));
#2358=DIRECTION('',(0.,-1.,0.));
#2359=DIRECTION('center_axis',(0.,0.,1.));
#2360=DIRECTION('ref_axis',(-1.,0.,0.));
#2361=DIRECTION('center_axis',(1.,0.,0.));
#2362=DIRECTION('ref_axis',(0.,-1.,0.));
#2363=DIRECTION('',(0.,-1.,0.));
#2364=DIRECTION('',(0.,0.,-1.));
#2365=DIRECTION('',(0.,-1.,0.));
#2366=DIRECTION('',(0.,0.,-1.));
#2367=DIRECTION('center_axis',(0.,-1.,0.));
#2368=DIRECTION('ref_axis',(-1.,0.,0.));
#2369=DIRECTION('',(-1.,0.,0.));
#2370=DIRECTION('',(0.,0.,-1.));
#2371=DIRECTION('',(-1.,0.,0.));
#2372=DIRECTION('center_axis',(-1.,0.,0.));
#2373=DIRECTION('ref_axis',(0.,1.,0.));
#2374=DIRECTION('',(0.,1.,0.));
#2375=DIRECTION('',(0.,0.,-1.));
#2376=DIRECTION('',(0.,1.,0.));
#2377=DIRECTION('center_axis',(0.,1.,0.));
#2378=DIRECTION('ref_axis',(1.,0.,0.));
#2379=DIRECTION('',(1.,0.,0.));
#2380=DIRECTION('',(0.,0.,-1.));
#2381=DIRECTION('',(1.,0.,0.));
#2382=DIRECTION('',(0.,0.,-1.));
#2383=DIRECTION('',(0.,0.,-1.));
#2384=DIRECTION('',(0.,0.,-1.));
#2385=DIRECTION('',(0.,0.,-1.));
#2386=DIRECTION('',(0.,0.,-1.));
#2387=DIRECTION('center_axis',(0.,1.,0.));
#2388=DIRECTION('ref_axis',(1.,0.,0.));
#2389=DIRECTION('',(1.,0.,0.));
#2390=DIRECTION('',(0.,0.,-1.));
#2391=DIRECTION('',(1.,0.,0.));
#2392=DIRECTION('center_axis',(-1.,0.,0.));
#2393=DIRECTION('ref_axis',(0.,1.,0.));
#2394=DIRECTION('',(0.,1.,0.));
#2395=DIRECTION('',(0.,0.,-1.));
#2396=DIRECTION('',(0.,1.,0.));
#2397=DIRECTION('center_axis',(-2.46360386542185E-16,-1.,0.));
#2398=DIRECTION('ref_axis',(-1.,2.46360386542185E-16,0.));
#2399=DIRECTION('',(-1.,2.46360386542185E-16,0.));
#2400=DIRECTION('',(0.,0.,-1.));
#2401=DIRECTION('',(-1.,2.46360386542185E-16,0.));
#2402=DIRECTION('',(0.,0.,-1.));
#2403=DIRECTION('',(0.,0.,-1.));
#2404=DIRECTION('center_axis',(-1.,0.,0.));
#2405=DIRECTION('ref_axis',(0.,1.,0.));
#2406=DIRECTION('',(0.,1.,0.));
#2407=DIRECTION('',(0.,0.,-1.));
#2408=DIRECTION('',(0.,1.,0.));
#2409=DIRECTION('center_axis',(2.27446918237459E-16,1.,0.));
#2410=DIRECTION('ref_axis',(1.,-2.27446918237459E-16,0.));
#2411=DIRECTION('',(1.,-2.27446918237459E-16,0.));
#2412=DIRECTION('',(0.,0.,-1.));
#2413=DIRECTION('',(1.,-2.27446918237459E-16,0.));
#2414=DIRECTION('center_axis',(-1.,1.76065585745797E-14,0.));
#2415=DIRECTION('ref_axis',(1.76065585745797E-14,1.,0.));
#2416=DIRECTION('',(1.76065585745797E-14,1.,0.));
#2417=DIRECTION('',(0.,0.,-1.));
#2418=DIRECTION('',(1.76065585745797E-14,1.,0.));
#2419=DIRECTION('',(0.,0.,-1.));
#2420=DIRECTION('',(0.,0.,-1.));
#2421=DIRECTION('',(0.,0.,-1.));
#2422=DIRECTION('center_axis',(0.,-1.,0.));
#2423=DIRECTION('ref_axis',(-1.,0.,0.));
#2424=DIRECTION('',(-1.,0.,0.));
#2425=DIRECTION('',(0.,0.,-1.));
#2426=DIRECTION('',(-1.,0.,0.));
#2427=DIRECTION('center_axis',(1.,-8.05528805011278E-15,0.));
#2428=DIRECTION('ref_axis',(-8.05528805011278E-15,-1.,0.));
#2429=DIRECTION('',(-8.05528805011278E-15,-1.,0.));
#2430=DIRECTION('',(-8.05528805011278E-15,-1.,0.));
#2431=DIRECTION('center_axis',(0.,0.,1.));
#2432=DIRECTION('ref_axis',(-1.,0.,0.));
#2433=DIRECTION('center_axis',(1.40906021247423E-15,1.,0.));
#2434=DIRECTION('ref_axis',(1.,-1.40906021247423E-15,0.));
#2435=DIRECTION('',(1.,-1.40906021247423E-15,0.));
#2436=DIRECTION('',(0.,0.,-1.));
#2437=DIRECTION('',(1.,-1.40906021247423E-15,0.));
#2438=DIRECTION('',(0.,0.,-1.));
#2439=DIRECTION('center_axis',(-1.,0.,0.));
#2440=DIRECTION('ref_axis',(0.,1.,0.));
#2441=DIRECTION('',(0.,1.,0.));
#2442=DIRECTION('',(0.,0.,-1.));
#2443=DIRECTION('',(0.,1.,0.));
#2444=DIRECTION('center_axis',(0.,-1.,0.));
#2445=DIRECTION('ref_axis',(-1.,0.,0.));
#2446=DIRECTION('',(-1.,0.,0.));
#2447=DIRECTION('',(0.,0.,-1.));
#2448=DIRECTION('',(-1.,0.,0.));
#2449=DIRECTION('center_axis',(1.,0.,0.));
#2450=DIRECTION('ref_axis',(0.,-1.,0.));
#2451=DIRECTION('',(0.,-1.,0.));
#2452=DIRECTION('',(0.,-1.,0.));
#2453=DIRECTION('center_axis',(0.,0.,-1.));
#2454=DIRECTION('ref_axis',(-1.,0.,0.));
#2455=DIRECTION('center_axis',(0.,0.,-1.));
#2456=DIRECTION('ref_axis',(0.,-1.,0.));
#2457=DIRECTION('center_axis',(0.,0.,-1.));
#2458=DIRECTION('ref_axis',(0.,-1.,0.));
#2459=DIRECTION('',(0.,0.,-1.));
#2460=DIRECTION('center_axis',(0.,0.,-1.));
#2461=DIRECTION('ref_axis',(0.,-1.,0.));
#2462=DIRECTION('',(0.,0.,-1.));
#2463=DIRECTION('center_axis',(1.3318146583755E-16,-1.,0.));
#2464=DIRECTION('ref_axis',(-1.,-1.3318146583755E-16,0.));
#2465=DIRECTION('',(-1.,-1.3318146583755E-16,0.));
#2466=DIRECTION('',(0.,0.,-1.));
#2467=DIRECTION('',(-1.,-1.3318146583755E-16,0.));
#2468=DIRECTION('center_axis',(0.,0.,-1.));
#2469=DIRECTION('ref_axis',(1.,1.4056627037662E-15,0.));
#2470=DIRECTION('center_axis',(0.,0.,-1.));
#2471=DIRECTION('ref_axis',(1.,1.4056627037662E-15,0.));
#2472=DIRECTION('',(0.,0.,-1.));
#2473=DIRECTION('center_axis',(0.,0.,-1.));
#2474=DIRECTION('ref_axis',(1.,1.4056627037662E-15,0.));
#2475=DIRECTION('center_axis',(1.,0.,0.));
#2476=DIRECTION('ref_axis',(0.,-1.,0.));
#2477=DIRECTION('',(0.,-1.,0.));
#2478=DIRECTION('',(0.,0.,-1.));
#2479=DIRECTION('',(0.,-1.,0.));
#2480=DIRECTION('center_axis',(0.,0.,-1.));
#2481=DIRECTION('ref_axis',(0.,1.,0.));
#2482=DIRECTION('center_axis',(0.,0.,-1.));
#2483=DIRECTION('ref_axis',(0.,1.,0.));
#2484=DIRECTION('',(0.,0.,-1.));
#2485=DIRECTION('center_axis',(0.,0.,-1.));
#2486=DIRECTION('ref_axis',(0.,1.,0.));
#2487=DIRECTION('center_axis',(-1.22083010351087E-16,1.,0.));
#2488=DIRECTION('ref_axis',(1.,1.22083010351087E-16,0.));
#2489=DIRECTION('',(1.,1.22083010351087E-16,0.));
#2490=DIRECTION('',(0.,0.,-1.));
#2491=DIRECTION('',(1.,1.22083010351087E-16,0.));
#2492=DIRECTION('center_axis',(0.,0.,-1.));
#2493=DIRECTION('ref_axis',(-1.,-1.40566270376617E-15,0.));
#2494=DIRECTION('center_axis',(0.,0.,-1.));
#2495=DIRECTION('ref_axis',(-1.,-1.40566270376617E-15,0.));
#2496=DIRECTION('',(0.,0.,-1.));
#2497=DIRECTION('center_axis',(0.,0.,-1.));
#2498=DIRECTION('ref_axis',(-1.,-1.40566270376617E-15,0.));
#2499=DIRECTION('center_axis',(-1.,-3.04760917293434E-15,0.));
#2500=DIRECTION('ref_axis',(-3.04760917293434E-15,1.,0.));
#2501=DIRECTION('',(-3.04760917293434E-15,1.,0.));
#2502=DIRECTION('',(-3.04760917293434E-15,1.,0.));
#2503=DIRECTION('center_axis',(0.,0.,1.));
#2504=DIRECTION('ref_axis',(-1.,0.,0.));
#2505=DIRECTION('center_axis',(0.,0.,1.));
#2506=DIRECTION('ref_axis',(1.,0.,0.));
#2507=DIRECTION('center_axis',(0.,0.,-1.));
#2508=DIRECTION('ref_axis',(0.707106781186527,0.707106781186568,0.));
#2509=DIRECTION('',(1.,0.,0.));
#2510=DIRECTION('center_axis',(0.,0.,-1.));
#2511=DIRECTION('ref_axis',(-0.707106781186543,0.707106781186552,0.));
#2512=DIRECTION('',(2.51965509134786E-15,1.,0.));
#2513=DIRECTION('center_axis',(0.,0.,-1.));
#2514=DIRECTION('ref_axis',(-0.707106781186545,-0.70710678118655,0.));
#2515=DIRECTION('',(-1.,0.,0.));
#2516=DIRECTION('center_axis',(0.,0.,-1.));
#2517=DIRECTION('ref_axis',(0.707106781186544,-0.707106781186551,0.));
#2518=DIRECTION('',(0.,-1.,0.));
#2519=DIRECTION('center_axis',(0.,0.,1.));
#2520=DIRECTION('ref_axis',(1.,0.,0.));
#2521=DIRECTION('center_axis',(0.,0.,-1.));
#2522=DIRECTION('ref_axis',(1.,0.,0.));
#2523=DIRECTION('center_axis',(0.,0.,1.));
#2524=DIRECTION('ref_axis',(1.,0.,0.));
#2525=DIRECTION('center_axis',(0.,0.,-1.));
#2526=DIRECTION('ref_axis',(1.,0.,0.));
#2527=DIRECTION('',(0.,0.,-1.));
#2528=DIRECTION('center_axis',(0.,0.,1.));
#2529=DIRECTION('ref_axis',(1.,0.,0.));
#2530=DIRECTION('center_axis',(0.,0.,-1.));
#2531=DIRECTION('ref_axis',(1.,0.,0.));
#2532=DIRECTION('center_axis',(0.,0.,1.));
#2533=DIRECTION('ref_axis',(1.,0.,0.));
#2534=DIRECTION('center_axis',(0.,0.,-1.));
#2535=DIRECTION('ref_axis',(1.,0.,0.));
#2536=DIRECTION('',(0.,0.,-1.));
#2537=DIRECTION('center_axis',(0.,0.,1.));
#2538=DIRECTION('ref_axis',(1.,0.,0.));
#2539=DIRECTION('center_axis',(0.,0.,1.));
#2540=DIRECTION('ref_axis',(0.707106781186527,0.707106781186568,0.));
#2541=DIRECTION('',(0.,0.,-1.));
#2542=DIRECTION('center_axis',(0.,0.,1.));
#2543=DIRECTION('ref_axis',(0.707106781186527,0.707106781186568,0.));
#2544=DIRECTION('',(0.,0.,1.));
#2545=DIRECTION('center_axis',(0.,0.,1.));
#2546=DIRECTION('ref_axis',(0.707106781186544,-0.707106781186551,0.));
#2547=DIRECTION('',(0.,0.,-1.));
#2548=DIRECTION('center_axis',(0.,0.,1.));
#2549=DIRECTION('ref_axis',(0.707106781186544,-0.707106781186551,0.));
#2550=DIRECTION('',(0.,0.,1.));
#2551=DIRECTION('center_axis',(0.,-1.,0.));
#2552=DIRECTION('ref_axis',(1.,0.,0.));
#2553=DIRECTION('',(0.,0.,1.));
#2554=DIRECTION('',(-1.,0.,0.));
#2555=DIRECTION('center_axis',(0.,0.,1.));
#2556=DIRECTION('ref_axis',(-0.707106781186545,-0.70710678118655,0.));
#2557=DIRECTION('',(0.,0.,-1.));
#2558=DIRECTION('center_axis',(0.,0.,1.));
#2559=DIRECTION('ref_axis',(-0.707106781186545,-0.70710678118655,0.));
#2560=DIRECTION('center_axis',(-1.,2.51965509134786E-15,0.));
#2561=DIRECTION('ref_axis',(-2.51965509134786E-15,-1.,0.));
#2562=DIRECTION('',(0.,0.,1.));
#2563=DIRECTION('',(2.51965509134786E-15,1.,0.));
#2564=DIRECTION('center_axis',(0.,0.,1.));
#2565=DIRECTION('ref_axis',(-0.707106781186543,0.707106781186552,0.));
#2566=DIRECTION('',(0.,0.,-1.));
#2567=DIRECTION('center_axis',(0.,0.,1.));
#2568=DIRECTION('ref_axis',(-0.707106781186543,0.707106781186552,0.));
#2569=DIRECTION('center_axis',(0.,1.,0.));
#2570=DIRECTION('ref_axis',(-1.,0.,0.));
#2571=DIRECTION('',(1.,0.,0.));
#2572=DIRECTION('center_axis',(0.,0.,1.));
#2573=DIRECTION('ref_axis',(-1.,0.,0.));
#2574=DIRECTION('',(0.,-1.,0.));
#2575=DIRECTION('center_axis',(1.,0.,0.));
#2576=DIRECTION('ref_axis',(0.,1.,0.));
#2577=DIRECTION('center_axis',(0.,0.,1.));
#2578=DIRECTION('ref_axis',(1.,0.,0.));
#2579=CARTESIAN_POINT('',(0.,0.,0.));
#2580=CARTESIAN_POINT('Origin',(238.138976748397,-3.3323125043996,60.62));
#2581=CARTESIAN_POINT('',(238.138976748397,-3.3323125043996,60.62));
#2582=CARTESIAN_POINT('',(238.926894123962,-3.3323125043996,60.62));
#2583=CARTESIAN_POINT('',(213.474643711084,-3.3323125043996,60.62));
#2584=CARTESIAN_POINT('',(238.138976748397,-3.3323125043996,60.52));
#2585=CARTESIAN_POINT('',(238.138976748397,-3.3323125043996,60.62));
#2586=CARTESIAN_POINT('',(238.926894123962,-3.3323125043996,60.52));
#2587=CARTESIAN_POINT('',(238.138976748397,-3.3323125043996,60.52));
#2588=CARTESIAN_POINT('',(238.926894123962,-3.3323125043996,60.62));
#2589=CARTESIAN_POINT('Origin',(238.138976748397,-4.12022928391773,60.62));
#2590=CARTESIAN_POINT('',(238.138976748397,-4.12022928391773,60.62));
#2591=CARTESIAN_POINT('',(238.138976748397,-5.57511464195886,60.62));
#2592=CARTESIAN_POINT('',(238.138976748397,-4.12022928391773,60.52));
#2593=CARTESIAN_POINT('',(238.138976748397,-4.12022928391773,60.62));
#2594=CARTESIAN_POINT('',(238.138976748397,-4.12022928391773,60.52));
#2595=CARTESIAN_POINT('Origin',(238.926894123962,-4.12022928391773,60.62));
#2596=CARTESIAN_POINT('',(238.926894123962,-4.12022928391773,60.62));
#2597=CARTESIAN_POINT('',(213.868602398866,-4.12022928391773,60.62));
#2598=CARTESIAN_POINT('',(238.926894123962,-4.12022928391773,60.52));
#2599=CARTESIAN_POINT('',(238.926894123962,-4.12022928391773,60.62));
#2600=CARTESIAN_POINT('',(238.926894123962,-4.12022928391773,60.52));
#2601=CARTESIAN_POINT('Origin',(238.926894123962,-3.3323125043996,60.62));
#2602=CARTESIAN_POINT('',(238.926894123962,-5.1811562521998,60.62));
#2603=CARTESIAN_POINT('',(238.926894123962,-3.3323125043996,60.52));
#2604=CARTESIAN_POINT('Origin',(188.242044611352,-7.03843643506858,60.52));
#2605=CARTESIAN_POINT('Origin',(229.73132854264,-9.94312624131519,60.62));
#2606=CARTESIAN_POINT('',(229.73132854264,-9.94312624131519,60.62));
#2607=CARTESIAN_POINT('',(230.672985072543,-9.94312624131519,60.62));
#2608=CARTESIAN_POINT('',(209.270819608205,-9.94312624131519,60.62));
#2609=CARTESIAN_POINT('',(229.73132854264,-9.94312624131519,60.52));
#2610=CARTESIAN_POINT('',(229.73132854264,-9.94312624131519,60.62));
#2611=CARTESIAN_POINT('',(230.672985072543,-9.94312624131519,60.52));
#2612=CARTESIAN_POINT('',(229.73132854264,-9.94312624131519,60.52));
#2613=CARTESIAN_POINT('',(230.672985072543,-9.94312624131519,60.62));
#2614=CARTESIAN_POINT('Ctrl Pts',(229.46708818834,-9.83262578641254,60.62));
#2615=CARTESIAN_POINT('Ctrl Pts',(229.46708818834,-9.83262578641254,60.52));
#2616=CARTESIAN_POINT('Ctrl Pts',(229.505604794332,-9.86485496585176,60.62));
#2617=CARTESIAN_POINT('Ctrl Pts',(229.505604794332,-9.86485496585176,60.52));
#2618=CARTESIAN_POINT('Ctrl Pts',(229.5822862685,-9.92901900437372,60.62));
#2619=CARTESIAN_POINT('Ctrl Pts',(229.5822862685,-9.92901900437372,60.52));
#2620=CARTESIAN_POINT('Ctrl Pts',(229.681799940953,-9.93843823099455,60.62));
#2621=CARTESIAN_POINT('Ctrl Pts',(229.681799940953,-9.93843823099455,60.52));
#2622=CARTESIAN_POINT('Ctrl Pts',(229.73132854264,-9.94312624131519,60.62));
#2623=CARTESIAN_POINT('Ctrl Pts',(229.73132854264,-9.94312624131519,60.52));
#2624=CARTESIAN_POINT('',(229.46708818834,-9.83262578641254,60.62));
#2625=CARTESIAN_POINT('Ctrl Pts',(229.46708818834,-9.83262578641254,60.62));
#2626=CARTESIAN_POINT('Ctrl Pts',(229.505604794332,-9.86485496585176,60.62));
#2627=CARTESIAN_POINT('Ctrl Pts',(229.5822862685,-9.92901900437372,60.62));
#2628=CARTESIAN_POINT('Ctrl Pts',(229.681799940953,-9.93843823099455,60.62));
#2629=CARTESIAN_POINT('Ctrl Pts',(229.73132854264,-9.94312624131519,60.62));
#2630=CARTESIAN_POINT('',(229.46708818834,-9.83262578641254,60.52));
#2631=CARTESIAN_POINT('',(229.46708818834,-9.83262578641254,60.62));
#2632=CARTESIAN_POINT('Ctrl Pts',(229.46708818834,-9.83262578641254,60.52));
#2633=CARTESIAN_POINT('Ctrl Pts',(229.505604794332,-9.86485496585176,60.52));
#2634=CARTESIAN_POINT('Ctrl Pts',(229.5822862685,-9.92901900437372,60.52));
#2635=CARTESIAN_POINT('Ctrl Pts',(229.681799940953,-9.93843823099455,60.52));
#2636=CARTESIAN_POINT('Ctrl Pts',(229.73132854264,-9.94312624131519,60.52));
#2637=CARTESIAN_POINT('Ctrl Pts',(229.356587733438,-9.56838528310138,60.62));
#2638=CARTESIAN_POINT('Ctrl Pts',(229.356587733438,-9.56838528310138,60.52));
#2639=CARTESIAN_POINT('Ctrl Pts',(229.361275801949,-9.61791393083466,60.62));
#2640=CARTESIAN_POINT('Ctrl Pts',(229.361275801949,-9.61791393083466,60.52));
#2641=CARTESIAN_POINT('Ctrl Pts',(229.370695137106,-9.7174276072612,60.62));
#2642=CARTESIAN_POINT('Ctrl Pts',(229.370695137106,-9.7174276072612,60.52));
#2643=CARTESIAN_POINT('Ctrl Pts',(229.43485908356,-9.79410916992629,60.62));
#2644=CARTESIAN_POINT('Ctrl Pts',(229.43485908356,-9.79410916992629,60.52));
#2645=CARTESIAN_POINT('Ctrl Pts',(229.46708818834,-9.83262578641254,60.62));
#2646=CARTESIAN_POINT('Ctrl Pts',(229.46708818834,-9.83262578641254,60.52));
#2647=CARTESIAN_POINT('',(229.356587733438,-9.56838528310138,60.62));
#2648=CARTESIAN_POINT('Ctrl Pts',(229.356587733438,-9.56838528310138,60.62));
#2649=CARTESIAN_POINT('Ctrl Pts',(229.361275801949,-9.61791393083466,60.62));
#2650=CARTESIAN_POINT('Ctrl Pts',(229.370695137106,-9.7174276072612,60.62));
#2651=CARTESIAN_POINT('Ctrl Pts',(229.43485908356,-9.79410916992629,60.62));
#2652=CARTESIAN_POINT('Ctrl Pts',(229.46708818834,-9.83262578641254,60.62));
#2653=CARTESIAN_POINT('',(229.356587733438,-9.56838528310138,60.52));
#2654=CARTESIAN_POINT('',(229.356587733438,-9.56838528310138,60.62));
#2655=CARTESIAN_POINT('Ctrl Pts',(229.356587733438,-9.56838528310138,60.52));
#2656=CARTESIAN_POINT('Ctrl Pts',(229.361275801949,-9.61791393083466,60.52));
#2657=CARTESIAN_POINT('Ctrl Pts',(229.370695137106,-9.7174276072612,60.52));
#2658=CARTESIAN_POINT('Ctrl Pts',(229.43485908356,-9.79410916992629,60.52));
#2659=CARTESIAN_POINT('Ctrl Pts',(229.46708818834,-9.83262578641254,60.52));
#2660=CARTESIAN_POINT('Origin',(229.356587733438,-3.3323125043996,60.62));
#2661=CARTESIAN_POINT('',(229.356587733438,-3.3323125043996,60.62));
#2662=CARTESIAN_POINT('',(229.356587733438,-5.1811562521998,60.62));
#2663=CARTESIAN_POINT('',(229.356587733438,-3.3323125043996,60.52));
#2664=CARTESIAN_POINT('',(229.356587733438,-3.3323125043996,60.62));
#2665=CARTESIAN_POINT('',(229.356587733438,-3.3323125043996,60.52));
#2666=CARTESIAN_POINT('Origin',(228.568670916667,-3.3323125043996,60.62));
#2667=CARTESIAN_POINT('',(228.568670916667,-3.3323125043996,60.62));
#2668=CARTESIAN_POINT('',(208.689490795219,-3.3323125043996,60.62));
#2669=CARTESIAN_POINT('',(228.568670916667,-3.3323125043996,60.52));
#2670=CARTESIAN_POINT('',(228.568670916667,-3.3323125043996,60.62));
#2671=CARTESIAN_POINT('',(228.568670916667,-3.3323125043996,60.52));
#2672=CARTESIAN_POINT('Origin',(228.568670916667,-9.56838528310138,60.62));
#2673=CARTESIAN_POINT('',(228.568670916667,-9.56838528310138,60.62));
#2674=CARTESIAN_POINT('',(228.568670916667,-8.2991926415508,60.62));
#2675=CARTESIAN_POINT('',(228.568670916667,-9.56838528310138,60.52));
#2676=CARTESIAN_POINT('',(228.568670916667,-9.56838528310138,60.62));
#2677=CARTESIAN_POINT('',(228.568670916667,-9.56838528310138,60.52));
#2678=CARTESIAN_POINT('Ctrl Pts',(228.727215136697,-10.1497141519673,60.62));
#2679=CARTESIAN_POINT('Ctrl Pts',(228.727215136697,-10.1497141519673,60.52));
#2680=CARTESIAN_POINT('Ctrl Pts',(228.680973814856,-10.059038849703,60.62));
#2681=CARTESIAN_POINT('Ctrl Pts',(228.680973814856,-10.059038849703,60.52));
#2682=CARTESIAN_POINT('Ctrl Pts',(228.587787856776,-9.87630910541353,60.62));
#2683=CARTESIAN_POINT('Ctrl Pts',(228.587787856776,-9.87630910541353,60.52));
#2684=CARTESIAN_POINT('Ctrl Pts',(228.575075212629,-9.67154171298682,60.62));
#2685=CARTESIAN_POINT('Ctrl Pts',(228.575075212629,-9.67154171298682,60.52));
#2686=CARTESIAN_POINT('Ctrl Pts',(228.568670916667,-9.56838528310138,60.62));
#2687=CARTESIAN_POINT('Ctrl Pts',(228.568670916667,-9.56838528310138,60.52));
#2688=CARTESIAN_POINT('',(228.727215136697,-10.1497141519673,60.62));
#2689=CARTESIAN_POINT('Ctrl Pts',(228.727215136697,-10.1497141519673,60.62));
#2690=CARTESIAN_POINT('Ctrl Pts',(228.680973814856,-10.059038849703,60.62));
#2691=CARTESIAN_POINT('Ctrl Pts',(228.587787856776,-9.87630910541353,60.62));
#2692=CARTESIAN_POINT('Ctrl Pts',(228.575075212629,-9.67154171298682,60.62));
#2693=CARTESIAN_POINT('Ctrl Pts',(228.568670916667,-9.56838528310138,60.62));
#2694=CARTESIAN_POINT('',(228.727215136697,-10.1497141519673,60.52));
#2695=CARTESIAN_POINT('',(228.727215136697,-10.1497141519673,60.62));
#2696=CARTESIAN_POINT('Ctrl Pts',(228.727215136697,-10.1497141519673,60.52));
#2697=CARTESIAN_POINT('Ctrl Pts',(228.680973814856,-10.059038849703,60.52));
#2698=CARTESIAN_POINT('Ctrl Pts',(228.587787856776,-9.87630910541353,60.52));
#2699=CARTESIAN_POINT('Ctrl Pts',(228.575075212629,-9.67154171298682,60.52));
#2700=CARTESIAN_POINT('Ctrl Pts',(228.568670916667,-9.56838528310138,60.52));
#2701=CARTESIAN_POINT('Ctrl Pts',(229.14999974828,-10.5724988380559,60.62));
#2702=CARTESIAN_POINT('Ctrl Pts',(229.14999974828,-10.5724988380559,60.52));
#2703=CARTESIAN_POINT('Ctrl Pts',(229.06632361316,-10.5152468186987,60.62));
#2704=CARTESIAN_POINT('Ctrl Pts',(229.06632361316,-10.5152468186987,60.52));
#2705=CARTESIAN_POINT('Ctrl Pts',(228.89897126851,-10.4007427290719,60.62));
#2706=CARTESIAN_POINT('Ctrl Pts',(228.89897126851,-10.4007427290719,60.52));
#2707=CARTESIAN_POINT('Ctrl Pts',(228.784467197605,-10.233390369139,60.62));
#2708=CARTESIAN_POINT('Ctrl Pts',(228.784467197605,-10.233390369139,60.52));
#2709=CARTESIAN_POINT('Ctrl Pts',(228.727215136697,-10.1497141519673,60.62));
#2710=CARTESIAN_POINT('Ctrl Pts',(228.727215136697,-10.1497141519673,60.52));
#2711=CARTESIAN_POINT('',(229.14999974828,-10.5724988380559,60.62));
#2712=CARTESIAN_POINT('Ctrl Pts',(229.14999974828,-10.5724988380559,60.62));
#2713=CARTESIAN_POINT('Ctrl Pts',(229.06632361316,-10.5152468186987,60.62));
#2714=CARTESIAN_POINT('Ctrl Pts',(228.89897126851,-10.4007427290719,60.62));
#2715=CARTESIAN_POINT('Ctrl Pts',(228.784467197605,-10.233390369139,60.62));
#2716=CARTESIAN_POINT('Ctrl Pts',(228.727215136697,-10.1497141519673,60.62));
#2717=CARTESIAN_POINT('',(229.14999974828,-10.5724988380559,60.52));
#2718=CARTESIAN_POINT('',(229.14999974828,-10.5724988380559,60.62));
#2719=CARTESIAN_POINT('Ctrl Pts',(229.14999974828,-10.5724988380559,60.52));
#2720=CARTESIAN_POINT('Ctrl Pts',(229.06632361316,-10.5152468186987,60.52));
#2721=CARTESIAN_POINT('Ctrl Pts',(228.89897126851,-10.4007427290719,60.52));
#2722=CARTESIAN_POINT('Ctrl Pts',(228.784467197605,-10.233390369139,60.52));
#2723=CARTESIAN_POINT('Ctrl Pts',(228.727215136697,-10.1497141519673,60.52));
#2724=CARTESIAN_POINT('Ctrl Pts',(229.73132854264,-10.7310430208333,60.62));
#2725=CARTESIAN_POINT('Ctrl Pts',(229.73132854264,-10.7310430208333,60.52));
#2726=CARTESIAN_POINT('Ctrl Pts',(229.628172106816,-10.7246387968239,60.62));
#2727=CARTESIAN_POINT('Ctrl Pts',(229.628172106816,-10.7246387968239,60.52));
#2728=CARTESIAN_POINT('Ctrl Pts',(229.423404704443,-10.7119262956199,60.62));
#2729=CARTESIAN_POINT('Ctrl Pts',(229.423404704443,-10.7119262956199,60.52));
#2730=CARTESIAN_POINT('Ctrl Pts',(229.240675020012,-10.6187402185306,60.62));
#2731=CARTESIAN_POINT('Ctrl Pts',(229.240675020012,-10.6187402185306,60.52));
#2732=CARTESIAN_POINT('Ctrl Pts',(229.14999974828,-10.5724988380559,60.62));
#2733=CARTESIAN_POINT('Ctrl Pts',(229.14999974828,-10.5724988380559,60.52));
#2734=CARTESIAN_POINT('',(229.73132854264,-10.7310430208333,60.62));
#2735=CARTESIAN_POINT('Ctrl Pts',(229.73132854264,-10.7310430208333,60.62));
#2736=CARTESIAN_POINT('Ctrl Pts',(229.628172106816,-10.7246387968239,60.62));
#2737=CARTESIAN_POINT('Ctrl Pts',(229.423404704443,-10.7119262956199,60.62));
#2738=CARTESIAN_POINT('Ctrl Pts',(229.240675020012,-10.6187402185306,60.62));
#2739=CARTESIAN_POINT('Ctrl Pts',(229.14999974828,-10.5724988380559,60.62));
#2740=CARTESIAN_POINT('',(229.73132854264,-10.7310430208333,60.52));
#2741=CARTESIAN_POINT('',(229.73132854264,-10.7310430208333,60.62));
#2742=CARTESIAN_POINT('Ctrl Pts',(229.73132854264,-10.7310430208333,60.52));
#2743=CARTESIAN_POINT('Ctrl Pts',(229.628172106816,-10.7246387968239,60.52));
#2744=CARTESIAN_POINT('Ctrl Pts',(229.423404704443,-10.7119262956199,60.52));
#2745=CARTESIAN_POINT('Ctrl Pts',(229.240675020012,-10.6187402185306,60.52));
#2746=CARTESIAN_POINT('Ctrl Pts',(229.14999974828,-10.5724988380559,60.52));
#2747=CARTESIAN_POINT('Origin',(230.672985072543,-10.7310430208333,60.62));
#2748=CARTESIAN_POINT('',(230.672985072543,-10.7310430208333,60.62));
#2749=CARTESIAN_POINT('',(209.741647873157,-10.7310430208333,60.62));
#2750=CARTESIAN_POINT('',(230.672985072543,-10.7310430208333,60.52));
#2751=CARTESIAN_POINT('',(230.672985072543,-10.7310430208333,60.62));
#2752=CARTESIAN_POINT('',(230.672985072543,-10.7310430208333,60.52));
#2753=CARTESIAN_POINT('Origin',(230.672985072543,-9.94312624131519,60.62));
#2754=CARTESIAN_POINT('',(230.672985072543,-8.48656312065759,60.62));
#2755=CARTESIAN_POINT('',(230.672985072543,-9.94312624131519,60.52));
#2756=CARTESIAN_POINT('Origin',(188.242044611352,-7.03843643506858,60.52));
#2757=CARTESIAN_POINT('Origin',(242.482127602508,-8.33846668397266,60.62));
#2758=CARTESIAN_POINT('',(242.482127602508,-8.33846668397266,60.62));
#2759=CARTESIAN_POINT('',(240.944728310516,-8.33846668397266,60.62));
#2760=CARTESIAN_POINT('',(215.646219138139,-8.33846668397266,60.62));
#2761=CARTESIAN_POINT('',(242.482127602508,-8.33846668397266,60.52));
#2762=CARTESIAN_POINT('',(242.482127602508,-8.33846668397266,60.62));
#2763=CARTESIAN_POINT('',(240.944728310516,-8.33846668397266,60.52));
#2764=CARTESIAN_POINT('',(242.482127602508,-8.33846668397266,60.52));
#2765=CARTESIAN_POINT('',(240.944728310516,-8.33846668397266,60.62));
#2766=CARTESIAN_POINT('Origin',(244.672920163085,-10.7310430208333,60.62));
#2767=CARTESIAN_POINT('',(244.672920163085,-10.7310430208333,60.62));
#2768=CARTESIAN_POINT('',(231.012889576792,4.18714984218418,60.62));
#2769=CARTESIAN_POINT('',(244.672920163085,-10.7310430208333,60.52));
#2770=CARTESIAN_POINT('',(244.672920163085,-10.7310430208333,60.62));
#2771=CARTESIAN_POINT('',(244.672920163085,-10.7310430208333,60.52));
#2772=CARTESIAN_POINT('Origin',(245.701054985931,-10.7310430208333,60.62));
#2773=CARTESIAN_POINT('',(245.701054985931,-10.7310430208333,60.62));
#2774=CARTESIAN_POINT('',(217.255682829851,-10.7310430208333,60.62));
#2775=CARTESIAN_POINT('',(245.701054985931,-10.7310430208333,60.52));
#2776=CARTESIAN_POINT('',(245.701054985931,-10.7310430208333,60.62));
#2777=CARTESIAN_POINT('',(245.701054985931,-10.7310430208333,60.52));
#2778=CARTESIAN_POINT('Origin',(245.701054985931,-10.7214341560491,60.62));
#2779=CARTESIAN_POINT('',(245.701054985931,-10.7214341560491,60.62));
#2780=CARTESIAN_POINT('',(245.701054985931,-8.87571707802454,60.62));
#2781=CARTESIAN_POINT('',(245.701054985931,-10.7214341560491,60.52));
#2782=CARTESIAN_POINT('',(245.701054985931,-10.7214341560491,60.62));
#2783=CARTESIAN_POINT('',(245.701054985931,-10.7214341560491,60.52));
#2784=CARTESIAN_POINT('Origin',(243.183565791061,-7.94450859223682,60.62));
#2785=CARTESIAN_POINT('',(243.183565791061,-7.94450859223682,60.62));
#2786=CARTESIAN_POINT('',(230.691725332732,5.83466121650894,60.62));
#2787=CARTESIAN_POINT('',(243.183565791061,-7.94450859223682,60.52));
#2788=CARTESIAN_POINT('',(243.183565791061,-7.94450859223682,60.62));
#2789=CARTESIAN_POINT('',(243.183565791061,-7.94450859223682,60.52));
#2790=CARTESIAN_POINT('Origin',(245.710664446761,-5.16758183633167,60.62));
#2791=CARTESIAN_POINT('',(245.710664446761,-5.16758183633167,60.62));
#2792=CARTESIAN_POINT('',(232.359115376443,-19.8390604359149,60.62));
#2793=CARTESIAN_POINT('',(245.710664446761,-5.16758183633167,60.52));
#2794=CARTESIAN_POINT('',(245.710664446761,-5.16758183633167,60.62));
#2795=CARTESIAN_POINT('',(245.710664446761,-5.16758183633167,60.52));
#2796=CARTESIAN_POINT('Origin',(245.710664446761,-5.15797356759388,60.62));
#2797=CARTESIAN_POINT('',(245.710664446761,-5.15797356759388,60.62));
#2798=CARTESIAN_POINT('',(245.710664446761,-6.09398678379694,60.62));
#2799=CARTESIAN_POINT('',(245.710664446761,-5.15797356759388,60.52));
#2800=CARTESIAN_POINT('',(245.710664446761,-5.15797356759388,60.62));
#2801=CARTESIAN_POINT('',(245.710664446761,-5.15797356759388,60.52));
#2802=CARTESIAN_POINT('Origin',(244.672920163085,-5.15797356759388,60.62));
#2803=CARTESIAN_POINT('',(244.672920163085,-5.15797356759388,60.62));
#2804=CARTESIAN_POINT('',(216.741615418428,-5.15797356759388,60.62));
#2805=CARTESIAN_POINT('',(244.672920163085,-5.15797356759388,60.52));
#2806=CARTESIAN_POINT('',(244.672920163085,-5.15797356759388,60.62));
#2807=CARTESIAN_POINT('',(244.672920163085,-5.15797356759388,60.52));
#2808=CARTESIAN_POINT('Origin',(242.482127602508,-7.55054990445453,60.62));
#2809=CARTESIAN_POINT('',(242.482127602508,-7.55054990445453,60.62));
#2810=CARTESIAN_POINT('',(230.372978355068,-20.7750169171151,60.62));
#2811=CARTESIAN_POINT('',(242.482127602508,-7.55054990445453,60.52));
#2812=CARTESIAN_POINT('',(242.482127602508,-7.55054990445453,60.62));
#2813=CARTESIAN_POINT('',(242.482127602508,-7.55054990445453,60.52));
#2814=CARTESIAN_POINT('Origin',(240.944728310516,-7.55054990445453,60.62));
#2815=CARTESIAN_POINT('',(240.944728310516,-7.55054990445453,60.62));
#2816=CARTESIAN_POINT('',(214.877519492143,-7.55054990445455,60.62));
#2817=CARTESIAN_POINT('',(240.944728310516,-7.55054990445453,60.52));
#2818=CARTESIAN_POINT('',(240.944728310516,-7.55054990445453,60.62));
#2819=CARTESIAN_POINT('',(240.944728310516,-7.55054990445453,60.52));
#2820=CARTESIAN_POINT('Origin',(240.944728310516,-3.3323125043996,60.62));
#2821=CARTESIAN_POINT('',(240.944728310516,-3.3323125043996,60.62));
#2822=CARTESIAN_POINT('',(240.944728310516,-5.1811562521998,60.62));
#2823=CARTESIAN_POINT('',(240.944728310516,-3.3323125043996,60.52));
#2824=CARTESIAN_POINT('',(240.944728310516,-3.3323125043996,60.62));
#2825=CARTESIAN_POINT('',(240.944728310516,-3.3323125043996,60.52));
#2826=CARTESIAN_POINT('Origin',(240.156812127044,-3.3323125043996,60.62));
#2827=CARTESIAN_POINT('',(240.156812127044,-3.3323125043996,60.62));
#2828=CARTESIAN_POINT('',(214.483561400407,-3.33231250439956,60.62));
#2829=CARTESIAN_POINT('',(240.156812127044,-3.3323125043996,60.52));
#2830=CARTESIAN_POINT('',(240.156812127044,-3.3323125043996,60.62));
#2831=CARTESIAN_POINT('',(240.156812127044,-3.3323125043996,60.52));
#2832=CARTESIAN_POINT('Origin',(240.156812127044,-10.7310430208333,60.62));
#2833=CARTESIAN_POINT('',(240.156812127044,-10.7310430208333,60.62));
#2834=CARTESIAN_POINT('',(240.156812127044,-8.88052151041666,60.62));
#2835=CARTESIAN_POINT('',(240.156812127044,-10.7310430208333,60.52));
#2836=CARTESIAN_POINT('',(240.156812127044,-10.7310430208333,60.62));
#2837=CARTESIAN_POINT('',(240.156812127044,-10.7310430208333,60.52));
#2838=CARTESIAN_POINT('Origin',(240.944728310516,-10.7310430208333,60.62));
#2839=CARTESIAN_POINT('',(240.944728310516,-10.7310430208333,60.62));
#2840=CARTESIAN_POINT('',(214.877519492143,-10.7310430208333,60.62));
#2841=CARTESIAN_POINT('',(240.944728310516,-10.7310430208333,60.52));
#2842=CARTESIAN_POINT('',(240.944728310516,-10.7310430208333,60.62));
#2843=CARTESIAN_POINT('',(240.944728310516,-10.7310430208333,60.52));
#2844=CARTESIAN_POINT('Origin',(240.944728310516,-8.33846668397266,60.62));
#2845=CARTESIAN_POINT('',(240.944728310516,-7.68423334198633,60.62));
#2846=CARTESIAN_POINT('',(240.944728310516,-8.33846668397266,60.52));
#2847=CARTESIAN_POINT('Origin',(188.242044611352,-7.03843643506858,60.52));
#2848=CARTESIAN_POINT('Origin',(247.132758553436,-8.33846668397266,60.62));
#2849=CARTESIAN_POINT('',(247.132758553436,-8.33846668397266,60.62));
#2850=CARTESIAN_POINT('',(247.132758553436,-9.56838528310138,60.62));
#2851=CARTESIAN_POINT('',(247.132758553435,-7.68423334198633,60.62));
#2852=CARTESIAN_POINT('',(247.132758553436,-8.33846668397266,60.52));
#2853=CARTESIAN_POINT('',(247.132758553436,-8.33846668397266,60.62));
#2854=CARTESIAN_POINT('',(247.132758553436,-9.56838528310138,60.52));
#2855=CARTESIAN_POINT('',(247.132758553436,-8.33846668397266,60.52));
#2856=CARTESIAN_POINT('',(247.132758553436,-9.56838528310138,60.62));
#2857=CARTESIAN_POINT('Origin',(251.226083691528,-8.33846668397266,60.62));
#2858=CARTESIAN_POINT('',(251.226083691528,-8.33846668397266,60.62));
#2859=CARTESIAN_POINT('',(220.018197182649,-8.33846668397266,60.62));
#2860=CARTESIAN_POINT('',(251.226083691528,-8.33846668397266,60.52));
#2861=CARTESIAN_POINT('',(251.226083691528,-8.33846668397266,60.62));
#2862=CARTESIAN_POINT('',(251.226083691528,-8.33846668397266,60.52));
#2863=CARTESIAN_POINT('Origin',(251.226083691528,-9.94312624131519,60.62));
#2864=CARTESIAN_POINT('',(251.226083691528,-9.94312624131519,60.62));
#2865=CARTESIAN_POINT('',(251.226083691527,-8.4865631206576,60.62));
#2866=CARTESIAN_POINT('',(251.226083691528,-9.94312624131519,60.52));
#2867=CARTESIAN_POINT('',(251.226083691528,-9.94312624131519,60.62));
#2868=CARTESIAN_POINT('',(251.226083691528,-9.94312624131519,60.52));
#2869=CARTESIAN_POINT('Origin',(247.507500107696,-9.94312624131519,60.62));
#2870=CARTESIAN_POINT('',(247.507500107696,-9.94312624131519,60.62));
#2871=CARTESIAN_POINT('',(218.158905390733,-9.94312624131519,60.62));
#2872=CARTESIAN_POINT('',(247.507500107696,-9.94312624131519,60.52));
#2873=CARTESIAN_POINT('',(247.507500107696,-9.94312624131519,60.62));
#2874=CARTESIAN_POINT('',(247.507500107696,-9.94312624131519,60.52));
#2875=CARTESIAN_POINT('Ctrl Pts',(247.243259604385,-9.83262578641254,60.62));
#2876=CARTESIAN_POINT('Ctrl Pts',(247.243259604385,-9.83262578641254,60.52));
#2877=CARTESIAN_POINT('Ctrl Pts',(247.281776413782,-9.86485496558112,60.62));
#2878=CARTESIAN_POINT('Ctrl Pts',(247.281776413782,-9.86485496558112,60.52));
#2879=CARTESIAN_POINT('Ctrl Pts',(247.358458049983,-9.92901880030127,60.62));
#2880=CARTESIAN_POINT('Ctrl Pts',(247.358458049983,-9.92901880030127,60.52));
#2881=CARTESIAN_POINT('Ctrl Pts',(247.457971683656,-9.93843817318613,60.62));
#2882=CARTESIAN_POINT('Ctrl Pts',(247.457971683656,-9.93843817318613,60.52));
#2883=CARTESIAN_POINT('Ctrl Pts',(247.507500107696,-9.94312624131519,60.62));
#2884=CARTESIAN_POINT('Ctrl Pts',(247.507500107696,-9.94312624131519,60.52));
#2885=CARTESIAN_POINT('',(247.243259604385,-9.83262578641254,60.62));
#2886=CARTESIAN_POINT('Ctrl Pts',(247.243259604385,-9.83262578641254,60.62));
#2887=CARTESIAN_POINT('Ctrl Pts',(247.281776413782,-9.86485496558112,60.62));
#2888=CARTESIAN_POINT('Ctrl Pts',(247.358458049983,-9.92901880030127,60.62));
#2889=CARTESIAN_POINT('Ctrl Pts',(247.457971683656,-9.93843817318613,60.62));
#2890=CARTESIAN_POINT('Ctrl Pts',(247.507500107696,-9.94312624131519,60.62));
#2891=CARTESIAN_POINT('',(247.243259604385,-9.83262578641254,60.52));
#2892=CARTESIAN_POINT('',(247.243259604385,-9.83262578641254,60.62));
#2893=CARTESIAN_POINT('Ctrl Pts',(247.243259604385,-9.83262578641254,60.52));
#2894=CARTESIAN_POINT('Ctrl Pts',(247.281776413782,-9.86485496558112,60.52));
#2895=CARTESIAN_POINT('Ctrl Pts',(247.358458049983,-9.92901880030127,60.52));
#2896=CARTESIAN_POINT('Ctrl Pts',(247.457971683656,-9.93843817318613,60.52));
#2897=CARTESIAN_POINT('Ctrl Pts',(247.507500107696,-9.94312624131519,60.52));
#2898=CARTESIAN_POINT('Ctrl Pts',(247.132758553436,-9.56838528310138,60.62));
#2899=CARTESIAN_POINT('Ctrl Pts',(247.132758553436,-9.56838528310138,60.52));
#2900=CARTESIAN_POINT('Ctrl Pts',(247.137446795696,-9.61791393073904,60.62));
#2901=CARTESIAN_POINT('Ctrl Pts',(247.137446795696,-9.61791393073904,60.52));
#2902=CARTESIAN_POINT('Ctrl Pts',(247.146866479904,-9.71742760644377,60.62));
#2903=CARTESIAN_POINT('Ctrl Pts',(247.146866479904,-9.71742760644377,60.52));
#2904=CARTESIAN_POINT('Ctrl Pts',(247.211030475228,-9.7941091697882,60.62));
#2905=CARTESIAN_POINT('Ctrl Pts',(247.211030475228,-9.7941091697882,60.52));
#2906=CARTESIAN_POINT('Ctrl Pts',(247.243259604385,-9.83262578641254,60.62));
#2907=CARTESIAN_POINT('Ctrl Pts',(247.243259604385,-9.83262578641254,60.52));
#2908=CARTESIAN_POINT('Ctrl Pts',(247.132758553436,-9.56838528310138,60.62));
#2909=CARTESIAN_POINT('Ctrl Pts',(247.137446795696,-9.61791393073904,60.62));
#2910=CARTESIAN_POINT('Ctrl Pts',(247.146866479904,-9.71742760644377,60.62));
#2911=CARTESIAN_POINT('Ctrl Pts',(247.211030475228,-9.7941091697882,60.62));
#2912=CARTESIAN_POINT('Ctrl Pts',(247.243259604385,-9.83262578641254,60.62));
#2913=CARTESIAN_POINT('Ctrl Pts',(247.132758553436,-9.56838528310138,60.52));
#2914=CARTESIAN_POINT('Ctrl Pts',(247.137446795696,-9.61791393073904,60.52));
#2915=CARTESIAN_POINT('Ctrl Pts',(247.146866479904,-9.71742760644377,60.52));
#2916=CARTESIAN_POINT('Ctrl Pts',(247.211030475228,-9.7941091697882,60.52));
#2917=CARTESIAN_POINT('Ctrl Pts',(247.243259604385,-9.83262578641254,60.52));
#2918=CARTESIAN_POINT('Ctrl Pts',(251.865064557006,-5.73930243645984,60.62));
#2919=CARTESIAN_POINT('Ctrl Pts',(251.865064557006,-5.73930243645984,60.52));
#2920=CARTESIAN_POINT('Ctrl Pts',(251.911306282722,-5.82997770048899,60.62));
#2921=CARTESIAN_POINT('Ctrl Pts',(251.911306282722,-5.82997770048899,60.52));
#2922=CARTESIAN_POINT('Ctrl Pts',(252.00449298476,-6.01270723059479,60.62));
#2923=CARTESIAN_POINT('Ctrl Pts',(252.00449298476,-6.01270723059479,60.52));
#2924=CARTESIAN_POINT('Ctrl Pts',(252.017204447613,-6.21747484158777,60.62));
#2925=CARTESIAN_POINT('Ctrl Pts',(252.017204447613,-6.21747484158777,60.52));
#2926=CARTESIAN_POINT('Ctrl Pts',(252.023608143737,-6.32063130532581,60.62));
#2927=CARTESIAN_POINT('Ctrl Pts',(252.023608143737,-6.32063130532581,60.52));
#2928=CARTESIAN_POINT('',(251.865064557006,-5.73930243645984,60.62));
#2929=CARTESIAN_POINT('',(252.023608143737,-6.32063130532581,60.62));
#2930=CARTESIAN_POINT('Ctrl Pts',(251.865064557006,-5.73930243645984,60.62));
#2931=CARTESIAN_POINT('Ctrl Pts',(251.911306282722,-5.82997770048899,60.62));
#2932=CARTESIAN_POINT('Ctrl Pts',(252.00449298476,-6.01270723059479,60.62));
#2933=CARTESIAN_POINT('Ctrl Pts',(252.017204447613,-6.21747484158777,60.62));
#2934=CARTESIAN_POINT('Ctrl Pts',(252.023608143737,-6.32063130532581,60.62));
#2935=CARTESIAN_POINT('',(251.865064557006,-5.73930243645984,60.52));
#2936=CARTESIAN_POINT('',(251.865064557006,-5.73930243645984,60.62));
#2937=CARTESIAN_POINT('',(252.023608143737,-6.32063130532581,60.52));
#2938=CARTESIAN_POINT('Ctrl Pts',(251.865064557006,-5.73930243645984,60.52));
#2939=CARTESIAN_POINT('Ctrl Pts',(251.911306282722,-5.82997770048899,60.52));
#2940=CARTESIAN_POINT('Ctrl Pts',(252.00449298476,-6.01270723059479,60.52));
#2941=CARTESIAN_POINT('Ctrl Pts',(252.017204447613,-6.21747484158777,60.52));
#2942=CARTESIAN_POINT('Ctrl Pts',(252.023608143737,-6.32063130532581,60.52));
#2943=CARTESIAN_POINT('',(252.023608143737,-6.32063130532581,60.62));
#2944=CARTESIAN_POINT('Ctrl Pts',(251.442279274871,-5.31651775037128,60.62));
#2945=CARTESIAN_POINT('Ctrl Pts',(251.442279274871,-5.31651775037128,60.52));
#2946=CARTESIAN_POINT('Ctrl Pts',(251.525954929143,-5.37377001760304,60.62));
#2947=CARTESIAN_POINT('Ctrl Pts',(251.525954929143,-5.37377001760304,60.52));
#2948=CARTESIAN_POINT('Ctrl Pts',(251.693306687777,-5.48827486002596,60.62));
#2949=CARTESIAN_POINT('Ctrl Pts',(251.693306687777,-5.48827486002596,60.52));
#2950=CARTESIAN_POINT('Ctrl Pts',(251.807811831276,-5.65562642761853,60.62));
#2951=CARTESIAN_POINT('Ctrl Pts',(251.807811831276,-5.65562642761853,60.52));
#2952=CARTESIAN_POINT('Ctrl Pts',(251.865064557006,-5.73930243645984,60.62));
#2953=CARTESIAN_POINT('Ctrl Pts',(251.865064557006,-5.73930243645984,60.52));
#2954=CARTESIAN_POINT('',(251.442279274871,-5.31651775037128,60.62));
#2955=CARTESIAN_POINT('Ctrl Pts',(251.442279274871,-5.31651775037128,60.62));
#2956=CARTESIAN_POINT('Ctrl Pts',(251.525954929143,-5.37377001760304,60.62));
#2957=CARTESIAN_POINT('Ctrl Pts',(251.693306687777,-5.48827486002596,60.62));
#2958=CARTESIAN_POINT('Ctrl Pts',(251.807811831276,-5.65562642761853,60.62));
#2959=CARTESIAN_POINT('Ctrl Pts',(251.865064557006,-5.73930243645984,60.62));
#2960=CARTESIAN_POINT('',(251.442279274871,-5.31651775037128,60.52));
#2961=CARTESIAN_POINT('',(251.442279274871,-5.31651775037128,60.62));
#2962=CARTESIAN_POINT('Ctrl Pts',(251.442279274871,-5.31651775037128,60.52));
#2963=CARTESIAN_POINT('Ctrl Pts',(251.525954929143,-5.37377001760304,60.52));
#2964=CARTESIAN_POINT('Ctrl Pts',(251.693306687777,-5.48827486002596,60.52));
#2965=CARTESIAN_POINT('Ctrl Pts',(251.807811831276,-5.65562642761853,60.52));
#2966=CARTESIAN_POINT('Ctrl Pts',(251.865064557006,-5.73930243645984,60.52));
#2967=CARTESIAN_POINT('Ctrl Pts',(250.851342137267,-5.15797356759388,60.62));
#2968=CARTESIAN_POINT('Ctrl Pts',(250.851342137267,-5.15797356759388,60.52));
#2969=CARTESIAN_POINT('Ctrl Pts',(250.956937141582,-5.16416216835538,60.62));
#2970=CARTESIAN_POINT('Ctrl Pts',(250.956937141582,-5.16416216835538,60.52));
#2971=CARTESIAN_POINT('Ctrl Pts',(251.164917826794,-5.17635128123277,60.62));
#2972=CARTESIAN_POINT('Ctrl Pts',(251.164917826794,-5.17635128123277,60.52));
#2973=CARTESIAN_POINT('Ctrl Pts',(251.350781471575,-5.2702787214404,60.62));
#2974=CARTESIAN_POINT('Ctrl Pts',(251.350781471575,-5.2702787214404,60.52));
#2975=CARTESIAN_POINT('Ctrl Pts',(251.442279274871,-5.31651775037128,60.62));
#2976=CARTESIAN_POINT('Ctrl Pts',(251.442279274871,-5.31651775037128,60.52));
#2977=CARTESIAN_POINT('',(250.851342137267,-5.15797356759388,60.62));
#2978=CARTESIAN_POINT('Ctrl Pts',(250.851342137267,-5.15797356759388,60.62));
#2979=CARTESIAN_POINT('Ctrl Pts',(250.956937141582,-5.16416216835538,60.62));
#2980=CARTESIAN_POINT('Ctrl Pts',(251.164917826794,-5.17635128123277,60.62));
#2981=CARTESIAN_POINT('Ctrl Pts',(251.350781471575,-5.2702787214404,60.62));
#2982=CARTESIAN_POINT('Ctrl Pts',(251.442279274871,-5.31651775037128,60.62));
#2983=CARTESIAN_POINT('',(250.851342137267,-5.15797356759388,60.52));
#2984=CARTESIAN_POINT('',(250.851342137267,-5.15797356759388,60.62));
#2985=CARTESIAN_POINT('Ctrl Pts',(250.851342137267,-5.15797356759388,60.52));
#2986=CARTESIAN_POINT('Ctrl Pts',(250.956937141582,-5.16416216835538,60.52));
#2987=CARTESIAN_POINT('Ctrl Pts',(251.164917826794,-5.17635128123277,60.52));
#2988=CARTESIAN_POINT('Ctrl Pts',(251.350781471575,-5.2702787214404,60.52));
#2989=CARTESIAN_POINT('Ctrl Pts',(251.442279274871,-5.31651775037128,60.52));
#2990=CARTESIAN_POINT('Origin',(246.344842369964,-5.15797356759388,60.62));
#2991=CARTESIAN_POINT('',(246.344842369964,-5.15797356759388,60.62));
#2992=CARTESIAN_POINT('',(217.577576521867,-5.15797356759388,60.62));
#2993=CARTESIAN_POINT('',(246.344842369964,-5.15797356759388,60.52));
#2994=CARTESIAN_POINT('',(246.344842369964,-5.15797356759388,60.62));
#2995=CARTESIAN_POINT('',(246.344842369964,-5.15797356759388,60.52));
#2996=CARTESIAN_POINT('Origin',(246.344842369964,-5.945890347112,60.62));
#2997=CARTESIAN_POINT('',(246.344842369964,-5.945890347112,60.62));
#2998=CARTESIAN_POINT('',(246.344842369964,-6.487945173556,60.62));
#2999=CARTESIAN_POINT('',(246.344842369964,-5.945890347112,60.52));
#3000=CARTESIAN_POINT('',(246.344842369964,-5.945890347112,60.62));
#3001=CARTESIAN_POINT('',(246.344842369964,-5.945890347112,60.52));
#3002=CARTESIAN_POINT('Origin',(250.851342137267,-5.945890347112,60.62));
#3003=CARTESIAN_POINT('',(250.851342137267,-5.945890347112,60.62));
#3004=CARTESIAN_POINT('',(219.830826405519,-5.945890347112,60.62));
#3005=CARTESIAN_POINT('',(250.851342137267,-5.945890347112,60.52));
#3006=CARTESIAN_POINT('',(250.851342137267,-5.945890347112,60.62));
#3007=CARTESIAN_POINT('',(250.851342137267,-5.945890347112,60.52));
#3008=CARTESIAN_POINT('Ctrl Pts',(251.115581448486,-6.05639080201465,60.62));
#3009=CARTESIAN_POINT('Ctrl Pts',(251.115581448486,-6.05639080201465,60.52));
#3010=CARTESIAN_POINT('Ctrl Pts',(251.077065048941,-6.0241616225612,60.62));
#3011=CARTESIAN_POINT('Ctrl Pts',(251.077065048941,-6.0241616225612,60.52));
#3012=CARTESIAN_POINT('Ctrl Pts',(251.000383973002,-5.95999757331583,60.62));
#3013=CARTESIAN_POINT('Ctrl Pts',(251.000383973002,-5.95999757331583,60.52));
#3014=CARTESIAN_POINT('Ctrl Pts',(250.90087059883,-5.95057835439094,60.62));
#3015=CARTESIAN_POINT('Ctrl Pts',(250.90087059883,-5.95057835439094,60.52));
#3016=CARTESIAN_POINT('Ctrl Pts',(250.851342137267,-5.945890347112,60.62));
#3017=CARTESIAN_POINT('Ctrl Pts',(250.851342137267,-5.945890347112,60.52));
#3018=CARTESIAN_POINT('',(251.115581448486,-6.05639080201465,60.62));
#3019=CARTESIAN_POINT('Ctrl Pts',(251.115581448486,-6.05639080201465,60.62));
#3020=CARTESIAN_POINT('Ctrl Pts',(251.077065048941,-6.0241616225612,60.62));
#3021=CARTESIAN_POINT('Ctrl Pts',(251.000383973002,-5.95999757331583,60.62));
#3022=CARTESIAN_POINT('Ctrl Pts',(250.90087059883,-5.95057835439094,60.62));
#3023=CARTESIAN_POINT('Ctrl Pts',(250.851342137267,-5.945890347112,60.62));
#3024=CARTESIAN_POINT('',(251.115581448486,-6.05639080201465,60.52));
#3025=CARTESIAN_POINT('',(251.115581448486,-6.05639080201465,60.62));
#3026=CARTESIAN_POINT('Ctrl Pts',(251.115581448486,-6.05639080201465,60.52));
#3027=CARTESIAN_POINT('Ctrl Pts',(251.077065048941,-6.0241616225612,60.52));
#3028=CARTESIAN_POINT('Ctrl Pts',(251.000383973002,-5.95999757331583,60.52));
#3029=CARTESIAN_POINT('Ctrl Pts',(250.90087059883,-5.95057835439094,60.52));
#3030=CARTESIAN_POINT('Ctrl Pts',(250.851342137267,-5.945890347112,60.52));
#3031=CARTESIAN_POINT('Ctrl Pts',(251.226083691528,-6.32063130532581,60.62));
#3032=CARTESIAN_POINT('Ctrl Pts',(251.226083691528,-6.32063130532581,60.52));
#3033=CARTESIAN_POINT('Ctrl Pts',(251.221395438741,-6.27110284699434,60.62));
#3034=CARTESIAN_POINT('Ctrl Pts',(251.221395438741,-6.27110284699434,60.52));
#3035=CARTESIAN_POINT('Ctrl Pts',(251.211975676858,-6.17158895447104,60.62));
#3036=CARTESIAN_POINT('Ctrl Pts',(251.211975676858,-6.17158895447104,60.52));
#3037=CARTESIAN_POINT('Ctrl Pts',(251.147811074295,-6.09490756189011,60.62));
#3038=CARTESIAN_POINT('Ctrl Pts',(251.147811074295,-6.09490756189011,60.52));
#3039=CARTESIAN_POINT('Ctrl Pts',(251.115581448486,-6.05639080201465,60.62));
#3040=CARTESIAN_POINT('Ctrl Pts',(251.115581448486,-6.05639080201465,60.52));
#3041=CARTESIAN_POINT('',(251.226083691528,-6.32063130532581,60.62));
#3042=CARTESIAN_POINT('Ctrl Pts',(251.226083691528,-6.32063130532581,60.62));
#3043=CARTESIAN_POINT('Ctrl Pts',(251.221395438741,-6.27110284699434,60.62));
#3044=CARTESIAN_POINT('Ctrl Pts',(251.211975676858,-6.17158895447104,60.62));
#3045=CARTESIAN_POINT('Ctrl Pts',(251.147811074295,-6.09490756189011,60.62));
#3046=CARTESIAN_POINT('Ctrl Pts',(251.115581448486,-6.05639080201465,60.62));
#3047=CARTESIAN_POINT('',(251.226083691528,-6.32063130532581,60.52));
#3048=CARTESIAN_POINT('',(251.226083691528,-6.32063130532581,60.62));
#3049=CARTESIAN_POINT('Ctrl Pts',(251.226083691528,-6.32063130532581,60.52));
#3050=CARTESIAN_POINT('Ctrl Pts',(251.221395438741,-6.27110284699434,60.52));
#3051=CARTESIAN_POINT('Ctrl Pts',(251.211975676858,-6.17158895447104,60.52));
#3052=CARTESIAN_POINT('Ctrl Pts',(251.147811074295,-6.09490756189011,60.52));
#3053=CARTESIAN_POINT('Ctrl Pts',(251.115581448486,-6.05639080201465,60.52));
#3054=CARTESIAN_POINT('Origin',(251.226083691528,-7.55054990445453,60.62));
#3055=CARTESIAN_POINT('',(251.226083691528,-7.55054990445453,60.62));
#3056=CARTESIAN_POINT('',(251.226083691527,-7.29027495222727,60.62));
#3057=CARTESIAN_POINT('',(251.226083691528,-7.55054990445453,60.52));
#3058=CARTESIAN_POINT('',(251.226083691528,-7.55054990445453,60.62));
#3059=CARTESIAN_POINT('',(251.226083691528,-7.55054990445453,60.52));
#3060=CARTESIAN_POINT('Origin',(246.344842369964,-7.55054990445453,60.62));
#3061=CARTESIAN_POINT('',(246.344842369964,-7.55054990445453,60.62));
#3062=CARTESIAN_POINT('',(217.577576521867,-7.55054990445453,60.62));
#3063=CARTESIAN_POINT('',(246.344842369964,-7.55054990445453,60.52));
#3064=CARTESIAN_POINT('',(246.344842369964,-7.55054990445453,60.62));
#3065=CARTESIAN_POINT('',(246.344842369964,-7.55054990445453,60.52));
#3066=CARTESIAN_POINT('Origin',(246.344842369964,-9.56838528310138,60.62));
#3067=CARTESIAN_POINT('',(246.344842369964,-9.56838528310138,60.62));
#3068=CARTESIAN_POINT('',(246.344842369964,-8.29919264155069,60.62));
#3069=CARTESIAN_POINT('',(246.344842369964,-9.56838528310138,60.52));
#3070=CARTESIAN_POINT('',(246.344842369964,-9.56838528310138,60.62));
#3071=CARTESIAN_POINT('',(246.344842369964,-9.56838528310138,60.52));
#3072=CARTESIAN_POINT('Ctrl Pts',(246.503387148788,-10.1497141519674,60.62));
#3073=CARTESIAN_POINT('Ctrl Pts',(246.503387148788,-10.1497141519674,60.52));
#3074=CARTESIAN_POINT('Ctrl Pts',(246.457146113509,-10.0590388221826,60.62));
#3075=CARTESIAN_POINT('Ctrl Pts',(246.457146113509,-10.0590388221826,60.52));
#3076=CARTESIAN_POINT('Ctrl Pts',(246.363960682578,-9.87630892373028,60.62));
#3077=CARTESIAN_POINT('Ctrl Pts',(246.363960682578,-9.87630892373028,60.52));
#3078=CARTESIAN_POINT('Ctrl Pts',(246.35124712799,-9.6715416886207,60.62));
#3079=CARTESIAN_POINT('Ctrl Pts',(246.35124712799,-9.6715416886207,60.52));
#3080=CARTESIAN_POINT('Ctrl Pts',(246.344842369964,-9.56838528310138,60.62));
#3081=CARTESIAN_POINT('Ctrl Pts',(246.344842369964,-9.56838528310138,60.52));
#3082=CARTESIAN_POINT('',(246.503387148788,-10.1497141519674,60.62));
#3083=CARTESIAN_POINT('Ctrl Pts',(246.503387148788,-10.1497141519674,60.62));
#3084=CARTESIAN_POINT('Ctrl Pts',(246.457146113509,-10.0590388221826,60.62));
#3085=CARTESIAN_POINT('Ctrl Pts',(246.363960682578,-9.87630892373028,60.62));
#3086=CARTESIAN_POINT('Ctrl Pts',(246.35124712799,-9.6715416886207,60.62));
#3087=CARTESIAN_POINT('Ctrl Pts',(246.344842369964,-9.56838528310138,60.62));
#3088=CARTESIAN_POINT('',(246.503387148788,-10.1497141519674,60.52));
#3089=CARTESIAN_POINT('',(246.503387148788,-10.1497141519674,60.62));
#3090=CARTESIAN_POINT('Ctrl Pts',(246.503387148788,-10.1497141519674,60.52));
#3091=CARTESIAN_POINT('Ctrl Pts',(246.457146113509,-10.0590388221826,60.52));
#3092=CARTESIAN_POINT('Ctrl Pts',(246.363960682578,-9.87630892373028,60.52));
#3093=CARTESIAN_POINT('Ctrl Pts',(246.35124712799,-9.6715416886207,60.52));
#3094=CARTESIAN_POINT('Ctrl Pts',(246.344842369964,-9.56838528310138,60.52));
#3095=CARTESIAN_POINT('Ctrl Pts',(246.92617123883,-10.5724988380559,60.62));
#3096=CARTESIAN_POINT('Ctrl Pts',(246.92617123883,-10.5724988380559,60.52));
#3097=CARTESIAN_POINT('Ctrl Pts',(246.842495498973,-10.5152467427603,60.62));
#3098=CARTESIAN_POINT('Ctrl Pts',(246.842495498973,-10.5152467427603,60.52));
#3099=CARTESIAN_POINT('Ctrl Pts',(246.675143656282,-10.4007423038156,60.62));
#3100=CARTESIAN_POINT('Ctrl Pts',(246.675143656282,-10.4007423038156,60.52));
#3101=CARTESIAN_POINT('Ctrl Pts',(246.560639400737,-10.2333903235756,60.62));
#3102=CARTESIAN_POINT('Ctrl Pts',(246.560639400737,-10.2333903235756,60.52));
#3103=CARTESIAN_POINT('Ctrl Pts',(246.503387148788,-10.1497141519674,60.62));
#3104=CARTESIAN_POINT('Ctrl Pts',(246.503387148788,-10.1497141519674,60.52));
#3105=CARTESIAN_POINT('',(246.92617123883,-10.5724988380559,60.62));
#3106=CARTESIAN_POINT('Ctrl Pts',(246.92617123883,-10.5724988380559,60.62));
#3107=CARTESIAN_POINT('Ctrl Pts',(246.842495498973,-10.5152467427603,60.62));
#3108=CARTESIAN_POINT('Ctrl Pts',(246.675143656282,-10.4007423038156,60.62));
#3109=CARTESIAN_POINT('Ctrl Pts',(246.560639400737,-10.2333903235756,60.62));
#3110=CARTESIAN_POINT('Ctrl Pts',(246.503387148788,-10.1497141519674,60.62));
#3111=CARTESIAN_POINT('',(246.92617123883,-10.5724988380559,60.52));
#3112=CARTESIAN_POINT('',(246.92617123883,-10.5724988380559,60.62));
#3113=CARTESIAN_POINT('Ctrl Pts',(246.92617123883,-10.5724988380559,60.52));
#3114=CARTESIAN_POINT('Ctrl Pts',(246.842495498973,-10.5152467427603,60.52));
#3115=CARTESIAN_POINT('Ctrl Pts',(246.675143656282,-10.4007423038156,60.52));
#3116=CARTESIAN_POINT('Ctrl Pts',(246.560639400737,-10.2333903235756,60.52));
#3117=CARTESIAN_POINT('Ctrl Pts',(246.503387148788,-10.1497141519674,60.52));
#3118=CARTESIAN_POINT('Ctrl Pts',(247.507500107696,-10.7310430208333,60.62));
#3119=CARTESIAN_POINT('Ctrl Pts',(247.507500107696,-10.7310430208333,60.52));
#3120=CARTESIAN_POINT('Ctrl Pts',(247.404343673067,-10.7246387937581,60.62));
#3121=CARTESIAN_POINT('Ctrl Pts',(247.404343673067,-10.7246387937581,60.52));
#3122=CARTESIAN_POINT('Ctrl Pts',(247.199576250015,-10.7119262850372,60.62));
#3123=CARTESIAN_POINT('Ctrl Pts',(247.199576250015,-10.7119262850372,60.52));
#3124=CARTESIAN_POINT('Ctrl Pts',(247.016846535737,-10.6187402185529,60.62));
#3125=CARTESIAN_POINT('Ctrl Pts',(247.016846535737,-10.6187402185529,60.52));
#3126=CARTESIAN_POINT('Ctrl Pts',(246.92617123883,-10.5724988380559,60.62));
#3127=CARTESIAN_POINT('Ctrl Pts',(246.92617123883,-10.5724988380559,60.52));
#3128=CARTESIAN_POINT('',(247.507500107696,-10.7310430208333,60.62));
#3129=CARTESIAN_POINT('Ctrl Pts',(247.507500107696,-10.7310430208333,60.62));
#3130=CARTESIAN_POINT('Ctrl Pts',(247.404343673067,-10.7246387937581,60.62));
#3131=CARTESIAN_POINT('Ctrl Pts',(247.199576250015,-10.7119262850372,60.62));
#3132=CARTESIAN_POINT('Ctrl Pts',(247.016846535737,-10.6187402185529,60.62));
#3133=CARTESIAN_POINT('Ctrl Pts',(246.92617123883,-10.5724988380559,60.62));
#3134=CARTESIAN_POINT('',(247.507500107696,-10.7310430208333,60.52));
#3135=CARTESIAN_POINT('',(247.507500107696,-10.7310430208333,60.62));
#3136=CARTESIAN_POINT('Ctrl Pts',(247.507500107696,-10.7310430208333,60.52));
#3137=CARTESIAN_POINT('Ctrl Pts',(247.404343673067,-10.7246387937581,60.52));
#3138=CARTESIAN_POINT('Ctrl Pts',(247.199576250015,-10.7119262850372,60.52));
#3139=CARTESIAN_POINT('Ctrl Pts',(247.016846535737,-10.6187402185529,60.52));
#3140=CARTESIAN_POINT('Ctrl Pts',(246.92617123883,-10.5724988380559,60.52));
#3141=CARTESIAN_POINT('Origin',(252.023608143737,-10.7310430208333,60.62));
#3142=CARTESIAN_POINT('',(252.023608143737,-10.7310430208333,60.62));
#3143=CARTESIAN_POINT('',(220.416959408754,-10.7310430208333,60.62));
#3144=CARTESIAN_POINT('',(252.023608143737,-10.7310430208333,60.52));
#3145=CARTESIAN_POINT('',(252.023608143737,-10.7310430208333,60.62));
#3146=CARTESIAN_POINT('',(252.023608143737,-10.7310430208333,60.52));
#3147=CARTESIAN_POINT('Origin',(252.023608143737,-6.32063130532581,60.62));
#3148=CARTESIAN_POINT('',(252.023608143737,-6.67531565266291,60.62));
#3149=CARTESIAN_POINT('',(252.023608143737,-6.32063130532581,60.52));
#3150=CARTESIAN_POINT('Origin',(188.242044611352,-7.03843643506858,60.52));
#3151=CARTESIAN_POINT('Origin',(232.258427198341,-8.33846668397266,60.62));
#3152=CARTESIAN_POINT('',(232.258427198341,-8.33846668397266,60.62));
#3153=CARTESIAN_POINT('',(232.258427198341,-9.56838528310138,60.62));
#3154=CARTESIAN_POINT('',(232.258427198341,-7.68423334198633,60.62));
#3155=CARTESIAN_POINT('',(232.258427198341,-8.33846668397266,60.52));
#3156=CARTESIAN_POINT('',(232.258427198341,-8.33846668397266,60.62));
#3157=CARTESIAN_POINT('',(232.258427198341,-9.56838528310138,60.52));
#3158=CARTESIAN_POINT('',(232.258427198341,-8.33846668397266,60.52));
#3159=CARTESIAN_POINT('',(232.258427198341,-9.56838528310138,60.62));
#3160=CARTESIAN_POINT('Origin',(236.351750548293,-8.33846668397266,60.62));
#3161=CARTESIAN_POINT('',(236.351750548293,-8.33846668397266,60.62));
#3162=CARTESIAN_POINT('',(212.581030611032,-8.33846668397266,60.62));
#3163=CARTESIAN_POINT('',(236.351750548293,-8.33846668397266,60.52));
#3164=CARTESIAN_POINT('',(236.351750548293,-8.33846668397266,60.62));
#3165=CARTESIAN_POINT('',(236.351750548293,-8.33846668397266,60.52));
#3166=CARTESIAN_POINT('Origin',(236.351750548293,-9.94312624131519,60.62));
#3167=CARTESIAN_POINT('',(236.351750548293,-9.94312624131519,60.62));
#3168=CARTESIAN_POINT('',(236.351750548293,-8.4865631206576,60.62));
#3169=CARTESIAN_POINT('',(236.351750548293,-9.94312624131519,60.52));
#3170=CARTESIAN_POINT('',(236.351750548293,-9.94312624131519,60.62));
#3171=CARTESIAN_POINT('',(236.351750548293,-9.94312624131519,60.52));
#3172=CARTESIAN_POINT('Origin',(232.633168156554,-9.94312624131519,60.62));
#3173=CARTESIAN_POINT('',(232.633168156554,-9.94312624131519,60.62));
#3174=CARTESIAN_POINT('',(210.721739415163,-9.94312624131519,60.62));
#3175=CARTESIAN_POINT('',(232.633168156554,-9.94312624131519,60.52));
#3176=CARTESIAN_POINT('',(232.633168156554,-9.94312624131519,60.62));
#3177=CARTESIAN_POINT('',(232.633168156554,-9.94312624131519,60.52));
#3178=CARTESIAN_POINT('Ctrl Pts',(232.368927653243,-9.83262578641254,60.62));
#3179=CARTESIAN_POINT('Ctrl Pts',(232.368927653243,-9.83262578641254,60.52));
#3180=CARTESIAN_POINT('Ctrl Pts',(232.407444259742,-9.86485496589448,60.62));
#3181=CARTESIAN_POINT('Ctrl Pts',(232.407444259742,-9.86485496589448,60.52));
#3182=CARTESIAN_POINT('Ctrl Pts',(232.484125773275,-9.92901903659623,60.62));
#3183=CARTESIAN_POINT('Ctrl Pts',(232.484125773275,-9.92901903659623,60.52));
#3184=CARTESIAN_POINT('Ctrl Pts',(232.583639501905,-9.93843824012239,60.62));
#3185=CARTESIAN_POINT('Ctrl Pts',(232.583639501905,-9.93843824012239,60.52));
#3186=CARTESIAN_POINT('Ctrl Pts',(232.633168156554,-9.94312624131519,60.62));
#3187=CARTESIAN_POINT('Ctrl Pts',(232.633168156554,-9.94312624131519,60.52));
#3188=CARTESIAN_POINT('',(232.368927653243,-9.83262578641254,60.62));
#3189=CARTESIAN_POINT('Ctrl Pts',(232.368927653243,-9.83262578641254,60.62));
#3190=CARTESIAN_POINT('Ctrl Pts',(232.407444259742,-9.86485496589448,60.62));
#3191=CARTESIAN_POINT('Ctrl Pts',(232.484125773275,-9.92901903659623,60.62));
#3192=CARTESIAN_POINT('Ctrl Pts',(232.583639501905,-9.93843824012239,60.62));
#3193=CARTESIAN_POINT('Ctrl Pts',(232.633168156554,-9.94312624131519,60.62));
#3194=CARTESIAN_POINT('',(232.368927653243,-9.83262578641254,60.52));
#3195=CARTESIAN_POINT('',(232.368927653243,-9.83262578641254,60.62));
#3196=CARTESIAN_POINT('Ctrl Pts',(232.368927653243,-9.83262578641254,60.52));
#3197=CARTESIAN_POINT('Ctrl Pts',(232.407444259742,-9.86485496589448,60.52));
#3198=CARTESIAN_POINT('Ctrl Pts',(232.484125773275,-9.92901903659623,60.52));
#3199=CARTESIAN_POINT('Ctrl Pts',(232.583639501905,-9.93843824012239,60.52));
#3200=CARTESIAN_POINT('Ctrl Pts',(232.633168156554,-9.94312624131519,60.52));
#3201=CARTESIAN_POINT('Ctrl Pts',(232.258427198341,-9.56838528310138,60.62));
#3202=CARTESIAN_POINT('Ctrl Pts',(232.258427198341,-9.56838528310138,60.52));
#3203=CARTESIAN_POINT('Ctrl Pts',(232.26311533417,-9.61791392391879,60.62));
#3204=CARTESIAN_POINT('Ctrl Pts',(232.26311533417,-9.61791392391879,60.52));
#3205=CARTESIAN_POINT('Ctrl Pts',(232.272534800959,-9.71742754814207,60.62));
#3206=CARTESIAN_POINT('Ctrl Pts',(232.272534800959,-9.71742754814207,60.52));
#3207=CARTESIAN_POINT('Ctrl Pts',(232.336698623165,-9.79410915993921,60.62));
#3208=CARTESIAN_POINT('Ctrl Pts',(232.336698623165,-9.79410915993921,60.52));
#3209=CARTESIAN_POINT('Ctrl Pts',(232.368927653243,-9.83262578641254,60.62));
#3210=CARTESIAN_POINT('Ctrl Pts',(232.368927653243,-9.83262578641254,60.52));
#3211=CARTESIAN_POINT('Ctrl Pts',(232.258427198341,-9.56838528310138,60.62));
#3212=CARTESIAN_POINT('Ctrl Pts',(232.26311533417,-9.61791392391879,60.62));
#3213=CARTESIAN_POINT('Ctrl Pts',(232.272534800959,-9.71742754814207,60.62));
#3214=CARTESIAN_POINT('Ctrl Pts',(232.336698623165,-9.79410915993921,60.62));
#3215=CARTESIAN_POINT('Ctrl Pts',(232.368927653243,-9.83262578641254,60.62));
#3216=CARTESIAN_POINT('Ctrl Pts',(232.258427198341,-9.56838528310138,60.52));
#3217=CARTESIAN_POINT('Ctrl Pts',(232.26311533417,-9.61791392391879,60.52));
#3218=CARTESIAN_POINT('Ctrl Pts',(232.272534800959,-9.71742754814207,60.52));
#3219=CARTESIAN_POINT('Ctrl Pts',(232.336698623165,-9.79410915993921,60.52));
#3220=CARTESIAN_POINT('Ctrl Pts',(232.368927653243,-9.83262578641254,60.52));
#3221=CARTESIAN_POINT('Ctrl Pts',(236.990732009818,-5.73930243645984,60.62));
#3222=CARTESIAN_POINT('Ctrl Pts',(236.990732009818,-5.73930243645984,60.52));
#3223=CARTESIAN_POINT('Ctrl Pts',(237.036973390315,-5.8299777333667,60.62));
#3224=CARTESIAN_POINT('Ctrl Pts',(237.036973390315,-5.8299777333667,60.52));
#3225=CARTESIAN_POINT('Ctrl Pts',(237.1301594568,-6.01270744764484,60.62));
#3226=CARTESIAN_POINT('Ctrl Pts',(237.1301594568,-6.01270744764484,60.52));
#3227=CARTESIAN_POINT('Ctrl Pts',(237.14287196552,-6.21747487069696,60.62));
#3228=CARTESIAN_POINT('Ctrl Pts',(237.14287196552,-6.21747487069696,60.52));
#3229=CARTESIAN_POINT('Ctrl Pts',(237.149276192596,-6.32063130532581,60.62));
#3230=CARTESIAN_POINT('Ctrl Pts',(237.149276192596,-6.32063130532581,60.52));
#3231=CARTESIAN_POINT('',(236.990732009818,-5.73930243645984,60.62));
#3232=CARTESIAN_POINT('',(237.149276192596,-6.32063130532581,60.62));
#3233=CARTESIAN_POINT('Ctrl Pts',(236.990732009818,-5.73930243645984,60.62));
#3234=CARTESIAN_POINT('Ctrl Pts',(237.036973390315,-5.8299777333667,60.62));
#3235=CARTESIAN_POINT('Ctrl Pts',(237.1301594568,-6.01270744764484,60.62));
#3236=CARTESIAN_POINT('Ctrl Pts',(237.14287196552,-6.21747487069696,60.62));
#3237=CARTESIAN_POINT('Ctrl Pts',(237.149276192596,-6.32063130532581,60.62));
#3238=CARTESIAN_POINT('',(236.990732009818,-5.73930243645984,60.52));
#3239=CARTESIAN_POINT('',(236.990732009818,-5.73930243645984,60.62));
#3240=CARTESIAN_POINT('',(237.149276192596,-6.32063130532581,60.52));
#3241=CARTESIAN_POINT('Ctrl Pts',(236.990732009818,-5.73930243645984,60.52));
#3242=CARTESIAN_POINT('Ctrl Pts',(237.036973390315,-5.8299777333667,60.52));
#3243=CARTESIAN_POINT('Ctrl Pts',(237.1301594568,-6.01270744764484,60.52));
#3244=CARTESIAN_POINT('Ctrl Pts',(237.14287196552,-6.21747487069696,60.52));
#3245=CARTESIAN_POINT('Ctrl Pts',(237.149276192596,-6.32063130532581,60.52));
#3246=CARTESIAN_POINT('',(237.149276192596,-6.32063130532581,60.62));
#3247=CARTESIAN_POINT('Ctrl Pts',(236.56794732373,-5.31651775037128,60.62));
#3248=CARTESIAN_POINT('Ctrl Pts',(236.56794732373,-5.31651775037128,60.52));
#3249=CARTESIAN_POINT('Ctrl Pts',(236.65162353431,-5.37376986859197,60.62));
#3250=CARTESIAN_POINT('Ctrl Pts',(236.65162353431,-5.37376986859197,60.52));
#3251=CARTESIAN_POINT('Ctrl Pts',(236.818975839319,-5.4882740255605,60.62));
#3252=CARTESIAN_POINT('Ctrl Pts',(236.818975839319,-5.4882740255605,60.52));
#3253=CARTESIAN_POINT('Ctrl Pts',(236.933479979476,-5.65562633821095,60.62));
#3254=CARTESIAN_POINT('Ctrl Pts',(236.933479979476,-5.65562633821095,60.52));
#3255=CARTESIAN_POINT('Ctrl Pts',(236.990732009818,-5.73930243645984,60.62));
#3256=CARTESIAN_POINT('Ctrl Pts',(236.990732009818,-5.73930243645984,60.52));
#3257=CARTESIAN_POINT('',(236.56794732373,-5.31651775037128,60.62));
#3258=CARTESIAN_POINT('Ctrl Pts',(236.56794732373,-5.31651775037128,60.62));
#3259=CARTESIAN_POINT('Ctrl Pts',(236.65162353431,-5.37376986859197,60.62));
#3260=CARTESIAN_POINT('Ctrl Pts',(236.818975839319,-5.4882740255605,60.62));
#3261=CARTESIAN_POINT('Ctrl Pts',(236.933479979476,-5.65562633821095,60.62));
#3262=CARTESIAN_POINT('Ctrl Pts',(236.990732009818,-5.73930243645984,60.62));
#3263=CARTESIAN_POINT('',(236.56794732373,-5.31651775037128,60.52));
#3264=CARTESIAN_POINT('',(236.56794732373,-5.31651775037128,60.62));
#3265=CARTESIAN_POINT('Ctrl Pts',(236.56794732373,-5.31651775037128,60.52));
#3266=CARTESIAN_POINT('Ctrl Pts',(236.65162353431,-5.37376986859197,60.52));
#3267=CARTESIAN_POINT('Ctrl Pts',(236.818975839319,-5.4882740255605,60.52));
#3268=CARTESIAN_POINT('Ctrl Pts',(236.933479979476,-5.65562633821095,60.52));
#3269=CARTESIAN_POINT('Ctrl Pts',(236.990732009818,-5.73930243645984,60.52));
#3270=CARTESIAN_POINT('Ctrl Pts',(235.977010186126,-5.15797356759388,60.62));
#3271=CARTESIAN_POINT('Ctrl Pts',(235.977010186126,-5.15797356759388,60.52));
#3272=CARTESIAN_POINT('Ctrl Pts',(236.082604761486,-5.16416227044377,60.62));
#3273=CARTESIAN_POINT('Ctrl Pts',(236.082604761486,-5.16416227044377,60.52));
#3274=CARTESIAN_POINT('Ctrl Pts',(236.290585357342,-5.17635162867463,60.62));
#3275=CARTESIAN_POINT('Ctrl Pts',(236.290585357342,-5.17635162867463,60.52));
#3276=CARTESIAN_POINT('Ctrl Pts',(236.476449119737,-5.27027871997045,60.62));
#3277=CARTESIAN_POINT('Ctrl Pts',(236.476449119737,-5.27027871997045,60.52));
#3278=CARTESIAN_POINT('Ctrl Pts',(236.56794732373,-5.31651775037128,60.62));
#3279=CARTESIAN_POINT('Ctrl Pts',(236.56794732373,-5.31651775037128,60.52));
#3280=CARTESIAN_POINT('',(235.977010186126,-5.15797356759388,60.62));
#3281=CARTESIAN_POINT('Ctrl Pts',(235.977010186126,-5.15797356759388,60.62));
#3282=CARTESIAN_POINT('Ctrl Pts',(236.082604761486,-5.16416227044377,60.62));
#3283=CARTESIAN_POINT('Ctrl Pts',(236.290585357342,-5.17635162867463,60.62));
#3284=CARTESIAN_POINT('Ctrl Pts',(236.476449119737,-5.27027871997045,60.62));
#3285=CARTESIAN_POINT('Ctrl Pts',(236.56794732373,-5.31651775037128,60.62));
#3286=CARTESIAN_POINT('',(235.977010186126,-5.15797356759388,60.52));
#3287=CARTESIAN_POINT('',(235.977010186126,-5.15797356759388,60.62));
#3288=CARTESIAN_POINT('Ctrl Pts',(235.977010186126,-5.15797356759388,60.52));
#3289=CARTESIAN_POINT('Ctrl Pts',(236.082604761486,-5.16416227044377,60.52));
#3290=CARTESIAN_POINT('Ctrl Pts',(236.290585357342,-5.17635162867463,60.52));
#3291=CARTESIAN_POINT('Ctrl Pts',(236.476449119737,-5.27027871997045,60.52));
#3292=CARTESIAN_POINT('Ctrl Pts',(236.56794732373,-5.31651775037128,60.52));
#3293=CARTESIAN_POINT('Origin',(231.470510418822,-5.15797356759387,60.62));
#3294=CARTESIAN_POINT('',(231.470510418822,-5.15797356759387,60.62));
#3295=CARTESIAN_POINT('',(210.140410546297,-5.15797356759387,60.62));
#3296=CARTESIAN_POINT('',(231.470510418822,-5.15797356759387,60.52));
#3297=CARTESIAN_POINT('',(231.470510418822,-5.15797356759387,60.62));
#3298=CARTESIAN_POINT('',(231.470510418822,-5.15797356759387,60.52));
#3299=CARTESIAN_POINT('Origin',(231.470510418822,-5.945890347112,60.62));
#3300=CARTESIAN_POINT('',(231.470510418822,-5.945890347112,60.62));
#3301=CARTESIAN_POINT('',(231.470510418822,-6.487945173556,60.62));
#3302=CARTESIAN_POINT('',(231.470510418822,-5.945890347112,60.52));
#3303=CARTESIAN_POINT('',(231.470510418822,-5.945890347112,60.62));
#3304=CARTESIAN_POINT('',(231.470510418822,-5.945890347112,60.52));
#3305=CARTESIAN_POINT('Origin',(235.977010186126,-5.945890347112,60.62));
#3306=CARTESIAN_POINT('',(235.977010186126,-5.945890347112,60.62));
#3307=CARTESIAN_POINT('',(212.393660429948,-5.945890347112,60.62));
#3308=CARTESIAN_POINT('',(235.977010186126,-5.945890347112,60.52));
#3309=CARTESIAN_POINT('',(235.977010186126,-5.945890347112,60.62));
#3310=CARTESIAN_POINT('',(235.977010186126,-5.945890347112,60.52));
#3311=CARTESIAN_POINT('Ctrl Pts',(236.241250093391,-6.05639080201465,60.62));
#3312=CARTESIAN_POINT('Ctrl Pts',(236.241250093391,-6.05639080201465,60.52));
#3313=CARTESIAN_POINT('Ctrl Pts',(236.20273348892,-6.0241616227036,60.62));
#3314=CARTESIAN_POINT('Ctrl Pts',(236.20273348892,-6.0241616227036,60.52));
#3315=CARTESIAN_POINT('Ctrl Pts',(236.126052132849,-5.95999768072108,60.62));
#3316=CARTESIAN_POINT('Ctrl Pts',(236.126052132849,-5.95999768072108,60.52));
#3317=CARTESIAN_POINT('Ctrl Pts',(236.026538628927,-5.9505783848161,60.62));
#3318=CARTESIAN_POINT('Ctrl Pts',(236.026538628927,-5.9505783848161,60.52));
#3319=CARTESIAN_POINT('Ctrl Pts',(235.977010186126,-5.945890347112,60.62));
#3320=CARTESIAN_POINT('Ctrl Pts',(235.977010186126,-5.945890347112,60.52));
#3321=CARTESIAN_POINT('',(236.241250093391,-6.05639080201465,60.62));
#3322=CARTESIAN_POINT('Ctrl Pts',(236.241250093391,-6.05639080201465,60.62));
#3323=CARTESIAN_POINT('Ctrl Pts',(236.20273348892,-6.0241616227036,60.62));
#3324=CARTESIAN_POINT('Ctrl Pts',(236.126052132849,-5.95999768072108,60.62));
#3325=CARTESIAN_POINT('Ctrl Pts',(236.026538628927,-5.9505783848161,60.62));
#3326=CARTESIAN_POINT('Ctrl Pts',(235.977010186126,-5.945890347112,60.62));
#3327=CARTESIAN_POINT('',(236.241250093391,-6.05639080201465,60.52));
#3328=CARTESIAN_POINT('',(236.241250093391,-6.05639080201465,60.62));
#3329=CARTESIAN_POINT('Ctrl Pts',(236.241250093391,-6.05639080201465,60.52));
#3330=CARTESIAN_POINT('Ctrl Pts',(236.20273348892,-6.0241616227036,60.52));
#3331=CARTESIAN_POINT('Ctrl Pts',(236.126052132849,-5.95999768072108,60.52));
#3332=CARTESIAN_POINT('Ctrl Pts',(236.026538628927,-5.9505783848161,60.52));
#3333=CARTESIAN_POINT('Ctrl Pts',(235.977010186126,-5.945890347112,60.52));
#3334=CARTESIAN_POINT('Ctrl Pts',(236.351750548293,-6.32063130532581,60.62));
#3335=CARTESIAN_POINT('Ctrl Pts',(236.351750548293,-6.32063130532581,60.52));
#3336=CARTESIAN_POINT('Ctrl Pts',(236.347062480164,-6.27110288128626,60.62));
#3337=CARTESIAN_POINT('Ctrl Pts',(236.347062480164,-6.27110288128626,60.52));
#3338=CARTESIAN_POINT('Ctrl Pts',(236.337643107279,-6.17158924761354,60.62));
#3339=CARTESIAN_POINT('Ctrl Pts',(236.337643107279,-6.17158924761354,60.52));
#3340=CARTESIAN_POINT('Ctrl Pts',(236.273479272559,-6.09490761141159,60.62));
#3341=CARTESIAN_POINT('Ctrl Pts',(236.273479272559,-6.09490761141159,60.52));
#3342=CARTESIAN_POINT('Ctrl Pts',(236.241250093391,-6.05639080201465,60.62));
#3343=CARTESIAN_POINT('Ctrl Pts',(236.241250093391,-6.05639080201465,60.52));
#3344=CARTESIAN_POINT('',(236.351750548293,-6.32063130532581,60.62));
#3345=CARTESIAN_POINT('Ctrl Pts',(236.351750548293,-6.32063130532581,60.62));
#3346=CARTESIAN_POINT('Ctrl Pts',(236.347062480164,-6.27110288128626,60.62));
#3347=CARTESIAN_POINT('Ctrl Pts',(236.337643107279,-6.17158924761354,60.62));
#3348=CARTESIAN_POINT('Ctrl Pts',(236.273479272559,-6.09490761141159,60.62));
#3349=CARTESIAN_POINT('Ctrl Pts',(236.241250093391,-6.05639080201465,60.62));
#3350=CARTESIAN_POINT('',(236.351750548293,-6.32063130532581,60.52));
#3351=CARTESIAN_POINT('',(236.351750548293,-6.32063130532581,60.62));
#3352=CARTESIAN_POINT('Ctrl Pts',(236.351750548293,-6.32063130532581,60.52));
#3353=CARTESIAN_POINT('Ctrl Pts',(236.347062480164,-6.27110288128626,60.52));
#3354=CARTESIAN_POINT('Ctrl Pts',(236.337643107279,-6.17158924761354,60.52));
#3355=CARTESIAN_POINT('Ctrl Pts',(236.273479272559,-6.09490761141159,60.52));
#3356=CARTESIAN_POINT('Ctrl Pts',(236.241250093391,-6.05639080201465,60.52));
#3357=CARTESIAN_POINT('Origin',(236.351750548293,-7.55054990445453,60.62));
#3358=CARTESIAN_POINT('',(236.351750548293,-7.55054990445453,60.62));
#3359=CARTESIAN_POINT('',(236.351750548293,-7.29027495222727,60.62));
#3360=CARTESIAN_POINT('',(236.351750548293,-7.55054990445453,60.52));
#3361=CARTESIAN_POINT('',(236.351750548293,-7.55054990445453,60.62));
#3362=CARTESIAN_POINT('',(236.351750548293,-7.55054990445453,60.52));
#3363=CARTESIAN_POINT('Origin',(231.470510418822,-7.55054990445453,60.62));
#3364=CARTESIAN_POINT('',(231.470510418822,-7.55054990445453,60.62));
#3365=CARTESIAN_POINT('',(210.140410546297,-7.55054990445453,60.62));
#3366=CARTESIAN_POINT('',(231.470510418822,-7.55054990445453,60.52));
#3367=CARTESIAN_POINT('',(231.470510418822,-7.55054990445453,60.62));
#3368=CARTESIAN_POINT('',(231.470510418822,-7.55054990445453,60.52));
#3369=CARTESIAN_POINT('Origin',(231.470510418822,-9.56838528310138,60.62));
#3370=CARTESIAN_POINT('',(231.470510418822,-9.56838528310138,60.62));
#3371=CARTESIAN_POINT('',(231.470510418822,-8.29919264155107,60.62));
#3372=CARTESIAN_POINT('',(231.470510418822,-9.56838528310138,60.52));
#3373=CARTESIAN_POINT('',(231.470510418822,-9.56838528310138,60.62));
#3374=CARTESIAN_POINT('',(231.470510418822,-9.56838528310138,60.52));
#3375=CARTESIAN_POINT('Ctrl Pts',(231.6290546016,-10.1497141519673,60.62));
#3376=CARTESIAN_POINT('Ctrl Pts',(231.6290546016,-10.1497141519673,60.52));
#3377=CARTESIAN_POINT('Ctrl Pts',(231.582813221103,-10.0590388550605,60.62));
#3378=CARTESIAN_POINT('Ctrl Pts',(231.582813221103,-10.0590388550605,60.52));
#3379=CARTESIAN_POINT('Ctrl Pts',(231.489627154619,-9.87630914078235,60.62));
#3380=CARTESIAN_POINT('Ctrl Pts',(231.489627154619,-9.87630914078235,60.52));
#3381=CARTESIAN_POINT('Ctrl Pts',(231.476914645898,-9.67154171773023,60.62));
#3382=CARTESIAN_POINT('Ctrl Pts',(231.476914645898,-9.67154171773023,60.52));
#3383=CARTESIAN_POINT('Ctrl Pts',(231.470510418822,-9.56838528310138,60.62));
#3384=CARTESIAN_POINT('Ctrl Pts',(231.470510418822,-9.56838528310138,60.52));
#3385=CARTESIAN_POINT('',(231.6290546016,-10.1497141519673,60.62));
#3386=CARTESIAN_POINT('Ctrl Pts',(231.6290546016,-10.1497141519673,60.62));
#3387=CARTESIAN_POINT('Ctrl Pts',(231.582813221103,-10.0590388550605,60.62));
#3388=CARTESIAN_POINT('Ctrl Pts',(231.489627154619,-9.87630914078235,60.62));
#3389=CARTESIAN_POINT('Ctrl Pts',(231.476914645898,-9.67154171773023,60.62));
#3390=CARTESIAN_POINT('Ctrl Pts',(231.470510418822,-9.56838528310138,60.62));
#3391=CARTESIAN_POINT('',(231.6290546016,-10.1497141519673,60.52));
#3392=CARTESIAN_POINT('',(231.6290546016,-10.1497141519673,60.62));
#3393=CARTESIAN_POINT('Ctrl Pts',(231.6290546016,-10.1497141519673,60.52));
#3394=CARTESIAN_POINT('Ctrl Pts',(231.582813221103,-10.0590388550605,60.52));
#3395=CARTESIAN_POINT('Ctrl Pts',(231.489627154619,-9.87630914078235,60.52));
#3396=CARTESIAN_POINT('Ctrl Pts',(231.476914645898,-9.67154171773023,60.52));
#3397=CARTESIAN_POINT('Ctrl Pts',(231.470510418822,-9.56838528310138,60.52));
#3398=CARTESIAN_POINT('Ctrl Pts',(232.051839287688,-10.5724988380559,60.62));
#3399=CARTESIAN_POINT('Ctrl Pts',(232.051839287688,-10.5724988380559,60.52));
#3400=CARTESIAN_POINT('Ctrl Pts',(231.968163058768,-10.5152468382803,60.62));
#3401=CARTESIAN_POINT('Ctrl Pts',(231.968163058768,-10.5152468382803,60.52));
#3402=CARTESIAN_POINT('Ctrl Pts',(231.800810600927,-10.4007428387292,60.62));
#3403=CARTESIAN_POINT('Ctrl Pts',(231.800810600927,-10.4007428387292,60.52));
#3404=CARTESIAN_POINT('Ctrl Pts',(231.686306601375,-10.233390380888,60.62));
#3405=CARTESIAN_POINT('Ctrl Pts',(231.686306601375,-10.233390380888,60.52));
#3406=CARTESIAN_POINT('Ctrl Pts',(231.6290546016,-10.1497141519673,60.62));
#3407=CARTESIAN_POINT('Ctrl Pts',(231.6290546016,-10.1497141519673,60.52));
#3408=CARTESIAN_POINT('',(232.051839287688,-10.5724988380559,60.62));
#3409=CARTESIAN_POINT('Ctrl Pts',(232.051839287688,-10.5724988380559,60.62));
#3410=CARTESIAN_POINT('Ctrl Pts',(231.968163058768,-10.5152468382803,60.62));
#3411=CARTESIAN_POINT('Ctrl Pts',(231.800810600927,-10.4007428387292,60.62));
#3412=CARTESIAN_POINT('Ctrl Pts',(231.686306601375,-10.233390380888,60.62));
#3413=CARTESIAN_POINT('Ctrl Pts',(231.6290546016,-10.1497141519673,60.62));
#3414=CARTESIAN_POINT('',(232.051839287688,-10.5724988380559,60.52));
#3415=CARTESIAN_POINT('',(232.051839287688,-10.5724988380559,60.62));
#3416=CARTESIAN_POINT('Ctrl Pts',(232.051839287688,-10.5724988380559,60.52));
#3417=CARTESIAN_POINT('Ctrl Pts',(231.968163058768,-10.5152468382803,60.52));
#3418=CARTESIAN_POINT('Ctrl Pts',(231.800810600927,-10.4007428387292,60.52));
#3419=CARTESIAN_POINT('Ctrl Pts',(231.686306601375,-10.233390380888,60.52));
#3420=CARTESIAN_POINT('Ctrl Pts',(231.6290546016,-10.1497141519673,60.52));
#3421=CARTESIAN_POINT('Ctrl Pts',(232.633168156554,-10.7310430208333,60.62));
#3422=CARTESIAN_POINT('Ctrl Pts',(232.633168156554,-10.7310430208333,60.52));
#3423=CARTESIAN_POINT('Ctrl Pts',(232.530011721926,-10.7246387937581,60.62));
#3424=CARTESIAN_POINT('Ctrl Pts',(232.530011721926,-10.7246387937581,60.52));
#3425=CARTESIAN_POINT('Ctrl Pts',(232.325244298873,-10.7119262850372,60.62));
#3426=CARTESIAN_POINT('Ctrl Pts',(232.325244298873,-10.7119262850372,60.52));
#3427=CARTESIAN_POINT('Ctrl Pts',(232.142514584595,-10.6187402185529,60.62));
#3428=CARTESIAN_POINT('Ctrl Pts',(232.142514584595,-10.6187402185529,60.52));
#3429=CARTESIAN_POINT('Ctrl Pts',(232.051839287688,-10.5724988380559,60.62));
#3430=CARTESIAN_POINT('Ctrl Pts',(232.051839287688,-10.5724988380559,60.52));
#3431=CARTESIAN_POINT('',(232.633168156554,-10.7310430208333,60.62));
#3432=CARTESIAN_POINT('Ctrl Pts',(232.633168156554,-10.7310430208333,60.62));
#3433=CARTESIAN_POINT('Ctrl Pts',(232.530011721926,-10.7246387937581,60.62));
#3434=CARTESIAN_POINT('Ctrl Pts',(232.325244298873,-10.7119262850372,60.62));
#3435=CARTESIAN_POINT('Ctrl Pts',(232.142514584595,-10.6187402185529,60.62));
#3436=CARTESIAN_POINT('Ctrl Pts',(232.051839287688,-10.5724988380559,60.62));
#3437=CARTESIAN_POINT('',(232.633168156554,-10.7310430208333,60.52));
#3438=CARTESIAN_POINT('',(232.633168156554,-10.7310430208333,60.62));
#3439=CARTESIAN_POINT('Ctrl Pts',(232.633168156554,-10.7310430208333,60.52));
#3440=CARTESIAN_POINT('Ctrl Pts',(232.530011721926,-10.7246387937581,60.52));
#3441=CARTESIAN_POINT('Ctrl Pts',(232.325244298873,-10.7119262850372,60.52));
#3442=CARTESIAN_POINT('Ctrl Pts',(232.142514584595,-10.6187402185529,60.52));
#3443=CARTESIAN_POINT('Ctrl Pts',(232.051839287688,-10.5724988380559,60.52));
#3444=CARTESIAN_POINT('Origin',(237.149276192596,-10.7310430208333,60.62));
#3445=CARTESIAN_POINT('',(237.149276192596,-10.7310430208333,60.62));
#3446=CARTESIAN_POINT('',(212.979793433183,-10.7310430208333,60.62));
#3447=CARTESIAN_POINT('',(237.149276192596,-10.7310430208333,60.52));
#3448=CARTESIAN_POINT('',(237.149276192596,-10.7310430208333,60.62));
#3449=CARTESIAN_POINT('',(237.149276192596,-10.7310430208333,60.52));
#3450=CARTESIAN_POINT('Origin',(237.149276192596,-6.32063130532581,60.62));
#3451=CARTESIAN_POINT('',(237.149276192596,-6.6753156526631,60.62));
#3452=CARTESIAN_POINT('',(237.149276192596,-6.32063130532581,60.52));
#3453=CARTESIAN_POINT('Origin',(188.242044611352,-7.03843643506858,60.52));
#3454=CARTESIAN_POINT('Origin',(238.138976748397,-5.15797356759387,60.62));
#3455=CARTESIAN_POINT('',(238.138976748397,-5.15797356759387,60.62));
#3456=CARTESIAN_POINT('',(238.926894123962,-5.15797356759388,60.62));
#3457=CARTESIAN_POINT('',(213.474643711084,-5.15797356759384,60.62));
#3458=CARTESIAN_POINT('',(238.138976748397,-5.15797356759387,60.52));
#3459=CARTESIAN_POINT('',(238.138976748397,-5.15797356759387,60.62));
#3460=CARTESIAN_POINT('',(238.926894123962,-5.15797356759388,60.52));
#3461=CARTESIAN_POINT('',(238.138976748397,-5.15797356759387,60.52));
#3462=CARTESIAN_POINT('',(238.926894123962,-5.15797356759388,60.62));
#3463=CARTESIAN_POINT('Origin',(238.138976748397,-10.7310430208333,60.62));
#3464=CARTESIAN_POINT('',(238.138976748397,-10.7310430208333,60.62));
#3465=CARTESIAN_POINT('',(238.138976748397,-8.88052151041666,60.62));
#3466=CARTESIAN_POINT('',(238.138976748397,-10.7310430208333,60.52));
#3467=CARTESIAN_POINT('',(238.138976748397,-10.7310430208333,60.62));
#3468=CARTESIAN_POINT('',(238.138976748397,-10.7310430208333,60.52));
#3469=CARTESIAN_POINT('Origin',(238.926894123962,-10.7310430208333,60.62));
#3470=CARTESIAN_POINT('',(238.926894123962,-10.7310430208333,60.62));
#3471=CARTESIAN_POINT('',(213.868602398866,-10.7310430208333,60.62));
#3472=CARTESIAN_POINT('',(238.926894123962,-10.7310430208333,60.52));
#3473=CARTESIAN_POINT('',(238.926894123962,-10.7310430208333,60.62));
#3474=CARTESIAN_POINT('',(238.926894123962,-10.7310430208333,60.52));
#3475=CARTESIAN_POINT('Origin',(238.926894123962,-5.15797356759388,60.62));
#3476=CARTESIAN_POINT('',(238.926894123962,-6.09398678379694,60.62));
#3477=CARTESIAN_POINT('',(238.926894123962,-5.15797356759388,60.52));
#3478=CARTESIAN_POINT('Origin',(188.242044611352,-7.03843643506858,60.52));
#3479=CARTESIAN_POINT('Origin',(123.926602325833,-9.96121594499999,60.62));
#3480=CARTESIAN_POINT('',(123.926602325833,-10.7510377291667,60.62));
#3481=CARTESIAN_POINT('',(123.136780541667,-9.96121594499999,60.62));
#3482=CARTESIAN_POINT('Origin',(123.926602325833,-9.96121594499999,60.62));
#3483=CARTESIAN_POINT('',(123.926602325833,-10.7510377291667,60.52));
#3484=CARTESIAN_POINT('',(123.926602325833,-10.7510377291667,60.62));
#3485=CARTESIAN_POINT('',(123.136780541667,-9.96121594499999,60.52));
#3486=CARTESIAN_POINT('Origin',(123.926602325833,-9.96121594499999,60.52));
#3487=CARTESIAN_POINT('',(123.136780541667,-9.96121594499999,60.62));
#3488=CARTESIAN_POINT('Origin',(223.960613903333,-10.7510377291667,60.62));
#3489=CARTESIAN_POINT('',(223.960613903333,-10.7510377291667,60.62));
#3490=CARTESIAN_POINT('',(206.385462288552,-10.7510377291667,60.62));
#3491=CARTESIAN_POINT('',(223.960613903333,-10.7510377291667,60.52));
#3492=CARTESIAN_POINT('',(223.960613903333,-10.7510377291667,60.62));
#3493=CARTESIAN_POINT('',(223.960613903333,-10.7510377291667,60.52));
#3494=CARTESIAN_POINT('Origin',(223.960613903333,-9.96121594499998,60.62));
#3495=CARTESIAN_POINT('',(224.7504356875,-9.96121594499998,60.62));
#3496=CARTESIAN_POINT('Origin',(223.960613903333,-9.96121594499998,60.62));
#3497=CARTESIAN_POINT('',(224.7504356875,-9.96121594499998,60.52));
#3498=CARTESIAN_POINT('',(224.7504356875,-9.96121594499998,60.62));
#3499=CARTESIAN_POINT('Origin',(223.960613903333,-9.96121594499998,60.52));
#3500=CARTESIAN_POINT('Origin',(224.7504356875,-4.13252617999999,60.62));
#3501=CARTESIAN_POINT('',(224.7504356875,-4.13252617999999,60.62));
#3502=CARTESIAN_POINT('',(224.7504356875,-5.58126308999999,60.62));
#3503=CARTESIAN_POINT('',(224.7504356875,-4.13252617999999,60.52));
#3504=CARTESIAN_POINT('',(224.7504356875,-4.13252617999999,60.62));
#3505=CARTESIAN_POINT('',(224.7504356875,-4.13252617999999,60.52));
#3506=CARTESIAN_POINT('Origin',(223.960613903333,-4.13252617999999,60.62));
#3507=CARTESIAN_POINT('',(223.960613903333,-3.34270439583331,60.62));
#3508=CARTESIAN_POINT('Origin',(223.960613903333,-4.13252617999999,60.62));
#3509=CARTESIAN_POINT('',(223.960613903333,-3.34270439583331,60.52));
#3510=CARTESIAN_POINT('',(223.960613903333,-3.34270439583331,60.62));
#3511=CARTESIAN_POINT('Origin',(223.960613903333,-4.13252617999999,60.52));
#3512=CARTESIAN_POINT('Origin',(123.926602325833,-3.34270439583332,60.62));
#3513=CARTESIAN_POINT('',(123.926602325833,-3.34270439583332,60.62));
#3514=CARTESIAN_POINT('',(156.368456499802,-3.34270439583332,60.62));
#3515=CARTESIAN_POINT('',(123.926602325833,-3.34270439583332,60.52));
#3516=CARTESIAN_POINT('',(123.926602325833,-3.34270439583332,60.62));
#3517=CARTESIAN_POINT('',(123.926602325833,-3.34270439583332,60.52));
#3518=CARTESIAN_POINT('Origin',(123.926602325833,-4.13252618,60.62));
#3519=CARTESIAN_POINT('',(123.136780541667,-4.13252618,60.62));
#3520=CARTESIAN_POINT('Origin',(123.926602325833,-4.13252618,60.62));
#3521=CARTESIAN_POINT('',(123.136780541667,-4.13252618,60.52));
#3522=CARTESIAN_POINT('',(123.136780541667,-4.13252618,60.62));
#3523=CARTESIAN_POINT('Origin',(123.926602325833,-4.13252618,60.52));
#3524=CARTESIAN_POINT('Origin',(123.136780541667,-9.96121594499999,60.62));
#3525=CARTESIAN_POINT('',(123.136780541667,-8.4956079725001,60.62));
#3526=CARTESIAN_POINT('',(123.136780541667,-9.96121594499999,60.52));
#3527=CARTESIAN_POINT('Origin',(188.242044611352,-7.03843643506858,60.52));
#3528=CARTESIAN_POINT('Origin',(188.810310673771,-7.03,60.62));
#3529=CARTESIAN_POINT('',(256.17,0.495,60.62));
#3530=CARTESIAN_POINT('',(257.67,-1.005,60.62));
#3531=CARTESIAN_POINT('Origin',(256.17,-1.005,60.62));
#3532=CARTESIAN_POINT('',(120.294621347541,0.495,60.62));
#3533=CARTESIAN_POINT('',(222.440155336885,0.495,60.62));
#3534=CARTESIAN_POINT('',(118.794621347541,-1.005,60.62));
#3535=CARTESIAN_POINT('Origin',(120.294621347541,-1.005,60.62));
#3536=CARTESIAN_POINT('',(118.794621347541,-13.055,60.62));
#3537=CARTESIAN_POINT('',(118.794621347541,-4.06749999999991,60.62));
#3538=CARTESIAN_POINT('',(120.294621347541,-14.555,60.62));
#3539=CARTESIAN_POINT('Origin',(120.294621347541,-13.055,60.62));
#3540=CARTESIAN_POINT('',(256.17,-14.555,60.62));
#3541=CARTESIAN_POINT('',(155.180466010656,-14.555,60.62));
#3542=CARTESIAN_POINT('',(257.67,-13.055,60.62));
#3543=CARTESIAN_POINT('Origin',(256.17,-13.055,60.62));
#3544=CARTESIAN_POINT('',(257.67,-9.9925,60.62));
#3545=CARTESIAN_POINT('Origin',(188.810310673771,-7.03,60.62));
#3546=CARTESIAN_POINT('Origin',(249.67,-7.03,58.67));
#3547=CARTESIAN_POINT('',(247.12,-7.03,58.67));
#3548=CARTESIAN_POINT('Origin',(249.67,-7.03,58.67));
#3549=CARTESIAN_POINT('Origin',(249.67,-7.03,57.62));
#3550=CARTESIAN_POINT('',(247.12,-7.03,57.62));
#3551=CARTESIAN_POINT('',(247.12,-7.03,57.62));
#3552=CARTESIAN_POINT('Origin',(249.67,-7.03,57.62));
#3553=CARTESIAN_POINT('Origin',(126.794621347541,-7.03,58.67));
#3554=CARTESIAN_POINT('',(124.244621347541,-7.03,58.67));
#3555=CARTESIAN_POINT('Origin',(126.794621347541,-7.03,58.67));
#3556=CARTESIAN_POINT('Origin',(126.794621347541,-7.03,57.62));
#3557=CARTESIAN_POINT('',(124.244621347541,-7.03,57.62));
#3558=CARTESIAN_POINT('',(124.244621347541,-7.03,57.62));
#3559=CARTESIAN_POINT('Origin',(126.794621347541,-7.03,57.62));
#3560=CARTESIAN_POINT('Origin',(256.17,-1.005,57.62));
#3561=CARTESIAN_POINT('',(257.67,-1.005,57.62));
#3562=CARTESIAN_POINT('',(257.67,-1.005,57.62));
#3563=CARTESIAN_POINT('',(256.17,0.495,57.62));
#3564=CARTESIAN_POINT('Origin',(256.17,-1.005,57.62));
#3565=CARTESIAN_POINT('',(256.17,0.495,57.62));
#3566=CARTESIAN_POINT('Origin',(256.17,-13.055,57.62));
#3567=CARTESIAN_POINT('',(256.17,-14.555,57.62));
#3568=CARTESIAN_POINT('',(256.17,-14.555,57.62));
#3569=CARTESIAN_POINT('',(257.67,-13.055,57.62));
#3570=CARTESIAN_POINT('Origin',(256.17,-13.055,57.62));
#3571=CARTESIAN_POINT('',(257.67,-13.055,57.62));
#3572=CARTESIAN_POINT('Origin',(121.550621347541,-14.555,57.62));
#3573=CARTESIAN_POINT('',(120.294621347541,-14.555,57.62));
#3574=CARTESIAN_POINT('',(120.294621347541,-14.555,57.62));
#3575=CARTESIAN_POINT('',(223.240155336885,-14.555,57.62));
#3576=CARTESIAN_POINT('Origin',(120.294621347541,-13.055,57.62));
#3577=CARTESIAN_POINT('',(118.794621347541,-13.055,57.62));
#3578=CARTESIAN_POINT('',(118.794621347541,-13.055,57.62));
#3579=CARTESIAN_POINT('Origin',(120.294621347541,-13.055,57.62));
#3580=CARTESIAN_POINT('Origin',(118.794621347541,-1.10499999999999,57.62));
#3581=CARTESIAN_POINT('',(118.794621347541,-1.005,57.62));
#3582=CARTESIAN_POINT('',(118.794621347541,-1.005,57.62));
#3583=CARTESIAN_POINT('',(118.794621347541,-3.06749999999991,57.62));
#3584=CARTESIAN_POINT('Origin',(120.294621347541,-1.005,57.62));
#3585=CARTESIAN_POINT('',(120.294621347541,0.495,57.62));
#3586=CARTESIAN_POINT('',(120.294621347541,0.495,57.62));
#3587=CARTESIAN_POINT('Origin',(120.294621347541,-1.005,57.62));
#3588=CARTESIAN_POINT('Origin',(256.07,0.495,57.62));
#3589=CARTESIAN_POINT('',(255.67,0.495,57.62));
#3590=CARTESIAN_POINT('Origin',(190.810310673771,-5.03000000000001,57.62));
#3591=CARTESIAN_POINT('',(257.67,-8.55500000000001,57.62));
#3592=CARTESIAN_POINT('Origin',(257.67,-12.955,57.62));
#3593=CARTESIAN_POINT('Origin',(188.810310673771,-7.03,60.62));
#3594=UNCERTAINTY_MEASURE_WITH_UNIT(LENGTH_MEASURE(0.01),#3598,
'DISTANCE_ACCURACY_VALUE',
'Maximum model space distance between geometric entities at asserted c
onnectivities');
#3595=UNCERTAINTY_MEASURE_WITH_UNIT(LENGTH_MEASURE(0.01),#3598,
'DISTANCE_ACCURACY_VALUE',
'Maximum model space distance between geometric entities at asserted c
onnectivities');
#3596=(
GEOMETRIC_REPRESENTATION_CONTEXT(3)
GLOBAL_UNCERTAINTY_ASSIGNED_CONTEXT((#3594))
GLOBAL_UNIT_ASSIGNED_CONTEXT((#3598,#3599,#3600))
REPRESENTATION_CONTEXT('','3D')
);
#3597=(
GEOMETRIC_REPRESENTATION_CONTEXT(3)
GLOBAL_UNCERTAINTY_ASSIGNED_CONTEXT((#3595))
GLOBAL_UNIT_ASSIGNED_CONTEXT((#3598,#3599,#3600))
REPRESENTATION_CONTEXT('','3D')
);
#3598=(
LENGTH_UNIT()
NAMED_UNIT(*)
SI_UNIT(.MILLI.,.METRE.)
);
#3599=(
NAMED_UNIT(*)
PLANE_ANGLE_UNIT()
SI_UNIT($,.RADIAN.)
);
#3600=(
NAMED_UNIT(*)
SI_UNIT($,.STERADIAN.)
SOLID_ANGLE_UNIT()
);
#3601=SHAPE_DEFINITION_REPRESENTATION(#3602,#3603);
#3602=PRODUCT_DEFINITION_SHAPE('',$,#3605);
#3603=SHAPE_REPRESENTATION('',(#2046),#3596);
#3604=PRODUCT_DEFINITION_CONTEXT('part definition',#3609,'design');
#3605=PRODUCT_DEFINITION('laika v29','laika v29 v60',#3606,#3604);
#3606=PRODUCT_DEFINITION_FORMATION('',$,#3611);
#3607=PRODUCT_RELATED_PRODUCT_CATEGORY('laika v29 v60','laika v29 v60',
(#3611));
#3608=APPLICATION_PROTOCOL_DEFINITION('international standard',
'automotive_design',2009,#3609);
#3609=APPLICATION_CONTEXT(
'Core Data for Automotive Mechanical Design Process');
#3610=PRODUCT_CONTEXT('part definition',#3609,'mechanical');
#3611=PRODUCT('laika v29','laika v29 v60',$,(#3610));
#3612=PRESENTATION_STYLE_ASSIGNMENT((#3626));
#3613=PRESENTATION_STYLE_ASSIGNMENT((#3627));
#3614=PRESENTATION_STYLE_ASSIGNMENT((#3628));
#3615=PRESENTATION_STYLE_ASSIGNMENT((#3629));
#3616=PRESENTATION_STYLE_ASSIGNMENT((#3630));
#3617=PRESENTATION_STYLE_ASSIGNMENT((#3631));
#3618=PRESENTATION_STYLE_ASSIGNMENT((#3632));
#3619=PRESENTATION_STYLE_ASSIGNMENT((#3633));
#3620=PRESENTATION_STYLE_ASSIGNMENT((#3634));
#3621=PRESENTATION_STYLE_ASSIGNMENT((#3635));
#3622=PRESENTATION_STYLE_ASSIGNMENT((#3636));
#3623=PRESENTATION_STYLE_ASSIGNMENT((#3637));
#3624=PRESENTATION_STYLE_ASSIGNMENT((#3638));
#3625=PRESENTATION_STYLE_ASSIGNMENT((#3639));
#3626=SURFACE_STYLE_USAGE(.BOTH.,#3640);
#3627=SURFACE_STYLE_USAGE(.BOTH.,#3641);
#3628=SURFACE_STYLE_USAGE(.BOTH.,#3642);
#3629=SURFACE_STYLE_USAGE(.BOTH.,#3643);
#3630=SURFACE_STYLE_USAGE(.BOTH.,#3644);
#3631=SURFACE_STYLE_USAGE(.BOTH.,#3645);
#3632=SURFACE_STYLE_USAGE(.BOTH.,#3646);
#3633=SURFACE_STYLE_USAGE(.BOTH.,#3647);
#3634=SURFACE_STYLE_USAGE(.BOTH.,#3648);
#3635=SURFACE_STYLE_USAGE(.BOTH.,#3649);
#3636=SURFACE_STYLE_USAGE(.BOTH.,#3650);
#3637=SURFACE_STYLE_USAGE(.BOTH.,#3651);
#3638=SURFACE_STYLE_USAGE(.BOTH.,#3652);
#3639=SURFACE_STYLE_USAGE(.BOTH.,#3653);
#3640=SURFACE_SIDE_STYLE('',(#3654));
#3641=SURFACE_SIDE_STYLE('',(#3655));
#3642=SURFACE_SIDE_STYLE('',(#3656));
#3643=SURFACE_SIDE_STYLE('',(#3657));
#3644=SURFACE_SIDE_STYLE('',(#3658));
#3645=SURFACE_SIDE_STYLE('',(#3659));
#3646=SURFACE_SIDE_STYLE('',(#3660));
#3647=SURFACE_SIDE_STYLE('',(#3661));
#3648=SURFACE_SIDE_STYLE('',(#3662));
#3649=SURFACE_SIDE_STYLE('',(#3663));
#3650=SURFACE_SIDE_STYLE('',(#3664));
#3651=SURFACE_SIDE_STYLE('',(#3665));
#3652=SURFACE_SIDE_STYLE('',(#3666));
#3653=SURFACE_SIDE_STYLE('',(#3667));
#3654=SURFACE_STYLE_FILL_AREA(#3668);
#3655=SURFACE_STYLE_FILL_AREA(#3669);
#3656=SURFACE_STYLE_FILL_AREA(#3670);
#3657=SURFACE_STYLE_FILL_AREA(#3671);
#3658=SURFACE_STYLE_FILL_AREA(#3672);
#3659=SURFACE_STYLE_FILL_AREA(#3673);
#3660=SURFACE_STYLE_FILL_AREA(#3674);
#3661=SURFACE_STYLE_FILL_AREA(#3675);
#3662=SURFACE_STYLE_FILL_AREA(#3676);
#3663=SURFACE_STYLE_FILL_AREA(#3677);
#3664=SURFACE_STYLE_FILL_AREA(#3678);
#3665=SURFACE_STYLE_FILL_AREA(#3679);
#3666=SURFACE_STYLE_FILL_AREA(#3680);
#3667=SURFACE_STYLE_FILL_AREA(#3681);
#3668=FILL_AREA_STYLE('Steel - Satin',(#3682));
#3669=FILL_AREA_STYLE('Aluminum - Polished',(#3683));
#3670=FILL_AREA_STYLE('Opaque(190,190,190)',(#3684));
#3671=FILL_AREA_STYLE('Opaque(64,64,64)',(#3685));
#3672=FILL_AREA_STYLE('Opaque(154,24,18)',(#3686));
#3673=FILL_AREA_STYLE('Opaque(37,36,36)',(#3687));
#3674=FILL_AREA_STYLE('Brass - Matte',(#3688));
#3675=FILL_AREA_STYLE('Aluminum - Anodized Glossy (Red)',(#3689));
#3676=FILL_AREA_STYLE('Brass - Polished',(#3690));
#3677=FILL_AREA_STYLE('Brass - Matte (1)',(#3691));
#3678=FILL_AREA_STYLE('Steel - Satin',(#3692));
#3679=FILL_AREA_STYLE('Opaque(210,209,199)',(#3693));
#3680=FILL_AREA_STYLE('Fabric (Light Brown)',(#3694));
#3681=FILL_AREA_STYLE('Fabric (Denim)',(#3695));
#3682=FILL_AREA_STYLE_COLOUR('Steel - Satin',#3696);
#3683=FILL_AREA_STYLE_COLOUR('Aluminum - Polished',#3697);
#3684=FILL_AREA_STYLE_COLOUR('Opaque(190,190,190)',#3698);
#3685=FILL_AREA_STYLE_COLOUR('Opaque(64,64,64)',#3699);
#3686=FILL_AREA_STYLE_COLOUR('Opaque(154,24,18)',#3700);
#3687=FILL_AREA_STYLE_COLOUR('Opaque(37,36,36)',#3701);
#3688=FILL_AREA_STYLE_COLOUR('Brass - Matte',#3702);
#3689=FILL_AREA_STYLE_COLOUR('Aluminum - Anodized Glossy (Red)',#3703);
#3690=FILL_AREA_STYLE_COLOUR('Brass - Polished',#3704);
#3691=FILL_AREA_STYLE_COLOUR('Brass - Matte (1)',#3705);
#3692=FILL_AREA_STYLE_COLOUR('Steel - Satin',#3706);
#3693=FILL_AREA_STYLE_COLOUR('Opaque(210,209,199)',#3707);
#3694=FILL_AREA_STYLE_COLOUR('Fabric (Light Brown)',#3708);
#3695=FILL_AREA_STYLE_COLOUR('Fabric (Denim)',#3709);
#3696=COLOUR_RGB('Steel - Satin',0.627450980392157,0.627450980392157,0.627450980392157);
#3697=COLOUR_RGB('Aluminum - Polished',0.96078431372549,0.96078431372549,
0.964705882352941);
#3698=COLOUR_RGB('Opaque(190,190,190)',0.745098039215686,0.745098039215686,
0.745098039215686);
#3699=COLOUR_RGB('Opaque(64,64,64)',0.250980392156863,0.250980392156863,
0.250980392156863);
#3700=COLOUR_RGB('Opaque(154,24,18)',0.603921568627451,0.0941176470588235,
0.0705882352941176);
#3701=COLOUR_RGB('Opaque(37,36,36)',0.145098039215686,0.141176470588235,
0.141176470588235);
#3702=COLOUR_RGB('Brass - Matte',0.952941176470588,0.796078431372549,0.486274509803922);
#3703=COLOUR_RGB('Aluminum - Anodized Glossy (Red)',0.0941176470588235,
0.431372549019608,0.392156862745098);
#3704=COLOUR_RGB('Brass - Polished',0.952941176470588,0.796078431372549,
0.486274509803922);
#3705=COLOUR_RGB('Brass - Matte (1)',0.952941176470588,0.796078431372549,
0.486274509803922);
#3706=COLOUR_RGB('Steel - Satin',0.627450980392157,0.627450980392157,0.627450980392157);
#3707=COLOUR_RGB('Opaque(210,209,199)',0.823529411764706,0.819607843137255,
0.780392156862745);
#3708=COLOUR_RGB('Fabric (Light Brown)',0.,0.,0.);
#3709=COLOUR_RGB('Fabric (Denim)',0.,0.,0.);
ENDSEC;
END-ISO-10303-21;
