ISO-10303-21;
HEADER;
/* Generated by software containing ST-Developer
 * from STEP Tools, Inc. (www.steptools.com) 
 */

FILE_DESCRIPTION(
/* description */ (''),
/* implementation_level */ '2;1');

FILE_NAME(
/* name */ 'top.step',
/* time_stamp */ '2026-04-14T09:46:46+03:00',
/* author */ (''),
/* organization */ (''),
/* preprocessor_version */ 'ST-DEVELOPER v20.1',
/* originating_system */ 'Autodesk Translation Framework v14.24.0.0',
/* authorisation */ '');

FILE_SCHEMA (('AUTOMOTIVE_DESIGN { 1 0 10303 214 3 1 1 }'));
ENDSEC;

DATA;
#10=MECHANICAL_DESIGN_GEOMETRIC_PRESENTATION_REPRESENTATION('',(#13),#10622);
#11=SHAPE_REPRESENTATION_RELATIONSHIP('SRR','None',#10628,#12);
#12=ADVANCED_BREP_SHAPE_REPRESENTATION('',(#14),#10621);
#13=STYLED_ITEM('',(#10643),#14);
#14=MANIFOLD_SOLID_BREP('TOP',#6156);
#15=(
BOUNDED_CURVE()
B_SPLINE_CURVE(2,(#10143,#10144,#10145),.UNSPECIFIED.,.F.,.F.)
B_SPLINE_CURVE_WITH_KNOTS((3,3),(0.0848528137423835,0.16970562748477),
 .UNSPECIFIED.)
CURVE()
GEOMETRIC_REPRESENTATION_ITEM()
RATIONAL_B_SPLINE_CURVE((1.06249999999998,1.06249999999999,1.))
REPRESENTATION_ITEM('')
);
#16=(
BOUNDED_CURVE()
B_SPLINE_CURVE(2,(#10521,#10522,#10523),.UNSPECIFIED.,.F.,.F.)
B_SPLINE_CURVE_WITH_KNOTS((3,3),(0.093978720995767,0.180272337418386),
 .UNSPECIFIED.)
CURVE()
GEOMETRIC_REPRESENTATION_ITEM()
RATIONAL_B_SPLINE_CURVE((1.075,1.075,1.01176470588235))
REPRESENTATION_ITEM('')
);
#17=ELLIPSE('',#6291,2.26274169979693,1.6);
#18=ELLIPSE('',#6298,2.26274169979693,1.6);
#19=ELLIPSE('',#6341,141.42135623731,100.);
#20=ELLIPSE('',#6342,141.42135623731,100.);
#21=ELLIPSE('',#6345,141.42135623731,100.);
#22=ELLIPSE('',#6346,141.421356237309,100.);
#23=ELLIPSE('',#6348,141.42135623731,100.);
#24=ELLIPSE('',#6349,141.42135623731,100.);
#25=ELLIPSE('',#6360,141.42135623731,100.);
#26=ELLIPSE('',#6361,141.42135623731,100.);
#27=FACE_BOUND('',#993,.T.);
#28=FACE_BOUND('',#994,.T.);
#29=FACE_BOUND('',#995,.T.);
#30=FACE_BOUND('',#997,.T.);
#31=FACE_BOUND('',#1000,.T.);
#32=FACE_BOUND('',#1002,.T.);
#33=FACE_BOUND('',#1004,.T.);
#34=FACE_BOUND('',#1006,.T.);
#35=FACE_BOUND('',#1008,.T.);
#36=FACE_BOUND('',#1010,.T.);
#37=FACE_BOUND('',#1013,.T.);
#38=FACE_BOUND('',#1182,.T.);
#39=FACE_BOUND('',#1183,.T.);
#40=FACE_BOUND('',#1342,.T.);
#41=FACE_BOUND('',#1343,.T.);
#42=FACE_BOUND('',#1344,.T.);
#43=FACE_BOUND('',#1345,.T.);
#44=FACE_BOUND('',#1346,.T.);
#45=FACE_BOUND('',#1347,.T.);
#46=FACE_BOUND('',#1348,.T.);
#47=FACE_BOUND('',#1349,.T.);
#48=FACE_BOUND('',#1350,.T.);
#49=FACE_BOUND('',#1351,.T.);
#50=FACE_BOUND('',#1352,.T.);
#51=FACE_BOUND('',#1353,.T.);
#52=FACE_BOUND('',#1354,.T.);
#53=CONICAL_SURFACE('',#6167,4.75000000000018,0.785398163397441);
#54=CONICAL_SURFACE('',#6292,1.7,0.785398163397453);
#55=CONICAL_SURFACE('',#6295,0.400000000000002,0.785398163397449);
#56=CONICAL_SURFACE('',#6300,9.75,0.785398163397445);
#57=CONICAL_SURFACE('',#6303,9.75,0.785398163397443);
#58=CONICAL_SURFACE('',#6306,1.75,0.785398163397444);
#59=CONICAL_SURFACE('',#6310,1.75,0.785398163397452);
#60=CONICAL_SURFACE('',#6314,1.75,0.785398163397452);
#61=CONICAL_SURFACE('',#6318,1.75,0.785398163397449);
#62=CONICAL_SURFACE('',#6322,0.349999999999999,0.785398163397449);
#63=CONICAL_SURFACE('',#6325,1.75,0.785398163397452);
#64=CONICAL_SURFACE('',#6351,4.25,0.785398163397447);
#65=CONICAL_SURFACE('',#6355,4.25,0.785398163397447);
#66=CONICAL_SURFACE('',#6363,1.75,0.785398163397447);
#67=CONICAL_SURFACE('',#6367,1.75,0.785398163397447);
#68=CONICAL_SURFACE('',#6580,4.75,0.785398163397451);
#69=CONICAL_SURFACE('',#6590,4.75,0.785398163397454);
#70=CONICAL_SURFACE('',#6595,4.24999999999999,0.78539816339745);
#71=CONICAL_SURFACE('',#6600,4.24999999999999,0.785398163397453);
#72=CONICAL_SURFACE('',#6609,4.5,0.785398163397449);
#73=CONICAL_SURFACE('',#6612,4.5,0.785398163397449);
#74=CONICAL_SURFACE('',#6615,4.5,0.785398163397447);
#75=CONICAL_SURFACE('',#6618,4.5,0.785398163397447);
#76=CONICAL_SURFACE('',#6660,4.74999999999999,0.78539816339747);
#77=CONICAL_SURFACE('',#6666,1.7,0.78539816339745);
#78=CONICAL_SURFACE('',#6669,1.5,0.785398163397448);
#79=CONICAL_SURFACE('',#6672,0.900000000000002,0.78539816339745);
#80=CONICAL_SURFACE('',#6675,1.6,0.78539816339745);
#81=CONICAL_SURFACE('',#6677,0.899999999999995,0.785398163397484);
#82=CONICAL_SURFACE('',#6679,2.50000000000002,0.785398163397459);
#83=CONICAL_SURFACE('',#6681,0.900000000000007,0.785398163397425);
#84=CONICAL_SURFACE('',#6683,1.60000000000001,0.78539816339749);
#85=CONICAL_SURFACE('',#6686,0.899999999999992,0.785398163397497);
#86=CONICAL_SURFACE('',#6689,0.899999999999992,0.785398163397497);
#87=CONICAL_SURFACE('',#6692,1.59999999999999,0.785398163397505);
#88=CONICAL_SURFACE('',#6694,0.900000000000008,0.78539816339742);
#89=CONICAL_SURFACE('',#6696,2.50000000000002,0.785398163397459);
#90=CONICAL_SURFACE('',#6698,0.900000000000007,0.785398163397425);
#91=CONICAL_SURFACE('',#6700,1.60000000000001,0.785398163397483);
#92=CONICAL_SURFACE('',#6703,0.899999999999992,0.785398163397497);
#93=CONICAL_SURFACE('',#6706,1.70000000000001,0.785398163397496);
#94=CONICAL_SURFACE('',#6709,1.70000000000001,0.785398163397508);
#95=CONICAL_SURFACE('',#6712,0.899999999999996,0.785398163397477);
#96=CONICAL_SURFACE('',#6715,1.60000000000006,0.78539816339749);
#97=CONICAL_SURFACE('',#6717,0.900000000000001,0.785398163397455);
#98=CONICAL_SURFACE('',#6719,2.50000000000002,0.785398163397448);
#99=CONICAL_SURFACE('',#6721,0.900000000000001,0.785398163397455);
#100=CONICAL_SURFACE('',#6723,1.60000000000005,0.78539816339749);
#101=CONICAL_SURFACE('',#6726,0.899999999999996,0.785398163397477);
#102=CONICAL_SURFACE('',#6729,0.899999999999996,0.785398163397477);
#103=CONICAL_SURFACE('',#6732,1.59999999999999,0.78539816339749);
#104=CONICAL_SURFACE('',#6734,0.900000000000001,0.785398163397455);
#105=CONICAL_SURFACE('',#6736,2.50000000000002,0.785398163397448);
#106=CONICAL_SURFACE('',#6738,0.900000000000001,0.785398163397455);
#107=CONICAL_SURFACE('',#6740,1.60000000000001,0.78539816339749);
#108=CONICAL_SURFACE('',#6743,0.899999999999996,0.785398163397477);
#109=CONICAL_SURFACE('',#6746,0.900000000000003,0.785398163397445);
#110=CONICAL_SURFACE('',#6749,1.59999999999999,0.785398163397457);
#111=CONICAL_SURFACE('',#6751,0.899999999999999,0.785398163397464);
#112=CONICAL_SURFACE('',#6753,2.5,0.785398163397448);
#113=CONICAL_SURFACE('',#6755,0.899999999999999,0.785398163397464);
#114=CONICAL_SURFACE('',#6757,1.6,0.785398163397457);
#115=CONICAL_SURFACE('',#6760,0.899999999999999,0.785398163397461);
#116=CONICAL_SURFACE('',#6763,0.900000000000001,0.785398163397453);
#117=CONICAL_SURFACE('',#6766,1.6,0.785398163397448);
#118=CONICAL_SURFACE('',#6768,0.899999999999999,0.785398163397464);
#119=CONICAL_SURFACE('',#6770,2.5,0.785398163397448);
#120=CONICAL_SURFACE('',#6772,0.899999999999999,0.785398163397464);
#121=CONICAL_SURFACE('',#6774,1.6,0.785398163397457);
#122=CONICAL_SURFACE('',#6777,0.900000000000004,0.785398163397442);
#123=CONICAL_SURFACE('',#6780,1.7,0.785398163397453);
#124=CONICAL_SURFACE('',#6783,1.7,0.785398163397459);
#125=CONICAL_SURFACE('',#6786,0.9,0.78539816339746);
#126=CONICAL_SURFACE('',#6789,1.6,0.785398163397459);
#127=CONICAL_SURFACE('',#6791,0.9,0.785398163397459);
#128=CONICAL_SURFACE('',#6793,2.5,0.785398163397459);
#129=CONICAL_SURFACE('',#6795,0.899999999999999,0.785398163397464);
#130=CONICAL_SURFACE('',#6797,1.60000000000001,0.785398163397454);
#131=CONICAL_SURFACE('',#6800,0.899999999999999,0.785398163397461);
#132=CONICAL_SURFACE('',#6803,0.900000000000002,0.78539816339745);
#133=CONICAL_SURFACE('',#6806,1.59999999999999,0.785398163397456);
#134=CONICAL_SURFACE('',#6808,0.9,0.785398163397458);
#135=CONICAL_SURFACE('',#6810,2.5,0.785398163397459);
#136=CONICAL_SURFACE('',#6812,0.900000000000003,0.785398163397445);
#137=CONICAL_SURFACE('',#6814,1.59999999999999,0.78539816339745);
#138=CONICAL_SURFACE('',#6817,0.900000000000002,0.785398163397449);
#139=CONICAL_SURFACE('',#6820,1.5,0.785398163397465);
#140=CONICAL_SURFACE('',#6823,1.7,0.78539816339747);
#141=CONICAL_SURFACE('',#6830,4.75,0.78539816339745);
#142=CONICAL_SURFACE('',#6839,4.75,0.785398163397451);
#143=CONICAL_SURFACE('',#6842,9.74999999999999,0.785398163397438);
#144=CONICAL_SURFACE('',#6849,4.75,0.785398163397444);
#145=CONICAL_SURFACE('',#6859,4.74999999999999,0.785398163397462);
#146=CONICAL_SURFACE('',#6862,9.75000000000003,0.785398163397437);
#147=CIRCLE('',#6160,1.5);
#148=CIRCLE('',#6161,1.5);
#149=CIRCLE('',#6164,1.5);
#150=CIRCLE('',#6165,1.5);
#151=CIRCLE('',#6168,5.00000000000018);
#152=CIRCLE('',#6169,4.50000000000018);
#153=CIRCLE('',#6171,2.55000000000001);
#154=CIRCLE('',#6173,2.54999999999999);
#155=CIRCLE('',#6175,1.54999999999999);
#156=CIRCLE('',#6177,1.55000000000002);
#157=CIRCLE('',#6179,1.54999999999999);
#158=CIRCLE('',#6181,1.54999999999999);
#159=CIRCLE('',#6183,1.54999999999999);
#160=CIRCLE('',#6185,1.54999999999999);
#161=CIRCLE('',#6187,1.55);
#162=CIRCLE('',#6189,1.55);
#163=CIRCLE('',#6191,2.55000000000001);
#164=CIRCLE('',#6193,2.54999999999999);
#165=CIRCLE('',#6195,1.54999999999999);
#166=CIRCLE('',#6197,1.55000000000002);
#167=CIRCLE('',#6199,1.54999999999999);
#168=CIRCLE('',#6201,1.54999999999999);
#169=CIRCLE('',#6203,1.54999999999999);
#170=CIRCLE('',#6205,1.54999999999999);
#171=CIRCLE('',#6207,1.55);
#172=CIRCLE('',#6209,1.55);
#173=CIRCLE('',#6212,1.6);
#174=CIRCLE('',#6213,1.6);
#175=CIRCLE('',#6214,1.6);
#176=CIRCLE('',#6215,1.6);
#177=CIRCLE('',#6216,4.);
#178=CIRCLE('',#6217,4.);
#179=CIRCLE('',#6218,4.);
#180=CIRCLE('',#6219,4.);
#181=CIRCLE('',#6221,2.40000000000002);
#182=CIRCLE('',#6222,1.);
#183=CIRCLE('',#6223,1.5);
#184=CIRCLE('',#6224,1.);
#185=CIRCLE('',#6225,1.);
#186=CIRCLE('',#6226,1.5);
#187=CIRCLE('',#6227,1.);
#188=CIRCLE('',#6229,0.5);
#189=CIRCLE('',#6230,0.5);
#190=CIRCLE('',#6232,1.5);
#191=CIRCLE('',#6233,1.);
#192=CIRCLE('',#6234,1.00000000000001);
#193=CIRCLE('',#6235,1.49999999999999);
#194=CIRCLE('',#6236,0.999999999999986);
#195=CIRCLE('',#6237,2.4);
#196=CIRCLE('',#6238,0.999999999999999);
#197=CIRCLE('',#6240,1.49999999999999);
#198=CIRCLE('',#6241,1.);
#199=CIRCLE('',#6242,2.4);
#200=CIRCLE('',#6243,1.);
#201=CIRCLE('',#6244,1.5);
#202=CIRCLE('',#6245,1.);
#203=CIRCLE('',#6246,1.);
#204=CIRCLE('',#6248,1.49999999999999);
#205=CIRCLE('',#6249,1.);
#206=CIRCLE('',#6250,2.40000000000002);
#207=CIRCLE('',#6251,1.);
#208=CIRCLE('',#6252,1.5);
#209=CIRCLE('',#6253,1.);
#210=CIRCLE('',#6254,1.);
#211=CIRCLE('',#6256,1.50000000000006);
#212=CIRCLE('',#6257,1.);
#213=CIRCLE('',#6258,2.40000000000002);
#214=CIRCLE('',#6259,1.);
#215=CIRCLE('',#6260,1.50000000000004);
#216=CIRCLE('',#6261,1.);
#217=CIRCLE('',#6262,1.);
#218=CIRCLE('',#6264,1.5);
#219=CIRCLE('',#6265,1.);
#220=CIRCLE('',#6266,2.4);
#221=CIRCLE('',#6267,1.);
#222=CIRCLE('',#6268,1.5);
#223=CIRCLE('',#6269,1.);
#224=CIRCLE('',#6270,1.);
#225=CIRCLE('',#6272,2.4);
#226=CIRCLE('',#6273,1.);
#227=CIRCLE('',#6274,1.50000000000001);
#228=CIRCLE('',#6275,1.);
#229=CIRCLE('',#6276,1.);
#230=CIRCLE('',#6277,1.5);
#231=CIRCLE('',#6278,1.);
#232=CIRCLE('',#6280,1.6);
#233=CIRCLE('',#6281,1.6);
#234=CIRCLE('',#6283,2.4);
#235=CIRCLE('',#6284,1.);
#236=CIRCLE('',#6285,1.49999999999999);
#237=CIRCLE('',#6286,1.);
#238=CIRCLE('',#6287,1.);
#239=CIRCLE('',#6288,1.49999999999999);
#240=CIRCLE('',#6289,1.);
#241=CIRCLE('',#6293,1.8);
#242=CIRCLE('',#6296,0.300000000000004);
#243=CIRCLE('',#6301,10.);
#244=CIRCLE('',#6302,9.5);
#245=CIRCLE('',#6304,10.);
#246=CIRCLE('',#6305,9.5);
#247=CIRCLE('',#6307,1.9);
#248=CIRCLE('',#6308,1.6);
#249=CIRCLE('',#6311,1.9);
#250=CIRCLE('',#6312,1.6);
#251=CIRCLE('',#6315,1.9);
#252=CIRCLE('',#6316,1.6);
#253=CIRCLE('',#6319,1.9);
#254=CIRCLE('',#6320,1.6);
#255=CIRCLE('',#6323,0.199999999999997);
#256=CIRCLE('',#6326,1.9);
#257=CIRCLE('',#6329,1.6);
#258=CIRCLE('',#6332,1.6);
#259=CIRCLE('',#6335,1.6);
#260=CIRCLE('',#6338,1.6);
#261=CIRCLE('',#6352,3.5);
#262=CIRCLE('',#6353,5.);
#263=CIRCLE('',#6356,3.5);
#264=CIRCLE('',#6357,5.);
#265=CIRCLE('',#6364,1.5);
#266=CIRCLE('',#6365,2.);
#267=CIRCLE('',#6368,1.5);
#268=CIRCLE('',#6369,2.);
#269=CIRCLE('',#6371,2.52500000000001);
#270=CIRCLE('',#6373,4.);
#271=CIRCLE('',#6376,4.);
#272=CIRCLE('',#6379,4.);
#273=CIRCLE('',#6382,4.);
#274=CIRCLE('',#6385,1.5);
#275=CIRCLE('',#6386,1.5);
#276=CIRCLE('',#6388,1.5);
#277=CIRCLE('',#6389,1.5);
#278=CIRCLE('',#6391,1.5);
#279=CIRCLE('',#6392,1.5);
#280=CIRCLE('',#6394,1.5);
#281=CIRCLE('',#6395,1.5);
#282=CIRCLE('',#6397,2.525);
#283=CIRCLE('',#6399,2.52500000000001);
#284=CIRCLE('',#6401,2.525);
#285=CIRCLE('',#6403,2.52499999999998);
#286=CIRCLE('',#6405,2.525);
#287=CIRCLE('',#6407,2.525);
#288=CIRCLE('',#6411,1.6);
#289=CIRCLE('',#6412,1.6);
#290=CIRCLE('',#6414,1.);
#291=CIRCLE('',#6417,1.5);
#292=CIRCLE('',#6419,1.);
#293=CIRCLE('',#6421,2.40000000000002);
#294=CIRCLE('',#6423,1.);
#295=CIRCLE('',#6425,1.5);
#296=CIRCLE('',#6428,1.);
#297=CIRCLE('',#6430,1.);
#298=CIRCLE('',#6433,1.49999999999999);
#299=CIRCLE('',#6435,1.);
#300=CIRCLE('',#6437,2.40000000000002);
#301=CIRCLE('',#6439,1.);
#302=CIRCLE('',#6441,1.5);
#303=CIRCLE('',#6444,1.);
#304=CIRCLE('',#6447,1.6);
#305=CIRCLE('',#6450,1.6);
#306=CIRCLE('',#6452,1.);
#307=CIRCLE('',#6455,1.50000000000006);
#308=CIRCLE('',#6457,1.);
#309=CIRCLE('',#6459,2.40000000000002);
#310=CIRCLE('',#6461,1.);
#311=CIRCLE('',#6463,1.50000000000004);
#312=CIRCLE('',#6466,1.);
#313=CIRCLE('',#6468,1.);
#314=CIRCLE('',#6471,1.49999999999999);
#315=CIRCLE('',#6473,1.);
#316=CIRCLE('',#6475,2.40000000000002);
#317=CIRCLE('',#6477,1.);
#318=CIRCLE('',#6479,1.5);
#319=CIRCLE('',#6482,1.);
#320=CIRCLE('',#6484,1.);
#321=CIRCLE('',#6487,1.49999999999999);
#322=CIRCLE('',#6489,1.);
#323=CIRCLE('',#6491,2.4);
#324=CIRCLE('',#6493,1.);
#325=CIRCLE('',#6495,1.5);
#326=CIRCLE('',#6498,1.);
#327=CIRCLE('',#6500,1.);
#328=CIRCLE('',#6503,1.5);
#329=CIRCLE('',#6505,1.);
#330=CIRCLE('',#6507,2.4);
#331=CIRCLE('',#6509,1.);
#332=CIRCLE('',#6511,1.5);
#333=CIRCLE('',#6514,1.);
#334=CIRCLE('',#6517,1.6);
#335=CIRCLE('',#6520,1.6);
#336=CIRCLE('',#6522,1.);
#337=CIRCLE('',#6525,1.5);
#338=CIRCLE('',#6527,1.);
#339=CIRCLE('',#6529,2.4);
#340=CIRCLE('',#6531,1.);
#341=CIRCLE('',#6533,1.50000000000001);
#342=CIRCLE('',#6536,1.);
#343=CIRCLE('',#6538,1.);
#344=CIRCLE('',#6541,1.49999999999999);
#345=CIRCLE('',#6543,1.);
#346=CIRCLE('',#6545,2.4);
#347=CIRCLE('',#6547,1.);
#348=CIRCLE('',#6549,1.49999999999999);
#349=CIRCLE('',#6552,1.);
#350=CIRCLE('',#6555,1.6);
#351=CIRCLE('',#6556,1.6);
#352=CIRCLE('',#6559,1.6);
#353=CIRCLE('',#6560,1.6);
#354=CIRCLE('',#6562,1.6);
#355=CIRCLE('',#6564,1.6);
#356=CIRCLE('',#6566,1.59539999999998);
#357=CIRCLE('',#6567,1.59539999999998);
#358=CIRCLE('',#6570,1.5954);
#359=CIRCLE('',#6571,1.5954);
#360=CIRCLE('',#6573,1.5);
#361=CIRCLE('',#6576,1.5);
#362=CIRCLE('',#6579,5.);
#363=CIRCLE('',#6581,5.);
#364=CIRCLE('',#6582,4.5);
#365=CIRCLE('',#6584,9.5);
#366=CIRCLE('',#6587,9.5);
#367=CIRCLE('',#6589,4.49999999999999);
#368=CIRCLE('',#6591,5.);
#369=CIRCLE('',#6593,5.);
#370=CIRCLE('',#6596,3.49999999999999);
#371=CIRCLE('',#6597,5.);
#372=CIRCLE('',#6599,3.49999999999998);
#373=CIRCLE('',#6601,5.);
#374=CIRCLE('',#6605,9.49999999999999);
#375=CIRCLE('',#6606,9.49999999999999);
#376=CIRCLE('',#6608,2.52500000000001);
#377=CIRCLE('',#6610,5.);
#378=CIRCLE('',#6613,5.);
#379=CIRCLE('',#6616,4.99999999999999);
#380=CIRCLE('',#6619,4.99999999999999);
#381=CIRCLE('',#6622,1.5);
#382=CIRCLE('',#6625,1.5);
#383=CIRCLE('',#6628,1.5);
#384=CIRCLE('',#6631,1.5);
#385=CIRCLE('',#6634,1.5);
#386=CIRCLE('',#6637,1.5);
#387=CIRCLE('',#6640,1.5);
#388=CIRCLE('',#6643,1.5);
#389=CIRCLE('',#6646,2.525);
#390=CIRCLE('',#6648,2.52500000000001);
#391=CIRCLE('',#6650,2.525);
#392=CIRCLE('',#6652,2.52499999999998);
#393=CIRCLE('',#6654,2.525);
#394=CIRCLE('',#6656,2.525);
#395=CIRCLE('',#6658,5.);
#396=CIRCLE('',#6659,5.);
#397=CIRCLE('',#6661,5.);
#398=CIRCLE('',#6662,4.49999999999998);
#399=CIRCLE('',#6667,1.8);
#400=CIRCLE('',#6670,1.4);
#401=CIRCLE('',#6673,0.800000000000004);
#402=CIRCLE('',#6676,1.7);
#403=CIRCLE('',#6678,0.79999999999999);
#404=CIRCLE('',#6680,2.60000000000002);
#405=CIRCLE('',#6682,0.800000000000014);
#406=CIRCLE('',#6684,1.70000000000002);
#407=CIRCLE('',#6687,0.799999999999985);
#408=CIRCLE('',#6690,0.799999999999985);
#409=CIRCLE('',#6693,1.7);
#410=CIRCLE('',#6695,0.800000000000016);
#411=CIRCLE('',#6697,2.60000000000002);
#412=CIRCLE('',#6699,0.800000000000014);
#413=CIRCLE('',#6701,1.70000000000001);
#414=CIRCLE('',#6704,0.799999999999985);
#415=CIRCLE('',#6707,1.80000000000002);
#416=CIRCLE('',#6710,1.80000000000002);
#417=CIRCLE('',#6713,0.799999999999993);
#418=CIRCLE('',#6716,1.70000000000007);
#419=CIRCLE('',#6718,0.800000000000001);
#420=CIRCLE('',#6720,2.60000000000002);
#421=CIRCLE('',#6722,0.800000000000002);
#422=CIRCLE('',#6724,1.70000000000005);
#423=CIRCLE('',#6727,0.799999999999993);
#424=CIRCLE('',#6730,0.799999999999993);
#425=CIRCLE('',#6733,1.7);
#426=CIRCLE('',#6735,0.800000000000001);
#427=CIRCLE('',#6737,2.60000000000002);
#428=CIRCLE('',#6739,0.800000000000002);
#429=CIRCLE('',#6741,1.70000000000002);
#430=CIRCLE('',#6744,0.799999999999993);
#431=CIRCLE('',#6747,0.800000000000006);
#432=CIRCLE('',#6750,1.69999999999998);
#433=CIRCLE('',#6752,0.799999999999998);
#434=CIRCLE('',#6754,2.6);
#435=CIRCLE('',#6756,0.799999999999998);
#436=CIRCLE('',#6758,1.7);
#437=CIRCLE('',#6761,0.799999999999999);
#438=CIRCLE('',#6764,0.800000000000002);
#439=CIRCLE('',#6767,1.69999999999999);
#440=CIRCLE('',#6769,0.799999999999998);
#441=CIRCLE('',#6771,2.6);
#442=CIRCLE('',#6773,0.799999999999998);
#443=CIRCLE('',#6775,1.7);
#444=CIRCLE('',#6778,0.800000000000007);
#445=CIRCLE('',#6781,1.8);
#446=CIRCLE('',#6784,1.8);
#447=CIRCLE('',#6787,0.8);
#448=CIRCLE('',#6790,1.7);
#449=CIRCLE('',#6792,0.8);
#450=CIRCLE('',#6794,2.6);
#451=CIRCLE('',#6796,0.799999999999998);
#452=CIRCLE('',#6798,1.70000000000001);
#453=CIRCLE('',#6801,0.799999999999999);
#454=CIRCLE('',#6804,0.800000000000004);
#455=CIRCLE('',#6807,1.69999999999998);
#456=CIRCLE('',#6809,0.800000000000001);
#457=CIRCLE('',#6811,2.6);
#458=CIRCLE('',#6813,0.800000000000006);
#459=CIRCLE('',#6815,1.69999999999999);
#460=CIRCLE('',#6818,0.800000000000004);
#461=CIRCLE('',#6821,1.4);
#462=CIRCLE('',#6824,1.8);
#463=CIRCLE('',#6831,4.5);
#464=CIRCLE('',#6834,5.);
#465=CIRCLE('',#6836,5.);
#466=CIRCLE('',#6840,4.5);
#467=CIRCLE('',#6843,9.99999999999999);
#468=CIRCLE('',#6845,5.);
#469=CIRCLE('',#6850,4.5);
#470=CIRCLE('',#6853,9.50000000000003);
#471=CIRCLE('',#6854,9.50000000000003);
#472=CIRCLE('',#6856,5.00000000000018);
#473=CIRCLE('',#6858,4.49999999999999);
#474=CIRCLE('',#6861,10.);
#475=CYLINDRICAL_SURFACE('',#6159,1.5);
#476=CYLINDRICAL_SURFACE('',#6163,1.5);
#477=CYLINDRICAL_SURFACE('',#6190,2.55000000000001);
#478=CYLINDRICAL_SURFACE('',#6192,2.54999999999999);
#479=CYLINDRICAL_SURFACE('',#6194,1.54999999999999);
#480=CYLINDRICAL_SURFACE('',#6196,1.55000000000002);
#481=CYLINDRICAL_SURFACE('',#6198,1.54999999999999);
#482=CYLINDRICAL_SURFACE('',#6200,1.54999999999999);
#483=CYLINDRICAL_SURFACE('',#6202,1.54999999999999);
#484=CYLINDRICAL_SURFACE('',#6204,1.54999999999999);
#485=CYLINDRICAL_SURFACE('',#6206,1.55);
#486=CYLINDRICAL_SURFACE('',#6208,1.55);
#487=CYLINDRICAL_SURFACE('',#6228,0.5);
#488=CYLINDRICAL_SURFACE('',#6279,1.6);
#489=CYLINDRICAL_SURFACE('',#6328,1.6);
#490=CYLINDRICAL_SURFACE('',#6331,1.6);
#491=CYLINDRICAL_SURFACE('',#6334,1.6);
#492=CYLINDRICAL_SURFACE('',#6337,1.6);
#493=CYLINDRICAL_SURFACE('',#6340,100.);
#494=CYLINDRICAL_SURFACE('',#6344,100.);
#495=CYLINDRICAL_SURFACE('',#6347,100.);
#496=CYLINDRICAL_SURFACE('',#6359,100.);
#497=CYLINDRICAL_SURFACE('',#6372,4.);
#498=CYLINDRICAL_SURFACE('',#6375,4.);
#499=CYLINDRICAL_SURFACE('',#6378,4.);
#500=CYLINDRICAL_SURFACE('',#6381,4.);
#501=CYLINDRICAL_SURFACE('',#6410,1.6);
#502=CYLINDRICAL_SURFACE('',#6413,1.);
#503=CYLINDRICAL_SURFACE('',#6416,1.5);
#504=CYLINDRICAL_SURFACE('',#6418,1.);
#505=CYLINDRICAL_SURFACE('',#6420,2.40000000000002);
#506=CYLINDRICAL_SURFACE('',#6422,1.);
#507=CYLINDRICAL_SURFACE('',#6424,1.5);
#508=CYLINDRICAL_SURFACE('',#6427,1.);
#509=CYLINDRICAL_SURFACE('',#6429,1.);
#510=CYLINDRICAL_SURFACE('',#6432,1.49999999999999);
#511=CYLINDRICAL_SURFACE('',#6434,1.);
#512=CYLINDRICAL_SURFACE('',#6436,2.40000000000002);
#513=CYLINDRICAL_SURFACE('',#6438,1.);
#514=CYLINDRICAL_SURFACE('',#6440,1.5);
#515=CYLINDRICAL_SURFACE('',#6443,1.);
#516=CYLINDRICAL_SURFACE('',#6446,1.6);
#517=CYLINDRICAL_SURFACE('',#6449,1.6);
#518=CYLINDRICAL_SURFACE('',#6451,1.);
#519=CYLINDRICAL_SURFACE('',#6454,1.50000000000006);
#520=CYLINDRICAL_SURFACE('',#6456,1.);
#521=CYLINDRICAL_SURFACE('',#6458,2.40000000000002);
#522=CYLINDRICAL_SURFACE('',#6460,1.);
#523=CYLINDRICAL_SURFACE('',#6462,1.50000000000004);
#524=CYLINDRICAL_SURFACE('',#6465,1.);
#525=CYLINDRICAL_SURFACE('',#6467,1.);
#526=CYLINDRICAL_SURFACE('',#6470,1.49999999999999);
#527=CYLINDRICAL_SURFACE('',#6472,1.);
#528=CYLINDRICAL_SURFACE('',#6474,2.40000000000002);
#529=CYLINDRICAL_SURFACE('',#6476,1.);
#530=CYLINDRICAL_SURFACE('',#6478,1.5);
#531=CYLINDRICAL_SURFACE('',#6481,1.);
#532=CYLINDRICAL_SURFACE('',#6483,1.);
#533=CYLINDRICAL_SURFACE('',#6486,1.49999999999999);
#534=CYLINDRICAL_SURFACE('',#6488,1.);
#535=CYLINDRICAL_SURFACE('',#6490,2.4);
#536=CYLINDRICAL_SURFACE('',#6492,1.);
#537=CYLINDRICAL_SURFACE('',#6494,1.5);
#538=CYLINDRICAL_SURFACE('',#6497,1.);
#539=CYLINDRICAL_SURFACE('',#6499,1.);
#540=CYLINDRICAL_SURFACE('',#6502,1.5);
#541=CYLINDRICAL_SURFACE('',#6504,1.);
#542=CYLINDRICAL_SURFACE('',#6506,2.4);
#543=CYLINDRICAL_SURFACE('',#6508,1.);
#544=CYLINDRICAL_SURFACE('',#6510,1.5);
#545=CYLINDRICAL_SURFACE('',#6513,1.);
#546=CYLINDRICAL_SURFACE('',#6516,1.6);
#547=CYLINDRICAL_SURFACE('',#6519,1.6);
#548=CYLINDRICAL_SURFACE('',#6521,1.);
#549=CYLINDRICAL_SURFACE('',#6524,1.5);
#550=CYLINDRICAL_SURFACE('',#6526,1.);
#551=CYLINDRICAL_SURFACE('',#6528,2.4);
#552=CYLINDRICAL_SURFACE('',#6530,1.);
#553=CYLINDRICAL_SURFACE('',#6532,1.50000000000001);
#554=CYLINDRICAL_SURFACE('',#6535,1.);
#555=CYLINDRICAL_SURFACE('',#6537,1.);
#556=CYLINDRICAL_SURFACE('',#6540,1.49999999999999);
#557=CYLINDRICAL_SURFACE('',#6542,1.);
#558=CYLINDRICAL_SURFACE('',#6544,2.4);
#559=CYLINDRICAL_SURFACE('',#6546,1.);
#560=CYLINDRICAL_SURFACE('',#6548,1.49999999999999);
#561=CYLINDRICAL_SURFACE('',#6551,1.);
#562=CYLINDRICAL_SURFACE('',#6554,1.6);
#563=CYLINDRICAL_SURFACE('',#6558,1.6);
#564=CYLINDRICAL_SURFACE('',#6563,1.6);
#565=CYLINDRICAL_SURFACE('',#6565,1.59539999999998);
#566=CYLINDRICAL_SURFACE('',#6569,1.5954);
#567=CYLINDRICAL_SURFACE('',#6572,1.5);
#568=CYLINDRICAL_SURFACE('',#6575,1.5);
#569=CYLINDRICAL_SURFACE('',#6578,5.);
#570=CYLINDRICAL_SURFACE('',#6583,9.5);
#571=CYLINDRICAL_SURFACE('',#6586,9.5);
#572=CYLINDRICAL_SURFACE('',#6592,5.);
#573=CYLINDRICAL_SURFACE('',#6604,9.49999999999999);
#574=CYLINDRICAL_SURFACE('',#6607,2.52500000000001);
#575=CYLINDRICAL_SURFACE('',#6621,1.5);
#576=CYLINDRICAL_SURFACE('',#6624,1.5);
#577=CYLINDRICAL_SURFACE('',#6627,1.5);
#578=CYLINDRICAL_SURFACE('',#6630,1.5);
#579=CYLINDRICAL_SURFACE('',#6633,1.5);
#580=CYLINDRICAL_SURFACE('',#6636,1.5);
#581=CYLINDRICAL_SURFACE('',#6639,1.5);
#582=CYLINDRICAL_SURFACE('',#6642,1.5);
#583=CYLINDRICAL_SURFACE('',#6645,2.525);
#584=CYLINDRICAL_SURFACE('',#6647,2.52500000000001);
#585=CYLINDRICAL_SURFACE('',#6649,2.525);
#586=CYLINDRICAL_SURFACE('',#6651,2.52499999999998);
#587=CYLINDRICAL_SURFACE('',#6653,2.525);
#588=CYLINDRICAL_SURFACE('',#6655,2.525);
#589=CYLINDRICAL_SURFACE('',#6657,5.);
#590=CYLINDRICAL_SURFACE('',#6833,5.);
#591=CYLINDRICAL_SURFACE('',#6837,5.);
#592=CYLINDRICAL_SURFACE('',#6844,5.);
#593=CYLINDRICAL_SURFACE('',#6847,5.);
#594=CYLINDRICAL_SURFACE('',#6852,9.50000000000003);
#595=CYLINDRICAL_SURFACE('',#6863,5.00000000000018);
#596=FACE_OUTER_BOUND('',#965,.T.);
#597=FACE_OUTER_BOUND('',#966,.T.);
#598=FACE_OUTER_BOUND('',#967,.T.);
#599=FACE_OUTER_BOUND('',#968,.T.);
#600=FACE_OUTER_BOUND('',#969,.T.);
#601=FACE_OUTER_BOUND('',#970,.T.);
#602=FACE_OUTER_BOUND('',#971,.T.);
#603=FACE_OUTER_BOUND('',#972,.T.);
#604=FACE_OUTER_BOUND('',#973,.T.);
#605=FACE_OUTER_BOUND('',#974,.T.);
#606=FACE_OUTER_BOUND('',#975,.T.);
#607=FACE_OUTER_BOUND('',#976,.T.);
#608=FACE_OUTER_BOUND('',#977,.T.);
#609=FACE_OUTER_BOUND('',#978,.T.);
#610=FACE_OUTER_BOUND('',#979,.T.);
#611=FACE_OUTER_BOUND('',#980,.T.);
#612=FACE_OUTER_BOUND('',#981,.T.);
#613=FACE_OUTER_BOUND('',#982,.T.);
#614=FACE_OUTER_BOUND('',#983,.T.);
#615=FACE_OUTER_BOUND('',#984,.T.);
#616=FACE_OUTER_BOUND('',#985,.T.);
#617=FACE_OUTER_BOUND('',#986,.T.);
#618=FACE_OUTER_BOUND('',#987,.T.);
#619=FACE_OUTER_BOUND('',#988,.T.);
#620=FACE_OUTER_BOUND('',#989,.T.);
#621=FACE_OUTER_BOUND('',#990,.T.);
#622=FACE_OUTER_BOUND('',#991,.T.);
#623=FACE_OUTER_BOUND('',#992,.T.);
#624=FACE_OUTER_BOUND('',#996,.T.);
#625=FACE_OUTER_BOUND('',#998,.T.);
#626=FACE_OUTER_BOUND('',#999,.T.);
#627=FACE_OUTER_BOUND('',#1001,.T.);
#628=FACE_OUTER_BOUND('',#1003,.T.);
#629=FACE_OUTER_BOUND('',#1005,.T.);
#630=FACE_OUTER_BOUND('',#1007,.T.);
#631=FACE_OUTER_BOUND('',#1009,.T.);
#632=FACE_OUTER_BOUND('',#1011,.T.);
#633=FACE_OUTER_BOUND('',#1012,.T.);
#634=FACE_OUTER_BOUND('',#1014,.T.);
#635=FACE_OUTER_BOUND('',#1015,.T.);
#636=FACE_OUTER_BOUND('',#1016,.T.);
#637=FACE_OUTER_BOUND('',#1017,.T.);
#638=FACE_OUTER_BOUND('',#1018,.T.);
#639=FACE_OUTER_BOUND('',#1019,.T.);
#640=FACE_OUTER_BOUND('',#1020,.T.);
#641=FACE_OUTER_BOUND('',#1021,.T.);
#642=FACE_OUTER_BOUND('',#1022,.T.);
#643=FACE_OUTER_BOUND('',#1023,.T.);
#644=FACE_OUTER_BOUND('',#1024,.T.);
#645=FACE_OUTER_BOUND('',#1025,.T.);
#646=FACE_OUTER_BOUND('',#1026,.T.);
#647=FACE_OUTER_BOUND('',#1027,.T.);
#648=FACE_OUTER_BOUND('',#1028,.T.);
#649=FACE_OUTER_BOUND('',#1029,.T.);
#650=FACE_OUTER_BOUND('',#1030,.T.);
#651=FACE_OUTER_BOUND('',#1031,.T.);
#652=FACE_OUTER_BOUND('',#1032,.T.);
#653=FACE_OUTER_BOUND('',#1033,.T.);
#654=FACE_OUTER_BOUND('',#1034,.T.);
#655=FACE_OUTER_BOUND('',#1035,.T.);
#656=FACE_OUTER_BOUND('',#1036,.T.);
#657=FACE_OUTER_BOUND('',#1037,.T.);
#658=FACE_OUTER_BOUND('',#1038,.T.);
#659=FACE_OUTER_BOUND('',#1039,.T.);
#660=FACE_OUTER_BOUND('',#1040,.T.);
#661=FACE_OUTER_BOUND('',#1041,.T.);
#662=FACE_OUTER_BOUND('',#1042,.T.);
#663=FACE_OUTER_BOUND('',#1043,.T.);
#664=FACE_OUTER_BOUND('',#1044,.T.);
#665=FACE_OUTER_BOUND('',#1045,.T.);
#666=FACE_OUTER_BOUND('',#1046,.T.);
#667=FACE_OUTER_BOUND('',#1047,.T.);
#668=FACE_OUTER_BOUND('',#1048,.T.);
#669=FACE_OUTER_BOUND('',#1049,.T.);
#670=FACE_OUTER_BOUND('',#1050,.T.);
#671=FACE_OUTER_BOUND('',#1051,.T.);
#672=FACE_OUTER_BOUND('',#1052,.T.);
#673=FACE_OUTER_BOUND('',#1053,.T.);
#674=FACE_OUTER_BOUND('',#1054,.T.);
#675=FACE_OUTER_BOUND('',#1055,.T.);
#676=FACE_OUTER_BOUND('',#1056,.T.);
#677=FACE_OUTER_BOUND('',#1057,.T.);
#678=FACE_OUTER_BOUND('',#1058,.T.);
#679=FACE_OUTER_BOUND('',#1059,.T.);
#680=FACE_OUTER_BOUND('',#1060,.T.);
#681=FACE_OUTER_BOUND('',#1061,.T.);
#682=FACE_OUTER_BOUND('',#1062,.T.);
#683=FACE_OUTER_BOUND('',#1063,.T.);
#684=FACE_OUTER_BOUND('',#1064,.T.);
#685=FACE_OUTER_BOUND('',#1065,.T.);
#686=FACE_OUTER_BOUND('',#1066,.T.);
#687=FACE_OUTER_BOUND('',#1067,.T.);
#688=FACE_OUTER_BOUND('',#1068,.T.);
#689=FACE_OUTER_BOUND('',#1069,.T.);
#690=FACE_OUTER_BOUND('',#1070,.T.);
#691=FACE_OUTER_BOUND('',#1071,.T.);
#692=FACE_OUTER_BOUND('',#1072,.T.);
#693=FACE_OUTER_BOUND('',#1073,.T.);
#694=FACE_OUTER_BOUND('',#1074,.T.);
#695=FACE_OUTER_BOUND('',#1075,.T.);
#696=FACE_OUTER_BOUND('',#1076,.T.);
#697=FACE_OUTER_BOUND('',#1077,.T.);
#698=FACE_OUTER_BOUND('',#1078,.T.);
#699=FACE_OUTER_BOUND('',#1079,.T.);
#700=FACE_OUTER_BOUND('',#1080,.T.);
#701=FACE_OUTER_BOUND('',#1081,.T.);
#702=FACE_OUTER_BOUND('',#1082,.T.);
#703=FACE_OUTER_BOUND('',#1083,.T.);
#704=FACE_OUTER_BOUND('',#1084,.T.);
#705=FACE_OUTER_BOUND('',#1085,.T.);
#706=FACE_OUTER_BOUND('',#1086,.T.);
#707=FACE_OUTER_BOUND('',#1087,.T.);
#708=FACE_OUTER_BOUND('',#1088,.T.);
#709=FACE_OUTER_BOUND('',#1089,.T.);
#710=FACE_OUTER_BOUND('',#1090,.T.);
#711=FACE_OUTER_BOUND('',#1091,.T.);
#712=FACE_OUTER_BOUND('',#1092,.T.);
#713=FACE_OUTER_BOUND('',#1093,.T.);
#714=FACE_OUTER_BOUND('',#1094,.T.);
#715=FACE_OUTER_BOUND('',#1095,.T.);
#716=FACE_OUTER_BOUND('',#1096,.T.);
#717=FACE_OUTER_BOUND('',#1097,.T.);
#718=FACE_OUTER_BOUND('',#1098,.T.);
#719=FACE_OUTER_BOUND('',#1099,.T.);
#720=FACE_OUTER_BOUND('',#1100,.T.);
#721=FACE_OUTER_BOUND('',#1101,.T.);
#722=FACE_OUTER_BOUND('',#1102,.T.);
#723=FACE_OUTER_BOUND('',#1103,.T.);
#724=FACE_OUTER_BOUND('',#1104,.T.);
#725=FACE_OUTER_BOUND('',#1105,.T.);
#726=FACE_OUTER_BOUND('',#1106,.T.);
#727=FACE_OUTER_BOUND('',#1107,.T.);
#728=FACE_OUTER_BOUND('',#1108,.T.);
#729=FACE_OUTER_BOUND('',#1109,.T.);
#730=FACE_OUTER_BOUND('',#1110,.T.);
#731=FACE_OUTER_BOUND('',#1111,.T.);
#732=FACE_OUTER_BOUND('',#1112,.T.);
#733=FACE_OUTER_BOUND('',#1113,.T.);
#734=FACE_OUTER_BOUND('',#1114,.T.);
#735=FACE_OUTER_BOUND('',#1115,.T.);
#736=FACE_OUTER_BOUND('',#1116,.T.);
#737=FACE_OUTER_BOUND('',#1117,.T.);
#738=FACE_OUTER_BOUND('',#1118,.T.);
#739=FACE_OUTER_BOUND('',#1119,.T.);
#740=FACE_OUTER_BOUND('',#1120,.T.);
#741=FACE_OUTER_BOUND('',#1121,.T.);
#742=FACE_OUTER_BOUND('',#1122,.T.);
#743=FACE_OUTER_BOUND('',#1123,.T.);
#744=FACE_OUTER_BOUND('',#1124,.T.);
#745=FACE_OUTER_BOUND('',#1125,.T.);
#746=FACE_OUTER_BOUND('',#1126,.T.);
#747=FACE_OUTER_BOUND('',#1127,.T.);
#748=FACE_OUTER_BOUND('',#1128,.T.);
#749=FACE_OUTER_BOUND('',#1129,.T.);
#750=FACE_OUTER_BOUND('',#1130,.T.);
#751=FACE_OUTER_BOUND('',#1131,.T.);
#752=FACE_OUTER_BOUND('',#1132,.T.);
#753=FACE_OUTER_BOUND('',#1133,.T.);
#754=FACE_OUTER_BOUND('',#1134,.T.);
#755=FACE_OUTER_BOUND('',#1135,.T.);
#756=FACE_OUTER_BOUND('',#1136,.T.);
#757=FACE_OUTER_BOUND('',#1137,.T.);
#758=FACE_OUTER_BOUND('',#1138,.T.);
#759=FACE_OUTER_BOUND('',#1139,.T.);
#760=FACE_OUTER_BOUND('',#1140,.T.);
#761=FACE_OUTER_BOUND('',#1141,.T.);
#762=FACE_OUTER_BOUND('',#1142,.T.);
#763=FACE_OUTER_BOUND('',#1143,.T.);
#764=FACE_OUTER_BOUND('',#1144,.T.);
#765=FACE_OUTER_BOUND('',#1145,.T.);
#766=FACE_OUTER_BOUND('',#1146,.T.);
#767=FACE_OUTER_BOUND('',#1147,.T.);
#768=FACE_OUTER_BOUND('',#1148,.T.);
#769=FACE_OUTER_BOUND('',#1149,.T.);
#770=FACE_OUTER_BOUND('',#1150,.T.);
#771=FACE_OUTER_BOUND('',#1151,.T.);
#772=FACE_OUTER_BOUND('',#1152,.T.);
#773=FACE_OUTER_BOUND('',#1153,.T.);
#774=FACE_OUTER_BOUND('',#1154,.T.);
#775=FACE_OUTER_BOUND('',#1155,.T.);
#776=FACE_OUTER_BOUND('',#1156,.T.);
#777=FACE_OUTER_BOUND('',#1157,.T.);
#778=FACE_OUTER_BOUND('',#1158,.T.);
#779=FACE_OUTER_BOUND('',#1159,.T.);
#780=FACE_OUTER_BOUND('',#1160,.T.);
#781=FACE_OUTER_BOUND('',#1161,.T.);
#782=FACE_OUTER_BOUND('',#1162,.T.);
#783=FACE_OUTER_BOUND('',#1163,.T.);
#784=FACE_OUTER_BOUND('',#1164,.T.);
#785=FACE_OUTER_BOUND('',#1165,.T.);
#786=FACE_OUTER_BOUND('',#1166,.T.);
#787=FACE_OUTER_BOUND('',#1167,.T.);
#788=FACE_OUTER_BOUND('',#1168,.T.);
#789=FACE_OUTER_BOUND('',#1169,.T.);
#790=FACE_OUTER_BOUND('',#1170,.T.);
#791=FACE_OUTER_BOUND('',#1171,.T.);
#792=FACE_OUTER_BOUND('',#1172,.T.);
#793=FACE_OUTER_BOUND('',#1173,.T.);
#794=FACE_OUTER_BOUND('',#1174,.T.);
#795=FACE_OUTER_BOUND('',#1175,.T.);
#796=FACE_OUTER_BOUND('',#1176,.T.);
#797=FACE_OUTER_BOUND('',#1177,.T.);
#798=FACE_OUTER_BOUND('',#1178,.T.);
#799=FACE_OUTER_BOUND('',#1179,.T.);
#800=FACE_OUTER_BOUND('',#1180,.T.);
#801=FACE_OUTER_BOUND('',#1181,.T.);
#802=FACE_OUTER_BOUND('',#1184,.T.);
#803=FACE_OUTER_BOUND('',#1185,.T.);
#804=FACE_OUTER_BOUND('',#1186,.T.);
#805=FACE_OUTER_BOUND('',#1187,.T.);
#806=FACE_OUTER_BOUND('',#1188,.T.);
#807=FACE_OUTER_BOUND('',#1189,.T.);
#808=FACE_OUTER_BOUND('',#1190,.T.);
#809=FACE_OUTER_BOUND('',#1191,.T.);
#810=FACE_OUTER_BOUND('',#1192,.T.);
#811=FACE_OUTER_BOUND('',#1193,.T.);
#812=FACE_OUTER_BOUND('',#1194,.T.);
#813=FACE_OUTER_BOUND('',#1195,.T.);
#814=FACE_OUTER_BOUND('',#1196,.T.);
#815=FACE_OUTER_BOUND('',#1197,.T.);
#816=FACE_OUTER_BOUND('',#1198,.T.);
#817=FACE_OUTER_BOUND('',#1199,.T.);
#818=FACE_OUTER_BOUND('',#1200,.T.);
#819=FACE_OUTER_BOUND('',#1201,.T.);
#820=FACE_OUTER_BOUND('',#1202,.T.);
#821=FACE_OUTER_BOUND('',#1203,.T.);
#822=FACE_OUTER_BOUND('',#1204,.T.);
#823=FACE_OUTER_BOUND('',#1205,.T.);
#824=FACE_OUTER_BOUND('',#1206,.T.);
#825=FACE_OUTER_BOUND('',#1207,.T.);
#826=FACE_OUTER_BOUND('',#1208,.T.);
#827=FACE_OUTER_BOUND('',#1209,.T.);
#828=FACE_OUTER_BOUND('',#1210,.T.);
#829=FACE_OUTER_BOUND('',#1211,.T.);
#830=FACE_OUTER_BOUND('',#1212,.T.);
#831=FACE_OUTER_BOUND('',#1213,.T.);
#832=FACE_OUTER_BOUND('',#1214,.T.);
#833=FACE_OUTER_BOUND('',#1215,.T.);
#834=FACE_OUTER_BOUND('',#1216,.T.);
#835=FACE_OUTER_BOUND('',#1217,.T.);
#836=FACE_OUTER_BOUND('',#1218,.T.);
#837=FACE_OUTER_BOUND('',#1219,.T.);
#838=FACE_OUTER_BOUND('',#1220,.T.);
#839=FACE_OUTER_BOUND('',#1221,.T.);
#840=FACE_OUTER_BOUND('',#1222,.T.);
#841=FACE_OUTER_BOUND('',#1223,.T.);
#842=FACE_OUTER_BOUND('',#1224,.T.);
#843=FACE_OUTER_BOUND('',#1225,.T.);
#844=FACE_OUTER_BOUND('',#1226,.T.);
#845=FACE_OUTER_BOUND('',#1227,.T.);
#846=FACE_OUTER_BOUND('',#1228,.T.);
#847=FACE_OUTER_BOUND('',#1229,.T.);
#848=FACE_OUTER_BOUND('',#1230,.T.);
#849=FACE_OUTER_BOUND('',#1231,.T.);
#850=FACE_OUTER_BOUND('',#1232,.T.);
#851=FACE_OUTER_BOUND('',#1233,.T.);
#852=FACE_OUTER_BOUND('',#1234,.T.);
#853=FACE_OUTER_BOUND('',#1235,.T.);
#854=FACE_OUTER_BOUND('',#1236,.T.);
#855=FACE_OUTER_BOUND('',#1237,.T.);
#856=FACE_OUTER_BOUND('',#1238,.T.);
#857=FACE_OUTER_BOUND('',#1239,.T.);
#858=FACE_OUTER_BOUND('',#1240,.T.);
#859=FACE_OUTER_BOUND('',#1241,.T.);
#860=FACE_OUTER_BOUND('',#1242,.T.);
#861=FACE_OUTER_BOUND('',#1243,.T.);
#862=FACE_OUTER_BOUND('',#1244,.T.);
#863=FACE_OUTER_BOUND('',#1245,.T.);
#864=FACE_OUTER_BOUND('',#1246,.T.);
#865=FACE_OUTER_BOUND('',#1247,.T.);
#866=FACE_OUTER_BOUND('',#1248,.T.);
#867=FACE_OUTER_BOUND('',#1249,.T.);
#868=FACE_OUTER_BOUND('',#1250,.T.);
#869=FACE_OUTER_BOUND('',#1251,.T.);
#870=FACE_OUTER_BOUND('',#1252,.T.);
#871=FACE_OUTER_BOUND('',#1253,.T.);
#872=FACE_OUTER_BOUND('',#1254,.T.);
#873=FACE_OUTER_BOUND('',#1255,.T.);
#874=FACE_OUTER_BOUND('',#1256,.T.);
#875=FACE_OUTER_BOUND('',#1257,.T.);
#876=FACE_OUTER_BOUND('',#1258,.T.);
#877=FACE_OUTER_BOUND('',#1259,.T.);
#878=FACE_OUTER_BOUND('',#1260,.T.);
#879=FACE_OUTER_BOUND('',#1261,.T.);
#880=FACE_OUTER_BOUND('',#1262,.T.);
#881=FACE_OUTER_BOUND('',#1263,.T.);
#882=FACE_OUTER_BOUND('',#1264,.T.);
#883=FACE_OUTER_BOUND('',#1265,.T.);
#884=FACE_OUTER_BOUND('',#1266,.T.);
#885=FACE_OUTER_BOUND('',#1267,.T.);
#886=FACE_OUTER_BOUND('',#1268,.T.);
#887=FACE_OUTER_BOUND('',#1269,.T.);
#888=FACE_OUTER_BOUND('',#1270,.T.);
#889=FACE_OUTER_BOUND('',#1271,.T.);
#890=FACE_OUTER_BOUND('',#1272,.T.);
#891=FACE_OUTER_BOUND('',#1273,.T.);
#892=FACE_OUTER_BOUND('',#1274,.T.);
#893=FACE_OUTER_BOUND('',#1275,.T.);
#894=FACE_OUTER_BOUND('',#1276,.T.);
#895=FACE_OUTER_BOUND('',#1277,.T.);
#896=FACE_OUTER_BOUND('',#1278,.T.);
#897=FACE_OUTER_BOUND('',#1279,.T.);
#898=FACE_OUTER_BOUND('',#1280,.T.);
#899=FACE_OUTER_BOUND('',#1281,.T.);
#900=FACE_OUTER_BOUND('',#1282,.T.);
#901=FACE_OUTER_BOUND('',#1283,.T.);
#902=FACE_OUTER_BOUND('',#1284,.T.);
#903=FACE_OUTER_BOUND('',#1285,.T.);
#904=FACE_OUTER_BOUND('',#1286,.T.);
#905=FACE_OUTER_BOUND('',#1287,.T.);
#906=FACE_OUTER_BOUND('',#1288,.T.);
#907=FACE_OUTER_BOUND('',#1289,.T.);
#908=FACE_OUTER_BOUND('',#1290,.T.);
#909=FACE_OUTER_BOUND('',#1291,.T.);
#910=FACE_OUTER_BOUND('',#1292,.T.);
#911=FACE_OUTER_BOUND('',#1293,.T.);
#912=FACE_OUTER_BOUND('',#1294,.T.);
#913=FACE_OUTER_BOUND('',#1295,.T.);
#914=FACE_OUTER_BOUND('',#1296,.T.);
#915=FACE_OUTER_BOUND('',#1297,.T.);
#916=FACE_OUTER_BOUND('',#1298,.T.);
#917=FACE_OUTER_BOUND('',#1299,.T.);
#918=FACE_OUTER_BOUND('',#1300,.T.);
#919=FACE_OUTER_BOUND('',#1301,.T.);
#920=FACE_OUTER_BOUND('',#1302,.T.);
#921=FACE_OUTER_BOUND('',#1303,.T.);
#922=FACE_OUTER_BOUND('',#1304,.T.);
#923=FACE_OUTER_BOUND('',#1305,.T.);
#924=FACE_OUTER_BOUND('',#1306,.T.);
#925=FACE_OUTER_BOUND('',#1307,.T.);
#926=FACE_OUTER_BOUND('',#1308,.T.);
#927=FACE_OUTER_BOUND('',#1309,.T.);
#928=FACE_OUTER_BOUND('',#1310,.T.);
#929=FACE_OUTER_BOUND('',#1311,.T.);
#930=FACE_OUTER_BOUND('',#1312,.T.);
#931=FACE_OUTER_BOUND('',#1313,.T.);
#932=FACE_OUTER_BOUND('',#1314,.T.);
#933=FACE_OUTER_BOUND('',#1315,.T.);
#934=FACE_OUTER_BOUND('',#1316,.T.);
#935=FACE_OUTER_BOUND('',#1317,.T.);
#936=FACE_OUTER_BOUND('',#1318,.T.);
#937=FACE_OUTER_BOUND('',#1319,.T.);
#938=FACE_OUTER_BOUND('',#1320,.T.);
#939=FACE_OUTER_BOUND('',#1321,.T.);
#940=FACE_OUTER_BOUND('',#1322,.T.);
#941=FACE_OUTER_BOUND('',#1323,.T.);
#942=FACE_OUTER_BOUND('',#1324,.T.);
#943=FACE_OUTER_BOUND('',#1325,.T.);
#944=FACE_OUTER_BOUND('',#1326,.T.);
#945=FACE_OUTER_BOUND('',#1327,.T.);
#946=FACE_OUTER_BOUND('',#1328,.T.);
#947=FACE_OUTER_BOUND('',#1329,.T.);
#948=FACE_OUTER_BOUND('',#1330,.T.);
#949=FACE_OUTER_BOUND('',#1331,.T.);
#950=FACE_OUTER_BOUND('',#1332,.T.);
#951=FACE_OUTER_BOUND('',#1333,.T.);
#952=FACE_OUTER_BOUND('',#1334,.T.);
#953=FACE_OUTER_BOUND('',#1335,.T.);
#954=FACE_OUTER_BOUND('',#1336,.T.);
#955=FACE_OUTER_BOUND('',#1337,.T.);
#956=FACE_OUTER_BOUND('',#1338,.T.);
#957=FACE_OUTER_BOUND('',#1339,.T.);
#958=FACE_OUTER_BOUND('',#1340,.T.);
#959=FACE_OUTER_BOUND('',#1341,.T.);
#960=FACE_OUTER_BOUND('',#1355,.T.);
#961=FACE_OUTER_BOUND('',#1356,.T.);
#962=FACE_OUTER_BOUND('',#1357,.T.);
#963=FACE_OUTER_BOUND('',#1358,.T.);
#964=FACE_OUTER_BOUND('',#1359,.T.);
#965=EDGE_LOOP('',(#3867,#3868,#3869,#3870));
#966=EDGE_LOOP('',(#3871,#3872,#3873,#3874));
#967=EDGE_LOOP('',(#3875,#3876,#3877,#3878));
#968=EDGE_LOOP('',(#3879,#3880,#3881,#3882));
#969=EDGE_LOOP('',(#3883,#3884,#3885,#3886));
#970=EDGE_LOOP('',(#3887,#3888,#3889,#3890));
#971=EDGE_LOOP('',(#3891));
#972=EDGE_LOOP('',(#3892));
#973=EDGE_LOOP('',(#3893));
#974=EDGE_LOOP('',(#3894));
#975=EDGE_LOOP('',(#3895));
#976=EDGE_LOOP('',(#3896));
#977=EDGE_LOOP('',(#3897));
#978=EDGE_LOOP('',(#3898));
#979=EDGE_LOOP('',(#3899));
#980=EDGE_LOOP('',(#3900));
#981=EDGE_LOOP('',(#3901,#3902,#3903,#3904));
#982=EDGE_LOOP('',(#3905,#3906,#3907,#3908));
#983=EDGE_LOOP('',(#3909,#3910,#3911,#3912));
#984=EDGE_LOOP('',(#3913,#3914,#3915,#3916));
#985=EDGE_LOOP('',(#3917,#3918,#3919,#3920));
#986=EDGE_LOOP('',(#3921,#3922,#3923,#3924));
#987=EDGE_LOOP('',(#3925,#3926,#3927,#3928));
#988=EDGE_LOOP('',(#3929,#3930,#3931,#3932));
#989=EDGE_LOOP('',(#3933,#3934,#3935,#3936));
#990=EDGE_LOOP('',(#3937,#3938,#3939,#3940));
#991=EDGE_LOOP('',(#3941,#3942,#3943,#3944));
#992=EDGE_LOOP('',(#3945,#3946,#3947,#3948,#3949,#3950,#3951,#3952));
#993=EDGE_LOOP('',(#3953));
#994=EDGE_LOOP('',(#3954));
#995=EDGE_LOOP('',(#3955,#3956,#3957,#3958,#3959,#3960,#3961,#3962));
#996=EDGE_LOOP('',(#3963,#3964,#3965,#3966,#3967,#3968,#3969,#3970,#3971,
#3972));
#997=EDGE_LOOP('',(#3973));
#998=EDGE_LOOP('',(#3974,#3975,#3976,#3977));
#999=EDGE_LOOP('',(#3978,#3979,#3980,#3981,#3982,#3983,#3984,#3985,#3986,
#3987));
#1000=EDGE_LOOP('',(#3988));
#1001=EDGE_LOOP('',(#3989,#3990,#3991,#3992,#3993,#3994,#3995,#3996,#3997,
#3998));
#1002=EDGE_LOOP('',(#3999));
#1003=EDGE_LOOP('',(#4000,#4001,#4002,#4003,#4004,#4005,#4006,#4007,#4008,
#4009));
#1004=EDGE_LOOP('',(#4010));
#1005=EDGE_LOOP('',(#4011,#4012,#4013,#4014,#4015,#4016,#4017,#4018,#4019,
#4020));
#1006=EDGE_LOOP('',(#4021));
#1007=EDGE_LOOP('',(#4022,#4023,#4024,#4025,#4026,#4027,#4028,#4029,#4030,
#4031));
#1008=EDGE_LOOP('',(#4032));
#1009=EDGE_LOOP('',(#4033,#4034,#4035,#4036,#4037,#4038,#4039,#4040,#4041,
#4042));
#1010=EDGE_LOOP('',(#4043));
#1011=EDGE_LOOP('',(#4044,#4045,#4046,#4047));
#1012=EDGE_LOOP('',(#4048,#4049,#4050,#4051,#4052,#4053,#4054,#4055,#4056,
#4057));
#1013=EDGE_LOOP('',(#4058));
#1014=EDGE_LOOP('',(#4059,#4060,#4061,#4062));
#1015=EDGE_LOOP('',(#4063,#4064,#4065,#4066));
#1016=EDGE_LOOP('',(#4067,#4068,#4069,#4070));
#1017=EDGE_LOOP('',(#4071,#4072,#4073,#4074));
#1018=EDGE_LOOP('',(#4075,#4076,#4077,#4078));
#1019=EDGE_LOOP('',(#4079,#4080,#4081,#4082));
#1020=EDGE_LOOP('',(#4083,#4084,#4085,#4086));
#1021=EDGE_LOOP('',(#4087,#4088,#4089,#4090));
#1022=EDGE_LOOP('',(#4091,#4092,#4093,#4094));
#1023=EDGE_LOOP('',(#4095,#4096,#4097,#4098));
#1024=EDGE_LOOP('',(#4099,#4100,#4101,#4102));
#1025=EDGE_LOOP('',(#4103,#4104,#4105,#4106));
#1026=EDGE_LOOP('',(#4107,#4108,#4109,#4110));
#1027=EDGE_LOOP('',(#4111,#4112,#4113,#4114));
#1028=EDGE_LOOP('',(#4115,#4116,#4117,#4118));
#1029=EDGE_LOOP('',(#4119,#4120,#4121,#4122));
#1030=EDGE_LOOP('',(#4123,#4124,#4125,#4126));
#1031=EDGE_LOOP('',(#4127,#4128,#4129,#4130));
#1032=EDGE_LOOP('',(#4131,#4132,#4133,#4134));
#1033=EDGE_LOOP('',(#4135,#4136,#4137,#4138));
#1034=EDGE_LOOP('',(#4139,#4140,#4141,#4142));
#1035=EDGE_LOOP('',(#4143,#4144,#4145,#4146));
#1036=EDGE_LOOP('',(#4147,#4148,#4149,#4150));
#1037=EDGE_LOOP('',(#4151,#4152,#4153,#4154));
#1038=EDGE_LOOP('',(#4155,#4156,#4157,#4158));
#1039=EDGE_LOOP('',(#4159,#4160,#4161,#4162));
#1040=EDGE_LOOP('',(#4163,#4164,#4165,#4166));
#1041=EDGE_LOOP('',(#4167,#4168,#4169,#4170));
#1042=EDGE_LOOP('',(#4171,#4172,#4173,#4174));
#1043=EDGE_LOOP('',(#4175,#4176,#4177,#4178));
#1044=EDGE_LOOP('',(#4179,#4180,#4181,#4182));
#1045=EDGE_LOOP('',(#4183,#4184,#4185,#4186));
#1046=EDGE_LOOP('',(#4187,#4188,#4189,#4190));
#1047=EDGE_LOOP('',(#4191,#4192,#4193,#4194));
#1048=EDGE_LOOP('',(#4195,#4196,#4197,#4198));
#1049=EDGE_LOOP('',(#4199,#4200,#4201,#4202));
#1050=EDGE_LOOP('',(#4203,#4204,#4205,#4206));
#1051=EDGE_LOOP('',(#4207,#4208,#4209,#4210));
#1052=EDGE_LOOP('',(#4211,#4212,#4213,#4214));
#1053=EDGE_LOOP('',(#4215,#4216,#4217,#4218));
#1054=EDGE_LOOP('',(#4219,#4220,#4221,#4222));
#1055=EDGE_LOOP('',(#4223,#4224,#4225,#4226));
#1056=EDGE_LOOP('',(#4227));
#1057=EDGE_LOOP('',(#4228,#4229,#4230,#4231));
#1058=EDGE_LOOP('',(#4232,#4233,#4234,#4235));
#1059=EDGE_LOOP('',(#4236,#4237,#4238,#4239));
#1060=EDGE_LOOP('',(#4240,#4241,#4242,#4243));
#1061=EDGE_LOOP('',(#4244,#4245,#4246,#4247));
#1062=EDGE_LOOP('',(#4248,#4249,#4250,#4251));
#1063=EDGE_LOOP('',(#4252,#4253,#4254,#4255));
#1064=EDGE_LOOP('',(#4256,#4257,#4258,#4259));
#1065=EDGE_LOOP('',(#4260,#4261,#4262,#4263));
#1066=EDGE_LOOP('',(#4264,#4265,#4266,#4267));
#1067=EDGE_LOOP('',(#4268,#4269,#4270,#4271));
#1068=EDGE_LOOP('',(#4272,#4273,#4274,#4275));
#1069=EDGE_LOOP('',(#4276));
#1070=EDGE_LOOP('',(#4277));
#1071=EDGE_LOOP('',(#4278));
#1072=EDGE_LOOP('',(#4279));
#1073=EDGE_LOOP('',(#4280));
#1074=EDGE_LOOP('',(#4281));
#1075=EDGE_LOOP('',(#4282,#4283,#4284,#4285));
#1076=EDGE_LOOP('',(#4286,#4287,#4288,#4289));
#1077=EDGE_LOOP('',(#4290,#4291,#4292,#4293,#4294));
#1078=EDGE_LOOP('',(#4295,#4296,#4297,#4298));
#1079=EDGE_LOOP('',(#4299,#4300,#4301,#4302));
#1080=EDGE_LOOP('',(#4303,#4304,#4305,#4306));
#1081=EDGE_LOOP('',(#4307,#4308,#4309,#4310));
#1082=EDGE_LOOP('',(#4311,#4312,#4313,#4314));
#1083=EDGE_LOOP('',(#4315,#4316,#4317,#4318));
#1084=EDGE_LOOP('',(#4319,#4320,#4321,#4322));
#1085=EDGE_LOOP('',(#4323,#4324,#4325,#4326));
#1086=EDGE_LOOP('',(#4327,#4328,#4329,#4330));
#1087=EDGE_LOOP('',(#4331,#4332,#4333,#4334));
#1088=EDGE_LOOP('',(#4335,#4336,#4337,#4338));
#1089=EDGE_LOOP('',(#4339,#4340,#4341,#4342));
#1090=EDGE_LOOP('',(#4343,#4344,#4345,#4346));
#1091=EDGE_LOOP('',(#4347,#4348,#4349,#4350));
#1092=EDGE_LOOP('',(#4351,#4352,#4353,#4354));
#1093=EDGE_LOOP('',(#4355,#4356,#4357,#4358));
#1094=EDGE_LOOP('',(#4359,#4360,#4361,#4362));
#1095=EDGE_LOOP('',(#4363,#4364,#4365,#4366));
#1096=EDGE_LOOP('',(#4367,#4368,#4369,#4370,#4371,#4372,#4373,#4374,#4375,
#4376,#4377,#4378,#4379,#4380));
#1097=EDGE_LOOP('',(#4381,#4382,#4383,#4384));
#1098=EDGE_LOOP('',(#4385,#4386,#4387,#4388));
#1099=EDGE_LOOP('',(#4389,#4390,#4391,#4392));
#1100=EDGE_LOOP('',(#4393,#4394,#4395,#4396));
#1101=EDGE_LOOP('',(#4397,#4398,#4399,#4400));
#1102=EDGE_LOOP('',(#4401,#4402,#4403,#4404));
#1103=EDGE_LOOP('',(#4405,#4406,#4407,#4408));
#1104=EDGE_LOOP('',(#4409,#4410,#4411,#4412));
#1105=EDGE_LOOP('',(#4413,#4414,#4415,#4416));
#1106=EDGE_LOOP('',(#4417,#4418,#4419,#4420));
#1107=EDGE_LOOP('',(#4421,#4422,#4423,#4424));
#1108=EDGE_LOOP('',(#4425,#4426,#4427,#4428));
#1109=EDGE_LOOP('',(#4429,#4430,#4431,#4432));
#1110=EDGE_LOOP('',(#4433,#4434,#4435,#4436));
#1111=EDGE_LOOP('',(#4437,#4438,#4439,#4440));
#1112=EDGE_LOOP('',(#4441,#4442,#4443,#4444));
#1113=EDGE_LOOP('',(#4445,#4446,#4447,#4448));
#1114=EDGE_LOOP('',(#4449,#4450,#4451,#4452));
#1115=EDGE_LOOP('',(#4453,#4454,#4455,#4456));
#1116=EDGE_LOOP('',(#4457,#4458,#4459,#4460));
#1117=EDGE_LOOP('',(#4461,#4462,#4463,#4464));
#1118=EDGE_LOOP('',(#4465,#4466,#4467,#4468));
#1119=EDGE_LOOP('',(#4469,#4470,#4471,#4472));
#1120=EDGE_LOOP('',(#4473,#4474,#4475,#4476));
#1121=EDGE_LOOP('',(#4477,#4478,#4479,#4480));
#1122=EDGE_LOOP('',(#4481,#4482,#4483,#4484));
#1123=EDGE_LOOP('',(#4485,#4486,#4487,#4488));
#1124=EDGE_LOOP('',(#4489,#4490,#4491,#4492));
#1125=EDGE_LOOP('',(#4493,#4494,#4495,#4496));
#1126=EDGE_LOOP('',(#4497,#4498,#4499,#4500));
#1127=EDGE_LOOP('',(#4501,#4502,#4503,#4504));
#1128=EDGE_LOOP('',(#4505,#4506,#4507,#4508));
#1129=EDGE_LOOP('',(#4509,#4510,#4511,#4512));
#1130=EDGE_LOOP('',(#4513,#4514,#4515,#4516));
#1131=EDGE_LOOP('',(#4517,#4518,#4519,#4520));
#1132=EDGE_LOOP('',(#4521,#4522,#4523,#4524));
#1133=EDGE_LOOP('',(#4525,#4526,#4527,#4528));
#1134=EDGE_LOOP('',(#4529,#4530,#4531,#4532));
#1135=EDGE_LOOP('',(#4533,#4534,#4535,#4536));
#1136=EDGE_LOOP('',(#4537,#4538,#4539,#4540,#4541,#4542,#4543,#4544,#4545,
#4546,#4547,#4548,#4549,#4550,#4551,#4552,#4553,#4554,#4555,#4556));
#1137=EDGE_LOOP('',(#4557,#4558,#4559,#4560));
#1138=EDGE_LOOP('',(#4561,#4562,#4563,#4564));
#1139=EDGE_LOOP('',(#4565,#4566,#4567,#4568));
#1140=EDGE_LOOP('',(#4569,#4570,#4571,#4572));
#1141=EDGE_LOOP('',(#4573,#4574,#4575,#4576));
#1142=EDGE_LOOP('',(#4577,#4578,#4579,#4580));
#1143=EDGE_LOOP('',(#4581,#4582,#4583,#4584));
#1144=EDGE_LOOP('',(#4585,#4586,#4587,#4588));
#1145=EDGE_LOOP('',(#4589,#4590,#4591,#4592));
#1146=EDGE_LOOP('',(#4593,#4594,#4595,#4596));
#1147=EDGE_LOOP('',(#4597,#4598,#4599,#4600));
#1148=EDGE_LOOP('',(#4601,#4602,#4603,#4604));
#1149=EDGE_LOOP('',(#4605,#4606,#4607,#4608));
#1150=EDGE_LOOP('',(#4609,#4610,#4611,#4612));
#1151=EDGE_LOOP('',(#4613,#4614,#4615,#4616));
#1152=EDGE_LOOP('',(#4617,#4618,#4619,#4620));
#1153=EDGE_LOOP('',(#4621,#4622,#4623,#4624));
#1154=EDGE_LOOP('',(#4625,#4626,#4627,#4628));
#1155=EDGE_LOOP('',(#4629,#4630,#4631,#4632));
#1156=EDGE_LOOP('',(#4633,#4634,#4635,#4636));
#1157=EDGE_LOOP('',(#4637,#4638,#4639,#4640));
#1158=EDGE_LOOP('',(#4641,#4642,#4643,#4644,#4645,#4646,#4647,#4648,#4649,
#4650,#4651,#4652,#4653,#4654));
#1159=EDGE_LOOP('',(#4655,#4656,#4657,#4658,#4659));
#1160=EDGE_LOOP('',(#4660,#4661,#4662,#4663));
#1161=EDGE_LOOP('',(#4664,#4665,#4666,#4667));
#1162=EDGE_LOOP('',(#4668,#4669,#4670,#4671,#4672,#4673,#4674,#4675,#4676,
#4677,#4678,#4679));
#1163=EDGE_LOOP('',(#4680,#4681,#4682,#4683));
#1164=EDGE_LOOP('',(#4684,#4685,#4686,#4687));
#1165=EDGE_LOOP('',(#4688,#4689,#4690,#4691));
#1166=EDGE_LOOP('',(#4692,#4693,#4694,#4695));
#1167=EDGE_LOOP('',(#4696,#4697,#4698,#4699));
#1168=EDGE_LOOP('',(#4700,#4701,#4702,#4703));
#1169=EDGE_LOOP('',(#4704,#4705,#4706,#4707));
#1170=EDGE_LOOP('',(#4708,#4709,#4710,#4711));
#1171=EDGE_LOOP('',(#4712,#4713,#4714,#4715));
#1172=EDGE_LOOP('',(#4716,#4717,#4718,#4719));
#1173=EDGE_LOOP('',(#4720,#4721,#4722,#4723));
#1174=EDGE_LOOP('',(#4724,#4725,#4726,#4727));
#1175=EDGE_LOOP('',(#4728,#4729,#4730,#4731));
#1176=EDGE_LOOP('',(#4732,#4733,#4734,#4735,#4736,#4737,#4738,#4739,#4740,
#4741));
#1177=EDGE_LOOP('',(#4742,#4743,#4744,#4745));
#1178=EDGE_LOOP('',(#4746,#4747,#4748,#4749));
#1179=EDGE_LOOP('',(#4750,#4751,#4752,#4753,#4754,#4755,#4756,#4757,#4758,
#4759));
#1180=EDGE_LOOP('',(#4760,#4761,#4762,#4763));
#1181=EDGE_LOOP('',(#4764,#4765,#4766,#4767,#4768,#4769,#4770,#4771,#4772,
#4773,#4774,#4775,#4776,#4777));
#1182=EDGE_LOOP('',(#4778,#4779,#4780,#4781,#4782,#4783,#4784,#4785));
#1183=EDGE_LOOP('',(#4786,#4787,#4788,#4789,#4790,#4791,#4792,#4793,#4794,
#4795,#4796,#4797));
#1184=EDGE_LOOP('',(#4798,#4799,#4800,#4801));
#1185=EDGE_LOOP('',(#4802,#4803,#4804,#4805,#4806,#4807,#4808,#4809,#4810,
#4811));
#1186=EDGE_LOOP('',(#4812,#4813,#4814,#4815));
#1187=EDGE_LOOP('',(#4816,#4817,#4818,#4819));
#1188=EDGE_LOOP('',(#4820,#4821,#4822,#4823));
#1189=EDGE_LOOP('',(#4824,#4825,#4826,#4827));
#1190=EDGE_LOOP('',(#4828,#4829,#4830,#4831));
#1191=EDGE_LOOP('',(#4832,#4833,#4834,#4835));
#1192=EDGE_LOOP('',(#4836,#4837,#4838,#4839));
#1193=EDGE_LOOP('',(#4840,#4841,#4842,#4843));
#1194=EDGE_LOOP('',(#4844,#4845,#4846,#4847));
#1195=EDGE_LOOP('',(#4848,#4849,#4850,#4851));
#1196=EDGE_LOOP('',(#4852,#4853,#4854,#4855));
#1197=EDGE_LOOP('',(#4856,#4857,#4858,#4859));
#1198=EDGE_LOOP('',(#4860,#4861,#4862,#4863));
#1199=EDGE_LOOP('',(#4864,#4865,#4866,#4867));
#1200=EDGE_LOOP('',(#4868,#4869,#4870,#4871));
#1201=EDGE_LOOP('',(#4872,#4873,#4874,#4875));
#1202=EDGE_LOOP('',(#4876,#4877,#4878,#4879));
#1203=EDGE_LOOP('',(#4880,#4881,#4882,#4883));
#1204=EDGE_LOOP('',(#4884,#4885,#4886,#4887));
#1205=EDGE_LOOP('',(#4888,#4889,#4890,#4891));
#1206=EDGE_LOOP('',(#4892,#4893,#4894,#4895));
#1207=EDGE_LOOP('',(#4896,#4897,#4898,#4899));
#1208=EDGE_LOOP('',(#4900,#4901,#4902,#4903));
#1209=EDGE_LOOP('',(#4904,#4905,#4906,#4907));
#1210=EDGE_LOOP('',(#4908,#4909,#4910,#4911));
#1211=EDGE_LOOP('',(#4912,#4913,#4914,#4915));
#1212=EDGE_LOOP('',(#4916,#4917,#4918,#4919));
#1213=EDGE_LOOP('',(#4920,#4921,#4922,#4923));
#1214=EDGE_LOOP('',(#4924,#4925,#4926,#4927));
#1215=EDGE_LOOP('',(#4928,#4929,#4930,#4931));
#1216=EDGE_LOOP('',(#4932,#4933,#4934,#4935));
#1217=EDGE_LOOP('',(#4936,#4937,#4938,#4939));
#1218=EDGE_LOOP('',(#4940,#4941,#4942,#4943));
#1219=EDGE_LOOP('',(#4944,#4945,#4946,#4947));
#1220=EDGE_LOOP('',(#4948,#4949,#4950,#4951));
#1221=EDGE_LOOP('',(#4952,#4953,#4954,#4955));
#1222=EDGE_LOOP('',(#4956,#4957,#4958,#4959));
#1223=EDGE_LOOP('',(#4960,#4961,#4962,#4963));
#1224=EDGE_LOOP('',(#4964,#4965,#4966,#4967));
#1225=EDGE_LOOP('',(#4968,#4969,#4970,#4971));
#1226=EDGE_LOOP('',(#4972,#4973,#4974,#4975));
#1227=EDGE_LOOP('',(#4976,#4977,#4978,#4979));
#1228=EDGE_LOOP('',(#4980,#4981,#4982,#4983));
#1229=EDGE_LOOP('',(#4984,#4985,#4986,#4987));
#1230=EDGE_LOOP('',(#4988,#4989,#4990,#4991));
#1231=EDGE_LOOP('',(#4992,#4993,#4994,#4995));
#1232=EDGE_LOOP('',(#4996,#4997,#4998,#4999));
#1233=EDGE_LOOP('',(#5000,#5001,#5002,#5003));
#1234=EDGE_LOOP('',(#5004,#5005,#5006,#5007));
#1235=EDGE_LOOP('',(#5008,#5009,#5010,#5011));
#1236=EDGE_LOOP('',(#5012,#5013,#5014,#5015));
#1237=EDGE_LOOP('',(#5016,#5017,#5018,#5019));
#1238=EDGE_LOOP('',(#5020,#5021,#5022,#5023));
#1239=EDGE_LOOP('',(#5024,#5025,#5026,#5027));
#1240=EDGE_LOOP('',(#5028,#5029,#5030,#5031));
#1241=EDGE_LOOP('',(#5032,#5033,#5034,#5035));
#1242=EDGE_LOOP('',(#5036,#5037,#5038,#5039));
#1243=EDGE_LOOP('',(#5040,#5041,#5042,#5043));
#1244=EDGE_LOOP('',(#5044,#5045,#5046,#5047));
#1245=EDGE_LOOP('',(#5048,#5049,#5050,#5051));
#1246=EDGE_LOOP('',(#5052,#5053,#5054,#5055));
#1247=EDGE_LOOP('',(#5056,#5057,#5058,#5059));
#1248=EDGE_LOOP('',(#5060,#5061,#5062,#5063));
#1249=EDGE_LOOP('',(#5064,#5065,#5066,#5067));
#1250=EDGE_LOOP('',(#5068,#5069,#5070,#5071));
#1251=EDGE_LOOP('',(#5072,#5073,#5074,#5075));
#1252=EDGE_LOOP('',(#5076,#5077,#5078,#5079));
#1253=EDGE_LOOP('',(#5080,#5081,#5082,#5083));
#1254=EDGE_LOOP('',(#5084,#5085,#5086,#5087));
#1255=EDGE_LOOP('',(#5088,#5089,#5090,#5091));
#1256=EDGE_LOOP('',(#5092,#5093,#5094,#5095));
#1257=EDGE_LOOP('',(#5096,#5097,#5098,#5099));
#1258=EDGE_LOOP('',(#5100,#5101,#5102,#5103));
#1259=EDGE_LOOP('',(#5104,#5105,#5106,#5107));
#1260=EDGE_LOOP('',(#5108,#5109,#5110,#5111));
#1261=EDGE_LOOP('',(#5112,#5113,#5114,#5115));
#1262=EDGE_LOOP('',(#5116,#5117,#5118,#5119));
#1263=EDGE_LOOP('',(#5120,#5121,#5122,#5123));
#1264=EDGE_LOOP('',(#5124,#5125,#5126,#5127));
#1265=EDGE_LOOP('',(#5128,#5129,#5130,#5131));
#1266=EDGE_LOOP('',(#5132,#5133,#5134,#5135));
#1267=EDGE_LOOP('',(#5136,#5137,#5138,#5139));
#1268=EDGE_LOOP('',(#5140,#5141,#5142,#5143));
#1269=EDGE_LOOP('',(#5144,#5145,#5146,#5147));
#1270=EDGE_LOOP('',(#5148,#5149,#5150,#5151));
#1271=EDGE_LOOP('',(#5152,#5153,#5154,#5155));
#1272=EDGE_LOOP('',(#5156,#5157,#5158,#5159));
#1273=EDGE_LOOP('',(#5160,#5161,#5162,#5163));
#1274=EDGE_LOOP('',(#5164,#5165,#5166,#5167));
#1275=EDGE_LOOP('',(#5168,#5169,#5170,#5171));
#1276=EDGE_LOOP('',(#5172,#5173,#5174,#5175));
#1277=EDGE_LOOP('',(#5176,#5177,#5178,#5179));
#1278=EDGE_LOOP('',(#5180,#5181,#5182,#5183));
#1279=EDGE_LOOP('',(#5184,#5185,#5186,#5187));
#1280=EDGE_LOOP('',(#5188,#5189,#5190,#5191));
#1281=EDGE_LOOP('',(#5192,#5193,#5194,#5195));
#1282=EDGE_LOOP('',(#5196,#5197,#5198,#5199));
#1283=EDGE_LOOP('',(#5200,#5201,#5202,#5203));
#1284=EDGE_LOOP('',(#5204,#5205,#5206,#5207));
#1285=EDGE_LOOP('',(#5208,#5209,#5210,#5211));
#1286=EDGE_LOOP('',(#5212,#5213,#5214,#5215));
#1287=EDGE_LOOP('',(#5216,#5217,#5218,#5219));
#1288=EDGE_LOOP('',(#5220,#5221,#5222,#5223));
#1289=EDGE_LOOP('',(#5224,#5225,#5226,#5227));
#1290=EDGE_LOOP('',(#5228,#5229,#5230,#5231));
#1291=EDGE_LOOP('',(#5232,#5233,#5234,#5235));
#1292=EDGE_LOOP('',(#5236,#5237,#5238,#5239));
#1293=EDGE_LOOP('',(#5240,#5241,#5242,#5243));
#1294=EDGE_LOOP('',(#5244,#5245,#5246,#5247));
#1295=EDGE_LOOP('',(#5248,#5249,#5250,#5251));
#1296=EDGE_LOOP('',(#5252,#5253,#5254,#5255));
#1297=EDGE_LOOP('',(#5256,#5257,#5258,#5259));
#1298=EDGE_LOOP('',(#5260,#5261,#5262,#5263));
#1299=EDGE_LOOP('',(#5264,#5265,#5266,#5267));
#1300=EDGE_LOOP('',(#5268,#5269,#5270,#5271));
#1301=EDGE_LOOP('',(#5272,#5273,#5274,#5275));
#1302=EDGE_LOOP('',(#5276,#5277,#5278,#5279));
#1303=EDGE_LOOP('',(#5280,#5281,#5282,#5283));
#1304=EDGE_LOOP('',(#5284,#5285,#5286,#5287));
#1305=EDGE_LOOP('',(#5288,#5289,#5290,#5291));
#1306=EDGE_LOOP('',(#5292,#5293,#5294,#5295));
#1307=EDGE_LOOP('',(#5296,#5297,#5298,#5299));
#1308=EDGE_LOOP('',(#5300,#5301,#5302,#5303));
#1309=EDGE_LOOP('',(#5304,#5305,#5306,#5307));
#1310=EDGE_LOOP('',(#5308,#5309,#5310,#5311));
#1311=EDGE_LOOP('',(#5312,#5313,#5314,#5315));
#1312=EDGE_LOOP('',(#5316,#5317,#5318,#5319));
#1313=EDGE_LOOP('',(#5320,#5321,#5322,#5323));
#1314=EDGE_LOOP('',(#5324,#5325,#5326,#5327));
#1315=EDGE_LOOP('',(#5328,#5329,#5330,#5331));
#1316=EDGE_LOOP('',(#5332,#5333,#5334,#5335));
#1317=EDGE_LOOP('',(#5336,#5337,#5338,#5339));
#1318=EDGE_LOOP('',(#5340,#5341,#5342,#5343));
#1319=EDGE_LOOP('',(#5344,#5345,#5346,#5347,#5348,#5349,#5350,#5351,#5352,
#5353,#5354,#5355));
#1320=EDGE_LOOP('',(#5356,#5357,#5358,#5359));
#1321=EDGE_LOOP('',(#5360,#5361,#5362,#5363,#5364,#5365,#5366,#5367,#5368,
#5369,#5370,#5371));
#1322=EDGE_LOOP('',(#5372,#5373,#5374,#5375));
#1323=EDGE_LOOP('',(#5376,#5377,#5378,#5379));
#1324=EDGE_LOOP('',(#5380,#5381,#5382,#5383));
#1325=EDGE_LOOP('',(#5384,#5385,#5386,#5387));
#1326=EDGE_LOOP('',(#5388,#5389,#5390,#5391));
#1327=EDGE_LOOP('',(#5392,#5393,#5394,#5395,#5396,#5397));
#1328=EDGE_LOOP('',(#5398,#5399,#5400,#5401));
#1329=EDGE_LOOP('',(#5402,#5403,#5404,#5405));
#1330=EDGE_LOOP('',(#5406,#5407,#5408,#5409));
#1331=EDGE_LOOP('',(#5410,#5411,#5412,#5413));
#1332=EDGE_LOOP('',(#5414,#5415,#5416,#5417));
#1333=EDGE_LOOP('',(#5418,#5419,#5420,#5421));
#1334=EDGE_LOOP('',(#5422,#5423,#5424,#5425));
#1335=EDGE_LOOP('',(#5426,#5427,#5428,#5429));
#1336=EDGE_LOOP('',(#5430,#5431,#5432,#5433));
#1337=EDGE_LOOP('',(#5434,#5435,#5436,#5437));
#1338=EDGE_LOOP('',(#5438,#5439,#5440,#5441));
#1339=EDGE_LOOP('',(#5442,#5443,#5444,#5445));
#1340=EDGE_LOOP('',(#5446,#5447,#5448,#5449,#5450,#5451));
#1341=EDGE_LOOP('',(#5452,#5453,#5454,#5455,#5456,#5457,#5458,#5459,#5460,
#5461,#5462,#5463,#5464,#5465,#5466,#5467,#5468,#5469,#5470,#5471,#5472,
#5473,#5474,#5475,#5476,#5477,#5478,#5479,#5480,#5481,#5482,#5483,#5484,
#5485,#5486,#5487,#5488,#5489,#5490,#5491,#5492,#5493,#5494,#5495,#5496,
#5497,#5498,#5499,#5500,#5501,#5502,#5503,#5504,#5505,#5506,#5507,#5508,
#5509,#5510,#5511,#5512,#5513,#5514,#5515,#5516,#5517,#5518,#5519,#5520,
#5521,#5522,#5523,#5524,#5525,#5526,#5527,#5528,#5529,#5530,#5531,#5532,
#5533,#5534,#5535,#5536,#5537,#5538,#5539,#5540,#5541,#5542,#5543,#5544,
#5545,#5546,#5547,#5548,#5549,#5550,#5551,#5552,#5553,#5554,#5555,#5556,
#5557,#5558,#5559,#5560,#5561,#5562,#5563,#5564,#5565,#5566,#5567,#5568,
#5569,#5570,#5571));
#1342=EDGE_LOOP('',(#5572,#5573,#5574,#5575));
#1343=EDGE_LOOP('',(#5576));
#1344=EDGE_LOOP('',(#5577));
#1345=EDGE_LOOP('',(#5578));
#1346=EDGE_LOOP('',(#5579));
#1347=EDGE_LOOP('',(#5580));
#1348=EDGE_LOOP('',(#5581));
#1349=EDGE_LOOP('',(#5582,#5583,#5584,#5585));
#1350=EDGE_LOOP('',(#5586,#5587,#5588,#5589));
#1351=EDGE_LOOP('',(#5590,#5591,#5592,#5593));
#1352=EDGE_LOOP('',(#5594,#5595,#5596,#5597));
#1353=EDGE_LOOP('',(#5598,#5599,#5600,#5601,#5602,#5603,#5604,#5605));
#1354=EDGE_LOOP('',(#5606));
#1355=EDGE_LOOP('',(#5607,#5608,#5609,#5610));
#1356=EDGE_LOOP('',(#5611,#5612,#5613,#5614,#5615,#5616,#5617,#5618,#5619,
#5620));
#1357=EDGE_LOOP('',(#5621,#5622,#5623,#5624));
#1358=EDGE_LOOP('',(#5625,#5626,#5627,#5628));
#1359=EDGE_LOOP('',(#5629,#5630,#5631,#5632));
#1360=LINE('',#8828,#1903);
#1361=LINE('',#8830,#1904);
#1362=LINE('',#8832,#1905);
#1363=LINE('',#8833,#1906);
#1364=LINE('',#8838,#1907);
#1365=LINE('',#8842,#1908);
#1366=LINE('',#8844,#1909);
#1367=LINE('',#8845,#1910);
#1368=LINE('',#8853,#1911);
#1369=LINE('',#8857,#1912);
#1370=LINE('',#8892,#1913);
#1371=LINE('',#8896,#1914);
#1372=LINE('',#8900,#1915);
#1373=LINE('',#8904,#1916);
#1374=LINE('',#8908,#1917);
#1375=LINE('',#8912,#1918);
#1376=LINE('',#8916,#1919);
#1377=LINE('',#8920,#1920);
#1378=LINE('',#8924,#1921);
#1379=LINE('',#8928,#1922);
#1380=LINE('',#8932,#1923);
#1381=LINE('',#8934,#1924);
#1382=LINE('',#8936,#1925);
#1383=LINE('',#8937,#1926);
#1384=LINE('',#8943,#1927);
#1385=LINE('',#8947,#1928);
#1386=LINE('',#8951,#1929);
#1387=LINE('',#8954,#1930);
#1388=LINE('',#8957,#1931);
#1389=LINE('',#8961,#1932);
#1390=LINE('',#8965,#1933);
#1391=LINE('',#8969,#1934);
#1392=LINE('',#8980,#1935);
#1393=LINE('',#8984,#1936);
#1394=LINE('',#8988,#1937);
#1395=LINE('',#8996,#1938);
#1396=LINE('',#9003,#1939);
#1397=LINE('',#9007,#1940);
#1398=LINE('',#9011,#1941);
#1399=LINE('',#9032,#1942);
#1400=LINE('',#9036,#1943);
#1401=LINE('',#9039,#1944);
#1402=LINE('',#9053,#1945);
#1403=LINE('',#9057,#1946);
#1404=LINE('',#9060,#1947);
#1405=LINE('',#9074,#1948);
#1406=LINE('',#9078,#1949);
#1407=LINE('',#9081,#1950);
#1408=LINE('',#9095,#1951);
#1409=LINE('',#9099,#1952);
#1410=LINE('',#9102,#1953);
#1411=LINE('',#9112,#1954);
#1412=LINE('',#9116,#1955);
#1413=LINE('',#9120,#1956);
#1414=LINE('',#9129,#1957);
#1415=LINE('',#9139,#1958);
#1416=LINE('',#9143,#1959);
#1417=LINE('',#9147,#1960);
#1418=LINE('',#9156,#1961);
#1419=LINE('',#9157,#1962);
#1420=LINE('',#9158,#1963);
#1421=LINE('',#9161,#1964);
#1422=LINE('',#9165,#1965);
#1423=LINE('',#9166,#1966);
#1424=LINE('',#9169,#1967);
#1425=LINE('',#9175,#1968);
#1426=LINE('',#9176,#1969);
#1427=LINE('',#9180,#1970);
#1428=LINE('',#9182,#1971);
#1429=LINE('',#9184,#1972);
#1430=LINE('',#9185,#1973);
#1431=LINE('',#9190,#1974);
#1432=LINE('',#9195,#1975);
#1433=LINE('',#9201,#1976);
#1434=LINE('',#9205,#1977);
#1435=LINE('',#9209,#1978);
#1436=LINE('',#9211,#1979);
#1437=LINE('',#9212,#1980);
#1438=LINE('',#9217,#1981);
#1439=LINE('',#9221,#1982);
#1440=LINE('',#9223,#1983);
#1441=LINE('',#9224,#1984);
#1442=LINE('',#9229,#1985);
#1443=LINE('',#9233,#1986);
#1444=LINE('',#9235,#1987);
#1445=LINE('',#9236,#1988);
#1446=LINE('',#9241,#1989);
#1447=LINE('',#9245,#1990);
#1448=LINE('',#9246,#1991);
#1449=LINE('',#9247,#1992);
#1450=LINE('',#9250,#1993);
#1451=LINE('',#9254,#1994);
#1452=LINE('',#9255,#1995);
#1453=LINE('',#9258,#1996);
#1454=LINE('',#9261,#1997);
#1455=LINE('',#9262,#1998);
#1456=LINE('',#9265,#1999);
#1457=LINE('',#9268,#2000);
#1458=LINE('',#9271,#2001);
#1459=LINE('',#9272,#2002);
#1460=LINE('',#9276,#2003);
#1461=LINE('',#9279,#2004);
#1462=LINE('',#9280,#2005);
#1463=LINE('',#9284,#2006);
#1464=LINE('',#9287,#2007);
#1465=LINE('',#9288,#2008);
#1466=LINE('',#9292,#2009);
#1467=LINE('',#9294,#2010);
#1468=LINE('',#9298,#2011);
#1469=LINE('',#9302,#2012);
#1470=LINE('',#9306,#2013);
#1471=LINE('',#9308,#2014);
#1472=LINE('',#9309,#2015);
#1473=LINE('',#9313,#2016);
#1474=LINE('',#9320,#2017);
#1475=LINE('',#9324,#2018);
#1476=LINE('',#9326,#2019);
#1477=LINE('',#9327,#2020);
#1478=LINE('',#9332,#2021);
#1479=LINE('',#9336,#2022);
#1480=LINE('',#9338,#2023);
#1481=LINE('',#9339,#2024);
#1482=LINE('',#9344,#2025);
#1483=LINE('',#9349,#2026);
#1484=LINE('',#9351,#2027);
#1485=LINE('',#9353,#2028);
#1486=LINE('',#9354,#2029);
#1487=LINE('',#9360,#2030);
#1488=LINE('',#9362,#2031);
#1489=LINE('',#9363,#2032);
#1490=LINE('',#9367,#2033);
#1491=LINE('',#9371,#2034);
#1492=LINE('',#9375,#2035);
#1493=LINE('',#9377,#2036);
#1494=LINE('',#9378,#2037);
#1495=LINE('',#9382,#2038);
#1496=LINE('',#9392,#2039);
#1497=LINE('',#9393,#2040);
#1498=LINE('',#9396,#2041);
#1499=LINE('',#9397,#2042);
#1500=LINE('',#9401,#2043);
#1501=LINE('',#9404,#2044);
#1502=LINE('',#9405,#2045);
#1503=LINE('',#9409,#2046);
#1504=LINE('',#9412,#2047);
#1505=LINE('',#9413,#2048);
#1506=LINE('',#9417,#2049);
#1507=LINE('',#9419,#2050);
#1508=LINE('',#9425,#2051);
#1509=LINE('',#9428,#2052);
#1510=LINE('',#9434,#2053);
#1511=LINE('',#9437,#2054);
#1512=LINE('',#9443,#2055);
#1513=LINE('',#9446,#2056);
#1514=LINE('',#9452,#2057);
#1515=LINE('',#9455,#2058);
#1516=LINE('',#9476,#2059);
#1517=LINE('',#9478,#2060);
#1518=LINE('',#9479,#2061);
#1519=LINE('',#9483,#2062);
#1520=LINE('',#9485,#2063);
#1521=LINE('',#9487,#2064);
#1522=LINE('',#9488,#2065);
#1523=LINE('',#9492,#2066);
#1524=LINE('',#9498,#2067);
#1525=LINE('',#9499,#2068);
#1526=LINE('',#9502,#2069);
#1527=LINE('',#9503,#2070);
#1528=LINE('',#9507,#2071);
#1529=LINE('',#9511,#2072);
#1530=LINE('',#9515,#2073);
#1531=LINE('',#9519,#2074);
#1532=LINE('',#9523,#2075);
#1533=LINE('',#9526,#2076);
#1534=LINE('',#9527,#2077);
#1535=LINE('',#9531,#2078);
#1536=LINE('',#9536,#2079);
#1537=LINE('',#9537,#2080);
#1538=LINE('',#9540,#2081);
#1539=LINE('',#9541,#2082);
#1540=LINE('',#9545,#2083);
#1541=LINE('',#9549,#2084);
#1542=LINE('',#9553,#2085);
#1543=LINE('',#9557,#2086);
#1544=LINE('',#9561,#2087);
#1545=LINE('',#9564,#2088);
#1546=LINE('',#9565,#2089);
#1547=LINE('',#9569,#2090);
#1548=LINE('',#9572,#2091);
#1549=LINE('',#9573,#2092);
#1550=LINE('',#9574,#2093);
#1551=LINE('',#9575,#2094);
#1552=LINE('',#9579,#2095);
#1553=LINE('',#9582,#2096);
#1554=LINE('',#9583,#2097);
#1555=LINE('',#9587,#2098);
#1556=LINE('',#9592,#2099);
#1557=LINE('',#9593,#2100);
#1558=LINE('',#9596,#2101);
#1559=LINE('',#9597,#2102);
#1560=LINE('',#9601,#2103);
#1561=LINE('',#9605,#2104);
#1562=LINE('',#9609,#2105);
#1563=LINE('',#9613,#2106);
#1564=LINE('',#9617,#2107);
#1565=LINE('',#9620,#2108);
#1566=LINE('',#9621,#2109);
#1567=LINE('',#9625,#2110);
#1568=LINE('',#9630,#2111);
#1569=LINE('',#9631,#2112);
#1570=LINE('',#9634,#2113);
#1571=LINE('',#9635,#2114);
#1572=LINE('',#9639,#2115);
#1573=LINE('',#9643,#2116);
#1574=LINE('',#9647,#2117);
#1575=LINE('',#9651,#2118);
#1576=LINE('',#9655,#2119);
#1577=LINE('',#9658,#2120);
#1578=LINE('',#9659,#2121);
#1579=LINE('',#9663,#2122);
#1580=LINE('',#9668,#2123);
#1581=LINE('',#9669,#2124);
#1582=LINE('',#9672,#2125);
#1583=LINE('',#9673,#2126);
#1584=LINE('',#9677,#2127);
#1585=LINE('',#9681,#2128);
#1586=LINE('',#9685,#2129);
#1587=LINE('',#9689,#2130);
#1588=LINE('',#9693,#2131);
#1589=LINE('',#9696,#2132);
#1590=LINE('',#9697,#2133);
#1591=LINE('',#9701,#2134);
#1592=LINE('',#9706,#2135);
#1593=LINE('',#9707,#2136);
#1594=LINE('',#9710,#2137);
#1595=LINE('',#9711,#2138);
#1596=LINE('',#9715,#2139);
#1597=LINE('',#9719,#2140);
#1598=LINE('',#9723,#2141);
#1599=LINE('',#9727,#2142);
#1600=LINE('',#9731,#2143);
#1601=LINE('',#9734,#2144);
#1602=LINE('',#9735,#2145);
#1603=LINE('',#9739,#2146);
#1604=LINE('',#9741,#2147);
#1605=LINE('',#9743,#2148);
#1606=LINE('',#9744,#2149);
#1607=LINE('',#9745,#2150);
#1608=LINE('',#9746,#2151);
#1609=LINE('',#9747,#2152);
#1610=LINE('',#9751,#2153);
#1611=LINE('',#9754,#2154);
#1612=LINE('',#9755,#2155);
#1613=LINE('',#9759,#2156);
#1614=LINE('',#9764,#2157);
#1615=LINE('',#9765,#2158);
#1616=LINE('',#9768,#2159);
#1617=LINE('',#9769,#2160);
#1618=LINE('',#9773,#2161);
#1619=LINE('',#9777,#2162);
#1620=LINE('',#9781,#2163);
#1621=LINE('',#9785,#2164);
#1622=LINE('',#9789,#2165);
#1623=LINE('',#9792,#2166);
#1624=LINE('',#9793,#2167);
#1625=LINE('',#9797,#2168);
#1626=LINE('',#9802,#2169);
#1627=LINE('',#9803,#2170);
#1628=LINE('',#9806,#2171);
#1629=LINE('',#9807,#2172);
#1630=LINE('',#9811,#2173);
#1631=LINE('',#9815,#2174);
#1632=LINE('',#9819,#2175);
#1633=LINE('',#9823,#2176);
#1634=LINE('',#9827,#2177);
#1635=LINE('',#9830,#2178);
#1636=LINE('',#9831,#2179);
#1637=LINE('',#9835,#2180);
#1638=LINE('',#9838,#2181);
#1639=LINE('',#9839,#2182);
#1640=LINE('',#9840,#2183);
#1641=LINE('',#9841,#2184);
#1642=LINE('',#9846,#2185);
#1643=LINE('',#9850,#2186);
#1644=LINE('',#9852,#2187);
#1645=LINE('',#9853,#2188);
#1646=LINE('',#9858,#2189);
#1647=LINE('',#9862,#2190);
#1648=LINE('',#9867,#2191);
#1649=LINE('',#9871,#2192);
#1650=LINE('',#9875,#2193);
#1651=LINE('',#9879,#2194);
#1652=LINE('',#9881,#2195);
#1653=LINE('',#9882,#2196);
#1654=LINE('',#9886,#2197);
#1655=LINE('',#9893,#2198);
#1656=LINE('',#9894,#2199);
#1657=LINE('',#9897,#2200);
#1658=LINE('',#9898,#2201);
#1659=LINE('',#9902,#2202);
#1660=LINE('',#9905,#2203);
#1661=LINE('',#9907,#2204);
#1662=LINE('',#9908,#2205);
#1663=LINE('',#9913,#2206);
#1664=LINE('',#9914,#2207);
#1665=LINE('',#9918,#2208);
#1666=LINE('',#9923,#2209);
#1667=LINE('',#9926,#2210);
#1668=LINE('',#9929,#2211);
#1669=LINE('',#9930,#2212);
#1670=LINE('',#9934,#2213);
#1671=LINE('',#9939,#2214);
#1672=LINE('',#9940,#2215);
#1673=LINE('',#9941,#2216);
#1674=LINE('',#9944,#2217);
#1675=LINE('',#9949,#2218);
#1676=LINE('',#9952,#2219);
#1677=LINE('',#9953,#2220);
#1678=LINE('',#9957,#2221);
#1679=LINE('',#9962,#2222);
#1680=LINE('',#9966,#2223);
#1681=LINE('',#9969,#2224);
#1682=LINE('',#9971,#2225);
#1683=LINE('',#9972,#2226);
#1684=LINE('',#9976,#2227);
#1685=LINE('',#9978,#2228);
#1686=LINE('',#9980,#2229);
#1687=LINE('',#9981,#2230);
#1688=LINE('',#9987,#2231);
#1689=LINE('',#9991,#2232);
#1690=LINE('',#9994,#2233);
#1691=LINE('',#9996,#2234);
#1692=LINE('',#10000,#2235);
#1693=LINE('',#10001,#2236);
#1694=LINE('',#10004,#2237);
#1695=LINE('',#10008,#2238);
#1696=LINE('',#10009,#2239);
#1697=LINE('',#10012,#2240);
#1698=LINE('',#10016,#2241);
#1699=LINE('',#10017,#2242);
#1700=LINE('',#10020,#2243);
#1701=LINE('',#10023,#2244);
#1702=LINE('',#10028,#2245);
#1703=LINE('',#10029,#2246);
#1704=LINE('',#10032,#2247);
#1705=LINE('',#10033,#2248);
#1706=LINE('',#10037,#2249);
#1707=LINE('',#10039,#2250);
#1708=LINE('',#10044,#2251);
#1709=LINE('',#10045,#2252);
#1710=LINE('',#10048,#2253);
#1711=LINE('',#10049,#2254);
#1712=LINE('',#10053,#2255);
#1713=LINE('',#10055,#2256);
#1714=LINE('',#10060,#2257);
#1715=LINE('',#10061,#2258);
#1716=LINE('',#10064,#2259);
#1717=LINE('',#10065,#2260);
#1718=LINE('',#10069,#2261);
#1719=LINE('',#10071,#2262);
#1720=LINE('',#10076,#2263);
#1721=LINE('',#10077,#2264);
#1722=LINE('',#10080,#2265);
#1723=LINE('',#10081,#2266);
#1724=LINE('',#10085,#2267);
#1725=LINE('',#10087,#2268);
#1726=LINE('',#10091,#2269);
#1727=LINE('',#10095,#2270);
#1728=LINE('',#10099,#2271);
#1729=LINE('',#10103,#2272);
#1730=LINE('',#10107,#2273);
#1731=LINE('',#10111,#2274);
#1732=LINE('',#10117,#2275);
#1733=LINE('',#10120,#2276);
#1734=LINE('',#10124,#2277);
#1735=LINE('',#10127,#2278);
#1736=LINE('',#10130,#2279);
#1737=LINE('',#10131,#2280);
#1738=LINE('',#10134,#2281);
#1739=LINE('',#10136,#2282);
#1740=LINE('',#10137,#2283);
#1741=LINE('',#10142,#2284);
#1742=LINE('',#10148,#2285);
#1743=LINE('',#10149,#2286);
#1744=LINE('',#10152,#2287);
#1745=LINE('',#10156,#2288);
#1746=LINE('',#10157,#2289);
#1747=LINE('',#10160,#2290);
#1748=LINE('',#10164,#2291);
#1749=LINE('',#10165,#2292);
#1750=LINE('',#10169,#2293);
#1751=LINE('',#10172,#2294);
#1752=LINE('',#10177,#2295);
#1753=LINE('',#10180,#2296);
#1754=LINE('',#10185,#2297);
#1755=LINE('',#10188,#2298);
#1756=LINE('',#10189,#2299);
#1757=LINE('',#10192,#2300);
#1758=LINE('',#10196,#2301);
#1759=LINE('',#10197,#2302);
#1760=LINE('',#10200,#2303);
#1761=LINE('',#10204,#2304);
#1762=LINE('',#10205,#2305);
#1763=LINE('',#10209,#2306);
#1764=LINE('',#10213,#2307);
#1765=LINE('',#10217,#2308);
#1766=LINE('',#10221,#2309);
#1767=LINE('',#10225,#2310);
#1768=LINE('',#10228,#2311);
#1769=LINE('',#10229,#2312);
#1770=LINE('',#10232,#2313);
#1771=LINE('',#10236,#2314);
#1772=LINE('',#10237,#2315);
#1773=LINE('',#10240,#2316);
#1774=LINE('',#10244,#2317);
#1775=LINE('',#10245,#2318);
#1776=LINE('',#10248,#2319);
#1777=LINE('',#10252,#2320);
#1778=LINE('',#10253,#2321);
#1779=LINE('',#10256,#2322);
#1780=LINE('',#10260,#2323);
#1781=LINE('',#10261,#2324);
#1782=LINE('',#10265,#2325);
#1783=LINE('',#10268,#2326);
#1784=LINE('',#10273,#2327);
#1785=LINE('',#10276,#2328);
#1786=LINE('',#10281,#2329);
#1787=LINE('',#10284,#2330);
#1788=LINE('',#10285,#2331);
#1789=LINE('',#10288,#2332);
#1790=LINE('',#10292,#2333);
#1791=LINE('',#10293,#2334);
#1792=LINE('',#10296,#2335);
#1793=LINE('',#10300,#2336);
#1794=LINE('',#10301,#2337);
#1795=LINE('',#10305,#2338);
#1796=LINE('',#10308,#2339);
#1797=LINE('',#10313,#2340);
#1798=LINE('',#10316,#2341);
#1799=LINE('',#10321,#2342);
#1800=LINE('',#10324,#2343);
#1801=LINE('',#10325,#2344);
#1802=LINE('',#10328,#2345);
#1803=LINE('',#10332,#2346);
#1804=LINE('',#10333,#2347);
#1805=LINE('',#10336,#2348);
#1806=LINE('',#10340,#2349);
#1807=LINE('',#10341,#2350);
#1808=LINE('',#10345,#2351);
#1809=LINE('',#10348,#2352);
#1810=LINE('',#10353,#2353);
#1811=LINE('',#10356,#2354);
#1812=LINE('',#10361,#2355);
#1813=LINE('',#10364,#2356);
#1814=LINE('',#10365,#2357);
#1815=LINE('',#10368,#2358);
#1816=LINE('',#10372,#2359);
#1817=LINE('',#10373,#2360);
#1818=LINE('',#10376,#2361);
#1819=LINE('',#10380,#2362);
#1820=LINE('',#10381,#2363);
#1821=LINE('',#10385,#2364);
#1822=LINE('',#10388,#2365);
#1823=LINE('',#10393,#2366);
#1824=LINE('',#10396,#2367);
#1825=LINE('',#10401,#2368);
#1826=LINE('',#10404,#2369);
#1827=LINE('',#10405,#2370);
#1828=LINE('',#10408,#2371);
#1829=LINE('',#10412,#2372);
#1830=LINE('',#10413,#2373);
#1831=LINE('',#10416,#2374);
#1832=LINE('',#10420,#2375);
#1833=LINE('',#10421,#2376);
#1834=LINE('',#10424,#2377);
#1835=LINE('',#10428,#2378);
#1836=LINE('',#10429,#2379);
#1837=LINE('',#10432,#2380);
#1838=LINE('',#10436,#2381);
#1839=LINE('',#10437,#2382);
#1840=LINE('',#10441,#2383);
#1841=LINE('',#10444,#2384);
#1842=LINE('',#10449,#2385);
#1843=LINE('',#10452,#2386);
#1844=LINE('',#10457,#2387);
#1845=LINE('',#10460,#2388);
#1846=LINE('',#10461,#2389);
#1847=LINE('',#10464,#2390);
#1848=LINE('',#10468,#2391);
#1849=LINE('',#10469,#2392);
#1850=LINE('',#10472,#2393);
#1851=LINE('',#10476,#2394);
#1852=LINE('',#10477,#2395);
#1853=LINE('',#10481,#2396);
#1854=LINE('',#10484,#2397);
#1855=LINE('',#10489,#2398);
#1856=LINE('',#10492,#2399);
#1857=LINE('',#10497,#2400);
#1858=LINE('',#10500,#2401);
#1859=LINE('',#10501,#2402);
#1860=LINE('',#10504,#2403);
#1861=LINE('',#10508,#2404);
#1862=LINE('',#10509,#2405);
#1863=LINE('',#10512,#2406);
#1864=LINE('',#10516,#2407);
#1865=LINE('',#10517,#2408);
#1866=LINE('',#10526,#2409);
#1867=LINE('',#10527,#2410);
#1868=LINE('',#10528,#2411);
#1869=LINE('',#10531,#2412);
#1870=LINE('',#10532,#2413);
#1871=LINE('',#10535,#2414);
#1872=LINE('',#10536,#2415);
#1873=LINE('',#10537,#2416);
#1874=LINE('',#10539,#2417);
#1875=LINE('',#10542,#2418);
#1876=LINE('',#10543,#2419);
#1877=LINE('',#10546,#2420);
#1878=LINE('',#10549,#2421);
#1879=LINE('',#10552,#2422);
#1880=LINE('',#10556,#2423);
#1881=LINE('',#10559,#2424);
#1882=LINE('',#10562,#2425);
#1883=LINE('',#10563,#2426);
#1884=LINE('',#10566,#2427);
#1885=LINE('',#10570,#2428);
#1886=LINE('',#10571,#2429);
#1887=LINE('',#10574,#2430);
#1888=LINE('',#10577,#2431);
#1889=LINE('',#10581,#2432);
#1890=LINE('',#10583,#2433);
#1891=LINE('',#10585,#2434);
#1892=LINE('',#10588,#2435);
#1893=LINE('',#10589,#2436);
#1894=LINE('',#10590,#2437);
#1895=LINE('',#10595,#2438);
#1896=LINE('',#10596,#2439);
#1897=LINE('',#10600,#2440);
#1898=LINE('',#10605,#2441);
#1899=LINE('',#10607,#2442);
#1900=LINE('',#10609,#2443);
#1901=LINE('',#10612,#2444);
#1902=LINE('',#10614,#2445);
#1903=VECTOR('',#6869,10.);
#1904=VECTOR('',#6870,10.);
#1905=VECTOR('',#6871,10.);
#1906=VECTOR('',#6872,10.);
#1907=VECTOR('',#6877,10.);
#1908=VECTOR('',#6882,10.);
#1909=VECTOR('',#6883,10.);
#1910=VECTOR('',#6884,10.);
#1911=VECTOR('',#6895,10.);
#1912=VECTOR('',#6898,10.);
#1913=VECTOR('',#6945,2.55000000000001);
#1914=VECTOR('',#6950,2.54999999999999);
#1915=VECTOR('',#6955,1.49999999999999);
#1916=VECTOR('',#6960,1.50000000000002);
#1917=VECTOR('',#6965,1.49999999999999);
#1918=VECTOR('',#6970,1.49999999999999);
#1919=VECTOR('',#6975,1.49999999999999);
#1920=VECTOR('',#6980,1.49999999999999);
#1921=VECTOR('',#6985,1.5);
#1922=VECTOR('',#6990,1.5);
#1923=VECTOR('',#6993,10.);
#1924=VECTOR('',#6994,10.);
#1925=VECTOR('',#6995,10.);
#1926=VECTOR('',#6996,10.);
#1927=VECTOR('',#7001,10.);
#1928=VECTOR('',#7004,10.);
#1929=VECTOR('',#7007,10.);
#1930=VECTOR('',#7010,10.);
#1931=VECTOR('',#7011,10.);
#1932=VECTOR('',#7014,10.);
#1933=VECTOR('',#7017,10.);
#1934=VECTOR('',#7020,10.);
#1935=VECTOR('',#7031,10.);
#1936=VECTOR('',#7034,10.);
#1937=VECTOR('',#7037,10.);
#1938=VECTOR('',#7046,10.);
#1939=VECTOR('',#7053,10.);
#1940=VECTOR('',#7056,10.);
#1941=VECTOR('',#7059,10.);
#1942=VECTOR('',#7080,10.);
#1943=VECTOR('',#7083,10.);
#1944=VECTOR('',#7086,10.);
#1945=VECTOR('',#7099,10.);
#1946=VECTOR('',#7102,10.);
#1947=VECTOR('',#7105,10.);
#1948=VECTOR('',#7118,10.);
#1949=VECTOR('',#7121,10.);
#1950=VECTOR('',#7124,10.);
#1951=VECTOR('',#7137,10.);
#1952=VECTOR('',#7140,10.);
#1953=VECTOR('',#7143,10.);
#1954=VECTOR('',#7152,10.);
#1955=VECTOR('',#7155,10.);
#1956=VECTOR('',#7158,10.);
#1957=VECTOR('',#7169,10.);
#1958=VECTOR('',#7178,10.);
#1959=VECTOR('',#7181,10.);
#1960=VECTOR('',#7184,10.);
#1961=VECTOR('',#7193,10.);
#1962=VECTOR('',#7194,10.);
#1963=VECTOR('',#7195,10.);
#1964=VECTOR('',#7198,10.);
#1965=VECTOR('',#7203,10.);
#1966=VECTOR('',#7204,10.);
#1967=VECTOR('',#7207,10.);
#1968=VECTOR('',#7214,10.);
#1969=VECTOR('',#7215,10.);
#1970=VECTOR('',#7218,10.);
#1971=VECTOR('',#7219,10.);
#1972=VECTOR('',#7220,10.);
#1973=VECTOR('',#7221,10.);
#1974=VECTOR('',#7226,10.);
#1975=VECTOR('',#7231,10.);
#1976=VECTOR('',#7238,10.);
#1977=VECTOR('',#7241,10.);
#1978=VECTOR('',#7246,10.);
#1979=VECTOR('',#7247,10.);
#1980=VECTOR('',#7248,10.);
#1981=VECTOR('',#7253,10.);
#1982=VECTOR('',#7258,10.);
#1983=VECTOR('',#7259,10.);
#1984=VECTOR('',#7260,10.);
#1985=VECTOR('',#7265,10.);
#1986=VECTOR('',#7270,10.);
#1987=VECTOR('',#7271,10.);
#1988=VECTOR('',#7272,10.);
#1989=VECTOR('',#7277,10.);
#1990=VECTOR('',#7282,10.);
#1991=VECTOR('',#7283,10.);
#1992=VECTOR('',#7284,10.);
#1993=VECTOR('',#7287,10.);
#1994=VECTOR('',#7292,10.);
#1995=VECTOR('',#7293,10.);
#1996=VECTOR('',#7296,10.);
#1997=VECTOR('',#7301,10.);
#1998=VECTOR('',#7302,10.);
#1999=VECTOR('',#7305,10.);
#2000=VECTOR('',#7308,10.);
#2001=VECTOR('',#7311,10.);
#2002=VECTOR('',#7312,10.);
#2003=VECTOR('',#7317,10.);
#2004=VECTOR('',#7320,10.);
#2005=VECTOR('',#7321,10.);
#2006=VECTOR('',#7326,10.);
#2007=VECTOR('',#7329,10.);
#2008=VECTOR('',#7330,10.);
#2009=VECTOR('',#7335,10.);
#2010=VECTOR('',#7338,10.);
#2011=VECTOR('',#7341,10.);
#2012=VECTOR('',#7344,100.);
#2013=VECTOR('',#7349,10.);
#2014=VECTOR('',#7350,100.);
#2015=VECTOR('',#7351,10.);
#2016=VECTOR('',#7354,10.);
#2017=VECTOR('',#7363,10.);
#2018=VECTOR('',#7368,10.);
#2019=VECTOR('',#7369,10.);
#2020=VECTOR('',#7370,10.);
#2021=VECTOR('',#7375,10.);
#2022=VECTOR('',#7380,10.);
#2023=VECTOR('',#7381,10.);
#2024=VECTOR('',#7382,10.);
#2025=VECTOR('',#7387,10.);
#2026=VECTOR('',#7392,10.);
#2027=VECTOR('',#7393,10.);
#2028=VECTOR('',#7394,10.);
#2029=VECTOR('',#7395,10.);
#2030=VECTOR('',#7404,10.);
#2031=VECTOR('',#7405,10.);
#2032=VECTOR('',#7406,10.);
#2033=VECTOR('',#7409,10.);
#2034=VECTOR('',#7412,10.);
#2035=VECTOR('',#7417,10.);
#2036=VECTOR('',#7418,10.);
#2037=VECTOR('',#7419,10.);
#2038=VECTOR('',#7422,10.);
#2039=VECTOR('',#7435,10.);
#2040=VECTOR('',#7436,10.);
#2041=VECTOR('',#7439,10.);
#2042=VECTOR('',#7440,10.);
#2043=VECTOR('',#7445,10.);
#2044=VECTOR('',#7448,10.);
#2045=VECTOR('',#7449,10.);
#2046=VECTOR('',#7454,10.);
#2047=VECTOR('',#7457,10.);
#2048=VECTOR('',#7458,10.);
#2049=VECTOR('',#7463,10.);
#2050=VECTOR('',#7466,10.);
#2051=VECTOR('',#7471,10.);
#2052=VECTOR('',#7474,10.);
#2053=VECTOR('',#7479,10.);
#2054=VECTOR('',#7482,10.);
#2055=VECTOR('',#7487,10.);
#2056=VECTOR('',#7490,10.);
#2057=VECTOR('',#7495,10.);
#2058=VECTOR('',#7498,10.);
#2059=VECTOR('',#7525,10.);
#2060=VECTOR('',#7526,10.);
#2061=VECTOR('',#7527,10.);
#2062=VECTOR('',#7530,10.);
#2063=VECTOR('',#7531,10.);
#2064=VECTOR('',#7532,10.);
#2065=VECTOR('',#7533,10.);
#2066=VECTOR('',#7538,10.);
#2067=VECTOR('',#7545,10.);
#2068=VECTOR('',#7546,10.);
#2069=VECTOR('',#7549,10.);
#2070=VECTOR('',#7550,10.);
#2071=VECTOR('',#7555,10.);
#2072=VECTOR('',#7560,10.);
#2073=VECTOR('',#7565,10.);
#2074=VECTOR('',#7570,10.);
#2075=VECTOR('',#7575,10.);
#2076=VECTOR('',#7578,10.);
#2077=VECTOR('',#7579,10.);
#2078=VECTOR('',#7584,10.);
#2079=VECTOR('',#7589,10.);
#2080=VECTOR('',#7590,10.);
#2081=VECTOR('',#7593,10.);
#2082=VECTOR('',#7594,10.);
#2083=VECTOR('',#7599,10.);
#2084=VECTOR('',#7604,10.);
#2085=VECTOR('',#7609,10.);
#2086=VECTOR('',#7614,10.);
#2087=VECTOR('',#7619,10.);
#2088=VECTOR('',#7622,10.);
#2089=VECTOR('',#7623,10.);
#2090=VECTOR('',#7628,10.);
#2091=VECTOR('',#7631,10.);
#2092=VECTOR('',#7632,10.);
#2093=VECTOR('',#7633,10.);
#2094=VECTOR('',#7634,10.);
#2095=VECTOR('',#7639,10.);
#2096=VECTOR('',#7642,10.);
#2097=VECTOR('',#7643,10.);
#2098=VECTOR('',#7648,10.);
#2099=VECTOR('',#7653,10.);
#2100=VECTOR('',#7654,10.);
#2101=VECTOR('',#7657,10.);
#2102=VECTOR('',#7658,10.);
#2103=VECTOR('',#7663,10.);
#2104=VECTOR('',#7668,10.);
#2105=VECTOR('',#7673,10.);
#2106=VECTOR('',#7678,10.);
#2107=VECTOR('',#7683,10.);
#2108=VECTOR('',#7686,10.);
#2109=VECTOR('',#7687,10.);
#2110=VECTOR('',#7692,10.);
#2111=VECTOR('',#7697,10.);
#2112=VECTOR('',#7698,10.);
#2113=VECTOR('',#7701,10.);
#2114=VECTOR('',#7702,10.);
#2115=VECTOR('',#7707,10.);
#2116=VECTOR('',#7712,10.);
#2117=VECTOR('',#7717,10.);
#2118=VECTOR('',#7722,10.);
#2119=VECTOR('',#7727,10.);
#2120=VECTOR('',#7730,10.);
#2121=VECTOR('',#7731,10.);
#2122=VECTOR('',#7736,10.);
#2123=VECTOR('',#7741,10.);
#2124=VECTOR('',#7742,10.);
#2125=VECTOR('',#7745,10.);
#2126=VECTOR('',#7746,10.);
#2127=VECTOR('',#7751,10.);
#2128=VECTOR('',#7756,10.);
#2129=VECTOR('',#7761,10.);
#2130=VECTOR('',#7766,10.);
#2131=VECTOR('',#7771,10.);
#2132=VECTOR('',#7774,10.);
#2133=VECTOR('',#7775,10.);
#2134=VECTOR('',#7780,10.);
#2135=VECTOR('',#7785,10.);
#2136=VECTOR('',#7786,10.);
#2137=VECTOR('',#7789,10.);
#2138=VECTOR('',#7790,10.);
#2139=VECTOR('',#7795,10.);
#2140=VECTOR('',#7800,10.);
#2141=VECTOR('',#7805,10.);
#2142=VECTOR('',#7810,10.);
#2143=VECTOR('',#7815,10.);
#2144=VECTOR('',#7818,10.);
#2145=VECTOR('',#7819,10.);
#2146=VECTOR('',#7824,10.);
#2147=VECTOR('',#7827,10.);
#2148=VECTOR('',#7828,10.);
#2149=VECTOR('',#7829,10.);
#2150=VECTOR('',#7830,10.);
#2151=VECTOR('',#7831,10.);
#2152=VECTOR('',#7832,10.);
#2153=VECTOR('',#7837,10.);
#2154=VECTOR('',#7840,10.);
#2155=VECTOR('',#7841,10.);
#2156=VECTOR('',#7846,10.);
#2157=VECTOR('',#7851,10.);
#2158=VECTOR('',#7852,10.);
#2159=VECTOR('',#7855,10.);
#2160=VECTOR('',#7856,10.);
#2161=VECTOR('',#7861,10.);
#2162=VECTOR('',#7866,10.);
#2163=VECTOR('',#7871,10.);
#2164=VECTOR('',#7876,10.);
#2165=VECTOR('',#7881,10.);
#2166=VECTOR('',#7884,10.);
#2167=VECTOR('',#7885,10.);
#2168=VECTOR('',#7890,10.);
#2169=VECTOR('',#7895,10.);
#2170=VECTOR('',#7896,10.);
#2171=VECTOR('',#7899,10.);
#2172=VECTOR('',#7900,10.);
#2173=VECTOR('',#7905,10.);
#2174=VECTOR('',#7910,10.);
#2175=VECTOR('',#7915,10.);
#2176=VECTOR('',#7920,10.);
#2177=VECTOR('',#7925,10.);
#2178=VECTOR('',#7928,10.);
#2179=VECTOR('',#7929,10.);
#2180=VECTOR('',#7934,10.);
#2181=VECTOR('',#7937,10.);
#2182=VECTOR('',#7938,10.);
#2183=VECTOR('',#7939,10.);
#2184=VECTOR('',#7940,10.);
#2185=VECTOR('',#7945,10.);
#2186=VECTOR('',#7950,10.);
#2187=VECTOR('',#7951,10.);
#2188=VECTOR('',#7952,10.);
#2189=VECTOR('',#7957,10.);
#2190=VECTOR('',#7962,10.);
#2191=VECTOR('',#7969,10.);
#2192=VECTOR('',#7972,10.);
#2193=VECTOR('',#7975,10.);
#2194=VECTOR('',#7980,10.);
#2195=VECTOR('',#7981,10.);
#2196=VECTOR('',#7982,10.);
#2197=VECTOR('',#7985,10.);
#2198=VECTOR('',#7994,10.);
#2199=VECTOR('',#7995,10.);
#2200=VECTOR('',#7998,10.);
#2201=VECTOR('',#7999,10.);
#2202=VECTOR('',#8004,10.);
#2203=VECTOR('',#8007,10.);
#2204=VECTOR('',#8008,10.);
#2205=VECTOR('',#8009,10.);
#2206=VECTOR('',#8014,10.);
#2207=VECTOR('',#8015,10.);
#2208=VECTOR('',#8018,10.);
#2209=VECTOR('',#8025,10.);
#2210=VECTOR('',#8028,10.);
#2211=VECTOR('',#8031,10.);
#2212=VECTOR('',#8032,10.);
#2213=VECTOR('',#8037,10.);
#2214=VECTOR('',#8042,10.);
#2215=VECTOR('',#8043,10.);
#2216=VECTOR('',#8044,10.);
#2217=VECTOR('',#8047,10.);
#2218=VECTOR('',#8054,10.);
#2219=VECTOR('',#8057,10.);
#2220=VECTOR('',#8058,10.);
#2221=VECTOR('',#8061,10.);
#2222=VECTOR('',#8068,10.);
#2223=VECTOR('',#8073,10.);
#2224=VECTOR('',#8078,10.);
#2225=VECTOR('',#8079,10.);
#2226=VECTOR('',#8080,10.);
#2227=VECTOR('',#8083,10.);
#2228=VECTOR('',#8084,10.);
#2229=VECTOR('',#8085,10.);
#2230=VECTOR('',#8086,10.);
#2231=VECTOR('',#8093,10.);
#2232=VECTOR('',#8098,2.52500000000001);
#2233=VECTOR('',#8101,10.);
#2234=VECTOR('',#8102,10.);
#2235=VECTOR('',#8107,10.);
#2236=VECTOR('',#8108,10.);
#2237=VECTOR('',#8111,10.);
#2238=VECTOR('',#8116,10.);
#2239=VECTOR('',#8117,10.);
#2240=VECTOR('',#8120,10.);
#2241=VECTOR('',#8125,10.);
#2242=VECTOR('',#8126,10.);
#2243=VECTOR('',#8129,10.);
#2244=VECTOR('',#8134,10.);
#2245=VECTOR('',#8139,10.);
#2246=VECTOR('',#8140,10.);
#2247=VECTOR('',#8143,10.);
#2248=VECTOR('',#8144,10.);
#2249=VECTOR('',#8149,10.);
#2250=VECTOR('',#8152,10.);
#2251=VECTOR('',#8157,10.);
#2252=VECTOR('',#8158,10.);
#2253=VECTOR('',#8161,10.);
#2254=VECTOR('',#8162,10.);
#2255=VECTOR('',#8167,10.);
#2256=VECTOR('',#8170,10.);
#2257=VECTOR('',#8175,10.);
#2258=VECTOR('',#8176,10.);
#2259=VECTOR('',#8179,10.);
#2260=VECTOR('',#8180,10.);
#2261=VECTOR('',#8185,10.);
#2262=VECTOR('',#8188,10.);
#2263=VECTOR('',#8193,10.);
#2264=VECTOR('',#8194,10.);
#2265=VECTOR('',#8197,10.);
#2266=VECTOR('',#8198,10.);
#2267=VECTOR('',#8203,10.);
#2268=VECTOR('',#8206,10.);
#2269=VECTOR('',#8211,2.525);
#2270=VECTOR('',#8216,2.52500000000001);
#2271=VECTOR('',#8221,2.525);
#2272=VECTOR('',#8226,2.52499999999998);
#2273=VECTOR('',#8231,2.525);
#2274=VECTOR('',#8236,2.525);
#2275=VECTOR('',#8243,10.);
#2276=VECTOR('',#8246,10.);
#2277=VECTOR('',#8249,10.);
#2278=VECTOR('',#8254,10.);
#2279=VECTOR('',#8257,10.);
#2280=VECTOR('',#8258,10.);
#2281=VECTOR('',#8261,10.);
#2282=VECTOR('',#8262,10.);
#2283=VECTOR('',#8263,10.);
#2284=VECTOR('',#8268,10.);
#2285=VECTOR('',#8271,10.);
#2286=VECTOR('',#8272,10.);
#2287=VECTOR('',#8275,10.);
#2288=VECTOR('',#8280,10.);
#2289=VECTOR('',#8281,10.);
#2290=VECTOR('',#8284,10.);
#2291=VECTOR('',#8289,10.);
#2292=VECTOR('',#8290,10.);
#2293=VECTOR('',#8295,10.);
#2294=VECTOR('',#8298,10.);
#2295=VECTOR('',#8305,10.);
#2296=VECTOR('',#8308,10.);
#2297=VECTOR('',#8315,10.);
#2298=VECTOR('',#8318,10.);
#2299=VECTOR('',#8319,10.);
#2300=VECTOR('',#8322,10.);
#2301=VECTOR('',#8327,10.);
#2302=VECTOR('',#8328,10.);
#2303=VECTOR('',#8331,10.);
#2304=VECTOR('',#8336,10.);
#2305=VECTOR('',#8337,10.);
#2306=VECTOR('',#8342,10.);
#2307=VECTOR('',#8347,10.);
#2308=VECTOR('',#8352,10.);
#2309=VECTOR('',#8357,10.);
#2310=VECTOR('',#8362,10.);
#2311=VECTOR('',#8365,10.);
#2312=VECTOR('',#8366,10.);
#2313=VECTOR('',#8369,10.);
#2314=VECTOR('',#8374,10.);
#2315=VECTOR('',#8375,10.);
#2316=VECTOR('',#8378,10.);
#2317=VECTOR('',#8383,10.);
#2318=VECTOR('',#8384,10.);
#2319=VECTOR('',#8387,10.);
#2320=VECTOR('',#8392,10.);
#2321=VECTOR('',#8393,10.);
#2322=VECTOR('',#8396,10.);
#2323=VECTOR('',#8401,10.);
#2324=VECTOR('',#8402,10.);
#2325=VECTOR('',#8407,10.);
#2326=VECTOR('',#8410,10.);
#2327=VECTOR('',#8417,10.);
#2328=VECTOR('',#8420,10.);
#2329=VECTOR('',#8427,10.);
#2330=VECTOR('',#8430,10.);
#2331=VECTOR('',#8431,10.);
#2332=VECTOR('',#8434,10.);
#2333=VECTOR('',#8439,10.);
#2334=VECTOR('',#8440,10.);
#2335=VECTOR('',#8443,10.);
#2336=VECTOR('',#8448,10.);
#2337=VECTOR('',#8449,10.);
#2338=VECTOR('',#8454,10.);
#2339=VECTOR('',#8457,10.);
#2340=VECTOR('',#8464,10.);
#2341=VECTOR('',#8467,10.);
#2342=VECTOR('',#8474,10.);
#2343=VECTOR('',#8477,10.);
#2344=VECTOR('',#8478,10.);
#2345=VECTOR('',#8481,10.);
#2346=VECTOR('',#8486,10.);
#2347=VECTOR('',#8487,10.);
#2348=VECTOR('',#8490,10.);
#2349=VECTOR('',#8495,10.);
#2350=VECTOR('',#8496,10.);
#2351=VECTOR('',#8501,10.);
#2352=VECTOR('',#8504,10.);
#2353=VECTOR('',#8511,10.);
#2354=VECTOR('',#8514,10.);
#2355=VECTOR('',#8521,10.);
#2356=VECTOR('',#8524,10.);
#2357=VECTOR('',#8525,10.);
#2358=VECTOR('',#8528,10.);
#2359=VECTOR('',#8533,10.);
#2360=VECTOR('',#8534,10.);
#2361=VECTOR('',#8537,10.);
#2362=VECTOR('',#8542,10.);
#2363=VECTOR('',#8543,10.);
#2364=VECTOR('',#8548,10.);
#2365=VECTOR('',#8551,10.);
#2366=VECTOR('',#8558,10.);
#2367=VECTOR('',#8561,10.);
#2368=VECTOR('',#8568,10.);
#2369=VECTOR('',#8571,10.);
#2370=VECTOR('',#8572,10.);
#2371=VECTOR('',#8575,10.);
#2372=VECTOR('',#8580,10.);
#2373=VECTOR('',#8581,10.);
#2374=VECTOR('',#8584,10.);
#2375=VECTOR('',#8589,10.);
#2376=VECTOR('',#8590,10.);
#2377=VECTOR('',#8593,10.);
#2378=VECTOR('',#8598,10.);
#2379=VECTOR('',#8599,10.);
#2380=VECTOR('',#8602,10.);
#2381=VECTOR('',#8607,10.);
#2382=VECTOR('',#8608,10.);
#2383=VECTOR('',#8613,10.);
#2384=VECTOR('',#8616,10.);
#2385=VECTOR('',#8623,10.);
#2386=VECTOR('',#8626,10.);
#2387=VECTOR('',#8633,10.);
#2388=VECTOR('',#8636,10.);
#2389=VECTOR('',#8637,10.);
#2390=VECTOR('',#8640,10.);
#2391=VECTOR('',#8645,10.);
#2392=VECTOR('',#8646,10.);
#2393=VECTOR('',#8649,10.);
#2394=VECTOR('',#8654,10.);
#2395=VECTOR('',#8655,10.);
#2396=VECTOR('',#8660,10.);
#2397=VECTOR('',#8663,10.);
#2398=VECTOR('',#8670,10.);
#2399=VECTOR('',#8673,10.);
#2400=VECTOR('',#8680,10.);
#2401=VECTOR('',#8683,10.);
#2402=VECTOR('',#8684,10.);
#2403=VECTOR('',#8687,10.);
#2404=VECTOR('',#8692,10.);
#2405=VECTOR('',#8693,10.);
#2406=VECTOR('',#8696,10.);
#2407=VECTOR('',#8701,10.);
#2408=VECTOR('',#8702,10.);
#2409=VECTOR('',#8709,10.);
#2410=VECTOR('',#8710,10.);
#2411=VECTOR('',#8711,10.);
#2412=VECTOR('',#8714,10.);
#2413=VECTOR('',#8715,10.);
#2414=VECTOR('',#8718,10.);
#2415=VECTOR('',#8719,10.);
#2416=VECTOR('',#8720,10.);
#2417=VECTOR('',#8723,10.);
#2418=VECTOR('',#8726,10.);
#2419=VECTOR('',#8727,10.);
#2420=VECTOR('',#8730,10.);
#2421=VECTOR('',#8735,10.);
#2422=VECTOR('',#8738,10.);
#2423=VECTOR('',#8743,10.);
#2424=VECTOR('',#8748,10.);
#2425=VECTOR('',#8751,10.);
#2426=VECTOR('',#8752,10.);
#2427=VECTOR('',#8755,10.);
#2428=VECTOR('',#8760,10.);
#2429=VECTOR('',#8761,10.);
#2430=VECTOR('',#8764,10.);
#2431=VECTOR('',#8767,10.);
#2432=VECTOR('',#8772,10.);
#2433=VECTOR('',#8775,10.);
#2434=VECTOR('',#8778,10.);
#2435=VECTOR('',#8781,10.);
#2436=VECTOR('',#8782,10.);
#2437=VECTOR('',#8783,10.);
#2438=VECTOR('',#8790,10.);
#2439=VECTOR('',#8791,10.);
#2440=VECTOR('',#8796,10.);
#2441=VECTOR('',#8803,10.);
#2442=VECTOR('',#8806,10.);
#2443=VECTOR('',#8807,10.);
#2444=VECTOR('',#8812,10.);
#2445=VECTOR('',#8815,10.);
#2446=VERTEX_POINT('',#8826);
#2447=VERTEX_POINT('',#8827);
#2448=VERTEX_POINT('',#8829);
#2449=VERTEX_POINT('',#8831);
#2450=VERTEX_POINT('',#8835);
#2451=VERTEX_POINT('',#8837);
#2452=VERTEX_POINT('',#8841);
#2453=VERTEX_POINT('',#8843);
#2454=VERTEX_POINT('',#8851);
#2455=VERTEX_POINT('',#8852);
#2456=VERTEX_POINT('',#8854);
#2457=VERTEX_POINT('',#8856);
#2458=VERTEX_POINT('',#8860);
#2459=VERTEX_POINT('',#8863);
#2460=VERTEX_POINT('',#8866);
#2461=VERTEX_POINT('',#8869);
#2462=VERTEX_POINT('',#8872);
#2463=VERTEX_POINT('',#8875);
#2464=VERTEX_POINT('',#8878);
#2465=VERTEX_POINT('',#8881);
#2466=VERTEX_POINT('',#8884);
#2467=VERTEX_POINT('',#8887);
#2468=VERTEX_POINT('',#8890);
#2469=VERTEX_POINT('',#8894);
#2470=VERTEX_POINT('',#8898);
#2471=VERTEX_POINT('',#8902);
#2472=VERTEX_POINT('',#8906);
#2473=VERTEX_POINT('',#8910);
#2474=VERTEX_POINT('',#8914);
#2475=VERTEX_POINT('',#8918);
#2476=VERTEX_POINT('',#8922);
#2477=VERTEX_POINT('',#8926);
#2478=VERTEX_POINT('',#8930);
#2479=VERTEX_POINT('',#8931);
#2480=VERTEX_POINT('',#8933);
#2481=VERTEX_POINT('',#8935);
#2482=VERTEX_POINT('',#8939);
#2483=VERTEX_POINT('',#8940);
#2484=VERTEX_POINT('',#8942);
#2485=VERTEX_POINT('',#8944);
#2486=VERTEX_POINT('',#8946);
#2487=VERTEX_POINT('',#8948);
#2488=VERTEX_POINT('',#8950);
#2489=VERTEX_POINT('',#8952);
#2490=VERTEX_POINT('',#8955);
#2491=VERTEX_POINT('',#8956);
#2492=VERTEX_POINT('',#8958);
#2493=VERTEX_POINT('',#8960);
#2494=VERTEX_POINT('',#8962);
#2495=VERTEX_POINT('',#8964);
#2496=VERTEX_POINT('',#8966);
#2497=VERTEX_POINT('',#8968);
#2498=VERTEX_POINT('',#8972);
#2499=VERTEX_POINT('',#8973);
#2500=VERTEX_POINT('',#8975);
#2501=VERTEX_POINT('',#8977);
#2502=VERTEX_POINT('',#8979);
#2503=VERTEX_POINT('',#8981);
#2504=VERTEX_POINT('',#8983);
#2505=VERTEX_POINT('',#8985);
#2506=VERTEX_POINT('',#8987);
#2507=VERTEX_POINT('',#8989);
#2508=VERTEX_POINT('',#8993);
#2509=VERTEX_POINT('',#8995);
#2510=VERTEX_POINT('',#8999);
#2511=VERTEX_POINT('',#9000);
#2512=VERTEX_POINT('',#9002);
#2513=VERTEX_POINT('',#9004);
#2514=VERTEX_POINT('',#9006);
#2515=VERTEX_POINT('',#9008);
#2516=VERTEX_POINT('',#9010);
#2517=VERTEX_POINT('',#9012);
#2518=VERTEX_POINT('',#9014);
#2519=VERTEX_POINT('',#9016);
#2520=VERTEX_POINT('',#9020);
#2521=VERTEX_POINT('',#9021);
#2522=VERTEX_POINT('',#9023);
#2523=VERTEX_POINT('',#9025);
#2524=VERTEX_POINT('',#9027);
#2525=VERTEX_POINT('',#9029);
#2526=VERTEX_POINT('',#9031);
#2527=VERTEX_POINT('',#9033);
#2528=VERTEX_POINT('',#9035);
#2529=VERTEX_POINT('',#9037);
#2530=VERTEX_POINT('',#9041);
#2531=VERTEX_POINT('',#9042);
#2532=VERTEX_POINT('',#9044);
#2533=VERTEX_POINT('',#9046);
#2534=VERTEX_POINT('',#9048);
#2535=VERTEX_POINT('',#9050);
#2536=VERTEX_POINT('',#9052);
#2537=VERTEX_POINT('',#9054);
#2538=VERTEX_POINT('',#9056);
#2539=VERTEX_POINT('',#9058);
#2540=VERTEX_POINT('',#9062);
#2541=VERTEX_POINT('',#9063);
#2542=VERTEX_POINT('',#9065);
#2543=VERTEX_POINT('',#9067);
#2544=VERTEX_POINT('',#9069);
#2545=VERTEX_POINT('',#9071);
#2546=VERTEX_POINT('',#9073);
#2547=VERTEX_POINT('',#9075);
#2548=VERTEX_POINT('',#9077);
#2549=VERTEX_POINT('',#9079);
#2550=VERTEX_POINT('',#9083);
#2551=VERTEX_POINT('',#9084);
#2552=VERTEX_POINT('',#9086);
#2553=VERTEX_POINT('',#9088);
#2554=VERTEX_POINT('',#9090);
#2555=VERTEX_POINT('',#9092);
#2556=VERTEX_POINT('',#9094);
#2557=VERTEX_POINT('',#9096);
#2558=VERTEX_POINT('',#9098);
#2559=VERTEX_POINT('',#9100);
#2560=VERTEX_POINT('',#9104);
#2561=VERTEX_POINT('',#9105);
#2562=VERTEX_POINT('',#9107);
#2563=VERTEX_POINT('',#9109);
#2564=VERTEX_POINT('',#9111);
#2565=VERTEX_POINT('',#9113);
#2566=VERTEX_POINT('',#9115);
#2567=VERTEX_POINT('',#9117);
#2568=VERTEX_POINT('',#9119);
#2569=VERTEX_POINT('',#9121);
#2570=VERTEX_POINT('',#9125);
#2571=VERTEX_POINT('',#9127);
#2572=VERTEX_POINT('',#9131);
#2573=VERTEX_POINT('',#9132);
#2574=VERTEX_POINT('',#9134);
#2575=VERTEX_POINT('',#9136);
#2576=VERTEX_POINT('',#9138);
#2577=VERTEX_POINT('',#9140);
#2578=VERTEX_POINT('',#9142);
#2579=VERTEX_POINT('',#9144);
#2580=VERTEX_POINT('',#9146);
#2581=VERTEX_POINT('',#9148);
#2582=VERTEX_POINT('',#9152);
#2583=VERTEX_POINT('',#9153);
#2584=VERTEX_POINT('',#9155);
#2585=VERTEX_POINT('',#9160);
#2586=VERTEX_POINT('',#9164);
#2587=VERTEX_POINT('',#9168);
#2588=VERTEX_POINT('',#9172);
#2589=VERTEX_POINT('',#9173);
#2590=VERTEX_POINT('',#9178);
#2591=VERTEX_POINT('',#9179);
#2592=VERTEX_POINT('',#9181);
#2593=VERTEX_POINT('',#9183);
#2594=VERTEX_POINT('',#9187);
#2595=VERTEX_POINT('',#9189);
#2596=VERTEX_POINT('',#9193);
#2597=VERTEX_POINT('',#9194);
#2598=VERTEX_POINT('',#9199);
#2599=VERTEX_POINT('',#9200);
#2600=VERTEX_POINT('',#9202);
#2601=VERTEX_POINT('',#9204);
#2602=VERTEX_POINT('',#9208);
#2603=VERTEX_POINT('',#9210);
#2604=VERTEX_POINT('',#9214);
#2605=VERTEX_POINT('',#9216);
#2606=VERTEX_POINT('',#9220);
#2607=VERTEX_POINT('',#9222);
#2608=VERTEX_POINT('',#9226);
#2609=VERTEX_POINT('',#9228);
#2610=VERTEX_POINT('',#9232);
#2611=VERTEX_POINT('',#9234);
#2612=VERTEX_POINT('',#9238);
#2613=VERTEX_POINT('',#9240);
#2614=VERTEX_POINT('',#9244);
#2615=VERTEX_POINT('',#9249);
#2616=VERTEX_POINT('',#9253);
#2617=VERTEX_POINT('',#9257);
#2618=VERTEX_POINT('',#9264);
#2619=VERTEX_POINT('',#9266);
#2620=VERTEX_POINT('',#9270);
#2621=VERTEX_POINT('',#9274);
#2622=VERTEX_POINT('',#9278);
#2623=VERTEX_POINT('',#9282);
#2624=VERTEX_POINT('',#9286);
#2625=VERTEX_POINT('',#9290);
#2626=VERTEX_POINT('',#9296);
#2627=VERTEX_POINT('',#9297);
#2628=VERTEX_POINT('',#9299);
#2629=VERTEX_POINT('',#9301);
#2630=VERTEX_POINT('',#9305);
#2631=VERTEX_POINT('',#9307);
#2632=VERTEX_POINT('',#9311);
#2633=VERTEX_POINT('',#9312);
#2634=VERTEX_POINT('',#9317);
#2635=VERTEX_POINT('',#9319);
#2636=VERTEX_POINT('',#9323);
#2637=VERTEX_POINT('',#9325);
#2638=VERTEX_POINT('',#9329);
#2639=VERTEX_POINT('',#9331);
#2640=VERTEX_POINT('',#9335);
#2641=VERTEX_POINT('',#9337);
#2642=VERTEX_POINT('',#9341);
#2643=VERTEX_POINT('',#9343);
#2644=VERTEX_POINT('',#9347);
#2645=VERTEX_POINT('',#9348);
#2646=VERTEX_POINT('',#9350);
#2647=VERTEX_POINT('',#9352);
#2648=VERTEX_POINT('',#9359);
#2649=VERTEX_POINT('',#9361);
#2650=VERTEX_POINT('',#9365);
#2651=VERTEX_POINT('',#9366);
#2652=VERTEX_POINT('',#9368);
#2653=VERTEX_POINT('',#9370);
#2654=VERTEX_POINT('',#9374);
#2655=VERTEX_POINT('',#9376);
#2656=VERTEX_POINT('',#9380);
#2657=VERTEX_POINT('',#9381);
#2658=VERTEX_POINT('',#9386);
#2659=VERTEX_POINT('',#9389);
#2660=VERTEX_POINT('',#9390);
#2661=VERTEX_POINT('',#9395);
#2662=VERTEX_POINT('',#9399);
#2663=VERTEX_POINT('',#9403);
#2664=VERTEX_POINT('',#9407);
#2665=VERTEX_POINT('',#9411);
#2666=VERTEX_POINT('',#9415);
#2667=VERTEX_POINT('',#9421);
#2668=VERTEX_POINT('',#9422);
#2669=VERTEX_POINT('',#9424);
#2670=VERTEX_POINT('',#9426);
#2671=VERTEX_POINT('',#9430);
#2672=VERTEX_POINT('',#9431);
#2673=VERTEX_POINT('',#9433);
#2674=VERTEX_POINT('',#9435);
#2675=VERTEX_POINT('',#9439);
#2676=VERTEX_POINT('',#9440);
#2677=VERTEX_POINT('',#9442);
#2678=VERTEX_POINT('',#9444);
#2679=VERTEX_POINT('',#9448);
#2680=VERTEX_POINT('',#9449);
#2681=VERTEX_POINT('',#9451);
#2682=VERTEX_POINT('',#9453);
#2683=VERTEX_POINT('',#9457);
#2684=VERTEX_POINT('',#9460);
#2685=VERTEX_POINT('',#9463);
#2686=VERTEX_POINT('',#9466);
#2687=VERTEX_POINT('',#9469);
#2688=VERTEX_POINT('',#9472);
#2689=VERTEX_POINT('',#9475);
#2690=VERTEX_POINT('',#9477);
#2691=VERTEX_POINT('',#9481);
#2692=VERTEX_POINT('',#9482);
#2693=VERTEX_POINT('',#9484);
#2694=VERTEX_POINT('',#9486);
#2695=VERTEX_POINT('',#9490);
#2696=VERTEX_POINT('',#9495);
#2697=VERTEX_POINT('',#9496);
#2698=VERTEX_POINT('',#9501);
#2699=VERTEX_POINT('',#9505);
#2700=VERTEX_POINT('',#9509);
#2701=VERTEX_POINT('',#9513);
#2702=VERTEX_POINT('',#9517);
#2703=VERTEX_POINT('',#9521);
#2704=VERTEX_POINT('',#9525);
#2705=VERTEX_POINT('',#9529);
#2706=VERTEX_POINT('',#9533);
#2707=VERTEX_POINT('',#9534);
#2708=VERTEX_POINT('',#9539);
#2709=VERTEX_POINT('',#9543);
#2710=VERTEX_POINT('',#9547);
#2711=VERTEX_POINT('',#9551);
#2712=VERTEX_POINT('',#9555);
#2713=VERTEX_POINT('',#9559);
#2714=VERTEX_POINT('',#9563);
#2715=VERTEX_POINT('',#9567);
#2716=VERTEX_POINT('',#9571);
#2717=VERTEX_POINT('',#9577);
#2718=VERTEX_POINT('',#9581);
#2719=VERTEX_POINT('',#9585);
#2720=VERTEX_POINT('',#9589);
#2721=VERTEX_POINT('',#9590);
#2722=VERTEX_POINT('',#9595);
#2723=VERTEX_POINT('',#9599);
#2724=VERTEX_POINT('',#9603);
#2725=VERTEX_POINT('',#9607);
#2726=VERTEX_POINT('',#9611);
#2727=VERTEX_POINT('',#9615);
#2728=VERTEX_POINT('',#9619);
#2729=VERTEX_POINT('',#9623);
#2730=VERTEX_POINT('',#9627);
#2731=VERTEX_POINT('',#9628);
#2732=VERTEX_POINT('',#9633);
#2733=VERTEX_POINT('',#9637);
#2734=VERTEX_POINT('',#9641);
#2735=VERTEX_POINT('',#9645);
#2736=VERTEX_POINT('',#9649);
#2737=VERTEX_POINT('',#9653);
#2738=VERTEX_POINT('',#9657);
#2739=VERTEX_POINT('',#9661);
#2740=VERTEX_POINT('',#9665);
#2741=VERTEX_POINT('',#9666);
#2742=VERTEX_POINT('',#9671);
#2743=VERTEX_POINT('',#9675);
#2744=VERTEX_POINT('',#9679);
#2745=VERTEX_POINT('',#9683);
#2746=VERTEX_POINT('',#9687);
#2747=VERTEX_POINT('',#9691);
#2748=VERTEX_POINT('',#9695);
#2749=VERTEX_POINT('',#9699);
#2750=VERTEX_POINT('',#9703);
#2751=VERTEX_POINT('',#9704);
#2752=VERTEX_POINT('',#9709);
#2753=VERTEX_POINT('',#9713);
#2754=VERTEX_POINT('',#9717);
#2755=VERTEX_POINT('',#9721);
#2756=VERTEX_POINT('',#9725);
#2757=VERTEX_POINT('',#9729);
#2758=VERTEX_POINT('',#9733);
#2759=VERTEX_POINT('',#9737);
#2760=VERTEX_POINT('',#9742);
#2761=VERTEX_POINT('',#9749);
#2762=VERTEX_POINT('',#9753);
#2763=VERTEX_POINT('',#9757);
#2764=VERTEX_POINT('',#9761);
#2765=VERTEX_POINT('',#9762);
#2766=VERTEX_POINT('',#9767);
#2767=VERTEX_POINT('',#9771);
#2768=VERTEX_POINT('',#9775);
#2769=VERTEX_POINT('',#9779);
#2770=VERTEX_POINT('',#9783);
#2771=VERTEX_POINT('',#9787);
#2772=VERTEX_POINT('',#9791);
#2773=VERTEX_POINT('',#9795);
#2774=VERTEX_POINT('',#9799);
#2775=VERTEX_POINT('',#9800);
#2776=VERTEX_POINT('',#9805);
#2777=VERTEX_POINT('',#9809);
#2778=VERTEX_POINT('',#9813);
#2779=VERTEX_POINT('',#9817);
#2780=VERTEX_POINT('',#9821);
#2781=VERTEX_POINT('',#9825);
#2782=VERTEX_POINT('',#9829);
#2783=VERTEX_POINT('',#9833);
#2784=VERTEX_POINT('',#9837);
#2785=VERTEX_POINT('',#9843);
#2786=VERTEX_POINT('',#9845);
#2787=VERTEX_POINT('',#9849);
#2788=VERTEX_POINT('',#9851);
#2789=VERTEX_POINT('',#9855);
#2790=VERTEX_POINT('',#9857);
#2791=VERTEX_POINT('',#9861);
#2792=VERTEX_POINT('',#9865);
#2793=VERTEX_POINT('',#9869);
#2794=VERTEX_POINT('',#9870);
#2795=VERTEX_POINT('',#9872);
#2796=VERTEX_POINT('',#9874);
#2797=VERTEX_POINT('',#9878);
#2798=VERTEX_POINT('',#9880);
#2799=VERTEX_POINT('',#9884);
#2800=VERTEX_POINT('',#9885);
#2801=VERTEX_POINT('',#9890);
#2802=VERTEX_POINT('',#9891);
#2803=VERTEX_POINT('',#9896);
#2804=VERTEX_POINT('',#9900);
#2805=VERTEX_POINT('',#9904);
#2806=VERTEX_POINT('',#9906);
#2807=VERTEX_POINT('',#9910);
#2808=VERTEX_POINT('',#9911);
#2809=VERTEX_POINT('',#9916);
#2810=VERTEX_POINT('',#9917);
#2811=VERTEX_POINT('',#9922);
#2812=VERTEX_POINT('',#9924);
#2813=VERTEX_POINT('',#9928);
#2814=VERTEX_POINT('',#9932);
#2815=VERTEX_POINT('',#9936);
#2816=VERTEX_POINT('',#9938);
#2817=VERTEX_POINT('',#9943);
#2818=VERTEX_POINT('',#9947);
#2819=VERTEX_POINT('',#9951);
#2820=VERTEX_POINT('',#9955);
#2821=VERTEX_POINT('',#9956);
#2822=VERTEX_POINT('',#9961);
#2823=VERTEX_POINT('',#9965);
#2824=VERTEX_POINT('',#9970);
#2825=VERTEX_POINT('',#9974);
#2826=VERTEX_POINT('',#9975);
#2827=VERTEX_POINT('',#9977);
#2828=VERTEX_POINT('',#9979);
#2829=VERTEX_POINT('',#9983);
#2830=VERTEX_POINT('',#9985);
#2831=VERTEX_POINT('',#9989);
#2832=VERTEX_POINT('',#9993);
#2833=VERTEX_POINT('',#9995);
#2834=VERTEX_POINT('',#9999);
#2835=VERTEX_POINT('',#10003);
#2836=VERTEX_POINT('',#10007);
#2837=VERTEX_POINT('',#10011);
#2838=VERTEX_POINT('',#10015);
#2839=VERTEX_POINT('',#10019);
#2840=VERTEX_POINT('',#10025);
#2841=VERTEX_POINT('',#10026);
#2842=VERTEX_POINT('',#10031);
#2843=VERTEX_POINT('',#10035);
#2844=VERTEX_POINT('',#10041);
#2845=VERTEX_POINT('',#10042);
#2846=VERTEX_POINT('',#10047);
#2847=VERTEX_POINT('',#10051);
#2848=VERTEX_POINT('',#10057);
#2849=VERTEX_POINT('',#10058);
#2850=VERTEX_POINT('',#10063);
#2851=VERTEX_POINT('',#10067);
#2852=VERTEX_POINT('',#10073);
#2853=VERTEX_POINT('',#10074);
#2854=VERTEX_POINT('',#10079);
#2855=VERTEX_POINT('',#10083);
#2856=VERTEX_POINT('',#10089);
#2857=VERTEX_POINT('',#10093);
#2858=VERTEX_POINT('',#10097);
#2859=VERTEX_POINT('',#10101);
#2860=VERTEX_POINT('',#10105);
#2861=VERTEX_POINT('',#10109);
#2862=VERTEX_POINT('',#10113);
#2863=VERTEX_POINT('',#10115);
#2864=VERTEX_POINT('',#10119);
#2865=VERTEX_POINT('',#10121);
#2866=VERTEX_POINT('',#10123);
#2867=VERTEX_POINT('',#10129);
#2868=VERTEX_POINT('',#10133);
#2869=VERTEX_POINT('',#10135);
#2870=VERTEX_POINT('',#10139);
#2871=VERTEX_POINT('',#10140);
#2872=VERTEX_POINT('',#10147);
#2873=VERTEX_POINT('',#10151);
#2874=VERTEX_POINT('',#10155);
#2875=VERTEX_POINT('',#10159);
#2876=VERTEX_POINT('',#10163);
#2877=VERTEX_POINT('',#10167);
#2878=VERTEX_POINT('',#10171);
#2879=VERTEX_POINT('',#10175);
#2880=VERTEX_POINT('',#10179);
#2881=VERTEX_POINT('',#10183);
#2882=VERTEX_POINT('',#10187);
#2883=VERTEX_POINT('',#10191);
#2884=VERTEX_POINT('',#10195);
#2885=VERTEX_POINT('',#10199);
#2886=VERTEX_POINT('',#10203);
#2887=VERTEX_POINT('',#10207);
#2888=VERTEX_POINT('',#10211);
#2889=VERTEX_POINT('',#10215);
#2890=VERTEX_POINT('',#10219);
#2891=VERTEX_POINT('',#10223);
#2892=VERTEX_POINT('',#10227);
#2893=VERTEX_POINT('',#10231);
#2894=VERTEX_POINT('',#10235);
#2895=VERTEX_POINT('',#10239);
#2896=VERTEX_POINT('',#10243);
#2897=VERTEX_POINT('',#10247);
#2898=VERTEX_POINT('',#10251);
#2899=VERTEX_POINT('',#10255);
#2900=VERTEX_POINT('',#10259);
#2901=VERTEX_POINT('',#10263);
#2902=VERTEX_POINT('',#10267);
#2903=VERTEX_POINT('',#10271);
#2904=VERTEX_POINT('',#10275);
#2905=VERTEX_POINT('',#10279);
#2906=VERTEX_POINT('',#10283);
#2907=VERTEX_POINT('',#10287);
#2908=VERTEX_POINT('',#10291);
#2909=VERTEX_POINT('',#10295);
#2910=VERTEX_POINT('',#10299);
#2911=VERTEX_POINT('',#10303);
#2912=VERTEX_POINT('',#10307);
#2913=VERTEX_POINT('',#10311);
#2914=VERTEX_POINT('',#10315);
#2915=VERTEX_POINT('',#10319);
#2916=VERTEX_POINT('',#10323);
#2917=VERTEX_POINT('',#10327);
#2918=VERTEX_POINT('',#10331);
#2919=VERTEX_POINT('',#10335);
#2920=VERTEX_POINT('',#10339);
#2921=VERTEX_POINT('',#10343);
#2922=VERTEX_POINT('',#10347);
#2923=VERTEX_POINT('',#10351);
#2924=VERTEX_POINT('',#10355);
#2925=VERTEX_POINT('',#10359);
#2926=VERTEX_POINT('',#10363);
#2927=VERTEX_POINT('',#10367);
#2928=VERTEX_POINT('',#10371);
#2929=VERTEX_POINT('',#10375);
#2930=VERTEX_POINT('',#10379);
#2931=VERTEX_POINT('',#10383);
#2932=VERTEX_POINT('',#10387);
#2933=VERTEX_POINT('',#10391);
#2934=VERTEX_POINT('',#10395);
#2935=VERTEX_POINT('',#10399);
#2936=VERTEX_POINT('',#10403);
#2937=VERTEX_POINT('',#10407);
#2938=VERTEX_POINT('',#10411);
#2939=VERTEX_POINT('',#10415);
#2940=VERTEX_POINT('',#10419);
#2941=VERTEX_POINT('',#10423);
#2942=VERTEX_POINT('',#10427);
#2943=VERTEX_POINT('',#10431);
#2944=VERTEX_POINT('',#10435);
#2945=VERTEX_POINT('',#10439);
#2946=VERTEX_POINT('',#10443);
#2947=VERTEX_POINT('',#10447);
#2948=VERTEX_POINT('',#10451);
#2949=VERTEX_POINT('',#10455);
#2950=VERTEX_POINT('',#10459);
#2951=VERTEX_POINT('',#10463);
#2952=VERTEX_POINT('',#10467);
#2953=VERTEX_POINT('',#10471);
#2954=VERTEX_POINT('',#10475);
#2955=VERTEX_POINT('',#10479);
#2956=VERTEX_POINT('',#10483);
#2957=VERTEX_POINT('',#10487);
#2958=VERTEX_POINT('',#10491);
#2959=VERTEX_POINT('',#10495);
#2960=VERTEX_POINT('',#10499);
#2961=VERTEX_POINT('',#10503);
#2962=VERTEX_POINT('',#10507);
#2963=VERTEX_POINT('',#10511);
#2964=VERTEX_POINT('',#10515);
#2965=VERTEX_POINT('',#10519);
#2966=VERTEX_POINT('',#10525);
#2967=VERTEX_POINT('',#10530);
#2968=VERTEX_POINT('',#10534);
#2969=VERTEX_POINT('',#10541);
#2970=VERTEX_POINT('',#10545);
#2971=VERTEX_POINT('',#10551);
#2972=VERTEX_POINT('',#10555);
#2973=VERTEX_POINT('',#10561);
#2974=VERTEX_POINT('',#10565);
#2975=VERTEX_POINT('',#10569);
#2976=VERTEX_POINT('',#10573);
#2977=VERTEX_POINT('',#10575);
#2978=VERTEX_POINT('',#10579);
#2979=VERTEX_POINT('',#10587);
#2980=VERTEX_POINT('',#10594);
#2981=VERTEX_POINT('',#10599);
#2982=VERTEX_POINT('',#10603);
#2983=VERTEX_POINT('',#10608);
#2984=EDGE_CURVE('',#2446,#2447,#1360,.T.);
#2985=EDGE_CURVE('',#2446,#2448,#1361,.T.);
#2986=EDGE_CURVE('',#2448,#2449,#1362,.F.);
#2987=EDGE_CURVE('',#2447,#2449,#1363,.T.);
#2988=EDGE_CURVE('',#2450,#2446,#147,.T.);
#2989=EDGE_CURVE('',#2450,#2451,#1364,.T.);
#2990=EDGE_CURVE('',#2451,#2448,#148,.F.);
#2991=EDGE_CURVE('',#2452,#2450,#1365,.T.);
#2992=EDGE_CURVE('',#2452,#2453,#1366,.T.);
#2993=EDGE_CURVE('',#2453,#2451,#1367,.F.);
#2994=EDGE_CURVE('',#2447,#2452,#149,.T.);
#2995=EDGE_CURVE('',#2449,#2453,#150,.F.);
#2996=EDGE_CURVE('',#2454,#2455,#1368,.T.);
#2997=EDGE_CURVE('',#2454,#2456,#151,.T.);
#2998=EDGE_CURVE('',#2456,#2457,#1369,.T.);
#2999=EDGE_CURVE('',#2457,#2455,#152,.T.);
#3000=EDGE_CURVE('',#2458,#2458,#153,.T.);
#3001=EDGE_CURVE('',#2459,#2459,#154,.T.);
#3002=EDGE_CURVE('',#2460,#2460,#155,.F.);
#3003=EDGE_CURVE('',#2461,#2461,#156,.F.);
#3004=EDGE_CURVE('',#2462,#2462,#157,.F.);
#3005=EDGE_CURVE('',#2463,#2463,#158,.F.);
#3006=EDGE_CURVE('',#2464,#2464,#159,.F.);
#3007=EDGE_CURVE('',#2465,#2465,#160,.F.);
#3008=EDGE_CURVE('',#2466,#2466,#161,.F.);
#3009=EDGE_CURVE('',#2467,#2467,#162,.F.);
#3010=EDGE_CURVE('',#2468,#2468,#163,.T.);
#3011=EDGE_CURVE('',#2468,#2458,#1370,.T.);
#3012=EDGE_CURVE('',#2469,#2469,#164,.T.);
#3013=EDGE_CURVE('',#2469,#2459,#1371,.T.);
#3014=EDGE_CURVE('',#2470,#2470,#165,.T.);
#3015=EDGE_CURVE('',#2470,#2460,#1372,.T.);
#3016=EDGE_CURVE('',#2471,#2471,#166,.T.);
#3017=EDGE_CURVE('',#2471,#2461,#1373,.T.);
#3018=EDGE_CURVE('',#2472,#2472,#167,.T.);
#3019=EDGE_CURVE('',#2472,#2462,#1374,.T.);
#3020=EDGE_CURVE('',#2473,#2473,#168,.T.);
#3021=EDGE_CURVE('',#2473,#2463,#1375,.T.);
#3022=EDGE_CURVE('',#2474,#2474,#169,.T.);
#3023=EDGE_CURVE('',#2474,#2464,#1376,.T.);
#3024=EDGE_CURVE('',#2475,#2475,#170,.T.);
#3025=EDGE_CURVE('',#2475,#2465,#1377,.T.);
#3026=EDGE_CURVE('',#2476,#2476,#171,.T.);
#3027=EDGE_CURVE('',#2476,#2466,#1378,.T.);
#3028=EDGE_CURVE('',#2477,#2477,#172,.T.);
#3029=EDGE_CURVE('',#2477,#2467,#1379,.T.);
#3030=EDGE_CURVE('',#2478,#2479,#1380,.T.);
#3031=EDGE_CURVE('',#2480,#2478,#1381,.T.);
#3032=EDGE_CURVE('',#2481,#2480,#1382,.T.);
#3033=EDGE_CURVE('',#2479,#2481,#1383,.T.);
#3034=EDGE_CURVE('',#2482,#2483,#173,.T.);
#3035=EDGE_CURVE('',#2484,#2483,#1384,.T.);
#3036=EDGE_CURVE('',#2484,#2485,#174,.T.);
#3037=EDGE_CURVE('',#2486,#2485,#1385,.T.);
#3038=EDGE_CURVE('',#2486,#2487,#175,.T.);
#3039=EDGE_CURVE('',#2488,#2487,#1386,.T.);
#3040=EDGE_CURVE('',#2488,#2489,#176,.T.);
#3041=EDGE_CURVE('',#2482,#2489,#1387,.T.);
#3042=EDGE_CURVE('',#2490,#2491,#1388,.T.);
#3043=EDGE_CURVE('',#2492,#2491,#177,.T.);
#3044=EDGE_CURVE('',#2492,#2493,#1389,.T.);
#3045=EDGE_CURVE('',#2494,#2493,#178,.T.);
#3046=EDGE_CURVE('',#2494,#2495,#1390,.T.);
#3047=EDGE_CURVE('',#2496,#2495,#179,.T.);
#3048=EDGE_CURVE('',#2496,#2497,#1391,.T.);
#3049=EDGE_CURVE('',#2490,#2497,#180,.T.);
#3050=EDGE_CURVE('',#2498,#2499,#181,.T.);
#3051=EDGE_CURVE('',#2500,#2498,#182,.T.);
#3052=EDGE_CURVE('',#2501,#2500,#183,.T.);
#3053=EDGE_CURVE('',#2502,#2501,#1392,.T.);
#3054=EDGE_CURVE('',#2503,#2502,#184,.T.);
#3055=EDGE_CURVE('',#2504,#2503,#1393,.T.);
#3056=EDGE_CURVE('',#2505,#2504,#185,.T.);
#3057=EDGE_CURVE('',#2506,#2505,#1394,.T.);
#3058=EDGE_CURVE('',#2507,#2506,#186,.T.);
#3059=EDGE_CURVE('',#2499,#2507,#187,.T.);
#3060=EDGE_CURVE('',#2508,#2478,#188,.T.);
#3061=EDGE_CURVE('',#2508,#2509,#1395,.T.);
#3062=EDGE_CURVE('',#2480,#2509,#189,.T.);
#3063=EDGE_CURVE('',#2510,#2511,#190,.T.);
#3064=EDGE_CURVE('',#2512,#2510,#1396,.T.);
#3065=EDGE_CURVE('',#2513,#2512,#191,.T.);
#3066=EDGE_CURVE('',#2514,#2513,#1397,.T.);
#3067=EDGE_CURVE('',#2515,#2514,#192,.T.);
#3068=EDGE_CURVE('',#2516,#2515,#1398,.T.);
#3069=EDGE_CURVE('',#2517,#2516,#193,.T.);
#3070=EDGE_CURVE('',#2518,#2517,#194,.T.);
#3071=EDGE_CURVE('',#2519,#2518,#195,.T.);
#3072=EDGE_CURVE('',#2511,#2519,#196,.T.);
#3073=EDGE_CURVE('',#2520,#2521,#197,.T.);
#3074=EDGE_CURVE('',#2522,#2520,#198,.T.);
#3075=EDGE_CURVE('',#2523,#2522,#199,.T.);
#3076=EDGE_CURVE('',#2524,#2523,#200,.T.);
#3077=EDGE_CURVE('',#2525,#2524,#201,.T.);
#3078=EDGE_CURVE('',#2526,#2525,#1399,.T.);
#3079=EDGE_CURVE('',#2527,#2526,#202,.T.);
#3080=EDGE_CURVE('',#2528,#2527,#1400,.T.);
#3081=EDGE_CURVE('',#2529,#2528,#203,.T.);
#3082=EDGE_CURVE('',#2521,#2529,#1401,.T.);
#3083=EDGE_CURVE('',#2530,#2531,#204,.T.);
#3084=EDGE_CURVE('',#2532,#2530,#205,.T.);
#3085=EDGE_CURVE('',#2533,#2532,#206,.T.);
#3086=EDGE_CURVE('',#2534,#2533,#207,.T.);
#3087=EDGE_CURVE('',#2535,#2534,#208,.T.);
#3088=EDGE_CURVE('',#2536,#2535,#1402,.T.);
#3089=EDGE_CURVE('',#2537,#2536,#209,.T.);
#3090=EDGE_CURVE('',#2538,#2537,#1403,.T.);
#3091=EDGE_CURVE('',#2539,#2538,#210,.T.);
#3092=EDGE_CURVE('',#2531,#2539,#1404,.T.);
#3093=EDGE_CURVE('',#2540,#2541,#211,.T.);
#3094=EDGE_CURVE('',#2542,#2540,#212,.T.);
#3095=EDGE_CURVE('',#2543,#2542,#213,.T.);
#3096=EDGE_CURVE('',#2544,#2543,#214,.T.);
#3097=EDGE_CURVE('',#2545,#2544,#215,.T.);
#3098=EDGE_CURVE('',#2546,#2545,#1405,.T.);
#3099=EDGE_CURVE('',#2547,#2546,#216,.T.);
#3100=EDGE_CURVE('',#2548,#2547,#1406,.T.);
#3101=EDGE_CURVE('',#2549,#2548,#217,.T.);
#3102=EDGE_CURVE('',#2541,#2549,#1407,.T.);
#3103=EDGE_CURVE('',#2550,#2551,#218,.T.);
#3104=EDGE_CURVE('',#2552,#2550,#219,.T.);
#3105=EDGE_CURVE('',#2553,#2552,#220,.T.);
#3106=EDGE_CURVE('',#2554,#2553,#221,.T.);
#3107=EDGE_CURVE('',#2555,#2554,#222,.T.);
#3108=EDGE_CURVE('',#2556,#2555,#1408,.T.);
#3109=EDGE_CURVE('',#2557,#2556,#223,.T.);
#3110=EDGE_CURVE('',#2558,#2557,#1409,.T.);
#3111=EDGE_CURVE('',#2559,#2558,#224,.T.);
#3112=EDGE_CURVE('',#2551,#2559,#1410,.T.);
#3113=EDGE_CURVE('',#2560,#2561,#225,.T.);
#3114=EDGE_CURVE('',#2562,#2560,#226,.T.);
#3115=EDGE_CURVE('',#2563,#2562,#227,.T.);
#3116=EDGE_CURVE('',#2564,#2563,#1411,.T.);
#3117=EDGE_CURVE('',#2565,#2564,#228,.T.);
#3118=EDGE_CURVE('',#2566,#2565,#1412,.T.);
#3119=EDGE_CURVE('',#2567,#2566,#229,.T.);
#3120=EDGE_CURVE('',#2568,#2567,#1413,.T.);
#3121=EDGE_CURVE('',#2569,#2568,#230,.T.);
#3122=EDGE_CURVE('',#2561,#2569,#231,.T.);
#3123=EDGE_CURVE('',#2479,#2570,#232,.T.);
#3124=EDGE_CURVE('',#2571,#2481,#233,.T.);
#3125=EDGE_CURVE('',#2571,#2570,#1414,.T.);
#3126=EDGE_CURVE('',#2572,#2573,#234,.T.);
#3127=EDGE_CURVE('',#2574,#2572,#235,.T.);
#3128=EDGE_CURVE('',#2575,#2574,#236,.T.);
#3129=EDGE_CURVE('',#2576,#2575,#1415,.T.);
#3130=EDGE_CURVE('',#2577,#2576,#237,.T.);
#3131=EDGE_CURVE('',#2578,#2577,#1416,.T.);
#3132=EDGE_CURVE('',#2579,#2578,#238,.T.);
#3133=EDGE_CURVE('',#2580,#2579,#1417,.T.);
#3134=EDGE_CURVE('',#2581,#2580,#239,.T.);
#3135=EDGE_CURVE('',#2573,#2581,#240,.T.);
#3136=EDGE_CURVE('',#2582,#2583,#17,.F.);
#3137=EDGE_CURVE('',#2583,#2584,#1418,.T.);
#3138=EDGE_CURVE('',#2584,#2570,#1419,.T.);
#3139=EDGE_CURVE('',#2570,#2582,#1420,.T.);
#3140=EDGE_CURVE('',#2585,#2479,#1421,.T.);
#3141=EDGE_CURVE('',#2584,#2585,#241,.T.);
#3142=EDGE_CURVE('',#2586,#2478,#1422,.T.);
#3143=EDGE_CURVE('',#2585,#2586,#1423,.T.);
#3144=EDGE_CURVE('',#2587,#2508,#1424,.T.);
#3145=EDGE_CURVE('',#2586,#2587,#242,.T.);
#3146=EDGE_CURVE('',#2588,#2589,#18,.F.);
#3147=EDGE_CURVE('',#2589,#2508,#1425,.T.);
#3148=EDGE_CURVE('',#2587,#2588,#1426,.T.);
#3149=EDGE_CURVE('',#2590,#2591,#1427,.T.);
#3150=EDGE_CURVE('',#2591,#2592,#1428,.T.);
#3151=EDGE_CURVE('',#2593,#2592,#1429,.T.);
#3152=EDGE_CURVE('',#2593,#2590,#1430,.T.);
#3153=EDGE_CURVE('',#2592,#2594,#243,.T.);
#3154=EDGE_CURVE('',#2595,#2594,#1431,.T.);
#3155=EDGE_CURVE('',#2595,#2593,#244,.T.);
#3156=EDGE_CURVE('',#2596,#2597,#1432,.T.);
#3157=EDGE_CURVE('',#2597,#2591,#245,.T.);
#3158=EDGE_CURVE('',#2590,#2596,#246,.T.);
#3159=EDGE_CURVE('',#2598,#2599,#1433,.T.);
#3160=EDGE_CURVE('',#2598,#2600,#247,.T.);
#3161=EDGE_CURVE('',#2601,#2600,#1434,.T.);
#3162=EDGE_CURVE('',#2601,#2599,#248,.T.);
#3163=EDGE_CURVE('',#2600,#2602,#1435,.T.);
#3164=EDGE_CURVE('',#2603,#2602,#1436,.T.);
#3165=EDGE_CURVE('',#2603,#2601,#1437,.T.);
#3166=EDGE_CURVE('',#2602,#2604,#249,.T.);
#3167=EDGE_CURVE('',#2605,#2604,#1438,.T.);
#3168=EDGE_CURVE('',#2605,#2603,#250,.T.);
#3169=EDGE_CURVE('',#2604,#2606,#1439,.T.);
#3170=EDGE_CURVE('',#2607,#2606,#1440,.T.);
#3171=EDGE_CURVE('',#2607,#2605,#1441,.T.);
#3172=EDGE_CURVE('',#2606,#2608,#251,.T.);
#3173=EDGE_CURVE('',#2609,#2608,#1442,.T.);
#3174=EDGE_CURVE('',#2609,#2607,#252,.T.);
#3175=EDGE_CURVE('',#2608,#2610,#1443,.T.);
#3176=EDGE_CURVE('',#2611,#2610,#1444,.T.);
#3177=EDGE_CURVE('',#2611,#2609,#1445,.T.);
#3178=EDGE_CURVE('',#2610,#2612,#253,.T.);
#3179=EDGE_CURVE('',#2613,#2612,#1446,.T.);
#3180=EDGE_CURVE('',#2613,#2611,#254,.T.);
#3181=EDGE_CURVE('',#2612,#2614,#1447,.T.);
#3182=EDGE_CURVE('',#2509,#2614,#1448,.T.);
#3183=EDGE_CURVE('',#2509,#2613,#1449,.T.);
#3184=EDGE_CURVE('',#2480,#2615,#1450,.T.);
#3185=EDGE_CURVE('',#2614,#2615,#255,.T.);
#3186=EDGE_CURVE('',#2615,#2616,#1451,.T.);
#3187=EDGE_CURVE('',#2481,#2616,#1452,.T.);
#3188=EDGE_CURVE('',#2571,#2617,#1453,.T.);
#3189=EDGE_CURVE('',#2616,#2617,#256,.T.);
#3190=EDGE_CURVE('',#2617,#2598,#1454,.T.);
#3191=EDGE_CURVE('',#2599,#2571,#1455,.T.);
#3192=EDGE_CURVE('',#2484,#2618,#1456,.T.);
#3193=EDGE_CURVE('',#2618,#2619,#257,.T.);
#3194=EDGE_CURVE('',#2619,#2485,#1457,.T.);
#3195=EDGE_CURVE('',#2620,#2619,#1458,.T.);
#3196=EDGE_CURVE('',#2486,#2620,#1459,.T.);
#3197=EDGE_CURVE('',#2620,#2621,#258,.T.);
#3198=EDGE_CURVE('',#2621,#2487,#1460,.T.);
#3199=EDGE_CURVE('',#2488,#2622,#1461,.T.);
#3200=EDGE_CURVE('',#2622,#2621,#1462,.T.);
#3201=EDGE_CURVE('',#2622,#2623,#259,.T.);
#3202=EDGE_CURVE('',#2623,#2489,#1463,.T.);
#3203=EDGE_CURVE('',#2482,#2624,#1464,.T.);
#3204=EDGE_CURVE('',#2624,#2623,#1465,.T.);
#3205=EDGE_CURVE('',#2624,#2625,#260,.T.);
#3206=EDGE_CURVE('',#2625,#2483,#1466,.T.);
#3207=EDGE_CURVE('',#2618,#2625,#1467,.T.);
#3208=EDGE_CURVE('',#2626,#2627,#1468,.T.);
#3209=EDGE_CURVE('',#2628,#2626,#19,.F.);
#3210=EDGE_CURVE('',#2628,#2629,#1469,.T.);
#3211=EDGE_CURVE('',#2629,#2627,#20,.T.);
#3212=EDGE_CURVE('',#2630,#2628,#1470,.T.);
#3213=EDGE_CURVE('',#2631,#2630,#1471,.T.);
#3214=EDGE_CURVE('',#2629,#2631,#1472,.T.);
#3215=EDGE_CURVE('',#2632,#2633,#1473,.T.);
#3216=EDGE_CURVE('',#2631,#2632,#21,.F.);
#3217=EDGE_CURVE('',#2630,#2633,#22,.T.);
#3218=EDGE_CURVE('',#2633,#2634,#23,.T.);
#3219=EDGE_CURVE('',#2634,#2635,#1474,.T.);
#3220=EDGE_CURVE('',#2635,#2632,#24,.T.);
#3221=EDGE_CURVE('',#2634,#2636,#1475,.T.);
#3222=EDGE_CURVE('',#2637,#2636,#1476,.T.);
#3223=EDGE_CURVE('',#2637,#2635,#1477,.T.);
#3224=EDGE_CURVE('',#2636,#2638,#261,.T.);
#3225=EDGE_CURVE('',#2638,#2639,#1478,.T.);
#3226=EDGE_CURVE('',#2639,#2637,#262,.T.);
#3227=EDGE_CURVE('',#2638,#2640,#1479,.T.);
#3228=EDGE_CURVE('',#2641,#2640,#1480,.T.);
#3229=EDGE_CURVE('',#2641,#2639,#1481,.T.);
#3230=EDGE_CURVE('',#2640,#2642,#263,.T.);
#3231=EDGE_CURVE('',#2643,#2642,#1482,.T.);
#3232=EDGE_CURVE('',#2643,#2641,#264,.T.);
#3233=EDGE_CURVE('',#2644,#2645,#1483,.T.);
#3234=EDGE_CURVE('',#2644,#2646,#1484,.T.);
#3235=EDGE_CURVE('',#2646,#2647,#1485,.T.);
#3236=EDGE_CURVE('',#2647,#2645,#1486,.T.);
#3237=EDGE_CURVE('',#2627,#2644,#25,.T.);
#3238=EDGE_CURVE('',#2645,#2626,#26,.T.);
#3239=EDGE_CURVE('',#2642,#2648,#1487,.T.);
#3240=EDGE_CURVE('',#2649,#2648,#1488,.T.);
#3241=EDGE_CURVE('',#2649,#2643,#1489,.T.);
#3242=EDGE_CURVE('',#2650,#2651,#1490,.T.);
#3243=EDGE_CURVE('',#2650,#2652,#265,.T.);
#3244=EDGE_CURVE('',#2652,#2653,#1491,.T.);
#3245=EDGE_CURVE('',#2653,#2651,#266,.T.);
#3246=EDGE_CURVE('',#2651,#2654,#1492,.T.);
#3247=EDGE_CURVE('',#2655,#2654,#1493,.T.);
#3248=EDGE_CURVE('',#2655,#2650,#1494,.T.);
#3249=EDGE_CURVE('',#2656,#2657,#1495,.T.);
#3250=EDGE_CURVE('',#2656,#2655,#267,.T.);
#3251=EDGE_CURVE('',#2654,#2657,#268,.T.);
#3252=EDGE_CURVE('',#2658,#2658,#269,.T.);
#3253=EDGE_CURVE('',#2659,#2660,#270,.T.);
#3254=EDGE_CURVE('',#2659,#2490,#1496,.T.);
#3255=EDGE_CURVE('',#2497,#2660,#1497,.T.);
#3256=EDGE_CURVE('',#2661,#2659,#1498,.T.);
#3257=EDGE_CURVE('',#2491,#2661,#1499,.T.);
#3258=EDGE_CURVE('',#2662,#2661,#271,.T.);
#3259=EDGE_CURVE('',#2662,#2492,#1500,.T.);
#3260=EDGE_CURVE('',#2663,#2662,#1501,.T.);
#3261=EDGE_CURVE('',#2493,#2663,#1502,.T.);
#3262=EDGE_CURVE('',#2664,#2663,#272,.T.);
#3263=EDGE_CURVE('',#2664,#2494,#1503,.T.);
#3264=EDGE_CURVE('',#2665,#2664,#1504,.T.);
#3265=EDGE_CURVE('',#2495,#2665,#1505,.T.);
#3266=EDGE_CURVE('',#2666,#2665,#273,.T.);
#3267=EDGE_CURVE('',#2666,#2496,#1506,.T.);
#3268=EDGE_CURVE('',#2660,#2666,#1507,.T.);
#3269=EDGE_CURVE('',#2667,#2668,#274,.T.);
#3270=EDGE_CURVE('',#2669,#2667,#1508,.T.);
#3271=EDGE_CURVE('',#2670,#2669,#275,.T.);
#3272=EDGE_CURVE('',#2668,#2670,#1509,.T.);
#3273=EDGE_CURVE('',#2671,#2672,#276,.T.);
#3274=EDGE_CURVE('',#2673,#2671,#1510,.T.);
#3275=EDGE_CURVE('',#2674,#2673,#277,.T.);
#3276=EDGE_CURVE('',#2672,#2674,#1511,.T.);
#3277=EDGE_CURVE('',#2675,#2676,#278,.T.);
#3278=EDGE_CURVE('',#2677,#2675,#1512,.T.);
#3279=EDGE_CURVE('',#2678,#2677,#279,.T.);
#3280=EDGE_CURVE('',#2676,#2678,#1513,.T.);
#3281=EDGE_CURVE('',#2679,#2680,#280,.T.);
#3282=EDGE_CURVE('',#2681,#2679,#1514,.T.);
#3283=EDGE_CURVE('',#2682,#2681,#281,.T.);
#3284=EDGE_CURVE('',#2680,#2682,#1515,.T.);
#3285=EDGE_CURVE('',#2683,#2683,#282,.F.);
#3286=EDGE_CURVE('',#2684,#2684,#283,.F.);
#3287=EDGE_CURVE('',#2685,#2685,#284,.F.);
#3288=EDGE_CURVE('',#2686,#2686,#285,.F.);
#3289=EDGE_CURVE('',#2687,#2687,#286,.T.);
#3290=EDGE_CURVE('',#2688,#2688,#287,.T.);
#3291=EDGE_CURVE('',#2689,#2656,#1516,.T.);
#3292=EDGE_CURVE('',#2657,#2690,#1517,.T.);
#3293=EDGE_CURVE('',#2689,#2690,#1518,.T.);
#3294=EDGE_CURVE('',#2691,#2692,#1519,.T.);
#3295=EDGE_CURVE('',#2693,#2691,#1520,.T.);
#3296=EDGE_CURVE('',#2693,#2694,#1521,.T.);
#3297=EDGE_CURVE('',#2692,#2694,#1522,.T.);
#3298=EDGE_CURVE('',#2695,#2691,#288,.T.);
#3299=EDGE_CURVE('',#2695,#2589,#1523,.T.);
#3300=EDGE_CURVE('',#2588,#2693,#289,.F.);
#3301=EDGE_CURVE('',#2696,#2697,#290,.T.);
#3302=EDGE_CURVE('',#2696,#2505,#1524,.T.);
#3303=EDGE_CURVE('',#2504,#2697,#1525,.T.);
#3304=EDGE_CURVE('',#2698,#2696,#1526,.T.);
#3305=EDGE_CURVE('',#2698,#2506,#1527,.T.);
#3306=EDGE_CURVE('',#2699,#2698,#291,.T.);
#3307=EDGE_CURVE('',#2507,#2699,#1528,.T.);
#3308=EDGE_CURVE('',#2700,#2699,#292,.T.);
#3309=EDGE_CURVE('',#2700,#2499,#1529,.T.);
#3310=EDGE_CURVE('',#2701,#2700,#293,.T.);
#3311=EDGE_CURVE('',#2498,#2701,#1530,.T.);
#3312=EDGE_CURVE('',#2702,#2701,#294,.T.);
#3313=EDGE_CURVE('',#2702,#2500,#1531,.T.);
#3314=EDGE_CURVE('',#2703,#2702,#295,.T.);
#3315=EDGE_CURVE('',#2703,#2501,#1532,.T.);
#3316=EDGE_CURVE('',#2704,#2703,#1533,.T.);
#3317=EDGE_CURVE('',#2704,#2502,#1534,.T.);
#3318=EDGE_CURVE('',#2705,#2704,#296,.T.);
#3319=EDGE_CURVE('',#2503,#2705,#1535,.T.);
#3320=EDGE_CURVE('',#2706,#2707,#297,.T.);
#3321=EDGE_CURVE('',#2706,#2515,#1536,.T.);
#3322=EDGE_CURVE('',#2514,#2707,#1537,.T.);
#3323=EDGE_CURVE('',#2708,#2706,#1538,.T.);
#3324=EDGE_CURVE('',#2708,#2516,#1539,.T.);
#3325=EDGE_CURVE('',#2709,#2708,#298,.T.);
#3326=EDGE_CURVE('',#2517,#2709,#1540,.T.);
#3327=EDGE_CURVE('',#2710,#2709,#299,.T.);
#3328=EDGE_CURVE('',#2710,#2518,#1541,.T.);
#3329=EDGE_CURVE('',#2711,#2710,#300,.T.);
#3330=EDGE_CURVE('',#2519,#2711,#1542,.T.);
#3331=EDGE_CURVE('',#2712,#2711,#301,.T.);
#3332=EDGE_CURVE('',#2712,#2511,#1543,.T.);
#3333=EDGE_CURVE('',#2713,#2712,#302,.T.);
#3334=EDGE_CURVE('',#2713,#2510,#1544,.T.);
#3335=EDGE_CURVE('',#2714,#2713,#1545,.T.);
#3336=EDGE_CURVE('',#2714,#2512,#1546,.T.);
#3337=EDGE_CURVE('',#2715,#2714,#303,.T.);
#3338=EDGE_CURVE('',#2513,#2715,#1547,.T.);
#3339=EDGE_CURVE('',#2716,#2715,#1548,.T.);
#3340=EDGE_CURVE('',#2716,#2613,#1549,.T.);
#3341=EDGE_CURVE('',#2697,#2695,#1550,.T.);
#3342=EDGE_CURVE('',#2707,#2705,#1551,.T.);
#3343=EDGE_CURVE('',#2717,#2716,#304,.T.);
#3344=EDGE_CURVE('',#2611,#2717,#1552,.T.);
#3345=EDGE_CURVE('',#2718,#2717,#1553,.T.);
#3346=EDGE_CURVE('',#2609,#2718,#1554,.T.);
#3347=EDGE_CURVE('',#2719,#2718,#305,.T.);
#3348=EDGE_CURVE('',#2719,#2607,#1555,.T.);
#3349=EDGE_CURVE('',#2720,#2721,#306,.T.);
#3350=EDGE_CURVE('',#2720,#2549,#1556,.T.);
#3351=EDGE_CURVE('',#2548,#2721,#1557,.T.);
#3352=EDGE_CURVE('',#2722,#2720,#1558,.T.);
#3353=EDGE_CURVE('',#2722,#2541,#1559,.T.);
#3354=EDGE_CURVE('',#2723,#2722,#307,.T.);
#3355=EDGE_CURVE('',#2540,#2723,#1560,.T.);
#3356=EDGE_CURVE('',#2724,#2723,#308,.T.);
#3357=EDGE_CURVE('',#2724,#2542,#1561,.T.);
#3358=EDGE_CURVE('',#2725,#2724,#309,.T.);
#3359=EDGE_CURVE('',#2543,#2725,#1562,.T.);
#3360=EDGE_CURVE('',#2726,#2725,#310,.T.);
#3361=EDGE_CURVE('',#2726,#2544,#1563,.T.);
#3362=EDGE_CURVE('',#2727,#2726,#311,.T.);
#3363=EDGE_CURVE('',#2727,#2545,#1564,.T.);
#3364=EDGE_CURVE('',#2728,#2727,#1565,.T.);
#3365=EDGE_CURVE('',#2728,#2546,#1566,.T.);
#3366=EDGE_CURVE('',#2729,#2728,#312,.T.);
#3367=EDGE_CURVE('',#2547,#2729,#1567,.T.);
#3368=EDGE_CURVE('',#2730,#2731,#313,.T.);
#3369=EDGE_CURVE('',#2730,#2539,#1568,.T.);
#3370=EDGE_CURVE('',#2538,#2731,#1569,.T.);
#3371=EDGE_CURVE('',#2732,#2730,#1570,.T.);
#3372=EDGE_CURVE('',#2732,#2531,#1571,.T.);
#3373=EDGE_CURVE('',#2733,#2732,#314,.T.);
#3374=EDGE_CURVE('',#2530,#2733,#1572,.T.);
#3375=EDGE_CURVE('',#2734,#2733,#315,.T.);
#3376=EDGE_CURVE('',#2734,#2532,#1573,.T.);
#3377=EDGE_CURVE('',#2735,#2734,#316,.T.);
#3378=EDGE_CURVE('',#2533,#2735,#1574,.T.);
#3379=EDGE_CURVE('',#2736,#2735,#317,.T.);
#3380=EDGE_CURVE('',#2736,#2534,#1575,.T.);
#3381=EDGE_CURVE('',#2737,#2736,#318,.T.);
#3382=EDGE_CURVE('',#2737,#2535,#1576,.T.);
#3383=EDGE_CURVE('',#2738,#2737,#1577,.T.);
#3384=EDGE_CURVE('',#2738,#2536,#1578,.T.);
#3385=EDGE_CURVE('',#2739,#2738,#319,.T.);
#3386=EDGE_CURVE('',#2537,#2739,#1579,.T.);
#3387=EDGE_CURVE('',#2740,#2741,#320,.T.);
#3388=EDGE_CURVE('',#2740,#2529,#1580,.T.);
#3389=EDGE_CURVE('',#2528,#2741,#1581,.T.);
#3390=EDGE_CURVE('',#2742,#2740,#1582,.T.);
#3391=EDGE_CURVE('',#2742,#2521,#1583,.T.);
#3392=EDGE_CURVE('',#2743,#2742,#321,.T.);
#3393=EDGE_CURVE('',#2520,#2743,#1584,.T.);
#3394=EDGE_CURVE('',#2744,#2743,#322,.T.);
#3395=EDGE_CURVE('',#2744,#2522,#1585,.T.);
#3396=EDGE_CURVE('',#2745,#2744,#323,.T.);
#3397=EDGE_CURVE('',#2523,#2745,#1586,.T.);
#3398=EDGE_CURVE('',#2746,#2745,#324,.T.);
#3399=EDGE_CURVE('',#2746,#2524,#1587,.T.);
#3400=EDGE_CURVE('',#2747,#2746,#325,.T.);
#3401=EDGE_CURVE('',#2747,#2525,#1588,.T.);
#3402=EDGE_CURVE('',#2748,#2747,#1589,.T.);
#3403=EDGE_CURVE('',#2748,#2526,#1590,.T.);
#3404=EDGE_CURVE('',#2749,#2748,#326,.T.);
#3405=EDGE_CURVE('',#2527,#2749,#1591,.T.);
#3406=EDGE_CURVE('',#2750,#2751,#327,.T.);
#3407=EDGE_CURVE('',#2750,#2559,#1592,.T.);
#3408=EDGE_CURVE('',#2558,#2751,#1593,.T.);
#3409=EDGE_CURVE('',#2752,#2750,#1594,.T.);
#3410=EDGE_CURVE('',#2752,#2551,#1595,.T.);
#3411=EDGE_CURVE('',#2753,#2752,#328,.T.);
#3412=EDGE_CURVE('',#2550,#2753,#1596,.T.);
#3413=EDGE_CURVE('',#2754,#2753,#329,.T.);
#3414=EDGE_CURVE('',#2754,#2552,#1597,.T.);
#3415=EDGE_CURVE('',#2755,#2754,#330,.T.);
#3416=EDGE_CURVE('',#2553,#2755,#1598,.T.);
#3417=EDGE_CURVE('',#2756,#2755,#331,.T.);
#3418=EDGE_CURVE('',#2756,#2554,#1599,.T.);
#3419=EDGE_CURVE('',#2757,#2756,#332,.T.);
#3420=EDGE_CURVE('',#2757,#2555,#1600,.T.);
#3421=EDGE_CURVE('',#2758,#2757,#1601,.T.);
#3422=EDGE_CURVE('',#2758,#2556,#1602,.T.);
#3423=EDGE_CURVE('',#2759,#2758,#333,.T.);
#3424=EDGE_CURVE('',#2557,#2759,#1603,.T.);
#3425=EDGE_CURVE('',#2751,#2749,#1604,.T.);
#3426=EDGE_CURVE('',#2760,#2759,#1605,.T.);
#3427=EDGE_CURVE('',#2605,#2760,#1606,.T.);
#3428=EDGE_CURVE('',#2721,#2719,#1607,.T.);
#3429=EDGE_CURVE('',#2731,#2729,#1608,.T.);
#3430=EDGE_CURVE('',#2741,#2739,#1609,.T.);
#3431=EDGE_CURVE('',#2761,#2760,#334,.T.);
#3432=EDGE_CURVE('',#2603,#2761,#1610,.T.);
#3433=EDGE_CURVE('',#2762,#2761,#1611,.T.);
#3434=EDGE_CURVE('',#2601,#2762,#1612,.T.);
#3435=EDGE_CURVE('',#2763,#2762,#335,.T.);
#3436=EDGE_CURVE('',#2599,#2763,#1613,.T.);
#3437=EDGE_CURVE('',#2764,#2765,#336,.T.);
#3438=EDGE_CURVE('',#2764,#2567,#1614,.T.);
#3439=EDGE_CURVE('',#2566,#2765,#1615,.T.);
#3440=EDGE_CURVE('',#2766,#2764,#1616,.T.);
#3441=EDGE_CURVE('',#2766,#2568,#1617,.T.);
#3442=EDGE_CURVE('',#2767,#2766,#337,.T.);
#3443=EDGE_CURVE('',#2569,#2767,#1618,.T.);
#3444=EDGE_CURVE('',#2768,#2767,#338,.T.);
#3445=EDGE_CURVE('',#2768,#2561,#1619,.T.);
#3446=EDGE_CURVE('',#2769,#2768,#339,.T.);
#3447=EDGE_CURVE('',#2560,#2769,#1620,.T.);
#3448=EDGE_CURVE('',#2770,#2769,#340,.T.);
#3449=EDGE_CURVE('',#2770,#2562,#1621,.T.);
#3450=EDGE_CURVE('',#2771,#2770,#341,.T.);
#3451=EDGE_CURVE('',#2771,#2563,#1622,.T.);
#3452=EDGE_CURVE('',#2772,#2771,#1623,.T.);
#3453=EDGE_CURVE('',#2772,#2564,#1624,.T.);
#3454=EDGE_CURVE('',#2773,#2772,#342,.T.);
#3455=EDGE_CURVE('',#2565,#2773,#1625,.T.);
#3456=EDGE_CURVE('',#2774,#2775,#343,.T.);
#3457=EDGE_CURVE('',#2774,#2579,#1626,.T.);
#3458=EDGE_CURVE('',#2578,#2775,#1627,.T.);
#3459=EDGE_CURVE('',#2776,#2774,#1628,.T.);
#3460=EDGE_CURVE('',#2776,#2580,#1629,.T.);
#3461=EDGE_CURVE('',#2777,#2776,#344,.T.);
#3462=EDGE_CURVE('',#2581,#2777,#1630,.T.);
#3463=EDGE_CURVE('',#2778,#2777,#345,.T.);
#3464=EDGE_CURVE('',#2778,#2573,#1631,.T.);
#3465=EDGE_CURVE('',#2779,#2778,#346,.T.);
#3466=EDGE_CURVE('',#2572,#2779,#1632,.T.);
#3467=EDGE_CURVE('',#2780,#2779,#347,.T.);
#3468=EDGE_CURVE('',#2780,#2574,#1633,.T.);
#3469=EDGE_CURVE('',#2781,#2780,#348,.T.);
#3470=EDGE_CURVE('',#2781,#2575,#1634,.T.);
#3471=EDGE_CURVE('',#2782,#2781,#1635,.T.);
#3472=EDGE_CURVE('',#2782,#2576,#1636,.T.);
#3473=EDGE_CURVE('',#2783,#2782,#349,.T.);
#3474=EDGE_CURVE('',#2577,#2783,#1637,.T.);
#3475=EDGE_CURVE('',#2784,#2783,#1638,.T.);
#3476=EDGE_CURVE('',#2582,#2784,#1639,.T.);
#3477=EDGE_CURVE('',#2765,#2763,#1640,.T.);
#3478=EDGE_CURVE('',#2775,#2773,#1641,.T.);
#3479=EDGE_CURVE('',#2785,#2784,#350,.T.);
#3480=EDGE_CURVE('',#2785,#2786,#1642,.T.);
#3481=EDGE_CURVE('',#2786,#2583,#351,.F.);
#3482=EDGE_CURVE('',#2787,#2785,#1643,.T.);
#3483=EDGE_CURVE('',#2788,#2787,#1644,.T.);
#3484=EDGE_CURVE('',#2788,#2786,#1645,.T.);
#3485=EDGE_CURVE('',#2789,#2787,#352,.T.);
#3486=EDGE_CURVE('',#2789,#2790,#1646,.T.);
#3487=EDGE_CURVE('',#2788,#2790,#353,.T.);
#3488=EDGE_CURVE('',#2791,#2790,#1647,.T.);
#3489=EDGE_CURVE('',#2791,#2694,#354,.T.);
#3490=EDGE_CURVE('',#2692,#2792,#355,.T.);
#3491=EDGE_CURVE('',#2791,#2792,#1648,.T.);
#3492=EDGE_CURVE('',#2793,#2794,#1649,.T.);
#3493=EDGE_CURVE('',#2794,#2795,#356,.T.);
#3494=EDGE_CURVE('',#2795,#2796,#1650,.T.);
#3495=EDGE_CURVE('',#2793,#2796,#357,.T.);
#3496=EDGE_CURVE('',#2797,#2793,#1651,.T.);
#3497=EDGE_CURVE('',#2798,#2797,#1652,.T.);
#3498=EDGE_CURVE('',#2794,#2798,#1653,.T.);
#3499=EDGE_CURVE('',#2799,#2800,#1654,.T.);
#3500=EDGE_CURVE('',#2800,#2798,#358,.T.);
#3501=EDGE_CURVE('',#2799,#2797,#359,.T.);
#3502=EDGE_CURVE('',#2801,#2802,#360,.T.);
#3503=EDGE_CURVE('',#2802,#2655,#1655,.T.);
#3504=EDGE_CURVE('',#2656,#2801,#1656,.T.);
#3505=EDGE_CURVE('',#2802,#2803,#1657,.T.);
#3506=EDGE_CURVE('',#2650,#2803,#1658,.T.);
#3507=EDGE_CURVE('',#2803,#2804,#361,.T.);
#3508=EDGE_CURVE('',#2804,#2652,#1659,.T.);
#3509=EDGE_CURVE('',#2652,#2805,#1660,.T.);
#3510=EDGE_CURVE('',#2806,#2805,#1661,.T.);
#3511=EDGE_CURVE('',#2806,#2653,#1662,.T.);
#3512=EDGE_CURVE('',#2807,#2808,#362,.T.);
#3513=EDGE_CURVE('',#2807,#2641,#1663,.T.);
#3514=EDGE_CURVE('',#2643,#2808,#1664,.T.);
#3515=EDGE_CURVE('',#2809,#2810,#1665,.T.);
#3516=EDGE_CURVE('',#2809,#2595,#363,.T.);
#3517=EDGE_CURVE('',#2594,#2810,#364,.T.);
#3518=EDGE_CURVE('',#2595,#2811,#1666,.T.);
#3519=EDGE_CURVE('',#2812,#2811,#365,.T.);
#3520=EDGE_CURVE('',#2812,#2593,#1667,.T.);
#3521=EDGE_CURVE('',#2812,#2813,#1668,.T.);
#3522=EDGE_CURVE('',#2590,#2813,#1669,.T.);
#3523=EDGE_CURVE('',#2814,#2813,#366,.T.);
#3524=EDGE_CURVE('',#2596,#2814,#1670,.T.);
#3525=EDGE_CURVE('',#2815,#2597,#367,.T.);
#3526=EDGE_CURVE('',#2815,#2816,#1671,.T.);
#3527=EDGE_CURVE('',#2639,#2816,#1672,.T.);
#3528=EDGE_CURVE('',#2810,#2807,#1673,.T.);
#3529=EDGE_CURVE('',#2817,#2815,#1674,.T.);
#3530=EDGE_CURVE('',#2596,#2817,#368,.T.);
#3531=EDGE_CURVE('',#2818,#2816,#369,.T.);
#3532=EDGE_CURVE('',#2818,#2637,#1675,.T.);
#3533=EDGE_CURVE('',#2819,#2818,#1676,.T.);
#3534=EDGE_CURVE('',#2646,#2819,#1677,.T.);
#3535=EDGE_CURVE('',#2820,#2821,#1678,.T.);
#3536=EDGE_CURVE('',#2821,#2647,#370,.T.);
#3537=EDGE_CURVE('',#2646,#2820,#371,.T.);
#3538=EDGE_CURVE('',#2822,#2821,#1679,.T.);
#3539=EDGE_CURVE('',#2648,#2822,#372,.T.);
#3540=EDGE_CURVE('',#2823,#2822,#1680,.T.);
#3541=EDGE_CURVE('',#2823,#2649,#373,.T.);
#3542=EDGE_CURVE('',#2808,#2806,#1681,.T.);
#3543=EDGE_CURVE('',#2649,#2824,#1682,.T.);
#3544=EDGE_CURVE('',#2690,#2824,#1683,.T.);
#3545=EDGE_CURVE('',#2825,#2826,#1684,.T.);
#3546=EDGE_CURVE('',#2825,#2827,#1685,.T.);
#3547=EDGE_CURVE('',#2827,#2828,#1686,.F.);
#3548=EDGE_CURVE('',#2826,#2828,#1687,.T.);
#3549=EDGE_CURVE('',#2826,#2829,#374,.T.);
#3550=EDGE_CURVE('',#2828,#2830,#375,.F.);
#3551=EDGE_CURVE('',#2829,#2830,#1688,.T.);
#3552=EDGE_CURVE('',#2831,#2831,#376,.T.);
#3553=EDGE_CURVE('',#2831,#2658,#1689,.T.);
#3554=EDGE_CURVE('',#2659,#2832,#1690,.T.);
#3555=EDGE_CURVE('',#2833,#2660,#1691,.T.);
#3556=EDGE_CURVE('',#2833,#2832,#377,.T.);
#3557=EDGE_CURVE('',#2832,#2834,#1692,.T.);
#3558=EDGE_CURVE('',#2661,#2834,#1693,.T.);
#3559=EDGE_CURVE('',#2662,#2835,#1694,.T.);
#3560=EDGE_CURVE('',#2834,#2835,#378,.T.);
#3561=EDGE_CURVE('',#2835,#2836,#1695,.T.);
#3562=EDGE_CURVE('',#2663,#2836,#1696,.T.);
#3563=EDGE_CURVE('',#2664,#2837,#1697,.T.);
#3564=EDGE_CURVE('',#2836,#2837,#379,.T.);
#3565=EDGE_CURVE('',#2837,#2838,#1698,.T.);
#3566=EDGE_CURVE('',#2665,#2838,#1699,.T.);
#3567=EDGE_CURVE('',#2666,#2839,#1700,.T.);
#3568=EDGE_CURVE('',#2838,#2839,#380,.T.);
#3569=EDGE_CURVE('',#2839,#2833,#1701,.T.);
#3570=EDGE_CURVE('',#2840,#2841,#381,.T.);
#3571=EDGE_CURVE('',#2840,#2670,#1702,.T.);
#3572=EDGE_CURVE('',#2841,#2669,#1703,.T.);
#3573=EDGE_CURVE('',#2842,#2840,#1704,.T.);
#3574=EDGE_CURVE('',#2842,#2668,#1705,.T.);
#3575=EDGE_CURVE('',#2843,#2842,#382,.T.);
#3576=EDGE_CURVE('',#2843,#2667,#1706,.T.);
#3577=EDGE_CURVE('',#2841,#2843,#1707,.T.);
#3578=EDGE_CURVE('',#2844,#2845,#383,.T.);
#3579=EDGE_CURVE('',#2844,#2674,#1708,.T.);
#3580=EDGE_CURVE('',#2845,#2673,#1709,.T.);
#3581=EDGE_CURVE('',#2846,#2844,#1710,.T.);
#3582=EDGE_CURVE('',#2846,#2672,#1711,.T.);
#3583=EDGE_CURVE('',#2847,#2846,#384,.T.);
#3584=EDGE_CURVE('',#2847,#2671,#1712,.T.);
#3585=EDGE_CURVE('',#2845,#2847,#1713,.T.);
#3586=EDGE_CURVE('',#2848,#2849,#385,.T.);
#3587=EDGE_CURVE('',#2848,#2678,#1714,.T.);
#3588=EDGE_CURVE('',#2849,#2677,#1715,.T.);
#3589=EDGE_CURVE('',#2850,#2848,#1716,.T.);
#3590=EDGE_CURVE('',#2850,#2676,#1717,.T.);
#3591=EDGE_CURVE('',#2851,#2850,#386,.T.);
#3592=EDGE_CURVE('',#2851,#2675,#1718,.T.);
#3593=EDGE_CURVE('',#2849,#2851,#1719,.T.);
#3594=EDGE_CURVE('',#2852,#2853,#387,.T.);
#3595=EDGE_CURVE('',#2852,#2682,#1720,.T.);
#3596=EDGE_CURVE('',#2853,#2681,#1721,.T.);
#3597=EDGE_CURVE('',#2854,#2852,#1722,.T.);
#3598=EDGE_CURVE('',#2854,#2680,#1723,.T.);
#3599=EDGE_CURVE('',#2855,#2854,#388,.T.);
#3600=EDGE_CURVE('',#2855,#2679,#1724,.T.);
#3601=EDGE_CURVE('',#2853,#2855,#1725,.T.);
#3602=EDGE_CURVE('',#2856,#2856,#389,.T.);
#3603=EDGE_CURVE('',#2856,#2683,#1726,.T.);
#3604=EDGE_CURVE('',#2857,#2857,#390,.T.);
#3605=EDGE_CURVE('',#2857,#2684,#1727,.T.);
#3606=EDGE_CURVE('',#2858,#2858,#391,.T.);
#3607=EDGE_CURVE('',#2858,#2685,#1728,.T.);
#3608=EDGE_CURVE('',#2859,#2859,#392,.T.);
#3609=EDGE_CURVE('',#2859,#2686,#1729,.T.);
#3610=EDGE_CURVE('',#2860,#2860,#393,.T.);
#3611=EDGE_CURVE('',#2860,#2687,#1730,.T.);
#3612=EDGE_CURVE('',#2861,#2861,#394,.T.);
#3613=EDGE_CURVE('',#2861,#2688,#1731,.T.);
#3614=EDGE_CURVE('',#2829,#2862,#395,.T.);
#3615=EDGE_CURVE('',#2830,#2863,#396,.F.);
#3616=EDGE_CURVE('',#2863,#2862,#1732,.T.);
#3617=EDGE_CURVE('',#2864,#2824,#1733,.T.);
#3618=EDGE_CURVE('',#2824,#2865,#397,.T.);
#3619=EDGE_CURVE('',#2866,#2865,#1734,.T.);
#3620=EDGE_CURVE('',#2866,#2864,#398,.T.);
#3621=EDGE_CURVE('',#2864,#2689,#1735,.T.);
#3622=EDGE_CURVE('',#2867,#2689,#1736,.T.);
#3623=EDGE_CURVE('',#2867,#2801,#1737,.T.);
#3624=EDGE_CURVE('',#2800,#2868,#1738,.T.);
#3625=EDGE_CURVE('',#2869,#2799,#1739,.T.);
#3626=EDGE_CURVE('',#2868,#2869,#1740,.F.);
#3627=EDGE_CURVE('',#2870,#2871,#399,.T.);
#3628=EDGE_CURVE('',#2871,#2692,#1741,.T.);
#3629=EDGE_CURVE('',#2792,#2870,#15,.T.);
#3630=EDGE_CURVE('',#2872,#2691,#1742,.T.);
#3631=EDGE_CURVE('',#2871,#2872,#1743,.T.);
#3632=EDGE_CURVE('',#2873,#2695,#1744,.T.);
#3633=EDGE_CURVE('',#2872,#2873,#400,.T.);
#3634=EDGE_CURVE('',#2874,#2697,#1745,.T.);
#3635=EDGE_CURVE('',#2873,#2874,#1746,.T.);
#3636=EDGE_CURVE('',#2875,#2696,#1747,.T.);
#3637=EDGE_CURVE('',#2874,#2875,#401,.T.);
#3638=EDGE_CURVE('',#2875,#2876,#1748,.T.);
#3639=EDGE_CURVE('',#2876,#2698,#1749,.T.);
#3640=EDGE_CURVE('',#2876,#2877,#402,.T.);
#3641=EDGE_CURVE('',#2877,#2699,#1750,.T.);
#3642=EDGE_CURVE('',#2878,#2700,#1751,.T.);
#3643=EDGE_CURVE('',#2877,#2878,#403,.T.);
#3644=EDGE_CURVE('',#2878,#2879,#404,.T.);
#3645=EDGE_CURVE('',#2879,#2701,#1752,.T.);
#3646=EDGE_CURVE('',#2880,#2702,#1753,.T.);
#3647=EDGE_CURVE('',#2879,#2880,#405,.T.);
#3648=EDGE_CURVE('',#2880,#2881,#406,.T.);
#3649=EDGE_CURVE('',#2881,#2703,#1754,.T.);
#3650=EDGE_CURVE('',#2881,#2882,#1755,.T.);
#3651=EDGE_CURVE('',#2882,#2704,#1756,.T.);
#3652=EDGE_CURVE('',#2883,#2705,#1757,.T.);
#3653=EDGE_CURVE('',#2882,#2883,#407,.T.);
#3654=EDGE_CURVE('',#2884,#2707,#1758,.T.);
#3655=EDGE_CURVE('',#2883,#2884,#1759,.T.);
#3656=EDGE_CURVE('',#2885,#2706,#1760,.T.);
#3657=EDGE_CURVE('',#2884,#2885,#408,.T.);
#3658=EDGE_CURVE('',#2885,#2886,#1761,.T.);
#3659=EDGE_CURVE('',#2886,#2708,#1762,.T.);
#3660=EDGE_CURVE('',#2886,#2887,#409,.T.);
#3661=EDGE_CURVE('',#2887,#2709,#1763,.T.);
#3662=EDGE_CURVE('',#2887,#2888,#410,.T.);
#3663=EDGE_CURVE('',#2888,#2710,#1764,.T.);
#3664=EDGE_CURVE('',#2888,#2889,#411,.T.);
#3665=EDGE_CURVE('',#2889,#2711,#1765,.T.);
#3666=EDGE_CURVE('',#2889,#2890,#412,.T.);
#3667=EDGE_CURVE('',#2890,#2712,#1766,.T.);
#3668=EDGE_CURVE('',#2890,#2891,#413,.T.);
#3669=EDGE_CURVE('',#2891,#2713,#1767,.T.);
#3670=EDGE_CURVE('',#2891,#2892,#1768,.T.);
#3671=EDGE_CURVE('',#2892,#2714,#1769,.T.);
#3672=EDGE_CURVE('',#2893,#2715,#1770,.T.);
#3673=EDGE_CURVE('',#2892,#2893,#414,.T.);
#3674=EDGE_CURVE('',#2894,#2716,#1771,.T.);
#3675=EDGE_CURVE('',#2893,#2894,#1772,.T.);
#3676=EDGE_CURVE('',#2895,#2717,#1773,.T.);
#3677=EDGE_CURVE('',#2894,#2895,#415,.T.);
#3678=EDGE_CURVE('',#2896,#2718,#1774,.T.);
#3679=EDGE_CURVE('',#2895,#2896,#1775,.T.);
#3680=EDGE_CURVE('',#2897,#2719,#1776,.T.);
#3681=EDGE_CURVE('',#2896,#2897,#416,.T.);
#3682=EDGE_CURVE('',#2898,#2721,#1777,.T.);
#3683=EDGE_CURVE('',#2897,#2898,#1778,.T.);
#3684=EDGE_CURVE('',#2899,#2720,#1779,.T.);
#3685=EDGE_CURVE('',#2898,#2899,#417,.T.);
#3686=EDGE_CURVE('',#2899,#2900,#1780,.T.);
#3687=EDGE_CURVE('',#2900,#2722,#1781,.T.);
#3688=EDGE_CURVE('',#2900,#2901,#418,.T.);
#3689=EDGE_CURVE('',#2901,#2723,#1782,.T.);
#3690=EDGE_CURVE('',#2902,#2724,#1783,.T.);
#3691=EDGE_CURVE('',#2901,#2902,#419,.T.);
#3692=EDGE_CURVE('',#2902,#2903,#420,.T.);
#3693=EDGE_CURVE('',#2903,#2725,#1784,.T.);
#3694=EDGE_CURVE('',#2904,#2726,#1785,.T.);
#3695=EDGE_CURVE('',#2903,#2904,#421,.T.);
#3696=EDGE_CURVE('',#2904,#2905,#422,.T.);
#3697=EDGE_CURVE('',#2905,#2727,#1786,.T.);
#3698=EDGE_CURVE('',#2905,#2906,#1787,.T.);
#3699=EDGE_CURVE('',#2906,#2728,#1788,.T.);
#3700=EDGE_CURVE('',#2907,#2729,#1789,.T.);
#3701=EDGE_CURVE('',#2906,#2907,#423,.T.);
#3702=EDGE_CURVE('',#2908,#2731,#1790,.T.);
#3703=EDGE_CURVE('',#2907,#2908,#1791,.T.);
#3704=EDGE_CURVE('',#2909,#2730,#1792,.T.);
#3705=EDGE_CURVE('',#2908,#2909,#424,.T.);
#3706=EDGE_CURVE('',#2909,#2910,#1793,.T.);
#3707=EDGE_CURVE('',#2910,#2732,#1794,.T.);
#3708=EDGE_CURVE('',#2910,#2911,#425,.T.);
#3709=EDGE_CURVE('',#2911,#2733,#1795,.T.);
#3710=EDGE_CURVE('',#2912,#2734,#1796,.T.);
#3711=EDGE_CURVE('',#2911,#2912,#426,.T.);
#3712=EDGE_CURVE('',#2912,#2913,#427,.T.);
#3713=EDGE_CURVE('',#2913,#2735,#1797,.T.);
#3714=EDGE_CURVE('',#2914,#2736,#1798,.T.);
#3715=EDGE_CURVE('',#2913,#2914,#428,.T.);
#3716=EDGE_CURVE('',#2914,#2915,#429,.T.);
#3717=EDGE_CURVE('',#2915,#2737,#1799,.T.);
#3718=EDGE_CURVE('',#2915,#2916,#1800,.T.);
#3719=EDGE_CURVE('',#2916,#2738,#1801,.T.);
#3720=EDGE_CURVE('',#2917,#2739,#1802,.T.);
#3721=EDGE_CURVE('',#2916,#2917,#430,.T.);
#3722=EDGE_CURVE('',#2918,#2741,#1803,.T.);
#3723=EDGE_CURVE('',#2917,#2918,#1804,.T.);
#3724=EDGE_CURVE('',#2919,#2740,#1805,.T.);
#3725=EDGE_CURVE('',#2918,#2919,#431,.T.);
#3726=EDGE_CURVE('',#2919,#2920,#1806,.T.);
#3727=EDGE_CURVE('',#2920,#2742,#1807,.T.);
#3728=EDGE_CURVE('',#2920,#2921,#432,.T.);
#3729=EDGE_CURVE('',#2921,#2743,#1808,.T.);
#3730=EDGE_CURVE('',#2922,#2744,#1809,.T.);
#3731=EDGE_CURVE('',#2921,#2922,#433,.T.);
#3732=EDGE_CURVE('',#2922,#2923,#434,.T.);
#3733=EDGE_CURVE('',#2923,#2745,#1810,.T.);
#3734=EDGE_CURVE('',#2924,#2746,#1811,.T.);
#3735=EDGE_CURVE('',#2923,#2924,#435,.T.);
#3736=EDGE_CURVE('',#2924,#2925,#436,.T.);
#3737=EDGE_CURVE('',#2925,#2747,#1812,.T.);
#3738=EDGE_CURVE('',#2925,#2926,#1813,.T.);
#3739=EDGE_CURVE('',#2926,#2748,#1814,.T.);
#3740=EDGE_CURVE('',#2927,#2749,#1815,.T.);
#3741=EDGE_CURVE('',#2926,#2927,#437,.T.);
#3742=EDGE_CURVE('',#2928,#2751,#1816,.T.);
#3743=EDGE_CURVE('',#2927,#2928,#1817,.T.);
#3744=EDGE_CURVE('',#2929,#2750,#1818,.T.);
#3745=EDGE_CURVE('',#2928,#2929,#438,.T.);
#3746=EDGE_CURVE('',#2929,#2930,#1819,.T.);
#3747=EDGE_CURVE('',#2930,#2752,#1820,.T.);
#3748=EDGE_CURVE('',#2930,#2931,#439,.T.);
#3749=EDGE_CURVE('',#2931,#2753,#1821,.T.);
#3750=EDGE_CURVE('',#2932,#2754,#1822,.T.);
#3751=EDGE_CURVE('',#2931,#2932,#440,.T.);
#3752=EDGE_CURVE('',#2932,#2933,#441,.T.);
#3753=EDGE_CURVE('',#2933,#2755,#1823,.T.);
#3754=EDGE_CURVE('',#2934,#2756,#1824,.T.);
#3755=EDGE_CURVE('',#2933,#2934,#442,.T.);
#3756=EDGE_CURVE('',#2934,#2935,#443,.T.);
#3757=EDGE_CURVE('',#2935,#2757,#1825,.T.);
#3758=EDGE_CURVE('',#2935,#2936,#1826,.T.);
#3759=EDGE_CURVE('',#2936,#2758,#1827,.T.);
#3760=EDGE_CURVE('',#2937,#2759,#1828,.T.);
#3761=EDGE_CURVE('',#2936,#2937,#444,.T.);
#3762=EDGE_CURVE('',#2938,#2760,#1829,.T.);
#3763=EDGE_CURVE('',#2937,#2938,#1830,.T.);
#3764=EDGE_CURVE('',#2939,#2761,#1831,.T.);
#3765=EDGE_CURVE('',#2938,#2939,#445,.T.);
#3766=EDGE_CURVE('',#2940,#2762,#1832,.T.);
#3767=EDGE_CURVE('',#2939,#2940,#1833,.T.);
#3768=EDGE_CURVE('',#2941,#2763,#1834,.T.);
#3769=EDGE_CURVE('',#2940,#2941,#446,.T.);
#3770=EDGE_CURVE('',#2942,#2765,#1835,.T.);
#3771=EDGE_CURVE('',#2941,#2942,#1836,.T.);
#3772=EDGE_CURVE('',#2943,#2764,#1837,.T.);
#3773=EDGE_CURVE('',#2942,#2943,#447,.T.);
#3774=EDGE_CURVE('',#2943,#2944,#1838,.T.);
#3775=EDGE_CURVE('',#2944,#2766,#1839,.T.);
#3776=EDGE_CURVE('',#2944,#2945,#448,.T.);
#3777=EDGE_CURVE('',#2945,#2767,#1840,.T.);
#3778=EDGE_CURVE('',#2946,#2768,#1841,.T.);
#3779=EDGE_CURVE('',#2945,#2946,#449,.T.);
#3780=EDGE_CURVE('',#2946,#2947,#450,.T.);
#3781=EDGE_CURVE('',#2947,#2769,#1842,.T.);
#3782=EDGE_CURVE('',#2948,#2770,#1843,.T.);
#3783=EDGE_CURVE('',#2947,#2948,#451,.T.);
#3784=EDGE_CURVE('',#2948,#2949,#452,.T.);
#3785=EDGE_CURVE('',#2949,#2771,#1844,.T.);
#3786=EDGE_CURVE('',#2949,#2950,#1845,.T.);
#3787=EDGE_CURVE('',#2950,#2772,#1846,.T.);
#3788=EDGE_CURVE('',#2951,#2773,#1847,.T.);
#3789=EDGE_CURVE('',#2950,#2951,#453,.T.);
#3790=EDGE_CURVE('',#2952,#2775,#1848,.T.);
#3791=EDGE_CURVE('',#2951,#2952,#1849,.T.);
#3792=EDGE_CURVE('',#2953,#2774,#1850,.T.);
#3793=EDGE_CURVE('',#2952,#2953,#454,.T.);
#3794=EDGE_CURVE('',#2953,#2954,#1851,.T.);
#3795=EDGE_CURVE('',#2954,#2776,#1852,.T.);
#3796=EDGE_CURVE('',#2954,#2955,#455,.T.);
#3797=EDGE_CURVE('',#2955,#2777,#1853,.T.);
#3798=EDGE_CURVE('',#2956,#2778,#1854,.T.);
#3799=EDGE_CURVE('',#2955,#2956,#456,.T.);
#3800=EDGE_CURVE('',#2956,#2957,#457,.T.);
#3801=EDGE_CURVE('',#2957,#2779,#1855,.T.);
#3802=EDGE_CURVE('',#2958,#2780,#1856,.T.);
#3803=EDGE_CURVE('',#2957,#2958,#458,.T.);
#3804=EDGE_CURVE('',#2958,#2959,#459,.T.);
#3805=EDGE_CURVE('',#2959,#2781,#1857,.T.);
#3806=EDGE_CURVE('',#2959,#2960,#1858,.T.);
#3807=EDGE_CURVE('',#2960,#2782,#1859,.T.);
#3808=EDGE_CURVE('',#2961,#2783,#1860,.T.);
#3809=EDGE_CURVE('',#2960,#2961,#460,.T.);
#3810=EDGE_CURVE('',#2962,#2784,#1861,.T.);
#3811=EDGE_CURVE('',#2961,#2962,#1862,.T.);
#3812=EDGE_CURVE('',#2963,#2785,#1863,.T.);
#3813=EDGE_CURVE('',#2962,#2963,#461,.T.);
#3814=EDGE_CURVE('',#2964,#2787,#1864,.T.);
#3815=EDGE_CURVE('',#2963,#2964,#1865,.T.);
#3816=EDGE_CURVE('',#2964,#2965,#462,.T.);
#3817=EDGE_CURVE('',#2789,#2965,#16,.T.);
#3818=EDGE_CURVE('',#2965,#2966,#1866,.T.);
#3819=EDGE_CURVE('',#2966,#2795,#1867,.T.);
#3820=EDGE_CURVE('',#2870,#2868,#1868,.T.);
#3821=EDGE_CURVE('',#2967,#2966,#1869,.F.);
#3822=EDGE_CURVE('',#2796,#2967,#1870,.T.);
#3823=EDGE_CURVE('',#2967,#2968,#1871,.T.);
#3824=EDGE_CURVE('',#2804,#2968,#1872,.T.);
#3825=EDGE_CURVE('',#2867,#2869,#1873,.T.);
#3826=EDGE_CURVE('',#2805,#2968,#1874,.T.);
#3827=EDGE_CURVE('',#2805,#2969,#1875,.T.);
#3828=EDGE_CURVE('',#2969,#2808,#1876,.T.);
#3829=EDGE_CURVE('',#2970,#2807,#1877,.T.);
#3830=EDGE_CURVE('',#2969,#2970,#463,.T.);
#3831=EDGE_CURVE('',#2970,#2809,#1878,.T.);
#3832=EDGE_CURVE('',#2809,#2971,#1879,.T.);
#3833=EDGE_CURVE('',#2971,#2811,#464,.F.);
#3834=EDGE_CURVE('',#2972,#2971,#1880,.F.);
#3835=EDGE_CURVE('',#2814,#2972,#465,.F.);
#3836=EDGE_CURVE('',#2972,#2817,#1881,.T.);
#3837=EDGE_CURVE('',#2817,#2973,#1882,.T.);
#3838=EDGE_CURVE('',#2973,#2816,#1883,.T.);
#3839=EDGE_CURVE('',#2974,#2818,#1884,.T.);
#3840=EDGE_CURVE('',#2973,#2974,#466,.T.);
#3841=EDGE_CURVE('',#2975,#2819,#1885,.T.);
#3842=EDGE_CURVE('',#2974,#2975,#1886,.T.);
#3843=EDGE_CURVE('',#2829,#2976,#1887,.T.);
#3844=EDGE_CURVE('',#2976,#2977,#467,.T.);
#3845=EDGE_CURVE('',#2826,#2977,#1888,.T.);
#3846=EDGE_CURVE('',#2978,#2819,#468,.T.);
#3847=EDGE_CURVE('',#2820,#2978,#1889,.T.);
#3848=EDGE_CURVE('',#2820,#2823,#1890,.T.);
#3849=EDGE_CURVE('',#2823,#2865,#1891,.T.);
#3850=EDGE_CURVE('',#2862,#2979,#1892,.T.);
#3851=EDGE_CURVE('',#2862,#2866,#1893,.T.);
#3852=EDGE_CURVE('',#2865,#2979,#1894,.T.);
#3853=EDGE_CURVE('',#2979,#2976,#469,.T.);
#3854=EDGE_CURVE('',#2977,#2980,#1895,.T.);
#3855=EDGE_CURVE('',#2825,#2980,#1896,.T.);
#3856=EDGE_CURVE('',#2456,#2825,#470,.T.);
#3857=EDGE_CURVE('',#2456,#2981,#1897,.T.);
#3858=EDGE_CURVE('',#2981,#2827,#471,.F.);
#3859=EDGE_CURVE('',#2982,#2981,#472,.F.);
#3860=EDGE_CURVE('',#2863,#2982,#1898,.T.);
#3861=EDGE_CURVE('',#2982,#2454,#1899,.T.);
#3862=EDGE_CURVE('',#2983,#2454,#1900,.T.);
#3863=EDGE_CURVE('',#2975,#2983,#473,.T.);
#3864=EDGE_CURVE('',#2983,#2978,#1901,.T.);
#3865=EDGE_CURVE('',#2455,#2978,#1902,.T.);
#3866=EDGE_CURVE('',#2980,#2457,#474,.T.);
#3867=ORIENTED_EDGE('',*,*,#2984,.F.);
#3868=ORIENTED_EDGE('',*,*,#2985,.T.);
#3869=ORIENTED_EDGE('',*,*,#2986,.T.);
#3870=ORIENTED_EDGE('',*,*,#2987,.F.);
#3871=ORIENTED_EDGE('',*,*,#2988,.F.);
#3872=ORIENTED_EDGE('',*,*,#2989,.T.);
#3873=ORIENTED_EDGE('',*,*,#2990,.T.);
#3874=ORIENTED_EDGE('',*,*,#2985,.F.);
#3875=ORIENTED_EDGE('',*,*,#2991,.F.);
#3876=ORIENTED_EDGE('',*,*,#2992,.T.);
#3877=ORIENTED_EDGE('',*,*,#2993,.T.);
#3878=ORIENTED_EDGE('',*,*,#2989,.F.);
#3879=ORIENTED_EDGE('',*,*,#2994,.F.);
#3880=ORIENTED_EDGE('',*,*,#2987,.T.);
#3881=ORIENTED_EDGE('',*,*,#2995,.T.);
#3882=ORIENTED_EDGE('',*,*,#2992,.F.);
#3883=ORIENTED_EDGE('',*,*,#2995,.F.);
#3884=ORIENTED_EDGE('',*,*,#2986,.F.);
#3885=ORIENTED_EDGE('',*,*,#2990,.F.);
#3886=ORIENTED_EDGE('',*,*,#2993,.F.);
#3887=ORIENTED_EDGE('',*,*,#2996,.F.);
#3888=ORIENTED_EDGE('',*,*,#2997,.T.);
#3889=ORIENTED_EDGE('',*,*,#2998,.T.);
#3890=ORIENTED_EDGE('',*,*,#2999,.T.);
#3891=ORIENTED_EDGE('',*,*,#3000,.F.);
#3892=ORIENTED_EDGE('',*,*,#3001,.F.);
#3893=ORIENTED_EDGE('',*,*,#3002,.F.);
#3894=ORIENTED_EDGE('',*,*,#3003,.F.);
#3895=ORIENTED_EDGE('',*,*,#3004,.F.);
#3896=ORIENTED_EDGE('',*,*,#3005,.F.);
#3897=ORIENTED_EDGE('',*,*,#3006,.F.);
#3898=ORIENTED_EDGE('',*,*,#3007,.F.);
#3899=ORIENTED_EDGE('',*,*,#3008,.F.);
#3900=ORIENTED_EDGE('',*,*,#3009,.F.);
#3901=ORIENTED_EDGE('',*,*,#3010,.F.);
#3902=ORIENTED_EDGE('',*,*,#3011,.T.);
#3903=ORIENTED_EDGE('',*,*,#3000,.T.);
#3904=ORIENTED_EDGE('',*,*,#3011,.F.);
#3905=ORIENTED_EDGE('',*,*,#3012,.F.);
#3906=ORIENTED_EDGE('',*,*,#3013,.T.);
#3907=ORIENTED_EDGE('',*,*,#3001,.T.);
#3908=ORIENTED_EDGE('',*,*,#3013,.F.);
#3909=ORIENTED_EDGE('',*,*,#3014,.T.);
#3910=ORIENTED_EDGE('',*,*,#3015,.T.);
#3911=ORIENTED_EDGE('',*,*,#3002,.T.);
#3912=ORIENTED_EDGE('',*,*,#3015,.F.);
#3913=ORIENTED_EDGE('',*,*,#3016,.T.);
#3914=ORIENTED_EDGE('',*,*,#3017,.T.);
#3915=ORIENTED_EDGE('',*,*,#3003,.T.);
#3916=ORIENTED_EDGE('',*,*,#3017,.F.);
#3917=ORIENTED_EDGE('',*,*,#3018,.T.);
#3918=ORIENTED_EDGE('',*,*,#3019,.T.);
#3919=ORIENTED_EDGE('',*,*,#3004,.T.);
#3920=ORIENTED_EDGE('',*,*,#3019,.F.);
#3921=ORIENTED_EDGE('',*,*,#3020,.T.);
#3922=ORIENTED_EDGE('',*,*,#3021,.T.);
#3923=ORIENTED_EDGE('',*,*,#3005,.T.);
#3924=ORIENTED_EDGE('',*,*,#3021,.F.);
#3925=ORIENTED_EDGE('',*,*,#3022,.T.);
#3926=ORIENTED_EDGE('',*,*,#3023,.T.);
#3927=ORIENTED_EDGE('',*,*,#3006,.T.);
#3928=ORIENTED_EDGE('',*,*,#3023,.F.);
#3929=ORIENTED_EDGE('',*,*,#3024,.T.);
#3930=ORIENTED_EDGE('',*,*,#3025,.T.);
#3931=ORIENTED_EDGE('',*,*,#3007,.T.);
#3932=ORIENTED_EDGE('',*,*,#3025,.F.);
#3933=ORIENTED_EDGE('',*,*,#3026,.T.);
#3934=ORIENTED_EDGE('',*,*,#3027,.T.);
#3935=ORIENTED_EDGE('',*,*,#3008,.T.);
#3936=ORIENTED_EDGE('',*,*,#3027,.F.);
#3937=ORIENTED_EDGE('',*,*,#3028,.T.);
#3938=ORIENTED_EDGE('',*,*,#3029,.T.);
#3939=ORIENTED_EDGE('',*,*,#3009,.T.);
#3940=ORIENTED_EDGE('',*,*,#3029,.F.);
#3941=ORIENTED_EDGE('',*,*,#3030,.F.);
#3942=ORIENTED_EDGE('',*,*,#3031,.F.);
#3943=ORIENTED_EDGE('',*,*,#3032,.F.);
#3944=ORIENTED_EDGE('',*,*,#3033,.F.);
#3945=ORIENTED_EDGE('',*,*,#3034,.T.);
#3946=ORIENTED_EDGE('',*,*,#3035,.F.);
#3947=ORIENTED_EDGE('',*,*,#3036,.T.);
#3948=ORIENTED_EDGE('',*,*,#3037,.F.);
#3949=ORIENTED_EDGE('',*,*,#3038,.T.);
#3950=ORIENTED_EDGE('',*,*,#3039,.F.);
#3951=ORIENTED_EDGE('',*,*,#3040,.T.);
#3952=ORIENTED_EDGE('',*,*,#3041,.F.);
#3953=ORIENTED_EDGE('',*,*,#3012,.T.);
#3954=ORIENTED_EDGE('',*,*,#3010,.T.);
#3955=ORIENTED_EDGE('',*,*,#3042,.T.);
#3956=ORIENTED_EDGE('',*,*,#3043,.F.);
#3957=ORIENTED_EDGE('',*,*,#3044,.T.);
#3958=ORIENTED_EDGE('',*,*,#3045,.F.);
#3959=ORIENTED_EDGE('',*,*,#3046,.T.);
#3960=ORIENTED_EDGE('',*,*,#3047,.F.);
#3961=ORIENTED_EDGE('',*,*,#3048,.T.);
#3962=ORIENTED_EDGE('',*,*,#3049,.F.);
#3963=ORIENTED_EDGE('',*,*,#3050,.F.);
#3964=ORIENTED_EDGE('',*,*,#3051,.F.);
#3965=ORIENTED_EDGE('',*,*,#3052,.F.);
#3966=ORIENTED_EDGE('',*,*,#3053,.F.);
#3967=ORIENTED_EDGE('',*,*,#3054,.F.);
#3968=ORIENTED_EDGE('',*,*,#3055,.F.);
#3969=ORIENTED_EDGE('',*,*,#3056,.F.);
#3970=ORIENTED_EDGE('',*,*,#3057,.F.);
#3971=ORIENTED_EDGE('',*,*,#3058,.F.);
#3972=ORIENTED_EDGE('',*,*,#3059,.F.);
#3973=ORIENTED_EDGE('',*,*,#3014,.F.);
#3974=ORIENTED_EDGE('',*,*,#3060,.F.);
#3975=ORIENTED_EDGE('',*,*,#3061,.T.);
#3976=ORIENTED_EDGE('',*,*,#3062,.F.);
#3977=ORIENTED_EDGE('',*,*,#3031,.T.);
#3978=ORIENTED_EDGE('',*,*,#3063,.F.);
#3979=ORIENTED_EDGE('',*,*,#3064,.F.);
#3980=ORIENTED_EDGE('',*,*,#3065,.F.);
#3981=ORIENTED_EDGE('',*,*,#3066,.F.);
#3982=ORIENTED_EDGE('',*,*,#3067,.F.);
#3983=ORIENTED_EDGE('',*,*,#3068,.F.);
#3984=ORIENTED_EDGE('',*,*,#3069,.F.);
#3985=ORIENTED_EDGE('',*,*,#3070,.F.);
#3986=ORIENTED_EDGE('',*,*,#3071,.F.);
#3987=ORIENTED_EDGE('',*,*,#3072,.F.);
#3988=ORIENTED_EDGE('',*,*,#3016,.F.);
#3989=ORIENTED_EDGE('',*,*,#3073,.F.);
#3990=ORIENTED_EDGE('',*,*,#3074,.F.);
#3991=ORIENTED_EDGE('',*,*,#3075,.F.);
#3992=ORIENTED_EDGE('',*,*,#3076,.F.);
#3993=ORIENTED_EDGE('',*,*,#3077,.F.);
#3994=ORIENTED_EDGE('',*,*,#3078,.F.);
#3995=ORIENTED_EDGE('',*,*,#3079,.F.);
#3996=ORIENTED_EDGE('',*,*,#3080,.F.);
#3997=ORIENTED_EDGE('',*,*,#3081,.F.);
#3998=ORIENTED_EDGE('',*,*,#3082,.F.);
#3999=ORIENTED_EDGE('',*,*,#3018,.F.);
#4000=ORIENTED_EDGE('',*,*,#3083,.F.);
#4001=ORIENTED_EDGE('',*,*,#3084,.F.);
#4002=ORIENTED_EDGE('',*,*,#3085,.F.);
#4003=ORIENTED_EDGE('',*,*,#3086,.F.);
#4004=ORIENTED_EDGE('',*,*,#3087,.F.);
#4005=ORIENTED_EDGE('',*,*,#3088,.F.);
#4006=ORIENTED_EDGE('',*,*,#3089,.F.);
#4007=ORIENTED_EDGE('',*,*,#3090,.F.);
#4008=ORIENTED_EDGE('',*,*,#3091,.F.);
#4009=ORIENTED_EDGE('',*,*,#3092,.F.);
#4010=ORIENTED_EDGE('',*,*,#3020,.F.);
#4011=ORIENTED_EDGE('',*,*,#3093,.F.);
#4012=ORIENTED_EDGE('',*,*,#3094,.F.);
#4013=ORIENTED_EDGE('',*,*,#3095,.F.);
#4014=ORIENTED_EDGE('',*,*,#3096,.F.);
#4015=ORIENTED_EDGE('',*,*,#3097,.F.);
#4016=ORIENTED_EDGE('',*,*,#3098,.F.);
#4017=ORIENTED_EDGE('',*,*,#3099,.F.);
#4018=ORIENTED_EDGE('',*,*,#3100,.F.);
#4019=ORIENTED_EDGE('',*,*,#3101,.F.);
#4020=ORIENTED_EDGE('',*,*,#3102,.F.);
#4021=ORIENTED_EDGE('',*,*,#3022,.F.);
#4022=ORIENTED_EDGE('',*,*,#3103,.F.);
#4023=ORIENTED_EDGE('',*,*,#3104,.F.);
#4024=ORIENTED_EDGE('',*,*,#3105,.F.);
#4025=ORIENTED_EDGE('',*,*,#3106,.F.);
#4026=ORIENTED_EDGE('',*,*,#3107,.F.);
#4027=ORIENTED_EDGE('',*,*,#3108,.F.);
#4028=ORIENTED_EDGE('',*,*,#3109,.F.);
#4029=ORIENTED_EDGE('',*,*,#3110,.F.);
#4030=ORIENTED_EDGE('',*,*,#3111,.F.);
#4031=ORIENTED_EDGE('',*,*,#3112,.F.);
#4032=ORIENTED_EDGE('',*,*,#3024,.F.);
#4033=ORIENTED_EDGE('',*,*,#3113,.F.);
#4034=ORIENTED_EDGE('',*,*,#3114,.F.);
#4035=ORIENTED_EDGE('',*,*,#3115,.F.);
#4036=ORIENTED_EDGE('',*,*,#3116,.F.);
#4037=ORIENTED_EDGE('',*,*,#3117,.F.);
#4038=ORIENTED_EDGE('',*,*,#3118,.F.);
#4039=ORIENTED_EDGE('',*,*,#3119,.F.);
#4040=ORIENTED_EDGE('',*,*,#3120,.F.);
#4041=ORIENTED_EDGE('',*,*,#3121,.F.);
#4042=ORIENTED_EDGE('',*,*,#3122,.F.);
#4043=ORIENTED_EDGE('',*,*,#3026,.F.);
#4044=ORIENTED_EDGE('',*,*,#3123,.F.);
#4045=ORIENTED_EDGE('',*,*,#3033,.T.);
#4046=ORIENTED_EDGE('',*,*,#3124,.F.);
#4047=ORIENTED_EDGE('',*,*,#3125,.T.);
#4048=ORIENTED_EDGE('',*,*,#3126,.F.);
#4049=ORIENTED_EDGE('',*,*,#3127,.F.);
#4050=ORIENTED_EDGE('',*,*,#3128,.F.);
#4051=ORIENTED_EDGE('',*,*,#3129,.F.);
#4052=ORIENTED_EDGE('',*,*,#3130,.F.);
#4053=ORIENTED_EDGE('',*,*,#3131,.F.);
#4054=ORIENTED_EDGE('',*,*,#3132,.F.);
#4055=ORIENTED_EDGE('',*,*,#3133,.F.);
#4056=ORIENTED_EDGE('',*,*,#3134,.F.);
#4057=ORIENTED_EDGE('',*,*,#3135,.F.);
#4058=ORIENTED_EDGE('',*,*,#3028,.F.);
#4059=ORIENTED_EDGE('',*,*,#3136,.T.);
#4060=ORIENTED_EDGE('',*,*,#3137,.T.);
#4061=ORIENTED_EDGE('',*,*,#3138,.T.);
#4062=ORIENTED_EDGE('',*,*,#3139,.T.);
#4063=ORIENTED_EDGE('',*,*,#3140,.T.);
#4064=ORIENTED_EDGE('',*,*,#3123,.T.);
#4065=ORIENTED_EDGE('',*,*,#3138,.F.);
#4066=ORIENTED_EDGE('',*,*,#3141,.T.);
#4067=ORIENTED_EDGE('',*,*,#3142,.T.);
#4068=ORIENTED_EDGE('',*,*,#3030,.T.);
#4069=ORIENTED_EDGE('',*,*,#3140,.F.);
#4070=ORIENTED_EDGE('',*,*,#3143,.T.);
#4071=ORIENTED_EDGE('',*,*,#3144,.T.);
#4072=ORIENTED_EDGE('',*,*,#3060,.T.);
#4073=ORIENTED_EDGE('',*,*,#3142,.F.);
#4074=ORIENTED_EDGE('',*,*,#3145,.T.);
#4075=ORIENTED_EDGE('',*,*,#3146,.T.);
#4076=ORIENTED_EDGE('',*,*,#3147,.T.);
#4077=ORIENTED_EDGE('',*,*,#3144,.F.);
#4078=ORIENTED_EDGE('',*,*,#3148,.T.);
#4079=ORIENTED_EDGE('',*,*,#3149,.T.);
#4080=ORIENTED_EDGE('',*,*,#3150,.T.);
#4081=ORIENTED_EDGE('',*,*,#3151,.F.);
#4082=ORIENTED_EDGE('',*,*,#3152,.T.);
#4083=ORIENTED_EDGE('',*,*,#3151,.T.);
#4084=ORIENTED_EDGE('',*,*,#3153,.T.);
#4085=ORIENTED_EDGE('',*,*,#3154,.F.);
#4086=ORIENTED_EDGE('',*,*,#3155,.T.);
#4087=ORIENTED_EDGE('',*,*,#3156,.T.);
#4088=ORIENTED_EDGE('',*,*,#3157,.T.);
#4089=ORIENTED_EDGE('',*,*,#3149,.F.);
#4090=ORIENTED_EDGE('',*,*,#3158,.T.);
#4091=ORIENTED_EDGE('',*,*,#3159,.F.);
#4092=ORIENTED_EDGE('',*,*,#3160,.T.);
#4093=ORIENTED_EDGE('',*,*,#3161,.F.);
#4094=ORIENTED_EDGE('',*,*,#3162,.T.);
#4095=ORIENTED_EDGE('',*,*,#3161,.T.);
#4096=ORIENTED_EDGE('',*,*,#3163,.T.);
#4097=ORIENTED_EDGE('',*,*,#3164,.F.);
#4098=ORIENTED_EDGE('',*,*,#3165,.T.);
#4099=ORIENTED_EDGE('',*,*,#3164,.T.);
#4100=ORIENTED_EDGE('',*,*,#3166,.T.);
#4101=ORIENTED_EDGE('',*,*,#3167,.F.);
#4102=ORIENTED_EDGE('',*,*,#3168,.T.);
#4103=ORIENTED_EDGE('',*,*,#3167,.T.);
#4104=ORIENTED_EDGE('',*,*,#3169,.T.);
#4105=ORIENTED_EDGE('',*,*,#3170,.F.);
#4106=ORIENTED_EDGE('',*,*,#3171,.T.);
#4107=ORIENTED_EDGE('',*,*,#3170,.T.);
#4108=ORIENTED_EDGE('',*,*,#3172,.T.);
#4109=ORIENTED_EDGE('',*,*,#3173,.F.);
#4110=ORIENTED_EDGE('',*,*,#3174,.T.);
#4111=ORIENTED_EDGE('',*,*,#3173,.T.);
#4112=ORIENTED_EDGE('',*,*,#3175,.T.);
#4113=ORIENTED_EDGE('',*,*,#3176,.F.);
#4114=ORIENTED_EDGE('',*,*,#3177,.T.);
#4115=ORIENTED_EDGE('',*,*,#3176,.T.);
#4116=ORIENTED_EDGE('',*,*,#3178,.T.);
#4117=ORIENTED_EDGE('',*,*,#3179,.F.);
#4118=ORIENTED_EDGE('',*,*,#3180,.T.);
#4119=ORIENTED_EDGE('',*,*,#3179,.T.);
#4120=ORIENTED_EDGE('',*,*,#3181,.T.);
#4121=ORIENTED_EDGE('',*,*,#3182,.F.);
#4122=ORIENTED_EDGE('',*,*,#3183,.T.);
#4123=ORIENTED_EDGE('',*,*,#3184,.F.);
#4124=ORIENTED_EDGE('',*,*,#3062,.T.);
#4125=ORIENTED_EDGE('',*,*,#3182,.T.);
#4126=ORIENTED_EDGE('',*,*,#3185,.T.);
#4127=ORIENTED_EDGE('',*,*,#3184,.T.);
#4128=ORIENTED_EDGE('',*,*,#3186,.T.);
#4129=ORIENTED_EDGE('',*,*,#3187,.F.);
#4130=ORIENTED_EDGE('',*,*,#3032,.T.);
#4131=ORIENTED_EDGE('',*,*,#3188,.F.);
#4132=ORIENTED_EDGE('',*,*,#3124,.T.);
#4133=ORIENTED_EDGE('',*,*,#3187,.T.);
#4134=ORIENTED_EDGE('',*,*,#3189,.T.);
#4135=ORIENTED_EDGE('',*,*,#3188,.T.);
#4136=ORIENTED_EDGE('',*,*,#3190,.T.);
#4137=ORIENTED_EDGE('',*,*,#3159,.T.);
#4138=ORIENTED_EDGE('',*,*,#3191,.T.);
#4139=ORIENTED_EDGE('',*,*,#3036,.F.);
#4140=ORIENTED_EDGE('',*,*,#3192,.T.);
#4141=ORIENTED_EDGE('',*,*,#3193,.T.);
#4142=ORIENTED_EDGE('',*,*,#3194,.T.);
#4143=ORIENTED_EDGE('',*,*,#3194,.F.);
#4144=ORIENTED_EDGE('',*,*,#3195,.F.);
#4145=ORIENTED_EDGE('',*,*,#3196,.F.);
#4146=ORIENTED_EDGE('',*,*,#3037,.T.);
#4147=ORIENTED_EDGE('',*,*,#3038,.F.);
#4148=ORIENTED_EDGE('',*,*,#3196,.T.);
#4149=ORIENTED_EDGE('',*,*,#3197,.T.);
#4150=ORIENTED_EDGE('',*,*,#3198,.T.);
#4151=ORIENTED_EDGE('',*,*,#3199,.F.);
#4152=ORIENTED_EDGE('',*,*,#3039,.T.);
#4153=ORIENTED_EDGE('',*,*,#3198,.F.);
#4154=ORIENTED_EDGE('',*,*,#3200,.F.);
#4155=ORIENTED_EDGE('',*,*,#3040,.F.);
#4156=ORIENTED_EDGE('',*,*,#3199,.T.);
#4157=ORIENTED_EDGE('',*,*,#3201,.T.);
#4158=ORIENTED_EDGE('',*,*,#3202,.T.);
#4159=ORIENTED_EDGE('',*,*,#3203,.F.);
#4160=ORIENTED_EDGE('',*,*,#3041,.T.);
#4161=ORIENTED_EDGE('',*,*,#3202,.F.);
#4162=ORIENTED_EDGE('',*,*,#3204,.F.);
#4163=ORIENTED_EDGE('',*,*,#3034,.F.);
#4164=ORIENTED_EDGE('',*,*,#3203,.T.);
#4165=ORIENTED_EDGE('',*,*,#3205,.T.);
#4166=ORIENTED_EDGE('',*,*,#3206,.T.);
#4167=ORIENTED_EDGE('',*,*,#3206,.F.);
#4168=ORIENTED_EDGE('',*,*,#3207,.F.);
#4169=ORIENTED_EDGE('',*,*,#3192,.F.);
#4170=ORIENTED_EDGE('',*,*,#3035,.T.);
#4171=ORIENTED_EDGE('',*,*,#3208,.F.);
#4172=ORIENTED_EDGE('',*,*,#3209,.F.);
#4173=ORIENTED_EDGE('',*,*,#3210,.T.);
#4174=ORIENTED_EDGE('',*,*,#3211,.T.);
#4175=ORIENTED_EDGE('',*,*,#3210,.F.);
#4176=ORIENTED_EDGE('',*,*,#3212,.F.);
#4177=ORIENTED_EDGE('',*,*,#3213,.F.);
#4178=ORIENTED_EDGE('',*,*,#3214,.F.);
#4179=ORIENTED_EDGE('',*,*,#3215,.F.);
#4180=ORIENTED_EDGE('',*,*,#3216,.F.);
#4181=ORIENTED_EDGE('',*,*,#3213,.T.);
#4182=ORIENTED_EDGE('',*,*,#3217,.T.);
#4183=ORIENTED_EDGE('',*,*,#3218,.T.);
#4184=ORIENTED_EDGE('',*,*,#3219,.T.);
#4185=ORIENTED_EDGE('',*,*,#3220,.T.);
#4186=ORIENTED_EDGE('',*,*,#3215,.T.);
#4187=ORIENTED_EDGE('',*,*,#3219,.F.);
#4188=ORIENTED_EDGE('',*,*,#3221,.T.);
#4189=ORIENTED_EDGE('',*,*,#3222,.F.);
#4190=ORIENTED_EDGE('',*,*,#3223,.T.);
#4191=ORIENTED_EDGE('',*,*,#3222,.T.);
#4192=ORIENTED_EDGE('',*,*,#3224,.T.);
#4193=ORIENTED_EDGE('',*,*,#3225,.T.);
#4194=ORIENTED_EDGE('',*,*,#3226,.T.);
#4195=ORIENTED_EDGE('',*,*,#3225,.F.);
#4196=ORIENTED_EDGE('',*,*,#3227,.T.);
#4197=ORIENTED_EDGE('',*,*,#3228,.F.);
#4198=ORIENTED_EDGE('',*,*,#3229,.T.);
#4199=ORIENTED_EDGE('',*,*,#3228,.T.);
#4200=ORIENTED_EDGE('',*,*,#3230,.T.);
#4201=ORIENTED_EDGE('',*,*,#3231,.F.);
#4202=ORIENTED_EDGE('',*,*,#3232,.T.);
#4203=ORIENTED_EDGE('',*,*,#3233,.F.);
#4204=ORIENTED_EDGE('',*,*,#3234,.T.);
#4205=ORIENTED_EDGE('',*,*,#3235,.T.);
#4206=ORIENTED_EDGE('',*,*,#3236,.T.);
#4207=ORIENTED_EDGE('',*,*,#3237,.T.);
#4208=ORIENTED_EDGE('',*,*,#3233,.T.);
#4209=ORIENTED_EDGE('',*,*,#3238,.T.);
#4210=ORIENTED_EDGE('',*,*,#3208,.T.);
#4211=ORIENTED_EDGE('',*,*,#3231,.T.);
#4212=ORIENTED_EDGE('',*,*,#3239,.T.);
#4213=ORIENTED_EDGE('',*,*,#3240,.F.);
#4214=ORIENTED_EDGE('',*,*,#3241,.T.);
#4215=ORIENTED_EDGE('',*,*,#3242,.F.);
#4216=ORIENTED_EDGE('',*,*,#3243,.T.);
#4217=ORIENTED_EDGE('',*,*,#3244,.T.);
#4218=ORIENTED_EDGE('',*,*,#3245,.T.);
#4219=ORIENTED_EDGE('',*,*,#3242,.T.);
#4220=ORIENTED_EDGE('',*,*,#3246,.T.);
#4221=ORIENTED_EDGE('',*,*,#3247,.F.);
#4222=ORIENTED_EDGE('',*,*,#3248,.T.);
#4223=ORIENTED_EDGE('',*,*,#3249,.F.);
#4224=ORIENTED_EDGE('',*,*,#3250,.T.);
#4225=ORIENTED_EDGE('',*,*,#3247,.T.);
#4226=ORIENTED_EDGE('',*,*,#3251,.T.);
#4227=ORIENTED_EDGE('',*,*,#3252,.F.);
#4228=ORIENTED_EDGE('',*,*,#3253,.F.);
#4229=ORIENTED_EDGE('',*,*,#3254,.T.);
#4230=ORIENTED_EDGE('',*,*,#3049,.T.);
#4231=ORIENTED_EDGE('',*,*,#3255,.T.);
#4232=ORIENTED_EDGE('',*,*,#3256,.F.);
#4233=ORIENTED_EDGE('',*,*,#3257,.F.);
#4234=ORIENTED_EDGE('',*,*,#3042,.F.);
#4235=ORIENTED_EDGE('',*,*,#3254,.F.);
#4236=ORIENTED_EDGE('',*,*,#3258,.F.);
#4237=ORIENTED_EDGE('',*,*,#3259,.T.);
#4238=ORIENTED_EDGE('',*,*,#3043,.T.);
#4239=ORIENTED_EDGE('',*,*,#3257,.T.);
#4240=ORIENTED_EDGE('',*,*,#3260,.F.);
#4241=ORIENTED_EDGE('',*,*,#3261,.F.);
#4242=ORIENTED_EDGE('',*,*,#3044,.F.);
#4243=ORIENTED_EDGE('',*,*,#3259,.F.);
#4244=ORIENTED_EDGE('',*,*,#3262,.F.);
#4245=ORIENTED_EDGE('',*,*,#3263,.T.);
#4246=ORIENTED_EDGE('',*,*,#3045,.T.);
#4247=ORIENTED_EDGE('',*,*,#3261,.T.);
#4248=ORIENTED_EDGE('',*,*,#3264,.F.);
#4249=ORIENTED_EDGE('',*,*,#3265,.F.);
#4250=ORIENTED_EDGE('',*,*,#3046,.F.);
#4251=ORIENTED_EDGE('',*,*,#3263,.F.);
#4252=ORIENTED_EDGE('',*,*,#3266,.F.);
#4253=ORIENTED_EDGE('',*,*,#3267,.T.);
#4254=ORIENTED_EDGE('',*,*,#3047,.T.);
#4255=ORIENTED_EDGE('',*,*,#3265,.T.);
#4256=ORIENTED_EDGE('',*,*,#3268,.F.);
#4257=ORIENTED_EDGE('',*,*,#3255,.F.);
#4258=ORIENTED_EDGE('',*,*,#3048,.F.);
#4259=ORIENTED_EDGE('',*,*,#3267,.F.);
#4260=ORIENTED_EDGE('',*,*,#3269,.F.);
#4261=ORIENTED_EDGE('',*,*,#3270,.F.);
#4262=ORIENTED_EDGE('',*,*,#3271,.F.);
#4263=ORIENTED_EDGE('',*,*,#3272,.F.);
#4264=ORIENTED_EDGE('',*,*,#3273,.F.);
#4265=ORIENTED_EDGE('',*,*,#3274,.F.);
#4266=ORIENTED_EDGE('',*,*,#3275,.F.);
#4267=ORIENTED_EDGE('',*,*,#3276,.F.);
#4268=ORIENTED_EDGE('',*,*,#3277,.F.);
#4269=ORIENTED_EDGE('',*,*,#3278,.F.);
#4270=ORIENTED_EDGE('',*,*,#3279,.F.);
#4271=ORIENTED_EDGE('',*,*,#3280,.F.);
#4272=ORIENTED_EDGE('',*,*,#3281,.F.);
#4273=ORIENTED_EDGE('',*,*,#3282,.F.);
#4274=ORIENTED_EDGE('',*,*,#3283,.F.);
#4275=ORIENTED_EDGE('',*,*,#3284,.F.);
#4276=ORIENTED_EDGE('',*,*,#3285,.F.);
#4277=ORIENTED_EDGE('',*,*,#3286,.F.);
#4278=ORIENTED_EDGE('',*,*,#3287,.F.);
#4279=ORIENTED_EDGE('',*,*,#3288,.F.);
#4280=ORIENTED_EDGE('',*,*,#3289,.F.);
#4281=ORIENTED_EDGE('',*,*,#3290,.F.);
#4282=ORIENTED_EDGE('',*,*,#3291,.T.);
#4283=ORIENTED_EDGE('',*,*,#3249,.T.);
#4284=ORIENTED_EDGE('',*,*,#3292,.T.);
#4285=ORIENTED_EDGE('',*,*,#3293,.F.);
#4286=ORIENTED_EDGE('',*,*,#3294,.F.);
#4287=ORIENTED_EDGE('',*,*,#3295,.F.);
#4288=ORIENTED_EDGE('',*,*,#3296,.T.);
#4289=ORIENTED_EDGE('',*,*,#3297,.F.);
#4290=ORIENTED_EDGE('',*,*,#3298,.F.);
#4291=ORIENTED_EDGE('',*,*,#3299,.T.);
#4292=ORIENTED_EDGE('',*,*,#3146,.F.);
#4293=ORIENTED_EDGE('',*,*,#3300,.T.);
#4294=ORIENTED_EDGE('',*,*,#3295,.T.);
#4295=ORIENTED_EDGE('',*,*,#3301,.F.);
#4296=ORIENTED_EDGE('',*,*,#3302,.T.);
#4297=ORIENTED_EDGE('',*,*,#3056,.T.);
#4298=ORIENTED_EDGE('',*,*,#3303,.T.);
#4299=ORIENTED_EDGE('',*,*,#3304,.F.);
#4300=ORIENTED_EDGE('',*,*,#3305,.T.);
#4301=ORIENTED_EDGE('',*,*,#3057,.T.);
#4302=ORIENTED_EDGE('',*,*,#3302,.F.);
#4303=ORIENTED_EDGE('',*,*,#3306,.F.);
#4304=ORIENTED_EDGE('',*,*,#3307,.F.);
#4305=ORIENTED_EDGE('',*,*,#3058,.T.);
#4306=ORIENTED_EDGE('',*,*,#3305,.F.);
#4307=ORIENTED_EDGE('',*,*,#3308,.F.);
#4308=ORIENTED_EDGE('',*,*,#3309,.T.);
#4309=ORIENTED_EDGE('',*,*,#3059,.T.);
#4310=ORIENTED_EDGE('',*,*,#3307,.T.);
#4311=ORIENTED_EDGE('',*,*,#3310,.F.);
#4312=ORIENTED_EDGE('',*,*,#3311,.F.);
#4313=ORIENTED_EDGE('',*,*,#3050,.T.);
#4314=ORIENTED_EDGE('',*,*,#3309,.F.);
#4315=ORIENTED_EDGE('',*,*,#3312,.F.);
#4316=ORIENTED_EDGE('',*,*,#3313,.T.);
#4317=ORIENTED_EDGE('',*,*,#3051,.T.);
#4318=ORIENTED_EDGE('',*,*,#3311,.T.);
#4319=ORIENTED_EDGE('',*,*,#3314,.F.);
#4320=ORIENTED_EDGE('',*,*,#3315,.T.);
#4321=ORIENTED_EDGE('',*,*,#3052,.T.);
#4322=ORIENTED_EDGE('',*,*,#3313,.F.);
#4323=ORIENTED_EDGE('',*,*,#3316,.F.);
#4324=ORIENTED_EDGE('',*,*,#3317,.T.);
#4325=ORIENTED_EDGE('',*,*,#3053,.T.);
#4326=ORIENTED_EDGE('',*,*,#3315,.F.);
#4327=ORIENTED_EDGE('',*,*,#3318,.F.);
#4328=ORIENTED_EDGE('',*,*,#3319,.F.);
#4329=ORIENTED_EDGE('',*,*,#3054,.T.);
#4330=ORIENTED_EDGE('',*,*,#3317,.F.);
#4331=ORIENTED_EDGE('',*,*,#3320,.F.);
#4332=ORIENTED_EDGE('',*,*,#3321,.T.);
#4333=ORIENTED_EDGE('',*,*,#3067,.T.);
#4334=ORIENTED_EDGE('',*,*,#3322,.T.);
#4335=ORIENTED_EDGE('',*,*,#3323,.F.);
#4336=ORIENTED_EDGE('',*,*,#3324,.T.);
#4337=ORIENTED_EDGE('',*,*,#3068,.T.);
#4338=ORIENTED_EDGE('',*,*,#3321,.F.);
#4339=ORIENTED_EDGE('',*,*,#3325,.F.);
#4340=ORIENTED_EDGE('',*,*,#3326,.F.);
#4341=ORIENTED_EDGE('',*,*,#3069,.T.);
#4342=ORIENTED_EDGE('',*,*,#3324,.F.);
#4343=ORIENTED_EDGE('',*,*,#3327,.F.);
#4344=ORIENTED_EDGE('',*,*,#3328,.T.);
#4345=ORIENTED_EDGE('',*,*,#3070,.T.);
#4346=ORIENTED_EDGE('',*,*,#3326,.T.);
#4347=ORIENTED_EDGE('',*,*,#3329,.F.);
#4348=ORIENTED_EDGE('',*,*,#3330,.F.);
#4349=ORIENTED_EDGE('',*,*,#3071,.T.);
#4350=ORIENTED_EDGE('',*,*,#3328,.F.);
#4351=ORIENTED_EDGE('',*,*,#3331,.F.);
#4352=ORIENTED_EDGE('',*,*,#3332,.T.);
#4353=ORIENTED_EDGE('',*,*,#3072,.T.);
#4354=ORIENTED_EDGE('',*,*,#3330,.T.);
#4355=ORIENTED_EDGE('',*,*,#3333,.F.);
#4356=ORIENTED_EDGE('',*,*,#3334,.T.);
#4357=ORIENTED_EDGE('',*,*,#3063,.T.);
#4358=ORIENTED_EDGE('',*,*,#3332,.F.);
#4359=ORIENTED_EDGE('',*,*,#3335,.F.);
#4360=ORIENTED_EDGE('',*,*,#3336,.T.);
#4361=ORIENTED_EDGE('',*,*,#3064,.T.);
#4362=ORIENTED_EDGE('',*,*,#3334,.F.);
#4363=ORIENTED_EDGE('',*,*,#3337,.F.);
#4364=ORIENTED_EDGE('',*,*,#3338,.F.);
#4365=ORIENTED_EDGE('',*,*,#3065,.T.);
#4366=ORIENTED_EDGE('',*,*,#3336,.F.);
#4367=ORIENTED_EDGE('',*,*,#3322,.F.);
#4368=ORIENTED_EDGE('',*,*,#3066,.T.);
#4369=ORIENTED_EDGE('',*,*,#3338,.T.);
#4370=ORIENTED_EDGE('',*,*,#3339,.F.);
#4371=ORIENTED_EDGE('',*,*,#3340,.T.);
#4372=ORIENTED_EDGE('',*,*,#3183,.F.);
#4373=ORIENTED_EDGE('',*,*,#3061,.F.);
#4374=ORIENTED_EDGE('',*,*,#3147,.F.);
#4375=ORIENTED_EDGE('',*,*,#3299,.F.);
#4376=ORIENTED_EDGE('',*,*,#3341,.F.);
#4377=ORIENTED_EDGE('',*,*,#3303,.F.);
#4378=ORIENTED_EDGE('',*,*,#3055,.T.);
#4379=ORIENTED_EDGE('',*,*,#3319,.T.);
#4380=ORIENTED_EDGE('',*,*,#3342,.F.);
#4381=ORIENTED_EDGE('',*,*,#3343,.F.);
#4382=ORIENTED_EDGE('',*,*,#3344,.F.);
#4383=ORIENTED_EDGE('',*,*,#3180,.F.);
#4384=ORIENTED_EDGE('',*,*,#3340,.F.);
#4385=ORIENTED_EDGE('',*,*,#3345,.F.);
#4386=ORIENTED_EDGE('',*,*,#3346,.F.);
#4387=ORIENTED_EDGE('',*,*,#3177,.F.);
#4388=ORIENTED_EDGE('',*,*,#3344,.T.);
#4389=ORIENTED_EDGE('',*,*,#3347,.F.);
#4390=ORIENTED_EDGE('',*,*,#3348,.T.);
#4391=ORIENTED_EDGE('',*,*,#3174,.F.);
#4392=ORIENTED_EDGE('',*,*,#3346,.T.);
#4393=ORIENTED_EDGE('',*,*,#3349,.F.);
#4394=ORIENTED_EDGE('',*,*,#3350,.T.);
#4395=ORIENTED_EDGE('',*,*,#3101,.T.);
#4396=ORIENTED_EDGE('',*,*,#3351,.T.);
#4397=ORIENTED_EDGE('',*,*,#3352,.F.);
#4398=ORIENTED_EDGE('',*,*,#3353,.T.);
#4399=ORIENTED_EDGE('',*,*,#3102,.T.);
#4400=ORIENTED_EDGE('',*,*,#3350,.F.);
#4401=ORIENTED_EDGE('',*,*,#3354,.F.);
#4402=ORIENTED_EDGE('',*,*,#3355,.F.);
#4403=ORIENTED_EDGE('',*,*,#3093,.T.);
#4404=ORIENTED_EDGE('',*,*,#3353,.F.);
#4405=ORIENTED_EDGE('',*,*,#3356,.F.);
#4406=ORIENTED_EDGE('',*,*,#3357,.T.);
#4407=ORIENTED_EDGE('',*,*,#3094,.T.);
#4408=ORIENTED_EDGE('',*,*,#3355,.T.);
#4409=ORIENTED_EDGE('',*,*,#3358,.F.);
#4410=ORIENTED_EDGE('',*,*,#3359,.F.);
#4411=ORIENTED_EDGE('',*,*,#3095,.T.);
#4412=ORIENTED_EDGE('',*,*,#3357,.F.);
#4413=ORIENTED_EDGE('',*,*,#3360,.F.);
#4414=ORIENTED_EDGE('',*,*,#3361,.T.);
#4415=ORIENTED_EDGE('',*,*,#3096,.T.);
#4416=ORIENTED_EDGE('',*,*,#3359,.T.);
#4417=ORIENTED_EDGE('',*,*,#3362,.F.);
#4418=ORIENTED_EDGE('',*,*,#3363,.T.);
#4419=ORIENTED_EDGE('',*,*,#3097,.T.);
#4420=ORIENTED_EDGE('',*,*,#3361,.F.);
#4421=ORIENTED_EDGE('',*,*,#3364,.F.);
#4422=ORIENTED_EDGE('',*,*,#3365,.T.);
#4423=ORIENTED_EDGE('',*,*,#3098,.T.);
#4424=ORIENTED_EDGE('',*,*,#3363,.F.);
#4425=ORIENTED_EDGE('',*,*,#3366,.F.);
#4426=ORIENTED_EDGE('',*,*,#3367,.F.);
#4427=ORIENTED_EDGE('',*,*,#3099,.T.);
#4428=ORIENTED_EDGE('',*,*,#3365,.F.);
#4429=ORIENTED_EDGE('',*,*,#3368,.F.);
#4430=ORIENTED_EDGE('',*,*,#3369,.T.);
#4431=ORIENTED_EDGE('',*,*,#3091,.T.);
#4432=ORIENTED_EDGE('',*,*,#3370,.T.);
#4433=ORIENTED_EDGE('',*,*,#3371,.F.);
#4434=ORIENTED_EDGE('',*,*,#3372,.T.);
#4435=ORIENTED_EDGE('',*,*,#3092,.T.);
#4436=ORIENTED_EDGE('',*,*,#3369,.F.);
#4437=ORIENTED_EDGE('',*,*,#3373,.F.);
#4438=ORIENTED_EDGE('',*,*,#3374,.F.);
#4439=ORIENTED_EDGE('',*,*,#3083,.T.);
#4440=ORIENTED_EDGE('',*,*,#3372,.F.);
#4441=ORIENTED_EDGE('',*,*,#3375,.F.);
#4442=ORIENTED_EDGE('',*,*,#3376,.T.);
#4443=ORIENTED_EDGE('',*,*,#3084,.T.);
#4444=ORIENTED_EDGE('',*,*,#3374,.T.);
#4445=ORIENTED_EDGE('',*,*,#3377,.F.);
#4446=ORIENTED_EDGE('',*,*,#3378,.F.);
#4447=ORIENTED_EDGE('',*,*,#3085,.T.);
#4448=ORIENTED_EDGE('',*,*,#3376,.F.);
#4449=ORIENTED_EDGE('',*,*,#3379,.F.);
#4450=ORIENTED_EDGE('',*,*,#3380,.T.);
#4451=ORIENTED_EDGE('',*,*,#3086,.T.);
#4452=ORIENTED_EDGE('',*,*,#3378,.T.);
#4453=ORIENTED_EDGE('',*,*,#3381,.F.);
#4454=ORIENTED_EDGE('',*,*,#3382,.T.);
#4455=ORIENTED_EDGE('',*,*,#3087,.T.);
#4456=ORIENTED_EDGE('',*,*,#3380,.F.);
#4457=ORIENTED_EDGE('',*,*,#3383,.F.);
#4458=ORIENTED_EDGE('',*,*,#3384,.T.);
#4459=ORIENTED_EDGE('',*,*,#3088,.T.);
#4460=ORIENTED_EDGE('',*,*,#3382,.F.);
#4461=ORIENTED_EDGE('',*,*,#3385,.F.);
#4462=ORIENTED_EDGE('',*,*,#3386,.F.);
#4463=ORIENTED_EDGE('',*,*,#3089,.T.);
#4464=ORIENTED_EDGE('',*,*,#3384,.F.);
#4465=ORIENTED_EDGE('',*,*,#3387,.F.);
#4466=ORIENTED_EDGE('',*,*,#3388,.T.);
#4467=ORIENTED_EDGE('',*,*,#3081,.T.);
#4468=ORIENTED_EDGE('',*,*,#3389,.T.);
#4469=ORIENTED_EDGE('',*,*,#3390,.F.);
#4470=ORIENTED_EDGE('',*,*,#3391,.T.);
#4471=ORIENTED_EDGE('',*,*,#3082,.T.);
#4472=ORIENTED_EDGE('',*,*,#3388,.F.);
#4473=ORIENTED_EDGE('',*,*,#3392,.F.);
#4474=ORIENTED_EDGE('',*,*,#3393,.F.);
#4475=ORIENTED_EDGE('',*,*,#3073,.T.);
#4476=ORIENTED_EDGE('',*,*,#3391,.F.);
#4477=ORIENTED_EDGE('',*,*,#3394,.F.);
#4478=ORIENTED_EDGE('',*,*,#3395,.T.);
#4479=ORIENTED_EDGE('',*,*,#3074,.T.);
#4480=ORIENTED_EDGE('',*,*,#3393,.T.);
#4481=ORIENTED_EDGE('',*,*,#3396,.F.);
#4482=ORIENTED_EDGE('',*,*,#3397,.F.);
#4483=ORIENTED_EDGE('',*,*,#3075,.T.);
#4484=ORIENTED_EDGE('',*,*,#3395,.F.);
#4485=ORIENTED_EDGE('',*,*,#3398,.F.);
#4486=ORIENTED_EDGE('',*,*,#3399,.T.);
#4487=ORIENTED_EDGE('',*,*,#3076,.T.);
#4488=ORIENTED_EDGE('',*,*,#3397,.T.);
#4489=ORIENTED_EDGE('',*,*,#3400,.F.);
#4490=ORIENTED_EDGE('',*,*,#3401,.T.);
#4491=ORIENTED_EDGE('',*,*,#3077,.T.);
#4492=ORIENTED_EDGE('',*,*,#3399,.F.);
#4493=ORIENTED_EDGE('',*,*,#3402,.F.);
#4494=ORIENTED_EDGE('',*,*,#3403,.T.);
#4495=ORIENTED_EDGE('',*,*,#3078,.T.);
#4496=ORIENTED_EDGE('',*,*,#3401,.F.);
#4497=ORIENTED_EDGE('',*,*,#3404,.F.);
#4498=ORIENTED_EDGE('',*,*,#3405,.F.);
#4499=ORIENTED_EDGE('',*,*,#3079,.T.);
#4500=ORIENTED_EDGE('',*,*,#3403,.F.);
#4501=ORIENTED_EDGE('',*,*,#3406,.F.);
#4502=ORIENTED_EDGE('',*,*,#3407,.T.);
#4503=ORIENTED_EDGE('',*,*,#3111,.T.);
#4504=ORIENTED_EDGE('',*,*,#3408,.T.);
#4505=ORIENTED_EDGE('',*,*,#3409,.F.);
#4506=ORIENTED_EDGE('',*,*,#3410,.T.);
#4507=ORIENTED_EDGE('',*,*,#3112,.T.);
#4508=ORIENTED_EDGE('',*,*,#3407,.F.);
#4509=ORIENTED_EDGE('',*,*,#3411,.F.);
#4510=ORIENTED_EDGE('',*,*,#3412,.F.);
#4511=ORIENTED_EDGE('',*,*,#3103,.T.);
#4512=ORIENTED_EDGE('',*,*,#3410,.F.);
#4513=ORIENTED_EDGE('',*,*,#3413,.F.);
#4514=ORIENTED_EDGE('',*,*,#3414,.T.);
#4515=ORIENTED_EDGE('',*,*,#3104,.T.);
#4516=ORIENTED_EDGE('',*,*,#3412,.T.);
#4517=ORIENTED_EDGE('',*,*,#3415,.F.);
#4518=ORIENTED_EDGE('',*,*,#3416,.F.);
#4519=ORIENTED_EDGE('',*,*,#3105,.T.);
#4520=ORIENTED_EDGE('',*,*,#3414,.F.);
#4521=ORIENTED_EDGE('',*,*,#3417,.F.);
#4522=ORIENTED_EDGE('',*,*,#3418,.T.);
#4523=ORIENTED_EDGE('',*,*,#3106,.T.);
#4524=ORIENTED_EDGE('',*,*,#3416,.T.);
#4525=ORIENTED_EDGE('',*,*,#3419,.F.);
#4526=ORIENTED_EDGE('',*,*,#3420,.T.);
#4527=ORIENTED_EDGE('',*,*,#3107,.T.);
#4528=ORIENTED_EDGE('',*,*,#3418,.F.);
#4529=ORIENTED_EDGE('',*,*,#3421,.F.);
#4530=ORIENTED_EDGE('',*,*,#3422,.T.);
#4531=ORIENTED_EDGE('',*,*,#3108,.T.);
#4532=ORIENTED_EDGE('',*,*,#3420,.F.);
#4533=ORIENTED_EDGE('',*,*,#3423,.F.);
#4534=ORIENTED_EDGE('',*,*,#3424,.F.);
#4535=ORIENTED_EDGE('',*,*,#3109,.T.);
#4536=ORIENTED_EDGE('',*,*,#3422,.F.);
#4537=ORIENTED_EDGE('',*,*,#3405,.T.);
#4538=ORIENTED_EDGE('',*,*,#3425,.F.);
#4539=ORIENTED_EDGE('',*,*,#3408,.F.);
#4540=ORIENTED_EDGE('',*,*,#3110,.T.);
#4541=ORIENTED_EDGE('',*,*,#3424,.T.);
#4542=ORIENTED_EDGE('',*,*,#3426,.F.);
#4543=ORIENTED_EDGE('',*,*,#3427,.F.);
#4544=ORIENTED_EDGE('',*,*,#3171,.F.);
#4545=ORIENTED_EDGE('',*,*,#3348,.F.);
#4546=ORIENTED_EDGE('',*,*,#3428,.F.);
#4547=ORIENTED_EDGE('',*,*,#3351,.F.);
#4548=ORIENTED_EDGE('',*,*,#3100,.T.);
#4549=ORIENTED_EDGE('',*,*,#3367,.T.);
#4550=ORIENTED_EDGE('',*,*,#3429,.F.);
#4551=ORIENTED_EDGE('',*,*,#3370,.F.);
#4552=ORIENTED_EDGE('',*,*,#3090,.T.);
#4553=ORIENTED_EDGE('',*,*,#3386,.T.);
#4554=ORIENTED_EDGE('',*,*,#3430,.F.);
#4555=ORIENTED_EDGE('',*,*,#3389,.F.);
#4556=ORIENTED_EDGE('',*,*,#3080,.T.);
#4557=ORIENTED_EDGE('',*,*,#3431,.F.);
#4558=ORIENTED_EDGE('',*,*,#3432,.F.);
#4559=ORIENTED_EDGE('',*,*,#3168,.F.);
#4560=ORIENTED_EDGE('',*,*,#3427,.T.);
#4561=ORIENTED_EDGE('',*,*,#3433,.F.);
#4562=ORIENTED_EDGE('',*,*,#3434,.F.);
#4563=ORIENTED_EDGE('',*,*,#3165,.F.);
#4564=ORIENTED_EDGE('',*,*,#3432,.T.);
#4565=ORIENTED_EDGE('',*,*,#3435,.F.);
#4566=ORIENTED_EDGE('',*,*,#3436,.F.);
#4567=ORIENTED_EDGE('',*,*,#3162,.F.);
#4568=ORIENTED_EDGE('',*,*,#3434,.T.);
#4569=ORIENTED_EDGE('',*,*,#3437,.F.);
#4570=ORIENTED_EDGE('',*,*,#3438,.T.);
#4571=ORIENTED_EDGE('',*,*,#3119,.T.);
#4572=ORIENTED_EDGE('',*,*,#3439,.T.);
#4573=ORIENTED_EDGE('',*,*,#3440,.F.);
#4574=ORIENTED_EDGE('',*,*,#3441,.T.);
#4575=ORIENTED_EDGE('',*,*,#3120,.T.);
#4576=ORIENTED_EDGE('',*,*,#3438,.F.);
#4577=ORIENTED_EDGE('',*,*,#3442,.F.);
#4578=ORIENTED_EDGE('',*,*,#3443,.F.);
#4579=ORIENTED_EDGE('',*,*,#3121,.T.);
#4580=ORIENTED_EDGE('',*,*,#3441,.F.);
#4581=ORIENTED_EDGE('',*,*,#3444,.F.);
#4582=ORIENTED_EDGE('',*,*,#3445,.T.);
#4583=ORIENTED_EDGE('',*,*,#3122,.T.);
#4584=ORIENTED_EDGE('',*,*,#3443,.T.);
#4585=ORIENTED_EDGE('',*,*,#3446,.F.);
#4586=ORIENTED_EDGE('',*,*,#3447,.F.);
#4587=ORIENTED_EDGE('',*,*,#3113,.T.);
#4588=ORIENTED_EDGE('',*,*,#3445,.F.);
#4589=ORIENTED_EDGE('',*,*,#3448,.F.);
#4590=ORIENTED_EDGE('',*,*,#3449,.T.);
#4591=ORIENTED_EDGE('',*,*,#3114,.T.);
#4592=ORIENTED_EDGE('',*,*,#3447,.T.);
#4593=ORIENTED_EDGE('',*,*,#3450,.F.);
#4594=ORIENTED_EDGE('',*,*,#3451,.T.);
#4595=ORIENTED_EDGE('',*,*,#3115,.T.);
#4596=ORIENTED_EDGE('',*,*,#3449,.F.);
#4597=ORIENTED_EDGE('',*,*,#3452,.F.);
#4598=ORIENTED_EDGE('',*,*,#3453,.T.);
#4599=ORIENTED_EDGE('',*,*,#3116,.T.);
#4600=ORIENTED_EDGE('',*,*,#3451,.F.);
#4601=ORIENTED_EDGE('',*,*,#3454,.F.);
#4602=ORIENTED_EDGE('',*,*,#3455,.F.);
#4603=ORIENTED_EDGE('',*,*,#3117,.T.);
#4604=ORIENTED_EDGE('',*,*,#3453,.F.);
#4605=ORIENTED_EDGE('',*,*,#3456,.F.);
#4606=ORIENTED_EDGE('',*,*,#3457,.T.);
#4607=ORIENTED_EDGE('',*,*,#3132,.T.);
#4608=ORIENTED_EDGE('',*,*,#3458,.T.);
#4609=ORIENTED_EDGE('',*,*,#3459,.F.);
#4610=ORIENTED_EDGE('',*,*,#3460,.T.);
#4611=ORIENTED_EDGE('',*,*,#3133,.T.);
#4612=ORIENTED_EDGE('',*,*,#3457,.F.);
#4613=ORIENTED_EDGE('',*,*,#3461,.F.);
#4614=ORIENTED_EDGE('',*,*,#3462,.F.);
#4615=ORIENTED_EDGE('',*,*,#3134,.T.);
#4616=ORIENTED_EDGE('',*,*,#3460,.F.);
#4617=ORIENTED_EDGE('',*,*,#3463,.F.);
#4618=ORIENTED_EDGE('',*,*,#3464,.T.);
#4619=ORIENTED_EDGE('',*,*,#3135,.T.);
#4620=ORIENTED_EDGE('',*,*,#3462,.T.);
#4621=ORIENTED_EDGE('',*,*,#3465,.F.);
#4622=ORIENTED_EDGE('',*,*,#3466,.F.);
#4623=ORIENTED_EDGE('',*,*,#3126,.T.);
#4624=ORIENTED_EDGE('',*,*,#3464,.F.);
#4625=ORIENTED_EDGE('',*,*,#3467,.F.);
#4626=ORIENTED_EDGE('',*,*,#3468,.T.);
#4627=ORIENTED_EDGE('',*,*,#3127,.T.);
#4628=ORIENTED_EDGE('',*,*,#3466,.T.);
#4629=ORIENTED_EDGE('',*,*,#3469,.F.);
#4630=ORIENTED_EDGE('',*,*,#3470,.T.);
#4631=ORIENTED_EDGE('',*,*,#3128,.T.);
#4632=ORIENTED_EDGE('',*,*,#3468,.F.);
#4633=ORIENTED_EDGE('',*,*,#3471,.F.);
#4634=ORIENTED_EDGE('',*,*,#3472,.T.);
#4635=ORIENTED_EDGE('',*,*,#3129,.T.);
#4636=ORIENTED_EDGE('',*,*,#3470,.F.);
#4637=ORIENTED_EDGE('',*,*,#3473,.F.);
#4638=ORIENTED_EDGE('',*,*,#3474,.F.);
#4639=ORIENTED_EDGE('',*,*,#3130,.T.);
#4640=ORIENTED_EDGE('',*,*,#3472,.F.);
#4641=ORIENTED_EDGE('',*,*,#3458,.F.);
#4642=ORIENTED_EDGE('',*,*,#3131,.T.);
#4643=ORIENTED_EDGE('',*,*,#3474,.T.);
#4644=ORIENTED_EDGE('',*,*,#3475,.F.);
#4645=ORIENTED_EDGE('',*,*,#3476,.F.);
#4646=ORIENTED_EDGE('',*,*,#3139,.F.);
#4647=ORIENTED_EDGE('',*,*,#3125,.F.);
#4648=ORIENTED_EDGE('',*,*,#3191,.F.);
#4649=ORIENTED_EDGE('',*,*,#3436,.T.);
#4650=ORIENTED_EDGE('',*,*,#3477,.F.);
#4651=ORIENTED_EDGE('',*,*,#3439,.F.);
#4652=ORIENTED_EDGE('',*,*,#3118,.T.);
#4653=ORIENTED_EDGE('',*,*,#3455,.T.);
#4654=ORIENTED_EDGE('',*,*,#3478,.F.);
#4655=ORIENTED_EDGE('',*,*,#3479,.F.);
#4656=ORIENTED_EDGE('',*,*,#3480,.T.);
#4657=ORIENTED_EDGE('',*,*,#3481,.T.);
#4658=ORIENTED_EDGE('',*,*,#3136,.F.);
#4659=ORIENTED_EDGE('',*,*,#3476,.T.);
#4660=ORIENTED_EDGE('',*,*,#3482,.F.);
#4661=ORIENTED_EDGE('',*,*,#3483,.F.);
#4662=ORIENTED_EDGE('',*,*,#3484,.T.);
#4663=ORIENTED_EDGE('',*,*,#3480,.F.);
#4664=ORIENTED_EDGE('',*,*,#3485,.F.);
#4665=ORIENTED_EDGE('',*,*,#3486,.T.);
#4666=ORIENTED_EDGE('',*,*,#3487,.F.);
#4667=ORIENTED_EDGE('',*,*,#3483,.T.);
#4668=ORIENTED_EDGE('',*,*,#3148,.F.);
#4669=ORIENTED_EDGE('',*,*,#3145,.F.);
#4670=ORIENTED_EDGE('',*,*,#3143,.F.);
#4671=ORIENTED_EDGE('',*,*,#3141,.F.);
#4672=ORIENTED_EDGE('',*,*,#3137,.F.);
#4673=ORIENTED_EDGE('',*,*,#3481,.F.);
#4674=ORIENTED_EDGE('',*,*,#3484,.F.);
#4675=ORIENTED_EDGE('',*,*,#3487,.T.);
#4676=ORIENTED_EDGE('',*,*,#3488,.F.);
#4677=ORIENTED_EDGE('',*,*,#3489,.T.);
#4678=ORIENTED_EDGE('',*,*,#3296,.F.);
#4679=ORIENTED_EDGE('',*,*,#3300,.F.);
#4680=ORIENTED_EDGE('',*,*,#3490,.F.);
#4681=ORIENTED_EDGE('',*,*,#3297,.T.);
#4682=ORIENTED_EDGE('',*,*,#3489,.F.);
#4683=ORIENTED_EDGE('',*,*,#3491,.T.);
#4684=ORIENTED_EDGE('',*,*,#3492,.T.);
#4685=ORIENTED_EDGE('',*,*,#3493,.T.);
#4686=ORIENTED_EDGE('',*,*,#3494,.T.);
#4687=ORIENTED_EDGE('',*,*,#3495,.F.);
#4688=ORIENTED_EDGE('',*,*,#3492,.F.);
#4689=ORIENTED_EDGE('',*,*,#3496,.F.);
#4690=ORIENTED_EDGE('',*,*,#3497,.F.);
#4691=ORIENTED_EDGE('',*,*,#3498,.F.);
#4692=ORIENTED_EDGE('',*,*,#3499,.T.);
#4693=ORIENTED_EDGE('',*,*,#3500,.T.);
#4694=ORIENTED_EDGE('',*,*,#3497,.T.);
#4695=ORIENTED_EDGE('',*,*,#3501,.F.);
#4696=ORIENTED_EDGE('',*,*,#3502,.T.);
#4697=ORIENTED_EDGE('',*,*,#3503,.T.);
#4698=ORIENTED_EDGE('',*,*,#3250,.F.);
#4699=ORIENTED_EDGE('',*,*,#3504,.T.);
#4700=ORIENTED_EDGE('',*,*,#3505,.T.);
#4701=ORIENTED_EDGE('',*,*,#3506,.F.);
#4702=ORIENTED_EDGE('',*,*,#3248,.F.);
#4703=ORIENTED_EDGE('',*,*,#3503,.F.);
#4704=ORIENTED_EDGE('',*,*,#3507,.T.);
#4705=ORIENTED_EDGE('',*,*,#3508,.T.);
#4706=ORIENTED_EDGE('',*,*,#3243,.F.);
#4707=ORIENTED_EDGE('',*,*,#3506,.T.);
#4708=ORIENTED_EDGE('',*,*,#3509,.T.);
#4709=ORIENTED_EDGE('',*,*,#3510,.F.);
#4710=ORIENTED_EDGE('',*,*,#3511,.T.);
#4711=ORIENTED_EDGE('',*,*,#3244,.F.);
#4712=ORIENTED_EDGE('',*,*,#3512,.F.);
#4713=ORIENTED_EDGE('',*,*,#3513,.T.);
#4714=ORIENTED_EDGE('',*,*,#3232,.F.);
#4715=ORIENTED_EDGE('',*,*,#3514,.T.);
#4716=ORIENTED_EDGE('',*,*,#3515,.F.);
#4717=ORIENTED_EDGE('',*,*,#3516,.T.);
#4718=ORIENTED_EDGE('',*,*,#3154,.T.);
#4719=ORIENTED_EDGE('',*,*,#3517,.T.);
#4720=ORIENTED_EDGE('',*,*,#3155,.F.);
#4721=ORIENTED_EDGE('',*,*,#3518,.T.);
#4722=ORIENTED_EDGE('',*,*,#3519,.F.);
#4723=ORIENTED_EDGE('',*,*,#3520,.T.);
#4724=ORIENTED_EDGE('',*,*,#3152,.F.);
#4725=ORIENTED_EDGE('',*,*,#3520,.F.);
#4726=ORIENTED_EDGE('',*,*,#3521,.T.);
#4727=ORIENTED_EDGE('',*,*,#3522,.F.);
#4728=ORIENTED_EDGE('',*,*,#3158,.F.);
#4729=ORIENTED_EDGE('',*,*,#3522,.T.);
#4730=ORIENTED_EDGE('',*,*,#3523,.F.);
#4731=ORIENTED_EDGE('',*,*,#3524,.F.);
#4732=ORIENTED_EDGE('',*,*,#3525,.F.);
#4733=ORIENTED_EDGE('',*,*,#3526,.T.);
#4734=ORIENTED_EDGE('',*,*,#3527,.F.);
#4735=ORIENTED_EDGE('',*,*,#3229,.F.);
#4736=ORIENTED_EDGE('',*,*,#3513,.F.);
#4737=ORIENTED_EDGE('',*,*,#3528,.F.);
#4738=ORIENTED_EDGE('',*,*,#3517,.F.);
#4739=ORIENTED_EDGE('',*,*,#3153,.F.);
#4740=ORIENTED_EDGE('',*,*,#3150,.F.);
#4741=ORIENTED_EDGE('',*,*,#3157,.F.);
#4742=ORIENTED_EDGE('',*,*,#3529,.T.);
#4743=ORIENTED_EDGE('',*,*,#3525,.T.);
#4744=ORIENTED_EDGE('',*,*,#3156,.F.);
#4745=ORIENTED_EDGE('',*,*,#3530,.T.);
#4746=ORIENTED_EDGE('',*,*,#3531,.F.);
#4747=ORIENTED_EDGE('',*,*,#3532,.T.);
#4748=ORIENTED_EDGE('',*,*,#3226,.F.);
#4749=ORIENTED_EDGE('',*,*,#3527,.T.);
#4750=ORIENTED_EDGE('',*,*,#3237,.F.);
#4751=ORIENTED_EDGE('',*,*,#3211,.F.);
#4752=ORIENTED_EDGE('',*,*,#3214,.T.);
#4753=ORIENTED_EDGE('',*,*,#3216,.T.);
#4754=ORIENTED_EDGE('',*,*,#3220,.F.);
#4755=ORIENTED_EDGE('',*,*,#3223,.F.);
#4756=ORIENTED_EDGE('',*,*,#3532,.F.);
#4757=ORIENTED_EDGE('',*,*,#3533,.F.);
#4758=ORIENTED_EDGE('',*,*,#3534,.F.);
#4759=ORIENTED_EDGE('',*,*,#3234,.F.);
#4760=ORIENTED_EDGE('',*,*,#3535,.T.);
#4761=ORIENTED_EDGE('',*,*,#3536,.T.);
#4762=ORIENTED_EDGE('',*,*,#3235,.F.);
#4763=ORIENTED_EDGE('',*,*,#3537,.T.);
#4764=ORIENTED_EDGE('',*,*,#3238,.F.);
#4765=ORIENTED_EDGE('',*,*,#3236,.F.);
#4766=ORIENTED_EDGE('',*,*,#3536,.F.);
#4767=ORIENTED_EDGE('',*,*,#3538,.F.);
#4768=ORIENTED_EDGE('',*,*,#3539,.F.);
#4769=ORIENTED_EDGE('',*,*,#3239,.F.);
#4770=ORIENTED_EDGE('',*,*,#3230,.F.);
#4771=ORIENTED_EDGE('',*,*,#3227,.F.);
#4772=ORIENTED_EDGE('',*,*,#3224,.F.);
#4773=ORIENTED_EDGE('',*,*,#3221,.F.);
#4774=ORIENTED_EDGE('',*,*,#3218,.F.);
#4775=ORIENTED_EDGE('',*,*,#3217,.F.);
#4776=ORIENTED_EDGE('',*,*,#3212,.T.);
#4777=ORIENTED_EDGE('',*,*,#3209,.T.);
#4778=ORIENTED_EDGE('',*,*,#3207,.T.);
#4779=ORIENTED_EDGE('',*,*,#3205,.F.);
#4780=ORIENTED_EDGE('',*,*,#3204,.T.);
#4781=ORIENTED_EDGE('',*,*,#3201,.F.);
#4782=ORIENTED_EDGE('',*,*,#3200,.T.);
#4783=ORIENTED_EDGE('',*,*,#3197,.F.);
#4784=ORIENTED_EDGE('',*,*,#3195,.T.);
#4785=ORIENTED_EDGE('',*,*,#3193,.F.);
#4786=ORIENTED_EDGE('',*,*,#3190,.F.);
#4787=ORIENTED_EDGE('',*,*,#3189,.F.);
#4788=ORIENTED_EDGE('',*,*,#3186,.F.);
#4789=ORIENTED_EDGE('',*,*,#3185,.F.);
#4790=ORIENTED_EDGE('',*,*,#3181,.F.);
#4791=ORIENTED_EDGE('',*,*,#3178,.F.);
#4792=ORIENTED_EDGE('',*,*,#3175,.F.);
#4793=ORIENTED_EDGE('',*,*,#3172,.F.);
#4794=ORIENTED_EDGE('',*,*,#3169,.F.);
#4795=ORIENTED_EDGE('',*,*,#3166,.F.);
#4796=ORIENTED_EDGE('',*,*,#3163,.F.);
#4797=ORIENTED_EDGE('',*,*,#3160,.F.);
#4798=ORIENTED_EDGE('',*,*,#3240,.T.);
#4799=ORIENTED_EDGE('',*,*,#3539,.T.);
#4800=ORIENTED_EDGE('',*,*,#3540,.F.);
#4801=ORIENTED_EDGE('',*,*,#3541,.T.);
#4802=ORIENTED_EDGE('',*,*,#3292,.F.);
#4803=ORIENTED_EDGE('',*,*,#3251,.F.);
#4804=ORIENTED_EDGE('',*,*,#3246,.F.);
#4805=ORIENTED_EDGE('',*,*,#3245,.F.);
#4806=ORIENTED_EDGE('',*,*,#3511,.F.);
#4807=ORIENTED_EDGE('',*,*,#3542,.F.);
#4808=ORIENTED_EDGE('',*,*,#3514,.F.);
#4809=ORIENTED_EDGE('',*,*,#3241,.F.);
#4810=ORIENTED_EDGE('',*,*,#3543,.T.);
#4811=ORIENTED_EDGE('',*,*,#3544,.F.);
#4812=ORIENTED_EDGE('',*,*,#3545,.F.);
#4813=ORIENTED_EDGE('',*,*,#3546,.T.);
#4814=ORIENTED_EDGE('',*,*,#3547,.T.);
#4815=ORIENTED_EDGE('',*,*,#3548,.F.);
#4816=ORIENTED_EDGE('',*,*,#3549,.F.);
#4817=ORIENTED_EDGE('',*,*,#3548,.T.);
#4818=ORIENTED_EDGE('',*,*,#3550,.T.);
#4819=ORIENTED_EDGE('',*,*,#3551,.F.);
#4820=ORIENTED_EDGE('',*,*,#3552,.T.);
#4821=ORIENTED_EDGE('',*,*,#3553,.T.);
#4822=ORIENTED_EDGE('',*,*,#3252,.T.);
#4823=ORIENTED_EDGE('',*,*,#3553,.F.);
#4824=ORIENTED_EDGE('',*,*,#3554,.F.);
#4825=ORIENTED_EDGE('',*,*,#3253,.T.);
#4826=ORIENTED_EDGE('',*,*,#3555,.F.);
#4827=ORIENTED_EDGE('',*,*,#3556,.T.);
#4828=ORIENTED_EDGE('',*,*,#3554,.T.);
#4829=ORIENTED_EDGE('',*,*,#3557,.T.);
#4830=ORIENTED_EDGE('',*,*,#3558,.F.);
#4831=ORIENTED_EDGE('',*,*,#3256,.T.);
#4832=ORIENTED_EDGE('',*,*,#3559,.F.);
#4833=ORIENTED_EDGE('',*,*,#3258,.T.);
#4834=ORIENTED_EDGE('',*,*,#3558,.T.);
#4835=ORIENTED_EDGE('',*,*,#3560,.T.);
#4836=ORIENTED_EDGE('',*,*,#3559,.T.);
#4837=ORIENTED_EDGE('',*,*,#3561,.T.);
#4838=ORIENTED_EDGE('',*,*,#3562,.F.);
#4839=ORIENTED_EDGE('',*,*,#3260,.T.);
#4840=ORIENTED_EDGE('',*,*,#3563,.F.);
#4841=ORIENTED_EDGE('',*,*,#3262,.T.);
#4842=ORIENTED_EDGE('',*,*,#3562,.T.);
#4843=ORIENTED_EDGE('',*,*,#3564,.T.);
#4844=ORIENTED_EDGE('',*,*,#3563,.T.);
#4845=ORIENTED_EDGE('',*,*,#3565,.T.);
#4846=ORIENTED_EDGE('',*,*,#3566,.F.);
#4847=ORIENTED_EDGE('',*,*,#3264,.T.);
#4848=ORIENTED_EDGE('',*,*,#3567,.F.);
#4849=ORIENTED_EDGE('',*,*,#3266,.T.);
#4850=ORIENTED_EDGE('',*,*,#3566,.T.);
#4851=ORIENTED_EDGE('',*,*,#3568,.T.);
#4852=ORIENTED_EDGE('',*,*,#3567,.T.);
#4853=ORIENTED_EDGE('',*,*,#3569,.T.);
#4854=ORIENTED_EDGE('',*,*,#3555,.T.);
#4855=ORIENTED_EDGE('',*,*,#3268,.T.);
#4856=ORIENTED_EDGE('',*,*,#3570,.F.);
#4857=ORIENTED_EDGE('',*,*,#3571,.T.);
#4858=ORIENTED_EDGE('',*,*,#3271,.T.);
#4859=ORIENTED_EDGE('',*,*,#3572,.F.);
#4860=ORIENTED_EDGE('',*,*,#3573,.F.);
#4861=ORIENTED_EDGE('',*,*,#3574,.T.);
#4862=ORIENTED_EDGE('',*,*,#3272,.T.);
#4863=ORIENTED_EDGE('',*,*,#3571,.F.);
#4864=ORIENTED_EDGE('',*,*,#3575,.F.);
#4865=ORIENTED_EDGE('',*,*,#3576,.T.);
#4866=ORIENTED_EDGE('',*,*,#3269,.T.);
#4867=ORIENTED_EDGE('',*,*,#3574,.F.);
#4868=ORIENTED_EDGE('',*,*,#3577,.F.);
#4869=ORIENTED_EDGE('',*,*,#3572,.T.);
#4870=ORIENTED_EDGE('',*,*,#3270,.T.);
#4871=ORIENTED_EDGE('',*,*,#3576,.F.);
#4872=ORIENTED_EDGE('',*,*,#3578,.F.);
#4873=ORIENTED_EDGE('',*,*,#3579,.T.);
#4874=ORIENTED_EDGE('',*,*,#3275,.T.);
#4875=ORIENTED_EDGE('',*,*,#3580,.F.);
#4876=ORIENTED_EDGE('',*,*,#3581,.F.);
#4877=ORIENTED_EDGE('',*,*,#3582,.T.);
#4878=ORIENTED_EDGE('',*,*,#3276,.T.);
#4879=ORIENTED_EDGE('',*,*,#3579,.F.);
#4880=ORIENTED_EDGE('',*,*,#3583,.F.);
#4881=ORIENTED_EDGE('',*,*,#3584,.T.);
#4882=ORIENTED_EDGE('',*,*,#3273,.T.);
#4883=ORIENTED_EDGE('',*,*,#3582,.F.);
#4884=ORIENTED_EDGE('',*,*,#3585,.F.);
#4885=ORIENTED_EDGE('',*,*,#3580,.T.);
#4886=ORIENTED_EDGE('',*,*,#3274,.T.);
#4887=ORIENTED_EDGE('',*,*,#3584,.F.);
#4888=ORIENTED_EDGE('',*,*,#3586,.F.);
#4889=ORIENTED_EDGE('',*,*,#3587,.T.);
#4890=ORIENTED_EDGE('',*,*,#3279,.T.);
#4891=ORIENTED_EDGE('',*,*,#3588,.F.);
#4892=ORIENTED_EDGE('',*,*,#3589,.F.);
#4893=ORIENTED_EDGE('',*,*,#3590,.T.);
#4894=ORIENTED_EDGE('',*,*,#3280,.T.);
#4895=ORIENTED_EDGE('',*,*,#3587,.F.);
#4896=ORIENTED_EDGE('',*,*,#3591,.F.);
#4897=ORIENTED_EDGE('',*,*,#3592,.T.);
#4898=ORIENTED_EDGE('',*,*,#3277,.T.);
#4899=ORIENTED_EDGE('',*,*,#3590,.F.);
#4900=ORIENTED_EDGE('',*,*,#3593,.F.);
#4901=ORIENTED_EDGE('',*,*,#3588,.T.);
#4902=ORIENTED_EDGE('',*,*,#3278,.T.);
#4903=ORIENTED_EDGE('',*,*,#3592,.F.);
#4904=ORIENTED_EDGE('',*,*,#3594,.F.);
#4905=ORIENTED_EDGE('',*,*,#3595,.T.);
#4906=ORIENTED_EDGE('',*,*,#3283,.T.);
#4907=ORIENTED_EDGE('',*,*,#3596,.F.);
#4908=ORIENTED_EDGE('',*,*,#3597,.F.);
#4909=ORIENTED_EDGE('',*,*,#3598,.T.);
#4910=ORIENTED_EDGE('',*,*,#3284,.T.);
#4911=ORIENTED_EDGE('',*,*,#3595,.F.);
#4912=ORIENTED_EDGE('',*,*,#3599,.F.);
#4913=ORIENTED_EDGE('',*,*,#3600,.T.);
#4914=ORIENTED_EDGE('',*,*,#3281,.T.);
#4915=ORIENTED_EDGE('',*,*,#3598,.F.);
#4916=ORIENTED_EDGE('',*,*,#3601,.F.);
#4917=ORIENTED_EDGE('',*,*,#3596,.T.);
#4918=ORIENTED_EDGE('',*,*,#3282,.T.);
#4919=ORIENTED_EDGE('',*,*,#3600,.F.);
#4920=ORIENTED_EDGE('',*,*,#3602,.F.);
#4921=ORIENTED_EDGE('',*,*,#3603,.T.);
#4922=ORIENTED_EDGE('',*,*,#3285,.T.);
#4923=ORIENTED_EDGE('',*,*,#3603,.F.);
#4924=ORIENTED_EDGE('',*,*,#3604,.F.);
#4925=ORIENTED_EDGE('',*,*,#3605,.T.);
#4926=ORIENTED_EDGE('',*,*,#3286,.T.);
#4927=ORIENTED_EDGE('',*,*,#3605,.F.);
#4928=ORIENTED_EDGE('',*,*,#3606,.F.);
#4929=ORIENTED_EDGE('',*,*,#3607,.T.);
#4930=ORIENTED_EDGE('',*,*,#3287,.T.);
#4931=ORIENTED_EDGE('',*,*,#3607,.F.);
#4932=ORIENTED_EDGE('',*,*,#3608,.F.);
#4933=ORIENTED_EDGE('',*,*,#3609,.T.);
#4934=ORIENTED_EDGE('',*,*,#3288,.T.);
#4935=ORIENTED_EDGE('',*,*,#3609,.F.);
#4936=ORIENTED_EDGE('',*,*,#3610,.T.);
#4937=ORIENTED_EDGE('',*,*,#3611,.T.);
#4938=ORIENTED_EDGE('',*,*,#3289,.T.);
#4939=ORIENTED_EDGE('',*,*,#3611,.F.);
#4940=ORIENTED_EDGE('',*,*,#3612,.T.);
#4941=ORIENTED_EDGE('',*,*,#3613,.T.);
#4942=ORIENTED_EDGE('',*,*,#3290,.T.);
#4943=ORIENTED_EDGE('',*,*,#3613,.F.);
#4944=ORIENTED_EDGE('',*,*,#3614,.F.);
#4945=ORIENTED_EDGE('',*,*,#3551,.T.);
#4946=ORIENTED_EDGE('',*,*,#3615,.T.);
#4947=ORIENTED_EDGE('',*,*,#3616,.T.);
#4948=ORIENTED_EDGE('',*,*,#3617,.T.);
#4949=ORIENTED_EDGE('',*,*,#3618,.T.);
#4950=ORIENTED_EDGE('',*,*,#3619,.F.);
#4951=ORIENTED_EDGE('',*,*,#3620,.T.);
#4952=ORIENTED_EDGE('',*,*,#3293,.T.);
#4953=ORIENTED_EDGE('',*,*,#3544,.T.);
#4954=ORIENTED_EDGE('',*,*,#3617,.F.);
#4955=ORIENTED_EDGE('',*,*,#3621,.T.);
#4956=ORIENTED_EDGE('',*,*,#3291,.F.);
#4957=ORIENTED_EDGE('',*,*,#3622,.F.);
#4958=ORIENTED_EDGE('',*,*,#3623,.T.);
#4959=ORIENTED_EDGE('',*,*,#3504,.F.);
#4960=ORIENTED_EDGE('',*,*,#3624,.F.);
#4961=ORIENTED_EDGE('',*,*,#3499,.F.);
#4962=ORIENTED_EDGE('',*,*,#3625,.F.);
#4963=ORIENTED_EDGE('',*,*,#3626,.F.);
#4964=ORIENTED_EDGE('',*,*,#3627,.T.);
#4965=ORIENTED_EDGE('',*,*,#3628,.T.);
#4966=ORIENTED_EDGE('',*,*,#3490,.T.);
#4967=ORIENTED_EDGE('',*,*,#3629,.T.);
#4968=ORIENTED_EDGE('',*,*,#3630,.T.);
#4969=ORIENTED_EDGE('',*,*,#3294,.T.);
#4970=ORIENTED_EDGE('',*,*,#3628,.F.);
#4971=ORIENTED_EDGE('',*,*,#3631,.T.);
#4972=ORIENTED_EDGE('',*,*,#3632,.T.);
#4973=ORIENTED_EDGE('',*,*,#3298,.T.);
#4974=ORIENTED_EDGE('',*,*,#3630,.F.);
#4975=ORIENTED_EDGE('',*,*,#3633,.T.);
#4976=ORIENTED_EDGE('',*,*,#3634,.T.);
#4977=ORIENTED_EDGE('',*,*,#3341,.T.);
#4978=ORIENTED_EDGE('',*,*,#3632,.F.);
#4979=ORIENTED_EDGE('',*,*,#3635,.T.);
#4980=ORIENTED_EDGE('',*,*,#3636,.T.);
#4981=ORIENTED_EDGE('',*,*,#3301,.T.);
#4982=ORIENTED_EDGE('',*,*,#3634,.F.);
#4983=ORIENTED_EDGE('',*,*,#3637,.T.);
#4984=ORIENTED_EDGE('',*,*,#3636,.F.);
#4985=ORIENTED_EDGE('',*,*,#3638,.T.);
#4986=ORIENTED_EDGE('',*,*,#3639,.T.);
#4987=ORIENTED_EDGE('',*,*,#3304,.T.);
#4988=ORIENTED_EDGE('',*,*,#3639,.F.);
#4989=ORIENTED_EDGE('',*,*,#3640,.T.);
#4990=ORIENTED_EDGE('',*,*,#3641,.T.);
#4991=ORIENTED_EDGE('',*,*,#3306,.T.);
#4992=ORIENTED_EDGE('',*,*,#3642,.T.);
#4993=ORIENTED_EDGE('',*,*,#3308,.T.);
#4994=ORIENTED_EDGE('',*,*,#3641,.F.);
#4995=ORIENTED_EDGE('',*,*,#3643,.T.);
#4996=ORIENTED_EDGE('',*,*,#3642,.F.);
#4997=ORIENTED_EDGE('',*,*,#3644,.T.);
#4998=ORIENTED_EDGE('',*,*,#3645,.T.);
#4999=ORIENTED_EDGE('',*,*,#3310,.T.);
#5000=ORIENTED_EDGE('',*,*,#3646,.T.);
#5001=ORIENTED_EDGE('',*,*,#3312,.T.);
#5002=ORIENTED_EDGE('',*,*,#3645,.F.);
#5003=ORIENTED_EDGE('',*,*,#3647,.T.);
#5004=ORIENTED_EDGE('',*,*,#3646,.F.);
#5005=ORIENTED_EDGE('',*,*,#3648,.T.);
#5006=ORIENTED_EDGE('',*,*,#3649,.T.);
#5007=ORIENTED_EDGE('',*,*,#3314,.T.);
#5008=ORIENTED_EDGE('',*,*,#3649,.F.);
#5009=ORIENTED_EDGE('',*,*,#3650,.T.);
#5010=ORIENTED_EDGE('',*,*,#3651,.T.);
#5011=ORIENTED_EDGE('',*,*,#3316,.T.);
#5012=ORIENTED_EDGE('',*,*,#3652,.T.);
#5013=ORIENTED_EDGE('',*,*,#3318,.T.);
#5014=ORIENTED_EDGE('',*,*,#3651,.F.);
#5015=ORIENTED_EDGE('',*,*,#3653,.T.);
#5016=ORIENTED_EDGE('',*,*,#3654,.T.);
#5017=ORIENTED_EDGE('',*,*,#3342,.T.);
#5018=ORIENTED_EDGE('',*,*,#3652,.F.);
#5019=ORIENTED_EDGE('',*,*,#3655,.T.);
#5020=ORIENTED_EDGE('',*,*,#3656,.T.);
#5021=ORIENTED_EDGE('',*,*,#3320,.T.);
#5022=ORIENTED_EDGE('',*,*,#3654,.F.);
#5023=ORIENTED_EDGE('',*,*,#3657,.T.);
#5024=ORIENTED_EDGE('',*,*,#3656,.F.);
#5025=ORIENTED_EDGE('',*,*,#3658,.T.);
#5026=ORIENTED_EDGE('',*,*,#3659,.T.);
#5027=ORIENTED_EDGE('',*,*,#3323,.T.);
#5028=ORIENTED_EDGE('',*,*,#3659,.F.);
#5029=ORIENTED_EDGE('',*,*,#3660,.T.);
#5030=ORIENTED_EDGE('',*,*,#3661,.T.);
#5031=ORIENTED_EDGE('',*,*,#3325,.T.);
#5032=ORIENTED_EDGE('',*,*,#3661,.F.);
#5033=ORIENTED_EDGE('',*,*,#3662,.T.);
#5034=ORIENTED_EDGE('',*,*,#3663,.T.);
#5035=ORIENTED_EDGE('',*,*,#3327,.T.);
#5036=ORIENTED_EDGE('',*,*,#3663,.F.);
#5037=ORIENTED_EDGE('',*,*,#3664,.T.);
#5038=ORIENTED_EDGE('',*,*,#3665,.T.);
#5039=ORIENTED_EDGE('',*,*,#3329,.T.);
#5040=ORIENTED_EDGE('',*,*,#3665,.F.);
#5041=ORIENTED_EDGE('',*,*,#3666,.T.);
#5042=ORIENTED_EDGE('',*,*,#3667,.T.);
#5043=ORIENTED_EDGE('',*,*,#3331,.T.);
#5044=ORIENTED_EDGE('',*,*,#3667,.F.);
#5045=ORIENTED_EDGE('',*,*,#3668,.T.);
#5046=ORIENTED_EDGE('',*,*,#3669,.T.);
#5047=ORIENTED_EDGE('',*,*,#3333,.T.);
#5048=ORIENTED_EDGE('',*,*,#3669,.F.);
#5049=ORIENTED_EDGE('',*,*,#3670,.T.);
#5050=ORIENTED_EDGE('',*,*,#3671,.T.);
#5051=ORIENTED_EDGE('',*,*,#3335,.T.);
#5052=ORIENTED_EDGE('',*,*,#3672,.T.);
#5053=ORIENTED_EDGE('',*,*,#3337,.T.);
#5054=ORIENTED_EDGE('',*,*,#3671,.F.);
#5055=ORIENTED_EDGE('',*,*,#3673,.T.);
#5056=ORIENTED_EDGE('',*,*,#3674,.T.);
#5057=ORIENTED_EDGE('',*,*,#3339,.T.);
#5058=ORIENTED_EDGE('',*,*,#3672,.F.);
#5059=ORIENTED_EDGE('',*,*,#3675,.T.);
#5060=ORIENTED_EDGE('',*,*,#3676,.T.);
#5061=ORIENTED_EDGE('',*,*,#3343,.T.);
#5062=ORIENTED_EDGE('',*,*,#3674,.F.);
#5063=ORIENTED_EDGE('',*,*,#3677,.T.);
#5064=ORIENTED_EDGE('',*,*,#3678,.T.);
#5065=ORIENTED_EDGE('',*,*,#3345,.T.);
#5066=ORIENTED_EDGE('',*,*,#3676,.F.);
#5067=ORIENTED_EDGE('',*,*,#3679,.T.);
#5068=ORIENTED_EDGE('',*,*,#3680,.T.);
#5069=ORIENTED_EDGE('',*,*,#3347,.T.);
#5070=ORIENTED_EDGE('',*,*,#3678,.F.);
#5071=ORIENTED_EDGE('',*,*,#3681,.T.);
#5072=ORIENTED_EDGE('',*,*,#3682,.T.);
#5073=ORIENTED_EDGE('',*,*,#3428,.T.);
#5074=ORIENTED_EDGE('',*,*,#3680,.F.);
#5075=ORIENTED_EDGE('',*,*,#3683,.T.);
#5076=ORIENTED_EDGE('',*,*,#3684,.T.);
#5077=ORIENTED_EDGE('',*,*,#3349,.T.);
#5078=ORIENTED_EDGE('',*,*,#3682,.F.);
#5079=ORIENTED_EDGE('',*,*,#3685,.T.);
#5080=ORIENTED_EDGE('',*,*,#3684,.F.);
#5081=ORIENTED_EDGE('',*,*,#3686,.T.);
#5082=ORIENTED_EDGE('',*,*,#3687,.T.);
#5083=ORIENTED_EDGE('',*,*,#3352,.T.);
#5084=ORIENTED_EDGE('',*,*,#3687,.F.);
#5085=ORIENTED_EDGE('',*,*,#3688,.T.);
#5086=ORIENTED_EDGE('',*,*,#3689,.T.);
#5087=ORIENTED_EDGE('',*,*,#3354,.T.);
#5088=ORIENTED_EDGE('',*,*,#3690,.T.);
#5089=ORIENTED_EDGE('',*,*,#3356,.T.);
#5090=ORIENTED_EDGE('',*,*,#3689,.F.);
#5091=ORIENTED_EDGE('',*,*,#3691,.T.);
#5092=ORIENTED_EDGE('',*,*,#3690,.F.);
#5093=ORIENTED_EDGE('',*,*,#3692,.T.);
#5094=ORIENTED_EDGE('',*,*,#3693,.T.);
#5095=ORIENTED_EDGE('',*,*,#3358,.T.);
#5096=ORIENTED_EDGE('',*,*,#3694,.T.);
#5097=ORIENTED_EDGE('',*,*,#3360,.T.);
#5098=ORIENTED_EDGE('',*,*,#3693,.F.);
#5099=ORIENTED_EDGE('',*,*,#3695,.T.);
#5100=ORIENTED_EDGE('',*,*,#3694,.F.);
#5101=ORIENTED_EDGE('',*,*,#3696,.T.);
#5102=ORIENTED_EDGE('',*,*,#3697,.T.);
#5103=ORIENTED_EDGE('',*,*,#3362,.T.);
#5104=ORIENTED_EDGE('',*,*,#3697,.F.);
#5105=ORIENTED_EDGE('',*,*,#3698,.T.);
#5106=ORIENTED_EDGE('',*,*,#3699,.T.);
#5107=ORIENTED_EDGE('',*,*,#3364,.T.);
#5108=ORIENTED_EDGE('',*,*,#3700,.T.);
#5109=ORIENTED_EDGE('',*,*,#3366,.T.);
#5110=ORIENTED_EDGE('',*,*,#3699,.F.);
#5111=ORIENTED_EDGE('',*,*,#3701,.T.);
#5112=ORIENTED_EDGE('',*,*,#3702,.T.);
#5113=ORIENTED_EDGE('',*,*,#3429,.T.);
#5114=ORIENTED_EDGE('',*,*,#3700,.F.);
#5115=ORIENTED_EDGE('',*,*,#3703,.T.);
#5116=ORIENTED_EDGE('',*,*,#3704,.T.);
#5117=ORIENTED_EDGE('',*,*,#3368,.T.);
#5118=ORIENTED_EDGE('',*,*,#3702,.F.);
#5119=ORIENTED_EDGE('',*,*,#3705,.T.);
#5120=ORIENTED_EDGE('',*,*,#3704,.F.);
#5121=ORIENTED_EDGE('',*,*,#3706,.T.);
#5122=ORIENTED_EDGE('',*,*,#3707,.T.);
#5123=ORIENTED_EDGE('',*,*,#3371,.T.);
#5124=ORIENTED_EDGE('',*,*,#3707,.F.);
#5125=ORIENTED_EDGE('',*,*,#3708,.T.);
#5126=ORIENTED_EDGE('',*,*,#3709,.T.);
#5127=ORIENTED_EDGE('',*,*,#3373,.T.);
#5128=ORIENTED_EDGE('',*,*,#3710,.T.);
#5129=ORIENTED_EDGE('',*,*,#3375,.T.);
#5130=ORIENTED_EDGE('',*,*,#3709,.F.);
#5131=ORIENTED_EDGE('',*,*,#3711,.T.);
#5132=ORIENTED_EDGE('',*,*,#3710,.F.);
#5133=ORIENTED_EDGE('',*,*,#3712,.T.);
#5134=ORIENTED_EDGE('',*,*,#3713,.T.);
#5135=ORIENTED_EDGE('',*,*,#3377,.T.);
#5136=ORIENTED_EDGE('',*,*,#3714,.T.);
#5137=ORIENTED_EDGE('',*,*,#3379,.T.);
#5138=ORIENTED_EDGE('',*,*,#3713,.F.);
#5139=ORIENTED_EDGE('',*,*,#3715,.T.);
#5140=ORIENTED_EDGE('',*,*,#3714,.F.);
#5141=ORIENTED_EDGE('',*,*,#3716,.T.);
#5142=ORIENTED_EDGE('',*,*,#3717,.T.);
#5143=ORIENTED_EDGE('',*,*,#3381,.T.);
#5144=ORIENTED_EDGE('',*,*,#3717,.F.);
#5145=ORIENTED_EDGE('',*,*,#3718,.T.);
#5146=ORIENTED_EDGE('',*,*,#3719,.T.);
#5147=ORIENTED_EDGE('',*,*,#3383,.T.);
#5148=ORIENTED_EDGE('',*,*,#3720,.T.);
#5149=ORIENTED_EDGE('',*,*,#3385,.T.);
#5150=ORIENTED_EDGE('',*,*,#3719,.F.);
#5151=ORIENTED_EDGE('',*,*,#3721,.T.);
#5152=ORIENTED_EDGE('',*,*,#3722,.T.);
#5153=ORIENTED_EDGE('',*,*,#3430,.T.);
#5154=ORIENTED_EDGE('',*,*,#3720,.F.);
#5155=ORIENTED_EDGE('',*,*,#3723,.T.);
#5156=ORIENTED_EDGE('',*,*,#3724,.T.);
#5157=ORIENTED_EDGE('',*,*,#3387,.T.);
#5158=ORIENTED_EDGE('',*,*,#3722,.F.);
#5159=ORIENTED_EDGE('',*,*,#3725,.T.);
#5160=ORIENTED_EDGE('',*,*,#3724,.F.);
#5161=ORIENTED_EDGE('',*,*,#3726,.T.);
#5162=ORIENTED_EDGE('',*,*,#3727,.T.);
#5163=ORIENTED_EDGE('',*,*,#3390,.T.);
#5164=ORIENTED_EDGE('',*,*,#3727,.F.);
#5165=ORIENTED_EDGE('',*,*,#3728,.T.);
#5166=ORIENTED_EDGE('',*,*,#3729,.T.);
#5167=ORIENTED_EDGE('',*,*,#3392,.T.);
#5168=ORIENTED_EDGE('',*,*,#3730,.T.);
#5169=ORIENTED_EDGE('',*,*,#3394,.T.);
#5170=ORIENTED_EDGE('',*,*,#3729,.F.);
#5171=ORIENTED_EDGE('',*,*,#3731,.T.);
#5172=ORIENTED_EDGE('',*,*,#3730,.F.);
#5173=ORIENTED_EDGE('',*,*,#3732,.T.);
#5174=ORIENTED_EDGE('',*,*,#3733,.T.);
#5175=ORIENTED_EDGE('',*,*,#3396,.T.);
#5176=ORIENTED_EDGE('',*,*,#3734,.T.);
#5177=ORIENTED_EDGE('',*,*,#3398,.T.);
#5178=ORIENTED_EDGE('',*,*,#3733,.F.);
#5179=ORIENTED_EDGE('',*,*,#3735,.T.);
#5180=ORIENTED_EDGE('',*,*,#3734,.F.);
#5181=ORIENTED_EDGE('',*,*,#3736,.T.);
#5182=ORIENTED_EDGE('',*,*,#3737,.T.);
#5183=ORIENTED_EDGE('',*,*,#3400,.T.);
#5184=ORIENTED_EDGE('',*,*,#3737,.F.);
#5185=ORIENTED_EDGE('',*,*,#3738,.T.);
#5186=ORIENTED_EDGE('',*,*,#3739,.T.);
#5187=ORIENTED_EDGE('',*,*,#3402,.T.);
#5188=ORIENTED_EDGE('',*,*,#3740,.T.);
#5189=ORIENTED_EDGE('',*,*,#3404,.T.);
#5190=ORIENTED_EDGE('',*,*,#3739,.F.);
#5191=ORIENTED_EDGE('',*,*,#3741,.T.);
#5192=ORIENTED_EDGE('',*,*,#3742,.T.);
#5193=ORIENTED_EDGE('',*,*,#3425,.T.);
#5194=ORIENTED_EDGE('',*,*,#3740,.F.);
#5195=ORIENTED_EDGE('',*,*,#3743,.T.);
#5196=ORIENTED_EDGE('',*,*,#3744,.T.);
#5197=ORIENTED_EDGE('',*,*,#3406,.T.);
#5198=ORIENTED_EDGE('',*,*,#3742,.F.);
#5199=ORIENTED_EDGE('',*,*,#3745,.T.);
#5200=ORIENTED_EDGE('',*,*,#3744,.F.);
#5201=ORIENTED_EDGE('',*,*,#3746,.T.);
#5202=ORIENTED_EDGE('',*,*,#3747,.T.);
#5203=ORIENTED_EDGE('',*,*,#3409,.T.);
#5204=ORIENTED_EDGE('',*,*,#3747,.F.);
#5205=ORIENTED_EDGE('',*,*,#3748,.T.);
#5206=ORIENTED_EDGE('',*,*,#3749,.T.);
#5207=ORIENTED_EDGE('',*,*,#3411,.T.);
#5208=ORIENTED_EDGE('',*,*,#3750,.T.);
#5209=ORIENTED_EDGE('',*,*,#3413,.T.);
#5210=ORIENTED_EDGE('',*,*,#3749,.F.);
#5211=ORIENTED_EDGE('',*,*,#3751,.T.);
#5212=ORIENTED_EDGE('',*,*,#3750,.F.);
#5213=ORIENTED_EDGE('',*,*,#3752,.T.);
#5214=ORIENTED_EDGE('',*,*,#3753,.T.);
#5215=ORIENTED_EDGE('',*,*,#3415,.T.);
#5216=ORIENTED_EDGE('',*,*,#3754,.T.);
#5217=ORIENTED_EDGE('',*,*,#3417,.T.);
#5218=ORIENTED_EDGE('',*,*,#3753,.F.);
#5219=ORIENTED_EDGE('',*,*,#3755,.T.);
#5220=ORIENTED_EDGE('',*,*,#3754,.F.);
#5221=ORIENTED_EDGE('',*,*,#3756,.T.);
#5222=ORIENTED_EDGE('',*,*,#3757,.T.);
#5223=ORIENTED_EDGE('',*,*,#3419,.T.);
#5224=ORIENTED_EDGE('',*,*,#3757,.F.);
#5225=ORIENTED_EDGE('',*,*,#3758,.T.);
#5226=ORIENTED_EDGE('',*,*,#3759,.T.);
#5227=ORIENTED_EDGE('',*,*,#3421,.T.);
#5228=ORIENTED_EDGE('',*,*,#3760,.T.);
#5229=ORIENTED_EDGE('',*,*,#3423,.T.);
#5230=ORIENTED_EDGE('',*,*,#3759,.F.);
#5231=ORIENTED_EDGE('',*,*,#3761,.T.);
#5232=ORIENTED_EDGE('',*,*,#3762,.T.);
#5233=ORIENTED_EDGE('',*,*,#3426,.T.);
#5234=ORIENTED_EDGE('',*,*,#3760,.F.);
#5235=ORIENTED_EDGE('',*,*,#3763,.T.);
#5236=ORIENTED_EDGE('',*,*,#3764,.T.);
#5237=ORIENTED_EDGE('',*,*,#3431,.T.);
#5238=ORIENTED_EDGE('',*,*,#3762,.F.);
#5239=ORIENTED_EDGE('',*,*,#3765,.T.);
#5240=ORIENTED_EDGE('',*,*,#3766,.T.);
#5241=ORIENTED_EDGE('',*,*,#3433,.T.);
#5242=ORIENTED_EDGE('',*,*,#3764,.F.);
#5243=ORIENTED_EDGE('',*,*,#3767,.T.);
#5244=ORIENTED_EDGE('',*,*,#3768,.T.);
#5245=ORIENTED_EDGE('',*,*,#3435,.T.);
#5246=ORIENTED_EDGE('',*,*,#3766,.F.);
#5247=ORIENTED_EDGE('',*,*,#3769,.T.);
#5248=ORIENTED_EDGE('',*,*,#3770,.T.);
#5249=ORIENTED_EDGE('',*,*,#3477,.T.);
#5250=ORIENTED_EDGE('',*,*,#3768,.F.);
#5251=ORIENTED_EDGE('',*,*,#3771,.T.);
#5252=ORIENTED_EDGE('',*,*,#3772,.T.);
#5253=ORIENTED_EDGE('',*,*,#3437,.T.);
#5254=ORIENTED_EDGE('',*,*,#3770,.F.);
#5255=ORIENTED_EDGE('',*,*,#3773,.T.);
#5256=ORIENTED_EDGE('',*,*,#3772,.F.);
#5257=ORIENTED_EDGE('',*,*,#3774,.T.);
#5258=ORIENTED_EDGE('',*,*,#3775,.T.);
#5259=ORIENTED_EDGE('',*,*,#3440,.T.);
#5260=ORIENTED_EDGE('',*,*,#3775,.F.);
#5261=ORIENTED_EDGE('',*,*,#3776,.T.);
#5262=ORIENTED_EDGE('',*,*,#3777,.T.);
#5263=ORIENTED_EDGE('',*,*,#3442,.T.);
#5264=ORIENTED_EDGE('',*,*,#3778,.T.);
#5265=ORIENTED_EDGE('',*,*,#3444,.T.);
#5266=ORIENTED_EDGE('',*,*,#3777,.F.);
#5267=ORIENTED_EDGE('',*,*,#3779,.T.);
#5268=ORIENTED_EDGE('',*,*,#3778,.F.);
#5269=ORIENTED_EDGE('',*,*,#3780,.T.);
#5270=ORIENTED_EDGE('',*,*,#3781,.T.);
#5271=ORIENTED_EDGE('',*,*,#3446,.T.);
#5272=ORIENTED_EDGE('',*,*,#3782,.T.);
#5273=ORIENTED_EDGE('',*,*,#3448,.T.);
#5274=ORIENTED_EDGE('',*,*,#3781,.F.);
#5275=ORIENTED_EDGE('',*,*,#3783,.T.);
#5276=ORIENTED_EDGE('',*,*,#3782,.F.);
#5277=ORIENTED_EDGE('',*,*,#3784,.T.);
#5278=ORIENTED_EDGE('',*,*,#3785,.T.);
#5279=ORIENTED_EDGE('',*,*,#3450,.T.);
#5280=ORIENTED_EDGE('',*,*,#3785,.F.);
#5281=ORIENTED_EDGE('',*,*,#3786,.T.);
#5282=ORIENTED_EDGE('',*,*,#3787,.T.);
#5283=ORIENTED_EDGE('',*,*,#3452,.T.);
#5284=ORIENTED_EDGE('',*,*,#3788,.T.);
#5285=ORIENTED_EDGE('',*,*,#3454,.T.);
#5286=ORIENTED_EDGE('',*,*,#3787,.F.);
#5287=ORIENTED_EDGE('',*,*,#3789,.T.);
#5288=ORIENTED_EDGE('',*,*,#3790,.T.);
#5289=ORIENTED_EDGE('',*,*,#3478,.T.);
#5290=ORIENTED_EDGE('',*,*,#3788,.F.);
#5291=ORIENTED_EDGE('',*,*,#3791,.T.);
#5292=ORIENTED_EDGE('',*,*,#3792,.T.);
#5293=ORIENTED_EDGE('',*,*,#3456,.T.);
#5294=ORIENTED_EDGE('',*,*,#3790,.F.);
#5295=ORIENTED_EDGE('',*,*,#3793,.T.);
#5296=ORIENTED_EDGE('',*,*,#3792,.F.);
#5297=ORIENTED_EDGE('',*,*,#3794,.T.);
#5298=ORIENTED_EDGE('',*,*,#3795,.T.);
#5299=ORIENTED_EDGE('',*,*,#3459,.T.);
#5300=ORIENTED_EDGE('',*,*,#3795,.F.);
#5301=ORIENTED_EDGE('',*,*,#3796,.T.);
#5302=ORIENTED_EDGE('',*,*,#3797,.T.);
#5303=ORIENTED_EDGE('',*,*,#3461,.T.);
#5304=ORIENTED_EDGE('',*,*,#3798,.T.);
#5305=ORIENTED_EDGE('',*,*,#3463,.T.);
#5306=ORIENTED_EDGE('',*,*,#3797,.F.);
#5307=ORIENTED_EDGE('',*,*,#3799,.T.);
#5308=ORIENTED_EDGE('',*,*,#3798,.F.);
#5309=ORIENTED_EDGE('',*,*,#3800,.T.);
#5310=ORIENTED_EDGE('',*,*,#3801,.T.);
#5311=ORIENTED_EDGE('',*,*,#3465,.T.);
#5312=ORIENTED_EDGE('',*,*,#3802,.T.);
#5313=ORIENTED_EDGE('',*,*,#3467,.T.);
#5314=ORIENTED_EDGE('',*,*,#3801,.F.);
#5315=ORIENTED_EDGE('',*,*,#3803,.T.);
#5316=ORIENTED_EDGE('',*,*,#3802,.F.);
#5317=ORIENTED_EDGE('',*,*,#3804,.T.);
#5318=ORIENTED_EDGE('',*,*,#3805,.T.);
#5319=ORIENTED_EDGE('',*,*,#3469,.T.);
#5320=ORIENTED_EDGE('',*,*,#3805,.F.);
#5321=ORIENTED_EDGE('',*,*,#3806,.T.);
#5322=ORIENTED_EDGE('',*,*,#3807,.T.);
#5323=ORIENTED_EDGE('',*,*,#3471,.T.);
#5324=ORIENTED_EDGE('',*,*,#3808,.T.);
#5325=ORIENTED_EDGE('',*,*,#3473,.T.);
#5326=ORIENTED_EDGE('',*,*,#3807,.F.);
#5327=ORIENTED_EDGE('',*,*,#3809,.T.);
#5328=ORIENTED_EDGE('',*,*,#3810,.T.);
#5329=ORIENTED_EDGE('',*,*,#3475,.T.);
#5330=ORIENTED_EDGE('',*,*,#3808,.F.);
#5331=ORIENTED_EDGE('',*,*,#3811,.T.);
#5332=ORIENTED_EDGE('',*,*,#3812,.T.);
#5333=ORIENTED_EDGE('',*,*,#3479,.T.);
#5334=ORIENTED_EDGE('',*,*,#3810,.F.);
#5335=ORIENTED_EDGE('',*,*,#3813,.T.);
#5336=ORIENTED_EDGE('',*,*,#3814,.T.);
#5337=ORIENTED_EDGE('',*,*,#3482,.T.);
#5338=ORIENTED_EDGE('',*,*,#3812,.F.);
#5339=ORIENTED_EDGE('',*,*,#3815,.T.);
#5340=ORIENTED_EDGE('',*,*,#3816,.T.);
#5341=ORIENTED_EDGE('',*,*,#3817,.F.);
#5342=ORIENTED_EDGE('',*,*,#3485,.T.);
#5343=ORIENTED_EDGE('',*,*,#3814,.F.);
#5344=ORIENTED_EDGE('',*,*,#3818,.T.);
#5345=ORIENTED_EDGE('',*,*,#3819,.T.);
#5346=ORIENTED_EDGE('',*,*,#3493,.F.);
#5347=ORIENTED_EDGE('',*,*,#3498,.T.);
#5348=ORIENTED_EDGE('',*,*,#3500,.F.);
#5349=ORIENTED_EDGE('',*,*,#3624,.T.);
#5350=ORIENTED_EDGE('',*,*,#3820,.F.);
#5351=ORIENTED_EDGE('',*,*,#3629,.F.);
#5352=ORIENTED_EDGE('',*,*,#3491,.F.);
#5353=ORIENTED_EDGE('',*,*,#3488,.T.);
#5354=ORIENTED_EDGE('',*,*,#3486,.F.);
#5355=ORIENTED_EDGE('',*,*,#3817,.T.);
#5356=ORIENTED_EDGE('',*,*,#3821,.F.);
#5357=ORIENTED_EDGE('',*,*,#3822,.F.);
#5358=ORIENTED_EDGE('',*,*,#3494,.F.);
#5359=ORIENTED_EDGE('',*,*,#3819,.F.);
#5360=ORIENTED_EDGE('',*,*,#3822,.T.);
#5361=ORIENTED_EDGE('',*,*,#3823,.T.);
#5362=ORIENTED_EDGE('',*,*,#3824,.F.);
#5363=ORIENTED_EDGE('',*,*,#3507,.F.);
#5364=ORIENTED_EDGE('',*,*,#3505,.F.);
#5365=ORIENTED_EDGE('',*,*,#3502,.F.);
#5366=ORIENTED_EDGE('',*,*,#3623,.F.);
#5367=ORIENTED_EDGE('',*,*,#3825,.T.);
#5368=ORIENTED_EDGE('',*,*,#3625,.T.);
#5369=ORIENTED_EDGE('',*,*,#3501,.T.);
#5370=ORIENTED_EDGE('',*,*,#3496,.T.);
#5371=ORIENTED_EDGE('',*,*,#3495,.T.);
#5372=ORIENTED_EDGE('',*,*,#3509,.F.);
#5373=ORIENTED_EDGE('',*,*,#3508,.F.);
#5374=ORIENTED_EDGE('',*,*,#3824,.T.);
#5375=ORIENTED_EDGE('',*,*,#3826,.F.);
#5376=ORIENTED_EDGE('',*,*,#3510,.T.);
#5377=ORIENTED_EDGE('',*,*,#3827,.T.);
#5378=ORIENTED_EDGE('',*,*,#3828,.T.);
#5379=ORIENTED_EDGE('',*,*,#3542,.T.);
#5380=ORIENTED_EDGE('',*,*,#3829,.T.);
#5381=ORIENTED_EDGE('',*,*,#3512,.T.);
#5382=ORIENTED_EDGE('',*,*,#3828,.F.);
#5383=ORIENTED_EDGE('',*,*,#3830,.T.);
#5384=ORIENTED_EDGE('',*,*,#3515,.T.);
#5385=ORIENTED_EDGE('',*,*,#3528,.T.);
#5386=ORIENTED_EDGE('',*,*,#3829,.F.);
#5387=ORIENTED_EDGE('',*,*,#3831,.T.);
#5388=ORIENTED_EDGE('',*,*,#3516,.F.);
#5389=ORIENTED_EDGE('',*,*,#3832,.T.);
#5390=ORIENTED_EDGE('',*,*,#3833,.T.);
#5391=ORIENTED_EDGE('',*,*,#3518,.F.);
#5392=ORIENTED_EDGE('',*,*,#3523,.T.);
#5393=ORIENTED_EDGE('',*,*,#3521,.F.);
#5394=ORIENTED_EDGE('',*,*,#3519,.T.);
#5395=ORIENTED_EDGE('',*,*,#3833,.F.);
#5396=ORIENTED_EDGE('',*,*,#3834,.F.);
#5397=ORIENTED_EDGE('',*,*,#3835,.F.);
#5398=ORIENTED_EDGE('',*,*,#3530,.F.);
#5399=ORIENTED_EDGE('',*,*,#3524,.T.);
#5400=ORIENTED_EDGE('',*,*,#3835,.T.);
#5401=ORIENTED_EDGE('',*,*,#3836,.T.);
#5402=ORIENTED_EDGE('',*,*,#3529,.F.);
#5403=ORIENTED_EDGE('',*,*,#3837,.T.);
#5404=ORIENTED_EDGE('',*,*,#3838,.T.);
#5405=ORIENTED_EDGE('',*,*,#3526,.F.);
#5406=ORIENTED_EDGE('',*,*,#3839,.T.);
#5407=ORIENTED_EDGE('',*,*,#3531,.T.);
#5408=ORIENTED_EDGE('',*,*,#3838,.F.);
#5409=ORIENTED_EDGE('',*,*,#3840,.T.);
#5410=ORIENTED_EDGE('',*,*,#3841,.T.);
#5411=ORIENTED_EDGE('',*,*,#3533,.T.);
#5412=ORIENTED_EDGE('',*,*,#3839,.F.);
#5413=ORIENTED_EDGE('',*,*,#3842,.T.);
#5414=ORIENTED_EDGE('',*,*,#3843,.T.);
#5415=ORIENTED_EDGE('',*,*,#3844,.T.);
#5416=ORIENTED_EDGE('',*,*,#3845,.F.);
#5417=ORIENTED_EDGE('',*,*,#3549,.T.);
#5418=ORIENTED_EDGE('',*,*,#3846,.F.);
#5419=ORIENTED_EDGE('',*,*,#3847,.F.);
#5420=ORIENTED_EDGE('',*,*,#3537,.F.);
#5421=ORIENTED_EDGE('',*,*,#3534,.T.);
#5422=ORIENTED_EDGE('',*,*,#3540,.T.);
#5423=ORIENTED_EDGE('',*,*,#3538,.T.);
#5424=ORIENTED_EDGE('',*,*,#3535,.F.);
#5425=ORIENTED_EDGE('',*,*,#3848,.T.);
#5426=ORIENTED_EDGE('',*,*,#3618,.F.);
#5427=ORIENTED_EDGE('',*,*,#3543,.F.);
#5428=ORIENTED_EDGE('',*,*,#3541,.F.);
#5429=ORIENTED_EDGE('',*,*,#3849,.T.);
#5430=ORIENTED_EDGE('',*,*,#3850,.F.);
#5431=ORIENTED_EDGE('',*,*,#3851,.T.);
#5432=ORIENTED_EDGE('',*,*,#3619,.T.);
#5433=ORIENTED_EDGE('',*,*,#3852,.T.);
#5434=ORIENTED_EDGE('',*,*,#3850,.T.);
#5435=ORIENTED_EDGE('',*,*,#3853,.T.);
#5436=ORIENTED_EDGE('',*,*,#3843,.F.);
#5437=ORIENTED_EDGE('',*,*,#3614,.T.);
#5438=ORIENTED_EDGE('',*,*,#3845,.T.);
#5439=ORIENTED_EDGE('',*,*,#3854,.T.);
#5440=ORIENTED_EDGE('',*,*,#3855,.F.);
#5441=ORIENTED_EDGE('',*,*,#3545,.T.);
#5442=ORIENTED_EDGE('',*,*,#3856,.F.);
#5443=ORIENTED_EDGE('',*,*,#3857,.T.);
#5444=ORIENTED_EDGE('',*,*,#3858,.T.);
#5445=ORIENTED_EDGE('',*,*,#3546,.F.);
#5446=ORIENTED_EDGE('',*,*,#3550,.F.);
#5447=ORIENTED_EDGE('',*,*,#3547,.F.);
#5448=ORIENTED_EDGE('',*,*,#3858,.F.);
#5449=ORIENTED_EDGE('',*,*,#3859,.F.);
#5450=ORIENTED_EDGE('',*,*,#3860,.F.);
#5451=ORIENTED_EDGE('',*,*,#3615,.F.);
#5452=ORIENTED_EDGE('',*,*,#3861,.T.);
#5453=ORIENTED_EDGE('',*,*,#3862,.F.);
#5454=ORIENTED_EDGE('',*,*,#3863,.F.);
#5455=ORIENTED_EDGE('',*,*,#3842,.F.);
#5456=ORIENTED_EDGE('',*,*,#3840,.F.);
#5457=ORIENTED_EDGE('',*,*,#3837,.F.);
#5458=ORIENTED_EDGE('',*,*,#3836,.F.);
#5459=ORIENTED_EDGE('',*,*,#3834,.T.);
#5460=ORIENTED_EDGE('',*,*,#3832,.F.);
#5461=ORIENTED_EDGE('',*,*,#3831,.F.);
#5462=ORIENTED_EDGE('',*,*,#3830,.F.);
#5463=ORIENTED_EDGE('',*,*,#3827,.F.);
#5464=ORIENTED_EDGE('',*,*,#3826,.T.);
#5465=ORIENTED_EDGE('',*,*,#3823,.F.);
#5466=ORIENTED_EDGE('',*,*,#3821,.T.);
#5467=ORIENTED_EDGE('',*,*,#3818,.F.);
#5468=ORIENTED_EDGE('',*,*,#3816,.F.);
#5469=ORIENTED_EDGE('',*,*,#3815,.F.);
#5470=ORIENTED_EDGE('',*,*,#3813,.F.);
#5471=ORIENTED_EDGE('',*,*,#3811,.F.);
#5472=ORIENTED_EDGE('',*,*,#3809,.F.);
#5473=ORIENTED_EDGE('',*,*,#3806,.F.);
#5474=ORIENTED_EDGE('',*,*,#3804,.F.);
#5475=ORIENTED_EDGE('',*,*,#3803,.F.);
#5476=ORIENTED_EDGE('',*,*,#3800,.F.);
#5477=ORIENTED_EDGE('',*,*,#3799,.F.);
#5478=ORIENTED_EDGE('',*,*,#3796,.F.);
#5479=ORIENTED_EDGE('',*,*,#3794,.F.);
#5480=ORIENTED_EDGE('',*,*,#3793,.F.);
#5481=ORIENTED_EDGE('',*,*,#3791,.F.);
#5482=ORIENTED_EDGE('',*,*,#3789,.F.);
#5483=ORIENTED_EDGE('',*,*,#3786,.F.);
#5484=ORIENTED_EDGE('',*,*,#3784,.F.);
#5485=ORIENTED_EDGE('',*,*,#3783,.F.);
#5486=ORIENTED_EDGE('',*,*,#3780,.F.);
#5487=ORIENTED_EDGE('',*,*,#3779,.F.);
#5488=ORIENTED_EDGE('',*,*,#3776,.F.);
#5489=ORIENTED_EDGE('',*,*,#3774,.F.);
#5490=ORIENTED_EDGE('',*,*,#3773,.F.);
#5491=ORIENTED_EDGE('',*,*,#3771,.F.);
#5492=ORIENTED_EDGE('',*,*,#3769,.F.);
#5493=ORIENTED_EDGE('',*,*,#3767,.F.);
#5494=ORIENTED_EDGE('',*,*,#3765,.F.);
#5495=ORIENTED_EDGE('',*,*,#3763,.F.);
#5496=ORIENTED_EDGE('',*,*,#3761,.F.);
#5497=ORIENTED_EDGE('',*,*,#3758,.F.);
#5498=ORIENTED_EDGE('',*,*,#3756,.F.);
#5499=ORIENTED_EDGE('',*,*,#3755,.F.);
#5500=ORIENTED_EDGE('',*,*,#3752,.F.);
#5501=ORIENTED_EDGE('',*,*,#3751,.F.);
#5502=ORIENTED_EDGE('',*,*,#3748,.F.);
#5503=ORIENTED_EDGE('',*,*,#3746,.F.);
#5504=ORIENTED_EDGE('',*,*,#3745,.F.);
#5505=ORIENTED_EDGE('',*,*,#3743,.F.);
#5506=ORIENTED_EDGE('',*,*,#3741,.F.);
#5507=ORIENTED_EDGE('',*,*,#3738,.F.);
#5508=ORIENTED_EDGE('',*,*,#3736,.F.);
#5509=ORIENTED_EDGE('',*,*,#3735,.F.);
#5510=ORIENTED_EDGE('',*,*,#3732,.F.);
#5511=ORIENTED_EDGE('',*,*,#3731,.F.);
#5512=ORIENTED_EDGE('',*,*,#3728,.F.);
#5513=ORIENTED_EDGE('',*,*,#3726,.F.);
#5514=ORIENTED_EDGE('',*,*,#3725,.F.);
#5515=ORIENTED_EDGE('',*,*,#3723,.F.);
#5516=ORIENTED_EDGE('',*,*,#3721,.F.);
#5517=ORIENTED_EDGE('',*,*,#3718,.F.);
#5518=ORIENTED_EDGE('',*,*,#3716,.F.);
#5519=ORIENTED_EDGE('',*,*,#3715,.F.);
#5520=ORIENTED_EDGE('',*,*,#3712,.F.);
#5521=ORIENTED_EDGE('',*,*,#3711,.F.);
#5522=ORIENTED_EDGE('',*,*,#3708,.F.);
#5523=ORIENTED_EDGE('',*,*,#3706,.F.);
#5524=ORIENTED_EDGE('',*,*,#3705,.F.);
#5525=ORIENTED_EDGE('',*,*,#3703,.F.);
#5526=ORIENTED_EDGE('',*,*,#3701,.F.);
#5527=ORIENTED_EDGE('',*,*,#3698,.F.);
#5528=ORIENTED_EDGE('',*,*,#3696,.F.);
#5529=ORIENTED_EDGE('',*,*,#3695,.F.);
#5530=ORIENTED_EDGE('',*,*,#3692,.F.);
#5531=ORIENTED_EDGE('',*,*,#3691,.F.);
#5532=ORIENTED_EDGE('',*,*,#3688,.F.);
#5533=ORIENTED_EDGE('',*,*,#3686,.F.);
#5534=ORIENTED_EDGE('',*,*,#3685,.F.);
#5535=ORIENTED_EDGE('',*,*,#3683,.F.);
#5536=ORIENTED_EDGE('',*,*,#3681,.F.);
#5537=ORIENTED_EDGE('',*,*,#3679,.F.);
#5538=ORIENTED_EDGE('',*,*,#3677,.F.);
#5539=ORIENTED_EDGE('',*,*,#3675,.F.);
#5540=ORIENTED_EDGE('',*,*,#3673,.F.);
#5541=ORIENTED_EDGE('',*,*,#3670,.F.);
#5542=ORIENTED_EDGE('',*,*,#3668,.F.);
#5543=ORIENTED_EDGE('',*,*,#3666,.F.);
#5544=ORIENTED_EDGE('',*,*,#3664,.F.);
#5545=ORIENTED_EDGE('',*,*,#3662,.F.);
#5546=ORIENTED_EDGE('',*,*,#3660,.F.);
#5547=ORIENTED_EDGE('',*,*,#3658,.F.);
#5548=ORIENTED_EDGE('',*,*,#3657,.F.);
#5549=ORIENTED_EDGE('',*,*,#3655,.F.);
#5550=ORIENTED_EDGE('',*,*,#3653,.F.);
#5551=ORIENTED_EDGE('',*,*,#3650,.F.);
#5552=ORIENTED_EDGE('',*,*,#3648,.F.);
#5553=ORIENTED_EDGE('',*,*,#3647,.F.);
#5554=ORIENTED_EDGE('',*,*,#3644,.F.);
#5555=ORIENTED_EDGE('',*,*,#3643,.F.);
#5556=ORIENTED_EDGE('',*,*,#3640,.F.);
#5557=ORIENTED_EDGE('',*,*,#3638,.F.);
#5558=ORIENTED_EDGE('',*,*,#3637,.F.);
#5559=ORIENTED_EDGE('',*,*,#3635,.F.);
#5560=ORIENTED_EDGE('',*,*,#3633,.F.);
#5561=ORIENTED_EDGE('',*,*,#3631,.F.);
#5562=ORIENTED_EDGE('',*,*,#3627,.F.);
#5563=ORIENTED_EDGE('',*,*,#3820,.T.);
#5564=ORIENTED_EDGE('',*,*,#3626,.T.);
#5565=ORIENTED_EDGE('',*,*,#3825,.F.);
#5566=ORIENTED_EDGE('',*,*,#3622,.T.);
#5567=ORIENTED_EDGE('',*,*,#3621,.F.);
#5568=ORIENTED_EDGE('',*,*,#3620,.F.);
#5569=ORIENTED_EDGE('',*,*,#3851,.F.);
#5570=ORIENTED_EDGE('',*,*,#3616,.F.);
#5571=ORIENTED_EDGE('',*,*,#3860,.T.);
#5572=ORIENTED_EDGE('',*,*,#2984,.T.);
#5573=ORIENTED_EDGE('',*,*,#2994,.T.);
#5574=ORIENTED_EDGE('',*,*,#2991,.T.);
#5575=ORIENTED_EDGE('',*,*,#2988,.T.);
#5576=ORIENTED_EDGE('',*,*,#3612,.F.);
#5577=ORIENTED_EDGE('',*,*,#3610,.F.);
#5578=ORIENTED_EDGE('',*,*,#3608,.T.);
#5579=ORIENTED_EDGE('',*,*,#3606,.T.);
#5580=ORIENTED_EDGE('',*,*,#3604,.T.);
#5581=ORIENTED_EDGE('',*,*,#3602,.T.);
#5582=ORIENTED_EDGE('',*,*,#3601,.T.);
#5583=ORIENTED_EDGE('',*,*,#3599,.T.);
#5584=ORIENTED_EDGE('',*,*,#3597,.T.);
#5585=ORIENTED_EDGE('',*,*,#3594,.T.);
#5586=ORIENTED_EDGE('',*,*,#3593,.T.);
#5587=ORIENTED_EDGE('',*,*,#3591,.T.);
#5588=ORIENTED_EDGE('',*,*,#3589,.T.);
#5589=ORIENTED_EDGE('',*,*,#3586,.T.);
#5590=ORIENTED_EDGE('',*,*,#3585,.T.);
#5591=ORIENTED_EDGE('',*,*,#3583,.T.);
#5592=ORIENTED_EDGE('',*,*,#3581,.T.);
#5593=ORIENTED_EDGE('',*,*,#3578,.T.);
#5594=ORIENTED_EDGE('',*,*,#3577,.T.);
#5595=ORIENTED_EDGE('',*,*,#3575,.T.);
#5596=ORIENTED_EDGE('',*,*,#3573,.T.);
#5597=ORIENTED_EDGE('',*,*,#3570,.T.);
#5598=ORIENTED_EDGE('',*,*,#3569,.F.);
#5599=ORIENTED_EDGE('',*,*,#3568,.F.);
#5600=ORIENTED_EDGE('',*,*,#3565,.F.);
#5601=ORIENTED_EDGE('',*,*,#3564,.F.);
#5602=ORIENTED_EDGE('',*,*,#3561,.F.);
#5603=ORIENTED_EDGE('',*,*,#3560,.F.);
#5604=ORIENTED_EDGE('',*,*,#3557,.F.);
#5605=ORIENTED_EDGE('',*,*,#3556,.F.);
#5606=ORIENTED_EDGE('',*,*,#3552,.F.);
#5607=ORIENTED_EDGE('',*,*,#3864,.T.);
#5608=ORIENTED_EDGE('',*,*,#3846,.T.);
#5609=ORIENTED_EDGE('',*,*,#3841,.F.);
#5610=ORIENTED_EDGE('',*,*,#3863,.T.);
#5611=ORIENTED_EDGE('',*,*,#3853,.F.);
#5612=ORIENTED_EDGE('',*,*,#3852,.F.);
#5613=ORIENTED_EDGE('',*,*,#3849,.F.);
#5614=ORIENTED_EDGE('',*,*,#3848,.F.);
#5615=ORIENTED_EDGE('',*,*,#3847,.T.);
#5616=ORIENTED_EDGE('',*,*,#3865,.F.);
#5617=ORIENTED_EDGE('',*,*,#2999,.F.);
#5618=ORIENTED_EDGE('',*,*,#3866,.F.);
#5619=ORIENTED_EDGE('',*,*,#3854,.F.);
#5620=ORIENTED_EDGE('',*,*,#3844,.F.);
#5621=ORIENTED_EDGE('',*,*,#3855,.T.);
#5622=ORIENTED_EDGE('',*,*,#3866,.T.);
#5623=ORIENTED_EDGE('',*,*,#2998,.F.);
#5624=ORIENTED_EDGE('',*,*,#3856,.T.);
#5625=ORIENTED_EDGE('',*,*,#2997,.F.);
#5626=ORIENTED_EDGE('',*,*,#3861,.F.);
#5627=ORIENTED_EDGE('',*,*,#3859,.T.);
#5628=ORIENTED_EDGE('',*,*,#3857,.F.);
#5629=ORIENTED_EDGE('',*,*,#2996,.T.);
#5630=ORIENTED_EDGE('',*,*,#3865,.T.);
#5631=ORIENTED_EDGE('',*,*,#3864,.F.);
#5632=ORIENTED_EDGE('',*,*,#3862,.T.);
#5633=PLANE('',#6158);
#5634=PLANE('',#6162);
#5635=PLANE('',#6166);
#5636=PLANE('',#6170);
#5637=PLANE('',#6172);
#5638=PLANE('',#6174);
#5639=PLANE('',#6176);
#5640=PLANE('',#6178);
#5641=PLANE('',#6180);
#5642=PLANE('',#6182);
#5643=PLANE('',#6184);
#5644=PLANE('',#6186);
#5645=PLANE('',#6188);
#5646=PLANE('',#6210);
#5647=PLANE('',#6211);
#5648=PLANE('',#6220);
#5649=PLANE('',#6231);
#5650=PLANE('',#6239);
#5651=PLANE('',#6247);
#5652=PLANE('',#6255);
#5653=PLANE('',#6263);
#5654=PLANE('',#6271);
#5655=PLANE('',#6282);
#5656=PLANE('',#6290);
#5657=PLANE('',#6294);
#5658=PLANE('',#6297);
#5659=PLANE('',#6299);
#5660=PLANE('',#6309);
#5661=PLANE('',#6313);
#5662=PLANE('',#6317);
#5663=PLANE('',#6321);
#5664=PLANE('',#6324);
#5665=PLANE('',#6327);
#5666=PLANE('',#6330);
#5667=PLANE('',#6333);
#5668=PLANE('',#6336);
#5669=PLANE('',#6339);
#5670=PLANE('',#6343);
#5671=PLANE('',#6350);
#5672=PLANE('',#6354);
#5673=PLANE('',#6358);
#5674=PLANE('',#6362);
#5675=PLANE('',#6366);
#5676=PLANE('',#6370);
#5677=PLANE('',#6374);
#5678=PLANE('',#6377);
#5679=PLANE('',#6380);
#5680=PLANE('',#6383);
#5681=PLANE('',#6384);
#5682=PLANE('',#6387);
#5683=PLANE('',#6390);
#5684=PLANE('',#6393);
#5685=PLANE('',#6396);
#5686=PLANE('',#6398);
#5687=PLANE('',#6400);
#5688=PLANE('',#6402);
#5689=PLANE('',#6404);
#5690=PLANE('',#6406);
#5691=PLANE('',#6408);
#5692=PLANE('',#6409);
#5693=PLANE('',#6415);
#5694=PLANE('',#6426);
#5695=PLANE('',#6431);
#5696=PLANE('',#6442);
#5697=PLANE('',#6445);
#5698=PLANE('',#6448);
#5699=PLANE('',#6453);
#5700=PLANE('',#6464);
#5701=PLANE('',#6469);
#5702=PLANE('',#6480);
#5703=PLANE('',#6485);
#5704=PLANE('',#6496);
#5705=PLANE('',#6501);
#5706=PLANE('',#6512);
#5707=PLANE('',#6515);
#5708=PLANE('',#6518);
#5709=PLANE('',#6523);
#5710=PLANE('',#6534);
#5711=PLANE('',#6539);
#5712=PLANE('',#6550);
#5713=PLANE('',#6553);
#5714=PLANE('',#6557);
#5715=PLANE('',#6561);
#5716=PLANE('',#6568);
#5717=PLANE('',#6574);
#5718=PLANE('',#6577);
#5719=PLANE('',#6585);
#5720=PLANE('',#6588);
#5721=PLANE('',#6594);
#5722=PLANE('',#6598);
#5723=PLANE('',#6602);
#5724=PLANE('',#6603);
#5725=PLANE('',#6611);
#5726=PLANE('',#6614);
#5727=PLANE('',#6617);
#5728=PLANE('',#6620);
#5729=PLANE('',#6623);
#5730=PLANE('',#6626);
#5731=PLANE('',#6629);
#5732=PLANE('',#6632);
#5733=PLANE('',#6635);
#5734=PLANE('',#6638);
#5735=PLANE('',#6641);
#5736=PLANE('',#6644);
#5737=PLANE('',#6663);
#5738=PLANE('',#6664);
#5739=PLANE('',#6665);
#5740=PLANE('',#6668);
#5741=PLANE('',#6671);
#5742=PLANE('',#6674);
#5743=PLANE('',#6685);
#5744=PLANE('',#6688);
#5745=PLANE('',#6691);
#5746=PLANE('',#6702);
#5747=PLANE('',#6705);
#5748=PLANE('',#6708);
#5749=PLANE('',#6711);
#5750=PLANE('',#6714);
#5751=PLANE('',#6725);
#5752=PLANE('',#6728);
#5753=PLANE('',#6731);
#5754=PLANE('',#6742);
#5755=PLANE('',#6745);
#5756=PLANE('',#6748);
#5757=PLANE('',#6759);
#5758=PLANE('',#6762);
#5759=PLANE('',#6765);
#5760=PLANE('',#6776);
#5761=PLANE('',#6779);
#5762=PLANE('',#6782);
#5763=PLANE('',#6785);
#5764=PLANE('',#6788);
#5765=PLANE('',#6799);
#5766=PLANE('',#6802);
#5767=PLANE('',#6805);
#5768=PLANE('',#6816);
#5769=PLANE('',#6819);
#5770=PLANE('',#6822);
#5771=PLANE('',#6825);
#5772=PLANE('',#6826);
#5773=PLANE('',#6827);
#5774=PLANE('',#6828);
#5775=PLANE('',#6829);
#5776=PLANE('',#6832);
#5777=PLANE('',#6835);
#5778=PLANE('',#6838);
#5779=PLANE('',#6841);
#5780=PLANE('',#6846);
#5781=PLANE('',#6848);
#5782=PLANE('',#6851);
#5783=PLANE('',#6855);
#5784=PLANE('',#6857);
#5785=PLANE('',#6860);
#5786=PLANE('',#6864);
#5787=ADVANCED_FACE('',(#596),#5633,.F.);
#5788=ADVANCED_FACE('',(#597),#475,.F.);
#5789=ADVANCED_FACE('',(#598),#5634,.F.);
#5790=ADVANCED_FACE('',(#599),#476,.F.);
#5791=ADVANCED_FACE('',(#600),#5635,.T.);
#5792=ADVANCED_FACE('',(#601),#53,.T.);
#5793=ADVANCED_FACE('',(#602),#5636,.F.);
#5794=ADVANCED_FACE('',(#603),#5637,.F.);
#5795=ADVANCED_FACE('',(#604),#5638,.T.);
#5796=ADVANCED_FACE('',(#605),#5639,.T.);
#5797=ADVANCED_FACE('',(#606),#5640,.T.);
#5798=ADVANCED_FACE('',(#607),#5641,.T.);
#5799=ADVANCED_FACE('',(#608),#5642,.T.);
#5800=ADVANCED_FACE('',(#609),#5643,.T.);
#5801=ADVANCED_FACE('',(#610),#5644,.T.);
#5802=ADVANCED_FACE('',(#611),#5645,.T.);
#5803=ADVANCED_FACE('',(#612),#477,.F.);
#5804=ADVANCED_FACE('',(#613),#478,.F.);
#5805=ADVANCED_FACE('',(#614),#479,.F.);
#5806=ADVANCED_FACE('',(#615),#480,.F.);
#5807=ADVANCED_FACE('',(#616),#481,.F.);
#5808=ADVANCED_FACE('',(#617),#482,.F.);
#5809=ADVANCED_FACE('',(#618),#483,.F.);
#5810=ADVANCED_FACE('',(#619),#484,.F.);
#5811=ADVANCED_FACE('',(#620),#485,.F.);
#5812=ADVANCED_FACE('',(#621),#486,.F.);
#5813=ADVANCED_FACE('',(#622),#5646,.F.);
#5814=ADVANCED_FACE('',(#623,#27,#28,#29),#5647,.T.);
#5815=ADVANCED_FACE('',(#624,#30),#5648,.F.);
#5816=ADVANCED_FACE('',(#625),#487,.T.);
#5817=ADVANCED_FACE('',(#626,#31),#5649,.T.);
#5818=ADVANCED_FACE('',(#627,#32),#5650,.F.);
#5819=ADVANCED_FACE('',(#628,#33),#5651,.F.);
#5820=ADVANCED_FACE('',(#629,#34),#5652,.F.);
#5821=ADVANCED_FACE('',(#630,#35),#5653,.F.);
#5822=ADVANCED_FACE('',(#631,#36),#5654,.F.);
#5823=ADVANCED_FACE('',(#632),#488,.F.);
#5824=ADVANCED_FACE('',(#633,#37),#5655,.F.);
#5825=ADVANCED_FACE('',(#634),#5656,.T.);
#5826=ADVANCED_FACE('',(#635),#54,.F.);
#5827=ADVANCED_FACE('',(#636),#5657,.T.);
#5828=ADVANCED_FACE('',(#637),#55,.T.);
#5829=ADVANCED_FACE('',(#638),#5658,.T.);
#5830=ADVANCED_FACE('',(#639),#5659,.T.);
#5831=ADVANCED_FACE('',(#640),#56,.F.);
#5832=ADVANCED_FACE('',(#641),#57,.F.);
#5833=ADVANCED_FACE('',(#642),#58,.F.);
#5834=ADVANCED_FACE('',(#643),#5660,.T.);
#5835=ADVANCED_FACE('',(#644),#59,.F.);
#5836=ADVANCED_FACE('',(#645),#5661,.T.);
#5837=ADVANCED_FACE('',(#646),#60,.F.);
#5838=ADVANCED_FACE('',(#647),#5662,.T.);
#5839=ADVANCED_FACE('',(#648),#61,.F.);
#5840=ADVANCED_FACE('',(#649),#5663,.T.);
#5841=ADVANCED_FACE('',(#650),#62,.T.);
#5842=ADVANCED_FACE('',(#651),#5664,.T.);
#5843=ADVANCED_FACE('',(#652),#63,.F.);
#5844=ADVANCED_FACE('',(#653),#5665,.T.);
#5845=ADVANCED_FACE('',(#654),#489,.F.);
#5846=ADVANCED_FACE('',(#655),#5666,.F.);
#5847=ADVANCED_FACE('',(#656),#490,.F.);
#5848=ADVANCED_FACE('',(#657),#5667,.F.);
#5849=ADVANCED_FACE('',(#658),#491,.F.);
#5850=ADVANCED_FACE('',(#659),#5668,.F.);
#5851=ADVANCED_FACE('',(#660),#492,.F.);
#5852=ADVANCED_FACE('',(#661),#5669,.F.);
#5853=ADVANCED_FACE('',(#662),#493,.F.);
#5854=ADVANCED_FACE('',(#663),#5670,.F.);
#5855=ADVANCED_FACE('',(#664),#494,.F.);
#5856=ADVANCED_FACE('',(#665),#495,.T.);
#5857=ADVANCED_FACE('',(#666),#5671,.T.);
#5858=ADVANCED_FACE('',(#667),#64,.T.);
#5859=ADVANCED_FACE('',(#668),#5672,.T.);
#5860=ADVANCED_FACE('',(#669),#65,.T.);
#5861=ADVANCED_FACE('',(#670),#5673,.T.);
#5862=ADVANCED_FACE('',(#671),#496,.T.);
#5863=ADVANCED_FACE('',(#672),#5674,.T.);
#5864=ADVANCED_FACE('',(#673),#66,.F.);
#5865=ADVANCED_FACE('',(#674),#5675,.T.);
#5866=ADVANCED_FACE('',(#675),#67,.F.);
#5867=ADVANCED_FACE('',(#676),#5676,.F.);
#5868=ADVANCED_FACE('',(#677),#497,.F.);
#5869=ADVANCED_FACE('',(#678),#5677,.F.);
#5870=ADVANCED_FACE('',(#679),#498,.F.);
#5871=ADVANCED_FACE('',(#680),#5678,.F.);
#5872=ADVANCED_FACE('',(#681),#499,.F.);
#5873=ADVANCED_FACE('',(#682),#5679,.F.);
#5874=ADVANCED_FACE('',(#683),#500,.F.);
#5875=ADVANCED_FACE('',(#684),#5680,.F.);
#5876=ADVANCED_FACE('',(#685),#5681,.F.);
#5877=ADVANCED_FACE('',(#686),#5682,.F.);
#5878=ADVANCED_FACE('',(#687),#5683,.F.);
#5879=ADVANCED_FACE('',(#688),#5684,.F.);
#5880=ADVANCED_FACE('',(#689),#5685,.T.);
#5881=ADVANCED_FACE('',(#690),#5686,.T.);
#5882=ADVANCED_FACE('',(#691),#5687,.T.);
#5883=ADVANCED_FACE('',(#692),#5688,.T.);
#5884=ADVANCED_FACE('',(#693),#5689,.F.);
#5885=ADVANCED_FACE('',(#694),#5690,.F.);
#5886=ADVANCED_FACE('',(#695),#5691,.T.);
#5887=ADVANCED_FACE('',(#696),#5692,.T.);
#5888=ADVANCED_FACE('',(#697),#501,.T.);
#5889=ADVANCED_FACE('',(#698),#502,.T.);
#5890=ADVANCED_FACE('',(#699),#5693,.F.);
#5891=ADVANCED_FACE('',(#700),#503,.F.);
#5892=ADVANCED_FACE('',(#701),#504,.T.);
#5893=ADVANCED_FACE('',(#702),#505,.F.);
#5894=ADVANCED_FACE('',(#703),#506,.T.);
#5895=ADVANCED_FACE('',(#704),#507,.F.);
#5896=ADVANCED_FACE('',(#705),#5694,.F.);
#5897=ADVANCED_FACE('',(#706),#508,.T.);
#5898=ADVANCED_FACE('',(#707),#509,.T.);
#5899=ADVANCED_FACE('',(#708),#5695,.F.);
#5900=ADVANCED_FACE('',(#709),#510,.F.);
#5901=ADVANCED_FACE('',(#710),#511,.T.);
#5902=ADVANCED_FACE('',(#711),#512,.F.);
#5903=ADVANCED_FACE('',(#712),#513,.T.);
#5904=ADVANCED_FACE('',(#713),#514,.F.);
#5905=ADVANCED_FACE('',(#714),#5696,.F.);
#5906=ADVANCED_FACE('',(#715),#515,.T.);
#5907=ADVANCED_FACE('',(#716),#5697,.T.);
#5908=ADVANCED_FACE('',(#717),#516,.F.);
#5909=ADVANCED_FACE('',(#718),#5698,.T.);
#5910=ADVANCED_FACE('',(#719),#517,.F.);
#5911=ADVANCED_FACE('',(#720),#518,.T.);
#5912=ADVANCED_FACE('',(#721),#5699,.F.);
#5913=ADVANCED_FACE('',(#722),#519,.F.);
#5914=ADVANCED_FACE('',(#723),#520,.T.);
#5915=ADVANCED_FACE('',(#724),#521,.F.);
#5916=ADVANCED_FACE('',(#725),#522,.T.);
#5917=ADVANCED_FACE('',(#726),#523,.F.);
#5918=ADVANCED_FACE('',(#727),#5700,.F.);
#5919=ADVANCED_FACE('',(#728),#524,.T.);
#5920=ADVANCED_FACE('',(#729),#525,.T.);
#5921=ADVANCED_FACE('',(#730),#5701,.F.);
#5922=ADVANCED_FACE('',(#731),#526,.F.);
#5923=ADVANCED_FACE('',(#732),#527,.T.);
#5924=ADVANCED_FACE('',(#733),#528,.F.);
#5925=ADVANCED_FACE('',(#734),#529,.T.);
#5926=ADVANCED_FACE('',(#735),#530,.F.);
#5927=ADVANCED_FACE('',(#736),#5702,.F.);
#5928=ADVANCED_FACE('',(#737),#531,.T.);
#5929=ADVANCED_FACE('',(#738),#532,.T.);
#5930=ADVANCED_FACE('',(#739),#5703,.F.);
#5931=ADVANCED_FACE('',(#740),#533,.F.);
#5932=ADVANCED_FACE('',(#741),#534,.T.);
#5933=ADVANCED_FACE('',(#742),#535,.F.);
#5934=ADVANCED_FACE('',(#743),#536,.T.);
#5935=ADVANCED_FACE('',(#744),#537,.F.);
#5936=ADVANCED_FACE('',(#745),#5704,.F.);
#5937=ADVANCED_FACE('',(#746),#538,.T.);
#5938=ADVANCED_FACE('',(#747),#539,.T.);
#5939=ADVANCED_FACE('',(#748),#5705,.F.);
#5940=ADVANCED_FACE('',(#749),#540,.F.);
#5941=ADVANCED_FACE('',(#750),#541,.T.);
#5942=ADVANCED_FACE('',(#751),#542,.F.);
#5943=ADVANCED_FACE('',(#752),#543,.T.);
#5944=ADVANCED_FACE('',(#753),#544,.F.);
#5945=ADVANCED_FACE('',(#754),#5706,.F.);
#5946=ADVANCED_FACE('',(#755),#545,.T.);
#5947=ADVANCED_FACE('',(#756),#5707,.T.);
#5948=ADVANCED_FACE('',(#757),#546,.F.);
#5949=ADVANCED_FACE('',(#758),#5708,.T.);
#5950=ADVANCED_FACE('',(#759),#547,.F.);
#5951=ADVANCED_FACE('',(#760),#548,.T.);
#5952=ADVANCED_FACE('',(#761),#5709,.F.);
#5953=ADVANCED_FACE('',(#762),#549,.F.);
#5954=ADVANCED_FACE('',(#763),#550,.T.);
#5955=ADVANCED_FACE('',(#764),#551,.F.);
#5956=ADVANCED_FACE('',(#765),#552,.T.);
#5957=ADVANCED_FACE('',(#766),#553,.F.);
#5958=ADVANCED_FACE('',(#767),#5710,.F.);
#5959=ADVANCED_FACE('',(#768),#554,.T.);
#5960=ADVANCED_FACE('',(#769),#555,.T.);
#5961=ADVANCED_FACE('',(#770),#5711,.F.);
#5962=ADVANCED_FACE('',(#771),#556,.F.);
#5963=ADVANCED_FACE('',(#772),#557,.T.);
#5964=ADVANCED_FACE('',(#773),#558,.F.);
#5965=ADVANCED_FACE('',(#774),#559,.T.);
#5966=ADVANCED_FACE('',(#775),#560,.F.);
#5967=ADVANCED_FACE('',(#776),#5712,.F.);
#5968=ADVANCED_FACE('',(#777),#561,.T.);
#5969=ADVANCED_FACE('',(#778),#5713,.T.);
#5970=ADVANCED_FACE('',(#779),#562,.T.);
#5971=ADVANCED_FACE('',(#780),#5714,.F.);
#5972=ADVANCED_FACE('',(#781),#563,.F.);
#5973=ADVANCED_FACE('',(#782),#5715,.T.);
#5974=ADVANCED_FACE('',(#783),#564,.F.);
#5975=ADVANCED_FACE('',(#784),#565,.F.);
#5976=ADVANCED_FACE('',(#785),#5716,.F.);
#5977=ADVANCED_FACE('',(#786),#566,.F.);
#5978=ADVANCED_FACE('',(#787),#567,.F.);
#5979=ADVANCED_FACE('',(#788),#5717,.F.);
#5980=ADVANCED_FACE('',(#789),#568,.F.);
#5981=ADVANCED_FACE('',(#790),#5718,.T.);
#5982=ADVANCED_FACE('',(#791),#569,.T.);
#5983=ADVANCED_FACE('',(#792),#68,.T.);
#5984=ADVANCED_FACE('',(#793),#570,.F.);
#5985=ADVANCED_FACE('',(#794),#5719,.F.);
#5986=ADVANCED_FACE('',(#795),#571,.F.);
#5987=ADVANCED_FACE('',(#796),#5720,.T.);
#5988=ADVANCED_FACE('',(#797),#69,.T.);
#5989=ADVANCED_FACE('',(#798),#572,.T.);
#5990=ADVANCED_FACE('',(#799),#5721,.T.);
#5991=ADVANCED_FACE('',(#800),#70,.T.);
#5992=ADVANCED_FACE('',(#801,#38,#39),#5722,.T.);
#5993=ADVANCED_FACE('',(#802),#71,.T.);
#5994=ADVANCED_FACE('',(#803),#5723,.T.);
#5995=ADVANCED_FACE('',(#804),#5724,.F.);
#5996=ADVANCED_FACE('',(#805),#573,.F.);
#5997=ADVANCED_FACE('',(#806),#574,.F.);
#5998=ADVANCED_FACE('',(#807),#72,.F.);
#5999=ADVANCED_FACE('',(#808),#5725,.T.);
#6000=ADVANCED_FACE('',(#809),#73,.F.);
#6001=ADVANCED_FACE('',(#810),#5726,.T.);
#6002=ADVANCED_FACE('',(#811),#74,.F.);
#6003=ADVANCED_FACE('',(#812),#5727,.T.);
#6004=ADVANCED_FACE('',(#813),#75,.F.);
#6005=ADVANCED_FACE('',(#814),#5728,.T.);
#6006=ADVANCED_FACE('',(#815),#575,.F.);
#6007=ADVANCED_FACE('',(#816),#5729,.F.);
#6008=ADVANCED_FACE('',(#817),#576,.F.);
#6009=ADVANCED_FACE('',(#818),#5730,.F.);
#6010=ADVANCED_FACE('',(#819),#577,.F.);
#6011=ADVANCED_FACE('',(#820),#5731,.F.);
#6012=ADVANCED_FACE('',(#821),#578,.F.);
#6013=ADVANCED_FACE('',(#822),#5732,.F.);
#6014=ADVANCED_FACE('',(#823),#579,.F.);
#6015=ADVANCED_FACE('',(#824),#5733,.F.);
#6016=ADVANCED_FACE('',(#825),#580,.F.);
#6017=ADVANCED_FACE('',(#826),#5734,.F.);
#6018=ADVANCED_FACE('',(#827),#581,.F.);
#6019=ADVANCED_FACE('',(#828),#5735,.F.);
#6020=ADVANCED_FACE('',(#829),#582,.F.);
#6021=ADVANCED_FACE('',(#830),#5736,.F.);
#6022=ADVANCED_FACE('',(#831),#583,.F.);
#6023=ADVANCED_FACE('',(#832),#584,.F.);
#6024=ADVANCED_FACE('',(#833),#585,.F.);
#6025=ADVANCED_FACE('',(#834),#586,.F.);
#6026=ADVANCED_FACE('',(#835),#587,.F.);
#6027=ADVANCED_FACE('',(#836),#588,.F.);
#6028=ADVANCED_FACE('',(#837),#589,.T.);
#6029=ADVANCED_FACE('',(#838),#76,.T.);
#6030=ADVANCED_FACE('',(#839),#5737,.T.);
#6031=ADVANCED_FACE('',(#840),#5738,.F.);
#6032=ADVANCED_FACE('',(#841),#5739,.F.);
#6033=ADVANCED_FACE('',(#842),#77,.F.);
#6034=ADVANCED_FACE('',(#843),#5740,.T.);
#6035=ADVANCED_FACE('',(#844),#78,.T.);
#6036=ADVANCED_FACE('',(#845),#5741,.T.);
#6037=ADVANCED_FACE('',(#846),#79,.T.);
#6038=ADVANCED_FACE('',(#847),#5742,.T.);
#6039=ADVANCED_FACE('',(#848),#80,.F.);
#6040=ADVANCED_FACE('',(#849),#81,.T.);
#6041=ADVANCED_FACE('',(#850),#82,.F.);
#6042=ADVANCED_FACE('',(#851),#83,.T.);
#6043=ADVANCED_FACE('',(#852),#84,.F.);
#6044=ADVANCED_FACE('',(#853),#5743,.T.);
#6045=ADVANCED_FACE('',(#854),#85,.T.);
#6046=ADVANCED_FACE('',(#855),#5744,.T.);
#6047=ADVANCED_FACE('',(#856),#86,.T.);
#6048=ADVANCED_FACE('',(#857),#5745,.T.);
#6049=ADVANCED_FACE('',(#858),#87,.F.);
#6050=ADVANCED_FACE('',(#859),#88,.T.);
#6051=ADVANCED_FACE('',(#860),#89,.F.);
#6052=ADVANCED_FACE('',(#861),#90,.T.);
#6053=ADVANCED_FACE('',(#862),#91,.F.);
#6054=ADVANCED_FACE('',(#863),#5746,.T.);
#6055=ADVANCED_FACE('',(#864),#92,.T.);
#6056=ADVANCED_FACE('',(#865),#5747,.T.);
#6057=ADVANCED_FACE('',(#866),#93,.F.);
#6058=ADVANCED_FACE('',(#867),#5748,.T.);
#6059=ADVANCED_FACE('',(#868),#94,.F.);
#6060=ADVANCED_FACE('',(#869),#5749,.T.);
#6061=ADVANCED_FACE('',(#870),#95,.T.);
#6062=ADVANCED_FACE('',(#871),#5750,.T.);
#6063=ADVANCED_FACE('',(#872),#96,.F.);
#6064=ADVANCED_FACE('',(#873),#97,.T.);
#6065=ADVANCED_FACE('',(#874),#98,.F.);
#6066=ADVANCED_FACE('',(#875),#99,.T.);
#6067=ADVANCED_FACE('',(#876),#100,.F.);
#6068=ADVANCED_FACE('',(#877),#5751,.T.);
#6069=ADVANCED_FACE('',(#878),#101,.T.);
#6070=ADVANCED_FACE('',(#879),#5752,.T.);
#6071=ADVANCED_FACE('',(#880),#102,.T.);
#6072=ADVANCED_FACE('',(#881),#5753,.T.);
#6073=ADVANCED_FACE('',(#882),#103,.F.);
#6074=ADVANCED_FACE('',(#883),#104,.T.);
#6075=ADVANCED_FACE('',(#884),#105,.F.);
#6076=ADVANCED_FACE('',(#885),#106,.T.);
#6077=ADVANCED_FACE('',(#886),#107,.F.);
#6078=ADVANCED_FACE('',(#887),#5754,.T.);
#6079=ADVANCED_FACE('',(#888),#108,.T.);
#6080=ADVANCED_FACE('',(#889),#5755,.T.);
#6081=ADVANCED_FACE('',(#890),#109,.T.);
#6082=ADVANCED_FACE('',(#891),#5756,.T.);
#6083=ADVANCED_FACE('',(#892),#110,.F.);
#6084=ADVANCED_FACE('',(#893),#111,.T.);
#6085=ADVANCED_FACE('',(#894),#112,.F.);
#6086=ADVANCED_FACE('',(#895),#113,.T.);
#6087=ADVANCED_FACE('',(#896),#114,.F.);
#6088=ADVANCED_FACE('',(#897),#5757,.T.);
#6089=ADVANCED_FACE('',(#898),#115,.T.);
#6090=ADVANCED_FACE('',(#899),#5758,.T.);
#6091=ADVANCED_FACE('',(#900),#116,.T.);
#6092=ADVANCED_FACE('',(#901),#5759,.T.);
#6093=ADVANCED_FACE('',(#902),#117,.F.);
#6094=ADVANCED_FACE('',(#903),#118,.T.);
#6095=ADVANCED_FACE('',(#904),#119,.F.);
#6096=ADVANCED_FACE('',(#905),#120,.T.);
#6097=ADVANCED_FACE('',(#906),#121,.F.);
#6098=ADVANCED_FACE('',(#907),#5760,.T.);
#6099=ADVANCED_FACE('',(#908),#122,.T.);
#6100=ADVANCED_FACE('',(#909),#5761,.T.);
#6101=ADVANCED_FACE('',(#910),#123,.F.);
#6102=ADVANCED_FACE('',(#911),#5762,.T.);
#6103=ADVANCED_FACE('',(#912),#124,.F.);
#6104=ADVANCED_FACE('',(#913),#5763,.T.);
#6105=ADVANCED_FACE('',(#914),#125,.T.);
#6106=ADVANCED_FACE('',(#915),#5764,.T.);
#6107=ADVANCED_FACE('',(#916),#126,.F.);
#6108=ADVANCED_FACE('',(#917),#127,.T.);
#6109=ADVANCED_FACE('',(#918),#128,.F.);
#6110=ADVANCED_FACE('',(#919),#129,.T.);
#6111=ADVANCED_FACE('',(#920),#130,.F.);
#6112=ADVANCED_FACE('',(#921),#5765,.T.);
#6113=ADVANCED_FACE('',(#922),#131,.T.);
#6114=ADVANCED_FACE('',(#923),#5766,.T.);
#6115=ADVANCED_FACE('',(#924),#132,.T.);
#6116=ADVANCED_FACE('',(#925),#5767,.T.);
#6117=ADVANCED_FACE('',(#926),#133,.F.);
#6118=ADVANCED_FACE('',(#927),#134,.T.);
#6119=ADVANCED_FACE('',(#928),#135,.F.);
#6120=ADVANCED_FACE('',(#929),#136,.T.);
#6121=ADVANCED_FACE('',(#930),#137,.F.);
#6122=ADVANCED_FACE('',(#931),#5768,.T.);
#6123=ADVANCED_FACE('',(#932),#138,.T.);
#6124=ADVANCED_FACE('',(#933),#5769,.T.);
#6125=ADVANCED_FACE('',(#934),#139,.T.);
#6126=ADVANCED_FACE('',(#935),#5770,.T.);
#6127=ADVANCED_FACE('',(#936),#140,.F.);
#6128=ADVANCED_FACE('',(#937),#5771,.T.);
#6129=ADVANCED_FACE('',(#938),#5772,.F.);
#6130=ADVANCED_FACE('',(#939),#5773,.F.);
#6131=ADVANCED_FACE('',(#940),#5774,.F.);
#6132=ADVANCED_FACE('',(#941),#5775,.T.);
#6133=ADVANCED_FACE('',(#942),#141,.T.);
#6134=ADVANCED_FACE('',(#943),#5776,.T.);
#6135=ADVANCED_FACE('',(#944),#590,.T.);
#6136=ADVANCED_FACE('',(#945),#5777,.F.);
#6137=ADVANCED_FACE('',(#946),#591,.T.);
#6138=ADVANCED_FACE('',(#947),#5778,.T.);
#6139=ADVANCED_FACE('',(#948),#142,.T.);
#6140=ADVANCED_FACE('',(#949),#5779,.T.);
#6141=ADVANCED_FACE('',(#950),#143,.F.);
#6142=ADVANCED_FACE('',(#951),#592,.T.);
#6143=ADVANCED_FACE('',(#952),#5780,.T.);
#6144=ADVANCED_FACE('',(#953),#593,.T.);
#6145=ADVANCED_FACE('',(#954),#5781,.T.);
#6146=ADVANCED_FACE('',(#955),#144,.T.);
#6147=ADVANCED_FACE('',(#956),#5782,.T.);
#6148=ADVANCED_FACE('',(#957),#594,.F.);
#6149=ADVANCED_FACE('',(#958),#5783,.T.);
#6150=ADVANCED_FACE('',(#959,#40,#41,#42,#43,#44,#45,#46,#47,#48,#49,#50,
#51,#52),#5784,.T.);
#6151=ADVANCED_FACE('',(#960),#145,.T.);
#6152=ADVANCED_FACE('',(#961),#5785,.T.);
#6153=ADVANCED_FACE('',(#962),#146,.F.);
#6154=ADVANCED_FACE('',(#963),#595,.T.);
#6155=ADVANCED_FACE('',(#964),#5786,.T.);
#6156=CLOSED_SHELL('',(#5787,#5788,#5789,#5790,#5791,#5792,#5793,#5794,
#5795,#5796,#5797,#5798,#5799,#5800,#5801,#5802,#5803,#5804,#5805,#5806,
#5807,#5808,#5809,#5810,#5811,#5812,#5813,#5814,#5815,#5816,#5817,#5818,
#5819,#5820,#5821,#5822,#5823,#5824,#5825,#5826,#5827,#5828,#5829,#5830,
#5831,#5832,#5833,#5834,#5835,#5836,#5837,#5838,#5839,#5840,#5841,#5842,
#5843,#5844,#5845,#5846,#5847,#5848,#5849,#5850,#5851,#5852,#5853,#5854,
#5855,#5856,#5857,#5858,#5859,#5860,#5861,#5862,#5863,#5864,#5865,#5866,
#5867,#5868,#5869,#5870,#5871,#5872,#5873,#5874,#5875,#5876,#5877,#5878,
#5879,#5880,#5881,#5882,#5883,#5884,#5885,#5886,#5887,#5888,#5889,#5890,
#5891,#5892,#5893,#5894,#5895,#5896,#5897,#5898,#5899,#5900,#5901,#5902,
#5903,#5904,#5905,#5906,#5907,#5908,#5909,#5910,#5911,#5912,#5913,#5914,
#5915,#5916,#5917,#5918,#5919,#5920,#5921,#5922,#5923,#5924,#5925,#5926,
#5927,#5928,#5929,#5930,#5931,#5932,#5933,#5934,#5935,#5936,#5937,#5938,
#5939,#5940,#5941,#5942,#5943,#5944,#5945,#5946,#5947,#5948,#5949,#5950,
#5951,#5952,#5953,#5954,#5955,#5956,#5957,#5958,#5959,#5960,#5961,#5962,
#5963,#5964,#5965,#5966,#5967,#5968,#5969,#5970,#5971,#5972,#5973,#5974,
#5975,#5976,#5977,#5978,#5979,#5980,#5981,#5982,#5983,#5984,#5985,#5986,
#5987,#5988,#5989,#5990,#5991,#5992,#5993,#5994,#5995,#5996,#5997,#5998,
#5999,#6000,#6001,#6002,#6003,#6004,#6005,#6006,#6007,#6008,#6009,#6010,
#6011,#6012,#6013,#6014,#6015,#6016,#6017,#6018,#6019,#6020,#6021,#6022,
#6023,#6024,#6025,#6026,#6027,#6028,#6029,#6030,#6031,#6032,#6033,#6034,
#6035,#6036,#6037,#6038,#6039,#6040,#6041,#6042,#6043,#6044,#6045,#6046,
#6047,#6048,#6049,#6050,#6051,#6052,#6053,#6054,#6055,#6056,#6057,#6058,
#6059,#6060,#6061,#6062,#6063,#6064,#6065,#6066,#6067,#6068,#6069,#6070,
#6071,#6072,#6073,#6074,#6075,#6076,#6077,#6078,#6079,#6080,#6081,#6082,
#6083,#6084,#6085,#6086,#6087,#6088,#6089,#6090,#6091,#6092,#6093,#6094,
#6095,#6096,#6097,#6098,#6099,#6100,#6101,#6102,#6103,#6104,#6105,#6106,
#6107,#6108,#6109,#6110,#6111,#6112,#6113,#6114,#6115,#6116,#6117,#6118,
#6119,#6120,#6121,#6122,#6123,#6124,#6125,#6126,#6127,#6128,#6129,#6130,
#6131,#6132,#6133,#6134,#6135,#6136,#6137,#6138,#6139,#6140,#6141,#6142,
#6143,#6144,#6145,#6146,#6147,#6148,#6149,#6150,#6151,#6152,#6153,#6154,
#6155));
#6157=AXIS2_PLACEMENT_3D('',#8824,#6865,#6866);
#6158=AXIS2_PLACEMENT_3D('',#8825,#6867,#6868);
#6159=AXIS2_PLACEMENT_3D('',#8834,#6873,#6874);
#6160=AXIS2_PLACEMENT_3D('',#8836,#6875,#6876);
#6161=AXIS2_PLACEMENT_3D('',#8839,#6878,#6879);
#6162=AXIS2_PLACEMENT_3D('',#8840,#6880,#6881);
#6163=AXIS2_PLACEMENT_3D('',#8846,#6885,#6886);
#6164=AXIS2_PLACEMENT_3D('',#8847,#6887,#6888);
#6165=AXIS2_PLACEMENT_3D('',#8848,#6889,#6890);
#6166=AXIS2_PLACEMENT_3D('',#8849,#6891,#6892);
#6167=AXIS2_PLACEMENT_3D('',#8850,#6893,#6894);
#6168=AXIS2_PLACEMENT_3D('',#8855,#6896,#6897);
#6169=AXIS2_PLACEMENT_3D('',#8858,#6899,#6900);
#6170=AXIS2_PLACEMENT_3D('',#8859,#6901,#6902);
#6171=AXIS2_PLACEMENT_3D('',#8861,#6903,#6904);
#6172=AXIS2_PLACEMENT_3D('',#8862,#6905,#6906);
#6173=AXIS2_PLACEMENT_3D('',#8864,#6907,#6908);
#6174=AXIS2_PLACEMENT_3D('',#8865,#6909,#6910);
#6175=AXIS2_PLACEMENT_3D('',#8867,#6911,#6912);
#6176=AXIS2_PLACEMENT_3D('',#8868,#6913,#6914);
#6177=AXIS2_PLACEMENT_3D('',#8870,#6915,#6916);
#6178=AXIS2_PLACEMENT_3D('',#8871,#6917,#6918);
#6179=AXIS2_PLACEMENT_3D('',#8873,#6919,#6920);
#6180=AXIS2_PLACEMENT_3D('',#8874,#6921,#6922);
#6181=AXIS2_PLACEMENT_3D('',#8876,#6923,#6924);
#6182=AXIS2_PLACEMENT_3D('',#8877,#6925,#6926);
#6183=AXIS2_PLACEMENT_3D('',#8879,#6927,#6928);
#6184=AXIS2_PLACEMENT_3D('',#8880,#6929,#6930);
#6185=AXIS2_PLACEMENT_3D('',#8882,#6931,#6932);
#6186=AXIS2_PLACEMENT_3D('',#8883,#6933,#6934);
#6187=AXIS2_PLACEMENT_3D('',#8885,#6935,#6936);
#6188=AXIS2_PLACEMENT_3D('',#8886,#6937,#6938);
#6189=AXIS2_PLACEMENT_3D('',#8888,#6939,#6940);
#6190=AXIS2_PLACEMENT_3D('',#8889,#6941,#6942);
#6191=AXIS2_PLACEMENT_3D('',#8891,#6943,#6944);
#6192=AXIS2_PLACEMENT_3D('',#8893,#6946,#6947);
#6193=AXIS2_PLACEMENT_3D('',#8895,#6948,#6949);
#6194=AXIS2_PLACEMENT_3D('',#8897,#6951,#6952);
#6195=AXIS2_PLACEMENT_3D('',#8899,#6953,#6954);
#6196=AXIS2_PLACEMENT_3D('',#8901,#6956,#6957);
#6197=AXIS2_PLACEMENT_3D('',#8903,#6958,#6959);
#6198=AXIS2_PLACEMENT_3D('',#8905,#6961,#6962);
#6199=AXIS2_PLACEMENT_3D('',#8907,#6963,#6964);
#6200=AXIS2_PLACEMENT_3D('',#8909,#6966,#6967);
#6201=AXIS2_PLACEMENT_3D('',#8911,#6968,#6969);
#6202=AXIS2_PLACEMENT_3D('',#8913,#6971,#6972);
#6203=AXIS2_PLACEMENT_3D('',#8915,#6973,#6974);
#6204=AXIS2_PLACEMENT_3D('',#8917,#6976,#6977);
#6205=AXIS2_PLACEMENT_3D('',#8919,#6978,#6979);
#6206=AXIS2_PLACEMENT_3D('',#8921,#6981,#6982);
#6207=AXIS2_PLACEMENT_3D('',#8923,#6983,#6984);
#6208=AXIS2_PLACEMENT_3D('',#8925,#6986,#6987);
#6209=AXIS2_PLACEMENT_3D('',#8927,#6988,#6989);
#6210=AXIS2_PLACEMENT_3D('',#8929,#6991,#6992);
#6211=AXIS2_PLACEMENT_3D('',#8938,#6997,#6998);
#6212=AXIS2_PLACEMENT_3D('',#8941,#6999,#7000);
#6213=AXIS2_PLACEMENT_3D('',#8945,#7002,#7003);
#6214=AXIS2_PLACEMENT_3D('',#8949,#7005,#7006);
#6215=AXIS2_PLACEMENT_3D('',#8953,#7008,#7009);
#6216=AXIS2_PLACEMENT_3D('',#8959,#7012,#7013);
#6217=AXIS2_PLACEMENT_3D('',#8963,#7015,#7016);
#6218=AXIS2_PLACEMENT_3D('',#8967,#7018,#7019);
#6219=AXIS2_PLACEMENT_3D('',#8970,#7021,#7022);
#6220=AXIS2_PLACEMENT_3D('',#8971,#7023,#7024);
#6221=AXIS2_PLACEMENT_3D('',#8974,#7025,#7026);
#6222=AXIS2_PLACEMENT_3D('',#8976,#7027,#7028);
#6223=AXIS2_PLACEMENT_3D('',#8978,#7029,#7030);
#6224=AXIS2_PLACEMENT_3D('',#8982,#7032,#7033);
#6225=AXIS2_PLACEMENT_3D('',#8986,#7035,#7036);
#6226=AXIS2_PLACEMENT_3D('',#8990,#7038,#7039);
#6227=AXIS2_PLACEMENT_3D('',#8991,#7040,#7041);
#6228=AXIS2_PLACEMENT_3D('',#8992,#7042,#7043);
#6229=AXIS2_PLACEMENT_3D('',#8994,#7044,#7045);
#6230=AXIS2_PLACEMENT_3D('',#8997,#7047,#7048);
#6231=AXIS2_PLACEMENT_3D('',#8998,#7049,#7050);
#6232=AXIS2_PLACEMENT_3D('',#9001,#7051,#7052);
#6233=AXIS2_PLACEMENT_3D('',#9005,#7054,#7055);
#6234=AXIS2_PLACEMENT_3D('',#9009,#7057,#7058);
#6235=AXIS2_PLACEMENT_3D('',#9013,#7060,#7061);
#6236=AXIS2_PLACEMENT_3D('',#9015,#7062,#7063);
#6237=AXIS2_PLACEMENT_3D('',#9017,#7064,#7065);
#6238=AXIS2_PLACEMENT_3D('',#9018,#7066,#7067);
#6239=AXIS2_PLACEMENT_3D('',#9019,#7068,#7069);
#6240=AXIS2_PLACEMENT_3D('',#9022,#7070,#7071);
#6241=AXIS2_PLACEMENT_3D('',#9024,#7072,#7073);
#6242=AXIS2_PLACEMENT_3D('',#9026,#7074,#7075);
#6243=AXIS2_PLACEMENT_3D('',#9028,#7076,#7077);
#6244=AXIS2_PLACEMENT_3D('',#9030,#7078,#7079);
#6245=AXIS2_PLACEMENT_3D('',#9034,#7081,#7082);
#6246=AXIS2_PLACEMENT_3D('',#9038,#7084,#7085);
#6247=AXIS2_PLACEMENT_3D('',#9040,#7087,#7088);
#6248=AXIS2_PLACEMENT_3D('',#9043,#7089,#7090);
#6249=AXIS2_PLACEMENT_3D('',#9045,#7091,#7092);
#6250=AXIS2_PLACEMENT_3D('',#9047,#7093,#7094);
#6251=AXIS2_PLACEMENT_3D('',#9049,#7095,#7096);
#6252=AXIS2_PLACEMENT_3D('',#9051,#7097,#7098);
#6253=AXIS2_PLACEMENT_3D('',#9055,#7100,#7101);
#6254=AXIS2_PLACEMENT_3D('',#9059,#7103,#7104);
#6255=AXIS2_PLACEMENT_3D('',#9061,#7106,#7107);
#6256=AXIS2_PLACEMENT_3D('',#9064,#7108,#7109);
#6257=AXIS2_PLACEMENT_3D('',#9066,#7110,#7111);
#6258=AXIS2_PLACEMENT_3D('',#9068,#7112,#7113);
#6259=AXIS2_PLACEMENT_3D('',#9070,#7114,#7115);
#6260=AXIS2_PLACEMENT_3D('',#9072,#7116,#7117);
#6261=AXIS2_PLACEMENT_3D('',#9076,#7119,#7120);
#6262=AXIS2_PLACEMENT_3D('',#9080,#7122,#7123);
#6263=AXIS2_PLACEMENT_3D('',#9082,#7125,#7126);
#6264=AXIS2_PLACEMENT_3D('',#9085,#7127,#7128);
#6265=AXIS2_PLACEMENT_3D('',#9087,#7129,#7130);
#6266=AXIS2_PLACEMENT_3D('',#9089,#7131,#7132);
#6267=AXIS2_PLACEMENT_3D('',#9091,#7133,#7134);
#6268=AXIS2_PLACEMENT_3D('',#9093,#7135,#7136);
#6269=AXIS2_PLACEMENT_3D('',#9097,#7138,#7139);
#6270=AXIS2_PLACEMENT_3D('',#9101,#7141,#7142);
#6271=AXIS2_PLACEMENT_3D('',#9103,#7144,#7145);
#6272=AXIS2_PLACEMENT_3D('',#9106,#7146,#7147);
#6273=AXIS2_PLACEMENT_3D('',#9108,#7148,#7149);
#6274=AXIS2_PLACEMENT_3D('',#9110,#7150,#7151);
#6275=AXIS2_PLACEMENT_3D('',#9114,#7153,#7154);
#6276=AXIS2_PLACEMENT_3D('',#9118,#7156,#7157);
#6277=AXIS2_PLACEMENT_3D('',#9122,#7159,#7160);
#6278=AXIS2_PLACEMENT_3D('',#9123,#7161,#7162);
#6279=AXIS2_PLACEMENT_3D('',#9124,#7163,#7164);
#6280=AXIS2_PLACEMENT_3D('',#9126,#7165,#7166);
#6281=AXIS2_PLACEMENT_3D('',#9128,#7167,#7168);
#6282=AXIS2_PLACEMENT_3D('',#9130,#7170,#7171);
#6283=AXIS2_PLACEMENT_3D('',#9133,#7172,#7173);
#6284=AXIS2_PLACEMENT_3D('',#9135,#7174,#7175);
#6285=AXIS2_PLACEMENT_3D('',#9137,#7176,#7177);
#6286=AXIS2_PLACEMENT_3D('',#9141,#7179,#7180);
#6287=AXIS2_PLACEMENT_3D('',#9145,#7182,#7183);
#6288=AXIS2_PLACEMENT_3D('',#9149,#7185,#7186);
#6289=AXIS2_PLACEMENT_3D('',#9150,#7187,#7188);
#6290=AXIS2_PLACEMENT_3D('',#9151,#7189,#7190);
#6291=AXIS2_PLACEMENT_3D('',#9154,#7191,#7192);
#6292=AXIS2_PLACEMENT_3D('',#9159,#7196,#7197);
#6293=AXIS2_PLACEMENT_3D('',#9162,#7199,#7200);
#6294=AXIS2_PLACEMENT_3D('',#9163,#7201,#7202);
#6295=AXIS2_PLACEMENT_3D('',#9167,#7205,#7206);
#6296=AXIS2_PLACEMENT_3D('',#9170,#7208,#7209);
#6297=AXIS2_PLACEMENT_3D('',#9171,#7210,#7211);
#6298=AXIS2_PLACEMENT_3D('',#9174,#7212,#7213);
#6299=AXIS2_PLACEMENT_3D('',#9177,#7216,#7217);
#6300=AXIS2_PLACEMENT_3D('',#9186,#7222,#7223);
#6301=AXIS2_PLACEMENT_3D('',#9188,#7224,#7225);
#6302=AXIS2_PLACEMENT_3D('',#9191,#7227,#7228);
#6303=AXIS2_PLACEMENT_3D('',#9192,#7229,#7230);
#6304=AXIS2_PLACEMENT_3D('',#9196,#7232,#7233);
#6305=AXIS2_PLACEMENT_3D('',#9197,#7234,#7235);
#6306=AXIS2_PLACEMENT_3D('',#9198,#7236,#7237);
#6307=AXIS2_PLACEMENT_3D('',#9203,#7239,#7240);
#6308=AXIS2_PLACEMENT_3D('',#9206,#7242,#7243);
#6309=AXIS2_PLACEMENT_3D('',#9207,#7244,#7245);
#6310=AXIS2_PLACEMENT_3D('',#9213,#7249,#7250);
#6311=AXIS2_PLACEMENT_3D('',#9215,#7251,#7252);
#6312=AXIS2_PLACEMENT_3D('',#9218,#7254,#7255);
#6313=AXIS2_PLACEMENT_3D('',#9219,#7256,#7257);
#6314=AXIS2_PLACEMENT_3D('',#9225,#7261,#7262);
#6315=AXIS2_PLACEMENT_3D('',#9227,#7263,#7264);
#6316=AXIS2_PLACEMENT_3D('',#9230,#7266,#7267);
#6317=AXIS2_PLACEMENT_3D('',#9231,#7268,#7269);
#6318=AXIS2_PLACEMENT_3D('',#9237,#7273,#7274);
#6319=AXIS2_PLACEMENT_3D('',#9239,#7275,#7276);
#6320=AXIS2_PLACEMENT_3D('',#9242,#7278,#7279);
#6321=AXIS2_PLACEMENT_3D('',#9243,#7280,#7281);
#6322=AXIS2_PLACEMENT_3D('',#9248,#7285,#7286);
#6323=AXIS2_PLACEMENT_3D('',#9251,#7288,#7289);
#6324=AXIS2_PLACEMENT_3D('',#9252,#7290,#7291);
#6325=AXIS2_PLACEMENT_3D('',#9256,#7294,#7295);
#6326=AXIS2_PLACEMENT_3D('',#9259,#7297,#7298);
#6327=AXIS2_PLACEMENT_3D('',#9260,#7299,#7300);
#6328=AXIS2_PLACEMENT_3D('',#9263,#7303,#7304);
#6329=AXIS2_PLACEMENT_3D('',#9267,#7306,#7307);
#6330=AXIS2_PLACEMENT_3D('',#9269,#7309,#7310);
#6331=AXIS2_PLACEMENT_3D('',#9273,#7313,#7314);
#6332=AXIS2_PLACEMENT_3D('',#9275,#7315,#7316);
#6333=AXIS2_PLACEMENT_3D('',#9277,#7318,#7319);
#6334=AXIS2_PLACEMENT_3D('',#9281,#7322,#7323);
#6335=AXIS2_PLACEMENT_3D('',#9283,#7324,#7325);
#6336=AXIS2_PLACEMENT_3D('',#9285,#7327,#7328);
#6337=AXIS2_PLACEMENT_3D('',#9289,#7331,#7332);
#6338=AXIS2_PLACEMENT_3D('',#9291,#7333,#7334);
#6339=AXIS2_PLACEMENT_3D('',#9293,#7336,#7337);
#6340=AXIS2_PLACEMENT_3D('',#9295,#7339,#7340);
#6341=AXIS2_PLACEMENT_3D('',#9300,#7342,#7343);
#6342=AXIS2_PLACEMENT_3D('',#9303,#7345,#7346);
#6343=AXIS2_PLACEMENT_3D('',#9304,#7347,#7348);
#6344=AXIS2_PLACEMENT_3D('',#9310,#7352,#7353);
#6345=AXIS2_PLACEMENT_3D('',#9314,#7355,#7356);
#6346=AXIS2_PLACEMENT_3D('',#9315,#7357,#7358);
#6347=AXIS2_PLACEMENT_3D('',#9316,#7359,#7360);
#6348=AXIS2_PLACEMENT_3D('',#9318,#7361,#7362);
#6349=AXIS2_PLACEMENT_3D('',#9321,#7364,#7365);
#6350=AXIS2_PLACEMENT_3D('',#9322,#7366,#7367);
#6351=AXIS2_PLACEMENT_3D('',#9328,#7371,#7372);
#6352=AXIS2_PLACEMENT_3D('',#9330,#7373,#7374);
#6353=AXIS2_PLACEMENT_3D('',#9333,#7376,#7377);
#6354=AXIS2_PLACEMENT_3D('',#9334,#7378,#7379);
#6355=AXIS2_PLACEMENT_3D('',#9340,#7383,#7384);
#6356=AXIS2_PLACEMENT_3D('',#9342,#7385,#7386);
#6357=AXIS2_PLACEMENT_3D('',#9345,#7388,#7389);
#6358=AXIS2_PLACEMENT_3D('',#9346,#7390,#7391);
#6359=AXIS2_PLACEMENT_3D('',#9355,#7396,#7397);
#6360=AXIS2_PLACEMENT_3D('',#9356,#7398,#7399);
#6361=AXIS2_PLACEMENT_3D('',#9357,#7400,#7401);
#6362=AXIS2_PLACEMENT_3D('',#9358,#7402,#7403);
#6363=AXIS2_PLACEMENT_3D('',#9364,#7407,#7408);
#6364=AXIS2_PLACEMENT_3D('',#9369,#7410,#7411);
#6365=AXIS2_PLACEMENT_3D('',#9372,#7413,#7414);
#6366=AXIS2_PLACEMENT_3D('',#9373,#7415,#7416);
#6367=AXIS2_PLACEMENT_3D('',#9379,#7420,#7421);
#6368=AXIS2_PLACEMENT_3D('',#9383,#7423,#7424);
#6369=AXIS2_PLACEMENT_3D('',#9384,#7425,#7426);
#6370=AXIS2_PLACEMENT_3D('',#9385,#7427,#7428);
#6371=AXIS2_PLACEMENT_3D('',#9387,#7429,#7430);
#6372=AXIS2_PLACEMENT_3D('',#9388,#7431,#7432);
#6373=AXIS2_PLACEMENT_3D('',#9391,#7433,#7434);
#6374=AXIS2_PLACEMENT_3D('',#9394,#7437,#7438);
#6375=AXIS2_PLACEMENT_3D('',#9398,#7441,#7442);
#6376=AXIS2_PLACEMENT_3D('',#9400,#7443,#7444);
#6377=AXIS2_PLACEMENT_3D('',#9402,#7446,#7447);
#6378=AXIS2_PLACEMENT_3D('',#9406,#7450,#7451);
#6379=AXIS2_PLACEMENT_3D('',#9408,#7452,#7453);
#6380=AXIS2_PLACEMENT_3D('',#9410,#7455,#7456);
#6381=AXIS2_PLACEMENT_3D('',#9414,#7459,#7460);
#6382=AXIS2_PLACEMENT_3D('',#9416,#7461,#7462);
#6383=AXIS2_PLACEMENT_3D('',#9418,#7464,#7465);
#6384=AXIS2_PLACEMENT_3D('',#9420,#7467,#7468);
#6385=AXIS2_PLACEMENT_3D('',#9423,#7469,#7470);
#6386=AXIS2_PLACEMENT_3D('',#9427,#7472,#7473);
#6387=AXIS2_PLACEMENT_3D('',#9429,#7475,#7476);
#6388=AXIS2_PLACEMENT_3D('',#9432,#7477,#7478);
#6389=AXIS2_PLACEMENT_3D('',#9436,#7480,#7481);
#6390=AXIS2_PLACEMENT_3D('',#9438,#7483,#7484);
#6391=AXIS2_PLACEMENT_3D('',#9441,#7485,#7486);
#6392=AXIS2_PLACEMENT_3D('',#9445,#7488,#7489);
#6393=AXIS2_PLACEMENT_3D('',#9447,#7491,#7492);
#6394=AXIS2_PLACEMENT_3D('',#9450,#7493,#7494);
#6395=AXIS2_PLACEMENT_3D('',#9454,#7496,#7497);
#6396=AXIS2_PLACEMENT_3D('',#9456,#7499,#7500);
#6397=AXIS2_PLACEMENT_3D('',#9458,#7501,#7502);
#6398=AXIS2_PLACEMENT_3D('',#9459,#7503,#7504);
#6399=AXIS2_PLACEMENT_3D('',#9461,#7505,#7506);
#6400=AXIS2_PLACEMENT_3D('',#9462,#7507,#7508);
#6401=AXIS2_PLACEMENT_3D('',#9464,#7509,#7510);
#6402=AXIS2_PLACEMENT_3D('',#9465,#7511,#7512);
#6403=AXIS2_PLACEMENT_3D('',#9467,#7513,#7514);
#6404=AXIS2_PLACEMENT_3D('',#9468,#7515,#7516);
#6405=AXIS2_PLACEMENT_3D('',#9470,#7517,#7518);
#6406=AXIS2_PLACEMENT_3D('',#9471,#7519,#7520);
#6407=AXIS2_PLACEMENT_3D('',#9473,#7521,#7522);
#6408=AXIS2_PLACEMENT_3D('',#9474,#7523,#7524);
#6409=AXIS2_PLACEMENT_3D('',#9480,#7528,#7529);
#6410=AXIS2_PLACEMENT_3D('',#9489,#7534,#7535);
#6411=AXIS2_PLACEMENT_3D('',#9491,#7536,#7537);
#6412=AXIS2_PLACEMENT_3D('',#9493,#7539,#7540);
#6413=AXIS2_PLACEMENT_3D('',#9494,#7541,#7542);
#6414=AXIS2_PLACEMENT_3D('',#9497,#7543,#7544);
#6415=AXIS2_PLACEMENT_3D('',#9500,#7547,#7548);
#6416=AXIS2_PLACEMENT_3D('',#9504,#7551,#7552);
#6417=AXIS2_PLACEMENT_3D('',#9506,#7553,#7554);
#6418=AXIS2_PLACEMENT_3D('',#9508,#7556,#7557);
#6419=AXIS2_PLACEMENT_3D('',#9510,#7558,#7559);
#6420=AXIS2_PLACEMENT_3D('',#9512,#7561,#7562);
#6421=AXIS2_PLACEMENT_3D('',#9514,#7563,#7564);
#6422=AXIS2_PLACEMENT_3D('',#9516,#7566,#7567);
#6423=AXIS2_PLACEMENT_3D('',#9518,#7568,#7569);
#6424=AXIS2_PLACEMENT_3D('',#9520,#7571,#7572);
#6425=AXIS2_PLACEMENT_3D('',#9522,#7573,#7574);
#6426=AXIS2_PLACEMENT_3D('',#9524,#7576,#7577);
#6427=AXIS2_PLACEMENT_3D('',#9528,#7580,#7581);
#6428=AXIS2_PLACEMENT_3D('',#9530,#7582,#7583);
#6429=AXIS2_PLACEMENT_3D('',#9532,#7585,#7586);
#6430=AXIS2_PLACEMENT_3D('',#9535,#7587,#7588);
#6431=AXIS2_PLACEMENT_3D('',#9538,#7591,#7592);
#6432=AXIS2_PLACEMENT_3D('',#9542,#7595,#7596);
#6433=AXIS2_PLACEMENT_3D('',#9544,#7597,#7598);
#6434=AXIS2_PLACEMENT_3D('',#9546,#7600,#7601);
#6435=AXIS2_PLACEMENT_3D('',#9548,#7602,#7603);
#6436=AXIS2_PLACEMENT_3D('',#9550,#7605,#7606);
#6437=AXIS2_PLACEMENT_3D('',#9552,#7607,#7608);
#6438=AXIS2_PLACEMENT_3D('',#9554,#7610,#7611);
#6439=AXIS2_PLACEMENT_3D('',#9556,#7612,#7613);
#6440=AXIS2_PLACEMENT_3D('',#9558,#7615,#7616);
#6441=AXIS2_PLACEMENT_3D('',#9560,#7617,#7618);
#6442=AXIS2_PLACEMENT_3D('',#9562,#7620,#7621);
#6443=AXIS2_PLACEMENT_3D('',#9566,#7624,#7625);
#6444=AXIS2_PLACEMENT_3D('',#9568,#7626,#7627);
#6445=AXIS2_PLACEMENT_3D('',#9570,#7629,#7630);
#6446=AXIS2_PLACEMENT_3D('',#9576,#7635,#7636);
#6447=AXIS2_PLACEMENT_3D('',#9578,#7637,#7638);
#6448=AXIS2_PLACEMENT_3D('',#9580,#7640,#7641);
#6449=AXIS2_PLACEMENT_3D('',#9584,#7644,#7645);
#6450=AXIS2_PLACEMENT_3D('',#9586,#7646,#7647);
#6451=AXIS2_PLACEMENT_3D('',#9588,#7649,#7650);
#6452=AXIS2_PLACEMENT_3D('',#9591,#7651,#7652);
#6453=AXIS2_PLACEMENT_3D('',#9594,#7655,#7656);
#6454=AXIS2_PLACEMENT_3D('',#9598,#7659,#7660);
#6455=AXIS2_PLACEMENT_3D('',#9600,#7661,#7662);
#6456=AXIS2_PLACEMENT_3D('',#9602,#7664,#7665);
#6457=AXIS2_PLACEMENT_3D('',#9604,#7666,#7667);
#6458=AXIS2_PLACEMENT_3D('',#9606,#7669,#7670);
#6459=AXIS2_PLACEMENT_3D('',#9608,#7671,#7672);
#6460=AXIS2_PLACEMENT_3D('',#9610,#7674,#7675);
#6461=AXIS2_PLACEMENT_3D('',#9612,#7676,#7677);
#6462=AXIS2_PLACEMENT_3D('',#9614,#7679,#7680);
#6463=AXIS2_PLACEMENT_3D('',#9616,#7681,#7682);
#6464=AXIS2_PLACEMENT_3D('',#9618,#7684,#7685);
#6465=AXIS2_PLACEMENT_3D('',#9622,#7688,#7689);
#6466=AXIS2_PLACEMENT_3D('',#9624,#7690,#7691);
#6467=AXIS2_PLACEMENT_3D('',#9626,#7693,#7694);
#6468=AXIS2_PLACEMENT_3D('',#9629,#7695,#7696);
#6469=AXIS2_PLACEMENT_3D('',#9632,#7699,#7700);
#6470=AXIS2_PLACEMENT_3D('',#9636,#7703,#7704);
#6471=AXIS2_PLACEMENT_3D('',#9638,#7705,#7706);
#6472=AXIS2_PLACEMENT_3D('',#9640,#7708,#7709);
#6473=AXIS2_PLACEMENT_3D('',#9642,#7710,#7711);
#6474=AXIS2_PLACEMENT_3D('',#9644,#7713,#7714);
#6475=AXIS2_PLACEMENT_3D('',#9646,#7715,#7716);
#6476=AXIS2_PLACEMENT_3D('',#9648,#7718,#7719);
#6477=AXIS2_PLACEMENT_3D('',#9650,#7720,#7721);
#6478=AXIS2_PLACEMENT_3D('',#9652,#7723,#7724);
#6479=AXIS2_PLACEMENT_3D('',#9654,#7725,#7726);
#6480=AXIS2_PLACEMENT_3D('',#9656,#7728,#7729);
#6481=AXIS2_PLACEMENT_3D('',#9660,#7732,#7733);
#6482=AXIS2_PLACEMENT_3D('',#9662,#7734,#7735);
#6483=AXIS2_PLACEMENT_3D('',#9664,#7737,#7738);
#6484=AXIS2_PLACEMENT_3D('',#9667,#7739,#7740);
#6485=AXIS2_PLACEMENT_3D('',#9670,#7743,#7744);
#6486=AXIS2_PLACEMENT_3D('',#9674,#7747,#7748);
#6487=AXIS2_PLACEMENT_3D('',#9676,#7749,#7750);
#6488=AXIS2_PLACEMENT_3D('',#9678,#7752,#7753);
#6489=AXIS2_PLACEMENT_3D('',#9680,#7754,#7755);
#6490=AXIS2_PLACEMENT_3D('',#9682,#7757,#7758);
#6491=AXIS2_PLACEMENT_3D('',#9684,#7759,#7760);
#6492=AXIS2_PLACEMENT_3D('',#9686,#7762,#7763);
#6493=AXIS2_PLACEMENT_3D('',#9688,#7764,#7765);
#6494=AXIS2_PLACEMENT_3D('',#9690,#7767,#7768);
#6495=AXIS2_PLACEMENT_3D('',#9692,#7769,#7770);
#6496=AXIS2_PLACEMENT_3D('',#9694,#7772,#7773);
#6497=AXIS2_PLACEMENT_3D('',#9698,#7776,#7777);
#6498=AXIS2_PLACEMENT_3D('',#9700,#7778,#7779);
#6499=AXIS2_PLACEMENT_3D('',#9702,#7781,#7782);
#6500=AXIS2_PLACEMENT_3D('',#9705,#7783,#7784);
#6501=AXIS2_PLACEMENT_3D('',#9708,#7787,#7788);
#6502=AXIS2_PLACEMENT_3D('',#9712,#7791,#7792);
#6503=AXIS2_PLACEMENT_3D('',#9714,#7793,#7794);
#6504=AXIS2_PLACEMENT_3D('',#9716,#7796,#7797);
#6505=AXIS2_PLACEMENT_3D('',#9718,#7798,#7799);
#6506=AXIS2_PLACEMENT_3D('',#9720,#7801,#7802);
#6507=AXIS2_PLACEMENT_3D('',#9722,#7803,#7804);
#6508=AXIS2_PLACEMENT_3D('',#9724,#7806,#7807);
#6509=AXIS2_PLACEMENT_3D('',#9726,#7808,#7809);
#6510=AXIS2_PLACEMENT_3D('',#9728,#7811,#7812);
#6511=AXIS2_PLACEMENT_3D('',#9730,#7813,#7814);
#6512=AXIS2_PLACEMENT_3D('',#9732,#7816,#7817);
#6513=AXIS2_PLACEMENT_3D('',#9736,#7820,#7821);
#6514=AXIS2_PLACEMENT_3D('',#9738,#7822,#7823);
#6515=AXIS2_PLACEMENT_3D('',#9740,#7825,#7826);
#6516=AXIS2_PLACEMENT_3D('',#9748,#7833,#7834);
#6517=AXIS2_PLACEMENT_3D('',#9750,#7835,#7836);
#6518=AXIS2_PLACEMENT_3D('',#9752,#7838,#7839);
#6519=AXIS2_PLACEMENT_3D('',#9756,#7842,#7843);
#6520=AXIS2_PLACEMENT_3D('',#9758,#7844,#7845);
#6521=AXIS2_PLACEMENT_3D('',#9760,#7847,#7848);
#6522=AXIS2_PLACEMENT_3D('',#9763,#7849,#7850);
#6523=AXIS2_PLACEMENT_3D('',#9766,#7853,#7854);
#6524=AXIS2_PLACEMENT_3D('',#9770,#7857,#7858);
#6525=AXIS2_PLACEMENT_3D('',#9772,#7859,#7860);
#6526=AXIS2_PLACEMENT_3D('',#9774,#7862,#7863);
#6527=AXIS2_PLACEMENT_3D('',#9776,#7864,#7865);
#6528=AXIS2_PLACEMENT_3D('',#9778,#7867,#7868);
#6529=AXIS2_PLACEMENT_3D('',#9780,#7869,#7870);
#6530=AXIS2_PLACEMENT_3D('',#9782,#7872,#7873);
#6531=AXIS2_PLACEMENT_3D('',#9784,#7874,#7875);
#6532=AXIS2_PLACEMENT_3D('',#9786,#7877,#7878);
#6533=AXIS2_PLACEMENT_3D('',#9788,#7879,#7880);
#6534=AXIS2_PLACEMENT_3D('',#9790,#7882,#7883);
#6535=AXIS2_PLACEMENT_3D('',#9794,#7886,#7887);
#6536=AXIS2_PLACEMENT_3D('',#9796,#7888,#7889);
#6537=AXIS2_PLACEMENT_3D('',#9798,#7891,#7892);
#6538=AXIS2_PLACEMENT_3D('',#9801,#7893,#7894);
#6539=AXIS2_PLACEMENT_3D('',#9804,#7897,#7898);
#6540=AXIS2_PLACEMENT_3D('',#9808,#7901,#7902);
#6541=AXIS2_PLACEMENT_3D('',#9810,#7903,#7904);
#6542=AXIS2_PLACEMENT_3D('',#9812,#7906,#7907);
#6543=AXIS2_PLACEMENT_3D('',#9814,#7908,#7909);
#6544=AXIS2_PLACEMENT_3D('',#9816,#7911,#7912);
#6545=AXIS2_PLACEMENT_3D('',#9818,#7913,#7914);
#6546=AXIS2_PLACEMENT_3D('',#9820,#7916,#7917);
#6547=AXIS2_PLACEMENT_3D('',#9822,#7918,#7919);
#6548=AXIS2_PLACEMENT_3D('',#9824,#7921,#7922);
#6549=AXIS2_PLACEMENT_3D('',#9826,#7923,#7924);
#6550=AXIS2_PLACEMENT_3D('',#9828,#7926,#7927);
#6551=AXIS2_PLACEMENT_3D('',#9832,#7930,#7931);
#6552=AXIS2_PLACEMENT_3D('',#9834,#7932,#7933);
#6553=AXIS2_PLACEMENT_3D('',#9836,#7935,#7936);
#6554=AXIS2_PLACEMENT_3D('',#9842,#7941,#7942);
#6555=AXIS2_PLACEMENT_3D('',#9844,#7943,#7944);
#6556=AXIS2_PLACEMENT_3D('',#9847,#7946,#7947);
#6557=AXIS2_PLACEMENT_3D('',#9848,#7948,#7949);
#6558=AXIS2_PLACEMENT_3D('',#9854,#7953,#7954);
#6559=AXIS2_PLACEMENT_3D('',#9856,#7955,#7956);
#6560=AXIS2_PLACEMENT_3D('',#9859,#7958,#7959);
#6561=AXIS2_PLACEMENT_3D('',#9860,#7960,#7961);
#6562=AXIS2_PLACEMENT_3D('',#9863,#7963,#7964);
#6563=AXIS2_PLACEMENT_3D('',#9864,#7965,#7966);
#6564=AXIS2_PLACEMENT_3D('',#9866,#7967,#7968);
#6565=AXIS2_PLACEMENT_3D('',#9868,#7970,#7971);
#6566=AXIS2_PLACEMENT_3D('',#9873,#7973,#7974);
#6567=AXIS2_PLACEMENT_3D('',#9876,#7976,#7977);
#6568=AXIS2_PLACEMENT_3D('',#9877,#7978,#7979);
#6569=AXIS2_PLACEMENT_3D('',#9883,#7983,#7984);
#6570=AXIS2_PLACEMENT_3D('',#9887,#7986,#7987);
#6571=AXIS2_PLACEMENT_3D('',#9888,#7988,#7989);
#6572=AXIS2_PLACEMENT_3D('',#9889,#7990,#7991);
#6573=AXIS2_PLACEMENT_3D('',#9892,#7992,#7993);
#6574=AXIS2_PLACEMENT_3D('',#9895,#7996,#7997);
#6575=AXIS2_PLACEMENT_3D('',#9899,#8000,#8001);
#6576=AXIS2_PLACEMENT_3D('',#9901,#8002,#8003);
#6577=AXIS2_PLACEMENT_3D('',#9903,#8005,#8006);
#6578=AXIS2_PLACEMENT_3D('',#9909,#8010,#8011);
#6579=AXIS2_PLACEMENT_3D('',#9912,#8012,#8013);
#6580=AXIS2_PLACEMENT_3D('',#9915,#8016,#8017);
#6581=AXIS2_PLACEMENT_3D('',#9919,#8019,#8020);
#6582=AXIS2_PLACEMENT_3D('',#9920,#8021,#8022);
#6583=AXIS2_PLACEMENT_3D('',#9921,#8023,#8024);
#6584=AXIS2_PLACEMENT_3D('',#9925,#8026,#8027);
#6585=AXIS2_PLACEMENT_3D('',#9927,#8029,#8030);
#6586=AXIS2_PLACEMENT_3D('',#9931,#8033,#8034);
#6587=AXIS2_PLACEMENT_3D('',#9933,#8035,#8036);
#6588=AXIS2_PLACEMENT_3D('',#9935,#8038,#8039);
#6589=AXIS2_PLACEMENT_3D('',#9937,#8040,#8041);
#6590=AXIS2_PLACEMENT_3D('',#9942,#8045,#8046);
#6591=AXIS2_PLACEMENT_3D('',#9945,#8048,#8049);
#6592=AXIS2_PLACEMENT_3D('',#9946,#8050,#8051);
#6593=AXIS2_PLACEMENT_3D('',#9948,#8052,#8053);
#6594=AXIS2_PLACEMENT_3D('',#9950,#8055,#8056);
#6595=AXIS2_PLACEMENT_3D('',#9954,#8059,#8060);
#6596=AXIS2_PLACEMENT_3D('',#9958,#8062,#8063);
#6597=AXIS2_PLACEMENT_3D('',#9959,#8064,#8065);
#6598=AXIS2_PLACEMENT_3D('',#9960,#8066,#8067);
#6599=AXIS2_PLACEMENT_3D('',#9963,#8069,#8070);
#6600=AXIS2_PLACEMENT_3D('',#9964,#8071,#8072);
#6601=AXIS2_PLACEMENT_3D('',#9967,#8074,#8075);
#6602=AXIS2_PLACEMENT_3D('',#9968,#8076,#8077);
#6603=AXIS2_PLACEMENT_3D('',#9973,#8081,#8082);
#6604=AXIS2_PLACEMENT_3D('',#9982,#8087,#8088);
#6605=AXIS2_PLACEMENT_3D('',#9984,#8089,#8090);
#6606=AXIS2_PLACEMENT_3D('',#9986,#8091,#8092);
#6607=AXIS2_PLACEMENT_3D('',#9988,#8094,#8095);
#6608=AXIS2_PLACEMENT_3D('',#9990,#8096,#8097);
#6609=AXIS2_PLACEMENT_3D('',#9992,#8099,#8100);
#6610=AXIS2_PLACEMENT_3D('',#9997,#8103,#8104);
#6611=AXIS2_PLACEMENT_3D('',#9998,#8105,#8106);
#6612=AXIS2_PLACEMENT_3D('',#10002,#8109,#8110);
#6613=AXIS2_PLACEMENT_3D('',#10005,#8112,#8113);
#6614=AXIS2_PLACEMENT_3D('',#10006,#8114,#8115);
#6615=AXIS2_PLACEMENT_3D('',#10010,#8118,#8119);
#6616=AXIS2_PLACEMENT_3D('',#10013,#8121,#8122);
#6617=AXIS2_PLACEMENT_3D('',#10014,#8123,#8124);
#6618=AXIS2_PLACEMENT_3D('',#10018,#8127,#8128);
#6619=AXIS2_PLACEMENT_3D('',#10021,#8130,#8131);
#6620=AXIS2_PLACEMENT_3D('',#10022,#8132,#8133);
#6621=AXIS2_PLACEMENT_3D('',#10024,#8135,#8136);
#6622=AXIS2_PLACEMENT_3D('',#10027,#8137,#8138);
#6623=AXIS2_PLACEMENT_3D('',#10030,#8141,#8142);
#6624=AXIS2_PLACEMENT_3D('',#10034,#8145,#8146);
#6625=AXIS2_PLACEMENT_3D('',#10036,#8147,#8148);
#6626=AXIS2_PLACEMENT_3D('',#10038,#8150,#8151);
#6627=AXIS2_PLACEMENT_3D('',#10040,#8153,#8154);
#6628=AXIS2_PLACEMENT_3D('',#10043,#8155,#8156);
#6629=AXIS2_PLACEMENT_3D('',#10046,#8159,#8160);
#6630=AXIS2_PLACEMENT_3D('',#10050,#8163,#8164);
#6631=AXIS2_PLACEMENT_3D('',#10052,#8165,#8166);
#6632=AXIS2_PLACEMENT_3D('',#10054,#8168,#8169);
#6633=AXIS2_PLACEMENT_3D('',#10056,#8171,#8172);
#6634=AXIS2_PLACEMENT_3D('',#10059,#8173,#8174);
#6635=AXIS2_PLACEMENT_3D('',#10062,#8177,#8178);
#6636=AXIS2_PLACEMENT_3D('',#10066,#8181,#8182);
#6637=AXIS2_PLACEMENT_3D('',#10068,#8183,#8184);
#6638=AXIS2_PLACEMENT_3D('',#10070,#8186,#8187);
#6639=AXIS2_PLACEMENT_3D('',#10072,#8189,#8190);
#6640=AXIS2_PLACEMENT_3D('',#10075,#8191,#8192);
#6641=AXIS2_PLACEMENT_3D('',#10078,#8195,#8196);
#6642=AXIS2_PLACEMENT_3D('',#10082,#8199,#8200);
#6643=AXIS2_PLACEMENT_3D('',#10084,#8201,#8202);
#6644=AXIS2_PLACEMENT_3D('',#10086,#8204,#8205);
#6645=AXIS2_PLACEMENT_3D('',#10088,#8207,#8208);
#6646=AXIS2_PLACEMENT_3D('',#10090,#8209,#8210);
#6647=AXIS2_PLACEMENT_3D('',#10092,#8212,#8213);
#6648=AXIS2_PLACEMENT_3D('',#10094,#8214,#8215);
#6649=AXIS2_PLACEMENT_3D('',#10096,#8217,#8218);
#6650=AXIS2_PLACEMENT_3D('',#10098,#8219,#8220);
#6651=AXIS2_PLACEMENT_3D('',#10100,#8222,#8223);
#6652=AXIS2_PLACEMENT_3D('',#10102,#8224,#8225);
#6653=AXIS2_PLACEMENT_3D('',#10104,#8227,#8228);
#6654=AXIS2_PLACEMENT_3D('',#10106,#8229,#8230);
#6655=AXIS2_PLACEMENT_3D('',#10108,#8232,#8233);
#6656=AXIS2_PLACEMENT_3D('',#10110,#8234,#8235);
#6657=AXIS2_PLACEMENT_3D('',#10112,#8237,#8238);
#6658=AXIS2_PLACEMENT_3D('',#10114,#8239,#8240);
#6659=AXIS2_PLACEMENT_3D('',#10116,#8241,#8242);
#6660=AXIS2_PLACEMENT_3D('',#10118,#8244,#8245);
#6661=AXIS2_PLACEMENT_3D('',#10122,#8247,#8248);
#6662=AXIS2_PLACEMENT_3D('',#10125,#8250,#8251);
#6663=AXIS2_PLACEMENT_3D('',#10126,#8252,#8253);
#6664=AXIS2_PLACEMENT_3D('',#10128,#8255,#8256);
#6665=AXIS2_PLACEMENT_3D('',#10132,#8259,#8260);
#6666=AXIS2_PLACEMENT_3D('',#10138,#8264,#8265);
#6667=AXIS2_PLACEMENT_3D('',#10141,#8266,#8267);
#6668=AXIS2_PLACEMENT_3D('',#10146,#8269,#8270);
#6669=AXIS2_PLACEMENT_3D('',#10150,#8273,#8274);
#6670=AXIS2_PLACEMENT_3D('',#10153,#8276,#8277);
#6671=AXIS2_PLACEMENT_3D('',#10154,#8278,#8279);
#6672=AXIS2_PLACEMENT_3D('',#10158,#8282,#8283);
#6673=AXIS2_PLACEMENT_3D('',#10161,#8285,#8286);
#6674=AXIS2_PLACEMENT_3D('',#10162,#8287,#8288);
#6675=AXIS2_PLACEMENT_3D('',#10166,#8291,#8292);
#6676=AXIS2_PLACEMENT_3D('',#10168,#8293,#8294);
#6677=AXIS2_PLACEMENT_3D('',#10170,#8296,#8297);
#6678=AXIS2_PLACEMENT_3D('',#10173,#8299,#8300);
#6679=AXIS2_PLACEMENT_3D('',#10174,#8301,#8302);
#6680=AXIS2_PLACEMENT_3D('',#10176,#8303,#8304);
#6681=AXIS2_PLACEMENT_3D('',#10178,#8306,#8307);
#6682=AXIS2_PLACEMENT_3D('',#10181,#8309,#8310);
#6683=AXIS2_PLACEMENT_3D('',#10182,#8311,#8312);
#6684=AXIS2_PLACEMENT_3D('',#10184,#8313,#8314);
#6685=AXIS2_PLACEMENT_3D('',#10186,#8316,#8317);
#6686=AXIS2_PLACEMENT_3D('',#10190,#8320,#8321);
#6687=AXIS2_PLACEMENT_3D('',#10193,#8323,#8324);
#6688=AXIS2_PLACEMENT_3D('',#10194,#8325,#8326);
#6689=AXIS2_PLACEMENT_3D('',#10198,#8329,#8330);
#6690=AXIS2_PLACEMENT_3D('',#10201,#8332,#8333);
#6691=AXIS2_PLACEMENT_3D('',#10202,#8334,#8335);
#6692=AXIS2_PLACEMENT_3D('',#10206,#8338,#8339);
#6693=AXIS2_PLACEMENT_3D('',#10208,#8340,#8341);
#6694=AXIS2_PLACEMENT_3D('',#10210,#8343,#8344);
#6695=AXIS2_PLACEMENT_3D('',#10212,#8345,#8346);
#6696=AXIS2_PLACEMENT_3D('',#10214,#8348,#8349);
#6697=AXIS2_PLACEMENT_3D('',#10216,#8350,#8351);
#6698=AXIS2_PLACEMENT_3D('',#10218,#8353,#8354);
#6699=AXIS2_PLACEMENT_3D('',#10220,#8355,#8356);
#6700=AXIS2_PLACEMENT_3D('',#10222,#8358,#8359);
#6701=AXIS2_PLACEMENT_3D('',#10224,#8360,#8361);
#6702=AXIS2_PLACEMENT_3D('',#10226,#8363,#8364);
#6703=AXIS2_PLACEMENT_3D('',#10230,#8367,#8368);
#6704=AXIS2_PLACEMENT_3D('',#10233,#8370,#8371);
#6705=AXIS2_PLACEMENT_3D('',#10234,#8372,#8373);
#6706=AXIS2_PLACEMENT_3D('',#10238,#8376,#8377);
#6707=AXIS2_PLACEMENT_3D('',#10241,#8379,#8380);
#6708=AXIS2_PLACEMENT_3D('',#10242,#8381,#8382);
#6709=AXIS2_PLACEMENT_3D('',#10246,#8385,#8386);
#6710=AXIS2_PLACEMENT_3D('',#10249,#8388,#8389);
#6711=AXIS2_PLACEMENT_3D('',#10250,#8390,#8391);
#6712=AXIS2_PLACEMENT_3D('',#10254,#8394,#8395);
#6713=AXIS2_PLACEMENT_3D('',#10257,#8397,#8398);
#6714=AXIS2_PLACEMENT_3D('',#10258,#8399,#8400);
#6715=AXIS2_PLACEMENT_3D('',#10262,#8403,#8404);
#6716=AXIS2_PLACEMENT_3D('',#10264,#8405,#8406);
#6717=AXIS2_PLACEMENT_3D('',#10266,#8408,#8409);
#6718=AXIS2_PLACEMENT_3D('',#10269,#8411,#8412);
#6719=AXIS2_PLACEMENT_3D('',#10270,#8413,#8414);
#6720=AXIS2_PLACEMENT_3D('',#10272,#8415,#8416);
#6721=AXIS2_PLACEMENT_3D('',#10274,#8418,#8419);
#6722=AXIS2_PLACEMENT_3D('',#10277,#8421,#8422);
#6723=AXIS2_PLACEMENT_3D('',#10278,#8423,#8424);
#6724=AXIS2_PLACEMENT_3D('',#10280,#8425,#8426);
#6725=AXIS2_PLACEMENT_3D('',#10282,#8428,#8429);
#6726=AXIS2_PLACEMENT_3D('',#10286,#8432,#8433);
#6727=AXIS2_PLACEMENT_3D('',#10289,#8435,#8436);
#6728=AXIS2_PLACEMENT_3D('',#10290,#8437,#8438);
#6729=AXIS2_PLACEMENT_3D('',#10294,#8441,#8442);
#6730=AXIS2_PLACEMENT_3D('',#10297,#8444,#8445);
#6731=AXIS2_PLACEMENT_3D('',#10298,#8446,#8447);
#6732=AXIS2_PLACEMENT_3D('',#10302,#8450,#8451);
#6733=AXIS2_PLACEMENT_3D('',#10304,#8452,#8453);
#6734=AXIS2_PLACEMENT_3D('',#10306,#8455,#8456);
#6735=AXIS2_PLACEMENT_3D('',#10309,#8458,#8459);
#6736=AXIS2_PLACEMENT_3D('',#10310,#8460,#8461);
#6737=AXIS2_PLACEMENT_3D('',#10312,#8462,#8463);
#6738=AXIS2_PLACEMENT_3D('',#10314,#8465,#8466);
#6739=AXIS2_PLACEMENT_3D('',#10317,#8468,#8469);
#6740=AXIS2_PLACEMENT_3D('',#10318,#8470,#8471);
#6741=AXIS2_PLACEMENT_3D('',#10320,#8472,#8473);
#6742=AXIS2_PLACEMENT_3D('',#10322,#8475,#8476);
#6743=AXIS2_PLACEMENT_3D('',#10326,#8479,#8480);
#6744=AXIS2_PLACEMENT_3D('',#10329,#8482,#8483);
#6745=AXIS2_PLACEMENT_3D('',#10330,#8484,#8485);
#6746=AXIS2_PLACEMENT_3D('',#10334,#8488,#8489);
#6747=AXIS2_PLACEMENT_3D('',#10337,#8491,#8492);
#6748=AXIS2_PLACEMENT_3D('',#10338,#8493,#8494);
#6749=AXIS2_PLACEMENT_3D('',#10342,#8497,#8498);
#6750=AXIS2_PLACEMENT_3D('',#10344,#8499,#8500);
#6751=AXIS2_PLACEMENT_3D('',#10346,#8502,#8503);
#6752=AXIS2_PLACEMENT_3D('',#10349,#8505,#8506);
#6753=AXIS2_PLACEMENT_3D('',#10350,#8507,#8508);
#6754=AXIS2_PLACEMENT_3D('',#10352,#8509,#8510);
#6755=AXIS2_PLACEMENT_3D('',#10354,#8512,#8513);
#6756=AXIS2_PLACEMENT_3D('',#10357,#8515,#8516);
#6757=AXIS2_PLACEMENT_3D('',#10358,#8517,#8518);
#6758=AXIS2_PLACEMENT_3D('',#10360,#8519,#8520);
#6759=AXIS2_PLACEMENT_3D('',#10362,#8522,#8523);
#6760=AXIS2_PLACEMENT_3D('',#10366,#8526,#8527);
#6761=AXIS2_PLACEMENT_3D('',#10369,#8529,#8530);
#6762=AXIS2_PLACEMENT_3D('',#10370,#8531,#8532);
#6763=AXIS2_PLACEMENT_3D('',#10374,#8535,#8536);
#6764=AXIS2_PLACEMENT_3D('',#10377,#8538,#8539);
#6765=AXIS2_PLACEMENT_3D('',#10378,#8540,#8541);
#6766=AXIS2_PLACEMENT_3D('',#10382,#8544,#8545);
#6767=AXIS2_PLACEMENT_3D('',#10384,#8546,#8547);
#6768=AXIS2_PLACEMENT_3D('',#10386,#8549,#8550);
#6769=AXIS2_PLACEMENT_3D('',#10389,#8552,#8553);
#6770=AXIS2_PLACEMENT_3D('',#10390,#8554,#8555);
#6771=AXIS2_PLACEMENT_3D('',#10392,#8556,#8557);
#6772=AXIS2_PLACEMENT_3D('',#10394,#8559,#8560);
#6773=AXIS2_PLACEMENT_3D('',#10397,#8562,#8563);
#6774=AXIS2_PLACEMENT_3D('',#10398,#8564,#8565);
#6775=AXIS2_PLACEMENT_3D('',#10400,#8566,#8567);
#6776=AXIS2_PLACEMENT_3D('',#10402,#8569,#8570);
#6777=AXIS2_PLACEMENT_3D('',#10406,#8573,#8574);
#6778=AXIS2_PLACEMENT_3D('',#10409,#8576,#8577);
#6779=AXIS2_PLACEMENT_3D('',#10410,#8578,#8579);
#6780=AXIS2_PLACEMENT_3D('',#10414,#8582,#8583);
#6781=AXIS2_PLACEMENT_3D('',#10417,#8585,#8586);
#6782=AXIS2_PLACEMENT_3D('',#10418,#8587,#8588);
#6783=AXIS2_PLACEMENT_3D('',#10422,#8591,#8592);
#6784=AXIS2_PLACEMENT_3D('',#10425,#8594,#8595);
#6785=AXIS2_PLACEMENT_3D('',#10426,#8596,#8597);
#6786=AXIS2_PLACEMENT_3D('',#10430,#8600,#8601);
#6787=AXIS2_PLACEMENT_3D('',#10433,#8603,#8604);
#6788=AXIS2_PLACEMENT_3D('',#10434,#8605,#8606);
#6789=AXIS2_PLACEMENT_3D('',#10438,#8609,#8610);
#6790=AXIS2_PLACEMENT_3D('',#10440,#8611,#8612);
#6791=AXIS2_PLACEMENT_3D('',#10442,#8614,#8615);
#6792=AXIS2_PLACEMENT_3D('',#10445,#8617,#8618);
#6793=AXIS2_PLACEMENT_3D('',#10446,#8619,#8620);
#6794=AXIS2_PLACEMENT_3D('',#10448,#8621,#8622);
#6795=AXIS2_PLACEMENT_3D('',#10450,#8624,#8625);
#6796=AXIS2_PLACEMENT_3D('',#10453,#8627,#8628);
#6797=AXIS2_PLACEMENT_3D('',#10454,#8629,#8630);
#6798=AXIS2_PLACEMENT_3D('',#10456,#8631,#8632);
#6799=AXIS2_PLACEMENT_3D('',#10458,#8634,#8635);
#6800=AXIS2_PLACEMENT_3D('',#10462,#8638,#8639);
#6801=AXIS2_PLACEMENT_3D('',#10465,#8641,#8642);
#6802=AXIS2_PLACEMENT_3D('',#10466,#8643,#8644);
#6803=AXIS2_PLACEMENT_3D('',#10470,#8647,#8648);
#6804=AXIS2_PLACEMENT_3D('',#10473,#8650,#8651);
#6805=AXIS2_PLACEMENT_3D('',#10474,#8652,#8653);
#6806=AXIS2_PLACEMENT_3D('',#10478,#8656,#8657);
#6807=AXIS2_PLACEMENT_3D('',#10480,#8658,#8659);
#6808=AXIS2_PLACEMENT_3D('',#10482,#8661,#8662);
#6809=AXIS2_PLACEMENT_3D('',#10485,#8664,#8665);
#6810=AXIS2_PLACEMENT_3D('',#10486,#8666,#8667);
#6811=AXIS2_PLACEMENT_3D('',#10488,#8668,#8669);
#6812=AXIS2_PLACEMENT_3D('',#10490,#8671,#8672);
#6813=AXIS2_PLACEMENT_3D('',#10493,#8674,#8675);
#6814=AXIS2_PLACEMENT_3D('',#10494,#8676,#8677);
#6815=AXIS2_PLACEMENT_3D('',#10496,#8678,#8679);
#6816=AXIS2_PLACEMENT_3D('',#10498,#8681,#8682);
#6817=AXIS2_PLACEMENT_3D('',#10502,#8685,#8686);
#6818=AXIS2_PLACEMENT_3D('',#10505,#8688,#8689);
#6819=AXIS2_PLACEMENT_3D('',#10506,#8690,#8691);
#6820=AXIS2_PLACEMENT_3D('',#10510,#8694,#8695);
#6821=AXIS2_PLACEMENT_3D('',#10513,#8697,#8698);
#6822=AXIS2_PLACEMENT_3D('',#10514,#8699,#8700);
#6823=AXIS2_PLACEMENT_3D('',#10518,#8703,#8704);
#6824=AXIS2_PLACEMENT_3D('',#10520,#8705,#8706);
#6825=AXIS2_PLACEMENT_3D('',#10524,#8707,#8708);
#6826=AXIS2_PLACEMENT_3D('',#10529,#8712,#8713);
#6827=AXIS2_PLACEMENT_3D('',#10533,#8716,#8717);
#6828=AXIS2_PLACEMENT_3D('',#10538,#8721,#8722);
#6829=AXIS2_PLACEMENT_3D('',#10540,#8724,#8725);
#6830=AXIS2_PLACEMENT_3D('',#10544,#8728,#8729);
#6831=AXIS2_PLACEMENT_3D('',#10547,#8731,#8732);
#6832=AXIS2_PLACEMENT_3D('',#10548,#8733,#8734);
#6833=AXIS2_PLACEMENT_3D('',#10550,#8736,#8737);
#6834=AXIS2_PLACEMENT_3D('',#10553,#8739,#8740);
#6835=AXIS2_PLACEMENT_3D('',#10554,#8741,#8742);
#6836=AXIS2_PLACEMENT_3D('',#10557,#8744,#8745);
#6837=AXIS2_PLACEMENT_3D('',#10558,#8746,#8747);
#6838=AXIS2_PLACEMENT_3D('',#10560,#8749,#8750);
#6839=AXIS2_PLACEMENT_3D('',#10564,#8753,#8754);
#6840=AXIS2_PLACEMENT_3D('',#10567,#8756,#8757);
#6841=AXIS2_PLACEMENT_3D('',#10568,#8758,#8759);
#6842=AXIS2_PLACEMENT_3D('',#10572,#8762,#8763);
#6843=AXIS2_PLACEMENT_3D('',#10576,#8765,#8766);
#6844=AXIS2_PLACEMENT_3D('',#10578,#8768,#8769);
#6845=AXIS2_PLACEMENT_3D('',#10580,#8770,#8771);
#6846=AXIS2_PLACEMENT_3D('',#10582,#8773,#8774);
#6847=AXIS2_PLACEMENT_3D('',#10584,#8776,#8777);
#6848=AXIS2_PLACEMENT_3D('',#10586,#8779,#8780);
#6849=AXIS2_PLACEMENT_3D('',#10591,#8784,#8785);
#6850=AXIS2_PLACEMENT_3D('',#10592,#8786,#8787);
#6851=AXIS2_PLACEMENT_3D('',#10593,#8788,#8789);
#6852=AXIS2_PLACEMENT_3D('',#10597,#8792,#8793);
#6853=AXIS2_PLACEMENT_3D('',#10598,#8794,#8795);
#6854=AXIS2_PLACEMENT_3D('',#10601,#8797,#8798);
#6855=AXIS2_PLACEMENT_3D('',#10602,#8799,#8800);
#6856=AXIS2_PLACEMENT_3D('',#10604,#8801,#8802);
#6857=AXIS2_PLACEMENT_3D('',#10606,#8804,#8805);
#6858=AXIS2_PLACEMENT_3D('',#10610,#8808,#8809);
#6859=AXIS2_PLACEMENT_3D('',#10611,#8810,#8811);
#6860=AXIS2_PLACEMENT_3D('',#10613,#8813,#8814);
#6861=AXIS2_PLACEMENT_3D('',#10615,#8816,#8817);
#6862=AXIS2_PLACEMENT_3D('',#10616,#8818,#8819);
#6863=AXIS2_PLACEMENT_3D('',#10617,#8820,#8821);
#6864=AXIS2_PLACEMENT_3D('',#10618,#8822,#8823);
#6865=DIRECTION('axis',(0.,0.,1.));
#6866=DIRECTION('refdir',(1.,0.,0.));
#6867=DIRECTION('center_axis',(1.02798428206033E-16,-1.,0.));
#6868=DIRECTION('ref_axis',(1.,1.02798428206033E-16,0.));
#6869=DIRECTION('',(1.,1.02798428206033E-16,0.));
#6870=DIRECTION('',(0.,0.,1.));
#6871=DIRECTION('',(-1.,-1.02798428206033E-16,0.));
#6872=DIRECTION('',(0.,0.,1.));
#6873=DIRECTION('center_axis',(0.,0.,1.));
#6874=DIRECTION('ref_axis',(2.96059473233375E-15,-1.,0.));
#6875=DIRECTION('center_axis',(0.,0.,1.));
#6876=DIRECTION('ref_axis',(2.96059473233375E-15,-1.,0.));
#6877=DIRECTION('',(0.,0.,1.));
#6878=DIRECTION('center_axis',(0.,0.,-1.));
#6879=DIRECTION('ref_axis',(2.96059473233375E-15,-1.,0.));
#6880=DIRECTION('center_axis',(0.,1.,0.));
#6881=DIRECTION('ref_axis',(-1.,0.,0.));
#6882=DIRECTION('',(-1.,0.,0.));
#6883=DIRECTION('',(0.,0.,1.));
#6884=DIRECTION('',(1.,0.,0.));
#6885=DIRECTION('center_axis',(0.,0.,1.));
#6886=DIRECTION('ref_axis',(0.,1.,0.));
#6887=DIRECTION('center_axis',(0.,0.,1.));
#6888=DIRECTION('ref_axis',(0.,1.,0.));
#6889=DIRECTION('center_axis',(0.,0.,-1.));
#6890=DIRECTION('ref_axis',(0.,1.,0.));
#6891=DIRECTION('center_axis',(0.,0.,-1.));
#6892=DIRECTION('ref_axis',(1.,0.,0.));
#6893=DIRECTION('center_axis',(-1.,0.,0.));
#6894=DIRECTION('ref_axis',(0.,1.42108547152015E-14,-1.));
#6895=DIRECTION('',(0.707106781186579,0.,0.707106781186516));
#6896=DIRECTION('center_axis',(1.,0.,0.));
#6897=DIRECTION('ref_axis',(0.,1.42108547152015E-14,-1.));
#6898=DIRECTION('',(0.707106781186547,-0.460703153953983,0.536425767405755));
#6899=DIRECTION('center_axis',(-1.,0.,0.));
#6900=DIRECTION('ref_axis',(0.,1.42108547152015E-14,-1.));
#6901=DIRECTION('center_axis',(0.,0.,-1.));
#6902=DIRECTION('ref_axis',(1.,0.,0.));
#6903=DIRECTION('center_axis',(0.,0.,-1.));
#6904=DIRECTION('ref_axis',(1.,0.,0.));
#6905=DIRECTION('center_axis',(0.,0.,-1.));
#6906=DIRECTION('ref_axis',(1.,0.,0.));
#6907=DIRECTION('center_axis',(0.,0.,-1.));
#6908=DIRECTION('ref_axis',(1.,0.,0.));
#6909=DIRECTION('center_axis',(0.,0.,-1.));
#6910=DIRECTION('ref_axis',(-1.,0.,0.));
#6911=DIRECTION('center_axis',(0.,0.,-1.));
#6912=DIRECTION('ref_axis',(1.,0.,0.));
#6913=DIRECTION('center_axis',(0.,0.,-1.));
#6914=DIRECTION('ref_axis',(-1.,0.,0.));
#6915=DIRECTION('center_axis',(0.,0.,-1.));
#6916=DIRECTION('ref_axis',(1.,0.,0.));
#6917=DIRECTION('center_axis',(0.,0.,-1.));
#6918=DIRECTION('ref_axis',(-1.,0.,0.));
#6919=DIRECTION('center_axis',(0.,0.,-1.));
#6920=DIRECTION('ref_axis',(1.,0.,0.));
#6921=DIRECTION('center_axis',(0.,0.,-1.));
#6922=DIRECTION('ref_axis',(-1.,0.,0.));
#6923=DIRECTION('center_axis',(0.,0.,-1.));
#6924=DIRECTION('ref_axis',(1.,0.,0.));
#6925=DIRECTION('center_axis',(0.,0.,-1.));
#6926=DIRECTION('ref_axis',(-1.,0.,0.));
#6927=DIRECTION('center_axis',(0.,0.,-1.));
#6928=DIRECTION('ref_axis',(1.,0.,0.));
#6929=DIRECTION('center_axis',(0.,0.,-1.));
#6930=DIRECTION('ref_axis',(-1.,0.,0.));
#6931=DIRECTION('center_axis',(0.,0.,-1.));
#6932=DIRECTION('ref_axis',(1.,0.,0.));
#6933=DIRECTION('center_axis',(0.,0.,-1.));
#6934=DIRECTION('ref_axis',(-1.,0.,0.));
#6935=DIRECTION('center_axis',(0.,0.,-1.));
#6936=DIRECTION('ref_axis',(1.,0.,0.));
#6937=DIRECTION('center_axis',(0.,0.,-1.));
#6938=DIRECTION('ref_axis',(-1.,0.,0.));
#6939=DIRECTION('center_axis',(0.,0.,-1.));
#6940=DIRECTION('ref_axis',(1.,0.,0.));
#6941=DIRECTION('center_axis',(0.,0.,-1.));
#6942=DIRECTION('ref_axis',(1.,0.,0.));
#6943=DIRECTION('center_axis',(0.,0.,-1.));
#6944=DIRECTION('ref_axis',(1.,0.,0.));
#6945=DIRECTION('',(0.,0.,-1.));
#6946=DIRECTION('center_axis',(0.,0.,-1.));
#6947=DIRECTION('ref_axis',(1.,0.,0.));
#6948=DIRECTION('center_axis',(0.,0.,-1.));
#6949=DIRECTION('ref_axis',(1.,0.,0.));
#6950=DIRECTION('',(0.,0.,-1.));
#6951=DIRECTION('center_axis',(0.,0.,1.));
#6952=DIRECTION('ref_axis',(1.,0.,0.));
#6953=DIRECTION('center_axis',(0.,0.,-1.));
#6954=DIRECTION('ref_axis',(1.,0.,0.));
#6955=DIRECTION('',(0.,0.,1.));
#6956=DIRECTION('center_axis',(0.,0.,1.));
#6957=DIRECTION('ref_axis',(1.,0.,0.));
#6958=DIRECTION('center_axis',(0.,0.,-1.));
#6959=DIRECTION('ref_axis',(1.,0.,0.));
#6960=DIRECTION('',(0.,0.,1.));
#6961=DIRECTION('center_axis',(0.,0.,1.));
#6962=DIRECTION('ref_axis',(1.,0.,0.));
#6963=DIRECTION('center_axis',(0.,0.,-1.));
#6964=DIRECTION('ref_axis',(1.,0.,0.));
#6965=DIRECTION('',(0.,0.,1.));
#6966=DIRECTION('center_axis',(0.,0.,1.));
#6967=DIRECTION('ref_axis',(1.,0.,0.));
#6968=DIRECTION('center_axis',(0.,0.,-1.));
#6969=DIRECTION('ref_axis',(1.,0.,0.));
#6970=DIRECTION('',(0.,0.,1.));
#6971=DIRECTION('center_axis',(0.,0.,1.));
#6972=DIRECTION('ref_axis',(1.,0.,0.));
#6973=DIRECTION('center_axis',(0.,0.,-1.));
#6974=DIRECTION('ref_axis',(1.,0.,0.));
#6975=DIRECTION('',(0.,0.,1.));
#6976=DIRECTION('center_axis',(0.,0.,1.));
#6977=DIRECTION('ref_axis',(1.,0.,0.));
#6978=DIRECTION('center_axis',(0.,0.,-1.));
#6979=DIRECTION('ref_axis',(1.,0.,0.));
#6980=DIRECTION('',(0.,0.,1.));
#6981=DIRECTION('center_axis',(0.,0.,1.));
#6982=DIRECTION('ref_axis',(1.,0.,0.));
#6983=DIRECTION('center_axis',(0.,0.,-1.));
#6984=DIRECTION('ref_axis',(1.,0.,0.));
#6985=DIRECTION('',(0.,0.,1.));
#6986=DIRECTION('center_axis',(0.,0.,1.));
#6987=DIRECTION('ref_axis',(1.,0.,0.));
#6988=DIRECTION('center_axis',(0.,0.,-1.));
#6989=DIRECTION('ref_axis',(1.,0.,0.));
#6990=DIRECTION('',(0.,0.,1.));
#6991=DIRECTION('center_axis',(1.,0.,0.));
#6992=DIRECTION('ref_axis',(0.,0.,-1.));
#6993=DIRECTION('',(0.,1.,0.));
#6994=DIRECTION('',(0.,0.,-1.));
#6995=DIRECTION('',(0.,-1.,0.));
#6996=DIRECTION('',(0.,0.,1.));
#6997=DIRECTION('center_axis',(0.,0.,1.));
#6998=DIRECTION('ref_axis',(-1.,0.,0.));
#6999=DIRECTION('center_axis',(0.,0.,1.));
#7000=DIRECTION('ref_axis',(0.707106781186555,-0.70710678118654,0.));
#7001=DIRECTION('',(0.,-1.,0.));
#7002=DIRECTION('center_axis',(0.,0.,1.));
#7003=DIRECTION('ref_axis',(0.707106781186556,0.707106781186539,0.));
#7004=DIRECTION('',(1.,0.,0.));
#7005=DIRECTION('center_axis',(0.,0.,1.));
#7006=DIRECTION('ref_axis',(-0.707106781186547,0.707106781186548,0.));
#7007=DIRECTION('',(2.51965509134786E-15,1.,0.));
#7008=DIRECTION('center_axis',(0.,0.,1.));
#7009=DIRECTION('ref_axis',(-0.70710678118655,-0.707106781186546,0.));
#7010=DIRECTION('',(-1.,0.,0.));
#7011=DIRECTION('',(0.,-1.,0.));
#7012=DIRECTION('center_axis',(0.,0.,1.));
#7013=DIRECTION('ref_axis',(0.707106781186553,-0.707106781186543,0.));
#7014=DIRECTION('',(-1.,0.,0.));
#7015=DIRECTION('center_axis',(0.,0.,1.));
#7016=DIRECTION('ref_axis',(-0.707106781186548,-0.707106781186547,0.));
#7017=DIRECTION('',(6.43025100235385E-15,1.,0.));
#7018=DIRECTION('center_axis',(0.,0.,1.));
#7019=DIRECTION('ref_axis',(-0.70710678118655,0.707106781186545,0.));
#7020=DIRECTION('',(1.,0.,0.));
#7021=DIRECTION('center_axis',(0.,0.,1.));
#7022=DIRECTION('ref_axis',(0.707106781186546,0.707106781186549,0.));
#7023=DIRECTION('center_axis',(0.,0.,1.));
#7024=DIRECTION('ref_axis',(1.,0.,0.));
#7025=DIRECTION('center_axis',(0.,0.,1.));
#7026=DIRECTION('ref_axis',(1.,0.,0.));
#7027=DIRECTION('center_axis',(0.,0.,-1.));
#7028=DIRECTION('ref_axis',(-0.428369858059751,-0.903603488652998,0.));
#7029=DIRECTION('center_axis',(0.,0.,1.));
#7030=DIRECTION('ref_axis',(-2.368475785867E-14,1.,0.));
#7031=DIRECTION('',(0.,1.,0.));
#7032=DIRECTION('center_axis',(0.,0.,-1.));
#7033=DIRECTION('ref_axis',(-0.707106781186552,-0.707106781186543,0.));
#7034=DIRECTION('',(1.,0.,0.));
#7035=DIRECTION('center_axis',(0.,0.,-1.));
#7036=DIRECTION('ref_axis',(0.70710678118654,-0.707106781186555,0.));
#7037=DIRECTION('',(0.,-1.,0.));
#7038=DIRECTION('center_axis',(0.,0.,1.));
#7039=DIRECTION('ref_axis',(-1.,1.48029736616687E-15,0.));
#7040=DIRECTION('center_axis',(0.,0.,-1.));
#7041=DIRECTION('ref_axis',(0.428369858059748,-0.903603488652999,0.));
#7042=DIRECTION('center_axis',(0.,0.,1.));
#7043=DIRECTION('ref_axis',(-0.707106781186551,-0.707106781186544,0.));
#7044=DIRECTION('center_axis',(0.,0.,-1.));
#7045=DIRECTION('ref_axis',(-0.707106781186551,-0.707106781186544,0.));
#7046=DIRECTION('',(0.,0.,1.));
#7047=DIRECTION('center_axis',(0.,0.,1.));
#7048=DIRECTION('ref_axis',(-0.707106781186551,-0.707106781186544,0.));
#7049=DIRECTION('center_axis',(0.,0.,-1.));
#7050=DIRECTION('ref_axis',(1.,0.,0.));
#7051=DIRECTION('center_axis',(0.,0.,1.));
#7052=DIRECTION('ref_axis',(0.131000000000038,0.991382368211171,0.));
#7053=DIRECTION('',(1.77635683940026E-14,1.,0.));
#7054=DIRECTION('center_axis',(0.,0.,-1.));
#7055=DIRECTION('ref_axis',(0.,-1.,0.));
#7056=DIRECTION('',(1.,0.,0.));
#7057=DIRECTION('center_axis',(0.,0.,-1.));
#7058=DIRECTION('ref_axis',(1.,0.,0.));
#7059=DIRECTION('',(0.,-1.,0.));
#7060=DIRECTION('center_axis',(0.,0.,1.));
#7061=DIRECTION('ref_axis',(-1.,0.,0.));
#7062=DIRECTION('center_axis',(0.,0.,-1.));
#7063=DIRECTION('ref_axis',(0.684558823529402,-0.728957623684697,0.));
#7064=DIRECTION('center_axis',(0.,0.,1.));
#7065=DIRECTION('ref_axis',(-0.684558823529418,0.728957623684683,0.));
#7066=DIRECTION('center_axis',(0.,0.,-1.));
#7067=DIRECTION('ref_axis',(-0.131000000000015,-0.991382368211174,0.));
#7068=DIRECTION('center_axis',(0.,0.,1.));
#7069=DIRECTION('ref_axis',(1.,0.,0.));
#7070=DIRECTION('center_axis',(0.,0.,1.));
#7071=DIRECTION('ref_axis',(1.,0.,0.));
#7072=DIRECTION('center_axis',(0.,0.,-1.));
#7073=DIRECTION('ref_axis',(-0.428369858059747,0.903603488653,0.));
#7074=DIRECTION('center_axis',(0.,0.,1.));
#7075=DIRECTION('ref_axis',(1.,0.,0.));
#7076=DIRECTION('center_axis',(0.,0.,-1.));
#7077=DIRECTION('ref_axis',(0.428369858059725,0.903603488653011,0.));
#7078=DIRECTION('center_axis',(0.,0.,1.));
#7079=DIRECTION('ref_axis',(5.92118946466749E-15,-1.,0.));
#7080=DIRECTION('',(0.,-1.,0.));
#7081=DIRECTION('center_axis',(0.,0.,-1.));
#7082=DIRECTION('ref_axis',(0.707106781186554,0.707106781186541,0.));
#7083=DIRECTION('',(-1.,0.,0.));
#7084=DIRECTION('center_axis',(0.,0.,-1.));
#7085=DIRECTION('ref_axis',(-0.707106781186548,0.707106781186548,0.));
#7086=DIRECTION('',(0.,1.,0.));
#7087=DIRECTION('center_axis',(0.,0.,1.));
#7088=DIRECTION('ref_axis',(1.,0.,0.));
#7089=DIRECTION('center_axis',(0.,0.,1.));
#7090=DIRECTION('ref_axis',(1.,0.,0.));
#7091=DIRECTION('center_axis',(0.,0.,-1.));
#7092=DIRECTION('ref_axis',(-0.428369858059778,0.903603488652985,0.));
#7093=DIRECTION('center_axis',(0.,0.,1.));
#7094=DIRECTION('ref_axis',(1.,0.,0.));
#7095=DIRECTION('center_axis',(0.,0.,-1.));
#7096=DIRECTION('ref_axis',(0.428369858059748,0.903603488653,0.));
#7097=DIRECTION('center_axis',(0.,0.,1.));
#7098=DIRECTION('ref_axis',(2.368475785867E-14,-1.,0.));
#7099=DIRECTION('',(0.,-1.,0.));
#7100=DIRECTION('center_axis',(0.,0.,-1.));
#7101=DIRECTION('ref_axis',(0.70710678118656,0.707106781186535,0.));
#7102=DIRECTION('',(-1.,0.,0.));
#7103=DIRECTION('center_axis',(0.,0.,-1.));
#7104=DIRECTION('ref_axis',(-0.70710678118656,0.707106781186535,0.));
#7105=DIRECTION('',(0.,1.,0.));
#7106=DIRECTION('center_axis',(0.,0.,1.));
#7107=DIRECTION('ref_axis',(1.,0.,0.));
#7108=DIRECTION('center_axis',(0.,0.,1.));
#7109=DIRECTION('ref_axis',(1.,-2.36847578586691E-14,0.));
#7110=DIRECTION('center_axis',(0.,0.,-1.));
#7111=DIRECTION('ref_axis',(-0.428369858059755,0.903603488652996,0.));
#7112=DIRECTION('center_axis',(0.,0.,1.));
#7113=DIRECTION('ref_axis',(1.,0.,0.));
#7114=DIRECTION('center_axis',(0.,0.,-1.));
#7115=DIRECTION('ref_axis',(0.428369858059748,0.903603488653,0.));
#7116=DIRECTION('center_axis',(0.,0.,1.));
#7117=DIRECTION('ref_axis',(-2.36847578586694E-14,-1.,0.));
#7118=DIRECTION('',(0.,-1.,0.));
#7119=DIRECTION('center_axis',(0.,0.,-1.));
#7120=DIRECTION('ref_axis',(0.70710678118656,0.707106781186535,0.));
#7121=DIRECTION('',(-1.,0.,0.));
#7122=DIRECTION('center_axis',(0.,0.,-1.));
#7123=DIRECTION('ref_axis',(-0.70710678118656,0.707106781186535,0.));
#7124=DIRECTION('',(0.,1.,0.));
#7125=DIRECTION('center_axis',(0.,0.,1.));
#7126=DIRECTION('ref_axis',(1.,0.,0.));
#7127=DIRECTION('center_axis',(0.,0.,1.));
#7128=DIRECTION('ref_axis',(1.,0.,0.));
#7129=DIRECTION('center_axis',(0.,0.,-1.));
#7130=DIRECTION('ref_axis',(-0.428369858059732,0.903603488653007,0.));
#7131=DIRECTION('center_axis',(0.,0.,1.));
#7132=DIRECTION('ref_axis',(1.,0.,0.));
#7133=DIRECTION('center_axis',(0.,0.,-1.));
#7134=DIRECTION('ref_axis',(0.428369858059736,0.903603488653005,0.));
#7135=DIRECTION('center_axis',(0.,0.,1.));
#7136=DIRECTION('ref_axis',(2.96059473233374E-15,-1.,0.));
#7137=DIRECTION('',(0.,-1.,0.));
#7138=DIRECTION('center_axis',(0.,0.,-1.));
#7139=DIRECTION('ref_axis',(0.707106781186557,0.707106781186538,0.));
#7140=DIRECTION('',(-1.,0.,0.));
#7141=DIRECTION('center_axis',(0.,0.,-1.));
#7142=DIRECTION('ref_axis',(-0.70710678118656,0.707106781186535,0.));
#7143=DIRECTION('',(0.,1.,0.));
#7144=DIRECTION('center_axis',(0.,0.,1.));
#7145=DIRECTION('ref_axis',(1.,0.,0.));
#7146=DIRECTION('center_axis',(0.,0.,1.));
#7147=DIRECTION('ref_axis',(1.,0.,0.));
#7148=DIRECTION('center_axis',(0.,0.,-1.));
#7149=DIRECTION('ref_axis',(-0.428369858059733,-0.903603488653007,0.));
#7150=DIRECTION('center_axis',(0.,0.,1.));
#7151=DIRECTION('ref_axis',(0.,1.,0.));
#7152=DIRECTION('',(0.,1.,0.));
#7153=DIRECTION('center_axis',(0.,0.,-1.));
#7154=DIRECTION('ref_axis',(-0.707106781186549,-0.707106781186546,0.));
#7155=DIRECTION('',(1.,5.53591325641169E-18,0.));
#7156=DIRECTION('center_axis',(0.,0.,-1.));
#7157=DIRECTION('ref_axis',(0.707106781186546,-0.707106781186549,0.));
#7158=DIRECTION('',(0.,-1.,0.));
#7159=DIRECTION('center_axis',(0.,0.,1.));
#7160=DIRECTION('ref_axis',(-1.,3.70074341541719E-16,0.));
#7161=DIRECTION('center_axis',(0.,0.,-1.));
#7162=DIRECTION('ref_axis',(0.428369858059738,-0.903603488653004,0.));
#7163=DIRECTION('center_axis',(0.,0.,-1.));
#7164=DIRECTION('ref_axis',(0.707106781186548,0.707106781186547,0.));
#7165=DIRECTION('center_axis',(0.,0.,1.));
#7166=DIRECTION('ref_axis',(0.707106781186548,0.707106781186547,0.));
#7167=DIRECTION('center_axis',(0.,0.,-1.));
#7168=DIRECTION('ref_axis',(0.707106781186548,0.707106781186547,0.));
#7169=DIRECTION('',(0.,0.,-1.));
#7170=DIRECTION('center_axis',(0.,0.,1.));
#7171=DIRECTION('ref_axis',(1.,0.,0.));
#7172=DIRECTION('center_axis',(0.,0.,1.));
#7173=DIRECTION('ref_axis',(1.,0.,0.));
#7174=DIRECTION('center_axis',(0.,0.,-1.));
#7175=DIRECTION('ref_axis',(-0.428369858059734,-0.903603488653006,0.));
#7176=DIRECTION('center_axis',(0.,0.,1.));
#7177=DIRECTION('ref_axis',(0.,1.,0.));
#7178=DIRECTION('',(0.,1.,0.));
#7179=DIRECTION('center_axis',(0.,0.,-1.));
#7180=DIRECTION('ref_axis',(-0.707106781186553,-0.707106781186543,0.));
#7181=DIRECTION('',(1.,5.53591325641169E-18,0.));
#7182=DIRECTION('center_axis',(0.,0.,-1.));
#7183=DIRECTION('ref_axis',(0.707106781186553,-0.707106781186543,0.));
#7184=DIRECTION('',(0.,-1.,0.));
#7185=DIRECTION('center_axis',(0.,0.,1.));
#7186=DIRECTION('ref_axis',(-1.,-1.85037170770861E-15,0.));
#7187=DIRECTION('center_axis',(0.,0.,-1.));
#7188=DIRECTION('ref_axis',(0.428369858059718,-0.903603488653014,0.));
#7189=DIRECTION('center_axis',(3.91448180366917E-18,-0.70710678118654,-0.707106781186555));
#7190=DIRECTION('ref_axis',(-1.,0.,-5.53591325641158E-18));
#7191=DIRECTION('center_axis',(3.91448180366917E-18,-0.70710678118654,-0.707106781186555));
#7192=DIRECTION('ref_axis',(3.06658683336678E-17,-0.707106781186555,0.70710678118654));
#7193=DIRECTION('',(1.,5.53591325641169E-18,0.));
#7194=DIRECTION('',(0.,-0.707106781186555,0.70710678118654));
#7195=DIRECTION('',(-1.,-5.53591325641169E-18,0.));
#7196=DIRECTION('center_axis',(0.,0.,-1.));
#7197=DIRECTION('ref_axis',(0.707106781186548,0.707106781186547,0.));
#7198=DIRECTION('',(-0.707106781186548,4.9065389333869E-16,0.707106781186548));
#7199=DIRECTION('center_axis',(0.,0.,-1.));
#7200=DIRECTION('ref_axis',(0.707106781186548,0.707106781186547,0.));
#7201=DIRECTION('center_axis',(-0.707106781186548,0.,-0.707106781186548));
#7202=DIRECTION('ref_axis',(-0.707106781186548,0.,0.707106781186548));
#7203=DIRECTION('',(-0.707106781186548,-7.85046229341904E-15,0.707106781186548));
#7204=DIRECTION('',(0.,-1.,0.));
#7205=DIRECTION('center_axis',(0.,0.,1.));
#7206=DIRECTION('ref_axis',(-0.707106781186551,-0.707106781186544,0.));
#7207=DIRECTION('',(0.,-0.707106781186548,0.707106781186548));
#7208=DIRECTION('center_axis',(0.,0.,1.));
#7209=DIRECTION('ref_axis',(-0.707106781186551,-0.707106781186544,0.));
#7210=DIRECTION('center_axis',(0.,-0.70710678118654,-0.707106781186555));
#7211=DIRECTION('ref_axis',(-1.,0.,0.));
#7212=DIRECTION('center_axis',(0.,-0.70710678118654,-0.707106781186555));
#7213=DIRECTION('ref_axis',(0.,-0.707106781186555,0.70710678118654));
#7214=DIRECTION('',(-1.,0.,0.));
#7215=DIRECTION('',(1.,0.,0.));
#7216=DIRECTION('center_axis',(-0.707106781186547,0.,-0.707106781186548));
#7217=DIRECTION('ref_axis',(-0.707106781186548,0.,0.707106781186547));
#7218=DIRECTION('',(-0.707106781186548,0.,0.707106781186547));
#7219=DIRECTION('',(0.,1.,0.));
#7220=DIRECTION('',(-0.707106781186548,0.,0.707106781186547));
#7221=DIRECTION('',(0.,-1.,0.));
#7222=DIRECTION('center_axis',(-1.,0.,0.));
#7223=DIRECTION('ref_axis',(0.,0.800000102424603,0.599999863433839));
#7224=DIRECTION('center_axis',(-1.,0.,0.));
#7225=DIRECTION('ref_axis',(0.,0.800000102424603,0.599999863433839));
#7226=DIRECTION('',(-0.707106781186541,0.460703153953987,0.53642576740576));
#7227=DIRECTION('center_axis',(1.,0.,0.));
#7228=DIRECTION('ref_axis',(0.,0.800000102424603,0.599999863433839));
#7229=DIRECTION('center_axis',(-1.,0.,0.));
#7230=DIRECTION('ref_axis',(0.,-0.800000102424603,0.599999863433839));
#7231=DIRECTION('',(-0.707106781186546,-0.46070315395399,0.536425767405751));
#7232=DIRECTION('center_axis',(-1.,0.,0.));
#7233=DIRECTION('ref_axis',(0.,-0.800000102424603,0.599999863433839));
#7234=DIRECTION('center_axis',(1.,0.,0.));
#7235=DIRECTION('ref_axis',(0.,-0.800000102424603,0.599999863433839));
#7236=DIRECTION('center_axis',(0.,0.,1.));
#7237=DIRECTION('ref_axis',(-0.707106781186548,0.707106781186547,0.));
#7238=DIRECTION('',(0.,-0.707106781186543,-0.707106781186552));
#7239=DIRECTION('center_axis',(0.,0.,1.));
#7240=DIRECTION('ref_axis',(-0.707106781186548,0.707106781186547,0.));
#7241=DIRECTION('',(-0.707106781186549,0.,0.707106781186546));
#7242=DIRECTION('center_axis',(0.,0.,-1.));
#7243=DIRECTION('ref_axis',(-0.707106781186548,0.707106781186547,0.));
#7244=DIRECTION('center_axis',(0.707106781186546,0.,0.707106781186549));
#7245=DIRECTION('ref_axis',(0.707106781186549,0.,-0.707106781186546));
#7246=DIRECTION('',(0.,-1.,0.));
#7247=DIRECTION('',(-0.707106781186571,0.,0.707106781186524));
#7248=DIRECTION('',(0.,1.,0.));
#7249=DIRECTION('center_axis',(0.,0.,1.));
#7250=DIRECTION('ref_axis',(-0.707106781186543,-0.707106781186552,0.));
#7251=DIRECTION('center_axis',(0.,0.,1.));
#7252=DIRECTION('ref_axis',(-0.707106781186543,-0.707106781186552,0.));
#7253=DIRECTION('',(0.,-0.707106781186537,0.707106781186558));
#7254=DIRECTION('center_axis',(0.,0.,-1.));
#7255=DIRECTION('ref_axis',(-0.707106781186543,-0.707106781186552,0.));
#7256=DIRECTION('center_axis',(0.,0.707106781186558,0.707106781186537));
#7257=DIRECTION('ref_axis',(1.,0.,0.));
#7258=DIRECTION('',(1.,0.,0.));
#7259=DIRECTION('',(0.,-0.707106781186558,0.707106781186537));
#7260=DIRECTION('',(-1.,0.,0.));
#7261=DIRECTION('center_axis',(0.,0.,1.));
#7262=DIRECTION('ref_axis',(0.70710678118654,-0.707106781186555,0.));
#7263=DIRECTION('center_axis',(0.,0.,1.));
#7264=DIRECTION('ref_axis',(0.70710678118654,-0.707106781186555,0.));
#7265=DIRECTION('',(0.707106781186558,0.,0.707106781186537));
#7266=DIRECTION('center_axis',(0.,0.,-1.));
#7267=DIRECTION('ref_axis',(0.70710678118654,-0.707106781186555,0.));
#7268=DIRECTION('center_axis',(-0.707106781186537,0.,0.707106781186558));
#7269=DIRECTION('ref_axis',(0.707106781186558,0.,0.707106781186537));
#7270=DIRECTION('',(0.,1.,0.));
#7271=DIRECTION('',(0.707106781186558,0.,0.707106781186537));
#7272=DIRECTION('',(0.,-1.,0.));
#7273=DIRECTION('center_axis',(0.,0.,1.));
#7274=DIRECTION('ref_axis',(0.70710678118654,0.707106781186555,0.));
#7275=DIRECTION('center_axis',(0.,0.,1.));
#7276=DIRECTION('ref_axis',(0.70710678118654,0.707106781186555,0.));
#7277=DIRECTION('',(0.,0.707106781186545,0.70710678118655));
#7278=DIRECTION('center_axis',(0.,0.,-1.));
#7279=DIRECTION('ref_axis',(0.70710678118654,0.707106781186555,0.));
#7280=DIRECTION('center_axis',(0.,-0.707106781186555,0.70710678118654));
#7281=DIRECTION('ref_axis',(1.,0.,0.));
#7282=DIRECTION('',(-1.,0.,0.));
#7283=DIRECTION('',(0.,0.707106781186548,0.707106781186548));
#7284=DIRECTION('',(1.,0.,0.));
#7285=DIRECTION('center_axis',(0.,0.,-1.));
#7286=DIRECTION('ref_axis',(-0.707106781186551,-0.707106781186544,0.));
#7287=DIRECTION('',(0.707106781186537,0.,0.707106781186558));
#7288=DIRECTION('center_axis',(0.,0.,-1.));
#7289=DIRECTION('ref_axis',(-0.707106781186551,-0.707106781186544,0.));
#7290=DIRECTION('center_axis',(-0.707106781186558,0.,0.707106781186537));
#7291=DIRECTION('ref_axis',(0.707106781186537,0.,0.707106781186558));
#7292=DIRECTION('',(0.,1.,0.));
#7293=DIRECTION('',(0.707106781186558,3.27102595559112E-16,0.707106781186537));
#7294=DIRECTION('center_axis',(0.,0.,1.));
#7295=DIRECTION('ref_axis',(0.707106781186548,0.707106781186547,0.));
#7296=DIRECTION('',(0.,0.707106781186543,0.707106781186552));
#7297=DIRECTION('center_axis',(0.,0.,1.));
#7298=DIRECTION('ref_axis',(0.707106781186548,0.707106781186547,0.));
#7299=DIRECTION('center_axis',(3.91448180366924E-18,-0.707106781186552,
0.707106781186543));
#7300=DIRECTION('ref_axis',(1.,0.,-5.53591325641176E-18));
#7301=DIRECTION('',(-1.,-5.53591325641169E-18,0.));
#7302=DIRECTION('',(1.,5.53591325641169E-18,0.));
#7303=DIRECTION('center_axis',(0.,0.,1.));
#7304=DIRECTION('ref_axis',(0.707106781186556,0.707106781186539,0.));
#7305=DIRECTION('',(0.,0.,1.));
#7306=DIRECTION('center_axis',(0.,0.,1.));
#7307=DIRECTION('ref_axis',(0.707106781186556,0.707106781186539,0.));
#7308=DIRECTION('',(0.,0.,-1.));
#7309=DIRECTION('center_axis',(0.,1.,0.));
#7310=DIRECTION('ref_axis',(1.,0.,0.));
#7311=DIRECTION('',(1.,0.,0.));
#7312=DIRECTION('',(0.,0.,1.));
#7313=DIRECTION('center_axis',(0.,0.,1.));
#7314=DIRECTION('ref_axis',(-0.707106781186547,0.707106781186548,0.));
#7315=DIRECTION('center_axis',(0.,0.,1.));
#7316=DIRECTION('ref_axis',(-0.707106781186547,0.707106781186548,0.));
#7317=DIRECTION('',(0.,0.,-1.));
#7318=DIRECTION('center_axis',(-1.,2.51965509134786E-15,0.));
#7319=DIRECTION('ref_axis',(2.51965509134786E-15,1.,0.));
#7320=DIRECTION('',(0.,0.,1.));
#7321=DIRECTION('',(2.51965509134786E-15,1.,0.));
#7322=DIRECTION('center_axis',(0.,0.,1.));
#7323=DIRECTION('ref_axis',(-0.70710678118655,-0.707106781186546,0.));
#7324=DIRECTION('center_axis',(0.,0.,1.));
#7325=DIRECTION('ref_axis',(-0.70710678118655,-0.707106781186546,0.));
#7326=DIRECTION('',(0.,0.,-1.));
#7327=DIRECTION('center_axis',(0.,-1.,0.));
#7328=DIRECTION('ref_axis',(-1.,0.,0.));
#7329=DIRECTION('',(0.,0.,1.));
#7330=DIRECTION('',(-1.,0.,0.));
#7331=DIRECTION('center_axis',(0.,0.,1.));
#7332=DIRECTION('ref_axis',(0.707106781186555,-0.70710678118654,0.));
#7333=DIRECTION('center_axis',(0.,0.,1.));
#7334=DIRECTION('ref_axis',(0.707106781186555,-0.70710678118654,0.));
#7335=DIRECTION('',(0.,0.,-1.));
#7336=DIRECTION('center_axis',(1.,0.,0.));
#7337=DIRECTION('ref_axis',(0.,-1.,0.));
#7338=DIRECTION('',(0.,-1.,0.));
#7339=DIRECTION('center_axis',(0.,0.707106781186548,0.707106781186548));
#7340=DIRECTION('ref_axis',(0.141067359796657,0.700035713374682,-0.700035713374682));
#7341=DIRECTION('',(0.,-0.707106781186548,-0.707106781186548));
#7342=DIRECTION('center_axis',(0.,0.,1.));
#7343=DIRECTION('ref_axis',(-3.14018491736755E-17,1.,0.));
#7344=DIRECTION('',(0.,-0.707106781186548,-0.707106781186548));
#7345=DIRECTION('center_axis',(0.,-1.,0.));
#7346=DIRECTION('ref_axis',(-3.14018491736755E-17,0.,-1.));
#7347=DIRECTION('center_axis',(0.,0.707106781186548,-0.707106781186548));
#7348=DIRECTION('ref_axis',(-1.,0.,0.));
#7349=DIRECTION('',(1.,0.,0.));
#7350=DIRECTION('',(0.,0.707106781186548,0.707106781186548));
#7351=DIRECTION('',(-1.,0.,0.));
#7352=DIRECTION('center_axis',(0.,-0.707106781186548,-0.707106781186548));
#7353=DIRECTION('ref_axis',(-0.141067359796659,0.700035713374682,-0.700035713374682));
#7354=DIRECTION('',(0.,0.707106781186548,0.707106781186548));
#7355=DIRECTION('center_axis',(0.,-1.,0.));
#7356=DIRECTION('ref_axis',(0.,0.,-1.));
#7357=DIRECTION('center_axis',(0.,0.,1.));
#7358=DIRECTION('ref_axis',(0.,1.,-6.21756613638775E-17));
#7359=DIRECTION('center_axis',(0.,0.707106781186548,0.707106781186548));
#7360=DIRECTION('ref_axis',(0.0500000000000007,-0.706222344591277,0.706222344591277));
#7361=DIRECTION('center_axis',(0.,0.,-1.));
#7362=DIRECTION('ref_axis',(-1.17756934401283E-17,-1.,0.));
#7363=DIRECTION('',(0.,-0.707106781186545,-0.707106781186549));
#7364=DIRECTION('center_axis',(0.,1.,0.));
#7365=DIRECTION('ref_axis',(-1.17756934401283E-17,0.,1.));
#7366=DIRECTION('center_axis',(0.,-0.70710678118655,0.707106781186545));
#7367=DIRECTION('ref_axis',(1.,0.,0.));
#7368=DIRECTION('',(-1.,0.,0.));
#7369=DIRECTION('',(0.,0.707106781186543,0.707106781186552));
#7370=DIRECTION('',(1.,0.,0.));
#7371=DIRECTION('center_axis',(0.,0.,-1.));
#7372=DIRECTION('ref_axis',(-0.707106781186547,-0.707106781186548,0.));
#7373=DIRECTION('center_axis',(0.,0.,-1.));
#7374=DIRECTION('ref_axis',(-0.707106781186547,-0.707106781186548,0.));
#7375=DIRECTION('',(-0.707106781186546,0.,-0.707106781186549));
#7376=DIRECTION('center_axis',(0.,0.,1.));
#7377=DIRECTION('ref_axis',(-0.707106781186547,-0.707106781186548,0.));
#7378=DIRECTION('center_axis',(-0.707106781186551,0.,0.707106781186544));
#7379=DIRECTION('ref_axis',(0.707106781186544,0.,0.707106781186551));
#7380=DIRECTION('',(0.,1.,0.));
#7381=DIRECTION('',(0.707106781186545,0.,0.70710678118655));
#7382=DIRECTION('',(0.,-1.,0.));
#7383=DIRECTION('center_axis',(0.,0.,-1.));
#7384=DIRECTION('ref_axis',(-0.707106781186547,0.707106781186548,0.));
#7385=DIRECTION('center_axis',(0.,0.,-1.));
#7386=DIRECTION('ref_axis',(-0.707106781186547,0.707106781186548,0.));
#7387=DIRECTION('',(-8.37382644631343E-15,-0.707106781186545,0.70710678118655));
#7388=DIRECTION('center_axis',(0.,0.,1.));
#7389=DIRECTION('ref_axis',(-0.707106781186547,0.707106781186548,0.));
#7390=DIRECTION('center_axis',(0.,-0.70710678118655,0.707106781186545));
#7391=DIRECTION('ref_axis',(1.,0.,0.));
#7392=DIRECTION('',(0.,0.707106781186545,0.707106781186549));
#7393=DIRECTION('',(1.,0.,0.));
#7394=DIRECTION('',(0.,0.707106781186545,0.70710678118655));
#7395=DIRECTION('',(-1.,0.,0.));
#7396=DIRECTION('center_axis',(0.,-0.707106781186548,-0.707106781186548));
#7397=DIRECTION('ref_axis',(-0.0499999999999996,-0.706222344591277,0.706222344591277));
#7398=DIRECTION('center_axis',(0.,1.,0.));
#7399=DIRECTION('ref_axis',(3.92523114670944E-18,6.27251445975997E-17,1.));
#7400=DIRECTION('center_axis',(0.,0.,-1.));
#7401=DIRECTION('ref_axis',(3.92523114670944E-18,-1.,-6.27251445975997E-17));
#7402=DIRECTION('center_axis',(0.,0.70710678118655,0.707106781186545));
#7403=DIRECTION('ref_axis',(1.,0.,0.));
#7404=DIRECTION('',(1.,0.,0.));
#7405=DIRECTION('',(0.,-0.707106781186551,0.707106781186544));
#7406=DIRECTION('',(-1.,0.,0.));
#7407=DIRECTION('center_axis',(0.,1.,0.));
#7408=DIRECTION('ref_axis',(-0.707106781186543,0.,0.707106781186552));
#7409=DIRECTION('',(0.,0.707106781186549,0.707106781186546));
#7410=DIRECTION('center_axis',(0.,-1.,0.));
#7411=DIRECTION('ref_axis',(-0.707106781186543,0.,0.707106781186552));
#7412=DIRECTION('',(-0.707106781186565,0.70710678118653,0.));
#7413=DIRECTION('center_axis',(0.,1.,0.));
#7414=DIRECTION('ref_axis',(-0.707106781186543,0.,0.707106781186552));
#7415=DIRECTION('center_axis',(0.,0.707106781186546,-0.707106781186549));
#7416=DIRECTION('ref_axis',(-1.,0.,0.));
#7417=DIRECTION('',(1.,0.,0.));
#7418=DIRECTION('',(0.,0.707106781186549,0.707106781186546));
#7419=DIRECTION('',(-1.,0.,0.));
#7420=DIRECTION('center_axis',(0.,1.,0.));
#7421=DIRECTION('ref_axis',(0.707106781186552,0.,0.707106781186543));
#7422=DIRECTION('',(0.707106781186552,0.707106781186543,0.));
#7423=DIRECTION('center_axis',(0.,-1.,0.));
#7424=DIRECTION('ref_axis',(0.707106781186552,0.,0.707106781186543));
#7425=DIRECTION('center_axis',(0.,1.,0.));
#7426=DIRECTION('ref_axis',(0.707106781186552,0.,0.707106781186543));
#7427=DIRECTION('center_axis',(0.,0.,1.));
#7428=DIRECTION('ref_axis',(-1.,0.,0.));
#7429=DIRECTION('center_axis',(0.,0.,1.));
#7430=DIRECTION('ref_axis',(-1.,0.,0.));
#7431=DIRECTION('center_axis',(0.,0.,1.));
#7432=DIRECTION('ref_axis',(0.707106781186546,0.707106781186549,0.));
#7433=DIRECTION('center_axis',(0.,0.,1.));
#7434=DIRECTION('ref_axis',(0.707106781186546,0.707106781186549,0.));
#7435=DIRECTION('',(0.,0.,1.));
#7436=DIRECTION('',(0.,0.,-1.));
#7437=DIRECTION('center_axis',(1.,0.,0.));
#7438=DIRECTION('ref_axis',(0.,1.,0.));
#7439=DIRECTION('',(0.,1.,0.));
#7440=DIRECTION('',(0.,0.,-1.));
#7441=DIRECTION('center_axis',(0.,0.,1.));
#7442=DIRECTION('ref_axis',(0.707106781186553,-0.707106781186543,0.));
#7443=DIRECTION('center_axis',(0.,0.,1.));
#7444=DIRECTION('ref_axis',(0.707106781186553,-0.707106781186543,0.));
#7445=DIRECTION('',(0.,0.,1.));
#7446=DIRECTION('center_axis',(0.,-1.,0.));
#7447=DIRECTION('ref_axis',(1.,0.,0.));
#7448=DIRECTION('',(1.,0.,0.));
#7449=DIRECTION('',(0.,0.,-1.));
#7450=DIRECTION('center_axis',(0.,0.,1.));
#7451=DIRECTION('ref_axis',(-0.707106781186548,-0.707106781186547,0.));
#7452=DIRECTION('center_axis',(0.,0.,1.));
#7453=DIRECTION('ref_axis',(-0.707106781186548,-0.707106781186547,0.));
#7454=DIRECTION('',(0.,0.,1.));
#7455=DIRECTION('center_axis',(-1.,6.43025100235385E-15,0.));
#7456=DIRECTION('ref_axis',(-6.43025100235385E-15,-1.,0.));
#7457=DIRECTION('',(-6.43025100235385E-15,-1.,0.));
#7458=DIRECTION('',(0.,0.,-1.));
#7459=DIRECTION('center_axis',(0.,0.,1.));
#7460=DIRECTION('ref_axis',(-0.70710678118655,0.707106781186545,0.));
#7461=DIRECTION('center_axis',(0.,0.,1.));
#7462=DIRECTION('ref_axis',(-0.70710678118655,0.707106781186545,0.));
#7463=DIRECTION('',(0.,0.,1.));
#7464=DIRECTION('center_axis',(0.,1.,0.));
#7465=DIRECTION('ref_axis',(-1.,0.,0.));
#7466=DIRECTION('',(-1.,0.,0.));
#7467=DIRECTION('center_axis',(0.,0.,1.));
#7468=DIRECTION('ref_axis',(-1.,0.,0.));
#7469=DIRECTION('center_axis',(0.,0.,1.));
#7470=DIRECTION('ref_axis',(0.,-1.,0.));
#7471=DIRECTION('',(1.,0.,0.));
#7472=DIRECTION('center_axis',(0.,0.,1.));
#7473=DIRECTION('ref_axis',(0.,1.,0.));
#7474=DIRECTION('',(-1.,0.,0.));
#7475=DIRECTION('center_axis',(0.,0.,1.));
#7476=DIRECTION('ref_axis',(-1.,0.,0.));
#7477=DIRECTION('center_axis',(0.,0.,1.));
#7478=DIRECTION('ref_axis',(0.,-1.,0.));
#7479=DIRECTION('',(1.,0.,0.));
#7480=DIRECTION('center_axis',(0.,0.,1.));
#7481=DIRECTION('ref_axis',(0.,1.,0.));
#7482=DIRECTION('',(-1.,0.,0.));
#7483=DIRECTION('center_axis',(0.,0.,1.));
#7484=DIRECTION('ref_axis',(-1.,0.,0.));
#7485=DIRECTION('center_axis',(0.,0.,1.));
#7486=DIRECTION('ref_axis',(0.,1.,0.));
#7487=DIRECTION('',(-1.,0.,0.));
#7488=DIRECTION('center_axis',(0.,0.,1.));
#7489=DIRECTION('ref_axis',(0.,-1.,0.));
#7490=DIRECTION('',(1.,0.,0.));
#7491=DIRECTION('center_axis',(0.,0.,1.));
#7492=DIRECTION('ref_axis',(-1.,0.,0.));
#7493=DIRECTION('center_axis',(0.,0.,1.));
#7494=DIRECTION('ref_axis',(0.,-1.,0.));
#7495=DIRECTION('',(1.,0.,0.));
#7496=DIRECTION('center_axis',(0.,0.,1.));
#7497=DIRECTION('ref_axis',(0.,1.,0.));
#7498=DIRECTION('',(-1.,0.,0.));
#7499=DIRECTION('center_axis',(0.,0.,-1.));
#7500=DIRECTION('ref_axis',(1.,0.,0.));
#7501=DIRECTION('center_axis',(0.,0.,-1.));
#7502=DIRECTION('ref_axis',(1.,0.,0.));
#7503=DIRECTION('center_axis',(0.,0.,-1.));
#7504=DIRECTION('ref_axis',(1.,0.,0.));
#7505=DIRECTION('center_axis',(0.,0.,-1.));
#7506=DIRECTION('ref_axis',(1.,0.,0.));
#7507=DIRECTION('center_axis',(0.,0.,-1.));
#7508=DIRECTION('ref_axis',(1.,0.,0.));
#7509=DIRECTION('center_axis',(0.,0.,-1.));
#7510=DIRECTION('ref_axis',(1.,0.,0.));
#7511=DIRECTION('center_axis',(0.,0.,-1.));
#7512=DIRECTION('ref_axis',(1.,0.,0.));
#7513=DIRECTION('center_axis',(0.,0.,-1.));
#7514=DIRECTION('ref_axis',(1.,0.,0.));
#7515=DIRECTION('center_axis',(0.,0.,1.));
#7516=DIRECTION('ref_axis',(-1.,0.,0.));
#7517=DIRECTION('center_axis',(0.,0.,1.));
#7518=DIRECTION('ref_axis',(-1.,0.,0.));
#7519=DIRECTION('center_axis',(0.,0.,1.));
#7520=DIRECTION('ref_axis',(-1.,0.,0.));
#7521=DIRECTION('center_axis',(0.,0.,1.));
#7522=DIRECTION('ref_axis',(-1.,0.,0.));
#7523=DIRECTION('center_axis',(-0.707106781186543,0.707106781186552,0.));
#7524=DIRECTION('ref_axis',(0.,0.,1.));
#7525=DIRECTION('',(0.,0.,1.));
#7526=DIRECTION('',(0.,0.,-1.));
#7527=DIRECTION('',(0.577350269189632,0.577350269189624,0.577350269189622));
#7528=DIRECTION('center_axis',(-1.,0.,0.));
#7529=DIRECTION('ref_axis',(0.,-1.,0.));
#7530=DIRECTION('',(0.,1.,0.));
#7531=DIRECTION('',(0.,0.,-1.));
#7532=DIRECTION('',(0.,1.,0.));
#7533=DIRECTION('',(0.,0.,1.));
#7534=DIRECTION('center_axis',(0.,0.,-1.));
#7535=DIRECTION('ref_axis',(-0.707106781186548,-0.707106781186548,0.));
#7536=DIRECTION('center_axis',(0.,0.,-1.));
#7537=DIRECTION('ref_axis',(-0.707106781186548,-0.707106781186548,0.));
#7538=DIRECTION('',(0.,0.,1.));
#7539=DIRECTION('center_axis',(0.,0.,1.));
#7540=DIRECTION('ref_axis',(-0.707106781186548,-0.707106781186548,0.));
#7541=DIRECTION('center_axis',(0.,0.,-1.));
#7542=DIRECTION('ref_axis',(0.70710678118654,-0.707106781186555,0.));
#7543=DIRECTION('center_axis',(0.,0.,-1.));
#7544=DIRECTION('ref_axis',(0.70710678118654,-0.707106781186555,0.));
#7545=DIRECTION('',(0.,0.,1.));
#7546=DIRECTION('',(0.,0.,-1.));
#7547=DIRECTION('center_axis',(-1.,0.,0.));
#7548=DIRECTION('ref_axis',(0.,1.,0.));
#7549=DIRECTION('',(0.,-1.,0.));
#7550=DIRECTION('',(0.,0.,1.));
#7551=DIRECTION('center_axis',(0.,0.,-1.));
#7552=DIRECTION('ref_axis',(-1.,1.48029736616687E-15,0.));
#7553=DIRECTION('center_axis',(0.,0.,1.));
#7554=DIRECTION('ref_axis',(-1.,1.48029736616687E-15,0.));
#7555=DIRECTION('',(0.,0.,-1.));
#7556=DIRECTION('center_axis',(0.,0.,1.));
#7557=DIRECTION('ref_axis',(0.428369858059748,-0.903603488652999,0.));
#7558=DIRECTION('center_axis',(0.,0.,-1.));
#7559=DIRECTION('ref_axis',(0.428369858059748,-0.903603488652999,0.));
#7560=DIRECTION('',(0.,0.,1.));
#7561=DIRECTION('center_axis',(0.,0.,-1.));
#7562=DIRECTION('ref_axis',(1.,0.,0.));
#7563=DIRECTION('center_axis',(0.,0.,1.));
#7564=DIRECTION('ref_axis',(1.,0.,0.));
#7565=DIRECTION('',(0.,0.,-1.));
#7566=DIRECTION('center_axis',(0.,0.,1.));
#7567=DIRECTION('ref_axis',(-0.428369858059751,-0.903603488652998,0.));
#7568=DIRECTION('center_axis',(0.,0.,-1.));
#7569=DIRECTION('ref_axis',(-0.428369858059751,-0.903603488652998,0.));
#7570=DIRECTION('',(0.,0.,1.));
#7571=DIRECTION('center_axis',(0.,0.,-1.));
#7572=DIRECTION('ref_axis',(-2.368475785867E-14,1.,0.));
#7573=DIRECTION('center_axis',(0.,0.,1.));
#7574=DIRECTION('ref_axis',(-2.368475785867E-14,1.,0.));
#7575=DIRECTION('',(0.,0.,1.));
#7576=DIRECTION('center_axis',(1.,0.,0.));
#7577=DIRECTION('ref_axis',(0.,-1.,0.));
#7578=DIRECTION('',(0.,1.,0.));
#7579=DIRECTION('',(0.,0.,1.));
#7580=DIRECTION('center_axis',(0.,0.,-1.));
#7581=DIRECTION('ref_axis',(-0.707106781186552,-0.707106781186543,0.));
#7582=DIRECTION('center_axis',(0.,0.,-1.));
#7583=DIRECTION('ref_axis',(-0.707106781186552,-0.707106781186543,0.));
#7584=DIRECTION('',(0.,0.,-1.));
#7585=DIRECTION('center_axis',(0.,0.,-1.));
#7586=DIRECTION('ref_axis',(0.707106781186552,-0.707106781186543,0.));
#7587=DIRECTION('center_axis',(0.,0.,-1.));
#7588=DIRECTION('ref_axis',(0.707106781186552,-0.707106781186543,0.));
#7589=DIRECTION('',(0.,0.,1.));
#7590=DIRECTION('',(0.,0.,-1.));
#7591=DIRECTION('center_axis',(-1.,0.,0.));
#7592=DIRECTION('ref_axis',(0.,1.,0.));
#7593=DIRECTION('',(0.,-1.,0.));
#7594=DIRECTION('',(0.,0.,1.));
#7595=DIRECTION('center_axis',(0.,0.,-1.));
#7596=DIRECTION('ref_axis',(-1.,0.,0.));
#7597=DIRECTION('center_axis',(0.,0.,1.));
#7598=DIRECTION('ref_axis',(-1.,0.,0.));
#7599=DIRECTION('',(0.,0.,-1.));
#7600=DIRECTION('center_axis',(0.,0.,1.));
#7601=DIRECTION('ref_axis',(0.428369858059723,-0.903603488653012,0.));
#7602=DIRECTION('center_axis',(0.,0.,-1.));
#7603=DIRECTION('ref_axis',(0.428369858059723,-0.903603488653012,0.));
#7604=DIRECTION('',(0.,0.,1.));
#7605=DIRECTION('center_axis',(0.,0.,-1.));
#7606=DIRECTION('ref_axis',(1.,0.,0.));
#7607=DIRECTION('center_axis',(0.,0.,1.));
#7608=DIRECTION('ref_axis',(1.,0.,0.));
#7609=DIRECTION('',(0.,0.,-1.));
#7610=DIRECTION('center_axis',(0.,0.,1.));
#7611=DIRECTION('ref_axis',(-0.428369858059753,-0.903603488652997,0.));
#7612=DIRECTION('center_axis',(0.,0.,-1.));
#7613=DIRECTION('ref_axis',(-0.428369858059753,-0.903603488652997,0.));
#7614=DIRECTION('',(0.,0.,1.));
#7615=DIRECTION('center_axis',(0.,0.,-1.));
#7616=DIRECTION('ref_axis',(-2.368475785867E-14,1.,0.));
#7617=DIRECTION('center_axis',(0.,0.,1.));
#7618=DIRECTION('ref_axis',(-2.368475785867E-14,1.,0.));
#7619=DIRECTION('',(0.,0.,1.));
#7620=DIRECTION('center_axis',(1.,0.,0.));
#7621=DIRECTION('ref_axis',(0.,-1.,0.));
#7622=DIRECTION('',(0.,1.,0.));
#7623=DIRECTION('',(0.,0.,1.));
#7624=DIRECTION('center_axis',(0.,0.,-1.));
#7625=DIRECTION('ref_axis',(-0.707106781186552,-0.707106781186543,0.));
#7626=DIRECTION('center_axis',(0.,0.,-1.));
#7627=DIRECTION('ref_axis',(-0.707106781186552,-0.707106781186543,0.));
#7628=DIRECTION('',(0.,0.,-1.));
#7629=DIRECTION('center_axis',(0.,-1.,0.));
#7630=DIRECTION('ref_axis',(1.,0.,0.));
#7631=DIRECTION('',(-1.,0.,0.));
#7632=DIRECTION('',(0.,0.,1.));
#7633=DIRECTION('',(-1.,0.,0.));
#7634=DIRECTION('',(-1.,0.,0.));
#7635=DIRECTION('center_axis',(0.,0.,-1.));
#7636=DIRECTION('ref_axis',(0.70710678118654,0.707106781186555,0.));
#7637=DIRECTION('center_axis',(0.,0.,1.));
#7638=DIRECTION('ref_axis',(0.70710678118654,0.707106781186555,0.));
#7639=DIRECTION('',(0.,0.,-1.));
#7640=DIRECTION('center_axis',(-1.,0.,0.));
#7641=DIRECTION('ref_axis',(0.,-1.,0.));
#7642=DIRECTION('',(0.,1.,0.));
#7643=DIRECTION('',(0.,0.,-1.));
#7644=DIRECTION('center_axis',(0.,0.,1.));
#7645=DIRECTION('ref_axis',(0.70710678118654,-0.707106781186555,0.));
#7646=DIRECTION('center_axis',(0.,0.,1.));
#7647=DIRECTION('ref_axis',(0.70710678118654,-0.707106781186555,0.));
#7648=DIRECTION('',(0.,0.,1.));
#7649=DIRECTION('center_axis',(0.,0.,-1.));
#7650=DIRECTION('ref_axis',(-0.70710678118656,0.707106781186535,0.));
#7651=DIRECTION('center_axis',(0.,0.,-1.));
#7652=DIRECTION('ref_axis',(-0.70710678118656,0.707106781186535,0.));
#7653=DIRECTION('',(0.,0.,1.));
#7654=DIRECTION('',(0.,0.,-1.));
#7655=DIRECTION('center_axis',(1.,0.,0.));
#7656=DIRECTION('ref_axis',(0.,-1.,0.));
#7657=DIRECTION('',(0.,1.,0.));
#7658=DIRECTION('',(0.,0.,1.));
#7659=DIRECTION('center_axis',(0.,0.,-1.));
#7660=DIRECTION('ref_axis',(1.,-2.36847578586691E-14,0.));
#7661=DIRECTION('center_axis',(0.,0.,1.));
#7662=DIRECTION('ref_axis',(1.,-2.36847578586691E-14,0.));
#7663=DIRECTION('',(0.,0.,-1.));
#7664=DIRECTION('center_axis',(0.,0.,-1.));
#7665=DIRECTION('ref_axis',(-0.428369858059755,0.903603488652996,0.));
#7666=DIRECTION('center_axis',(0.,0.,-1.));
#7667=DIRECTION('ref_axis',(-0.428369858059755,0.903603488652996,0.));
#7668=DIRECTION('',(0.,0.,1.));
#7669=DIRECTION('center_axis',(0.,0.,-1.));
#7670=DIRECTION('ref_axis',(1.,0.,0.));
#7671=DIRECTION('center_axis',(0.,0.,1.));
#7672=DIRECTION('ref_axis',(1.,0.,0.));
#7673=DIRECTION('',(0.,0.,-1.));
#7674=DIRECTION('center_axis',(0.,0.,-1.));
#7675=DIRECTION('ref_axis',(0.428369858059748,0.903603488653,0.));
#7676=DIRECTION('center_axis',(0.,0.,-1.));
#7677=DIRECTION('ref_axis',(0.428369858059748,0.903603488653,0.));
#7678=DIRECTION('',(0.,0.,1.));
#7679=DIRECTION('center_axis',(0.,0.,-1.));
#7680=DIRECTION('ref_axis',(-2.36847578586694E-14,-1.,0.));
#7681=DIRECTION('center_axis',(0.,0.,1.));
#7682=DIRECTION('ref_axis',(-2.36847578586694E-14,-1.,0.));
#7683=DIRECTION('',(0.,0.,1.));
#7684=DIRECTION('center_axis',(-1.,0.,0.));
#7685=DIRECTION('ref_axis',(0.,1.,0.));
#7686=DIRECTION('',(0.,-1.,0.));
#7687=DIRECTION('',(0.,0.,1.));
#7688=DIRECTION('center_axis',(0.,0.,-1.));
#7689=DIRECTION('ref_axis',(0.70710678118656,0.707106781186535,0.));
#7690=DIRECTION('center_axis',(0.,0.,-1.));
#7691=DIRECTION('ref_axis',(0.70710678118656,0.707106781186535,0.));
#7692=DIRECTION('',(0.,0.,-1.));
#7693=DIRECTION('center_axis',(0.,0.,-1.));
#7694=DIRECTION('ref_axis',(-0.70710678118656,0.707106781186535,0.));
#7695=DIRECTION('center_axis',(0.,0.,-1.));
#7696=DIRECTION('ref_axis',(-0.70710678118656,0.707106781186535,0.));
#7697=DIRECTION('',(0.,0.,1.));
#7698=DIRECTION('',(0.,0.,-1.));
#7699=DIRECTION('center_axis',(1.,0.,0.));
#7700=DIRECTION('ref_axis',(0.,-1.,0.));
#7701=DIRECTION('',(0.,1.,0.));
#7702=DIRECTION('',(0.,0.,1.));
#7703=DIRECTION('center_axis',(0.,0.,-1.));
#7704=DIRECTION('ref_axis',(1.,0.,0.));
#7705=DIRECTION('center_axis',(0.,0.,1.));
#7706=DIRECTION('ref_axis',(1.,0.,0.));
#7707=DIRECTION('',(0.,0.,-1.));
#7708=DIRECTION('center_axis',(0.,0.,-1.));
#7709=DIRECTION('ref_axis',(-0.428369858059778,0.903603488652985,0.));
#7710=DIRECTION('center_axis',(0.,0.,-1.));
#7711=DIRECTION('ref_axis',(-0.428369858059778,0.903603488652985,0.));
#7712=DIRECTION('',(0.,0.,1.));
#7713=DIRECTION('center_axis',(0.,0.,-1.));
#7714=DIRECTION('ref_axis',(1.,0.,0.));
#7715=DIRECTION('center_axis',(0.,0.,1.));
#7716=DIRECTION('ref_axis',(1.,0.,0.));
#7717=DIRECTION('',(0.,0.,-1.));
#7718=DIRECTION('center_axis',(0.,0.,-1.));
#7719=DIRECTION('ref_axis',(0.428369858059748,0.903603488653,0.));
#7720=DIRECTION('center_axis',(0.,0.,-1.));
#7721=DIRECTION('ref_axis',(0.428369858059748,0.903603488653,0.));
#7722=DIRECTION('',(0.,0.,1.));
#7723=DIRECTION('center_axis',(0.,0.,-1.));
#7724=DIRECTION('ref_axis',(2.368475785867E-14,-1.,0.));
#7725=DIRECTION('center_axis',(0.,0.,1.));
#7726=DIRECTION('ref_axis',(2.368475785867E-14,-1.,0.));
#7727=DIRECTION('',(0.,0.,1.));
#7728=DIRECTION('center_axis',(-1.,0.,0.));
#7729=DIRECTION('ref_axis',(0.,1.,0.));
#7730=DIRECTION('',(0.,-1.,0.));
#7731=DIRECTION('',(0.,0.,1.));
#7732=DIRECTION('center_axis',(0.,0.,-1.));
#7733=DIRECTION('ref_axis',(0.70710678118656,0.707106781186535,0.));
#7734=DIRECTION('center_axis',(0.,0.,-1.));
#7735=DIRECTION('ref_axis',(0.70710678118656,0.707106781186535,0.));
#7736=DIRECTION('',(0.,0.,-1.));
#7737=DIRECTION('center_axis',(0.,0.,-1.));
#7738=DIRECTION('ref_axis',(-0.707106781186548,0.707106781186548,0.));
#7739=DIRECTION('center_axis',(0.,0.,-1.));
#7740=DIRECTION('ref_axis',(-0.707106781186548,0.707106781186548,0.));
#7741=DIRECTION('',(0.,0.,1.));
#7742=DIRECTION('',(0.,0.,-1.));
#7743=DIRECTION('center_axis',(1.,0.,0.));
#7744=DIRECTION('ref_axis',(0.,-1.,0.));
#7745=DIRECTION('',(0.,1.,0.));
#7746=DIRECTION('',(0.,0.,1.));
#7747=DIRECTION('center_axis',(0.,0.,-1.));
#7748=DIRECTION('ref_axis',(1.,0.,0.));
#7749=DIRECTION('center_axis',(0.,0.,1.));
#7750=DIRECTION('ref_axis',(1.,0.,0.));
#7751=DIRECTION('',(0.,0.,-1.));
#7752=DIRECTION('center_axis',(0.,0.,-1.));
#7753=DIRECTION('ref_axis',(-0.428369858059747,0.903603488653,0.));
#7754=DIRECTION('center_axis',(0.,0.,-1.));
#7755=DIRECTION('ref_axis',(-0.428369858059747,0.903603488653,0.));
#7756=DIRECTION('',(0.,0.,1.));
#7757=DIRECTION('center_axis',(0.,0.,-1.));
#7758=DIRECTION('ref_axis',(1.,0.,0.));
#7759=DIRECTION('center_axis',(0.,0.,1.));
#7760=DIRECTION('ref_axis',(1.,0.,0.));
#7761=DIRECTION('',(0.,0.,-1.));
#7762=DIRECTION('center_axis',(0.,0.,-1.));
#7763=DIRECTION('ref_axis',(0.428369858059725,0.903603488653011,0.));
#7764=DIRECTION('center_axis',(0.,0.,-1.));
#7765=DIRECTION('ref_axis',(0.428369858059725,0.903603488653011,0.));
#7766=DIRECTION('',(0.,0.,1.));
#7767=DIRECTION('center_axis',(0.,0.,-1.));
#7768=DIRECTION('ref_axis',(5.92118946466749E-15,-1.,0.));
#7769=DIRECTION('center_axis',(0.,0.,1.));
#7770=DIRECTION('ref_axis',(5.92118946466749E-15,-1.,0.));
#7771=DIRECTION('',(0.,0.,1.));
#7772=DIRECTION('center_axis',(-1.,0.,0.));
#7773=DIRECTION('ref_axis',(0.,1.,0.));
#7774=DIRECTION('',(0.,-1.,0.));
#7775=DIRECTION('',(0.,0.,1.));
#7776=DIRECTION('center_axis',(0.,0.,-1.));
#7777=DIRECTION('ref_axis',(0.707106781186554,0.707106781186541,0.));
#7778=DIRECTION('center_axis',(0.,0.,-1.));
#7779=DIRECTION('ref_axis',(0.707106781186554,0.707106781186541,0.));
#7780=DIRECTION('',(0.,0.,-1.));
#7781=DIRECTION('center_axis',(0.,0.,-1.));
#7782=DIRECTION('ref_axis',(-0.70710678118656,0.707106781186535,0.));
#7783=DIRECTION('center_axis',(0.,0.,-1.));
#7784=DIRECTION('ref_axis',(-0.70710678118656,0.707106781186535,0.));
#7785=DIRECTION('',(0.,0.,1.));
#7786=DIRECTION('',(0.,0.,-1.));
#7787=DIRECTION('center_axis',(1.,0.,0.));
#7788=DIRECTION('ref_axis',(0.,-1.,0.));
#7789=DIRECTION('',(0.,1.,0.));
#7790=DIRECTION('',(0.,0.,1.));
#7791=DIRECTION('center_axis',(0.,0.,-1.));
#7792=DIRECTION('ref_axis',(1.,0.,0.));
#7793=DIRECTION('center_axis',(0.,0.,1.));
#7794=DIRECTION('ref_axis',(1.,0.,0.));
#7795=DIRECTION('',(0.,0.,-1.));
#7796=DIRECTION('center_axis',(0.,0.,-1.));
#7797=DIRECTION('ref_axis',(-0.428369858059732,0.903603488653007,0.));
#7798=DIRECTION('center_axis',(0.,0.,-1.));
#7799=DIRECTION('ref_axis',(-0.428369858059732,0.903603488653007,0.));
#7800=DIRECTION('',(0.,0.,1.));
#7801=DIRECTION('center_axis',(0.,0.,-1.));
#7802=DIRECTION('ref_axis',(1.,0.,0.));
#7803=DIRECTION('center_axis',(0.,0.,1.));
#7804=DIRECTION('ref_axis',(1.,0.,0.));
#7805=DIRECTION('',(0.,0.,-1.));
#7806=DIRECTION('center_axis',(0.,0.,-1.));
#7807=DIRECTION('ref_axis',(0.428369858059736,0.903603488653005,0.));
#7808=DIRECTION('center_axis',(0.,0.,-1.));
#7809=DIRECTION('ref_axis',(0.428369858059736,0.903603488653005,0.));
#7810=DIRECTION('',(0.,0.,1.));
#7811=DIRECTION('center_axis',(0.,0.,-1.));
#7812=DIRECTION('ref_axis',(2.96059473233374E-15,-1.,0.));
#7813=DIRECTION('center_axis',(0.,0.,1.));
#7814=DIRECTION('ref_axis',(2.96059473233374E-15,-1.,0.));
#7815=DIRECTION('',(0.,0.,1.));
#7816=DIRECTION('center_axis',(-1.,0.,0.));
#7817=DIRECTION('ref_axis',(0.,1.,0.));
#7818=DIRECTION('',(0.,-1.,0.));
#7819=DIRECTION('',(0.,0.,1.));
#7820=DIRECTION('center_axis',(0.,0.,-1.));
#7821=DIRECTION('ref_axis',(0.707106781186557,0.707106781186538,0.));
#7822=DIRECTION('center_axis',(0.,0.,-1.));
#7823=DIRECTION('ref_axis',(0.707106781186557,0.707106781186538,0.));
#7824=DIRECTION('',(0.,0.,-1.));
#7825=DIRECTION('center_axis',(0.,1.,0.));
#7826=DIRECTION('ref_axis',(-1.,0.,0.));
#7827=DIRECTION('',(1.,0.,0.));
#7828=DIRECTION('',(1.,0.,0.));
#7829=DIRECTION('',(0.,0.,-1.));
#7830=DIRECTION('',(1.,0.,0.));
#7831=DIRECTION('',(1.,0.,0.));
#7832=DIRECTION('',(1.,0.,0.));
#7833=DIRECTION('center_axis',(0.,0.,-1.));
#7834=DIRECTION('ref_axis',(-0.707106781186543,-0.707106781186552,0.));
#7835=DIRECTION('center_axis',(0.,0.,1.));
#7836=DIRECTION('ref_axis',(-0.707106781186543,-0.707106781186552,0.));
#7837=DIRECTION('',(0.,0.,-1.));
#7838=DIRECTION('center_axis',(1.,0.,0.));
#7839=DIRECTION('ref_axis',(0.,1.,0.));
#7840=DIRECTION('',(0.,-1.,0.));
#7841=DIRECTION('',(0.,0.,-1.));
#7842=DIRECTION('center_axis',(0.,0.,1.));
#7843=DIRECTION('ref_axis',(-0.707106781186548,0.707106781186548,0.));
#7844=DIRECTION('center_axis',(0.,0.,1.));
#7845=DIRECTION('ref_axis',(-0.707106781186548,0.707106781186548,0.));
#7846=DIRECTION('',(0.,0.,-1.));
#7847=DIRECTION('center_axis',(0.,0.,-1.));
#7848=DIRECTION('ref_axis',(0.707106781186546,-0.707106781186549,0.));
#7849=DIRECTION('center_axis',(0.,0.,-1.));
#7850=DIRECTION('ref_axis',(0.707106781186546,-0.707106781186549,0.));
#7851=DIRECTION('',(0.,0.,1.));
#7852=DIRECTION('',(0.,0.,-1.));
#7853=DIRECTION('center_axis',(-1.,0.,0.));
#7854=DIRECTION('ref_axis',(0.,1.,0.));
#7855=DIRECTION('',(0.,-1.,0.));
#7856=DIRECTION('',(0.,0.,1.));
#7857=DIRECTION('center_axis',(0.,0.,-1.));
#7858=DIRECTION('ref_axis',(-1.,3.70074341541719E-16,0.));
#7859=DIRECTION('center_axis',(0.,0.,1.));
#7860=DIRECTION('ref_axis',(-1.,3.70074341541719E-16,0.));
#7861=DIRECTION('',(0.,0.,-1.));
#7862=DIRECTION('center_axis',(0.,0.,1.));
#7863=DIRECTION('ref_axis',(0.428369858059738,-0.903603488653004,0.));
#7864=DIRECTION('center_axis',(0.,0.,-1.));
#7865=DIRECTION('ref_axis',(0.428369858059738,-0.903603488653004,0.));
#7866=DIRECTION('',(0.,0.,1.));
#7867=DIRECTION('center_axis',(0.,0.,-1.));
#7868=DIRECTION('ref_axis',(1.,0.,0.));
#7869=DIRECTION('center_axis',(0.,0.,1.));
#7870=DIRECTION('ref_axis',(1.,0.,0.));
#7871=DIRECTION('',(0.,0.,-1.));
#7872=DIRECTION('center_axis',(0.,0.,1.));
#7873=DIRECTION('ref_axis',(-0.428369858059733,-0.903603488653007,0.));
#7874=DIRECTION('center_axis',(0.,0.,-1.));
#7875=DIRECTION('ref_axis',(-0.428369858059733,-0.903603488653007,0.));
#7876=DIRECTION('',(0.,0.,1.));
#7877=DIRECTION('center_axis',(0.,0.,-1.));
#7878=DIRECTION('ref_axis',(0.,1.,0.));
#7879=DIRECTION('center_axis',(0.,0.,1.));
#7880=DIRECTION('ref_axis',(0.,1.,0.));
#7881=DIRECTION('',(0.,0.,1.));
#7882=DIRECTION('center_axis',(1.,0.,0.));
#7883=DIRECTION('ref_axis',(0.,-1.,0.));
#7884=DIRECTION('',(0.,1.,0.));
#7885=DIRECTION('',(0.,0.,1.));
#7886=DIRECTION('center_axis',(0.,0.,-1.));
#7887=DIRECTION('ref_axis',(-0.707106781186549,-0.707106781186546,0.));
#7888=DIRECTION('center_axis',(0.,0.,-1.));
#7889=DIRECTION('ref_axis',(-0.707106781186549,-0.707106781186546,0.));
#7890=DIRECTION('',(0.,0.,-1.));
#7891=DIRECTION('center_axis',(0.,0.,-1.));
#7892=DIRECTION('ref_axis',(0.707106781186553,-0.707106781186543,0.));
#7893=DIRECTION('center_axis',(0.,0.,-1.));
#7894=DIRECTION('ref_axis',(0.707106781186553,-0.707106781186543,0.));
#7895=DIRECTION('',(0.,0.,1.));
#7896=DIRECTION('',(0.,0.,-1.));
#7897=DIRECTION('center_axis',(-1.,0.,0.));
#7898=DIRECTION('ref_axis',(0.,1.,0.));
#7899=DIRECTION('',(0.,-1.,0.));
#7900=DIRECTION('',(0.,0.,1.));
#7901=DIRECTION('center_axis',(0.,0.,-1.));
#7902=DIRECTION('ref_axis',(-1.,-1.85037170770861E-15,0.));
#7903=DIRECTION('center_axis',(0.,0.,1.));
#7904=DIRECTION('ref_axis',(-1.,-1.85037170770861E-15,0.));
#7905=DIRECTION('',(0.,0.,-1.));
#7906=DIRECTION('center_axis',(0.,0.,1.));
#7907=DIRECTION('ref_axis',(0.428369858059718,-0.903603488653014,0.));
#7908=DIRECTION('center_axis',(0.,0.,-1.));
#7909=DIRECTION('ref_axis',(0.428369858059718,-0.903603488653014,0.));
#7910=DIRECTION('',(0.,0.,1.));
#7911=DIRECTION('center_axis',(0.,0.,-1.));
#7912=DIRECTION('ref_axis',(1.,0.,0.));
#7913=DIRECTION('center_axis',(0.,0.,1.));
#7914=DIRECTION('ref_axis',(1.,0.,0.));
#7915=DIRECTION('',(0.,0.,-1.));
#7916=DIRECTION('center_axis',(0.,0.,1.));
#7917=DIRECTION('ref_axis',(-0.428369858059734,-0.903603488653006,0.));
#7918=DIRECTION('center_axis',(0.,0.,-1.));
#7919=DIRECTION('ref_axis',(-0.428369858059734,-0.903603488653006,0.));
#7920=DIRECTION('',(0.,0.,1.));
#7921=DIRECTION('center_axis',(0.,0.,-1.));
#7922=DIRECTION('ref_axis',(0.,1.,0.));
#7923=DIRECTION('center_axis',(0.,0.,1.));
#7924=DIRECTION('ref_axis',(0.,1.,0.));
#7925=DIRECTION('',(0.,0.,1.));
#7926=DIRECTION('center_axis',(1.,0.,0.));
#7927=DIRECTION('ref_axis',(0.,-1.,0.));
#7928=DIRECTION('',(0.,1.,0.));
#7929=DIRECTION('',(0.,0.,1.));
#7930=DIRECTION('center_axis',(0.,0.,-1.));
#7931=DIRECTION('ref_axis',(-0.707106781186553,-0.707106781186543,0.));
#7932=DIRECTION('center_axis',(0.,0.,-1.));
#7933=DIRECTION('ref_axis',(-0.707106781186553,-0.707106781186543,0.));
#7934=DIRECTION('',(0.,0.,-1.));
#7935=DIRECTION('center_axis',(5.53591325641169E-18,-1.,0.));
#7936=DIRECTION('ref_axis',(1.,5.53591325641169E-18,0.));
#7937=DIRECTION('',(-1.,-5.53591325641169E-18,0.));
#7938=DIRECTION('',(0.,0.,-1.));
#7939=DIRECTION('',(-1.,-5.53591325641169E-18,0.));
#7940=DIRECTION('',(-1.,-5.53591325641169E-18,0.));
#7941=DIRECTION('center_axis',(0.,0.,-1.));
#7942=DIRECTION('ref_axis',(0.382683432365091,-0.923879532511286,0.));
#7943=DIRECTION('center_axis',(0.,0.,-1.));
#7944=DIRECTION('ref_axis',(0.382683432365091,-0.923879532511286,0.));
#7945=DIRECTION('',(0.,0.,1.));
#7946=DIRECTION('center_axis',(0.,0.,1.));
#7947=DIRECTION('ref_axis',(0.382683432365091,-0.923879532511286,0.));
#7948=DIRECTION('center_axis',(-0.707106781186548,0.707106781186547,0.));
#7949=DIRECTION('ref_axis',(-0.707106781186547,-0.707106781186548,0.));
#7950=DIRECTION('',(-0.707106781186547,-0.707106781186548,0.));
#7951=DIRECTION('',(0.,0.,-1.));
#7952=DIRECTION('',(-0.707106781186547,-0.707106781186548,0.));
#7953=DIRECTION('center_axis',(0.,0.,1.));
#7954=DIRECTION('ref_axis',(-0.382683432365091,0.923879532511286,0.));
#7955=DIRECTION('center_axis',(0.,0.,1.));
#7956=DIRECTION('ref_axis',(-0.382683432365091,0.923879532511286,0.));
#7957=DIRECTION('',(0.,0.,1.));
#7958=DIRECTION('center_axis',(0.,0.,-1.));
#7959=DIRECTION('ref_axis',(-0.382683432365091,0.923879532511286,0.));
#7960=DIRECTION('center_axis',(0.,0.,-1.));
#7961=DIRECTION('ref_axis',(-1.,0.,0.));
#7962=DIRECTION('',(-1.,0.,0.));
#7963=DIRECTION('center_axis',(0.,0.,-1.));
#7964=DIRECTION('ref_axis',(0.707106781186548,0.707106781186547,0.));
#7965=DIRECTION('center_axis',(0.,0.,1.));
#7966=DIRECTION('ref_axis',(0.707106781186548,0.707106781186547,0.));
#7967=DIRECTION('center_axis',(0.,0.,1.));
#7968=DIRECTION('ref_axis',(0.707106781186548,0.707106781186547,0.));
#7969=DIRECTION('',(0.,0.,-1.));
#7970=DIRECTION('center_axis',(0.,-1.,0.));
#7971=DIRECTION('ref_axis',(-0.70710678118654,0.,0.707106781186555));
#7972=DIRECTION('',(0.,-1.,0.));
#7973=DIRECTION('center_axis',(0.,-1.,0.));
#7974=DIRECTION('ref_axis',(-0.70710678118654,0.,0.707106781186555));
#7975=DIRECTION('',(0.,1.,0.));
#7976=DIRECTION('center_axis',(0.,-1.,0.));
#7977=DIRECTION('ref_axis',(-0.70710678118654,0.,0.707106781186555));
#7978=DIRECTION('center_axis',(-1.39888240991011E-15,0.,1.));
#7979=DIRECTION('ref_axis',(-1.,0.,-1.39888240991011E-15));
#7980=DIRECTION('',(-1.,0.,-1.39888240991011E-15));
#7981=DIRECTION('',(0.,1.,0.));
#7982=DIRECTION('',(1.,0.,1.39888240991011E-15));
#7983=DIRECTION('center_axis',(0.,-1.,0.));
#7984=DIRECTION('ref_axis',(0.707106781186547,0.,0.707106781186547));
#7985=DIRECTION('',(0.,-1.,0.));
#7986=DIRECTION('center_axis',(0.,-1.,0.));
#7987=DIRECTION('ref_axis',(0.707106781186547,0.,0.707106781186547));
#7988=DIRECTION('center_axis',(0.,-1.,0.));
#7989=DIRECTION('ref_axis',(0.707106781186547,0.,0.707106781186547));
#7990=DIRECTION('center_axis',(0.,-1.,0.));
#7991=DIRECTION('ref_axis',(0.707106781186552,0.,0.707106781186543));
#7992=DIRECTION('center_axis',(0.,-1.,0.));
#7993=DIRECTION('ref_axis',(0.707106781186552,0.,0.707106781186543));
#7994=DIRECTION('',(0.,1.,0.));
#7995=DIRECTION('',(0.,-1.,0.));
#7996=DIRECTION('center_axis',(0.,0.,1.));
#7997=DIRECTION('ref_axis',(-1.,0.,0.));
#7998=DIRECTION('',(-1.,0.,0.));
#7999=DIRECTION('',(0.,-1.,0.));
#8000=DIRECTION('center_axis',(0.,-1.,0.));
#8001=DIRECTION('ref_axis',(-0.707106781186543,0.,0.707106781186552));
#8002=DIRECTION('center_axis',(0.,-1.,0.));
#8003=DIRECTION('ref_axis',(-0.707106781186543,0.,0.707106781186552));
#8004=DIRECTION('',(0.,1.,0.));
#8005=DIRECTION('center_axis',(0.707106781186543,0.707106781186552,0.));
#8006=DIRECTION('ref_axis',(0.,0.,-1.));
#8007=DIRECTION('',(0.,0.,-1.));
#8008=DIRECTION('',(0.577350269189632,-0.577350269189624,-0.577350269189622));
#8009=DIRECTION('',(0.,0.,1.));
#8010=DIRECTION('center_axis',(0.,0.,1.));
#8011=DIRECTION('ref_axis',(-0.707106781186547,0.707106781186548,0.));
#8012=DIRECTION('center_axis',(0.,0.,-1.));
#8013=DIRECTION('ref_axis',(-0.707106781186547,0.707106781186548,0.));
#8014=DIRECTION('',(0.,0.,1.));
#8015=DIRECTION('',(0.,0.,-1.));
#8016=DIRECTION('center_axis',(1.,0.,0.));
#8017=DIRECTION('ref_axis',(0.,-0.347404234666466,-0.937715467365131));
#8018=DIRECTION('',(-0.707106781186548,0.,0.707106781186547));
#8019=DIRECTION('center_axis',(-1.,0.,0.));
#8020=DIRECTION('ref_axis',(0.,-0.347404234666466,-0.937715467365131));
#8021=DIRECTION('center_axis',(1.,0.,0.));
#8022=DIRECTION('ref_axis',(0.,-0.347404234666466,-0.937715467365131));
#8023=DIRECTION('center_axis',(1.,0.,0.));
#8024=DIRECTION('ref_axis',(0.,0.800000102424603,0.599999863433839));
#8025=DIRECTION('',(1.,0.,0.));
#8026=DIRECTION('center_axis',(-1.,0.,0.));
#8027=DIRECTION('ref_axis',(0.,0.800000102424603,0.599999863433839));
#8028=DIRECTION('',(-1.,0.,0.));
#8029=DIRECTION('center_axis',(0.,0.,1.));
#8030=DIRECTION('ref_axis',(1.43293609774231E-17,-1.,0.));
#8031=DIRECTION('',(0.,-1.,0.));
#8032=DIRECTION('',(1.,0.,0.));
#8033=DIRECTION('center_axis',(-1.,0.,0.));
#8034=DIRECTION('ref_axis',(0.,-0.800000102424603,0.599999863433839));
#8035=DIRECTION('center_axis',(-1.,0.,0.));
#8036=DIRECTION('ref_axis',(0.,-0.800000102424603,0.599999863433839));
#8037=DIRECTION('',(1.,0.,0.));
#8038=DIRECTION('center_axis',(-1.,0.,0.));
#8039=DIRECTION('ref_axis',(0.,-1.,0.));
#8040=DIRECTION('center_axis',(1.,0.,0.));
#8041=DIRECTION('ref_axis',(0.,0.347404234666466,-0.937715467365132));
#8042=DIRECTION('',(0.,-1.,0.));
#8043=DIRECTION('',(0.,0.,-1.));
#8044=DIRECTION('',(0.,1.,0.));
#8045=DIRECTION('center_axis',(1.,0.,0.));
#8046=DIRECTION('ref_axis',(0.,0.347404234666466,-0.937715467365132));
#8047=DIRECTION('',(-0.707106781186548,0.,0.707106781186547));
#8048=DIRECTION('center_axis',(-1.,0.,0.));
#8049=DIRECTION('ref_axis',(0.,0.347404234666466,-0.937715467365132));
#8050=DIRECTION('center_axis',(0.,0.,1.));
#8051=DIRECTION('ref_axis',(-0.707106781186547,-0.707106781186548,0.));
#8052=DIRECTION('center_axis',(0.,0.,-1.));
#8053=DIRECTION('ref_axis',(-0.707106781186547,-0.707106781186548,0.));
#8054=DIRECTION('',(0.,0.,1.));
#8055=DIRECTION('center_axis',(0.,-1.,0.));
#8056=DIRECTION('ref_axis',(1.,0.,0.));
#8057=DIRECTION('',(-1.,0.,0.));
#8058=DIRECTION('',(0.,0.,-1.));
#8059=DIRECTION('center_axis',(0.,0.,-1.));
#8060=DIRECTION('ref_axis',(0.707106781186548,-0.707106781186548,0.));
#8061=DIRECTION('',(-0.707106781186543,0.,0.707106781186552));
#8062=DIRECTION('center_axis',(0.,0.,-1.));
#8063=DIRECTION('ref_axis',(0.707106781186548,-0.707106781186548,0.));
#8064=DIRECTION('center_axis',(0.,0.,1.));
#8065=DIRECTION('ref_axis',(0.707106781186547,-0.707106781186547,0.));
#8066=DIRECTION('center_axis',(0.,0.,1.));
#8067=DIRECTION('ref_axis',(1.,0.,0.));
#8068=DIRECTION('',(0.,-1.,0.));
#8069=DIRECTION('center_axis',(0.,0.,-1.));
#8070=DIRECTION('ref_axis',(0.707106781186547,0.707106781186548,0.));
#8071=DIRECTION('center_axis',(0.,0.,-1.));
#8072=DIRECTION('ref_axis',(0.707106781186547,0.707106781186548,0.));
#8073=DIRECTION('',(-0.707106781186541,0.,0.707106781186554));
#8074=DIRECTION('center_axis',(0.,0.,1.));
#8075=DIRECTION('ref_axis',(0.707106781186547,0.707106781186548,0.));
#8076=DIRECTION('center_axis',(0.,1.,0.));
#8077=DIRECTION('ref_axis',(-1.,0.,0.));
#8078=DIRECTION('',(1.,0.,0.));
#8079=DIRECTION('',(0.,0.,-1.));
#8080=DIRECTION('',(1.,0.,0.));
#8081=DIRECTION('center_axis',(0.,0.,1.));
#8082=DIRECTION('ref_axis',(0.,1.,0.));
#8083=DIRECTION('',(0.,1.,0.));
#8084=DIRECTION('',(-1.,0.,0.));
#8085=DIRECTION('',(0.,-1.,0.));
#8086=DIRECTION('',(-1.,0.,0.));
#8087=DIRECTION('center_axis',(-1.,0.,0.));
#8088=DIRECTION('ref_axis',(0.,0.651532648549784,0.758620595471612));
#8089=DIRECTION('center_axis',(-1.,0.,0.));
#8090=DIRECTION('ref_axis',(0.,0.651532648549784,0.758620595471612));
#8091=DIRECTION('center_axis',(1.,0.,0.));
#8092=DIRECTION('ref_axis',(0.,0.651532648549784,0.758620595471612));
#8093=DIRECTION('',(-1.,0.,0.));
#8094=DIRECTION('center_axis',(0.,0.,1.));
#8095=DIRECTION('ref_axis',(-1.,0.,0.));
#8096=DIRECTION('center_axis',(0.,0.,-1.));
#8097=DIRECTION('ref_axis',(-1.,0.,0.));
#8098=DIRECTION('',(0.,0.,1.));
#8099=DIRECTION('center_axis',(0.,0.,-1.));
#8100=DIRECTION('ref_axis',(0.707106781186546,0.707106781186549,0.));
#8101=DIRECTION('',(0.707106781186541,0.,-0.707106781186554));
#8102=DIRECTION('',(0.,-0.707106781186549,0.707106781186546));
#8103=DIRECTION('center_axis',(0.,0.,-1.));
#8104=DIRECTION('ref_axis',(0.707106781186546,0.707106781186549,0.));
#8105=DIRECTION('center_axis',(-0.707106781186554,0.,-0.707106781186541));
#8106=DIRECTION('ref_axis',(-0.707106781186541,0.,0.707106781186554));
#8107=DIRECTION('',(0.,-1.,0.));
#8108=DIRECTION('',(0.707106781186541,0.,-0.707106781186554));
#8109=DIRECTION('center_axis',(0.,0.,-1.));
#8110=DIRECTION('ref_axis',(0.707106781186552,-0.707106781186543,0.));
#8111=DIRECTION('',(0.,-0.70710678118655,-0.707106781186545));
#8112=DIRECTION('center_axis',(0.,0.,-1.));
#8113=DIRECTION('ref_axis',(0.707106781186552,-0.707106781186543,0.));
#8114=DIRECTION('center_axis',(0.,0.707106781186545,-0.70710678118655));
#8115=DIRECTION('ref_axis',(-1.,0.,0.));
#8116=DIRECTION('',(-1.,0.,0.));
#8117=DIRECTION('',(0.,-0.707106781186547,-0.707106781186548));
#8118=DIRECTION('center_axis',(0.,0.,-1.));
#8119=DIRECTION('ref_axis',(-0.707106781186549,-0.707106781186547,0.));
#8120=DIRECTION('',(-0.707106781186554,3.14018491736753E-15,-0.707106781186541));
#8121=DIRECTION('center_axis',(0.,0.,-1.));
#8122=DIRECTION('ref_axis',(-0.707106781186548,-0.707106781186546,0.));
#8123=DIRECTION('center_axis',(0.707106781186541,-4.54687408849596E-15,
-0.707106781186554));
#8124=DIRECTION('ref_axis',(-0.707106781186554,0.,-0.707106781186541));
#8125=DIRECTION('',(6.43025100235385E-15,1.,0.));
#8126=DIRECTION('',(-0.707106781186541,3.92523114670949E-15,-0.707106781186554));
#8127=DIRECTION('center_axis',(0.,0.,-1.));
#8128=DIRECTION('ref_axis',(-0.70710678118655,0.707106781186545,0.));
#8129=DIRECTION('',(0.,0.707106781186549,-0.707106781186546));
#8130=DIRECTION('center_axis',(0.,0.,-1.));
#8131=DIRECTION('ref_axis',(-0.70710678118655,0.707106781186545,0.));
#8132=DIRECTION('center_axis',(0.,-0.707106781186546,-0.707106781186549));
#8133=DIRECTION('ref_axis',(-1.,0.,0.));
#8134=DIRECTION('',(1.,0.,0.));
#8135=DIRECTION('center_axis',(0.,0.,1.));
#8136=DIRECTION('ref_axis',(0.,1.,0.));
#8137=DIRECTION('center_axis',(0.,0.,1.));
#8138=DIRECTION('ref_axis',(0.,1.,0.));
#8139=DIRECTION('',(0.,0.,1.));
#8140=DIRECTION('',(0.,0.,1.));
#8141=DIRECTION('center_axis',(0.,1.,0.));
#8142=DIRECTION('ref_axis',(-1.,0.,0.));
#8143=DIRECTION('',(-1.,0.,0.));
#8144=DIRECTION('',(0.,0.,1.));
#8145=DIRECTION('center_axis',(0.,0.,1.));
#8146=DIRECTION('ref_axis',(0.,-1.,0.));
#8147=DIRECTION('center_axis',(0.,0.,1.));
#8148=DIRECTION('ref_axis',(0.,-1.,0.));
#8149=DIRECTION('',(0.,0.,1.));
#8150=DIRECTION('center_axis',(0.,-1.,0.));
#8151=DIRECTION('ref_axis',(1.,0.,0.));
#8152=DIRECTION('',(1.,0.,0.));
#8153=DIRECTION('center_axis',(0.,0.,1.));
#8154=DIRECTION('ref_axis',(0.,1.,0.));
#8155=DIRECTION('center_axis',(0.,0.,1.));
#8156=DIRECTION('ref_axis',(0.,1.,0.));
#8157=DIRECTION('',(0.,0.,1.));
#8158=DIRECTION('',(0.,0.,1.));
#8159=DIRECTION('center_axis',(0.,1.,0.));
#8160=DIRECTION('ref_axis',(-1.,0.,0.));
#8161=DIRECTION('',(-1.,0.,0.));
#8162=DIRECTION('',(0.,0.,1.));
#8163=DIRECTION('center_axis',(0.,0.,1.));
#8164=DIRECTION('ref_axis',(0.,-1.,0.));
#8165=DIRECTION('center_axis',(0.,0.,1.));
#8166=DIRECTION('ref_axis',(0.,-1.,0.));
#8167=DIRECTION('',(0.,0.,1.));
#8168=DIRECTION('center_axis',(0.,-1.,0.));
#8169=DIRECTION('ref_axis',(1.,0.,0.));
#8170=DIRECTION('',(1.,0.,0.));
#8171=DIRECTION('center_axis',(0.,0.,1.));
#8172=DIRECTION('ref_axis',(0.,-1.,0.));
#8173=DIRECTION('center_axis',(0.,0.,1.));
#8174=DIRECTION('ref_axis',(0.,-1.,0.));
#8175=DIRECTION('',(0.,0.,1.));
#8176=DIRECTION('',(0.,0.,1.));
#8177=DIRECTION('center_axis',(0.,-1.,0.));
#8178=DIRECTION('ref_axis',(1.,0.,0.));
#8179=DIRECTION('',(1.,0.,0.));
#8180=DIRECTION('',(0.,0.,1.));
#8181=DIRECTION('center_axis',(0.,0.,1.));
#8182=DIRECTION('ref_axis',(0.,1.,0.));
#8183=DIRECTION('center_axis',(0.,0.,1.));
#8184=DIRECTION('ref_axis',(0.,1.,0.));
#8185=DIRECTION('',(0.,0.,1.));
#8186=DIRECTION('center_axis',(0.,1.,0.));
#8187=DIRECTION('ref_axis',(-1.,0.,0.));
#8188=DIRECTION('',(-1.,0.,0.));
#8189=DIRECTION('center_axis',(0.,0.,1.));
#8190=DIRECTION('ref_axis',(0.,1.,0.));
#8191=DIRECTION('center_axis',(0.,0.,1.));
#8192=DIRECTION('ref_axis',(0.,1.,0.));
#8193=DIRECTION('',(0.,0.,1.));
#8194=DIRECTION('',(0.,0.,1.));
#8195=DIRECTION('center_axis',(0.,1.,0.));
#8196=DIRECTION('ref_axis',(-1.,0.,0.));
#8197=DIRECTION('',(-1.,0.,0.));
#8198=DIRECTION('',(0.,0.,1.));
#8199=DIRECTION('center_axis',(0.,0.,1.));
#8200=DIRECTION('ref_axis',(0.,-1.,0.));
#8201=DIRECTION('center_axis',(0.,0.,1.));
#8202=DIRECTION('ref_axis',(0.,-1.,0.));
#8203=DIRECTION('',(0.,0.,1.));
#8204=DIRECTION('center_axis',(0.,-1.,0.));
#8205=DIRECTION('ref_axis',(1.,0.,0.));
#8206=DIRECTION('',(1.,0.,0.));
#8207=DIRECTION('center_axis',(0.,0.,1.));
#8208=DIRECTION('ref_axis',(1.,0.,0.));
#8209=DIRECTION('center_axis',(0.,0.,1.));
#8210=DIRECTION('ref_axis',(1.,0.,0.));
#8211=DIRECTION('',(0.,0.,1.));
#8212=DIRECTION('center_axis',(0.,0.,1.));
#8213=DIRECTION('ref_axis',(1.,0.,0.));
#8214=DIRECTION('center_axis',(0.,0.,1.));
#8215=DIRECTION('ref_axis',(1.,0.,0.));
#8216=DIRECTION('',(0.,0.,1.));
#8217=DIRECTION('center_axis',(0.,0.,1.));
#8218=DIRECTION('ref_axis',(1.,0.,0.));
#8219=DIRECTION('center_axis',(0.,0.,1.));
#8220=DIRECTION('ref_axis',(1.,0.,0.));
#8221=DIRECTION('',(0.,0.,1.));
#8222=DIRECTION('center_axis',(0.,0.,1.));
#8223=DIRECTION('ref_axis',(1.,0.,0.));
#8224=DIRECTION('center_axis',(0.,0.,1.));
#8225=DIRECTION('ref_axis',(1.,0.,0.));
#8226=DIRECTION('',(0.,0.,1.));
#8227=DIRECTION('center_axis',(0.,0.,1.));
#8228=DIRECTION('ref_axis',(-1.,0.,0.));
#8229=DIRECTION('center_axis',(0.,0.,-1.));
#8230=DIRECTION('ref_axis',(-1.,0.,0.));
#8231=DIRECTION('',(0.,0.,1.));
#8232=DIRECTION('center_axis',(0.,0.,1.));
#8233=DIRECTION('ref_axis',(-1.,0.,0.));
#8234=DIRECTION('center_axis',(0.,0.,-1.));
#8235=DIRECTION('ref_axis',(-1.,0.,0.));
#8236=DIRECTION('',(0.,0.,1.));
#8237=DIRECTION('center_axis',(-1.,0.,0.));
#8238=DIRECTION('ref_axis',(0.,-0.651532648549782,-0.758620595471614));
#8239=DIRECTION('center_axis',(1.,0.,0.));
#8240=DIRECTION('ref_axis',(0.,-0.651532648549782,-0.758620595471614));
#8241=DIRECTION('center_axis',(-1.,0.,0.));
#8242=DIRECTION('ref_axis',(0.,-0.651532648549782,-0.758620595471614));
#8243=DIRECTION('',(1.,0.,0.));
#8244=DIRECTION('center_axis',(0.,0.,1.));
#8245=DIRECTION('ref_axis',(0.707106781186547,0.707106781186548,0.));
#8246=DIRECTION('',(0.,0.707106781186565,0.70710678118653));
#8247=DIRECTION('center_axis',(0.,0.,-1.));
#8248=DIRECTION('ref_axis',(0.707106781186547,0.707106781186548,0.));
#8249=DIRECTION('',(0.707106781186579,0.,0.707106781186516));
#8250=DIRECTION('center_axis',(0.,0.,1.));
#8251=DIRECTION('ref_axis',(0.707106781186547,0.707106781186548,0.));
#8252=DIRECTION('center_axis',(0.,0.707106781186546,-0.707106781186549));
#8253=DIRECTION('ref_axis',(-1.,0.,0.));
#8254=DIRECTION('',(-1.,0.,0.));
#8255=DIRECTION('center_axis',(1.,0.,0.));
#8256=DIRECTION('ref_axis',(0.,0.,1.));
#8257=DIRECTION('',(0.,1.,0.));
#8258=DIRECTION('',(0.,0.,1.));
#8259=DIRECTION('center_axis',(1.,0.,0.));
#8260=DIRECTION('ref_axis',(0.,0.,1.));
#8261=DIRECTION('',(0.,0.,-1.));
#8262=DIRECTION('',(0.,0.,1.));
#8263=DIRECTION('',(0.,-1.,0.));
#8264=DIRECTION('center_axis',(0.,0.,-1.));
#8265=DIRECTION('ref_axis',(0.707106781186548,0.707106781186547,0.));
#8266=DIRECTION('center_axis',(0.,0.,-1.));
#8267=DIRECTION('ref_axis',(0.707106781186548,0.707106781186547,0.));
#8268=DIRECTION('',(-0.707106781186548,-1.96261557335476E-15,0.707106781186548));
#8269=DIRECTION('center_axis',(-0.707106781186579,0.,-0.707106781186516));
#8270=DIRECTION('ref_axis',(-0.707106781186516,0.,0.707106781186579));
#8271=DIRECTION('',(-0.707106781186516,0.,0.707106781186579));
#8272=DIRECTION('',(0.,-1.,0.));
#8273=DIRECTION('center_axis',(0.,0.,1.));
#8274=DIRECTION('ref_axis',(-0.707106781186548,-0.707106781186548,0.));
#8275=DIRECTION('',(0.,-0.707106781186548,0.707106781186548));
#8276=DIRECTION('center_axis',(0.,0.,1.));
#8277=DIRECTION('ref_axis',(-0.707106781186548,-0.707106781186548,0.));
#8278=DIRECTION('center_axis',(0.,-0.707106781186544,-0.707106781186551));
#8279=DIRECTION('ref_axis',(-1.,0.,0.));
#8280=DIRECTION('',(0.,-0.707106781186551,0.707106781186544));
#8281=DIRECTION('',(1.,0.,0.));
#8282=DIRECTION('center_axis',(0.,0.,1.));
#8283=DIRECTION('ref_axis',(0.70710678118654,-0.707106781186555,0.));
#8284=DIRECTION('',(0.707106781186516,0.,0.707106781186579));
#8285=DIRECTION('center_axis',(0.,0.,1.));
#8286=DIRECTION('ref_axis',(0.70710678118654,-0.707106781186555,0.));
#8287=DIRECTION('center_axis',(0.707106781186548,0.,-0.707106781186548));
#8288=DIRECTION('ref_axis',(-0.707106781186548,0.,-0.707106781186548));
#8289=DIRECTION('',(0.,1.,0.));
#8290=DIRECTION('',(0.707106781186548,0.,0.707106781186548));
#8291=DIRECTION('center_axis',(0.,0.,-1.));
#8292=DIRECTION('ref_axis',(-1.,1.48029736616687E-15,0.));
#8293=DIRECTION('center_axis',(0.,0.,-1.));
#8294=DIRECTION('ref_axis',(-1.,1.48029736616687E-15,0.));
#8295=DIRECTION('',(0.0926309883354502,-0.701013195310898,0.70710678118655));
#8296=DIRECTION('center_axis',(0.,0.,1.));
#8297=DIRECTION('ref_axis',(0.428369858059748,-0.903603488652999,0.));
#8298=DIRECTION('',(0.48405618623879,-0.515450878905099,0.70710678118649));
#8299=DIRECTION('center_axis',(0.,0.,1.));
#8300=DIRECTION('ref_axis',(0.428369858059748,-0.903603488652999,0.));
#8301=DIRECTION('center_axis',(0.,0.,-1.));
#8302=DIRECTION('ref_axis',(1.,0.,0.));
#8303=DIRECTION('center_axis',(0.,0.,-1.));
#8304=DIRECTION('ref_axis',(1.,0.,0.));
#8305=DIRECTION('',(-0.484056186238702,-0.515450878905108,0.707106781186544));
#8306=DIRECTION('center_axis',(0.,0.,1.));
#8307=DIRECTION('ref_axis',(-0.428369858059751,-0.903603488652998,0.));
#8308=DIRECTION('',(-0.0926309883354532,-0.701013195310874,0.707106781186573));
#8309=DIRECTION('center_axis',(0.,0.,1.));
#8310=DIRECTION('ref_axis',(-0.428369858059751,-0.903603488652998,0.));
#8311=DIRECTION('center_axis',(0.,0.,-1.));
#8312=DIRECTION('ref_axis',(-2.368475785867E-14,1.,0.));
#8313=DIRECTION('center_axis',(0.,0.,-1.));
#8314=DIRECTION('ref_axis',(-2.368475785867E-14,1.,0.));
#8315=DIRECTION('',(-0.70710678118661,0.,0.707106781186485));
#8316=DIRECTION('center_axis',(-0.707106781186548,0.,-0.707106781186548));
#8317=DIRECTION('ref_axis',(-0.707106781186548,0.,0.707106781186548));
#8318=DIRECTION('',(0.,-1.,0.));
#8319=DIRECTION('',(-0.707106781186548,0.,0.707106781186548));
#8320=DIRECTION('center_axis',(0.,0.,1.));
#8321=DIRECTION('ref_axis',(-0.707106781186552,-0.707106781186543,0.));
#8322=DIRECTION('',(0.,-0.707106781186583,0.707106781186512));
#8323=DIRECTION('center_axis',(0.,0.,1.));
#8324=DIRECTION('ref_axis',(-0.707106781186552,-0.707106781186543,0.));
#8325=DIRECTION('center_axis',(0.,-0.707106781186544,-0.707106781186551));
#8326=DIRECTION('ref_axis',(-1.,0.,0.));
#8327=DIRECTION('',(0.,-0.707106781186551,0.707106781186544));
#8328=DIRECTION('',(1.,0.,0.));
#8329=DIRECTION('center_axis',(0.,0.,1.));
#8330=DIRECTION('ref_axis',(0.707106781186552,-0.707106781186543,0.));
#8331=DIRECTION('',(0.70710678118661,0.,0.707106781186485));
#8332=DIRECTION('center_axis',(0.,0.,1.));
#8333=DIRECTION('ref_axis',(0.707106781186552,-0.707106781186543,0.));
#8334=DIRECTION('center_axis',(0.70710678118661,0.,-0.707106781186485));
#8335=DIRECTION('ref_axis',(-0.707106781186485,0.,-0.70710678118661));
#8336=DIRECTION('',(0.,1.,0.));
#8337=DIRECTION('',(0.707106781186485,0.,0.70710678118661));
#8338=DIRECTION('center_axis',(0.,0.,-1.));
#8339=DIRECTION('ref_axis',(-1.,0.,0.));
#8340=DIRECTION('center_axis',(0.,0.,-1.));
#8341=DIRECTION('ref_axis',(-1.,0.,0.));
#8342=DIRECTION('',(0.0926309883354446,-0.701013195310942,0.707106781186507));
#8343=DIRECTION('center_axis',(0.,0.,1.));
#8344=DIRECTION('ref_axis',(0.428369858059723,-0.903603488653011,0.));
#8345=DIRECTION('center_axis',(0.,0.,1.));
#8346=DIRECTION('ref_axis',(0.428369858059723,-0.903603488653012,0.));
#8347=DIRECTION('',(0.484056186238733,-0.515450878905015,0.70710678118659));
#8348=DIRECTION('center_axis',(0.,0.,-1.));
#8349=DIRECTION('ref_axis',(1.,0.,0.));
#8350=DIRECTION('center_axis',(0.,0.,-1.));
#8351=DIRECTION('ref_axis',(1.,0.,0.));
#8352=DIRECTION('',(-0.484056186238798,-0.515450878905076,0.707106781186501));
#8353=DIRECTION('center_axis',(0.,0.,1.));
#8354=DIRECTION('ref_axis',(-0.428369858059753,-0.903603488652997,0.));
#8355=DIRECTION('center_axis',(0.,0.,1.));
#8356=DIRECTION('ref_axis',(-0.428369858059753,-0.903603488652997,0.));
#8357=DIRECTION('',(-0.0926309883354532,-0.701013195310874,0.707106781186573));
#8358=DIRECTION('center_axis',(0.,0.,-1.));
#8359=DIRECTION('ref_axis',(-2.368475785867E-14,1.,0.));
#8360=DIRECTION('center_axis',(0.,0.,-1.));
#8361=DIRECTION('ref_axis',(-2.368475785867E-14,1.,0.));
#8362=DIRECTION('',(-0.70710678118661,0.,0.707106781186485));
#8363=DIRECTION('center_axis',(-0.70710678118661,0.,-0.707106781186485));
#8364=DIRECTION('ref_axis',(-0.707106781186485,0.,0.70710678118661));
#8365=DIRECTION('',(0.,-1.,0.));
#8366=DIRECTION('',(-0.707106781186485,0.,0.70710678118661));
#8367=DIRECTION('center_axis',(0.,0.,1.));
#8368=DIRECTION('ref_axis',(-0.707106781186552,-0.707106781186543,0.));
#8369=DIRECTION('',(0.,-0.707106781186583,0.707106781186512));
#8370=DIRECTION('center_axis',(0.,0.,1.));
#8371=DIRECTION('ref_axis',(-0.707106781186552,-0.707106781186543,0.));
#8372=DIRECTION('center_axis',(0.,-0.707106781186544,-0.707106781186551));
#8373=DIRECTION('ref_axis',(-1.,0.,0.));
#8374=DIRECTION('',(0.,-0.707106781186559,0.707106781186536));
#8375=DIRECTION('',(1.,0.,0.));
#8376=DIRECTION('center_axis',(0.,0.,-1.));
#8377=DIRECTION('ref_axis',(0.70710678118654,0.707106781186555,0.));
#8378=DIRECTION('',(-0.70710678118661,0.,0.707106781186485));
#8379=DIRECTION('center_axis',(0.,0.,-1.));
#8380=DIRECTION('ref_axis',(0.70710678118654,0.707106781186555,0.));
#8381=DIRECTION('center_axis',(-0.707106781186548,0.,-0.707106781186548));
#8382=DIRECTION('ref_axis',(-0.707106781186548,0.,0.707106781186548));
#8383=DIRECTION('',(-0.707106781186548,0.,0.707106781186548));
#8384=DIRECTION('',(0.,-1.,0.));
#8385=DIRECTION('center_axis',(0.,0.,-1.));
#8386=DIRECTION('ref_axis',(0.70710678118654,-0.707106781186555,0.));
#8387=DIRECTION('',(0.,0.70710678118661,0.707106781186485));
#8388=DIRECTION('center_axis',(0.,0.,-1.));
#8389=DIRECTION('ref_axis',(0.70710678118654,-0.707106781186555,0.));
#8390=DIRECTION('center_axis',(0.,0.707106781186548,-0.707106781186548));
#8391=DIRECTION('ref_axis',(-1.,0.,0.));
#8392=DIRECTION('',(0.,0.707106781186548,0.707106781186548));
#8393=DIRECTION('',(-1.,0.,0.));
#8394=DIRECTION('center_axis',(0.,0.,1.));
#8395=DIRECTION('ref_axis',(-0.70710678118656,0.707106781186535,0.));
#8396=DIRECTION('',(-0.707106781186548,0.,0.707106781186548));
#8397=DIRECTION('center_axis',(0.,0.,1.));
#8398=DIRECTION('ref_axis',(-0.70710678118656,0.707106781186535,0.));
#8399=DIRECTION('center_axis',(-0.707106781186548,0.,-0.707106781186548));
#8400=DIRECTION('ref_axis',(-0.707106781186548,0.,0.707106781186548));
#8401=DIRECTION('',(0.,-1.,0.));
#8402=DIRECTION('',(-0.707106781186548,0.,0.707106781186548));
#8403=DIRECTION('center_axis',(0.,0.,-1.));
#8404=DIRECTION('ref_axis',(1.,-2.36847578586691E-14,0.));
#8405=DIRECTION('center_axis',(0.,0.,-1.));
#8406=DIRECTION('ref_axis',(1.,-2.36847578586691E-14,0.));
#8407=DIRECTION('',(-0.0926309883355727,0.701013195310905,0.707106781186526));
#8408=DIRECTION('center_axis',(0.,0.,1.));
#8409=DIRECTION('ref_axis',(-0.428369858059755,0.903603488652996,0.));
#8410=DIRECTION('',(-0.484056186238725,0.515450878905038,0.707106781186579));
#8411=DIRECTION('center_axis',(0.,0.,1.));
#8412=DIRECTION('ref_axis',(-0.428369858059755,0.903603488652996,0.));
#8413=DIRECTION('center_axis',(0.,0.,-1.));
#8414=DIRECTION('ref_axis',(1.,0.,0.));
#8415=DIRECTION('center_axis',(0.,0.,-1.));
#8416=DIRECTION('ref_axis',(1.,0.,0.));
#8417=DIRECTION('',(0.48405618623871,0.515450878905084,0.707106781186556));
#8418=DIRECTION('center_axis',(0.,0.,1.));
#8419=DIRECTION('ref_axis',(0.428369858059748,0.903603488653,0.));
#8420=DIRECTION('',(0.0926309883354522,0.701013195310882,0.707106781186565));
#8421=DIRECTION('center_axis',(0.,0.,1.));
#8422=DIRECTION('ref_axis',(0.428369858059748,0.903603488653,0.));
#8423=DIRECTION('center_axis',(0.,0.,-1.));
#8424=DIRECTION('ref_axis',(-2.36847578586694E-14,-1.,0.));
#8425=DIRECTION('center_axis',(0.,0.,-1.));
#8426=DIRECTION('ref_axis',(-2.36847578586694E-14,-1.,0.));
#8427=DIRECTION('',(0.707106781186548,6.28036983473523E-14,0.707106781186548));
#8428=DIRECTION('center_axis',(0.707106781186548,0.,-0.707106781186548));
#8429=DIRECTION('ref_axis',(-0.707106781186548,0.,-0.707106781186548));
#8430=DIRECTION('',(0.,1.,0.));
#8431=DIRECTION('',(0.707106781186548,0.,0.707106781186548));
#8432=DIRECTION('center_axis',(0.,0.,1.));
#8433=DIRECTION('ref_axis',(0.70710678118656,0.707106781186535,0.));
#8434=DIRECTION('',(0.,0.707106781186548,0.707106781186548));
#8435=DIRECTION('center_axis',(0.,0.,1.));
#8436=DIRECTION('ref_axis',(0.70710678118656,0.707106781186535,0.));
#8437=DIRECTION('center_axis',(0.,0.707106781186548,-0.707106781186548));
#8438=DIRECTION('ref_axis',(-1.,0.,0.));
#8439=DIRECTION('',(0.,0.707106781186548,0.707106781186548));
#8440=DIRECTION('',(-1.,0.,0.));
#8441=DIRECTION('center_axis',(0.,0.,1.));
#8442=DIRECTION('ref_axis',(-0.70710678118656,0.707106781186535,0.));
#8443=DIRECTION('',(-0.707106781186548,0.,0.707106781186548));
#8444=DIRECTION('center_axis',(0.,0.,1.));
#8445=DIRECTION('ref_axis',(-0.70710678118656,0.707106781186535,0.));
#8446=DIRECTION('center_axis',(-0.707106781186548,0.,-0.707106781186548));
#8447=DIRECTION('ref_axis',(-0.707106781186548,0.,0.707106781186548));
#8448=DIRECTION('',(0.,-1.,0.));
#8449=DIRECTION('',(-0.707106781186548,0.,0.707106781186548));
#8450=DIRECTION('center_axis',(0.,0.,-1.));
#8451=DIRECTION('ref_axis',(1.,0.,0.));
#8452=DIRECTION('center_axis',(0.,0.,-1.));
#8453=DIRECTION('ref_axis',(1.,0.,0.));
#8454=DIRECTION('',(-0.0926309883354441,0.701013195310946,0.707106781186503));
#8455=DIRECTION('center_axis',(0.,0.,1.));
#8456=DIRECTION('ref_axis',(-0.428369858059778,0.903603488652985,0.));
#8457=DIRECTION('',(-0.48405618623879,0.515450878905099,0.70710678118649));
#8458=DIRECTION('center_axis',(0.,0.,1.));
#8459=DIRECTION('ref_axis',(-0.428369858059778,0.903603488652985,0.));
#8460=DIRECTION('center_axis',(0.,0.,-1.));
#8461=DIRECTION('ref_axis',(1.,0.,0.));
#8462=DIRECTION('center_axis',(0.,0.,-1.));
#8463=DIRECTION('ref_axis',(1.,0.,0.));
#8464=DIRECTION('',(0.484056186238725,0.515450878905038,0.707106781186579));
#8465=DIRECTION('center_axis',(0.,0.,1.));
#8466=DIRECTION('ref_axis',(0.428369858059748,0.903603488653,0.));
#8467=DIRECTION('',(0.0926309883354522,0.701013195310882,0.707106781186565));
#8468=DIRECTION('center_axis',(0.,0.,1.));
#8469=DIRECTION('ref_axis',(0.428369858059748,0.903603488653,0.));
#8470=DIRECTION('center_axis',(0.,0.,-1.));
#8471=DIRECTION('ref_axis',(2.368475785867E-14,-1.,0.));
#8472=DIRECTION('center_axis',(0.,0.,-1.));
#8473=DIRECTION('ref_axis',(2.368475785867E-14,-1.,0.));
#8474=DIRECTION('',(0.70710678118661,0.,0.707106781186485));
#8475=DIRECTION('center_axis',(0.707106781186548,0.,-0.707106781186548));
#8476=DIRECTION('ref_axis',(-0.707106781186548,0.,-0.707106781186548));
#8477=DIRECTION('',(0.,1.,0.));
#8478=DIRECTION('',(0.707106781186548,0.,0.707106781186548));
#8479=DIRECTION('center_axis',(0.,0.,1.));
#8480=DIRECTION('ref_axis',(0.70710678118656,0.707106781186535,0.));
#8481=DIRECTION('',(0.,0.707106781186548,0.707106781186548));
#8482=DIRECTION('center_axis',(0.,0.,1.));
#8483=DIRECTION('ref_axis',(0.70710678118656,0.707106781186535,0.));
#8484=DIRECTION('center_axis',(0.,0.707106781186548,-0.707106781186548));
#8485=DIRECTION('ref_axis',(-1.,0.,0.));
#8486=DIRECTION('',(0.,0.707106781186548,0.707106781186548));
#8487=DIRECTION('',(-1.,0.,0.));
#8488=DIRECTION('center_axis',(0.,0.,1.));
#8489=DIRECTION('ref_axis',(-0.707106781186547,0.707106781186547,0.));
#8490=DIRECTION('',(-0.707106781186532,0.,0.707106781186563));
#8491=DIRECTION('center_axis',(0.,0.,1.));
#8492=DIRECTION('ref_axis',(-0.707106781186547,0.707106781186547,0.));
#8493=DIRECTION('center_axis',(-0.707106781186532,0.,-0.707106781186563));
#8494=DIRECTION('ref_axis',(-0.707106781186563,0.,0.707106781186532));
#8495=DIRECTION('',(0.,-1.,0.));
#8496=DIRECTION('',(-0.707106781186563,0.,0.707106781186532));
#8497=DIRECTION('center_axis',(0.,0.,-1.));
#8498=DIRECTION('ref_axis',(1.,0.,0.));
#8499=DIRECTION('center_axis',(0.,0.,-1.));
#8500=DIRECTION('ref_axis',(1.,0.,0.));
#8501=DIRECTION('',(-0.0926309883354482,0.701013195310914,0.707106781186534));
#8502=DIRECTION('center_axis',(0.,0.,1.));
#8503=DIRECTION('ref_axis',(-0.428369858059747,0.903603488653,0.));
#8504=DIRECTION('',(-0.484056186238734,0.515450878905077,0.707106781186545));
#8505=DIRECTION('center_axis',(0.,0.,1.));
#8506=DIRECTION('ref_axis',(-0.428369858059747,0.903603488653,0.));
#8507=DIRECTION('center_axis',(0.,0.,-1.));
#8508=DIRECTION('ref_axis',(1.,0.,0.));
#8509=DIRECTION('center_axis',(0.,0.,-1.));
#8510=DIRECTION('ref_axis',(1.,0.,0.));
#8511=DIRECTION('',(0.484056186238734,0.515450878905077,0.707106781186545));
#8512=DIRECTION('center_axis',(0.,0.,1.));
#8513=DIRECTION('ref_axis',(0.428369858059725,0.90360348865301,0.));
#8514=DIRECTION('',(0.092630988335417,0.701013195310916,0.707106781186536));
#8515=DIRECTION('center_axis',(0.,0.,1.));
#8516=DIRECTION('ref_axis',(0.428369858059725,0.903603488653011,0.));
#8517=DIRECTION('center_axis',(0.,0.,-1.));
#8518=DIRECTION('ref_axis',(5.92118946466749E-15,-1.,0.));
#8519=DIRECTION('center_axis',(0.,0.,-1.));
#8520=DIRECTION('ref_axis',(5.92118946466749E-15,-1.,0.));
#8521=DIRECTION('',(0.707106781186579,0.,0.707106781186516));
#8522=DIRECTION('center_axis',(0.707106781186532,0.,-0.707106781186563));
#8523=DIRECTION('ref_axis',(-0.707106781186563,0.,-0.707106781186532));
#8524=DIRECTION('',(0.,1.,0.));
#8525=DIRECTION('',(0.707106781186563,0.,0.707106781186532));
#8526=DIRECTION('center_axis',(0.,0.,1.));
#8527=DIRECTION('ref_axis',(0.707106781186554,0.707106781186541,0.));
#8528=DIRECTION('',(0.,0.707106781186516,0.707106781186579));
#8529=DIRECTION('center_axis',(0.,0.,1.));
#8530=DIRECTION('ref_axis',(0.707106781186554,0.707106781186541,0.));
#8531=DIRECTION('center_axis',(0.,0.707106781186548,-0.707106781186548));
#8532=DIRECTION('ref_axis',(-1.,0.,0.));
#8533=DIRECTION('',(0.,0.707106781186548,0.707106781186548));
#8534=DIRECTION('',(-1.,0.,0.));
#8535=DIRECTION('center_axis',(0.,0.,1.));
#8536=DIRECTION('ref_axis',(-0.70710678118656,0.707106781186535,0.));
#8537=DIRECTION('',(-0.707106781186571,0.,0.707106781186524));
#8538=DIRECTION('center_axis',(0.,0.,1.));
#8539=DIRECTION('ref_axis',(-0.70710678118656,0.707106781186535,0.));
#8540=DIRECTION('center_axis',(-0.707106781186555,0.,-0.70710678118654));
#8541=DIRECTION('ref_axis',(-0.70710678118654,0.,0.707106781186555));
#8542=DIRECTION('',(0.,-1.,0.));
#8543=DIRECTION('',(-0.70710678118654,0.,0.707106781186555));
#8544=DIRECTION('center_axis',(0.,0.,-1.));
#8545=DIRECTION('ref_axis',(1.,0.,0.));
#8546=DIRECTION('center_axis',(0.,0.,-1.));
#8547=DIRECTION('ref_axis',(1.,0.,0.));
#8548=DIRECTION('',(-0.0926309883354366,0.701013195310883,0.707106781186566));
#8549=DIRECTION('center_axis',(0.,0.,1.));
#8550=DIRECTION('ref_axis',(-0.428369858059732,0.903603488653007,0.));
#8551=DIRECTION('',(-0.484056186238737,0.515450878905034,0.707106781186573));
#8552=DIRECTION('center_axis',(0.,0.,1.));
#8553=DIRECTION('ref_axis',(-0.428369858059732,0.903603488653007,0.));
#8554=DIRECTION('center_axis',(0.,0.,-1.));
#8555=DIRECTION('ref_axis',(1.,0.,0.));
#8556=DIRECTION('center_axis',(0.,0.,-1.));
#8557=DIRECTION('ref_axis',(1.,0.,0.));
#8558=DIRECTION('',(0.484056186238722,0.51545087890508,0.70710678118655));
#8559=DIRECTION('center_axis',(0.,0.,1.));
#8560=DIRECTION('ref_axis',(0.428369858059736,0.903603488653005,0.));
#8561=DIRECTION('',(0.0926309883354326,0.701013195310915,0.707106781186535));
#8562=DIRECTION('center_axis',(0.,0.,1.));
#8563=DIRECTION('ref_axis',(0.428369858059736,0.903603488653005,0.));
#8564=DIRECTION('center_axis',(0.,0.,-1.));
#8565=DIRECTION('ref_axis',(2.96059473233374E-15,-1.,0.));
#8566=DIRECTION('center_axis',(0.,0.,-1.));
#8567=DIRECTION('ref_axis',(2.96059473233374E-15,-1.,0.));
#8568=DIRECTION('',(0.707106781186567,0.,0.707106781186528));
#8569=DIRECTION('center_axis',(0.707106781186559,0.,-0.707106781186536));
#8570=DIRECTION('ref_axis',(-0.707106781186536,0.,-0.707106781186559));
#8571=DIRECTION('',(0.,1.,0.));
#8572=DIRECTION('',(0.707106781186536,0.,0.707106781186559));
#8573=DIRECTION('center_axis',(0.,0.,1.));
#8574=DIRECTION('ref_axis',(0.707106781186557,0.707106781186538,0.));
#8575=DIRECTION('',(0.,0.707106781186516,0.707106781186579));
#8576=DIRECTION('center_axis',(0.,0.,1.));
#8577=DIRECTION('ref_axis',(0.707106781186557,0.707106781186538,0.));
#8578=DIRECTION('center_axis',(0.,0.707106781186548,-0.707106781186548));
#8579=DIRECTION('ref_axis',(-1.,0.,0.));
#8580=DIRECTION('',(0.,0.707106781186548,0.707106781186548));
#8581=DIRECTION('',(-1.,0.,0.));
#8582=DIRECTION('center_axis',(0.,0.,-1.));
#8583=DIRECTION('ref_axis',(-0.707106781186543,-0.707106781186552,0.));
#8584=DIRECTION('',(0.707106781186581,0.,0.707106781186514));
#8585=DIRECTION('center_axis',(0.,0.,-1.));
#8586=DIRECTION('ref_axis',(-0.707106781186543,-0.707106781186552,0.));
#8587=DIRECTION('center_axis',(0.707106781186546,0.,-0.707106781186549));
#8588=DIRECTION('ref_axis',(-0.707106781186549,0.,-0.707106781186546));
#8589=DIRECTION('',(0.707106781186549,0.,0.707106781186546));
#8590=DIRECTION('',(0.,1.,0.));
#8591=DIRECTION('center_axis',(0.,0.,-1.));
#8592=DIRECTION('ref_axis',(-0.707106781186548,0.707106781186547,0.));
#8593=DIRECTION('',(4.90653893338684E-16,-0.707106781186556,0.707106781186539));
#8594=DIRECTION('center_axis',(0.,0.,-1.));
#8595=DIRECTION('ref_axis',(-0.707106781186548,0.707106781186547,0.));
#8596=DIRECTION('center_axis',(3.91448180366921E-18,-0.707106781186546,
-0.707106781186549));
#8597=DIRECTION('ref_axis',(-1.,0.,-5.53591325641168E-18));
#8598=DIRECTION('',(0.,-0.707106781186549,0.707106781186546));
#8599=DIRECTION('',(1.,5.53591325641169E-18,0.));
#8600=DIRECTION('center_axis',(0.,0.,1.));
#8601=DIRECTION('ref_axis',(0.707106781186546,-0.707106781186549,0.));
#8602=DIRECTION('',(0.707106781186555,0.,0.70710678118654));
#8603=DIRECTION('center_axis',(0.,0.,1.));
#8604=DIRECTION('ref_axis',(0.707106781186546,-0.707106781186549,0.));
#8605=DIRECTION('center_axis',(0.707106781186544,0.,-0.707106781186551));
#8606=DIRECTION('ref_axis',(-0.707106781186551,0.,-0.707106781186544));
#8607=DIRECTION('',(0.,1.,0.));
#8608=DIRECTION('',(0.707106781186551,-7.850462293419E-15,0.707106781186544));
#8609=DIRECTION('center_axis',(0.,0.,-1.));
#8610=DIRECTION('ref_axis',(-1.,3.70074341541719E-16,0.));
#8611=DIRECTION('center_axis',(0.,0.,-1.));
#8612=DIRECTION('ref_axis',(-1.,3.70074341541719E-16,0.));
#8613=DIRECTION('',(0.0926309883354411,-0.701013195310908,0.70710678118654));
#8614=DIRECTION('center_axis',(0.,0.,1.));
#8615=DIRECTION('ref_axis',(0.428369858059738,-0.903603488653004,0.));
#8616=DIRECTION('',(0.484056186238734,-0.515450878905077,0.707106781186545));
#8617=DIRECTION('center_axis',(0.,0.,1.));
#8618=DIRECTION('ref_axis',(0.428369858059738,-0.903603488653004,0.));
#8619=DIRECTION('center_axis',(0.,0.,-1.));
#8620=DIRECTION('ref_axis',(1.,0.,0.));
#8621=DIRECTION('center_axis',(0.,0.,-1.));
#8622=DIRECTION('ref_axis',(1.,0.,0.));
#8623=DIRECTION('',(-0.484056186238732,-0.515450878905082,0.707106781186542));
#8624=DIRECTION('center_axis',(0.,0.,1.));
#8625=DIRECTION('ref_axis',(-0.428369858059733,-0.903603488653007,0.));
#8626=DIRECTION('',(-0.0926309883354326,-0.701013195310915,0.707106781186535));
#8627=DIRECTION('center_axis',(0.,0.,1.));
#8628=DIRECTION('ref_axis',(-0.428369858059733,-0.903603488653007,0.));
#8629=DIRECTION('center_axis',(0.,0.,-1.));
#8630=DIRECTION('ref_axis',(0.,1.,0.));
#8631=DIRECTION('center_axis',(0.,0.,-1.));
#8632=DIRECTION('ref_axis',(0.,1.,0.));
#8633=DIRECTION('',(-0.707106781186563,-1.96261557335472E-15,0.707106781186532));
#8634=DIRECTION('center_axis',(-0.707106781186563,0.,-0.707106781186532));
#8635=DIRECTION('ref_axis',(-0.707106781186532,0.,0.707106781186563));
#8636=DIRECTION('',(0.,-1.,0.));
#8637=DIRECTION('',(-0.707106781186532,-5.88784672006441E-15,0.707106781186563));
#8638=DIRECTION('center_axis',(0.,0.,1.));
#8639=DIRECTION('ref_axis',(-0.707106781186549,-0.707106781186546,0.));
#8640=DIRECTION('',(0.,-0.707106781186557,0.707106781186538));
#8641=DIRECTION('center_axis',(0.,0.,1.));
#8642=DIRECTION('ref_axis',(-0.707106781186549,-0.707106781186546,0.));
#8643=DIRECTION('center_axis',(3.91448180366921E-18,-0.707106781186546,
-0.707106781186549));
#8644=DIRECTION('ref_axis',(-1.,0.,-5.53591325641168E-18));
#8645=DIRECTION('',(0.,-0.707106781186549,0.707106781186546));
#8646=DIRECTION('',(1.,5.53591325641169E-18,0.));
#8647=DIRECTION('center_axis',(0.,0.,1.));
#8648=DIRECTION('ref_axis',(0.707106781186552,-0.707106781186543,0.));
#8649=DIRECTION('',(0.707106781186548,-9.8130778667738E-16,0.707106781186548));
#8650=DIRECTION('center_axis',(0.,0.,1.));
#8651=DIRECTION('ref_axis',(0.707106781186552,-0.707106781186542,0.));
#8652=DIRECTION('center_axis',(0.707106781186516,0.,-0.707106781186579));
#8653=DIRECTION('ref_axis',(-0.707106781186579,0.,-0.707106781186516));
#8654=DIRECTION('',(0.,1.,0.));
#8655=DIRECTION('',(0.707106781186579,3.92523114670935E-15,0.707106781186516));
#8656=DIRECTION('center_axis',(0.,0.,-1.));
#8657=DIRECTION('ref_axis',(-1.,-1.85037170770861E-15,0.));
#8658=DIRECTION('center_axis',(0.,0.,-1.));
#8659=DIRECTION('ref_axis',(-1.,-1.85037170770861E-15,0.));
#8660=DIRECTION('',(0.0926309883354494,-0.701013195310904,0.707106781186544));
#8661=DIRECTION('center_axis',(0.,0.,1.));
#8662=DIRECTION('ref_axis',(0.428369858059718,-0.903603488653014,0.));
#8663=DIRECTION('',(0.484056186238759,-0.515450878905066,0.707106781186536));
#8664=DIRECTION('center_axis',(0.,0.,1.));
#8665=DIRECTION('ref_axis',(0.428369858059718,-0.903603488653014,0.));
#8666=DIRECTION('center_axis',(0.,0.,-1.));
#8667=DIRECTION('ref_axis',(1.,0.,0.));
#8668=DIRECTION('center_axis',(0.,0.,-1.));
#8669=DIRECTION('ref_axis',(1.,0.,0.));
#8670=DIRECTION('',(-0.484056186238754,-0.51545087890508,0.707106781186528));
#8671=DIRECTION('center_axis',(0.,0.,1.));
#8672=DIRECTION('ref_axis',(-0.428369858059734,-0.903603488653006,0.));
#8673=DIRECTION('',(-0.0926309883354503,-0.701013195310897,0.707106781186551));
#8674=DIRECTION('center_axis',(0.,0.,1.));
#8675=DIRECTION('ref_axis',(-0.428369858059734,-0.903603488653006,0.));
#8676=DIRECTION('center_axis',(0.,0.,-1.));
#8677=DIRECTION('ref_axis',(0.,1.,0.));
#8678=DIRECTION('center_axis',(0.,0.,-1.));
#8679=DIRECTION('ref_axis',(0.,1.,0.));
#8680=DIRECTION('',(-0.707106781186516,1.96261557335485E-15,0.707106781186579));
#8681=DIRECTION('center_axis',(-0.707106781186579,0.,-0.707106781186516));
#8682=DIRECTION('ref_axis',(-0.707106781186516,0.,0.707106781186579));
#8683=DIRECTION('',(0.,-1.,0.));
#8684=DIRECTION('',(-0.707106781186516,-4.90653893338712E-15,0.707106781186579));
#8685=DIRECTION('center_axis',(0.,0.,1.));
#8686=DIRECTION('ref_axis',(-0.707106781186553,-0.707106781186542,0.));
#8687=DIRECTION('',(0.,-0.707106781186548,0.707106781186546));
#8688=DIRECTION('center_axis',(0.,0.,1.));
#8689=DIRECTION('ref_axis',(-0.707106781186552,-0.707106781186542,0.));
#8690=DIRECTION('center_axis',(3.91448180366921E-18,-0.707106781186546,
-0.707106781186549));
#8691=DIRECTION('ref_axis',(-1.,0.,-5.53591325641168E-18));
#8692=DIRECTION('',(0.,-0.707106781186549,0.707106781186546));
#8693=DIRECTION('',(1.,5.53591325641169E-18,0.));
#8694=DIRECTION('center_axis',(0.,0.,1.));
#8695=DIRECTION('ref_axis',(0.382683432365091,-0.923879532511286,0.));
#8696=DIRECTION('',(0.50000000000004,-0.500000000000001,0.707106781186519));
#8697=DIRECTION('center_axis',(0.,0.,1.));
#8698=DIRECTION('ref_axis',(0.382683432365091,-0.923879532511286,0.));
#8699=DIRECTION('center_axis',(0.500000000000001,-0.500000000000001,-0.707106781186546));
#8700=DIRECTION('ref_axis',(-0.816496580927725,0.,-0.577350269189628));
#8701=DIRECTION('',(0.499999999999999,-0.499999999999999,0.70710678118655));
#8702=DIRECTION('',(0.707106781186547,0.707106781186548,0.));
#8703=DIRECTION('center_axis',(0.,0.,-1.));
#8704=DIRECTION('ref_axis',(-0.382683432365091,0.923879532511286,0.));
#8705=DIRECTION('center_axis',(0.,0.,-1.));
#8706=DIRECTION('ref_axis',(-0.382683432365091,0.923879532511286,0.));
#8707=DIRECTION('center_axis',(0.,-1.,0.));
#8708=DIRECTION('ref_axis',(1.,0.,0.));
#8709=DIRECTION('',(1.,0.,0.));
#8710=DIRECTION('',(3.1207955716799E-14,0.,1.));
#8711=DIRECTION('',(-1.,0.,0.));
#8712=DIRECTION('center_axis',(-1.,0.,3.1207955716799E-14));
#8713=DIRECTION('ref_axis',(-3.1207955716799E-14,0.,-1.));
#8714=DIRECTION('',(0.,1.,0.));
#8715=DIRECTION('',(-3.1207955716799E-14,0.,-1.));
#8716=DIRECTION('center_axis',(0.,-1.,0.));
#8717=DIRECTION('ref_axis',(0.,0.,-1.));
#8718=DIRECTION('',(-1.,0.,0.));
#8719=DIRECTION('',(0.,0.,-1.));
#8720=DIRECTION('',(-1.,0.,0.));
#8721=DIRECTION('center_axis',(-1.,0.,0.));
#8722=DIRECTION('ref_axis',(0.,0.,-1.));
#8723=DIRECTION('',(0.,-1.,0.));
#8724=DIRECTION('center_axis',(0.,0.707106781186546,-0.707106781186549));
#8725=DIRECTION('ref_axis',(-1.,0.,0.));
#8726=DIRECTION('',(-1.,0.,0.));
#8727=DIRECTION('',(2.51214793389404E-14,0.707106781186549,0.707106781186546));
#8728=DIRECTION('center_axis',(0.,0.,1.));
#8729=DIRECTION('ref_axis',(-0.707106781186547,0.707106781186548,0.));
#8730=DIRECTION('',(-0.707106781186544,0.,0.707106781186551));
#8731=DIRECTION('center_axis',(0.,0.,1.));
#8732=DIRECTION('ref_axis',(-0.707106781186547,0.707106781186548,0.));
#8733=DIRECTION('center_axis',(-0.707106781186547,0.,-0.707106781186548));
#8734=DIRECTION('ref_axis',(-0.707106781186548,0.,0.707106781186547));
#8735=DIRECTION('',(0.,-1.,0.));
#8736=DIRECTION('center_axis',(-1.,0.,0.));
#8737=DIRECTION('ref_axis',(0.,-0.347404234666466,-0.937715467365131));
#8738=DIRECTION('',(1.,0.,0.));
#8739=DIRECTION('center_axis',(1.,0.,0.));
#8740=DIRECTION('ref_axis',(0.,-0.347404234666466,-0.937715467365131));
#8741=DIRECTION('center_axis',(1.,0.,0.));
#8742=DIRECTION('ref_axis',(0.,0.,-1.));
#8743=DIRECTION('',(0.,-1.,0.));
#8744=DIRECTION('center_axis',(1.,0.,0.));
#8745=DIRECTION('ref_axis',(0.,0.347404234666466,-0.937715467365132));
#8746=DIRECTION('center_axis',(1.,0.,0.));
#8747=DIRECTION('ref_axis',(0.,0.347404234666466,-0.937715467365132));
#8748=DIRECTION('',(-1.,0.,0.));
#8749=DIRECTION('center_axis',(-0.707106781186547,0.,-0.707106781186548));
#8750=DIRECTION('ref_axis',(-0.707106781186548,0.,0.707106781186547));
#8751=DIRECTION('',(0.,-1.,0.));
#8752=DIRECTION('',(-0.707106781186548,0.,0.707106781186548));
#8753=DIRECTION('center_axis',(0.,0.,1.));
#8754=DIRECTION('ref_axis',(-0.707106781186547,-0.707106781186548,0.));
#8755=DIRECTION('',(7.85046229341883E-16,-0.707106781186554,0.707106781186541));
#8756=DIRECTION('center_axis',(0.,0.,1.));
#8757=DIRECTION('ref_axis',(-0.707106781186547,-0.707106781186548,0.));
#8758=DIRECTION('center_axis',(0.,-0.707106781186541,-0.707106781186554));
#8759=DIRECTION('ref_axis',(-1.,0.,0.));
#8760=DIRECTION('',(0.,-0.707106781186554,0.707106781186541));
#8761=DIRECTION('',(1.,0.,0.));
#8762=DIRECTION('center_axis',(1.,0.,0.));
#8763=DIRECTION('ref_axis',(0.,0.651532648549785,0.758620595471612));
#8764=DIRECTION('',(0.707106781186556,0.460703153953976,0.53642576740575));
#8765=DIRECTION('center_axis',(1.,0.,0.));
#8766=DIRECTION('ref_axis',(0.,0.651532648549785,0.758620595471612));
#8767=DIRECTION('',(0.707106781186529,0.,0.707106781186566));
#8768=DIRECTION('center_axis',(0.,0.,1.));
#8769=DIRECTION('ref_axis',(0.707106781186547,-0.707106781186547,0.));
#8770=DIRECTION('center_axis',(0.,0.,-1.));
#8771=DIRECTION('ref_axis',(0.707106781186547,-0.707106781186547,0.));
#8772=DIRECTION('',(0.,0.,-1.));
#8773=DIRECTION('center_axis',(0.707106781186554,0.,0.707106781186541));
#8774=DIRECTION('ref_axis',(0.707106781186541,0.,-0.707106781186554));
#8775=DIRECTION('',(0.,1.,0.));
#8776=DIRECTION('center_axis',(0.,0.,1.));
#8777=DIRECTION('ref_axis',(0.707106781186547,0.707106781186548,0.));
#8778=DIRECTION('',(0.,0.,-1.));
#8779=DIRECTION('center_axis',(0.707106781186516,0.,-0.707106781186579));
#8780=DIRECTION('ref_axis',(-0.707106781186579,0.,-0.707106781186516));
#8781=DIRECTION('',(0.707106781186578,0.,0.707106781186517));
#8782=DIRECTION('',(0.,1.,0.));
#8783=DIRECTION('',(0.,-1.,0.));
#8784=DIRECTION('center_axis',(-1.,0.,0.));
#8785=DIRECTION('ref_axis',(0.,-0.651532648549782,-0.758620595471614));
#8786=DIRECTION('center_axis',(-1.,0.,0.));
#8787=DIRECTION('ref_axis',(0.,-0.651532648549782,-0.758620595471614));
#8788=DIRECTION('center_axis',(0.707106781186566,0.,-0.707106781186529));
#8789=DIRECTION('ref_axis',(-0.707106781186529,0.,-0.707106781186566));
#8790=DIRECTION('',(0.,-1.,0.));
#8791=DIRECTION('',(0.707106781186554,0.,0.707106781186541));
#8792=DIRECTION('center_axis',(-1.,0.,0.));
#8793=DIRECTION('ref_axis',(0.,-9.34924652315918E-16,1.));
#8794=DIRECTION('center_axis',(-1.,0.,0.));
#8795=DIRECTION('ref_axis',(0.,-9.34924652315918E-16,1.));
#8796=DIRECTION('',(-1.,0.,0.));
#8797=DIRECTION('center_axis',(1.,0.,0.));
#8798=DIRECTION('ref_axis',(0.,-9.34924652315918E-16,1.));
#8799=DIRECTION('center_axis',(1.,0.,0.));
#8800=DIRECTION('ref_axis',(0.,1.,0.));
#8801=DIRECTION('center_axis',(-1.,0.,0.));
#8802=DIRECTION('ref_axis',(0.,1.42108547152015E-14,-1.));
#8803=DIRECTION('',(0.,-1.,0.));
#8804=DIRECTION('center_axis',(0.,0.,-1.));
#8805=DIRECTION('ref_axis',(1.,0.,0.));
#8806=DIRECTION('',(1.,0.,0.));
#8807=DIRECTION('',(0.,1.,0.));
#8808=DIRECTION('center_axis',(0.,0.,1.));
#8809=DIRECTION('ref_axis',(0.707106781186547,-0.707106781186547,0.));
#8810=DIRECTION('center_axis',(0.,0.,1.));
#8811=DIRECTION('ref_axis',(0.707106781186548,-0.707106781186548,0.));
#8812=DIRECTION('',(0.707106781186579,0.,0.707106781186516));
#8813=DIRECTION('center_axis',(1.,0.,0.));
#8814=DIRECTION('ref_axis',(0.,1.,0.));
#8815=DIRECTION('',(0.,-1.,0.));
#8816=DIRECTION('center_axis',(1.,0.,0.));
#8817=DIRECTION('ref_axis',(0.,-9.34924652315918E-16,1.));
#8818=DIRECTION('center_axis',(1.,0.,0.));
#8819=DIRECTION('ref_axis',(0.,-9.34924652315919E-16,1.));
#8820=DIRECTION('center_axis',(-1.,0.,0.));
#8821=DIRECTION('ref_axis',(0.,1.42108547152015E-14,-1.));
#8822=DIRECTION('center_axis',(0.707106781186516,0.,-0.707106781186579));
#8823=DIRECTION('ref_axis',(-0.707106781186579,0.,-0.707106781186516));
#8824=CARTESIAN_POINT('',(0.,0.,0.));
#8825=CARTESIAN_POINT('Origin',(36.3775,3.00000008940696,47.4305));
#8826=CARTESIAN_POINT('',(36.3775,3.00000008940696,47.4305));
#8827=CARTESIAN_POINT('',(63.3775,3.00000008940697,47.4305));
#8828=CARTESIAN_POINT('',(82.4825,3.00000008940697,47.4304986343384));
#8829=CARTESIAN_POINT('',(36.3775,3.00000008940697,49.0305));
#8830=CARTESIAN_POINT('',(36.3775,3.00000008940696,47.4305));
#8831=CARTESIAN_POINT('',(63.3775,3.00000008940697,49.0305));
#8832=CARTESIAN_POINT('',(82.4825,3.00000008940697,49.0305));
#8833=CARTESIAN_POINT('',(63.3775,3.00000008940697,47.4305));
#8834=CARTESIAN_POINT('Origin',(36.3775,4.50000008940697,47.4305));
#8835=CARTESIAN_POINT('',(36.3775,6.00000008940697,47.4305));
#8836=CARTESIAN_POINT('Origin',(36.3775,4.50000008940697,47.4304986343384));
#8837=CARTESIAN_POINT('',(36.3775,6.00000008940697,49.0305));
#8838=CARTESIAN_POINT('',(36.3775,6.00000008940697,47.4305));
#8839=CARTESIAN_POINT('Origin',(36.3775,4.50000008940697,49.0305));
#8840=CARTESIAN_POINT('Origin',(63.3775,6.00000008940697,47.4305));
#8841=CARTESIAN_POINT('',(63.3775,6.00000008940697,47.4305));
#8842=CARTESIAN_POINT('',(95.9825,6.00000008940697,47.4304986343384));
#8843=CARTESIAN_POINT('',(63.3775,6.00000008940697,49.0305));
#8844=CARTESIAN_POINT('',(63.3775,6.00000008940697,47.4305));
#8845=CARTESIAN_POINT('',(95.9825,6.00000008940697,49.0305));
#8846=CARTESIAN_POINT('Origin',(63.3775,4.50000008940697,47.4305));
#8847=CARTESIAN_POINT('Origin',(63.3775,4.50000008940697,47.4304986343384));
#8848=CARTESIAN_POINT('Origin',(63.3775,4.50000008940697,49.0305));
#8849=CARTESIAN_POINT('Origin',(128.5875,-47.625,49.0305));
#8850=CARTESIAN_POINT('Origin',(265.42,-76.5722223797259,52.4304986343386));
#8851=CARTESIAN_POINT('',(265.17,-76.5722223797259,47.4305));
#8852=CARTESIAN_POINT('',(265.67,-76.5722223797259,47.9305));
#8853=CARTESIAN_POINT('',(265.419999317169,-76.5722223797259,47.6804993171694));
#8854=CARTESIAN_POINT('',(265.17,-73.3145591369769,48.6373956569803));
#8855=CARTESIAN_POINT('Origin',(265.17,-76.5722223797259,52.4304986343386));
#8856=CARTESIAN_POINT('',(265.67,-73.6403254612518,49.0167059547161));
#8857=CARTESIAN_POINT('',(265.17,-73.3145591369769,48.6373956569803));
#8858=CARTESIAN_POINT('Origin',(265.67,-76.5722223797259,52.4304986343386));
#8859=CARTESIAN_POINT('Origin',(126.794621347541,-7.03,56.57));
#8860=CARTESIAN_POINT('',(124.244621347541,-7.03,56.57));
#8861=CARTESIAN_POINT('Origin',(126.794621347541,-7.03,56.57));
#8862=CARTESIAN_POINT('Origin',(249.67,-7.03,56.57));
#8863=CARTESIAN_POINT('',(247.12,-7.03,56.57));
#8864=CARTESIAN_POINT('Origin',(249.67,-7.03,56.57));
#8865=CARTESIAN_POINT('Origin',(128.5875,-47.625,56.3));
#8866=CARTESIAN_POINT('',(160.375,-15.555,56.3));
#8867=CARTESIAN_POINT('Origin',(161.925,-15.555,56.3));
#8868=CARTESIAN_POINT('Origin',(128.5875,-47.625,56.3));
#8869=CARTESIAN_POINT('',(236.575,-15.555,56.3));
#8870=CARTESIAN_POINT('Origin',(238.125,-15.555,56.3));
#8871=CARTESIAN_POINT('Origin',(128.5875,-47.625,56.3));
#8872=CARTESIAN_POINT('',(69.25625,-98.745,56.3));
#8873=CARTESIAN_POINT('Origin',(70.80625,-98.745,56.3));
#8874=CARTESIAN_POINT('Origin',(128.5875,-47.625,56.3));
#8875=CARTESIAN_POINT('',(184.81875,-98.745,56.3));
#8876=CARTESIAN_POINT('Origin',(186.36875,-98.745,56.3));
#8877=CARTESIAN_POINT('Origin',(128.5875,-47.625,56.3));
#8878=CARTESIAN_POINT('',(233.003125,-98.745,56.3));
#8879=CARTESIAN_POINT('Origin',(234.553125,-98.745,56.3));
#8880=CARTESIAN_POINT('Origin',(128.5875,-47.625,56.3));
#8881=CARTESIAN_POINT('',(21.071875,-98.745,56.3));
#8882=CARTESIAN_POINT('Origin',(22.621875,-98.745,56.3));
#8883=CARTESIAN_POINT('Origin',(128.5875,-47.625,56.3));
#8884=CARTESIAN_POINT('',(17.5,3.495,56.3));
#8885=CARTESIAN_POINT('Origin',(19.05,3.495,56.3));
#8886=CARTESIAN_POINT('Origin',(128.5875,-47.625,56.3));
#8887=CARTESIAN_POINT('',(93.7,3.49500000000001,56.3));
#8888=CARTESIAN_POINT('Origin',(95.25,3.49500000000001,56.3));
#8889=CARTESIAN_POINT('Origin',(126.794621347541,-7.03,57.62));
#8890=CARTESIAN_POINT('',(124.244621347541,-7.03,57.62));
#8891=CARTESIAN_POINT('Origin',(126.794621347541,-7.03,57.62));
#8892=CARTESIAN_POINT('',(124.244621347541,-7.03,57.62));
#8893=CARTESIAN_POINT('Origin',(249.67,-7.03,57.62));
#8894=CARTESIAN_POINT('',(247.12,-7.03,57.62));
#8895=CARTESIAN_POINT('Origin',(249.67,-7.03,57.62));
#8896=CARTESIAN_POINT('',(247.12,-7.03,57.62));
#8897=CARTESIAN_POINT('Origin',(161.925,-15.555,47.4305));
#8898=CARTESIAN_POINT('',(160.375,-15.555,53.15));
#8899=CARTESIAN_POINT('Origin',(161.925,-15.555,53.15));
#8900=CARTESIAN_POINT('',(160.375,-15.555,47.4305));
#8901=CARTESIAN_POINT('Origin',(238.125,-15.555,47.4305));
#8902=CARTESIAN_POINT('',(236.575,-15.555,53.15));
#8903=CARTESIAN_POINT('Origin',(238.125,-15.555,53.15));
#8904=CARTESIAN_POINT('',(236.575,-15.555,47.4305));
#8905=CARTESIAN_POINT('Origin',(70.80625,-98.745,47.4305));
#8906=CARTESIAN_POINT('',(69.25625,-98.745,53.15));
#8907=CARTESIAN_POINT('Origin',(70.80625,-98.745,53.15));
#8908=CARTESIAN_POINT('',(69.25625,-98.745,47.4305));
#8909=CARTESIAN_POINT('Origin',(186.36875,-98.745,47.4305));
#8910=CARTESIAN_POINT('',(184.81875,-98.745,53.15));
#8911=CARTESIAN_POINT('Origin',(186.36875,-98.745,53.15));
#8912=CARTESIAN_POINT('',(184.81875,-98.745,47.4305));
#8913=CARTESIAN_POINT('Origin',(234.553125,-98.745,47.4305));
#8914=CARTESIAN_POINT('',(233.003125,-98.745,53.15));
#8915=CARTESIAN_POINT('Origin',(234.553125,-98.745,53.15));
#8916=CARTESIAN_POINT('',(233.003125,-98.745,47.4305));
#8917=CARTESIAN_POINT('Origin',(22.621875,-98.745,47.4305));
#8918=CARTESIAN_POINT('',(21.071875,-98.745,53.15));
#8919=CARTESIAN_POINT('Origin',(22.621875,-98.745,53.15));
#8920=CARTESIAN_POINT('',(21.071875,-98.745,47.4305));
#8921=CARTESIAN_POINT('Origin',(19.05,3.495,47.4305));
#8922=CARTESIAN_POINT('',(17.5,3.495,53.15));
#8923=CARTESIAN_POINT('Origin',(19.05,3.495,53.15));
#8924=CARTESIAN_POINT('',(17.5,3.495,47.4305));
#8925=CARTESIAN_POINT('Origin',(95.25,3.49500000000001,47.4305));
#8926=CARTESIAN_POINT('',(93.7,3.49500000000001,53.15));
#8927=CARTESIAN_POINT('Origin',(95.25,3.49500000000001,53.15));
#8928=CARTESIAN_POINT('',(93.7,3.49500000000001,47.4305));
#8929=CARTESIAN_POINT('Origin',(114.795,-9.03,55.61));
#8930=CARTESIAN_POINT('',(114.795,-18.055,51.));
#8931=CARTESIAN_POINT('',(114.795,-1.105,51.));
#8932=CARTESIAN_POINT('',(114.795,-7.78,51.));
#8933=CARTESIAN_POINT('',(114.795,-18.055,60.32));
#8934=CARTESIAN_POINT('',(114.795,-18.055,48.605));
#8935=CARTESIAN_POINT('',(114.795,-1.105,60.32));
#8936=CARTESIAN_POINT('',(114.795,-28.3275,60.32));
#8937=CARTESIAN_POINT('',(114.795,-1.105,48.605));
#8938=CARTESIAN_POINT('Origin',(190.810310673771,-5.03000000000001,57.62));
#8939=CARTESIAN_POINT('',(256.17,-14.655,57.62));
#8940=CARTESIAN_POINT('',(257.77,-13.055,57.62));
#8941=CARTESIAN_POINT('Origin',(256.17,-13.055,57.62));
#8942=CARTESIAN_POINT('',(257.77,-1.005,57.62));
#8943=CARTESIAN_POINT('',(257.77,-3.2675,57.62));
#8944=CARTESIAN_POINT('',(256.17,0.595,57.62));
#8945=CARTESIAN_POINT('Origin',(256.17,-1.005,57.62));
#8946=CARTESIAN_POINT('',(120.294621347541,0.595,57.62));
#8947=CARTESIAN_POINT('',(158.380466010656,0.595,57.62));
#8948=CARTESIAN_POINT('',(118.694621347541,-1.005,57.62));
#8949=CARTESIAN_POINT('Origin',(120.294621347541,-1.005,57.62));
#8950=CARTESIAN_POINT('',(118.694621347541,-13.055,57.62));
#8951=CARTESIAN_POINT('',(118.694621347541,-6.79249999999992,57.62));
#8952=CARTESIAN_POINT('',(120.294621347541,-14.655,57.62));
#8953=CARTESIAN_POINT('Origin',(120.294621347541,-13.055,57.62));
#8954=CARTESIAN_POINT('',(223.240155336885,-14.655,57.62));
#8955=CARTESIAN_POINT('',(217.55,-5.505,57.62));
#8956=CARTESIAN_POINT('',(217.55,-8.555,57.62));
#8957=CARTESIAN_POINT('',(217.55,-8.79250000000001,57.62));
#8958=CARTESIAN_POINT('',(213.55,-12.555,57.62));
#8959=CARTESIAN_POINT('Origin',(213.55,-8.555,57.62));
#8960=CARTESIAN_POINT('',(186.5,-12.555,57.62));
#8961=CARTESIAN_POINT('',(186.655155336886,-12.555,57.62));
#8962=CARTESIAN_POINT('',(182.5,-8.55499999999998,57.62));
#8963=CARTESIAN_POINT('Origin',(186.5,-8.555,57.62));
#8964=CARTESIAN_POINT('',(182.5,-5.50499999999997,57.62));
#8965=CARTESIAN_POINT('',(182.5,-3.26749999999998,57.62));
#8966=CARTESIAN_POINT('',(186.5,-1.505,57.62));
#8967=CARTESIAN_POINT('Origin',(186.5,-5.505,57.62));
#8968=CARTESIAN_POINT('',(213.55,-1.505,57.62));
#8969=CARTESIAN_POINT('',(204.180155336885,-1.505,57.62));
#8970=CARTESIAN_POINT('Origin',(213.55,-5.505,57.62));
#8971=CARTESIAN_POINT('Origin',(128.5875,-47.625,53.15));
#8972=CARTESIAN_POINT('',(163.567941176471,-13.8055017031567,53.15));
#8973=CARTESIAN_POINT('',(160.282058823529,-13.8055017031568,53.15));
#8974=CARTESIAN_POINT('Origin',(161.925,-15.555,53.15));
#8975=CARTESIAN_POINT('',(164.1215,-14.0679264476832,53.15));
#8976=CARTESIAN_POINT('Origin',(164.2525,-13.0765440794721,53.15));
#8977=CARTESIAN_POINT('',(165.425,-15.555,53.15));
#8978=CARTESIAN_POINT('Origin',(163.925,-15.555,53.15));
#8979=CARTESIAN_POINT('',(165.425,-17.555,53.15));
#8980=CARTESIAN_POINT('',(165.425,-31.59,53.15));
#8981=CARTESIAN_POINT('',(166.425,-18.555,53.15));
#8982=CARTESIAN_POINT('Origin',(166.425,-17.555,53.15));
#8983=CARTESIAN_POINT('',(157.425,-18.555,53.15));
#8984=CARTESIAN_POINT('',(136.297224032238,-18.555,53.15));
#8985=CARTESIAN_POINT('',(158.425,-17.555,53.15));
#8986=CARTESIAN_POINT('Origin',(157.425,-17.555,53.15));
#8987=CARTESIAN_POINT('',(158.425,-15.555,53.15));
#8988=CARTESIAN_POINT('',(158.425,-32.5875,53.15));
#8989=CARTESIAN_POINT('',(159.7285,-14.0679264476832,53.15));
#8990=CARTESIAN_POINT('Origin',(159.925,-15.555,53.15));
#8991=CARTESIAN_POINT('Origin',(159.5975,-13.0765440794721,53.15));
#8992=CARTESIAN_POINT('Origin',(115.295,-18.055,48.605));
#8993=CARTESIAN_POINT('',(115.295,-18.555,51.));
#8994=CARTESIAN_POINT('Origin',(115.295,-18.055,51.));
#8995=CARTESIAN_POINT('',(115.295,-18.555,60.32));
#8996=CARTESIAN_POINT('',(115.295,-18.555,48.605));
#8997=CARTESIAN_POINT('Origin',(115.295,-18.055,60.32));
#8998=CARTESIAN_POINT('Origin',(238.125,-15.855,53.15));
#8999=CARTESIAN_POINT('',(241.625,-15.555,53.15));
#9000=CARTESIAN_POINT('',(240.3215,-14.0679264476833,53.15));
#9001=CARTESIAN_POINT('Origin',(240.125,-15.555,53.15));
#9002=CARTESIAN_POINT('',(241.625,-17.555,53.15));
#9003=CARTESIAN_POINT('',(241.625,-15.555,53.15));
#9004=CARTESIAN_POINT('',(242.625,-18.555,53.15));
#9005=CARTESIAN_POINT('Origin',(242.625,-17.555,53.15));
#9006=CARTESIAN_POINT('',(233.625,-18.555,53.15));
#9007=CARTESIAN_POINT('',(191.065974032238,-18.555,53.15));
#9008=CARTESIAN_POINT('',(234.625,-17.555,53.15));
#9009=CARTESIAN_POINT('Origin',(233.625,-17.555,53.15));
#9010=CARTESIAN_POINT('',(234.625,-15.555,53.15));
#9011=CARTESIAN_POINT('',(234.625,-17.555,53.15));
#9012=CARTESIAN_POINT('',(235.9285,-14.0679264476832,53.15));
#9013=CARTESIAN_POINT('Origin',(236.125,-15.555,53.15));
#9014=CARTESIAN_POINT('',(236.482058823529,-13.8055017031568,53.15));
#9015=CARTESIAN_POINT('Origin',(235.7975,-13.0765440794721,53.15));
#9016=CARTESIAN_POINT('',(239.767941176471,-13.8055017031567,53.15));
#9017=CARTESIAN_POINT('Origin',(238.125,-15.555,53.15));
#9018=CARTESIAN_POINT('Origin',(240.4525,-13.0765440794721,53.15));
#9019=CARTESIAN_POINT('Origin',(128.5875,-47.625,53.15));
#9020=CARTESIAN_POINT('',(73.00275,-100.232073552317,53.15));
#9021=CARTESIAN_POINT('',(74.30625,-98.745,53.15));
#9022=CARTESIAN_POINT('Origin',(72.80625,-98.745,53.15));
#9023=CARTESIAN_POINT('',(72.4491911764706,-100.494498296843,53.15));
#9024=CARTESIAN_POINT('Origin',(73.13375,-101.223455920528,53.15));
#9025=CARTESIAN_POINT('',(69.1633088235294,-100.494498296843,53.15));
#9026=CARTESIAN_POINT('Origin',(70.80625,-98.745,53.15));
#9027=CARTESIAN_POINT('',(68.60975,-100.232073552317,53.15));
#9028=CARTESIAN_POINT('Origin',(68.47875,-101.223455920528,53.15));
#9029=CARTESIAN_POINT('',(67.30625,-98.745,53.15));
#9030=CARTESIAN_POINT('Origin',(68.80625,-98.745,53.15));
#9031=CARTESIAN_POINT('',(67.30625,-96.745,53.15));
#9032=CARTESIAN_POINT('',(67.30625,-73.185,53.15));
#9033=CARTESIAN_POINT('',(66.30625,-95.745,53.15));
#9034=CARTESIAN_POINT('Origin',(66.30625,-96.745,53.15));
#9035=CARTESIAN_POINT('',(75.30625,-95.745,53.15));
#9036=CARTESIAN_POINT('',(176.048366451391,-95.745,53.15));
#9037=CARTESIAN_POINT('',(74.30625,-96.745,53.15));
#9038=CARTESIAN_POINT('Origin',(75.30625,-96.745,53.15));
#9039=CARTESIAN_POINT('',(74.30625,-72.1875,53.15));
#9040=CARTESIAN_POINT('Origin',(128.5875,-47.625,53.15));
#9041=CARTESIAN_POINT('',(188.56525,-100.232073552317,53.15));
#9042=CARTESIAN_POINT('',(189.86875,-98.745,53.15));
#9043=CARTESIAN_POINT('Origin',(188.36875,-98.745,53.15));
#9044=CARTESIAN_POINT('',(188.011691176471,-100.494498296843,53.15));
#9045=CARTESIAN_POINT('Origin',(188.69625,-101.223455920528,53.15));
#9046=CARTESIAN_POINT('',(184.725808823529,-100.494498296843,53.15));
#9047=CARTESIAN_POINT('Origin',(186.36875,-98.745,53.15));
#9048=CARTESIAN_POINT('',(184.17225,-100.232073552317,53.15));
#9049=CARTESIAN_POINT('Origin',(184.04125,-101.223455920528,53.15));
#9050=CARTESIAN_POINT('',(182.86875,-98.745,53.15));
#9051=CARTESIAN_POINT('Origin',(184.36875,-98.745,53.15));
#9052=CARTESIAN_POINT('',(182.86875,-96.745,53.15));
#9053=CARTESIAN_POINT('',(182.86875,-73.185,53.15));
#9054=CARTESIAN_POINT('',(181.86875,-95.745,53.15));
#9055=CARTESIAN_POINT('Origin',(181.86875,-96.745,53.15));
#9056=CARTESIAN_POINT('',(190.86875,-95.745,53.15));
#9057=CARTESIAN_POINT('',(176.048366451391,-95.745,53.15));
#9058=CARTESIAN_POINT('',(189.86875,-96.745,53.15));
#9059=CARTESIAN_POINT('Origin',(190.86875,-96.745,53.15));
#9060=CARTESIAN_POINT('',(189.86875,-72.1875,53.15));
#9061=CARTESIAN_POINT('Origin',(128.5875,-47.625,53.15));
#9062=CARTESIAN_POINT('',(236.749625,-100.232073552317,53.15));
#9063=CARTESIAN_POINT('',(238.053125,-98.745,53.15));
#9064=CARTESIAN_POINT('Origin',(236.553125,-98.745,53.15));
#9065=CARTESIAN_POINT('',(236.196066176471,-100.494498296843,53.15));
#9066=CARTESIAN_POINT('Origin',(236.880625,-101.223455920528,53.15));
#9067=CARTESIAN_POINT('',(232.910183823529,-100.494498296843,53.15));
#9068=CARTESIAN_POINT('Origin',(234.553125,-98.745,53.15));
#9069=CARTESIAN_POINT('',(232.356625,-100.232073552317,53.15));
#9070=CARTESIAN_POINT('Origin',(232.225625,-101.223455920528,53.15));
#9071=CARTESIAN_POINT('',(231.053125,-98.745,53.15));
#9072=CARTESIAN_POINT('Origin',(232.553125,-98.745,53.15));
#9073=CARTESIAN_POINT('',(231.053125,-96.745,53.15));
#9074=CARTESIAN_POINT('',(231.053125,-73.185,53.15));
#9075=CARTESIAN_POINT('',(230.053125,-95.745,53.15));
#9076=CARTESIAN_POINT('Origin',(230.053125,-96.745,53.15));
#9077=CARTESIAN_POINT('',(239.053125,-95.745,53.15));
#9078=CARTESIAN_POINT('',(176.048366451391,-95.745,53.15));
#9079=CARTESIAN_POINT('',(238.053125,-96.745,53.15));
#9080=CARTESIAN_POINT('Origin',(239.053125,-96.745,53.15));
#9081=CARTESIAN_POINT('',(238.053125,-72.1875,53.15));
#9082=CARTESIAN_POINT('Origin',(128.5875,-47.625,53.15));
#9083=CARTESIAN_POINT('',(24.818375,-100.232073552317,53.15));
#9084=CARTESIAN_POINT('',(26.121875,-98.745,53.15));
#9085=CARTESIAN_POINT('Origin',(24.621875,-98.745,53.15));
#9086=CARTESIAN_POINT('',(24.2648161764706,-100.494498296843,53.15));
#9087=CARTESIAN_POINT('Origin',(24.949375,-101.223455920528,53.15));
#9088=CARTESIAN_POINT('',(20.9789338235294,-100.494498296843,53.15));
#9089=CARTESIAN_POINT('Origin',(22.621875,-98.745,53.15));
#9090=CARTESIAN_POINT('',(20.425375,-100.232073552317,53.15));
#9091=CARTESIAN_POINT('Origin',(20.294375,-101.223455920528,53.15));
#9092=CARTESIAN_POINT('',(19.121875,-98.745,53.15));
#9093=CARTESIAN_POINT('Origin',(20.621875,-98.745,53.15));
#9094=CARTESIAN_POINT('',(19.121875,-96.745,53.15));
#9095=CARTESIAN_POINT('',(19.121875,-73.185,53.15));
#9096=CARTESIAN_POINT('',(18.121875,-95.745,53.15));
#9097=CARTESIAN_POINT('Origin',(18.121875,-96.745,53.15));
#9098=CARTESIAN_POINT('',(27.121875,-95.745,53.15));
#9099=CARTESIAN_POINT('',(176.048366451391,-95.745,53.15));
#9100=CARTESIAN_POINT('',(26.121875,-96.745,53.15));
#9101=CARTESIAN_POINT('Origin',(27.121875,-96.745,53.15));
#9102=CARTESIAN_POINT('',(26.121875,-72.1875,53.15));
#9103=CARTESIAN_POINT('Origin',(128.5875,-47.625,53.15));
#9104=CARTESIAN_POINT('',(20.6929411764706,5.24449829684326,53.15));
#9105=CARTESIAN_POINT('',(17.4070588235294,5.24449829684325,53.15));
#9106=CARTESIAN_POINT('Origin',(19.05,3.495,53.15));
#9107=CARTESIAN_POINT('',(21.2465,4.98207355231677,53.15));
#9108=CARTESIAN_POINT('Origin',(21.3775,5.97345592052795,53.15));
#9109=CARTESIAN_POINT('',(22.55,3.495,53.15));
#9110=CARTESIAN_POINT('Origin',(21.05,3.495,53.15));
#9111=CARTESIAN_POINT('',(22.55,1.495,53.15));
#9112=CARTESIAN_POINT('',(22.55,-22.065,53.15));
#9113=CARTESIAN_POINT('',(23.55,0.495,53.15));
#9114=CARTESIAN_POINT('Origin',(23.55,1.495,53.15));
#9115=CARTESIAN_POINT('',(14.55,0.495,53.15));
#9116=CARTESIAN_POINT('',(81.1141329410504,0.495000000000001,53.15));
#9117=CARTESIAN_POINT('',(15.55,1.495,53.15));
#9118=CARTESIAN_POINT('Origin',(14.55,1.495,53.15));
#9119=CARTESIAN_POINT('',(15.55,3.495,53.15));
#9120=CARTESIAN_POINT('',(15.55,-23.0625,53.15));
#9121=CARTESIAN_POINT('',(16.8535,4.98207355231676,53.15));
#9122=CARTESIAN_POINT('Origin',(17.05,3.495,53.15));
#9123=CARTESIAN_POINT('Origin',(16.7225,5.97345592052794,53.15));
#9124=CARTESIAN_POINT('Origin',(113.195,-1.105,48.605));
#9125=CARTESIAN_POINT('',(113.195,0.495,51.));
#9126=CARTESIAN_POINT('Origin',(113.195,-1.105,51.));
#9127=CARTESIAN_POINT('',(113.195,0.495,60.32));
#9128=CARTESIAN_POINT('Origin',(113.195,-1.105,60.32));
#9129=CARTESIAN_POINT('',(113.195,0.495,48.605));
#9130=CARTESIAN_POINT('Origin',(128.5875,-47.625,53.15));
#9131=CARTESIAN_POINT('',(96.8929411764706,5.24449829684326,53.15));
#9132=CARTESIAN_POINT('',(93.6070588235294,5.24449829684326,53.15));
#9133=CARTESIAN_POINT('Origin',(95.25,3.495,53.15));
#9134=CARTESIAN_POINT('',(97.4465,4.98207355231677,53.15));
#9135=CARTESIAN_POINT('Origin',(97.5775,5.97345592052795,53.15));
#9136=CARTESIAN_POINT('',(98.75,3.49500000000001,53.15));
#9137=CARTESIAN_POINT('Origin',(97.25,3.49500000000002,53.15));
#9138=CARTESIAN_POINT('',(98.75,1.495,53.15));
#9139=CARTESIAN_POINT('',(98.75,-22.065,53.15));
#9140=CARTESIAN_POINT('',(99.75,0.495,53.15));
#9141=CARTESIAN_POINT('Origin',(99.75,1.495,53.15));
#9142=CARTESIAN_POINT('',(90.75,0.495,53.15));
#9143=CARTESIAN_POINT('',(81.1141329410504,0.495000000000001,53.15));
#9144=CARTESIAN_POINT('',(91.75,1.495,53.15));
#9145=CARTESIAN_POINT('Origin',(90.75,1.495,53.15));
#9146=CARTESIAN_POINT('',(91.75,3.49500000000001,53.15));
#9147=CARTESIAN_POINT('',(91.75,-23.0625,53.15));
#9148=CARTESIAN_POINT('',(93.0535,4.98207355231677,53.15));
#9149=CARTESIAN_POINT('Origin',(93.25,3.49500000000002,53.15));
#9150=CARTESIAN_POINT('Origin',(92.9225,5.97345592052795,53.15));
#9151=CARTESIAN_POINT('Origin',(80.1502279096388,0.595,50.9));
#9152=CARTESIAN_POINT('',(108.619722586828,0.495,51.));
#9153=CARTESIAN_POINT('',(109.39431925607,0.695,50.8));
#9154=CARTESIAN_POINT('Origin',(108.619722586828,2.095,49.4));
#9155=CARTESIAN_POINT('',(113.195,0.695,50.8));
#9156=CARTESIAN_POINT('',(80.1502279096388,0.695,50.8));
#9157=CARTESIAN_POINT('',(113.195,0.695,50.8));
#9158=CARTESIAN_POINT('',(80.1502279096388,0.495,51.));
#9159=CARTESIAN_POINT('Origin',(113.195,-1.105,50.9));
#9160=CARTESIAN_POINT('',(114.995,-1.105,50.8));
#9161=CARTESIAN_POINT('',(114.995,-1.105,50.8));
#9162=CARTESIAN_POINT('Origin',(113.195,-1.105,50.8));
#9163=CARTESIAN_POINT('Origin',(114.895,-7.78,50.9));
#9164=CARTESIAN_POINT('',(114.995,-18.055,50.8));
#9165=CARTESIAN_POINT('',(114.995,-18.055,50.8));
#9166=CARTESIAN_POINT('',(114.995,-7.78,50.8));
#9167=CARTESIAN_POINT('Origin',(115.295,-18.055,50.9));
#9168=CARTESIAN_POINT('',(115.295,-18.355,50.8));
#9169=CARTESIAN_POINT('',(115.295,-18.355,50.8));
#9170=CARTESIAN_POINT('Origin',(115.295,-18.055,50.8));
#9171=CARTESIAN_POINT('Origin',(135.333319000826,-18.455,50.9));
#9172=CARTESIAN_POINT('',(143.807903330759,-18.355,50.8));
#9173=CARTESIAN_POINT('',(144.5825,-18.555,51.));
#9174=CARTESIAN_POINT('Origin',(144.5825,-16.955,49.4));
#9175=CARTESIAN_POINT('',(135.333319000826,-18.555,51.));
#9176=CARTESIAN_POINT('',(135.333319000826,-18.355,50.8));
#9177=CARTESIAN_POINT('Origin',(-8.245,-3.31499999999999,51.1805));
#9178=CARTESIAN_POINT('',(-7.995,-67.124998975754,50.9305));
#9179=CARTESIAN_POINT('',(-8.495,-67.124998975754,51.4305));
#9180=CARTESIAN_POINT('',(-7.995,-67.124998975754,50.9305));
#9181=CARTESIAN_POINT('',(-8.495,-28.125001024246,51.4305));
#9182=CARTESIAN_POINT('',(-8.495,-3.31499999999999,51.4305));
#9183=CARTESIAN_POINT('',(-7.995,-28.125001024246,50.9305));
#9184=CARTESIAN_POINT('',(-7.995,-28.125001024246,50.9305));
#9185=CARTESIAN_POINT('',(-7.995,-3.31499999999999,50.9305));
#9186=CARTESIAN_POINT('Origin',(-8.245,-28.125001024246,41.4305));
#9187=CARTESIAN_POINT('',(-8.495,-21.6096745387482,49.0167059547161));
#9188=CARTESIAN_POINT('Origin',(-8.495,-28.125001024246,41.4305));
#9189=CARTESIAN_POINT('',(-7.995,-21.9354408630231,48.6373956569803));
#9190=CARTESIAN_POINT('',(-7.995,-21.9354408630231,48.6373956569803));
#9191=CARTESIAN_POINT('Origin',(-7.995,-28.125001024246,41.4305));
#9192=CARTESIAN_POINT('Origin',(-8.245,-67.124998975754,41.4305));
#9193=CARTESIAN_POINT('',(-7.995,-73.3145591369769,48.6373956569803));
#9194=CARTESIAN_POINT('',(-8.495,-73.6403254612518,49.0167059547161));
#9195=CARTESIAN_POINT('',(-7.995,-73.3145591369769,48.6373956569803));
#9196=CARTESIAN_POINT('Origin',(-8.495,-67.124998975754,41.4305));
#9197=CARTESIAN_POINT('Origin',(-7.995,-67.124998975754,41.4305));
#9198=CARTESIAN_POINT('Origin',(1.105,-1.105,60.47));
#9199=CARTESIAN_POINT('',(1.105,0.794999999999999,60.62));
#9200=CARTESIAN_POINT('',(1.105,0.495,60.32));
#9201=CARTESIAN_POINT('',(1.105,0.794999999999999,60.62));
#9202=CARTESIAN_POINT('',(-0.795000000000003,-1.105,60.62));
#9203=CARTESIAN_POINT('Origin',(1.105,-1.105,60.62));
#9204=CARTESIAN_POINT('',(-0.495,-1.105,60.32));
#9205=CARTESIAN_POINT('',(-0.495,-1.105,60.32));
#9206=CARTESIAN_POINT('Origin',(1.105,-1.105,60.32));
#9207=CARTESIAN_POINT('Origin',(-0.645000000000002,-73.1972240322378,60.47));
#9208=CARTESIAN_POINT('',(-0.795000000000022,-94.145,60.62));
#9209=CARTESIAN_POINT('',(-0.795000000000003,-73.1972240322378,60.62));
#9210=CARTESIAN_POINT('',(-0.495,-94.145,60.32));
#9211=CARTESIAN_POINT('',(-0.495,-94.145,60.32));
#9212=CARTESIAN_POINT('',(-0.495,-73.1972240322378,60.32));
#9213=CARTESIAN_POINT('Origin',(1.10499999999998,-94.145,60.47));
#9214=CARTESIAN_POINT('',(1.10499999999998,-96.045,60.62));
#9215=CARTESIAN_POINT('Origin',(1.10499999999998,-94.145,60.62));
#9216=CARTESIAN_POINT('',(1.10499999999998,-95.745,60.32));
#9217=CARTESIAN_POINT('',(1.10499999999998,-95.745,60.32));
#9218=CARTESIAN_POINT('Origin',(1.10499999999998,-94.145,60.32));
#9219=CARTESIAN_POINT('Origin',(176.048366451391,-95.895,60.47));
#9220=CARTESIAN_POINT('',(256.07,-96.045,60.62));
#9221=CARTESIAN_POINT('',(176.048366451391,-96.045,60.62));
#9222=CARTESIAN_POINT('',(256.07,-95.745,60.32));
#9223=CARTESIAN_POINT('',(256.07,-95.745,60.32));
#9224=CARTESIAN_POINT('',(176.048366451391,-95.745,60.32));
#9225=CARTESIAN_POINT('Origin',(256.07,-94.145,60.47));
#9226=CARTESIAN_POINT('',(257.97,-94.145,60.62));
#9227=CARTESIAN_POINT('Origin',(256.07,-94.145,60.62));
#9228=CARTESIAN_POINT('',(257.67,-94.145,60.32));
#9229=CARTESIAN_POINT('',(257.67,-94.145,60.32));
#9230=CARTESIAN_POINT('Origin',(256.07,-94.145,60.32));
#9231=CARTESIAN_POINT('Origin',(257.82,-31.5777759677621,60.47));
#9232=CARTESIAN_POINT('',(257.97,-20.155,60.62));
#9233=CARTESIAN_POINT('',(257.97,-31.5777759677621,60.62));
#9234=CARTESIAN_POINT('',(257.67,-20.155,60.32));
#9235=CARTESIAN_POINT('',(257.67,-20.155,60.32));
#9236=CARTESIAN_POINT('',(257.67,-31.5777759677621,60.32));
#9237=CARTESIAN_POINT('Origin',(256.07,-20.155,60.47));
#9238=CARTESIAN_POINT('',(256.07,-18.255,60.62));
#9239=CARTESIAN_POINT('Origin',(256.07,-20.155,60.62));
#9240=CARTESIAN_POINT('',(256.07,-18.555,60.32));
#9241=CARTESIAN_POINT('',(256.07,-18.555,60.32));
#9242=CARTESIAN_POINT('Origin',(256.07,-20.155,60.32));
#9243=CARTESIAN_POINT('Origin',(136.297224032238,-18.405,60.47));
#9244=CARTESIAN_POINT('',(115.295,-18.255,60.62));
#9245=CARTESIAN_POINT('',(136.297224032238,-18.255,60.62));
#9246=CARTESIAN_POINT('',(115.295,-18.555,60.32));
#9247=CARTESIAN_POINT('',(136.297224032238,-18.555,60.32));
#9248=CARTESIAN_POINT('Origin',(115.295,-18.055,60.47));
#9249=CARTESIAN_POINT('',(115.095,-18.055,60.62));
#9250=CARTESIAN_POINT('',(114.795,-18.055,60.32));
#9251=CARTESIAN_POINT('Origin',(115.295,-18.055,60.62));
#9252=CARTESIAN_POINT('Origin',(114.945,-28.3275,60.47));
#9253=CARTESIAN_POINT('',(115.095,-1.105,60.62));
#9254=CARTESIAN_POINT('',(115.095,-28.3275,60.62));
#9255=CARTESIAN_POINT('',(114.795,-1.105,60.32));
#9256=CARTESIAN_POINT('Origin',(113.195,-1.105,60.47));
#9257=CARTESIAN_POINT('',(113.195,0.794999999999999,60.62));
#9258=CARTESIAN_POINT('',(113.195,0.495,60.32));
#9259=CARTESIAN_POINT('Origin',(113.195,-1.105,60.62));
#9260=CARTESIAN_POINT('Origin',(81.1141329410504,0.645,60.47));
#9261=CARTESIAN_POINT('',(81.1141329410504,0.794999999999999,60.62));
#9262=CARTESIAN_POINT('',(81.1141329410504,0.495,60.32));
#9263=CARTESIAN_POINT('Origin',(256.17,-1.005,60.62));
#9264=CARTESIAN_POINT('',(257.77,-1.005,60.62));
#9265=CARTESIAN_POINT('',(257.77,-1.005,60.62));
#9266=CARTESIAN_POINT('',(256.17,0.594999999999999,60.62));
#9267=CARTESIAN_POINT('Origin',(256.17,-1.005,60.62));
#9268=CARTESIAN_POINT('',(256.17,0.595,60.62));
#9269=CARTESIAN_POINT('Origin',(125.950621347541,0.595,60.62));
#9270=CARTESIAN_POINT('',(120.294621347541,0.594999999999999,60.62));
#9271=CARTESIAN_POINT('',(127.269060673771,0.594999999999999,60.62));
#9272=CARTESIAN_POINT('',(120.294621347541,0.595,60.62));
#9273=CARTESIAN_POINT('Origin',(120.294621347541,-1.005,60.62));
#9274=CARTESIAN_POINT('',(118.694621347541,-1.005,60.62));
#9275=CARTESIAN_POINT('Origin',(120.294621347541,-1.005,60.62));
#9276=CARTESIAN_POINT('',(118.694621347541,-1.005,60.62));
#9277=CARTESIAN_POINT('Origin',(118.694621347541,-8.55500000000001,60.62));
#9278=CARTESIAN_POINT('',(118.694621347541,-13.055,60.62));
#9279=CARTESIAN_POINT('',(118.694621347541,-13.055,60.62));
#9280=CARTESIAN_POINT('',(118.694621347541,-28.09,60.62));
#9281=CARTESIAN_POINT('Origin',(120.294621347541,-13.055,60.62));
#9282=CARTESIAN_POINT('',(120.294621347541,-14.655,60.62));
#9283=CARTESIAN_POINT('Origin',(120.294621347541,-13.055,60.62));
#9284=CARTESIAN_POINT('',(120.294621347541,-14.655,60.62));
#9285=CARTESIAN_POINT('Origin',(255.67,-14.655,60.62));
#9286=CARTESIAN_POINT('',(256.17,-14.655,60.62));
#9287=CARTESIAN_POINT('',(256.17,-14.655,60.62));
#9288=CARTESIAN_POINT('',(192.12875,-14.655,60.62));
#9289=CARTESIAN_POINT('Origin',(256.17,-13.055,60.62));
#9290=CARTESIAN_POINT('',(257.77,-13.055,60.62));
#9291=CARTESIAN_POINT('Origin',(256.17,-13.055,60.62));
#9292=CARTESIAN_POINT('',(257.77,-13.055,60.62));
#9293=CARTESIAN_POINT('Origin',(257.77,-1.50499999999999,60.62));
#9294=CARTESIAN_POINT('',(257.77,-24.565,60.62));
#9295=CARTESIAN_POINT('Origin',(186.422757122869,-172.623571337468,130.248571337468));
#9296=CARTESIAN_POINT('',(196.410249300588,-101.537893218813,60.62));
#9297=CARTESIAN_POINT('',(196.410249300588,-103.745,58.4128932188135));
#9298=CARTESIAN_POINT('',(196.410249300588,-102.266446609407,59.8914466094067));
#9299=CARTESIAN_POINT('',(186.422757122869,-100.830786437627,60.62));
#9300=CARTESIAN_POINT('Origin',(186.422757122869,-242.252142674936,60.62));
#9301=CARTESIAN_POINT('',(186.422757122869,-103.745,57.7057864376269));
#9302=CARTESIAN_POINT('',(186.422757122869,-101.912893218813,59.5378932188134));
#9303=CARTESIAN_POINT('Origin',(186.422757122869,-103.745,199.127142674936));
#9304=CARTESIAN_POINT('Origin',(128.5875,-101.537893218813,59.9128932188135));
#9305=CARTESIAN_POINT('',(70.7522428771308,-100.830786437627,60.62));
#9306=CARTESIAN_POINT('',(128.5875,-100.830786437627,60.62));
#9307=CARTESIAN_POINT('',(70.7522428771308,-103.745,57.7057864376269));
#9308=CARTESIAN_POINT('',(70.7522428771308,-102.662893218813,58.7878932188135));
#9309=CARTESIAN_POINT('',(60.04625,-103.745,57.7057864376269));
#9310=CARTESIAN_POINT('Origin',(70.7522428771308,-173.373571337468,129.498571337468));
#9311=CARTESIAN_POINT('',(60.7647506994115,-103.745,58.4128932188135));
#9312=CARTESIAN_POINT('',(60.7647506994115,-101.537893218813,60.62));
#9313=CARTESIAN_POINT('',(60.7647506994115,-103.016446609407,59.1414466094067));
#9314=CARTESIAN_POINT('Origin',(70.7522428771308,-103.745,199.127142674936));
#9315=CARTESIAN_POINT('Origin',(70.7522428771308,-242.252142674936,60.62));
#9316=CARTESIAN_POINT('Origin',(50.7772585216923,-32.6593218813453,-11.2156781186548));
#9317=CARTESIAN_POINT('',(50.7772585216923,-102.245,60.62));
#9318=CARTESIAN_POINT('Origin',(50.7772585216923,39.1763562373095,60.62));
#9319=CARTESIAN_POINT('',(50.7772585216923,-103.745,59.12));
#9320=CARTESIAN_POINT('',(50.7772585216923,-103.37,59.4949999999998));
#9321=CARTESIAN_POINT('Origin',(50.7772585216923,-103.745,-82.3013562373095));
#9322=CARTESIAN_POINT('Origin',(60.04625,-102.995,59.87));
#9323=CARTESIAN_POINT('',(-3.495,-102.245,60.62));
#9324=CARTESIAN_POINT('',(60.04625,-102.245,60.62));
#9325=CARTESIAN_POINT('',(-3.495,-103.745,59.12));
#9326=CARTESIAN_POINT('',(-3.495,-103.745,59.12));
#9327=CARTESIAN_POINT('',(60.04625,-103.745,59.12));
#9328=CARTESIAN_POINT('Origin',(-3.495,-98.745,59.87));
#9329=CARTESIAN_POINT('',(-6.995,-98.745,60.62));
#9330=CARTESIAN_POINT('Origin',(-3.495,-98.745,60.62));
#9331=CARTESIAN_POINT('',(-8.495,-98.745,59.12));
#9332=CARTESIAN_POINT('',(-6.995,-98.745,60.62));
#9333=CARTESIAN_POINT('Origin',(-3.495,-98.745,59.12));
#9334=CARTESIAN_POINT('Origin',(-7.745,-19.565,59.87));
#9335=CARTESIAN_POINT('',(-6.99500000000001,3.495,60.62));
#9336=CARTESIAN_POINT('',(-6.995,-19.565,60.62));
#9337=CARTESIAN_POINT('',(-8.495,3.495,59.12));
#9338=CARTESIAN_POINT('',(-8.495,3.495,59.12));
#9339=CARTESIAN_POINT('',(-8.495,-19.565,59.12));
#9340=CARTESIAN_POINT('Origin',(-3.49500000000001,3.495,59.87));
#9341=CARTESIAN_POINT('',(-3.49500000000003,6.995,60.62));
#9342=CARTESIAN_POINT('Origin',(-3.49500000000001,3.495,60.62));
#9343=CARTESIAN_POINT('',(-3.49500000000001,8.495,59.12));
#9344=CARTESIAN_POINT('',(-3.49500000000001,8.495,59.12));
#9345=CARTESIAN_POINT('Origin',(-3.49500000000001,3.495,59.12));
#9346=CARTESIAN_POINT('Origin',(60.04625,-102.995,59.87));
#9347=CARTESIAN_POINT('',(206.397741478307,-103.745,59.12));
#9348=CARTESIAN_POINT('',(206.397741478307,-102.245,60.62));
#9349=CARTESIAN_POINT('',(206.397741478307,-102.62,60.2449999999998));
#9350=CARTESIAN_POINT('',(260.67,-103.745,59.12));
#9351=CARTESIAN_POINT('',(60.04625,-103.745,59.12));
#9352=CARTESIAN_POINT('',(260.67,-102.245,60.62));
#9353=CARTESIAN_POINT('',(260.67,-103.745,59.12));
#9354=CARTESIAN_POINT('',(60.04625,-102.245,60.62));
#9355=CARTESIAN_POINT('Origin',(206.397741478307,-31.9093218813452,-10.4656781186548));
#9356=CARTESIAN_POINT('Origin',(206.397741478307,-103.745,-82.3013562373095));
#9357=CARTESIAN_POINT('Origin',(206.397741478307,39.1763562373095,60.62));
#9358=CARTESIAN_POINT('Origin',(197.12875,7.745,59.87));
#9359=CARTESIAN_POINT('',(260.67,6.99499999999998,60.62));
#9360=CARTESIAN_POINT('',(197.12875,6.995,60.62));
#9361=CARTESIAN_POINT('',(260.67,8.495,59.12));
#9362=CARTESIAN_POINT('',(260.67,8.495,59.12));
#9363=CARTESIAN_POINT('',(197.12875,8.495,59.12));
#9364=CARTESIAN_POINT('Origin',(122.5875,8.245,49.43));
#9365=CARTESIAN_POINT('',(122.5875,7.995,50.93));
#9366=CARTESIAN_POINT('',(122.5875,8.495,51.43));
#9367=CARTESIAN_POINT('',(122.5875,7.995,50.93));
#9368=CARTESIAN_POINT('',(121.0875,7.995,49.43));
#9369=CARTESIAN_POINT('Origin',(122.5875,7.995,49.43));
#9370=CARTESIAN_POINT('',(120.5875,8.495,49.43));
#9371=CARTESIAN_POINT('',(121.0875,7.995,49.43));
#9372=CARTESIAN_POINT('Origin',(122.5875,8.495,49.43));
#9373=CARTESIAN_POINT('Origin',(200.87875,8.245,51.18));
#9374=CARTESIAN_POINT('',(134.5875,8.495,51.43));
#9375=CARTESIAN_POINT('',(200.87875,8.495,51.43));
#9376=CARTESIAN_POINT('',(134.5875,7.995,50.93));
#9377=CARTESIAN_POINT('',(134.5875,7.995,50.93));
#9378=CARTESIAN_POINT('',(200.87875,7.995,50.93));
#9379=CARTESIAN_POINT('Origin',(134.5875,8.245,49.43));
#9380=CARTESIAN_POINT('',(136.0875,7.995,49.43));
#9381=CARTESIAN_POINT('',(136.5875,8.495,49.43));
#9382=CARTESIAN_POINT('',(136.0875,7.995,49.43));
#9383=CARTESIAN_POINT('Origin',(134.5875,7.995,49.43));
#9384=CARTESIAN_POINT('Origin',(134.5875,8.495,49.43));
#9385=CARTESIAN_POINT('Origin',(238.125,-3.53,50.4805));
#9386=CARTESIAN_POINT('',(240.65,-3.53,50.4805));
#9387=CARTESIAN_POINT('Origin',(238.125,-3.53,50.4805));
#9388=CARTESIAN_POINT('Origin',(213.55,-5.505,47.4305));
#9389=CARTESIAN_POINT('',(217.55,-5.505,48.4305));
#9390=CARTESIAN_POINT('',(213.55,-1.505,48.4305));
#9391=CARTESIAN_POINT('Origin',(213.55,-5.505,48.4305));
#9392=CARTESIAN_POINT('',(217.55,-5.505,47.4305));
#9393=CARTESIAN_POINT('',(213.55,-1.505,47.4305));
#9394=CARTESIAN_POINT('Origin',(217.55,-12.555,47.4305));
#9395=CARTESIAN_POINT('',(217.55,-8.555,48.4305));
#9396=CARTESIAN_POINT('',(217.55,-30.09,48.4305));
#9397=CARTESIAN_POINT('',(217.55,-8.555,47.4305));
#9398=CARTESIAN_POINT('Origin',(213.55,-8.555,47.4305));
#9399=CARTESIAN_POINT('',(213.55,-12.555,48.4305));
#9400=CARTESIAN_POINT('Origin',(213.55,-8.555,48.4305));
#9401=CARTESIAN_POINT('',(213.55,-12.555,47.4305));
#9402=CARTESIAN_POINT('Origin',(182.5,-12.555,47.4305));
#9403=CARTESIAN_POINT('',(186.5,-12.555,48.4305));
#9404=CARTESIAN_POINT('',(155.54375,-12.555,48.4305));
#9405=CARTESIAN_POINT('',(186.5,-12.555,47.4305));
#9406=CARTESIAN_POINT('Origin',(186.5,-8.555,47.4305));
#9407=CARTESIAN_POINT('',(182.5,-8.55499999999998,48.4305));
#9408=CARTESIAN_POINT('Origin',(186.5,-8.555,48.4305));
#9409=CARTESIAN_POINT('',(182.5,-8.55499999999998,47.4305));
#9410=CARTESIAN_POINT('Origin',(182.5,-1.505,47.4305));
#9411=CARTESIAN_POINT('',(182.5,-5.50499999999997,48.4305));
#9412=CARTESIAN_POINT('',(182.5,-24.5650000000002,48.4305));
#9413=CARTESIAN_POINT('',(182.5,-5.50499999999997,47.4305));
#9414=CARTESIAN_POINT('Origin',(186.5,-5.505,47.4305));
#9415=CARTESIAN_POINT('',(186.5,-1.505,48.4305));
#9416=CARTESIAN_POINT('Origin',(186.5,-5.505,48.4305));
#9417=CARTESIAN_POINT('',(186.5,-1.505,47.4305));
#9418=CARTESIAN_POINT('Origin',(217.55,-1.505,47.4305));
#9419=CARTESIAN_POINT('',(173.06875,-1.505,48.4305));
#9420=CARTESIAN_POINT('Origin',(128.5875,-47.625,49.0305));
#9421=CARTESIAN_POINT('',(215.461,-101.245,49.0305));
#9422=CARTESIAN_POINT('',(215.461,-98.245,49.0305));
#9423=CARTESIAN_POINT('Origin',(215.461,-99.745,49.0305));
#9424=CARTESIAN_POINT('',(205.461,-101.245,49.0305));
#9425=CARTESIAN_POINT('',(167.02425,-101.245,49.0305));
#9426=CARTESIAN_POINT('',(205.461,-98.245,49.0305));
#9427=CARTESIAN_POINT('Origin',(205.461,-99.745,49.0305));
#9428=CARTESIAN_POINT('',(172.02425,-98.245,49.0305));
#9429=CARTESIAN_POINT('Origin',(128.5875,-47.625,49.0305));
#9430=CARTESIAN_POINT('',(160.97775,-101.245,49.0305));
#9431=CARTESIAN_POINT('',(160.97775,-98.245,49.0305));
#9432=CARTESIAN_POINT('Origin',(160.97775,-99.745,49.0305));
#9433=CARTESIAN_POINT('',(150.97775,-101.245,49.0305));
#9434=CARTESIAN_POINT('',(139.782625,-101.245,49.0305));
#9435=CARTESIAN_POINT('',(150.97775,-98.245,49.0305));
#9436=CARTESIAN_POINT('Origin',(150.97775,-99.745,49.0305));
#9437=CARTESIAN_POINT('',(144.782625,-98.245,49.0305));
#9438=CARTESIAN_POINT('Origin',(128.5875,-47.625,49.0305));
#9439=CARTESIAN_POINT('',(41.713875,-98.245,49.0305));
#9440=CARTESIAN_POINT('',(41.713875,-101.245,49.0305));
#9441=CARTESIAN_POINT('Origin',(41.713875,-99.745,49.0305));
#9442=CARTESIAN_POINT('',(51.713875,-98.245,49.0305));
#9443=CARTESIAN_POINT('',(90.1506875,-98.245,49.0305));
#9444=CARTESIAN_POINT('',(51.713875,-101.245,49.0305));
#9445=CARTESIAN_POINT('Origin',(51.713875,-99.745,49.0305));
#9446=CARTESIAN_POINT('',(85.1506875,-101.245,49.0305));
#9447=CARTESIAN_POINT('Origin',(128.5875,-47.625,49.0305));
#9448=CARTESIAN_POINT('',(106.19675,-101.245,49.0305));
#9449=CARTESIAN_POINT('',(106.19675,-98.245,49.0305));
#9450=CARTESIAN_POINT('Origin',(106.19675,-99.745,49.0305));
#9451=CARTESIAN_POINT('',(96.19675,-101.245,49.0305));
#9452=CARTESIAN_POINT('',(112.392125,-101.245,49.0305));
#9453=CARTESIAN_POINT('',(96.19675,-98.245,49.0305));
#9454=CARTESIAN_POINT('Origin',(96.19675,-99.745,49.0305));
#9455=CARTESIAN_POINT('',(117.392125,-98.245,49.0305));
#9456=CARTESIAN_POINT('Origin',(128.5875,-47.625,50.4805));
#9457=CARTESIAN_POINT('',(4.47999999999999,4.495,50.4805));
#9458=CARTESIAN_POINT('Origin',(7.00499999999999,4.495,50.4805));
#9459=CARTESIAN_POINT('Origin',(128.5875,-47.625,50.4805));
#9460=CARTESIAN_POINT('',(4.47999999999999,-99.745,50.4805));
#9461=CARTESIAN_POINT('Origin',(7.005,-99.745,50.4805));
#9462=CARTESIAN_POINT('Origin',(128.5875,-47.625,50.4805));
#9463=CARTESIAN_POINT('',(74.48,4.495,50.4805));
#9464=CARTESIAN_POINT('Origin',(77.005,4.495,50.4805));
#9465=CARTESIAN_POINT('Origin',(128.5875,-47.625,50.4805));
#9466=CARTESIAN_POINT('',(247.645,-99.745,50.4805));
#9467=CARTESIAN_POINT('Origin',(250.17,-99.745,50.4805));
#9468=CARTESIAN_POINT('Origin',(161.925,-3.53000000000001,50.4805));
#9469=CARTESIAN_POINT('',(164.45,-3.53,50.4805));
#9470=CARTESIAN_POINT('Origin',(161.925,-3.53000000000001,50.4805));
#9471=CARTESIAN_POINT('Origin',(128.5875,-99.745,50.4805));
#9472=CARTESIAN_POINT('',(131.1125,-99.745,50.4805));
#9473=CARTESIAN_POINT('Origin',(128.5875,-99.745,50.4805));
#9474=CARTESIAN_POINT('Origin',(136.3375,8.245,42.765));
#9475=CARTESIAN_POINT('',(136.0875,7.995,47.4305));
#9476=CARTESIAN_POINT('',(136.0875,7.995,42.765));
#9477=CARTESIAN_POINT('',(136.5875,8.495,47.9305));
#9478=CARTESIAN_POINT('',(136.5875,8.495,42.765));
#9479=CARTESIAN_POINT('',(145.650125,17.5576250000001,56.993125));
#9480=CARTESIAN_POINT('Origin',(142.9825,3.51944806447569,41.6));
#9481=CARTESIAN_POINT('',(142.9825,-16.955,47.6305));
#9482=CARTESIAN_POINT('',(142.9825,3.895,47.6305));
#9483=CARTESIAN_POINT('',(142.9825,-22.0527759677622,47.6305));
#9484=CARTESIAN_POINT('',(142.9825,-16.955,50.8));
#9485=CARTESIAN_POINT('',(142.9825,-16.955,41.6));
#9486=CARTESIAN_POINT('',(142.9825,3.895,50.8));
#9487=CARTESIAN_POINT('',(142.9825,-11.6425,50.8));
#9488=CARTESIAN_POINT('',(142.9825,3.895,41.6));
#9489=CARTESIAN_POINT('Origin',(144.5825,-16.955,41.6));
#9490=CARTESIAN_POINT('',(144.5825,-18.555,47.6305));
#9491=CARTESIAN_POINT('Origin',(144.5825,-16.955,47.6305));
#9492=CARTESIAN_POINT('',(144.5825,-18.555,41.6));
#9493=CARTESIAN_POINT('Origin',(144.5825,-16.955,50.8));
#9494=CARTESIAN_POINT('Origin',(157.425,-17.555,46.2));
#9495=CARTESIAN_POINT('',(158.425,-17.555,47.6305));
#9496=CARTESIAN_POINT('',(157.425,-18.555,47.6305));
#9497=CARTESIAN_POINT('Origin',(157.425,-17.555,47.6305));
#9498=CARTESIAN_POINT('',(158.425,-17.555,46.2));
#9499=CARTESIAN_POINT('',(157.425,-18.555,52.3));
#9500=CARTESIAN_POINT('Origin',(158.425,-17.55,50.8));
#9501=CARTESIAN_POINT('',(158.425,-15.555,47.6305));
#9502=CARTESIAN_POINT('',(158.425,-32.5875,47.6305));
#9503=CARTESIAN_POINT('',(158.425,-15.555,50.8));
#9504=CARTESIAN_POINT('Origin',(159.925,-15.555,52.3));
#9505=CARTESIAN_POINT('',(159.7285,-14.0679264476832,47.6305));
#9506=CARTESIAN_POINT('Origin',(159.925,-15.555,47.6305));
#9507=CARTESIAN_POINT('',(159.7285,-14.0679264476832,52.3));
#9508=CARTESIAN_POINT('Origin',(159.5975,-13.0765440794721,52.3));
#9509=CARTESIAN_POINT('',(160.282058823529,-13.8055017031568,47.6305));
#9510=CARTESIAN_POINT('Origin',(159.5975,-13.0765440794721,47.6305));
#9511=CARTESIAN_POINT('',(160.282058823529,-13.8055017031568,52.3));
#9512=CARTESIAN_POINT('Origin',(161.925,-15.555,52.3));
#9513=CARTESIAN_POINT('',(163.567941176471,-13.8055017031567,47.6305));
#9514=CARTESIAN_POINT('Origin',(161.925,-15.555,47.6305));
#9515=CARTESIAN_POINT('',(163.567941176471,-13.8055017031567,52.3));
#9516=CARTESIAN_POINT('Origin',(164.2525,-13.0765440794721,52.3));
#9517=CARTESIAN_POINT('',(164.1215,-14.0679264476832,47.6305));
#9518=CARTESIAN_POINT('Origin',(164.2525,-13.0765440794721,47.6305));
#9519=CARTESIAN_POINT('',(164.1215,-14.0679264476832,52.3));
#9520=CARTESIAN_POINT('Origin',(163.925,-15.555,52.3));
#9521=CARTESIAN_POINT('',(165.425,-15.555,47.6305));
#9522=CARTESIAN_POINT('Origin',(163.925,-15.555,47.6305));
#9523=CARTESIAN_POINT('',(165.425,-15.555,50.8));
#9524=CARTESIAN_POINT('Origin',(165.425,-15.555,50.8));
#9525=CARTESIAN_POINT('',(165.425,-17.555,47.6305));
#9526=CARTESIAN_POINT('',(165.425,-31.59,47.6305));
#9527=CARTESIAN_POINT('',(165.425,-17.555,52.3));
#9528=CARTESIAN_POINT('Origin',(166.425,-17.555,46.2));
#9529=CARTESIAN_POINT('',(166.425,-18.555,47.6305));
#9530=CARTESIAN_POINT('Origin',(166.425,-17.555,47.6305));
#9531=CARTESIAN_POINT('',(166.425,-18.555,52.3));
#9532=CARTESIAN_POINT('Origin',(233.625,-17.555,46.2));
#9533=CARTESIAN_POINT('',(234.625,-17.555,47.6305));
#9534=CARTESIAN_POINT('',(233.625,-18.555,47.6305));
#9535=CARTESIAN_POINT('Origin',(233.625,-17.555,47.6305));
#9536=CARTESIAN_POINT('',(234.625,-17.555,46.2));
#9537=CARTESIAN_POINT('',(233.625,-18.555,52.3));
#9538=CARTESIAN_POINT('Origin',(234.625,-17.55,50.8));
#9539=CARTESIAN_POINT('',(234.625,-15.555,47.6305));
#9540=CARTESIAN_POINT('',(234.625,-32.5875,47.6305));
#9541=CARTESIAN_POINT('',(234.625,-15.555,50.8));
#9542=CARTESIAN_POINT('Origin',(236.125,-15.555,52.3));
#9543=CARTESIAN_POINT('',(235.9285,-14.0679264476833,47.6305));
#9544=CARTESIAN_POINT('Origin',(236.125,-15.555,47.6305));
#9545=CARTESIAN_POINT('',(235.9285,-14.0679264476833,52.3));
#9546=CARTESIAN_POINT('Origin',(235.7975,-13.0765440794721,52.3));
#9547=CARTESIAN_POINT('',(236.482058823529,-13.8055017031568,47.6305));
#9548=CARTESIAN_POINT('Origin',(235.7975,-13.0765440794721,47.6305));
#9549=CARTESIAN_POINT('',(236.482058823529,-13.8055017031568,52.3));
#9550=CARTESIAN_POINT('Origin',(238.125,-15.555,52.3));
#9551=CARTESIAN_POINT('',(239.767941176471,-13.8055017031568,47.6305));
#9552=CARTESIAN_POINT('Origin',(238.125,-15.555,47.6305));
#9553=CARTESIAN_POINT('',(239.767941176471,-13.8055017031568,52.3));
#9554=CARTESIAN_POINT('Origin',(240.4525,-13.0765440794721,52.3));
#9555=CARTESIAN_POINT('',(240.3215,-14.0679264476832,47.6305));
#9556=CARTESIAN_POINT('Origin',(240.4525,-13.0765440794721,47.6305));
#9557=CARTESIAN_POINT('',(240.3215,-14.0679264476832,52.3));
#9558=CARTESIAN_POINT('Origin',(240.125,-15.555,52.3));
#9559=CARTESIAN_POINT('',(241.625,-15.555,47.6305));
#9560=CARTESIAN_POINT('Origin',(240.125,-15.555,47.6305));
#9561=CARTESIAN_POINT('',(241.625,-15.555,50.8));
#9562=CARTESIAN_POINT('Origin',(241.625,-15.555,50.8));
#9563=CARTESIAN_POINT('',(241.625,-17.555,47.6305));
#9564=CARTESIAN_POINT('',(241.625,-31.59,47.6305));
#9565=CARTESIAN_POINT('',(241.625,-17.555,52.3));
#9566=CARTESIAN_POINT('Origin',(242.625,-17.555,46.2));
#9567=CARTESIAN_POINT('',(242.625,-18.555,47.6305));
#9568=CARTESIAN_POINT('Origin',(242.625,-17.555,47.6305));
#9569=CARTESIAN_POINT('',(242.625,-18.555,52.3));
#9570=CARTESIAN_POINT('Origin',(144.006948064476,-18.555,41.6));
#9571=CARTESIAN_POINT('',(256.07,-18.555,47.6305));
#9572=CARTESIAN_POINT('',(136.297224032238,-18.555,47.6305));
#9573=CARTESIAN_POINT('',(256.07,-18.555,53.6));
#9574=CARTESIAN_POINT('',(136.297224032238,-18.555,47.6305));
#9575=CARTESIAN_POINT('',(136.297224032238,-18.555,47.6305));
#9576=CARTESIAN_POINT('Origin',(256.07,-20.155,41.6));
#9577=CARTESIAN_POINT('',(257.67,-20.155,47.6305));
#9578=CARTESIAN_POINT('Origin',(256.07,-20.155,47.6305));
#9579=CARTESIAN_POINT('',(257.67,-20.155,47.72));
#9580=CARTESIAN_POINT('Origin',(257.67,-15.5305519355242,41.6));
#9581=CARTESIAN_POINT('',(257.67,-94.145,47.6305));
#9582=CARTESIAN_POINT('',(257.67,-31.5777759677621,47.6305));
#9583=CARTESIAN_POINT('',(257.67,-94.145,41.6));
#9584=CARTESIAN_POINT('Origin',(256.07,-94.145,41.6));
#9585=CARTESIAN_POINT('',(256.07,-95.745,47.6305));
#9586=CARTESIAN_POINT('Origin',(256.07,-94.145,47.6305));
#9587=CARTESIAN_POINT('',(256.07,-95.745,41.6));
#9588=CARTESIAN_POINT('Origin',(239.053125,-96.745,46.2));
#9589=CARTESIAN_POINT('',(238.053125,-96.745,47.6305));
#9590=CARTESIAN_POINT('',(239.053125,-95.745,47.6305));
#9591=CARTESIAN_POINT('Origin',(239.053125,-96.745,47.6305));
#9592=CARTESIAN_POINT('',(238.053125,-96.745,46.2));
#9593=CARTESIAN_POINT('',(239.053125,-95.745,52.3));
#9594=CARTESIAN_POINT('Origin',(238.053125,-96.75,50.8));
#9595=CARTESIAN_POINT('',(238.053125,-98.745,47.6305));
#9596=CARTESIAN_POINT('',(238.053125,-72.1875,47.6305));
#9597=CARTESIAN_POINT('',(238.053125,-98.745,50.8));
#9598=CARTESIAN_POINT('Origin',(236.553125,-98.745,52.3));
#9599=CARTESIAN_POINT('',(236.749625,-100.232073552317,47.6305));
#9600=CARTESIAN_POINT('Origin',(236.553125,-98.745,47.6305));
#9601=CARTESIAN_POINT('',(236.749625,-100.232073552317,52.3));
#9602=CARTESIAN_POINT('Origin',(236.880625,-101.223455920528,52.3));
#9603=CARTESIAN_POINT('',(236.196066176471,-100.494498296843,47.6305));
#9604=CARTESIAN_POINT('Origin',(236.880625,-101.223455920528,47.6305));
#9605=CARTESIAN_POINT('',(236.196066176471,-100.494498296843,52.3));
#9606=CARTESIAN_POINT('Origin',(234.553125,-98.745,52.3));
#9607=CARTESIAN_POINT('',(232.910183823529,-100.494498296843,47.6305));
#9608=CARTESIAN_POINT('Origin',(234.553125,-98.745,47.6305));
#9609=CARTESIAN_POINT('',(232.910183823529,-100.494498296843,52.3));
#9610=CARTESIAN_POINT('Origin',(232.225625,-101.223455920528,52.3));
#9611=CARTESIAN_POINT('',(232.356625,-100.232073552317,47.6305));
#9612=CARTESIAN_POINT('Origin',(232.225625,-101.223455920528,47.6305));
#9613=CARTESIAN_POINT('',(232.356625,-100.232073552317,52.3));
#9614=CARTESIAN_POINT('Origin',(232.553125,-98.745,52.3));
#9615=CARTESIAN_POINT('',(231.053125,-98.745,47.6305));
#9616=CARTESIAN_POINT('Origin',(232.553125,-98.745,47.6305));
#9617=CARTESIAN_POINT('',(231.053125,-98.745,50.8));
#9618=CARTESIAN_POINT('Origin',(231.053125,-98.745,50.8));
#9619=CARTESIAN_POINT('',(231.053125,-96.745,47.6305));
#9620=CARTESIAN_POINT('',(231.053125,-73.185,47.6305));
#9621=CARTESIAN_POINT('',(231.053125,-96.745,52.3));
#9622=CARTESIAN_POINT('Origin',(230.053125,-96.745,46.2));
#9623=CARTESIAN_POINT('',(230.053125,-95.745,47.6305));
#9624=CARTESIAN_POINT('Origin',(230.053125,-96.745,47.6305));
#9625=CARTESIAN_POINT('',(230.053125,-95.745,52.3));
#9626=CARTESIAN_POINT('Origin',(190.86875,-96.745,46.2));
#9627=CARTESIAN_POINT('',(189.86875,-96.745,47.6305));
#9628=CARTESIAN_POINT('',(190.86875,-95.745,47.6305));
#9629=CARTESIAN_POINT('Origin',(190.86875,-96.745,47.6305));
#9630=CARTESIAN_POINT('',(189.86875,-96.745,46.2));
#9631=CARTESIAN_POINT('',(190.86875,-95.745,52.3));
#9632=CARTESIAN_POINT('Origin',(189.86875,-96.75,50.8));
#9633=CARTESIAN_POINT('',(189.86875,-98.745,47.6305));
#9634=CARTESIAN_POINT('',(189.86875,-72.1875,47.6305));
#9635=CARTESIAN_POINT('',(189.86875,-98.745,50.8));
#9636=CARTESIAN_POINT('Origin',(188.36875,-98.745,52.3));
#9637=CARTESIAN_POINT('',(188.56525,-100.232073552317,47.6305));
#9638=CARTESIAN_POINT('Origin',(188.36875,-98.745,47.6305));
#9639=CARTESIAN_POINT('',(188.56525,-100.232073552317,52.3));
#9640=CARTESIAN_POINT('Origin',(188.69625,-101.223455920528,52.3));
#9641=CARTESIAN_POINT('',(188.011691176471,-100.494498296843,47.6305));
#9642=CARTESIAN_POINT('Origin',(188.69625,-101.223455920528,47.6305));
#9643=CARTESIAN_POINT('',(188.011691176471,-100.494498296843,52.3));
#9644=CARTESIAN_POINT('Origin',(186.36875,-98.745,52.3));
#9645=CARTESIAN_POINT('',(184.725808823529,-100.494498296843,47.6305));
#9646=CARTESIAN_POINT('Origin',(186.36875,-98.745,47.6305));
#9647=CARTESIAN_POINT('',(184.725808823529,-100.494498296843,52.3));
#9648=CARTESIAN_POINT('Origin',(184.04125,-101.223455920528,52.3));
#9649=CARTESIAN_POINT('',(184.17225,-100.232073552317,47.6305));
#9650=CARTESIAN_POINT('Origin',(184.04125,-101.223455920528,47.6305));
#9651=CARTESIAN_POINT('',(184.17225,-100.232073552317,52.3));
#9652=CARTESIAN_POINT('Origin',(184.36875,-98.745,52.3));
#9653=CARTESIAN_POINT('',(182.86875,-98.745,47.6305));
#9654=CARTESIAN_POINT('Origin',(184.36875,-98.745,47.6305));
#9655=CARTESIAN_POINT('',(182.86875,-98.745,50.8));
#9656=CARTESIAN_POINT('Origin',(182.86875,-98.745,50.8));
#9657=CARTESIAN_POINT('',(182.86875,-96.745,47.6305));
#9658=CARTESIAN_POINT('',(182.86875,-73.185,47.6305));
#9659=CARTESIAN_POINT('',(182.86875,-96.745,52.3));
#9660=CARTESIAN_POINT('Origin',(181.86875,-96.745,46.2));
#9661=CARTESIAN_POINT('',(181.86875,-95.745,47.6305));
#9662=CARTESIAN_POINT('Origin',(181.86875,-96.745,47.6305));
#9663=CARTESIAN_POINT('',(181.86875,-95.745,52.3));
#9664=CARTESIAN_POINT('Origin',(75.30625,-96.745,46.2));
#9665=CARTESIAN_POINT('',(74.30625,-96.745,47.6305));
#9666=CARTESIAN_POINT('',(75.30625,-95.745,47.6305));
#9667=CARTESIAN_POINT('Origin',(75.30625,-96.745,47.6305));
#9668=CARTESIAN_POINT('',(74.30625,-96.745,46.2));
#9669=CARTESIAN_POINT('',(75.30625,-95.745,52.3));
#9670=CARTESIAN_POINT('Origin',(74.30625,-96.75,50.8));
#9671=CARTESIAN_POINT('',(74.30625,-98.745,47.6305));
#9672=CARTESIAN_POINT('',(74.30625,-72.1875,47.6305));
#9673=CARTESIAN_POINT('',(74.30625,-98.745,50.8));
#9674=CARTESIAN_POINT('Origin',(72.80625,-98.745,52.3));
#9675=CARTESIAN_POINT('',(73.00275,-100.232073552317,47.6305));
#9676=CARTESIAN_POINT('Origin',(72.80625,-98.745,47.6305));
#9677=CARTESIAN_POINT('',(73.00275,-100.232073552317,52.3));
#9678=CARTESIAN_POINT('Origin',(73.13375,-101.223455920528,52.3));
#9679=CARTESIAN_POINT('',(72.4491911764706,-100.494498296843,47.6305));
#9680=CARTESIAN_POINT('Origin',(73.13375,-101.223455920528,47.6305));
#9681=CARTESIAN_POINT('',(72.4491911764706,-100.494498296843,52.3));
#9682=CARTESIAN_POINT('Origin',(70.80625,-98.745,52.3));
#9683=CARTESIAN_POINT('',(69.1633088235294,-100.494498296843,47.6305));
#9684=CARTESIAN_POINT('Origin',(70.80625,-98.745,47.6305));
#9685=CARTESIAN_POINT('',(69.1633088235294,-100.494498296843,52.3));
#9686=CARTESIAN_POINT('Origin',(68.47875,-101.223455920528,52.3));
#9687=CARTESIAN_POINT('',(68.60975,-100.232073552317,47.6305));
#9688=CARTESIAN_POINT('Origin',(68.47875,-101.223455920528,47.6305));
#9689=CARTESIAN_POINT('',(68.60975,-100.232073552317,52.3));
#9690=CARTESIAN_POINT('Origin',(68.80625,-98.745,52.3));
#9691=CARTESIAN_POINT('',(67.30625,-98.745,47.6305));
#9692=CARTESIAN_POINT('Origin',(68.80625,-98.745,47.6305));
#9693=CARTESIAN_POINT('',(67.30625,-98.745,50.8));
#9694=CARTESIAN_POINT('Origin',(67.30625,-98.745,50.8));
#9695=CARTESIAN_POINT('',(67.30625,-96.745,47.6305));
#9696=CARTESIAN_POINT('',(67.30625,-73.185,47.6305));
#9697=CARTESIAN_POINT('',(67.30625,-96.745,52.3));
#9698=CARTESIAN_POINT('Origin',(66.30625,-96.745,46.2));
#9699=CARTESIAN_POINT('',(66.30625,-95.745,47.6305));
#9700=CARTESIAN_POINT('Origin',(66.30625,-96.745,47.6305));
#9701=CARTESIAN_POINT('',(66.30625,-95.745,52.3));
#9702=CARTESIAN_POINT('Origin',(27.121875,-96.745,46.2));
#9703=CARTESIAN_POINT('',(26.121875,-96.745,47.6305));
#9704=CARTESIAN_POINT('',(27.121875,-95.745,47.6305));
#9705=CARTESIAN_POINT('Origin',(27.121875,-96.745,47.6305));
#9706=CARTESIAN_POINT('',(26.121875,-96.745,46.2));
#9707=CARTESIAN_POINT('',(27.121875,-95.745,52.3));
#9708=CARTESIAN_POINT('Origin',(26.121875,-96.75,50.8));
#9709=CARTESIAN_POINT('',(26.121875,-98.745,47.6305));
#9710=CARTESIAN_POINT('',(26.121875,-72.1875,47.6305));
#9711=CARTESIAN_POINT('',(26.121875,-98.745,50.8));
#9712=CARTESIAN_POINT('Origin',(24.621875,-98.745,52.3));
#9713=CARTESIAN_POINT('',(24.818375,-100.232073552317,47.6305));
#9714=CARTESIAN_POINT('Origin',(24.621875,-98.745,47.6305));
#9715=CARTESIAN_POINT('',(24.818375,-100.232073552317,52.3));
#9716=CARTESIAN_POINT('Origin',(24.949375,-101.223455920528,52.3));
#9717=CARTESIAN_POINT('',(24.2648161764706,-100.494498296843,47.6305));
#9718=CARTESIAN_POINT('Origin',(24.949375,-101.223455920528,47.6305));
#9719=CARTESIAN_POINT('',(24.2648161764706,-100.494498296843,52.3));
#9720=CARTESIAN_POINT('Origin',(22.621875,-98.745,52.3));
#9721=CARTESIAN_POINT('',(20.9789338235294,-100.494498296843,47.6305));
#9722=CARTESIAN_POINT('Origin',(22.621875,-98.745,47.6305));
#9723=CARTESIAN_POINT('',(20.9789338235294,-100.494498296843,52.3));
#9724=CARTESIAN_POINT('Origin',(20.294375,-101.223455920528,52.3));
#9725=CARTESIAN_POINT('',(20.425375,-100.232073552317,47.6305));
#9726=CARTESIAN_POINT('Origin',(20.294375,-101.223455920528,47.6305));
#9727=CARTESIAN_POINT('',(20.425375,-100.232073552317,52.3));
#9728=CARTESIAN_POINT('Origin',(20.621875,-98.745,52.3));
#9729=CARTESIAN_POINT('',(19.121875,-98.745,47.6305));
#9730=CARTESIAN_POINT('Origin',(20.621875,-98.745,47.6305));
#9731=CARTESIAN_POINT('',(19.121875,-98.745,50.8));
#9732=CARTESIAN_POINT('Origin',(19.121875,-98.745,50.8));
#9733=CARTESIAN_POINT('',(19.121875,-96.745,47.6305));
#9734=CARTESIAN_POINT('',(19.121875,-73.185,47.6305));
#9735=CARTESIAN_POINT('',(19.121875,-96.745,52.3));
#9736=CARTESIAN_POINT('Origin',(18.121875,-96.745,46.2));
#9737=CARTESIAN_POINT('',(18.121875,-95.745,47.6305));
#9738=CARTESIAN_POINT('Origin',(18.121875,-96.745,47.6305));
#9739=CARTESIAN_POINT('',(18.121875,-95.745,52.3));
#9740=CARTESIAN_POINT('Origin',(223.509232902783,-95.745,41.6));
#9741=CARTESIAN_POINT('',(176.048366451391,-95.745,47.6305));
#9742=CARTESIAN_POINT('',(1.10499999999998,-95.745,47.6305));
#9743=CARTESIAN_POINT('',(176.048366451391,-95.745,47.6305));
#9744=CARTESIAN_POINT('',(1.10499999999998,-95.745,41.6));
#9745=CARTESIAN_POINT('',(176.048366451391,-95.745,47.6305));
#9746=CARTESIAN_POINT('',(176.048366451391,-95.745,47.6305));
#9747=CARTESIAN_POINT('',(176.048366451391,-95.745,47.6305));
#9748=CARTESIAN_POINT('Origin',(1.10499999999998,-94.145,41.6));
#9749=CARTESIAN_POINT('',(-0.495,-94.145,47.6305));
#9750=CARTESIAN_POINT('Origin',(1.10499999999998,-94.145,47.6305));
#9751=CARTESIAN_POINT('',(-0.495,-94.145,47.72));
#9752=CARTESIAN_POINT('Origin',(-0.495,-98.7694480644756,41.6));
#9753=CARTESIAN_POINT('',(-0.495,-1.105,47.6305));
#9754=CARTESIAN_POINT('',(-0.495,-73.1972240322378,47.6305));
#9755=CARTESIAN_POINT('',(-0.495,-1.105,41.6));
#9756=CARTESIAN_POINT('Origin',(1.105,-1.105,41.6));
#9757=CARTESIAN_POINT('',(1.105,0.495,47.6305));
#9758=CARTESIAN_POINT('Origin',(1.105,-1.105,47.6305));
#9759=CARTESIAN_POINT('',(1.105,0.495,47.72));
#9760=CARTESIAN_POINT('Origin',(14.55,1.495,46.2));
#9761=CARTESIAN_POINT('',(15.55,1.495,47.6305));
#9762=CARTESIAN_POINT('',(14.55,0.495,47.6305));
#9763=CARTESIAN_POINT('Origin',(14.55,1.495,47.6305));
#9764=CARTESIAN_POINT('',(15.55,1.495,46.2));
#9765=CARTESIAN_POINT('',(14.55,0.495,52.3));
#9766=CARTESIAN_POINT('Origin',(15.55,1.5,50.8));
#9767=CARTESIAN_POINT('',(15.55,3.495,47.6305));
#9768=CARTESIAN_POINT('',(15.55,-23.0625,47.6305));
#9769=CARTESIAN_POINT('',(15.55,3.495,50.8));
#9770=CARTESIAN_POINT('Origin',(17.05,3.495,52.3));
#9771=CARTESIAN_POINT('',(16.8535,4.98207355231676,47.6305));
#9772=CARTESIAN_POINT('Origin',(17.05,3.495,47.6305));
#9773=CARTESIAN_POINT('',(16.8535,4.98207355231676,52.3));
#9774=CARTESIAN_POINT('Origin',(16.7225,5.97345592052794,52.3));
#9775=CARTESIAN_POINT('',(17.4070588235294,5.24449829684325,47.6305));
#9776=CARTESIAN_POINT('Origin',(16.7225,5.97345592052794,47.6305));
#9777=CARTESIAN_POINT('',(17.4070588235294,5.24449829684325,52.3));
#9778=CARTESIAN_POINT('Origin',(19.05,3.495,52.3));
#9779=CARTESIAN_POINT('',(20.6929411764706,5.24449829684326,47.6305));
#9780=CARTESIAN_POINT('Origin',(19.05,3.495,47.6305));
#9781=CARTESIAN_POINT('',(20.6929411764706,5.24449829684326,52.3));
#9782=CARTESIAN_POINT('Origin',(21.3775,5.97345592052795,52.3));
#9783=CARTESIAN_POINT('',(21.2465,4.98207355231677,47.6305));
#9784=CARTESIAN_POINT('Origin',(21.3775,5.97345592052795,47.6305));
#9785=CARTESIAN_POINT('',(21.2465,4.98207355231677,52.3));
#9786=CARTESIAN_POINT('Origin',(21.05,3.495,52.3));
#9787=CARTESIAN_POINT('',(22.55,3.495,47.6305));
#9788=CARTESIAN_POINT('Origin',(21.05,3.495,47.6305));
#9789=CARTESIAN_POINT('',(22.55,3.495,50.8));
#9790=CARTESIAN_POINT('Origin',(22.55,3.495,50.8));
#9791=CARTESIAN_POINT('',(22.55,1.495,47.6305));
#9792=CARTESIAN_POINT('',(22.55,-22.065,47.6305));
#9793=CARTESIAN_POINT('',(22.55,1.495,52.3));
#9794=CARTESIAN_POINT('Origin',(23.55,1.495,46.2));
#9795=CARTESIAN_POINT('',(23.55,0.495,47.6305));
#9796=CARTESIAN_POINT('Origin',(23.55,1.495,47.6305));
#9797=CARTESIAN_POINT('',(23.55,0.495,52.3));
#9798=CARTESIAN_POINT('Origin',(90.75,1.495,46.2));
#9799=CARTESIAN_POINT('',(91.75,1.495,47.6305));
#9800=CARTESIAN_POINT('',(90.75,0.495,47.6305));
#9801=CARTESIAN_POINT('Origin',(90.75,1.495,47.6305));
#9802=CARTESIAN_POINT('',(91.75,1.495,46.2));
#9803=CARTESIAN_POINT('',(90.75,0.495,52.3));
#9804=CARTESIAN_POINT('Origin',(91.75,1.5,50.8));
#9805=CARTESIAN_POINT('',(91.75,3.49500000000001,47.6305));
#9806=CARTESIAN_POINT('',(91.75,-23.0625,47.6305));
#9807=CARTESIAN_POINT('',(91.75,3.49500000000001,50.8));
#9808=CARTESIAN_POINT('Origin',(93.25,3.49500000000002,52.3));
#9809=CARTESIAN_POINT('',(93.0535,4.98207355231677,47.6305));
#9810=CARTESIAN_POINT('Origin',(93.25,3.49500000000002,47.6305));
#9811=CARTESIAN_POINT('',(93.0535,4.98207355231677,52.3));
#9812=CARTESIAN_POINT('Origin',(92.9225,5.97345592052795,52.3));
#9813=CARTESIAN_POINT('',(93.6070588235294,5.24449829684326,47.6305));
#9814=CARTESIAN_POINT('Origin',(92.9225,5.97345592052795,47.6305));
#9815=CARTESIAN_POINT('',(93.6070588235294,5.24449829684326,52.3));
#9816=CARTESIAN_POINT('Origin',(95.25,3.495,52.3));
#9817=CARTESIAN_POINT('',(96.8929411764706,5.24449829684326,47.6305));
#9818=CARTESIAN_POINT('Origin',(95.25,3.495,47.6305));
#9819=CARTESIAN_POINT('',(96.8929411764706,5.24449829684326,52.3));
#9820=CARTESIAN_POINT('Origin',(97.5775,5.97345592052795,52.3));
#9821=CARTESIAN_POINT('',(97.4465,4.98207355231677,47.6305));
#9822=CARTESIAN_POINT('Origin',(97.5775,5.97345592052795,47.6305));
#9823=CARTESIAN_POINT('',(97.4465,4.98207355231677,52.3));
#9824=CARTESIAN_POINT('Origin',(97.25,3.49500000000002,52.3));
#9825=CARTESIAN_POINT('',(98.75,3.49500000000001,47.6305));
#9826=CARTESIAN_POINT('Origin',(97.25,3.49500000000002,47.6305));
#9827=CARTESIAN_POINT('',(98.75,3.49500000000001,50.8));
#9828=CARTESIAN_POINT('Origin',(98.75,3.49500000000001,50.8));
#9829=CARTESIAN_POINT('',(98.75,1.495,47.6305));
#9830=CARTESIAN_POINT('',(98.75,-22.065,47.6305));
#9831=CARTESIAN_POINT('',(98.75,1.495,52.3));
#9832=CARTESIAN_POINT('Origin',(99.75,1.495,46.2));
#9833=CARTESIAN_POINT('',(99.75,0.495,47.6305));
#9834=CARTESIAN_POINT('Origin',(99.75,1.495,47.6305));
#9835=CARTESIAN_POINT('',(99.75,0.495,52.3));
#9836=CARTESIAN_POINT('Origin',(33.6407658821008,0.495,41.6));
#9837=CARTESIAN_POINT('',(108.619722586828,0.495,47.6305));
#9838=CARTESIAN_POINT('',(81.1141329410504,0.495,47.6305));
#9839=CARTESIAN_POINT('',(108.619722586828,0.495,44.66));
#9840=CARTESIAN_POINT('',(81.1141329410504,0.495,47.6305));
#9841=CARTESIAN_POINT('',(81.1141329410504,0.495,47.6305));
#9842=CARTESIAN_POINT('Origin',(108.619722586828,2.095,44.66));
#9843=CARTESIAN_POINT('',(109.751093436727,0.963629150101526,47.6305));
#9844=CARTESIAN_POINT('Origin',(108.619722586828,2.095,47.6305));
#9845=CARTESIAN_POINT('',(109.751093436727,0.963629150101531,50.8));
#9846=CARTESIAN_POINT('',(109.751093436727,0.963629150101526,44.66));
#9847=CARTESIAN_POINT('Origin',(108.619722586828,2.095,50.8));
#9848=CARTESIAN_POINT('Origin',(113.755256492761,4.96779220613579,47.72));
#9849=CARTESIAN_POINT('',(113.813835136524,5.02637084989848,47.6305));
#9850=CARTESIAN_POINT('',(104.315119318037,-4.47234496858845,47.6305));
#9851=CARTESIAN_POINT('',(113.813835136524,5.02637084989848,50.8));
#9852=CARTESIAN_POINT('',(113.813835136524,5.02637084989848,44.66));
#9853=CARTESIAN_POINT('',(114.106916802331,5.31945251570578,50.8));
#9854=CARTESIAN_POINT('Origin',(114.945205986422,3.895,44.66));
#9855=CARTESIAN_POINT('',(114.945205986422,5.495,47.6305));
#9856=CARTESIAN_POINT('Origin',(114.945205986422,3.895,47.6305));
#9857=CARTESIAN_POINT('',(114.945205986422,5.495,50.8));
#9858=CARTESIAN_POINT('',(114.945205986422,5.495,44.66));
#9859=CARTESIAN_POINT('Origin',(114.945205986422,3.895,50.8));
#9860=CARTESIAN_POINT('Origin',(126.659689937177,-6.53,50.8));
#9861=CARTESIAN_POINT('',(141.3825,5.495,50.8));
#9862=CARTESIAN_POINT('',(133.921094968588,5.495,50.8));
#9863=CARTESIAN_POINT('Origin',(141.3825,3.895,50.8));
#9864=CARTESIAN_POINT('Origin',(141.3825,3.895,41.6));
#9865=CARTESIAN_POINT('',(141.3825,5.495,47.6305));
#9866=CARTESIAN_POINT('Origin',(141.3825,3.895,47.6305));
#9867=CARTESIAN_POINT('',(141.3825,5.495,41.6));
#9868=CARTESIAN_POINT('Origin',(125.2129,8.495,47.9146));
#9869=CARTESIAN_POINT('',(125.2129,6.995,49.51));
#9870=CARTESIAN_POINT('',(125.2129,5.495,49.51));
#9871=CARTESIAN_POINT('',(125.2129,8.495,49.51));
#9872=CARTESIAN_POINT('',(123.6175,5.495,47.9146000000001));
#9873=CARTESIAN_POINT('Origin',(125.2129,5.495,47.9146));
#9874=CARTESIAN_POINT('',(123.6175,6.995,47.9146000000001));
#9875=CARTESIAN_POINT('',(123.6175,8.495,47.9146000000001));
#9876=CARTESIAN_POINT('Origin',(125.2129,6.995,47.9146));
#9877=CARTESIAN_POINT('Origin',(131.7621,8.495,49.51));
#9878=CARTESIAN_POINT('',(131.9621,6.995,49.51));
#9879=CARTESIAN_POINT('',(130.1748,6.995,49.51));
#9880=CARTESIAN_POINT('',(131.9621,5.495,49.51));
#9881=CARTESIAN_POINT('',(131.9621,8.495,49.51));
#9882=CARTESIAN_POINT('',(123.425730028093,5.495,49.51));
#9883=CARTESIAN_POINT('Origin',(131.9621,8.495,47.9146));
#9884=CARTESIAN_POINT('',(133.5575,6.995,47.9146));
#9885=CARTESIAN_POINT('',(133.5575,5.495,47.9146));
#9886=CARTESIAN_POINT('',(133.5575,8.495,47.9146));
#9887=CARTESIAN_POINT('Origin',(131.9621,5.495,47.9146));
#9888=CARTESIAN_POINT('Origin',(131.9621,6.995,47.9146));
#9889=CARTESIAN_POINT('Origin',(134.5875,8.495,49.43));
#9890=CARTESIAN_POINT('',(136.0875,6.995,49.43));
#9891=CARTESIAN_POINT('',(134.5875,6.995,50.93));
#9892=CARTESIAN_POINT('Origin',(134.5875,6.995,49.43));
#9893=CARTESIAN_POINT('',(134.5875,8.495,50.93));
#9894=CARTESIAN_POINT('',(136.0875,8.495,49.43));
#9895=CARTESIAN_POINT('Origin',(136.0875,8.495,50.93));
#9896=CARTESIAN_POINT('',(122.5875,6.995,50.93));
#9897=CARTESIAN_POINT('',(132.3375,6.995,50.93));
#9898=CARTESIAN_POINT('',(122.5875,8.495,50.93));
#9899=CARTESIAN_POINT('Origin',(122.5875,8.495,49.43));
#9900=CARTESIAN_POINT('',(121.0875,6.995,49.43));
#9901=CARTESIAN_POINT('Origin',(122.5875,6.995,49.43));
#9902=CARTESIAN_POINT('',(121.0875,8.495,49.43));
#9903=CARTESIAN_POINT('Origin',(120.8375,8.245,46.265));
#9904=CARTESIAN_POINT('',(121.0875,7.995,47.4305));
#9905=CARTESIAN_POINT('',(121.0875,7.995,46.265));
#9906=CARTESIAN_POINT('',(120.5875,8.495,47.9305));
#9907=CARTESIAN_POINT('',(133.788625,-4.70612500000009,34.729375));
#9908=CARTESIAN_POINT('',(120.5875,8.495,46.265));
#9909=CARTESIAN_POINT('Origin',(-3.49500000000001,3.495,41.6));
#9910=CARTESIAN_POINT('',(-8.495,3.495,47.9305));
#9911=CARTESIAN_POINT('',(-3.49500000000001,8.495,47.9305));
#9912=CARTESIAN_POINT('Origin',(-3.49500000000001,3.495,47.9305));
#9913=CARTESIAN_POINT('',(-8.495,3.495,41.6));
#9914=CARTESIAN_POINT('',(-3.49500000000001,8.495,47.72));
#9915=CARTESIAN_POINT('Origin',(-8.245,-18.6777776202742,52.4304986343384));
#9916=CARTESIAN_POINT('',(-7.995,-18.6777776202742,47.4305));
#9917=CARTESIAN_POINT('',(-8.495,-18.6777776202742,47.9305));
#9918=CARTESIAN_POINT('',(-8.24499931716921,-18.6777776202742,47.6804993171692));
#9919=CARTESIAN_POINT('Origin',(-7.995,-18.6777776202742,52.4304986343384));
#9920=CARTESIAN_POINT('Origin',(-8.495,-18.6777776202742,52.4304986343384));
#9921=CARTESIAN_POINT('Origin',(60.04625,-28.125001024246,41.4305));
#9922=CARTESIAN_POINT('',(-5.495,-21.9354408630231,48.6373956569803));
#9923=CARTESIAN_POINT('',(60.04625,-21.9354408630231,48.6373956569803));
#9924=CARTESIAN_POINT('',(-5.495,-28.125001024246,50.9305));
#9925=CARTESIAN_POINT('Origin',(-5.495,-28.125001024246,41.4305));
#9926=CARTESIAN_POINT('',(60.04625,-28.125001024246,50.9305));
#9927=CARTESIAN_POINT('Origin',(-8.495,-15.125,50.9305));
#9928=CARTESIAN_POINT('',(-5.495,-67.124998975754,50.9305));
#9929=CARTESIAN_POINT('',(-5.495,-31.375,50.9305));
#9930=CARTESIAN_POINT('',(60.04625,-67.124998975754,50.9305));
#9931=CARTESIAN_POINT('Origin',(60.04625,-67.124998975754,41.4305));
#9932=CARTESIAN_POINT('',(-5.495,-73.3145591369769,48.6373956569803));
#9933=CARTESIAN_POINT('Origin',(-5.495,-67.124998975754,41.4305));
#9934=CARTESIAN_POINT('',(60.04625,-73.3145591369769,48.6373956569803));
#9935=CARTESIAN_POINT('Origin',(-8.495,8.49500000000001,41.6));
#9936=CARTESIAN_POINT('',(-8.495,-76.5722223797258,47.9305));
#9937=CARTESIAN_POINT('Origin',(-8.495,-76.5722223797258,52.4304986343384));
#9938=CARTESIAN_POINT('',(-8.495,-98.745,47.9305));
#9939=CARTESIAN_POINT('',(-8.495,-5.53499999999999,47.9305));
#9940=CARTESIAN_POINT('',(-8.495,-98.745,41.6));
#9941=CARTESIAN_POINT('',(-8.495,-19.565,47.9305));
#9942=CARTESIAN_POINT('Origin',(-8.245,-76.5722223797258,52.4304986343384));
#9943=CARTESIAN_POINT('',(-7.995,-76.5722223797258,47.4305));
#9944=CARTESIAN_POINT('',(-8.24499931716922,-76.5722223797258,47.6804993171692));
#9945=CARTESIAN_POINT('Origin',(-7.995,-76.5722223797258,52.4304986343384));
#9946=CARTESIAN_POINT('Origin',(-3.495,-98.745,41.6));
#9947=CARTESIAN_POINT('',(-3.495,-103.745,47.9305));
#9948=CARTESIAN_POINT('Origin',(-3.495,-98.745,47.9305));
#9949=CARTESIAN_POINT('',(-3.495,-103.745,41.6));
#9950=CARTESIAN_POINT('Origin',(-8.49499999999999,-103.745,41.6));
#9951=CARTESIAN_POINT('',(260.67,-103.745,47.9305));
#9952=CARTESIAN_POINT('',(60.04625,-103.745,47.9305));
#9953=CARTESIAN_POINT('',(260.67,-103.745,47.72));
#9954=CARTESIAN_POINT('Origin',(260.67,-98.745,59.87));
#9955=CARTESIAN_POINT('',(265.67,-98.745,59.12));
#9956=CARTESIAN_POINT('',(264.17,-98.745,60.62));
#9957=CARTESIAN_POINT('',(265.67,-98.745,59.12));
#9958=CARTESIAN_POINT('Origin',(260.67,-98.745,60.62));
#9959=CARTESIAN_POINT('Origin',(260.67,-98.745,59.12));
#9960=CARTESIAN_POINT('Origin',(128.5875,-47.625,60.62));
#9961=CARTESIAN_POINT('',(264.17,3.495,60.62));
#9962=CARTESIAN_POINT('',(264.17,-75.685,60.62));
#9963=CARTESIAN_POINT('Origin',(260.67,3.495,60.62));
#9964=CARTESIAN_POINT('Origin',(260.67,3.495,59.87));
#9965=CARTESIAN_POINT('',(265.67,3.495,59.12));
#9966=CARTESIAN_POINT('',(265.67,3.495,59.12));
#9967=CARTESIAN_POINT('Origin',(260.67,3.495,59.12));
#9968=CARTESIAN_POINT('Origin',(265.67,8.495,41.6));
#9969=CARTESIAN_POINT('',(197.12875,8.495,47.9305));
#9970=CARTESIAN_POINT('',(260.67,8.495,47.9305));
#9971=CARTESIAN_POINT('',(260.67,8.495,47.72));
#9972=CARTESIAN_POINT('',(197.12875,8.495,47.9305));
#9973=CARTESIAN_POINT('Origin',(265.67,-67.124998975754,50.9305));
#9974=CARTESIAN_POINT('',(265.17,-67.124998975754,50.9305));
#9975=CARTESIAN_POINT('',(265.17,-28.125001024246,50.9305));
#9976=CARTESIAN_POINT('',(265.17,-85.434999487877,50.9305));
#9977=CARTESIAN_POINT('',(262.67,-67.124998975754,50.9305));
#9978=CARTESIAN_POINT('',(265.67,-67.124998975754,50.9305));
#9979=CARTESIAN_POINT('',(262.67,-28.125001024246,50.9305));
#9980=CARTESIAN_POINT('',(262.67,-57.374999487877,50.9305));
#9981=CARTESIAN_POINT('',(265.67,-28.125001024246,50.9305));
#9982=CARTESIAN_POINT('Origin',(265.67,-28.125001024246,41.4305));
#9983=CARTESIAN_POINT('',(265.17,-21.9354408630231,48.6373956569803));
#9984=CARTESIAN_POINT('Origin',(265.17,-28.125001024246,41.4305));
#9985=CARTESIAN_POINT('',(262.67,-21.9354408630231,48.6373956569803));
#9986=CARTESIAN_POINT('Origin',(262.67,-28.125001024246,41.4305));
#9987=CARTESIAN_POINT('',(265.67,-21.9354408630231,48.6373956569803));
#9988=CARTESIAN_POINT('Origin',(238.125,-3.53,47.4305));
#9989=CARTESIAN_POINT('',(240.65,-3.53,47.4304986343384));
#9990=CARTESIAN_POINT('Origin',(238.125,-3.53,47.4304986343384));
#9991=CARTESIAN_POINT('',(240.65,-3.53,47.4305));
#9992=CARTESIAN_POINT('Origin',(213.55,-5.505,47.9305));
#9993=CARTESIAN_POINT('',(218.55,-5.505,47.4305));
#9994=CARTESIAN_POINT('',(217.55,-5.505,48.4305));
#9995=CARTESIAN_POINT('',(213.55,-0.505,47.4305));
#9996=CARTESIAN_POINT('',(213.55,-0.505,47.4305));
#9997=CARTESIAN_POINT('Origin',(213.55,-5.505,47.4305));
#9998=CARTESIAN_POINT('Origin',(218.05,-30.09,47.9305));
#9999=CARTESIAN_POINT('',(218.55,-8.555,47.4305));
#10000=CARTESIAN_POINT('',(218.55,-30.09,47.4305));
#10001=CARTESIAN_POINT('',(217.55,-8.555,48.4305));
#10002=CARTESIAN_POINT('Origin',(213.55,-8.555,47.9305));
#10003=CARTESIAN_POINT('',(213.55,-13.555,47.4305));
#10004=CARTESIAN_POINT('',(213.55,-12.555,48.4305));
#10005=CARTESIAN_POINT('Origin',(213.55,-8.555,47.4305));
#10006=CARTESIAN_POINT('Origin',(155.54375,-13.055,47.9305));
#10007=CARTESIAN_POINT('',(186.5,-13.555,47.4305));
#10008=CARTESIAN_POINT('',(155.54375,-13.555,47.4305));
#10009=CARTESIAN_POINT('',(186.5,-12.555,48.4305));
#10010=CARTESIAN_POINT('Origin',(186.5,-8.555,47.9305));
#10011=CARTESIAN_POINT('',(181.5,-8.55499999999997,47.4305));
#10012=CARTESIAN_POINT('',(182.5,-8.55499999999998,48.4305));
#10013=CARTESIAN_POINT('Origin',(186.5,-8.555,47.4305));
#10014=CARTESIAN_POINT('Origin',(182.,-24.5650000000002,47.9305));
#10015=CARTESIAN_POINT('',(181.5,-5.50499999999997,47.4305));
#10016=CARTESIAN_POINT('',(181.5,-24.5650000000002,47.4305));
#10017=CARTESIAN_POINT('',(182.5,-5.50499999999997,48.4305));
#10018=CARTESIAN_POINT('Origin',(186.5,-5.505,47.9305));
#10019=CARTESIAN_POINT('',(186.5,-0.505,47.4305));
#10020=CARTESIAN_POINT('',(186.5,-1.505,48.4305));
#10021=CARTESIAN_POINT('Origin',(186.5,-5.505,47.4305));
#10022=CARTESIAN_POINT('Origin',(173.06875,-1.005,47.9305));
#10023=CARTESIAN_POINT('',(173.06875,-0.505,47.4305));
#10024=CARTESIAN_POINT('Origin',(205.461,-99.745,47.4305));
#10025=CARTESIAN_POINT('',(205.461,-98.245,47.4305));
#10026=CARTESIAN_POINT('',(205.461,-101.245,47.4305));
#10027=CARTESIAN_POINT('Origin',(205.461,-99.745,47.4304986343384));
#10028=CARTESIAN_POINT('',(205.461,-98.245,47.4305));
#10029=CARTESIAN_POINT('',(205.461,-101.245,47.4305));
#10030=CARTESIAN_POINT('Origin',(215.461,-98.245,47.4305));
#10031=CARTESIAN_POINT('',(215.461,-98.245,47.4305));
#10032=CARTESIAN_POINT('',(172.02425,-98.245,47.4304986343384));
#10033=CARTESIAN_POINT('',(215.461,-98.245,47.4305));
#10034=CARTESIAN_POINT('Origin',(215.461,-99.745,47.4305));
#10035=CARTESIAN_POINT('',(215.461,-101.245,47.4305));
#10036=CARTESIAN_POINT('Origin',(215.461,-99.745,47.4304986343384));
#10037=CARTESIAN_POINT('',(215.461,-101.245,47.4305));
#10038=CARTESIAN_POINT('Origin',(205.461,-101.245,47.4305));
#10039=CARTESIAN_POINT('',(167.02425,-101.245,47.4304986343384));
#10040=CARTESIAN_POINT('Origin',(150.97775,-99.745,47.4305));
#10041=CARTESIAN_POINT('',(150.97775,-98.245,47.4305));
#10042=CARTESIAN_POINT('',(150.97775,-101.245,47.4305));
#10043=CARTESIAN_POINT('Origin',(150.97775,-99.745,47.4304986343384));
#10044=CARTESIAN_POINT('',(150.97775,-98.245,47.4305));
#10045=CARTESIAN_POINT('',(150.97775,-101.245,47.4305));
#10046=CARTESIAN_POINT('Origin',(160.97775,-98.245,47.4305));
#10047=CARTESIAN_POINT('',(160.97775,-98.245,47.4305));
#10048=CARTESIAN_POINT('',(144.782625,-98.245,47.4304986343384));
#10049=CARTESIAN_POINT('',(160.97775,-98.245,47.4305));
#10050=CARTESIAN_POINT('Origin',(160.97775,-99.745,47.4305));
#10051=CARTESIAN_POINT('',(160.97775,-101.245,47.4305));
#10052=CARTESIAN_POINT('Origin',(160.97775,-99.745,47.4304986343384));
#10053=CARTESIAN_POINT('',(160.97775,-101.245,47.4305));
#10054=CARTESIAN_POINT('Origin',(150.97775,-101.245,47.4305));
#10055=CARTESIAN_POINT('',(139.782625,-101.245,47.4304986343384));
#10056=CARTESIAN_POINT('Origin',(51.713875,-99.745,47.4305));
#10057=CARTESIAN_POINT('',(51.713875,-101.245,47.4305));
#10058=CARTESIAN_POINT('',(51.713875,-98.245,47.4305));
#10059=CARTESIAN_POINT('Origin',(51.713875,-99.745,47.4304986343384));
#10060=CARTESIAN_POINT('',(51.713875,-101.245,47.4305));
#10061=CARTESIAN_POINT('',(51.713875,-98.245,47.4305));
#10062=CARTESIAN_POINT('Origin',(41.713875,-101.245,47.4305));
#10063=CARTESIAN_POINT('',(41.713875,-101.245,47.4305));
#10064=CARTESIAN_POINT('',(85.1506875,-101.245,47.4304986343384));
#10065=CARTESIAN_POINT('',(41.713875,-101.245,47.4305));
#10066=CARTESIAN_POINT('Origin',(41.713875,-99.745,47.4305));
#10067=CARTESIAN_POINT('',(41.713875,-98.245,47.4305));
#10068=CARTESIAN_POINT('Origin',(41.713875,-99.745,47.4304986343384));
#10069=CARTESIAN_POINT('',(41.713875,-98.245,47.4305));
#10070=CARTESIAN_POINT('Origin',(51.713875,-98.245,47.4305));
#10071=CARTESIAN_POINT('',(90.1506875,-98.245,47.4304986343384));
#10072=CARTESIAN_POINT('Origin',(96.19675,-99.745,47.4305));
#10073=CARTESIAN_POINT('',(96.19675,-98.245,47.4305));
#10074=CARTESIAN_POINT('',(96.19675,-101.245,47.4305));
#10075=CARTESIAN_POINT('Origin',(96.19675,-99.745,47.4304986343384));
#10076=CARTESIAN_POINT('',(96.19675,-98.245,47.4305));
#10077=CARTESIAN_POINT('',(96.19675,-101.245,47.4305));
#10078=CARTESIAN_POINT('Origin',(106.19675,-98.245,47.4305));
#10079=CARTESIAN_POINT('',(106.19675,-98.245,47.4305));
#10080=CARTESIAN_POINT('',(117.392125,-98.245,47.4304986343384));
#10081=CARTESIAN_POINT('',(106.19675,-98.245,47.4305));
#10082=CARTESIAN_POINT('Origin',(106.19675,-99.745,47.4305));
#10083=CARTESIAN_POINT('',(106.19675,-101.245,47.4305));
#10084=CARTESIAN_POINT('Origin',(106.19675,-99.745,47.4304986343384));
#10085=CARTESIAN_POINT('',(106.19675,-101.245,47.4305));
#10086=CARTESIAN_POINT('Origin',(96.19675,-101.245,47.4305));
#10087=CARTESIAN_POINT('',(112.392125,-101.245,47.4304986343384));
#10088=CARTESIAN_POINT('Origin',(7.00499999999999,4.495,47.4305));
#10089=CARTESIAN_POINT('',(4.47999999999999,4.495,47.4305));
#10090=CARTESIAN_POINT('Origin',(7.00499999999999,4.495,47.4304986343384));
#10091=CARTESIAN_POINT('',(4.47999999999999,4.495,47.4305));
#10092=CARTESIAN_POINT('Origin',(7.005,-99.745,47.4305));
#10093=CARTESIAN_POINT('',(4.47999999999999,-99.745,47.4305));
#10094=CARTESIAN_POINT('Origin',(7.005,-99.745,47.4304986343384));
#10095=CARTESIAN_POINT('',(4.47999999999999,-99.745,47.4305));
#10096=CARTESIAN_POINT('Origin',(77.005,4.495,47.4305));
#10097=CARTESIAN_POINT('',(74.48,4.495,47.4305));
#10098=CARTESIAN_POINT('Origin',(77.005,4.495,47.4304986343384));
#10099=CARTESIAN_POINT('',(74.48,4.495,47.4305));
#10100=CARTESIAN_POINT('Origin',(250.17,-99.745,47.4305));
#10101=CARTESIAN_POINT('',(247.645,-99.745,47.4305));
#10102=CARTESIAN_POINT('Origin',(250.17,-99.745,47.4304986343384));
#10103=CARTESIAN_POINT('',(247.645,-99.745,47.4305));
#10104=CARTESIAN_POINT('Origin',(161.925,-3.53000000000001,47.4305));
#10105=CARTESIAN_POINT('',(164.45,-3.53000000000001,47.4304986343384));
#10106=CARTESIAN_POINT('Origin',(161.925,-3.53000000000001,47.4304986343384));
#10107=CARTESIAN_POINT('',(164.45,-3.53,47.4305));
#10108=CARTESIAN_POINT('Origin',(128.5875,-99.745,47.4305));
#10109=CARTESIAN_POINT('',(131.1125,-99.745,47.4304986343384));
#10110=CARTESIAN_POINT('Origin',(128.5875,-99.745,47.4304986343384));
#10111=CARTESIAN_POINT('',(131.1125,-99.745,47.4305));
#10112=CARTESIAN_POINT('Origin',(265.67,-18.6777776202742,52.4304986343384));
#10113=CARTESIAN_POINT('',(265.169998634338,-18.6777776202742,47.4304986343384));
#10114=CARTESIAN_POINT('Origin',(265.17,-18.6777776202742,52.4304986343384));
#10115=CARTESIAN_POINT('',(262.67,-18.6777776202742,47.4304986343384));
#10116=CARTESIAN_POINT('Origin',(262.67,-18.6777776202742,52.4304986343384));
#10117=CARTESIAN_POINT('',(265.67,-18.6777776202742,47.4304986343384));
#10118=CARTESIAN_POINT('Origin',(260.67,3.495,47.6805));
#10119=CARTESIAN_POINT('',(260.67,7.99499999999998,47.4305));
#10120=CARTESIAN_POINT('',(260.67,7.99499999999998,47.4305));
#10121=CARTESIAN_POINT('',(265.67,3.495,47.9305));
#10122=CARTESIAN_POINT('Origin',(260.67,3.495,47.9305));
#10123=CARTESIAN_POINT('',(265.17,3.495,47.4305));
#10124=CARTESIAN_POINT('',(265.17,3.495,47.4305));
#10125=CARTESIAN_POINT('Origin',(260.67,3.495,47.4305));
#10126=CARTESIAN_POINT('Origin',(197.12875,8.245,47.6805));
#10127=CARTESIAN_POINT('',(197.12875,7.995,47.4305));
#10128=CARTESIAN_POINT('Origin',(136.0875,8.495,43.93));
#10129=CARTESIAN_POINT('',(136.0875,6.995,47.4305));
#10130=CARTESIAN_POINT('',(136.0875,-19.565,47.4305));
#10131=CARTESIAN_POINT('',(136.0875,6.995,45.68));
#10132=CARTESIAN_POINT('Origin',(133.5575,8.495,47.1454));
#10133=CARTESIAN_POINT('',(133.5575,5.495,47.4305));
#10134=CARTESIAN_POINT('',(133.5575,5.495,44.3727));
#10135=CARTESIAN_POINT('',(133.5575,6.99500000000001,47.4305));
#10136=CARTESIAN_POINT('',(133.5575,6.995,47.2877));
#10137=CARTESIAN_POINT('',(133.5575,-19.565,47.4305));
#10138=CARTESIAN_POINT('Origin',(141.3825,3.895,47.5305));
#10139=CARTESIAN_POINT('',(140.557878874876,5.495,47.4305));
#10140=CARTESIAN_POINT('',(143.1825,3.895,47.4305));
#10141=CARTESIAN_POINT('Origin',(141.3825,3.895,47.4305));
#10142=CARTESIAN_POINT('',(143.1825,3.895,47.4305));
#10143=CARTESIAN_POINT('Ctrl Pts',(141.3825,5.495,47.6305));
#10144=CARTESIAN_POINT('Ctrl Pts',(140.994442999942,5.495,47.6305));
#10145=CARTESIAN_POINT('Ctrl Pts',(140.557878874876,5.495,47.4305));
#10146=CARTESIAN_POINT('Origin',(143.0825,-22.0527759677622,47.5305));
#10147=CARTESIAN_POINT('',(143.1825,-16.955,47.4305));
#10148=CARTESIAN_POINT('',(143.1825,-16.955,47.4305));
#10149=CARTESIAN_POINT('',(143.1825,-22.0527759677622,47.4305));
#10150=CARTESIAN_POINT('Origin',(144.5825,-16.955,47.5305));
#10151=CARTESIAN_POINT('',(144.5825,-18.355,47.4305));
#10152=CARTESIAN_POINT('',(144.5825,-18.355,47.4305));
#10153=CARTESIAN_POINT('Origin',(144.5825,-16.955,47.4305));
#10154=CARTESIAN_POINT('Origin',(136.297224032238,-18.455,47.5305));
#10155=CARTESIAN_POINT('',(157.425,-18.355,47.4305));
#10156=CARTESIAN_POINT('',(157.425,-18.355,47.4305));
#10157=CARTESIAN_POINT('',(136.297224032238,-18.355,47.4305));
#10158=CARTESIAN_POINT('Origin',(157.425,-17.555,47.5305));
#10159=CARTESIAN_POINT('',(158.225,-17.555,47.4305));
#10160=CARTESIAN_POINT('',(158.225,-17.555,47.4305));
#10161=CARTESIAN_POINT('Origin',(157.425,-17.555,47.4305));
#10162=CARTESIAN_POINT('Origin',(158.325,-32.5875,47.5305));
#10163=CARTESIAN_POINT('',(158.225,-15.555,47.4305));
#10164=CARTESIAN_POINT('',(158.225,-32.5875,47.4305));
#10165=CARTESIAN_POINT('',(158.225,-15.555,47.4305));
#10166=CARTESIAN_POINT('Origin',(159.925,-15.555,47.5305));
#10167=CARTESIAN_POINT('',(159.7023,-13.869649974041,47.4305));
#10168=CARTESIAN_POINT('Origin',(159.925,-15.555,47.4305));
#10169=CARTESIAN_POINT('',(159.7023,-13.869649974041,47.4305));
#10170=CARTESIAN_POINT('Origin',(159.5975,-13.0765440794721,47.5305));
#10171=CARTESIAN_POINT('',(160.145147058823,-13.6597101784198,47.4305));
#10172=CARTESIAN_POINT('',(160.145147058823,-13.6597101784198,47.4305));
#10173=CARTESIAN_POINT('Origin',(159.5975,-13.0765440794721,47.4305));
#10174=CARTESIAN_POINT('Origin',(161.925,-15.555,47.5305));
#10175=CARTESIAN_POINT('',(163.704852941177,-13.6597101784198,47.4305));
#10176=CARTESIAN_POINT('Origin',(161.925,-15.555,47.4305));
#10177=CARTESIAN_POINT('',(163.704852941177,-13.6597101784198,47.4305));
#10178=CARTESIAN_POINT('Origin',(164.2525,-13.0765440794721,47.5305));
#10179=CARTESIAN_POINT('',(164.1477,-13.869649974041,47.4305));
#10180=CARTESIAN_POINT('',(164.1477,-13.869649974041,47.4305));
#10181=CARTESIAN_POINT('Origin',(164.2525,-13.0765440794721,47.4305));
#10182=CARTESIAN_POINT('Origin',(163.925,-15.555,47.5305));
#10183=CARTESIAN_POINT('',(165.625,-15.555,47.4305));
#10184=CARTESIAN_POINT('Origin',(163.925,-15.555,47.4305));
#10185=CARTESIAN_POINT('',(165.625,-15.555,47.4305));
#10186=CARTESIAN_POINT('Origin',(165.525,-31.59,47.5305));
#10187=CARTESIAN_POINT('',(165.625,-17.555,47.4305));
#10188=CARTESIAN_POINT('',(165.625,-31.59,47.4305));
#10189=CARTESIAN_POINT('',(165.625,-17.555,47.4305));
#10190=CARTESIAN_POINT('Origin',(166.425,-17.555,47.5305));
#10191=CARTESIAN_POINT('',(166.425,-18.355,47.4305));
#10192=CARTESIAN_POINT('',(166.425,-18.355,47.4305));
#10193=CARTESIAN_POINT('Origin',(166.425,-17.555,47.4305));
#10194=CARTESIAN_POINT('Origin',(136.297224032238,-18.455,47.5305));
#10195=CARTESIAN_POINT('',(233.625,-18.355,47.4305));
#10196=CARTESIAN_POINT('',(233.625,-18.355,47.4305));
#10197=CARTESIAN_POINT('',(136.297224032238,-18.355,47.4305));
#10198=CARTESIAN_POINT('Origin',(233.625,-17.555,47.5305));
#10199=CARTESIAN_POINT('',(234.425,-17.555,47.4305));
#10200=CARTESIAN_POINT('',(234.425,-17.555,47.4305));
#10201=CARTESIAN_POINT('Origin',(233.625,-17.555,47.4305));
#10202=CARTESIAN_POINT('Origin',(234.525,-32.5875,47.5305));
#10203=CARTESIAN_POINT('',(234.425,-15.555,47.4305));
#10204=CARTESIAN_POINT('',(234.425,-32.5875,47.4305));
#10205=CARTESIAN_POINT('',(234.425,-15.555,47.4305));
#10206=CARTESIAN_POINT('Origin',(236.125,-15.555,47.5305));
#10207=CARTESIAN_POINT('',(235.9023,-13.869649974041,47.4305));
#10208=CARTESIAN_POINT('Origin',(236.125,-15.555,47.4305));
#10209=CARTESIAN_POINT('',(235.9023,-13.869649974041,47.4305));
#10210=CARTESIAN_POINT('Origin',(235.7975,-13.0765440794721,47.5305));
#10211=CARTESIAN_POINT('',(236.345147058824,-13.6597101784198,47.4305));
#10212=CARTESIAN_POINT('Origin',(235.7975,-13.0765440794721,47.4305));
#10213=CARTESIAN_POINT('',(236.345147058824,-13.6597101784198,47.4305));
#10214=CARTESIAN_POINT('Origin',(238.125,-15.555,47.5305));
#10215=CARTESIAN_POINT('',(239.904852941177,-13.6597101784198,47.4305));
#10216=CARTESIAN_POINT('Origin',(238.125,-15.555,47.4305));
#10217=CARTESIAN_POINT('',(239.904852941177,-13.6597101784198,47.4305));
#10218=CARTESIAN_POINT('Origin',(240.4525,-13.0765440794721,47.5305));
#10219=CARTESIAN_POINT('',(240.3477,-13.869649974041,47.4305));
#10220=CARTESIAN_POINT('Origin',(240.4525,-13.0765440794721,47.4305));
#10221=CARTESIAN_POINT('',(240.3477,-13.869649974041,47.4305));
#10222=CARTESIAN_POINT('Origin',(240.125,-15.555,47.5305));
#10223=CARTESIAN_POINT('',(241.825,-15.555,47.4305));
#10224=CARTESIAN_POINT('Origin',(240.125,-15.555,47.4305));
#10225=CARTESIAN_POINT('',(241.825,-15.555,47.4305));
#10226=CARTESIAN_POINT('Origin',(241.725,-31.59,47.5305));
#10227=CARTESIAN_POINT('',(241.825,-17.555,47.4305));
#10228=CARTESIAN_POINT('',(241.825,-31.59,47.4305));
#10229=CARTESIAN_POINT('',(241.825,-17.555,47.4305));
#10230=CARTESIAN_POINT('Origin',(242.625,-17.555,47.5305));
#10231=CARTESIAN_POINT('',(242.625,-18.355,47.4305));
#10232=CARTESIAN_POINT('',(242.625,-18.355,47.4305));
#10233=CARTESIAN_POINT('Origin',(242.625,-17.555,47.4305));
#10234=CARTESIAN_POINT('Origin',(136.297224032238,-18.455,47.5305));
#10235=CARTESIAN_POINT('',(256.07,-18.355,47.4305));
#10236=CARTESIAN_POINT('',(256.07,-18.355,47.4305));
#10237=CARTESIAN_POINT('',(136.297224032238,-18.355,47.4305));
#10238=CARTESIAN_POINT('Origin',(256.07,-20.155,47.5305));
#10239=CARTESIAN_POINT('',(257.87,-20.155,47.4305));
#10240=CARTESIAN_POINT('',(257.87,-20.155,47.4305));
#10241=CARTESIAN_POINT('Origin',(256.07,-20.155,47.4305));
#10242=CARTESIAN_POINT('Origin',(257.77,-31.5777759677621,47.5305));
#10243=CARTESIAN_POINT('',(257.87,-94.145,47.4305));
#10244=CARTESIAN_POINT('',(257.87,-94.145,47.4305));
#10245=CARTESIAN_POINT('',(257.87,-31.5777759677621,47.4305));
#10246=CARTESIAN_POINT('Origin',(256.07,-94.145,47.5305));
#10247=CARTESIAN_POINT('',(256.07,-95.945,47.4305));
#10248=CARTESIAN_POINT('',(256.07,-95.945,47.4305));
#10249=CARTESIAN_POINT('Origin',(256.07,-94.145,47.4305));
#10250=CARTESIAN_POINT('Origin',(176.048366451391,-95.845,47.5305));
#10251=CARTESIAN_POINT('',(239.053125,-95.945,47.4305));
#10252=CARTESIAN_POINT('',(239.053125,-95.945,47.4305));
#10253=CARTESIAN_POINT('',(176.048366451391,-95.945,47.4305));
#10254=CARTESIAN_POINT('Origin',(239.053125,-96.745,47.5305));
#10255=CARTESIAN_POINT('',(238.253125,-96.745,47.4305));
#10256=CARTESIAN_POINT('',(238.253125,-96.745,47.4305));
#10257=CARTESIAN_POINT('Origin',(239.053125,-96.745,47.4305));
#10258=CARTESIAN_POINT('Origin',(238.153125,-72.1875,47.5305));
#10259=CARTESIAN_POINT('',(238.253125,-98.745,47.4305));
#10260=CARTESIAN_POINT('',(238.253125,-72.1875,47.4305));
#10261=CARTESIAN_POINT('',(238.253125,-98.745,47.4305));
#10262=CARTESIAN_POINT('Origin',(236.553125,-98.745,47.5305));
#10263=CARTESIAN_POINT('',(236.775825,-100.430350025959,47.4305));
#10264=CARTESIAN_POINT('Origin',(236.553125,-98.745,47.4305));
#10265=CARTESIAN_POINT('',(236.775825,-100.430350025959,47.4305));
#10266=CARTESIAN_POINT('Origin',(236.880625,-101.223455920528,47.5305));
#10267=CARTESIAN_POINT('',(236.332977941177,-100.64028982158,47.4305));
#10268=CARTESIAN_POINT('',(236.332977941177,-100.64028982158,47.4305));
#10269=CARTESIAN_POINT('Origin',(236.880625,-101.223455920528,47.4305));
#10270=CARTESIAN_POINT('Origin',(234.553125,-98.745,47.5305));
#10271=CARTESIAN_POINT('',(232.773272058824,-100.64028982158,47.4305));
#10272=CARTESIAN_POINT('Origin',(234.553125,-98.745,47.4305));
#10273=CARTESIAN_POINT('',(232.773272058824,-100.64028982158,47.4305));
#10274=CARTESIAN_POINT('Origin',(232.225625,-101.223455920528,47.5305));
#10275=CARTESIAN_POINT('',(232.330425,-100.430350025959,47.4305));
#10276=CARTESIAN_POINT('',(232.330425,-100.430350025959,47.4305));
#10277=CARTESIAN_POINT('Origin',(232.225625,-101.223455920528,47.4305));
#10278=CARTESIAN_POINT('Origin',(232.553125,-98.745,47.5305));
#10279=CARTESIAN_POINT('',(230.853125,-98.745,47.4305));
#10280=CARTESIAN_POINT('Origin',(232.553125,-98.745,47.4305));
#10281=CARTESIAN_POINT('',(230.853125,-98.745,47.4305));
#10282=CARTESIAN_POINT('Origin',(230.953125,-73.185,47.5305));
#10283=CARTESIAN_POINT('',(230.853125,-96.745,47.4305));
#10284=CARTESIAN_POINT('',(230.853125,-73.185,47.4305));
#10285=CARTESIAN_POINT('',(230.853125,-96.745,47.4305));
#10286=CARTESIAN_POINT('Origin',(230.053125,-96.745,47.5305));
#10287=CARTESIAN_POINT('',(230.053125,-95.945,47.4305));
#10288=CARTESIAN_POINT('',(230.053125,-95.945,47.4305));
#10289=CARTESIAN_POINT('Origin',(230.053125,-96.745,47.4305));
#10290=CARTESIAN_POINT('Origin',(176.048366451391,-95.845,47.5305));
#10291=CARTESIAN_POINT('',(190.86875,-95.945,47.4305));
#10292=CARTESIAN_POINT('',(190.86875,-95.945,47.4305));
#10293=CARTESIAN_POINT('',(176.048366451391,-95.945,47.4305));
#10294=CARTESIAN_POINT('Origin',(190.86875,-96.745,47.5305));
#10295=CARTESIAN_POINT('',(190.06875,-96.745,47.4305));
#10296=CARTESIAN_POINT('',(190.06875,-96.745,47.4305));
#10297=CARTESIAN_POINT('Origin',(190.86875,-96.745,47.4305));
#10298=CARTESIAN_POINT('Origin',(189.96875,-72.1875,47.5305));
#10299=CARTESIAN_POINT('',(190.06875,-98.745,47.4305));
#10300=CARTESIAN_POINT('',(190.06875,-72.1875,47.4305));
#10301=CARTESIAN_POINT('',(190.06875,-98.745,47.4305));
#10302=CARTESIAN_POINT('Origin',(188.36875,-98.745,47.5305));
#10303=CARTESIAN_POINT('',(188.59145,-100.430350025959,47.4305));
#10304=CARTESIAN_POINT('Origin',(188.36875,-98.745,47.4305));
#10305=CARTESIAN_POINT('',(188.59145,-100.430350025959,47.4305));
#10306=CARTESIAN_POINT('Origin',(188.69625,-101.223455920528,47.5305));
#10307=CARTESIAN_POINT('',(188.148602941177,-100.64028982158,47.4305));
#10308=CARTESIAN_POINT('',(188.148602941177,-100.64028982158,47.4305));
#10309=CARTESIAN_POINT('Origin',(188.69625,-101.223455920528,47.4305));
#10310=CARTESIAN_POINT('Origin',(186.36875,-98.745,47.5305));
#10311=CARTESIAN_POINT('',(184.588897058824,-100.64028982158,47.4305));
#10312=CARTESIAN_POINT('Origin',(186.36875,-98.745,47.4305));
#10313=CARTESIAN_POINT('',(184.588897058824,-100.64028982158,47.4305));
#10314=CARTESIAN_POINT('Origin',(184.04125,-101.223455920528,47.5305));
#10315=CARTESIAN_POINT('',(184.14605,-100.430350025959,47.4305));
#10316=CARTESIAN_POINT('',(184.14605,-100.430350025959,47.4305));
#10317=CARTESIAN_POINT('Origin',(184.04125,-101.223455920528,47.4305));
#10318=CARTESIAN_POINT('Origin',(184.36875,-98.745,47.5305));
#10319=CARTESIAN_POINT('',(182.66875,-98.745,47.4305));
#10320=CARTESIAN_POINT('Origin',(184.36875,-98.745,47.4305));
#10321=CARTESIAN_POINT('',(182.66875,-98.745,47.4305));
#10322=CARTESIAN_POINT('Origin',(182.76875,-73.185,47.5305));
#10323=CARTESIAN_POINT('',(182.66875,-96.745,47.4305));
#10324=CARTESIAN_POINT('',(182.66875,-73.185,47.4305));
#10325=CARTESIAN_POINT('',(182.66875,-96.745,47.4305));
#10326=CARTESIAN_POINT('Origin',(181.86875,-96.745,47.5305));
#10327=CARTESIAN_POINT('',(181.86875,-95.945,47.4305));
#10328=CARTESIAN_POINT('',(181.86875,-95.945,47.4305));
#10329=CARTESIAN_POINT('Origin',(181.86875,-96.745,47.4305));
#10330=CARTESIAN_POINT('Origin',(176.048366451391,-95.845,47.5305));
#10331=CARTESIAN_POINT('',(75.30625,-95.945,47.4305));
#10332=CARTESIAN_POINT('',(75.30625,-95.945,47.4305));
#10333=CARTESIAN_POINT('',(176.048366451391,-95.945,47.4305));
#10334=CARTESIAN_POINT('Origin',(75.30625,-96.745,47.5305));
#10335=CARTESIAN_POINT('',(74.50625,-96.745,47.4305));
#10336=CARTESIAN_POINT('',(74.50625,-96.745,47.4305));
#10337=CARTESIAN_POINT('Origin',(75.30625,-96.745,47.4305));
#10338=CARTESIAN_POINT('Origin',(74.40625,-72.1875,47.5305));
#10339=CARTESIAN_POINT('',(74.50625,-98.745,47.4305));
#10340=CARTESIAN_POINT('',(74.50625,-72.1875,47.4305));
#10341=CARTESIAN_POINT('',(74.50625,-98.745,47.4305));
#10342=CARTESIAN_POINT('Origin',(72.80625,-98.745,47.5305));
#10343=CARTESIAN_POINT('',(73.02895,-100.430350025959,47.4305));
#10344=CARTESIAN_POINT('Origin',(72.80625,-98.745,47.4305));
#10345=CARTESIAN_POINT('',(73.02895,-100.430350025959,47.4305));
#10346=CARTESIAN_POINT('Origin',(73.13375,-101.223455920528,47.5305));
#10347=CARTESIAN_POINT('',(72.5861029411765,-100.64028982158,47.4305));
#10348=CARTESIAN_POINT('',(72.5861029411765,-100.64028982158,47.4305));
#10349=CARTESIAN_POINT('Origin',(73.13375,-101.223455920528,47.4305));
#10350=CARTESIAN_POINT('Origin',(70.80625,-98.745,47.5305));
#10351=CARTESIAN_POINT('',(69.0263970588235,-100.64028982158,47.4305));
#10352=CARTESIAN_POINT('Origin',(70.80625,-98.745,47.4305));
#10353=CARTESIAN_POINT('',(69.0263970588235,-100.64028982158,47.4305));
#10354=CARTESIAN_POINT('Origin',(68.47875,-101.223455920528,47.5305));
#10355=CARTESIAN_POINT('',(68.58355,-100.430350025959,47.4305));
#10356=CARTESIAN_POINT('',(68.58355,-100.430350025959,47.4305));
#10357=CARTESIAN_POINT('Origin',(68.47875,-101.223455920528,47.4305));
#10358=CARTESIAN_POINT('Origin',(68.80625,-98.745,47.5305));
#10359=CARTESIAN_POINT('',(67.10625,-98.745,47.4305));
#10360=CARTESIAN_POINT('Origin',(68.80625,-98.745,47.4305));
#10361=CARTESIAN_POINT('',(67.10625,-98.745,47.4305));
#10362=CARTESIAN_POINT('Origin',(67.20625,-73.185,47.5305));
#10363=CARTESIAN_POINT('',(67.10625,-96.745,47.4305));
#10364=CARTESIAN_POINT('',(67.10625,-73.185,47.4305));
#10365=CARTESIAN_POINT('',(67.10625,-96.745,47.4305));
#10366=CARTESIAN_POINT('Origin',(66.30625,-96.745,47.5305));
#10367=CARTESIAN_POINT('',(66.30625,-95.945,47.4305));
#10368=CARTESIAN_POINT('',(66.30625,-95.945,47.4305));
#10369=CARTESIAN_POINT('Origin',(66.30625,-96.745,47.4305));
#10370=CARTESIAN_POINT('Origin',(176.048366451391,-95.845,47.5305));
#10371=CARTESIAN_POINT('',(27.121875,-95.945,47.4305));
#10372=CARTESIAN_POINT('',(27.121875,-95.945,47.4305));
#10373=CARTESIAN_POINT('',(176.048366451391,-95.945,47.4305));
#10374=CARTESIAN_POINT('Origin',(27.121875,-96.745,47.5305));
#10375=CARTESIAN_POINT('',(26.321875,-96.745,47.4305));
#10376=CARTESIAN_POINT('',(26.321875,-96.745,47.4305));
#10377=CARTESIAN_POINT('Origin',(27.121875,-96.745,47.4305));
#10378=CARTESIAN_POINT('Origin',(26.221875,-72.1875,47.5305));
#10379=CARTESIAN_POINT('',(26.321875,-98.745,47.4305));
#10380=CARTESIAN_POINT('',(26.321875,-72.1875,47.4305));
#10381=CARTESIAN_POINT('',(26.321875,-98.745,47.4305));
#10382=CARTESIAN_POINT('Origin',(24.621875,-98.745,47.5305));
#10383=CARTESIAN_POINT('',(24.844575,-100.430350025959,47.4305));
#10384=CARTESIAN_POINT('Origin',(24.621875,-98.745,47.4305));
#10385=CARTESIAN_POINT('',(24.844575,-100.430350025959,47.4305));
#10386=CARTESIAN_POINT('Origin',(24.949375,-101.223455920528,47.5305));
#10387=CARTESIAN_POINT('',(24.4017279411764,-100.64028982158,47.4305));
#10388=CARTESIAN_POINT('',(24.4017279411764,-100.64028982158,47.4305));
#10389=CARTESIAN_POINT('Origin',(24.949375,-101.223455920528,47.4305));
#10390=CARTESIAN_POINT('Origin',(22.621875,-98.745,47.5305));
#10391=CARTESIAN_POINT('',(20.8420220588235,-100.64028982158,47.4305));
#10392=CARTESIAN_POINT('Origin',(22.621875,-98.745,47.4305));
#10393=CARTESIAN_POINT('',(20.8420220588235,-100.64028982158,47.4305));
#10394=CARTESIAN_POINT('Origin',(20.294375,-101.223455920528,47.5305));
#10395=CARTESIAN_POINT('',(20.399175,-100.430350025959,47.4305));
#10396=CARTESIAN_POINT('',(20.399175,-100.430350025959,47.4305));
#10397=CARTESIAN_POINT('Origin',(20.294375,-101.223455920528,47.4305));
#10398=CARTESIAN_POINT('Origin',(20.621875,-98.745,47.5305));
#10399=CARTESIAN_POINT('',(18.921875,-98.745,47.4305));
#10400=CARTESIAN_POINT('Origin',(20.621875,-98.745,47.4305));
#10401=CARTESIAN_POINT('',(18.921875,-98.745,47.4305));
#10402=CARTESIAN_POINT('Origin',(19.021875,-73.185,47.5305));
#10403=CARTESIAN_POINT('',(18.921875,-96.745,47.4305));
#10404=CARTESIAN_POINT('',(18.921875,-73.185,47.4305));
#10405=CARTESIAN_POINT('',(18.921875,-96.745,47.4305));
#10406=CARTESIAN_POINT('Origin',(18.121875,-96.745,47.5305));
#10407=CARTESIAN_POINT('',(18.121875,-95.945,47.4305));
#10408=CARTESIAN_POINT('',(18.121875,-95.945,47.4305));
#10409=CARTESIAN_POINT('Origin',(18.121875,-96.745,47.4305));
#10410=CARTESIAN_POINT('Origin',(176.048366451391,-95.845,47.5305));
#10411=CARTESIAN_POINT('',(1.10499999999998,-95.945,47.4305));
#10412=CARTESIAN_POINT('',(1.10499999999998,-95.945,47.4305));
#10413=CARTESIAN_POINT('',(176.048366451391,-95.945,47.4305));
#10414=CARTESIAN_POINT('Origin',(1.10499999999998,-94.145,47.5305));
#10415=CARTESIAN_POINT('',(-0.695000000000015,-94.145,47.4305));
#10416=CARTESIAN_POINT('',(-0.695000000000015,-94.145,47.4305));
#10417=CARTESIAN_POINT('Origin',(1.10499999999998,-94.145,47.4305));
#10418=CARTESIAN_POINT('Origin',(-0.594999999999998,-73.1972240322378,47.5305));
#10419=CARTESIAN_POINT('',(-0.694999999999997,-1.105,47.4305));
#10420=CARTESIAN_POINT('',(-0.694999999999997,-1.105,47.4305));
#10421=CARTESIAN_POINT('',(-0.694999999999997,-73.1972240322378,47.4305));
#10422=CARTESIAN_POINT('Origin',(1.105,-1.105,47.5305));
#10423=CARTESIAN_POINT('',(1.105,0.695,47.4305));
#10424=CARTESIAN_POINT('',(1.105,0.695,47.4305));
#10425=CARTESIAN_POINT('Origin',(1.105,-1.105,47.4305));
#10426=CARTESIAN_POINT('Origin',(81.1141329410504,0.594999999999999,47.5305));
#10427=CARTESIAN_POINT('',(14.55,0.694999999999996,47.4305));
#10428=CARTESIAN_POINT('',(14.55,0.694999999999996,47.4305));
#10429=CARTESIAN_POINT('',(81.1141329410504,0.694999999999997,47.4305));
#10430=CARTESIAN_POINT('Origin',(14.55,1.495,47.5305));
#10431=CARTESIAN_POINT('',(15.35,1.495,47.4305));
#10432=CARTESIAN_POINT('',(15.35,1.495,47.4305));
#10433=CARTESIAN_POINT('Origin',(14.55,1.495,47.4305));
#10434=CARTESIAN_POINT('Origin',(15.45,-23.0625,47.5305));
#10435=CARTESIAN_POINT('',(15.35,3.495,47.4305));
#10436=CARTESIAN_POINT('',(15.35,-23.0625,47.4305));
#10437=CARTESIAN_POINT('',(15.35,3.495,47.4305));
#10438=CARTESIAN_POINT('Origin',(17.05,3.495,47.5305));
#10439=CARTESIAN_POINT('',(16.8273,5.180350025959,47.4305));
#10440=CARTESIAN_POINT('Origin',(17.05,3.495,47.4305));
#10441=CARTESIAN_POINT('',(16.8273,5.180350025959,47.4305));
#10442=CARTESIAN_POINT('Origin',(16.7225,5.97345592052794,47.5305));
#10443=CARTESIAN_POINT('',(17.2701470588235,5.39028982158019,47.4305));
#10444=CARTESIAN_POINT('',(17.2701470588235,5.39028982158019,47.4305));
#10445=CARTESIAN_POINT('Origin',(16.7225,5.97345592052794,47.4305));
#10446=CARTESIAN_POINT('Origin',(19.05,3.495,47.5305));
#10447=CARTESIAN_POINT('',(20.8298529411765,5.3902898215802,47.4305));
#10448=CARTESIAN_POINT('Origin',(19.05,3.495,47.4305));
#10449=CARTESIAN_POINT('',(20.8298529411765,5.3902898215802,47.4305));
#10450=CARTESIAN_POINT('Origin',(21.3775,5.97345592052795,47.5305));
#10451=CARTESIAN_POINT('',(21.2727,5.18035002595901,47.4305));
#10452=CARTESIAN_POINT('',(21.2727,5.18035002595901,47.4305));
#10453=CARTESIAN_POINT('Origin',(21.3775,5.97345592052795,47.4305));
#10454=CARTESIAN_POINT('Origin',(21.05,3.495,47.5305));
#10455=CARTESIAN_POINT('',(22.75,3.495,47.4305));
#10456=CARTESIAN_POINT('Origin',(21.05,3.495,47.4305));
#10457=CARTESIAN_POINT('',(22.75,3.495,47.4305));
#10458=CARTESIAN_POINT('Origin',(22.65,-22.065,47.5305));
#10459=CARTESIAN_POINT('',(22.75,1.495,47.4305));
#10460=CARTESIAN_POINT('',(22.75,-22.065,47.4305));
#10461=CARTESIAN_POINT('',(22.75,1.495,47.4305));
#10462=CARTESIAN_POINT('Origin',(23.55,1.495,47.5305));
#10463=CARTESIAN_POINT('',(23.55,0.695000000000001,47.4305));
#10464=CARTESIAN_POINT('',(23.55,0.695000000000001,47.4305));
#10465=CARTESIAN_POINT('Origin',(23.55,1.495,47.4305));
#10466=CARTESIAN_POINT('Origin',(81.1141329410504,0.594999999999999,47.5305));
#10467=CARTESIAN_POINT('',(90.75,0.694999999999997,47.4305));
#10468=CARTESIAN_POINT('',(90.75,0.694999999999997,47.4305));
#10469=CARTESIAN_POINT('',(81.1141329410504,0.694999999999997,47.4305));
#10470=CARTESIAN_POINT('Origin',(90.75,1.495,47.5305));
#10471=CARTESIAN_POINT('',(91.55,1.495,47.4305));
#10472=CARTESIAN_POINT('',(91.55,1.495,47.4305));
#10473=CARTESIAN_POINT('Origin',(90.75,1.495,47.4305));
#10474=CARTESIAN_POINT('Origin',(91.65,-23.0625,47.5305));
#10475=CARTESIAN_POINT('',(91.55,3.49500000000001,47.4305));
#10476=CARTESIAN_POINT('',(91.55,-23.0625,47.4305));
#10477=CARTESIAN_POINT('',(91.55,3.49500000000001,47.4305));
#10478=CARTESIAN_POINT('Origin',(93.25,3.49500000000002,47.5305));
#10479=CARTESIAN_POINT('',(93.0273,5.180350025959,47.4305));
#10480=CARTESIAN_POINT('Origin',(93.25,3.49500000000002,47.4305));
#10481=CARTESIAN_POINT('',(93.0273,5.180350025959,47.4305));
#10482=CARTESIAN_POINT('Origin',(92.9225,5.97345592052795,47.5305));
#10483=CARTESIAN_POINT('',(93.4701470588236,5.3902898215802,47.4305));
#10484=CARTESIAN_POINT('',(93.4701470588236,5.3902898215802,47.4305));
#10485=CARTESIAN_POINT('Origin',(92.9225,5.97345592052795,47.4305));
#10486=CARTESIAN_POINT('Origin',(95.25,3.495,47.5305));
#10487=CARTESIAN_POINT('',(97.0298529411765,5.3902898215802,47.4305));
#10488=CARTESIAN_POINT('Origin',(95.25,3.495,47.4305));
#10489=CARTESIAN_POINT('',(97.0298529411765,5.3902898215802,47.4305));
#10490=CARTESIAN_POINT('Origin',(97.5775,5.97345592052795,47.5305));
#10491=CARTESIAN_POINT('',(97.4727,5.180350025959,47.4305));
#10492=CARTESIAN_POINT('',(97.4727,5.180350025959,47.4305));
#10493=CARTESIAN_POINT('Origin',(97.5775,5.97345592052795,47.4305));
#10494=CARTESIAN_POINT('Origin',(97.25,3.49500000000002,47.5305));
#10495=CARTESIAN_POINT('',(98.95,3.49500000000001,47.4305));
#10496=CARTESIAN_POINT('Origin',(97.25,3.49500000000002,47.4305));
#10497=CARTESIAN_POINT('',(98.95,3.49500000000001,47.4305));
#10498=CARTESIAN_POINT('Origin',(98.85,-22.065,47.5305));
#10499=CARTESIAN_POINT('',(98.95,1.495,47.4305));
#10500=CARTESIAN_POINT('',(98.95,-22.065,47.4305));
#10501=CARTESIAN_POINT('',(98.95,1.495,47.4305));
#10502=CARTESIAN_POINT('Origin',(99.75,1.495,47.5305));
#10503=CARTESIAN_POINT('',(99.75,0.694999999999997,47.4305));
#10504=CARTESIAN_POINT('',(99.75,0.694999999999997,47.4305));
#10505=CARTESIAN_POINT('Origin',(99.75,1.495,47.4305));
#10506=CARTESIAN_POINT('Origin',(81.1141329410504,0.594999999999999,47.5305));
#10507=CARTESIAN_POINT('',(108.619722586828,0.694999999999997,47.4305));
#10508=CARTESIAN_POINT('',(108.619722586828,0.694999999999997,47.4305));
#10509=CARTESIAN_POINT('',(81.1141329410504,0.694999999999997,47.4305));
#10510=CARTESIAN_POINT('Origin',(108.619722586828,2.095,47.5305));
#10511=CARTESIAN_POINT('',(109.60967208049,1.10505050633884,47.4305));
#10512=CARTESIAN_POINT('',(109.60967208049,1.10505050633884,47.4305));
#10513=CARTESIAN_POINT('Origin',(108.619722586828,2.095,47.4305));
#10514=CARTESIAN_POINT('Origin',(104.244408639918,-4.4016342904698,47.5305));
#10515=CARTESIAN_POINT('',(113.672413780286,5.16779220613578,47.4305));
#10516=CARTESIAN_POINT('',(113.672413780286,5.16779220613578,47.4305));
#10517=CARTESIAN_POINT('',(104.1736979618,-4.33092361235115,47.4305));
#10518=CARTESIAN_POINT('Origin',(114.945205986422,3.895,47.5305));
#10519=CARTESIAN_POINT('',(115.769827111546,5.495,47.4305));
#10520=CARTESIAN_POINT('Origin',(114.945205986422,3.895,47.4305));
#10521=CARTESIAN_POINT('Ctrl Pts',(114.945205986422,5.495,47.6305));
#10522=CARTESIAN_POINT('Ctrl Pts',(115.33326298648,5.495,47.6305));
#10523=CARTESIAN_POINT('Ctrl Pts',(115.769827111546,5.495,47.4305));
#10524=CARTESIAN_POINT('Origin',(115.089360056186,5.495,41.6));
#10525=CARTESIAN_POINT('',(123.6175,5.495,47.4305));
#10526=CARTESIAN_POINT('',(121.838430028093,5.495,47.4305));
#10527=CARTESIAN_POINT('',(123.6175,5.495,44.6572999999999));
#10528=CARTESIAN_POINT('',(121.838430028093,5.495,47.4305));
#10529=CARTESIAN_POINT('Origin',(123.6175,8.495,47.7146));
#10530=CARTESIAN_POINT('',(123.6175,6.99500000000001,47.4305));
#10531=CARTESIAN_POINT('',(123.6175,-19.565,47.4305));
#10532=CARTESIAN_POINT('',(123.6175,6.995,47.5723000000001));
#10533=CARTESIAN_POINT('Origin',(128.5875,6.995,47.43));
#10534=CARTESIAN_POINT('',(121.0875,6.995,47.4305));
#10535=CARTESIAN_POINT('',(128.5875,6.99500000000001,47.4305));
#10536=CARTESIAN_POINT('',(121.0875,6.995,49.18));
#10537=CARTESIAN_POINT('',(128.5875,6.99500000000001,47.4305));
#10538=CARTESIAN_POINT('Origin',(121.0875,8.495,50.93));
#10539=CARTESIAN_POINT('',(121.0875,-19.565,47.4305));
#10540=CARTESIAN_POINT('Origin',(197.12875,8.245,47.6805));
#10541=CARTESIAN_POINT('',(-3.49500000000003,7.995,47.4305));
#10542=CARTESIAN_POINT('',(197.12875,7.995,47.4305));
#10543=CARTESIAN_POINT('',(-3.49500000000003,7.995,47.4305));
#10544=CARTESIAN_POINT('Origin',(-3.49500000000001,3.495,47.6805));
#10545=CARTESIAN_POINT('',(-7.99500000000001,3.495,47.4305));
#10546=CARTESIAN_POINT('',(-7.99500000000001,3.495,47.4305));
#10547=CARTESIAN_POINT('Origin',(-3.49500000000001,3.495,47.4305));
#10548=CARTESIAN_POINT('Origin',(-8.245,-19.565,47.6805));
#10549=CARTESIAN_POINT('',(-7.995,-19.565,47.4305));
#10550=CARTESIAN_POINT('Origin',(60.04625,-18.6777776202742,52.4304986343384));
#10551=CARTESIAN_POINT('',(-5.495,-18.6777776202742,47.4304986343384));
#10552=CARTESIAN_POINT('',(60.04625,-18.6777776202742,47.4304986343384));
#10553=CARTESIAN_POINT('Origin',(-5.495,-18.6777776202742,52.4304986343384));
#10554=CARTESIAN_POINT('Origin',(-5.495,-47.625,53.52525));
#10555=CARTESIAN_POINT('',(-5.495,-76.5722223797258,47.4304986343384));
#10556=CARTESIAN_POINT('',(-5.495,-47.625,47.4304986343384));
#10557=CARTESIAN_POINT('Origin',(-5.495,-76.5722223797258,52.4304986343384));
#10558=CARTESIAN_POINT('Origin',(60.04625,-76.5722223797258,52.4304986343384));
#10559=CARTESIAN_POINT('',(60.04625,-76.5722223797258,47.4304986343384));
#10560=CARTESIAN_POINT('Origin',(-8.245,-19.565,47.6805));
#10561=CARTESIAN_POINT('',(-7.995,-98.745,47.4305));
#10562=CARTESIAN_POINT('',(-7.995,-19.565,47.4305));
#10563=CARTESIAN_POINT('',(-7.995,-98.745,47.4305));
#10564=CARTESIAN_POINT('Origin',(-3.495,-98.745,47.6805));
#10565=CARTESIAN_POINT('',(-3.495,-103.245,47.4305));
#10566=CARTESIAN_POINT('',(-3.495,-103.245,47.4305));
#10567=CARTESIAN_POINT('Origin',(-3.495,-98.745,47.4305));
#10568=CARTESIAN_POINT('Origin',(60.04625,-103.495,47.6805));
#10569=CARTESIAN_POINT('',(260.67,-103.245,47.4305));
#10570=CARTESIAN_POINT('',(260.67,-103.245,47.4305));
#10571=CARTESIAN_POINT('',(60.04625,-103.245,47.4305));
#10572=CARTESIAN_POINT('Origin',(265.42,-28.125001024246,41.4305));
#10573=CARTESIAN_POINT('',(265.67,-21.6096745387482,49.0167059547161));
#10574=CARTESIAN_POINT('',(265.17,-21.9354408630231,48.6373956569803));
#10575=CARTESIAN_POINT('',(265.67,-28.125001024246,51.4305));
#10576=CARTESIAN_POINT('Origin',(265.67,-28.125001024246,41.4305));
#10577=CARTESIAN_POINT('',(265.17,-28.125001024246,50.9305));
#10578=CARTESIAN_POINT('Origin',(260.67,-98.745,41.6));
#10579=CARTESIAN_POINT('',(265.67,-98.745,47.9305));
#10580=CARTESIAN_POINT('Origin',(260.67,-98.745,47.9305));
#10581=CARTESIAN_POINT('',(265.67,-98.745,47.72));
#10582=CARTESIAN_POINT('Origin',(264.92,-75.685,59.87));
#10583=CARTESIAN_POINT('',(265.67,-75.685,59.12));
#10584=CARTESIAN_POINT('Origin',(260.67,3.495,41.6));
#10585=CARTESIAN_POINT('',(265.67,3.495,47.72));
#10586=CARTESIAN_POINT('Origin',(265.42,-75.685,47.6805));
#10587=CARTESIAN_POINT('',(265.67,-18.6777776202742,47.9305));
#10588=CARTESIAN_POINT('',(265.419999317169,-18.6777776202742,47.6804993171694));
#10589=CARTESIAN_POINT('',(265.17,-75.685,47.4305));
#10590=CARTESIAN_POINT('',(265.67,-75.685,47.9305));
#10591=CARTESIAN_POINT('Origin',(265.42,-18.6777776202742,52.4304986343384));
#10592=CARTESIAN_POINT('Origin',(265.67,-18.6777776202742,52.4304986343384));
#10593=CARTESIAN_POINT('Origin',(265.42,-85.434999487877,51.1805));
#10594=CARTESIAN_POINT('',(265.67,-67.124998975754,51.4305));
#10595=CARTESIAN_POINT('',(265.67,-85.434999487877,51.4305));
#10596=CARTESIAN_POINT('',(265.17,-67.124998975754,50.9305));
#10597=CARTESIAN_POINT('Origin',(265.67,-67.124998975754,41.4305));
#10598=CARTESIAN_POINT('Origin',(265.17,-67.124998975754,41.4305));
#10599=CARTESIAN_POINT('',(262.67,-73.3145591369769,48.6373956569803));
#10600=CARTESIAN_POINT('',(265.67,-73.3145591369769,48.6373956569803));
#10601=CARTESIAN_POINT('Origin',(262.67,-67.124998975754,41.4305));
#10602=CARTESIAN_POINT('Origin',(262.67,-47.625,53.2752493171692));
#10603=CARTESIAN_POINT('',(262.67,-76.5722223797259,47.4304986343384));
#10604=CARTESIAN_POINT('Origin',(262.67,-76.5722223797259,52.4304986343386));
#10605=CARTESIAN_POINT('',(262.67,-47.625,47.4304986343384));
#10606=CARTESIAN_POINT('Origin',(128.5875,-47.625,47.4304986343384));
#10607=CARTESIAN_POINT('',(265.67,-76.5722223797259,47.4304986343384));
#10608=CARTESIAN_POINT('',(265.17,-98.745,47.4305));
#10609=CARTESIAN_POINT('',(265.17,-75.685,47.4305));
#10610=CARTESIAN_POINT('Origin',(260.67,-98.745,47.4305));
#10611=CARTESIAN_POINT('Origin',(260.67,-98.745,47.6805));
#10612=CARTESIAN_POINT('',(265.17,-98.745,47.4305));
#10613=CARTESIAN_POINT('Origin',(265.67,-103.745,41.6));
#10614=CARTESIAN_POINT('',(265.67,-75.685,47.9305));
#10615=CARTESIAN_POINT('Origin',(265.67,-67.124998975754,41.4305));
#10616=CARTESIAN_POINT('Origin',(265.42,-67.124998975754,41.4305));
#10617=CARTESIAN_POINT('Origin',(265.67,-76.5722223797259,52.4304986343386));
#10618=CARTESIAN_POINT('Origin',(265.42,-75.685,47.6805));
#10619=UNCERTAINTY_MEASURE_WITH_UNIT(LENGTH_MEASURE(0.01),#10623,
'DISTANCE_ACCURACY_VALUE',
'Maximum model space distance between geometric entities at asserted c
onnectivities');
#10620=UNCERTAINTY_MEASURE_WITH_UNIT(LENGTH_MEASURE(0.01),#10623,
'DISTANCE_ACCURACY_VALUE',
'Maximum model space distance between geometric entities at asserted c
onnectivities');
#10621=(
GEOMETRIC_REPRESENTATION_CONTEXT(3)
GLOBAL_UNCERTAINTY_ASSIGNED_CONTEXT((#10619))
GLOBAL_UNIT_ASSIGNED_CONTEXT((#10623,#10624,#10625))
REPRESENTATION_CONTEXT('','3D')
);
#10622=(
GEOMETRIC_REPRESENTATION_CONTEXT(3)
GLOBAL_UNCERTAINTY_ASSIGNED_CONTEXT((#10620))
GLOBAL_UNIT_ASSIGNED_CONTEXT((#10623,#10624,#10625))
REPRESENTATION_CONTEXT('','3D')
);
#10623=(
LENGTH_UNIT()
NAMED_UNIT(*)
SI_UNIT(.MILLI.,.METRE.)
);
#10624=(
NAMED_UNIT(*)
PLANE_ANGLE_UNIT()
SI_UNIT($,.RADIAN.)
);
#10625=(
NAMED_UNIT(*)
SI_UNIT($,.STERADIAN.)
SOLID_ANGLE_UNIT()
);
#10626=SHAPE_DEFINITION_REPRESENTATION(#10627,#10628);
#10627=PRODUCT_DEFINITION_SHAPE('',$,#10630);
#10628=SHAPE_REPRESENTATION('',(#6157),#10621);
#10629=PRODUCT_DEFINITION_CONTEXT('part definition',#10634,'design');
#10630=PRODUCT_DEFINITION('laika v29','laika v29 v67',#10631,#10629);
#10631=PRODUCT_DEFINITION_FORMATION('',$,#10636);
#10632=PRODUCT_RELATED_PRODUCT_CATEGORY('laika v29 v67','laika v29 v67',
(#10636));
#10633=APPLICATION_PROTOCOL_DEFINITION('international standard',
'automotive_design',2009,#10634);
#10634=APPLICATION_CONTEXT(
'Core Data for Automotive Mechanical Design Process');
#10635=PRODUCT_CONTEXT('part definition',#10634,'mechanical');
#10636=PRODUCT('laika v29','laika v29 v67',$,(#10635));
#10637=PRESENTATION_STYLE_ASSIGNMENT((#10649));
#10638=PRESENTATION_STYLE_ASSIGNMENT((#10650));
#10639=PRESENTATION_STYLE_ASSIGNMENT((#10651));
#10640=PRESENTATION_STYLE_ASSIGNMENT((#10652));
#10641=PRESENTATION_STYLE_ASSIGNMENT((#10653));
#10642=PRESENTATION_STYLE_ASSIGNMENT((#10654));
#10643=PRESENTATION_STYLE_ASSIGNMENT((#10655));
#10644=PRESENTATION_STYLE_ASSIGNMENT((#10656));
#10645=PRESENTATION_STYLE_ASSIGNMENT((#10657));
#10646=PRESENTATION_STYLE_ASSIGNMENT((#10658));
#10647=PRESENTATION_STYLE_ASSIGNMENT((#10659));
#10648=PRESENTATION_STYLE_ASSIGNMENT((#10660));
#10649=SURFACE_STYLE_USAGE(.BOTH.,#10661);
#10650=SURFACE_STYLE_USAGE(.BOTH.,#10662);
#10651=SURFACE_STYLE_USAGE(.BOTH.,#10663);
#10652=SURFACE_STYLE_USAGE(.BOTH.,#10664);
#10653=SURFACE_STYLE_USAGE(.BOTH.,#10665);
#10654=SURFACE_STYLE_USAGE(.BOTH.,#10666);
#10655=SURFACE_STYLE_USAGE(.BOTH.,#10667);
#10656=SURFACE_STYLE_USAGE(.BOTH.,#10668);
#10657=SURFACE_STYLE_USAGE(.BOTH.,#10669);
#10658=SURFACE_STYLE_USAGE(.BOTH.,#10670);
#10659=SURFACE_STYLE_USAGE(.BOTH.,#10671);
#10660=SURFACE_STYLE_USAGE(.BOTH.,#10672);
#10661=SURFACE_SIDE_STYLE('',(#10673));
#10662=SURFACE_SIDE_STYLE('',(#10674));
#10663=SURFACE_SIDE_STYLE('',(#10675));
#10664=SURFACE_SIDE_STYLE('',(#10676));
#10665=SURFACE_SIDE_STYLE('',(#10677));
#10666=SURFACE_SIDE_STYLE('',(#10678));
#10667=SURFACE_SIDE_STYLE('',(#10679));
#10668=SURFACE_SIDE_STYLE('',(#10680));
#10669=SURFACE_SIDE_STYLE('',(#10681));
#10670=SURFACE_SIDE_STYLE('',(#10682));
#10671=SURFACE_SIDE_STYLE('',(#10683));
#10672=SURFACE_SIDE_STYLE('',(#10684));
#10673=SURFACE_STYLE_FILL_AREA(#10685);
#10674=SURFACE_STYLE_FILL_AREA(#10686);
#10675=SURFACE_STYLE_FILL_AREA(#10687);
#10676=SURFACE_STYLE_FILL_AREA(#10688);
#10677=SURFACE_STYLE_FILL_AREA(#10689);
#10678=SURFACE_STYLE_FILL_AREA(#10690);
#10679=SURFACE_STYLE_FILL_AREA(#10691);
#10680=SURFACE_STYLE_FILL_AREA(#10692);
#10681=SURFACE_STYLE_FILL_AREA(#10693);
#10682=SURFACE_STYLE_FILL_AREA(#10694);
#10683=SURFACE_STYLE_FILL_AREA(#10695);
#10684=SURFACE_STYLE_FILL_AREA(#10696);
#10685=FILL_AREA_STYLE('Steel - Satin',(#10697));
#10686=FILL_AREA_STYLE('Aluminum - Polished',(#10698));
#10687=FILL_AREA_STYLE('Opaque(190,190,190)',(#10699));
#10688=FILL_AREA_STYLE('Opaque(64,64,64)',(#10700));
#10689=FILL_AREA_STYLE('Opaque(154,24,18)',(#10701));
#10690=FILL_AREA_STYLE('Opaque(37,36,36)',(#10702));
#10691=FILL_AREA_STYLE('Aluminum - Anodized Glossy (Red)',(#10703));
#10692=FILL_AREA_STYLE('Brass - Polished',(#10704));
#10693=FILL_AREA_STYLE('Brass - Matte (1)',(#10705));
#10694=FILL_AREA_STYLE('Brass - Matte',(#10706));
#10695=FILL_AREA_STYLE('Steel - Satin',(#10707));
#10696=FILL_AREA_STYLE('Opaque(210,209,199)',(#10708));
#10697=FILL_AREA_STYLE_COLOUR('Steel - Satin',#10709);
#10698=FILL_AREA_STYLE_COLOUR('Aluminum - Polished',#10710);
#10699=FILL_AREA_STYLE_COLOUR('Opaque(190,190,190)',#10711);
#10700=FILL_AREA_STYLE_COLOUR('Opaque(64,64,64)',#10712);
#10701=FILL_AREA_STYLE_COLOUR('Opaque(154,24,18)',#10713);
#10702=FILL_AREA_STYLE_COLOUR('Opaque(37,36,36)',#10714);
#10703=FILL_AREA_STYLE_COLOUR('Aluminum - Anodized Glossy (Red)',#10715);
#10704=FILL_AREA_STYLE_COLOUR('Brass - Polished',#10716);
#10705=FILL_AREA_STYLE_COLOUR('Brass - Matte (1)',#10717);
#10706=FILL_AREA_STYLE_COLOUR('Brass - Matte',#10718);
#10707=FILL_AREA_STYLE_COLOUR('Steel - Satin',#10719);
#10708=FILL_AREA_STYLE_COLOUR('Opaque(210,209,199)',#10720);
#10709=COLOUR_RGB('Steel - Satin',0.627450980392157,0.627450980392157,0.627450980392157);
#10710=COLOUR_RGB('Aluminum - Polished',0.96078431372549,0.96078431372549,
0.964705882352941);
#10711=COLOUR_RGB('Opaque(190,190,190)',0.745098039215686,0.745098039215686,
0.745098039215686);
#10712=COLOUR_RGB('Opaque(64,64,64)',0.250980392156863,0.250980392156863,
0.250980392156863);
#10713=COLOUR_RGB('Opaque(154,24,18)',0.603921568627451,0.0941176470588235,
0.0705882352941176);
#10714=COLOUR_RGB('Opaque(37,36,36)',0.145098039215686,0.141176470588235,
0.141176470588235);
#10715=COLOUR_RGB('Aluminum - Anodized Glossy (Red)',0.0941176470588235,
0.431372549019608,0.392156862745098);
#10716=COLOUR_RGB('Brass - Polished',0.952941176470588,0.796078431372549,
0.486274509803922);
#10717=COLOUR_RGB('Brass - Matte (1)',0.952941176470588,0.796078431372549,
0.486274509803922);
#10718=COLOUR_RGB('Brass - Matte',0.952941176470588,0.796078431372549,0.486274509803922);
#10719=COLOUR_RGB('Steel - Satin',0.627450980392157,0.627450980392157,0.627450980392157);
#10720=COLOUR_RGB('Opaque(210,209,199)',0.823529411764706,0.819607843137255,
0.780392156862745);
ENDSEC;
END-ISO-10303-21;
